"Istituto Principale";Scuola;"Tipo Istituto";"Tipo Gestione";Dirigente;Direttore;"Coordinatore Pedagogico";Indirizzo;Comune;Telefono;Fax;"Email istituto";"Email dirigenza";"Email segreteria";"Sito web";"Codice MIUR"
"ASSOCIAZIONE RUDOLF STEINER PER LA PEDAGOGIA APS - ROVERETO";"Asilo Colle Fiorito";;Paritaria/equiparata;;;;"Via Stazione Mori, 10 38068";ROVERETO;"0464 434899";;;;;;
"Circolo di coordinamento n. 4";"Scuola dell'Infanzia di Cimone ""Mamma Teresa""";;"A carattere statale/provinciale";;;"RITA FERENZENA";"Frazione Petrolli, 37 38060";CIMONE;0461/855216;0461/496950;scuolainfanzia.cimone@scuole.provincia.tn.it;;circolo.coordinamento04@provincia.tn.it;;
"Circolo di coordinamento n. 4";"Scuola dell'Infanzia di Trento  ""Torrione""";;"A carattere statale/provinciale";;;"RITA FERENZENA";"Via Al Torrione, 10 38122";TRENTO;0461/232554;0461/496950;scuolainfanzia.torrione@scuole.provincia.tn.it;;circolo.coordinamento04@provincia.tn.it;;
"Circolo di coordinamento n. 4";"Scuola dell'Infanzia di Trento  Mattarello  ""Il Castello""";;"A carattere statale/provinciale";;;"RITA FERENZENA";"Via Del Castel, 1/A 38123";TRENTO;0461/945095;0461/496950;scuolainfanzia.mattarello@scuole.provincia.tn.it;;circolo.coordinamento04@provincia.tn.it;;
"Scuola dell'infanzia di Vigo di Fassa";"Scuola dell'Infanzia di Vigo di Fassa";;Paritaria/equiparata;;;"SARA DE ZOLT";"Strada Giuseppe Soraperra - Pozza di Fassa, 4 38036";"SAN GIOVANNI DI FASSA - SEN JAN";0462-763194;;vigo.fassa.presidente@fpsm.tn.it;;vigo.fassa.segretario@fpsm.tn.it;;
"Scuola dell'infanzia di Vigo di Ton";;"Scuola dell'infanzia";Paritaria/equiparata;;;"ELENA RICCI";"Piazza Guardi, 7 38010";TON;0461-657897;;vigo.ton.segretario@fpsm.tn.it;;vigo.ton.segretario@fpsm.tn.it;;
"Scuola dell'infanzia di Vigo di Ton";"Scuola dell'Infanzia di Vigo di Ton";;Paritaria/equiparata;;;"ELENA RICCI";"Piazza Guardi, 7 38010";TON;0461-657897;;vigo.ton.segretario@fpsm.tn.it;;vigo.ton.segretario@fpsm.tn.it;;
"Scuola dell'infanzia di Villamontagna";;"Scuola dell'infanzia";Paritaria/equiparata;;;"CARMEN FATTORI";"Via dei Carli, 16 38121";TRENTO;0461-209045;;villamontagna.segretario@fpsm.tn.it;;villamontagna.segretario@fpsm.tn.it;;
"Scuola dell'infanzia di Villamontagna";"Scuola dell'Infanzia di Villamontagna";;Paritaria/equiparata;;;"CARMEN FATTORI";"Via dei Carli, 16 38121";TRENTO;0461-209045;;villamontagna.segretario@fpsm.tn.it;;villamontagna.segretario@fpsm.tn.it;;
"Scuola dell'infanzia di Villazzano";;"Scuola dell'infanzia";Paritaria/equiparata;;;"IVANA LEONARDELLI";"Via Giordano, 15 38123";TRENTO;0461-920382;;villazzano.segretario@fpsm.tn.it;;villazzano.segretario@fpsm.tn.it;;
"Scuola dell'infanzia di Volano";;"Scuola dell'infanzia";Paritaria/equiparata;;;"SILVANO MEDVES";"Via S Maria, 13 38060";VOLANO;0464-411516;;volano.segretario@fpsm.tn.it;;volano.segretario@fpsm.tn.it;;
"Scuola dell'infanzia di Volano";"Scuola dell'Infanzia di Volano";;Paritaria/equiparata;;;"SILVANO MEDVES";"Via S Maria, 13 38060";VOLANO;0464-411516;;volano.segretario@fpsm.tn.it;;volano.segretario@fpsm.tn.it;;
"Scuola dell'infanzia di Aldeno";"Scuola dell'Infanzia di Aldeno";;Paritaria/equiparata;;;"SANDRA CIAPPI";"Via XXV Aprile, 5 38060";ALDENO;0461-842597;;aldeno.presidente@fpsm.tn.it;;aldeno.segretario@fpsm.tn.it;;
"Scuola dell'infanzia di Andalo";;"Scuola dell'infanzia";Paritaria/equiparata;;;"ELENA RICCI";"Via Paganella, 5 38010";ANDALO;0461-585898;;andalo.presidente@fpsm.tn.it;;andalo.segretario@fpsm.tn.it;;
"Scuola dell'infanzia di Andalo";"Scuola dell'Infanzia di Andalo";;Paritaria/equiparata;;;"ELENA RICCI";"Via Paganella, 5 38010";ANDALO;0461-585898;;andalo.presidente@fpsm.tn.it;;andalo.segretario@fpsm.tn.it;;
"Scuola dell'infanzia di Arco";;"Scuola dell'infanzia";Paritaria/equiparata;;;"GIANNA ANGELI";"Viale Capitelli, 16 38062";ARCO;0464-516369;;arco.segretario@fpsm.tn.it;;arco.segretario@fpsm.tn.it;;
"Scuola dell'infanzia di Arco";"Scuola dell'Infanzia di Arco";;Paritaria/equiparata;;;"GIANNA ANGELI";"Viale Capitelli, 16 38062";ARCO;0464-516369;;arco.segretario@fpsm.tn.it;;arco.segretario@fpsm.tn.it;;
"Scuola dell'infanzia di Avio";;"Scuola dell'infanzia";Paritaria/equiparata;;;"FRANCESCA VARESCHI";"Via Dante, 5 38063";AVIO;0464-684102;;avio.presidente@fpsm.tn.it;;avio.segretario@fpsm.tn.it;;
"Scuola dell'infanzia di Avio";"Scuola dell'Infanzia di Avio";;Paritaria/equiparata;;;"FRANCESCA VARESCHI";"Via Dante, 5 38063";AVIO;0464-684102;;avio.presidente@fpsm.tn.it;;avio.segretario@fpsm.tn.it;;
"Scuola dell'infanzia di Barco di Levico";;"Scuola dell'infanzia";Paritaria/equiparata;;;"MARIANGELA SIMONCINI";"Via di S Taddeo, 8 38056";"LEVICO TERME";0461-707295;;barco.presidente@fpsm.tn.it;;barco.segretario@fpsm.tn.it;;
"Scuola dell'infanzia di Barco di Levico";"Scuola dell'Infanzia di Barco di Levico";;Paritaria/equiparata;;;"MARIANGELA SIMONCINI";"Via di S Taddeo, 8 38056";"LEVICO TERME";0461-707295;;barco.presidente@fpsm.tn.it;;barco.segretario@fpsm.tn.it;;
"Scuola dell'infanzia di Bolognano";;"Scuola dell'infanzia";Paritaria/equiparata;;;"GIANNA ANGELI";"Piazza Vittoria, 1 38062";ARCO;0464-516315;;bolognano.presidente@fpsm.tn.it;;bolognano.segretario@fpsm.tn.it;;
"Scuola dell'infanzia di Bolognano";"Scuola dell'Infanzia di Bolognano";;Paritaria/equiparata;;;"GIANNA ANGELI";"Piazza Vittoria, 1 38062";ARCO;0464-516315;;bolognano.presidente@fpsm.tn.it;;bolognano.segretario@fpsm.tn.it;;
"Scuola dell'infanzia di Borgo Sacco";;"Scuola dell'infanzia";Paritaria/equiparata;;;"ROBERTA MEDEGHINI";"Via Fedrigotti, 9 38068";ROVERETO;0464-430541;;borgo.sacco.presidente@fpsm.tn.it;;borgo.sacco.segretario@fpsm.tn.it;;
"Scuola dell'infanzia di Borgo Sacco";"Scuola dell'Infanzia di Borgo Sacco";;Paritaria/equiparata;;;"ROBERTA MEDEGHINI";"Via Fedrigotti, 9 38068";ROVERETO;0464-430541;;borgo.sacco.presidente@fpsm.tn.it;;borgo.sacco.segretario@fpsm.tn.it;;
"Scuola dell'infanzia di Borgo Valsugana";;"Scuola dell'infanzia";Paritaria/equiparata;;;"PAOLA SANGIORGI";"Piazza Romani, 8 38051";"BORGO VALSUGANA";0461-754771;;borgo.valsugana.presidente@fpsm.tn.it;;borgo.valsugana.segretario@fpsm.tn.it;;
"Scuola dell'infanzia di Borgo Valsugana";"Scuola dell'Infanzia di Borgo Valsugana";;Paritaria/equiparata;;;"PAOLA SANGIORGI";"Piazza Romani, 8 38051";"BORGO VALSUGANA";0461-754771;;borgo.valsugana.presidente@fpsm.tn.it;;borgo.valsugana.segretario@fpsm.tn.it;;
"Scuola dell'infanzia di Brentonico";;"Scuola dell'infanzia";Paritaria/equiparata;;;"FRANCESCA VARESCHI";"Via Mantova, 5 38060";BRENTONICO;0464-395628;;brentonico.segretario@fpsm.tn.it;;brentonico.segretario@fpsm.tn.it;;
"Scuola dell'infanzia di Brentonico";"Scuola dell'Infanzia di Brentonico";;Paritaria/equiparata;;;"FRANCESCA VARESCHI";"Via Mantova, 5 38060";BRENTONICO;0464-395628;;brentonico.segretario@fpsm.tn.it;;brentonico.segretario@fpsm.tn.it;;
"Scuola dell'infanzia di Calceranica";;"Scuola dell'infanzia";Paritaria/equiparata;;;"MARIANGELA SIMONCINI";"Via Cavour, 2 38050";"CALCERANICA AL LAGO";0461-723325;;calceranica.contabile@fpsm.tn.it;;calceranica.segretario@fpsm.tn.it;;
"Scuola dell'infanzia di Calceranica";"Scuola dell'Infanzia di Calceranica";;Paritaria/equiparata;;;"MARIANGELA SIMONCINI";"Via Cavour, 2 38050";"CALCERANICA AL LAGO";0461-723325;;calceranica.contabile@fpsm.tn.it;;calceranica.segretario@fpsm.tn.it;;
"Scuola dell'infanzia di Campitello di Fassa";;"Scuola dell'infanzia";Paritaria/equiparata;;;"SARA DE ZOLT";"Strèda sènc Felip e Giacum, 9 38031";"CAMPITELLO DI FASSA - CIAMPEDEL";0462-750470;;campitello.presidente@fpsm.tn.it;;campitello.segretario@fpsm.tn.it;;
"Scuola dell'infanzia di Campitello di Fassa";"Scuola dell'Infanzia di Campitello di Fassa";;Paritaria/equiparata;;;"SARA DE ZOLT";"Strèda sènc Felip e Giacum, 9 38031";"CAMPITELLO DI FASSA - CIAMPEDEL";0462-750470;;campitello.presidente@fpsm.tn.it;;campitello.segretario@fpsm.tn.it;;
"Scuola dell'infanzia di Campodenno";;"Scuola dell'infanzia";Paritaria/equiparata;;;"UTE PANCHER";"Via S Maurizio, 3 38010";CAMPODENNO;0461-655166;;campodenno.presidente@fpsm.tn.it;;campodenno.segretario@fpsm.tn.it;;
"Scuola dell'infanzia di Campodenno";"Scuola dell'Infanzia di Campodenno";;Paritaria/equiparata;;;"UTE PANCHER";"Via S Maurizio, 3 38010";CAMPODENNO;0461-655166;;campodenno.presidente@fpsm.tn.it;;campodenno.segretario@fpsm.tn.it;;
"Scuola dell'infanzia di Carano";;"Scuola dell'infanzia";Paritaria/equiparata;;;"TIZIANA CEOL";"Via Giovanelli, 40 38033";"VILLE DI FIEMME";0462-341759;;carano.presidente@fpsm.tn.it;;carano.segretario@fpsm.tn.it;;
"Scuola dell'infanzia di Nave San Rocco";"Scuola dell'Infanzia di Nave San Rocco";;Paritaria/equiparata;;;"PAMELA TOMASELLI";"Via IV Novembre, 34/A 38010";"TERRE D'ADIGE";0461-870656;;nave.presidente@fpsm.tn.it;;nave.segretario@fpsm.tn.it;;
"Scuola dell'infanzia di Nomi";;"Scuola dell'infanzia";Paritaria/equiparata;;;"ROBERTA MEDEGHINI";"Via Baroni Del Moll, 2 38060";NOMI;0464-835294;;nomi.segretario@fpsm.tn.it;;nomi.segretario@fpsm.tn.it;;
"Scuola dell'infanzia di Nomi";"Scuola dell'Infanzia di Nomi";;Paritaria/equiparata;;;"ROBERTA MEDEGHINI";"Via Baroni Del Moll, 2 38060";NOMI;0464-835294;;nomi.segretario@fpsm.tn.it;;nomi.segretario@fpsm.tn.it;;
"Scuola dell'infanzia di Padergnone";;"Scuola dell'infanzia";Paritaria/equiparata;;;"SANDRA CIAPPI";"Via alle Cime - Padergnone, 14 38070";VALLELAGHI;0461-864358;;padergnone.presidente@fpsm.tn.it;;padergnone.segretario@fpsm.tn.it;;
"Scuola dell'infanzia di Padergnone";"Scuola dell'Infanzia di Padergnone";;Paritaria/equiparata;;;"SANDRA CIAPPI";"Via alle Cime - Padergnone, 14 38070";VALLELAGHI;0461-864358;;padergnone.presidente@fpsm.tn.it;;padergnone.segretario@fpsm.tn.it;;
"Scuola dell'infanzia di Pedersano";;"Scuola dell'infanzia";Paritaria/equiparata;;;"ROBERTA MEDEGHINI";"Via S Antonio, 1 38060";"VILLA LAGARINA";0464-412151;;pedersano.presidente@fpsm.tn.it;;pedersano.segretario@fpsm.tn.it;;
"Scuola dell'infanzia di Pedersano";"Scuola dell'Infanzia di Pedersano";;Paritaria/equiparata;;;"ROBERTA MEDEGHINI";"Via S Antonio, 1 38060";"VILLA LAGARINA";0464-412151;;pedersano.presidente@fpsm.tn.it;;pedersano.segretario@fpsm.tn.it;;
"Scuola dell'infanzia di Pietramurata";;"Scuola dell'infanzia";Paritaria/equiparata;;;"GIANNA ANGELI";"Piazza Mercato, 11 38074";DRO;0464-507142;;pietramurata.presidente@fpsm.tn.it;;pietramurata.segretario@fpsm.tn.it;;
"Scuola dell'infanzia di Pietramurata";"Scuola dell'Infanzia di Pietramurata";;Paritaria/equiparata;;;"GIANNA ANGELI";"Piazza Mercato, 11 38074";DRO;0464-507142;;pietramurata.presidente@fpsm.tn.it;;pietramurata.segretario@fpsm.tn.it;;
"Scuola dell'infanzia di Pieve Tesino";;"Scuola dell'infanzia";Paritaria/equiparata;;;"DANIELA DALCASTAGNE'";"Via Fratelli Rizza', 14 38050";"PIEVE TESINO";0461-594733;;pieve.tesino.presidente@fpsm.tn.it;;pieve.tesino.segretario@fpsm.tn.it;;
"Scuola dell'infanzia di Pieve Tesino";"Scuola dell'Infanzia di Pieve Tesino";;Paritaria/equiparata;;;"DANIELA DALCASTAGNE'";"Via Fratelli Rizza', 14 38050";"PIEVE TESINO";0461-594733;;pieve.tesino.presidente@fpsm.tn.it;;pieve.tesino.segretario@fpsm.tn.it;;
"Scuola dell'infanzia di Pieve di Bono";;"Scuola dell'infanzia";Paritaria/equiparata;;;"ALESSANDRA POMILIO";"Via Fiera - Creto - Pieve di Bono, 9/B 38085";"PIEVE DI BONO-PREZZO";0465-674083;;pieve.bono.presidente@fpsm.tn.it;;pieve.bono.segretario@fpsm.tn.it;;
"Scuola dell'infanzia di Pieve di Bono";"Scuola dell'Infanzia di Pieve di Bono";;Paritaria/equiparata;;;"ALESSANDRA POMILIO";"Via Fiera - Creto - Pieve di Bono, 9/B 38085";"PIEVE DI BONO-PREZZO";0465-674083;;pieve.bono.presidente@fpsm.tn.it;;pieve.bono.segretario@fpsm.tn.it;;
"Scuola dell'infanzia di Pilcante";;"Scuola dell'infanzia";Paritaria/equiparata;;;"FRANCESCA VARESCHI";"Piazza Vittorio Veneto - Pilcante, 19 38061";ALA;0464-672588;;pilcante.presidente@fpsm.tn.it;;pilcante.segretario@fpsm.tn.it;;
"Scuola dell'infanzia di Pilcante";"Scuola dell'Infanzia di Pilcante";;Paritaria/equiparata;;;"FRANCESCA VARESCHI";"Piazza Vittorio Veneto - Pilcante, 19 38061";ALA;0464-672588;;pilcante.presidente@fpsm.tn.it;;pilcante.segretario@fpsm.tn.it;;
"Scuola dell'infanzia di Pinzolo";;"Scuola dell'infanzia";Paritaria/equiparata;;;"ALESSANDRA POMILIO";"Via Al Sole, 43 38086";PINZOLO;0465-501019;;pinzolo.presidente@fpsm.tn.it;;pinzolo.segretario@fpsm.tn.it;;
"Scuola dell'infanzia di Pinzolo";"Scuola dell'Infanzia di Pinzolo";;Paritaria/equiparata;;;"ALESSANDRA POMILIO";"Via Al Sole, 43 38086";PINZOLO;0465-501019;;pinzolo.presidente@fpsm.tn.it;;pinzolo.segretario@fpsm.tn.it;;
"Scuola dell'infanzia di Ponte Arche";;"Scuola dell'infanzia";Paritaria/equiparata;;;"LORENZO SANTORUM";"Via S Giovanni Bosco - Ponte Arche - Bleggio Inferiore, 7 38070";"COMANO TERME";0465-702422;;ponte.arche.presidente@fpsm.tn.it;;ponte.arche.segretario@fpsm.tn.it;;
"Scuola dell'infanzia di Ponte Arche";"Scuola dell'Infanzia di Ponte Arche";;Paritaria/equiparata;;;"LORENZO SANTORUM";"Via S Giovanni Bosco - Ponte Arche - Bleggio Inferiore, 7 38070";"COMANO TERME";0465-702422;;ponte.arche.presidente@fpsm.tn.it;;ponte.arche.segretario@fpsm.tn.it;;
"Scuola dell'infanzia di Povo";;"Scuola dell'infanzia";Paritaria/equiparata;;;"IVANA LEONARDELLI";"Via Pante', 1 38123";TRENTO;0461-810049;;povo.presidente@fpsm.tn.it;;povo.segretario@fpsm.tn.it;;
"Scuola dell'infanzia di Povo";"Scuola dell'Infanzia di Povo";;Paritaria/equiparata;;;"IVANA LEONARDELLI";"Via Pante', 1 38123";TRENTO;0461-810049;;povo.presidente@fpsm.tn.it;;povo.segretario@fpsm.tn.it;;
"Scuola dell'infanzia di Pozza di Trambileno";;"Scuola dell'infanzia";Paritaria/equiparata;;;"ROBERTA MEDEGHINI";"Frazione Vanza, 50 38068";TRAMBILENO;0464-868074;;trambileno.presidente@fpsm.tn.it;;trambileno.segretario@fpsm.tn.it;;
"Scuola dell'infanzia di Pozza di Trambileno";"Scuola dell'Infanzia di Pozza di Trambileno";;Paritaria/equiparata;;;"ROBERTA MEDEGHINI";"Frazione Vanza, 50 38068";TRAMBILENO;0464-868074;;trambileno.presidente@fpsm.tn.it;;trambileno.segretario@fpsm.tn.it;;
"Scuola dell'infanzia di Pressano";;"Scuola dell'infanzia";Paritaria/equiparata;;;"PAMELA TOMASELLI";"Via Pilati, 16 38015";LAVIS;0461-240394;;pressano.presidente@fpsm.tn.it;;pressano.segretario@fpsm.tn.it;;
"Scuola dell'infanzia di Pressano";"Scuola dell'Infanzia di Pressano";;Paritaria/equiparata;;;"PAMELA TOMASELLI";"Via Pilati, 16 38015";LAVIS;0461-240394;;pressano.presidente@fpsm.tn.it;;pressano.segretario@fpsm.tn.it;;
"Scuola dell'infanzia di Quadra - Cavrasto";;"Scuola dell'infanzia";Paritaria/equiparata;;;"LORENZO SANTORUM";"Frazione Larido, 10 38071";"BLEGGIO SUPERIORE";0465-779575;;quadra.cavrasto.presidente@fpsm.tn.it;;quadra.cavrasto.segretario@fpsm.tn.it;;
"Scuola dell'infanzia di Quadra - Cavrasto";"Scuola dell'Infanzia di Quadra - Cavrasto";;Paritaria/equiparata;;;"LORENZO SANTORUM";"Frazione Larido, 10 38071";"BLEGGIO SUPERIORE";0465-779575;;quadra.cavrasto.presidente@fpsm.tn.it;;quadra.cavrasto.segretario@fpsm.tn.it;;
"Scuola dell'infanzia di Riva ""Degasperi""";;"Scuola dell'infanzia";Paritaria/equiparata;;;"LUISA FONTANARI";"Largo Caduti delle Foibe, 2 38066";"RIVA DEL GARDA";0464-553578;;riva.rione.presidente@fpsm.tn.it;;riva.rione.segretario@fpsm.tn.it;;
"Scuola dell'infanzia di Riva ""Degasperi""";"Scuola dell'Infanzia di Riva  ""Degasperi""";;Paritaria/equiparata;;;"LUISA FONTANARI";"Largo Caduti delle Foibe, 2 38066";"RIVA DEL GARDA";0464-553578;;riva.rione.presidente@fpsm.tn.it;;riva.rione.segretario@fpsm.tn.it;;
"Scuola dell'infanzia di Riva del Garda  ""S. Alessandro""";;"Scuola dell'infanzia";Paritaria/equiparata;;;"LUISA FONTANARI";"Via S Alessandro, 10 38066";"RIVA DEL GARDA";0464-554051;;s.alessandro.presidente@fpsm.tn.it;;s.alessandro.segretario@fpsm.tn.it;;
"Scuola dell'infanzia di Riva del Garda  ""S. Alessandro""";"Scuola dell'Infanzia di Riva del Garda  ""S. Alessandro""";;Paritaria/equiparata;;;"LUISA FONTANARI";"Via S Alessandro, 10 38066";"RIVA DEL GARDA";0464-554051;;s.alessandro.presidente@fpsm.tn.it;;s.alessandro.segretario@fpsm.tn.it;;
"Scuola dell'infanzia di Roncegno";;"Scuola dell'infanzia";Paritaria/equiparata;;;"PAOLA SANGIORGI";"Via Baldessari, 15 38050";"RONCEGNO TERME";0461-764199;;roncegno.presidente@fpsm.tn.it;;roncegno.segretario@fpsm.tn.it;;
"Scuola dell'infanzia di Roncegno";"Scuola dell'Infanzia di Roncegno";;Paritaria/equiparata;;;"PAOLA SANGIORGI";"Via Baldessari, 15 38050";"RONCEGNO TERME";0461-764199;;roncegno.presidente@fpsm.tn.it;;roncegno.segretario@fpsm.tn.it;;
"Scuola dell'infanzia di Ronchi Valsugana";;"Scuola dell'infanzia";Paritaria/equiparata;;;"PAOLA SANGIORGI";"Via Marchi, 14 38050";"RONCHI VALSUGANA";0461-773197;;ronchi.valsugana.presidente@fpsm.tn.it;;ronchi.valsugana.segretario@fpsm.tn.it;;
"Scuola dell'infanzia di Ronchi Valsugana";"Scuola dell'Infanzia di Ronchi Valsugana";;Paritaria/equiparata;;;"PAOLA SANGIORGI";"Via Marchi, 14 38050";"RONCHI VALSUGANA";0461-773197;;ronchi.valsugana.presidente@fpsm.tn.it;;ronchi.valsugana.segretario@fpsm.tn.it;;
"Scuola dell'infanzia di Telve";;"Scuola dell'infanzia";Paritaria/equiparata;;;"PAOLA SANGIORGI";"Via Paradiso, 1 38050";TELVE;0461-766315;;telve.presidente@fpsm.tn.it;;telve.segretario@fpsm.tn.it;;
"Scuola dell'infanzia di Telve";"Scuola dell'Infanzia di Telve";;Paritaria/equiparata;;;"PAOLA SANGIORGI";"Via Paradiso, 1 38050";TELVE;0461-766315;;telve.presidente@fpsm.tn.it;;telve.segretario@fpsm.tn.it;;
"Scuola dell'infanzia di Tenno";;"Scuola dell'infanzia";Paritaria/equiparata;;;"LUISA FONTANARI";"Via Brocchetti, 53 38060";TENNO;0464-503034;;tenno.presidente@fpsm.tn.it;;tenno.segretario@fpsm.tn.it;;
"Scuola dell'infanzia di Tenno";"Scuola dell'Infanzia di Tenno";;Paritaria/equiparata;;;"LUISA FONTANARI";"Via Brocchetti, 53 38060";TENNO;0464-503034;;tenno.presidente@fpsm.tn.it;;tenno.segretario@fpsm.tn.it;;
"Scuola dell'infanzia di Tezze Valsugana";;"Scuola dell'infanzia";Paritaria/equiparata;;;"DANIELA DALCASTAGNE'";"Via Marconi, 8/A 38055";GRIGNO;0461-769192;;tezze.presidente@fpsm.tn.it;;tezze.segretario@fpsm.tn.it;;
"Scuola dell'infanzia di Tezze Valsugana";"Scuola dell'Infanzia di Tezze Valsugana";;Paritaria/equiparata;;;"DANIELA DALCASTAGNE'";"Via Marconi, 8/A 38055";GRIGNO;0461-769192;;tezze.presidente@fpsm.tn.it;;tezze.segretario@fpsm.tn.it;;
"Scuola dell'infanzia di Tonadico";;"Scuola dell'infanzia";Paritaria/equiparata;;;"DANIELA DALCASTAGNE'";"Via Fuganti - Tonadico, 8 38054";"PRIMIERO SAN MARTINO DI CASTROZZA";0439-762062;;tonadico.segretario@fpsm.tn.it;;tonadico.segretario@fpsm.tn.it;;
"Scuola dell'infanzia di Tonadico";"Scuola dell'Infanzia di Tonadico";;Paritaria/equiparata;;;"DANIELA DALCASTAGNE'";"Via Fuganti - Tonadico, 8 38054";"PRIMIERO SAN MARTINO DI CASTROZZA";0439-762062;;tonadico.segretario@fpsm.tn.it;;tonadico.segretario@fpsm.tn.it;;
"Scuola dell'infanzia di Torbole";;"Scuola dell'infanzia";Paritaria/equiparata;;;"LUISA FONTANARI";"Via Don Davide Gioppi, 72 38069";NAGO-TORBOLE;0464-505159;;torbole.presidente@fpsm.tn.it;;torbole.segretario@fpsm.tn.it;;
"Scuola dell'infanzia di Torbole";"Scuola dell'Infanzia di Torbole";;Paritaria/equiparata;;;"LUISA FONTANARI";"Via Don Davide Gioppi, 72 38069";NAGO-TORBOLE;0464-505159;;torbole.presidente@fpsm.tn.it;;torbole.segretario@fpsm.tn.it;;
"Scuola dell'infanzia di Transacqua";;"Scuola dell'infanzia";Paritaria/equiparata;;;"DANIELA DALCASTAGNE'";"Piazza Municipio - Transacqua, 11 38054";"PRIMIERO SAN MARTINO DI CASTROZZA";0439-62313;;transacqua.presidente@fpsm.tn.it;;transacqua.segretario@fpsm.tn.it;;
"Scuola dell'infanzia di Transacqua";"Scuola dell'Infanzia di Transacqua";;Paritaria/equiparata;;;"DANIELA DALCASTAGNE'";"Piazza Municipio - Transacqua, 11 38054";"PRIMIERO SAN MARTINO DI CASTROZZA";0439-62313;;transacqua.presidente@fpsm.tn.it;;transacqua.segretario@fpsm.tn.it;;
"Scuola dell'infanzia di Trento  ""Pedrotti""";;"Scuola dell'infanzia";Paritaria/equiparata;;;"SANDRA CIAPPI";"Via Asilo Pedrotti, 2 38122";TRENTO;0461-914039;;trento.pedrotti.presidente@fpsm.tn.it;;trento.pedrotti.segretario@fpsm.tn.it;;
"Scuola dell'infanzia di Trento  ""Pedrotti""";"Scuola dell'Infanzia di Trento  ""Pedrotti""";;Paritaria/equiparata;;;"SANDRA CIAPPI";"Via Asilo Pedrotti, 2 38122";TRENTO;0461-914039;;trento.pedrotti.presidente@fpsm.tn.it;;trento.pedrotti.segretario@fpsm.tn.it;;
"Scuola dell'infanzia di Trento  S. Bartolomeo";;"Scuola dell'infanzia";Paritaria/equiparata;;;"SANDRA CIAPPI";"Viale Dei Tigli, 9/1 38123";TRENTO;0461-924555;;trento.s.bartolomeo.segretario@fpsm.tn.it;;trento.s.bartolomeo.segretario@fpsm.tn.it;;
"Scuola dell'infanzia di Trento  S. Bartolomeo";"Scuola dell'Infanzia di Trento  S. Bartolomeo";;Paritaria/equiparata;;;"SANDRA CIAPPI";"Viale Dei Tigli, 9/1 38123";TRENTO;0461-924555;;trento.s.bartolomeo.segretario@fpsm.tn.it;;trento.s.bartolomeo.segretario@fpsm.tn.it;;
"Scuola dell'infanzia di Trento Cognola  ""B. Kofler""";;"Scuola dell'infanzia";Paritaria/equiparata;;;"IVANA LEONARDELLI";"Via Kofler, 10 38121";TRENTO;"0461 235069";"0461 983903";cognola.segretario@fpsm.tn.it;;cognola.segretario@fpsm.tn.it;;
"Scuola dell'infanzia di Trento Cognola  ""B. Kofler""";"Scuola dell'Infanzia di Trento Cognola ""B. Kofler""";;Paritaria/equiparata;;;"IVANA LEONARDELLI";"Via Kofler, 10 38121";TRENTO;"0461 235069";"0461 983903";cognola.segretario@fpsm.tn.it;;cognola.segretario@fpsm.tn.it;;
"Scuola dell'infanzia di Trento La Clarina";;"Scuola dell'infanzia";Paritaria/equiparata;;;"SANDRA CIAPPI";"Via Einaudi, 66 38123";TRENTO;0461-923464;;trento.clarina.presidente@fpsm.tn.it;;trento.clarina.segretario@fpsm.tn.it;;
"Scuola dell'infanzia di Trento La Clarina";"Scuola dell'Infanzia di Trento La Clarina";;Paritaria/equiparata;;;"SANDRA CIAPPI";"Via Einaudi, 66 38123";TRENTO;0461-923464;;trento.clarina.presidente@fpsm.tn.it;;trento.clarina.segretario@fpsm.tn.it;;
"Scuola dell'infanzia di Trento San Donà ""B. Kofler""";;"Scuola dell'infanzia";Paritaria/equiparata;;;"IVANA LEONARDELLI";"Via per Cognola, 43 38122";TRENTO;"0461 260977";"0461 983903";cognola.segretario@fpsm.tn.it;;trento.san.dona.segretario@fpsm.tn.it;;
"Scuola dell'infanzia di Trento San Donà ""B. Kofler""";"Scuola dell'Infanzia di Trento San Donà ""B. Kofler""";;Paritaria/equiparata;;;"IVANA LEONARDELLI";"Via per Cognola, 43 38122";TRENTO;"0461 260977";"0461 983903";cognola.segretario@fpsm.tn.it;;trento.san.dona.segretario@fpsm.tn.it;;
"Scuola dell'infanzia di Varone";;"Scuola dell'infanzia";Paritaria/equiparata;;;"LUISA FONTANARI";"Via Sega, 5 38066";"RIVA DEL GARDA";0464-521350;;varone.presidente@fpsm.tn.it;;varone.segretario@fpsm.tn.it;;
"Scuola dell'infanzia di Varone";"Scuola dell'Infanzia di Varone";;Paritaria/equiparata;;;"LUISA FONTANARI";"Via Sega, 5 38066";"RIVA DEL GARDA";0464-521350;;varone.presidente@fpsm.tn.it;;varone.segretario@fpsm.tn.it;;
"Scuola dell'infanzia di Vermiglio";;"Scuola dell'infanzia";Paritaria/equiparata;;;"ROBERTA BERTOLAS";"Via di S Pietro, 26 38029";VERMIGLIO;0463-758141;;vermiglio.presidente@fpsm.tn.it;;vermiglio.segretario@fpsm.tn.it;;
"Scuola dell'infanzia di Vermiglio";"Scuola dell'Infanzia di Vermiglio";;Paritaria/equiparata;;;"ROBERTA BERTOLAS";"Via di S Pietro, 26 38029";VERMIGLIO;0463-758141;;vermiglio.presidente@fpsm.tn.it;;vermiglio.segretario@fpsm.tn.it;;
"Scuola dell'infanzia di Vezzano";;"Scuola dell'infanzia";Paritaria/equiparata;;;"SANDRA CIAPPI";"Via Dante - Vezzano, 24 38070";VALLELAGHI;0461-864918;;vezzano.presidente@fpsm.tn.it;;vezzano.segretario@fpsm.tn.it;;
"Scuola dell'infanzia di Vezzano";"Scuola dell'Infanzia di Vezzano";;Paritaria/equiparata;;;"SANDRA CIAPPI";"Via Dante - Vezzano, 24 38070";VALLELAGHI;0461-864918;;vezzano.presidente@fpsm.tn.it;;vezzano.segretario@fpsm.tn.it;;
"Scuola dell'infanzia di Vigo Cavedine";;"Scuola dell'infanzia";Paritaria/equiparata;;;"GIANNA ANGELI";"Via Scuola Materna, 1 38073";CAVEDINE;0461-566061;;vigo.cavedine.presidente@fpsm.tn.it;;vigo.cavedine.segretario@fpsm.tn.it;;
"Scuola dell'infanzia di Vigo Cavedine";"Scuola dell'Infanzia di Vigo Cavedine";;Paritaria/equiparata;;;"GIANNA ANGELI";"Via Scuola Materna, 1 38073";CAVEDINE;0461-566061;;vigo.cavedine.presidente@fpsm.tn.it;;vigo.cavedine.segretario@fpsm.tn.it;;
"Scuola dell'infanzia di Vigo Lomaso";;"Scuola dell'infanzia";Paritaria/equiparata;;;"LORENZO SANTORUM";"Frazione Vigo Lomaso - Lomaso, 1 38070";"COMANO TERME";0465-701249;;vigo.lomaso.presidente@fpsm.tn.it;;vigo.lomaso.segretario@fpsm.tn.it;;
"Scuola dell'infanzia di Vigo Lomaso";"Scuola dell'Infanzia di Vigo Lomaso";;Paritaria/equiparata;;;"LORENZO SANTORUM";"Frazione Vigo Lomaso - Lomaso, 1 38070";"COMANO TERME";0465-701249;;vigo.lomaso.presidente@fpsm.tn.it;;vigo.lomaso.segretario@fpsm.tn.it;;
"Scuola dell'infanzia di Vigo di Fassa";;"Scuola dell'infanzia";Paritaria/equiparata;;;"SARA DE ZOLT";"Strada Giuseppe Soraperra - Pozza di Fassa, 4 38036";"SAN GIOVANNI DI FASSA - SEN JAN";0462-763194;;vigo.fassa.presidente@fpsm.tn.it;;vigo.fassa.segretario@fpsm.tn.it;;
"Scuola dell'infanzia di Ghiaie di Gardolo";"Scuola dell'Infanzia di Ghiaie di Gardolo";;Paritaria/equiparata;;;"CARMEN FATTORI";"Via del Loghét, 69 38121";TRENTO;0461-990050;;ghiaie.segretario@fpsm.tn.it;;ghiaie.segretario@fpsm.tn.it;;
"Scuola dell'infanzia di Grigno";;"Scuola dell'infanzia";Paritaria/equiparata;;;"DANIELA DALCASTAGNE'";"Via Nazario Sauro, 25 38055";GRIGNO;0461-765333;;grigno.presidente@fpsm.tn.it;;grigno.segretario@fpsm.tn.it;;
"Scuola dell'infanzia di Grigno";"Scuola dell'Infanzia di Grigno";;Paritaria/equiparata;;;"DANIELA DALCASTAGNE'";"Via Nazario Sauro, 25 38055";GRIGNO;0461-765333;;grigno.presidente@fpsm.tn.it;;grigno.segretario@fpsm.tn.it;;
"Scuola dell'infanzia di Ischia di Pergine";;"Scuola dell'infanzia";Paritaria/equiparata;;;"MARIANGELA SIMONCINI";"Piazza delle Nogare, 2 38057";"PERGINE VALSUGANA";0461-532285;;ischia.presidente@fpsm.tn.it;;ischia.segretario@fpsm.tn.it;;
"Scuola dell'infanzia di Ischia di Pergine";"Scuola dell'Infanzia di Ischia di Pergine";;Paritaria/equiparata;;;"MARIANGELA SIMONCINI";"Piazza delle Nogare, 2 38057";"PERGINE VALSUGANA";0461-532285;;ischia.presidente@fpsm.tn.it;;ischia.segretario@fpsm.tn.it;;
"Scuola dell'infanzia di Lona";;"Scuola dell'infanzia";Paritaria/equiparata;;;"PAMELA TOMASELLI";"Via S Rocco, 14 38040";LONA-LASES;0461-697101;;lona.presidente@fpsm.tn.it;;lona.segretario@fpsm.tn.it;;
"Scuola dell'infanzia di Lona";"Scuola dell'Infanzia di Lona";;Paritaria/equiparata;;;"PAMELA TOMASELLI";"Via S Rocco, 14 38040";LONA-LASES;0461-697101;;lona.presidente@fpsm.tn.it;;lona.segretario@fpsm.tn.it;;
"Scuola dell'infanzia di Madonna di Campiglio";;"Scuola dell'infanzia";Paritaria/equiparata;;;"ALESSANDRA POMILIO";"Via Serafini - Madonna di Campiglio, 13 38070";"TRE VILLE";0465-442779;"0465 442779";madonna.campiglio.segretario@fpsm.tn.it;;madonna.campiglio.segretario@fpsm.tn.it;;
"Scuola dell'infanzia di Madonna di Campiglio";"Scuola dell'Infanzia di Madonna di Campiglio";;Paritaria/equiparata;;;"ALESSANDRA POMILIO";"Via Serafini - Madonna di Campiglio, 13 38070";"TRE VILLE";0465-442779;"0465 442779";madonna.campiglio.segretario@fpsm.tn.it;;madonna.campiglio.segretario@fpsm.tn.it;;
"Scuola dell'infanzia di Madrano";"Scuola dell'Infanzia di Madrano";;Paritaria/equiparata;;;"MARIANGELA SIMONCINI";"Via D Oltrefersina, 54 38057";"PERGINE VALSUGANA";0461-552109;;madrano.segretario@fpsm.tn.it;;madrano.segretario@fpsm.tn.it;;
"Scuola dell'infanzia di Malè";;"Scuola dell'infanzia";Paritaria/equiparata;;;"ROBERTA BERTOLAS";"Via Don Rauzi, 6 38027";MALE';0463-901925;;male.presidente@fpsm.tn.it;;male.segretario@fpsm.tn.it;;
"Scuola dell'infanzia di Malè";"Scuola dell'Infanzia di Malè";;Paritaria/equiparata;;;"ROBERTA BERTOLAS";"Via Don Rauzi, 6 38027";MALE';0463-901925;;male.presidente@fpsm.tn.it;;male.segretario@fpsm.tn.it;;
"Scuola dell'infanzia di Marter";;"Scuola dell'infanzia";Paritaria/equiparata;;;"PAOLA SANGIORGI";"Piazza S Margherita, 2 38050";"RONCEGNO TERME";0461-764505;;marter.segretario@fpsm.tn.it;;marter.segretario@fpsm.tn.it;;
"Scuola dell'infanzia di Marter";"Scuola dell'Infanzia di Marter";;Paritaria/equiparata;;;"PAOLA SANGIORGI";"Piazza S Margherita, 2 38050";"RONCEGNO TERME";0461-764505;;marter.segretario@fpsm.tn.it;;marter.segretario@fpsm.tn.it;;
"Scuola dell'infanzia di Martignano ""D. Leone Serafini""";;"Scuola dell'infanzia";Paritaria/equiparata;;;"CARMEN FATTORI";"Via Sabbionare, 3 38121";TRENTO;0461-820233;;martignano.segretario@fpsm.tn.it;;martignano.segretario@fpsm.tn.it;;
"Scuola dell'infanzia di Martignano ""D. Leone Serafini""";"Scuola dell'Infanzia di Martignano";;Paritaria/equiparata;;;"CARMEN FATTORI";"Via Sabbionare, 3 38121";TRENTO;0461-820233;;martignano.segretario@fpsm.tn.it;;martignano.segretario@fpsm.tn.it;;
"Scuola dell'infanzia di Massone";;"Scuola dell'infanzia";Paritaria/equiparata;;;"GIANNA ANGELI";"Via Maffei - San Martino, 2 38062";ARCO;0464-517719;;massone.presidente@fpsm.tn.it;;massone.segretario@fpsm.tn.it;;
"Scuola dell'infanzia di Massone";"Scuola dell'Infanzia di Massone";;Paritaria/equiparata;;;"GIANNA ANGELI";"Via Maffei - San Martino, 2 38062";ARCO;0464-517719;;massone.presidente@fpsm.tn.it;;massone.segretario@fpsm.tn.it;;
"Scuola dell'infanzia di Mechel";;"Scuola dell'infanzia";Paritaria/equiparata;;;"ILARIA MANCINI";"Via Don Luigi Borghesi, 35 38023";CLES;0463-421247;;mechel.presidente@fpsm.tn.it;;mechel.segretario@fpsm.tn.it;;
"Scuola dell'infanzia di Mechel";"Scuola dell'Infanzia di Mechel";;Paritaria/equiparata;;;"ILARIA MANCINI";"Via Don Luigi Borghesi, 35 38023";CLES;0463-421247;;mechel.presidente@fpsm.tn.it;;mechel.segretario@fpsm.tn.it;;
"Scuola dell'infanzia di Mezzano";;"Scuola dell'infanzia";Paritaria/equiparata;;;"DANIELA DALCASTAGNE'";"Via IV Novembre, 16 38050";MEZZANO;0439-67027;;mezzano.contabile@fpsm.tn.it;;mezzano.segretario@fpsm.tn.it;;
"Scuola dell'infanzia di Mezzano";"Scuola dell'Infanzia di Mezzano";;Paritaria/equiparata;;;"DANIELA DALCASTAGNE'";"Via IV Novembre, 16 38050";MEZZANO;0439-67027;;mezzano.contabile@fpsm.tn.it;;mezzano.segretario@fpsm.tn.it;;
"Scuola dell'infanzia di Mezzocorona";;"Scuola dell'infanzia";Paritaria/equiparata;;;"ELENA RICCI";"Via S Giovanni Bosco, 4 38016";MEZZOCORONA;0461-603933;;mezzocorona.presidente@fpsm.tn.it;;mezzocorona.segretario@fpsm.tn.it;;
"Scuola dell'infanzia di Mezzocorona";"Scuola dell'Infanzia di Mezzocorona";;Paritaria/equiparata;;;"ELENA RICCI";"Via S Giovanni Bosco, 4 38016";MEZZOCORONA;0461-603933;;mezzocorona.presidente@fpsm.tn.it;;mezzocorona.segretario@fpsm.tn.it;;
"Scuola dell'infanzia di Mezzolombardo";;"Scuola dell'infanzia";Paritaria/equiparata;;;"ELENA RICCI";"Corso del Popolo, 34/B 38017";MEZZOLOMBARDO;0461-601324;;mezzolombardo.presidente@fpsm.tn.it;;mezzolombardo.segretario@fpsm.tn.it;;
"Scuola dell'infanzia di Mezzolombardo";"Scuola dell'Infanzia di Mezzolombardo";;Paritaria/equiparata;;;"ELENA RICCI";"Corso del Popolo, 34/B 38017";MEZZOLOMBARDO;0461-601324;;mezzolombardo.presidente@fpsm.tn.it;;mezzolombardo.segretario@fpsm.tn.it;;
"Scuola dell'infanzia di Moena";;"Scuola dell'infanzia";Paritaria/equiparata;;;"SARA DE ZOLT";"Strada don Giovanni Jori, 10 38035";"MOENA - MOENA";0462-573277;;moena.presidente@fpsm.tn.it;;moena.segretario@fpsm.tn.it;;
"Scuola dell'infanzia di Moena";"Scuola dell'Infanzia di Moena";;Paritaria/equiparata;;;"SARA DE ZOLT";"Strada don Giovanni Jori, 10 38035";"MOENA - MOENA";0462-573277;;moena.presidente@fpsm.tn.it;;moena.segretario@fpsm.tn.it;;
"Scuola dell'infanzia di Mollaro";;"Scuola dell'infanzia";Paritaria/equiparata;;;"UTE PANCHER";"Via Della Pausa - Mollaro, 1 38012";PREDAIA;0463-469224;;mollaro.contabile@fpsm.tn.it;;mollaro.segretario@fpsm.tn.it;;
"Scuola dell'infanzia di Mollaro";"Scuola dell'Infanzia di Mollaro";;Paritaria/equiparata;;;"UTE PANCHER";"Via Della Pausa - Mollaro, 1 38012";PREDAIA;0463-469224;;mollaro.contabile@fpsm.tn.it;;mollaro.segretario@fpsm.tn.it;;
"Scuola dell'infanzia di Molveno";;"Scuola dell'infanzia";Paritaria/equiparata;;;"ELENA RICCI";"Piazza S Carlo, 20 38018";MOLVENO;0461-586969;;molveno.presidente@fpsm.tn.it;;molveno.segretario@fpsm.tn.it;;
"Scuola dell'infanzia di Molveno";"Scuola dell'Infanzia di Molveno";;Paritaria/equiparata;;;"ELENA RICCI";"Piazza S Carlo, 20 38018";MOLVENO;0461-586969;;molveno.presidente@fpsm.tn.it;;molveno.segretario@fpsm.tn.it;;
"Scuola dell'infanzia di Montesover";;"Scuola dell'infanzia";Paritaria/equiparata;;;"PAMELA TOMASELLI";"Via Capitano Santuari, 1 38048";SOVER;0461-698351;;sover.presidente@fpsm.tn.it;;sover.segretario@fpsm.tn.it;;
"Scuola dell'infanzia di Montesover";"Scuola dell'Infanzia di Montesover";;Paritaria/equiparata;;;"PAMELA TOMASELLI";"Via Capitano Santuari, 1 38048";SOVER;0461-698351;;sover.presidente@fpsm.tn.it;;sover.segretario@fpsm.tn.it;;
"Scuola dell'infanzia di Mori";;"Scuola dell'infanzia";Paritaria/equiparata;;;"SILVANO MEDVES";"Via Scuole, 3 38065";MORI;0464-918156;;mori.segretario@fpsm.tn.it;;mori.segretario@fpsm.tn.it;;
"Scuola dell'infanzia di Mori";"Scuola dell'Infanzia di Mori";;Paritaria/equiparata;;;"SILVANO MEDVES";"Via Scuole, 3 38065";MORI;0464-918156;;mori.segretario@fpsm.tn.it;;mori.segretario@fpsm.tn.it;;
"Scuola dell'infanzia di Nago";;"Scuola dell'infanzia";Paritaria/equiparata;;;"LUISA FONTANARI";"Localita Tezze - Nago,   38069";NAGO-TORBOLE;0464-506097;;nago.segretario@fpsm.tn.it;;nago.segretario@fpsm.tn.it;;
"Scuola dell'infanzia di Nago";"Scuola dell'Infanzia di Nago";;Paritaria/equiparata;;;"LUISA FONTANARI";"Localita Tezze - Nago,   38069";NAGO-TORBOLE;0464-506097;;nago.segretario@fpsm.tn.it;;nago.segretario@fpsm.tn.it;;
"Scuola dell'infanzia di Nave San Rocco";;"Scuola dell'infanzia";Paritaria/equiparata;;;"PAMELA TOMASELLI";"Via IV Novembre, 34/A 38010";"TERRE D'ADIGE";0461-870656;;nave.presidente@fpsm.tn.it;;nave.segretario@fpsm.tn.it;;
"Scuola dell'infanzia di Ronzo-Chienis";;"Scuola dell'infanzia";Paritaria/equiparata;;;"SILVANO MEDVES";"Via Del Car, 40 38060";RONZO-CHIENIS;0464-802944;;ronzo.chienis.presidente@fpsm.tn.it;;ronzo.chienis.segretario@fpsm.tn.it;;
"Scuola dell'infanzia di Ronzo-Chienis";"Scuola dell'Infanzia di Ronzo-Chienis";;Paritaria/equiparata;;;"SILVANO MEDVES";"Via Del Car, 40 38060";RONZO-CHIENIS;0464-802944;;ronzo.chienis.presidente@fpsm.tn.it;;ronzo.chienis.segretario@fpsm.tn.it;;
"Scuola dell'infanzia di Rovereto ""Rosmini""";;"Scuola dell'infanzia";Paritaria/equiparata;;;"ROBERTA MEDEGHINI";"Corso Rosmini, 3 38068";ROVERETO;0464-421541;;rovereto.rosmini.presidente@fpsm.tn.it;;rovereto.rosmini.segretario@fpsm.tn.it;;
"Scuola dell'infanzia di S. Croce Bleggio";;"Scuola dell'infanzia";Paritaria/equiparata;;;"LORENZO SANTORUM";"Frazione Santa Croce di Bleggio Inferiore, 7 38070";"COMANO TERME";0465-779900;;s.croce.presidente@fpsm.tn.it;;s.croce.segretario@fpsm.tn.it;;
"Scuola dell'infanzia di S. Croce Bleggio";"Scuola dell'Infanzia di S. Croce Bleggio";;Paritaria/equiparata;;;"LORENZO SANTORUM";"Frazione Santa Croce di Bleggio Inferiore, 7 38070";"COMANO TERME";0465-779900;;s.croce.presidente@fpsm.tn.it;;s.croce.segretario@fpsm.tn.it;;
"Scuola dell'infanzia di S. Lorenzo in Banale";;"Scuola dell'infanzia";Paritaria/equiparata;;;"LORENZO SANTORUM";"Strada del Toat - San Lorenzo, 4 38078";"SAN LORENZO DORSINO";0465-734005;;san.lorenzo.banale.segretario@fpsm.tn.it;;san.lorenzo.banale.segretario@fpsm.tn.it;;
"Scuola dell'infanzia di S. Lorenzo in Banale";"Scuola dell'Infanzia di S. Lorenzo In Banale";;Paritaria/equiparata;;;"LORENZO SANTORUM";"Strada del Toat - San Lorenzo, 4 38078";"SAN LORENZO DORSINO";0465-734005;;san.lorenzo.banale.segretario@fpsm.tn.it;;san.lorenzo.banale.segretario@fpsm.tn.it;;
"Scuola dell'infanzia di S. Margherita di Ala";;"Scuola dell'infanzia";Paritaria/equiparata;;;"FRANCESCA VARESCHI";"Via Gazzoletti - Santa Margherita, 35 38061";ALA;0464-696494;;s.margherita.presidente@fpsm.tn.it;;s.margherita.segretario@fpsm.tn.it;;
"Scuola dell'infanzia di S. Margherita di Ala";"Scuola dell'Infanzia di S. Margherita di Ala";;Paritaria/equiparata;;;"FRANCESCA VARESCHI";"Via Gazzoletti - Santa Margherita, 35 38061";ALA;0464-696494;;s.margherita.presidente@fpsm.tn.it;;s.margherita.segretario@fpsm.tn.it;;
"Scuola dell'infanzia di Sabbionara";;"Scuola dell'infanzia";Paritaria/equiparata;;;"FRANCESCA VARESCHI";"Piazza Conciliazione, 3/B 38063";AVIO;0464-683225;;sabbionara.presidente@fpsm.tn.it;;sabbionara.segretario@fpsm.tn.it;;
"Scuola dell'infanzia di Sabbionara";"Scuola dell'Infanzia di Sabbionara";;Paritaria/equiparata;;;"FRANCESCA VARESCHI";"Piazza Conciliazione, 3/B 38063";AVIO;0464-683225;;sabbionara.presidente@fpsm.tn.it;;sabbionara.segretario@fpsm.tn.it;;
"Scuola dell'infanzia di San Martino di C.";;"Scuola dell'infanzia";Paritaria/equiparata;;;"DANIELA DALCASTAGNE'";"Via Laghetto - San Martino Di Castrozza, 30 38054";"PRIMIERO SAN MARTINO DI CASTROZZA";0439-768666;;s.martino.castrozza.presidente@fpsm.tn.it;;s.martino.castrozza.segretario@fpsm.tn.it;;
"Scuola dell'infanzia di San Martino di C.";"Scuola dell'Infanzia di San Martino di C.";;Paritaria/equiparata;;;"DANIELA DALCASTAGNE'";"Via Laghetto - San Martino Di Castrozza, 30 38054";"PRIMIERO SAN MARTINO DI CASTROZZA";0439-768666;;s.martino.castrozza.presidente@fpsm.tn.it;;s.martino.castrozza.segretario@fpsm.tn.it;;
"Scuola dell'infanzia di Sarche";;"Scuola dell'infanzia";Paritaria/equiparata;;;"GIANNA ANGELI";"Via Caffaro - Sarche - Calavino, 6 38076";MADRUZZO;0461-564028;;sarche.presidente@fpsm.tn.it;;sarche.segretario@fpsm.tn.it;;
"Scuola dell'infanzia di Sarche";"Scuola dell'Infanzia di Sarche";;Paritaria/equiparata;;;"GIANNA ANGELI";"Via Caffaro - Sarche - Calavino, 6 38076";MADRUZZO;0461-564028;;sarche.presidente@fpsm.tn.it;;sarche.segretario@fpsm.tn.it;;
"Scuola dell'infanzia di Scurelle";;"Scuola dell'infanzia";Paritaria/equiparata;;;"PAOLA SANGIORGI";"Via Visintainer, 15 38050";SCURELLE;0461-762268;;scurelle.presidente@fpsm.tn.it;;scurelle.segretario@fpsm.tn.it;;
"Scuola dell'infanzia di Scurelle";"Scuola dell'Infanzia di Scurelle";;Paritaria/equiparata;;;"PAOLA SANGIORGI";"Via Visintainer, 15 38050";SCURELLE;0461-762268;;scurelle.presidente@fpsm.tn.it;;scurelle.segretario@fpsm.tn.it;;
"Scuola dell'infanzia di Segno";;"Scuola dell'infanzia";Paritaria/equiparata;;;"UTE PANCHER";"Via Sonora - Segno - Taio, 18 38012";PREDAIA;0463-468064;;segno.presidente@fpsm.tn.it;;segno.segretario@fpsm.tn.it;;
"Scuola dell'infanzia di Segno";"Scuola dell'Infanzia di Segno";;Paritaria/equiparata;;;"UTE PANCHER";"Via Sonora - Segno - Taio, 18 38012";PREDAIA;0463-468064;;segno.presidente@fpsm.tn.it;;segno.segretario@fpsm.tn.it;;
"Scuola dell'infanzia di Segonzano";;"Scuola dell'infanzia";Paritaria/equiparata;;;"PAMELA TOMASELLI";"Frazione Stedro, 80 38047";SEGONZANO;327-3311981;;segonzano.presidente@fpsm.tn.it;;segonzano.segretario@fpsm.tn.it;;
"Scuola dell'infanzia di Segonzano";"Scuola dell'Infanzia di Segonzano";;Paritaria/equiparata;;;"PAMELA TOMASELLI";"Frazione Stedro, 80 38047";SEGONZANO;327-3311981;;segonzano.presidente@fpsm.tn.it;;segonzano.segretario@fpsm.tn.it;;
"Scuola dell'infanzia di Serravalle";;"Scuola dell'infanzia";Paritaria/equiparata;;;"FRANCESCA VARESCHI";"Via Ingenger Tomasi - Serravalle, 5 38061";ALA;0464-696304;;serravalle.presidente@fpsm.tn.it;;serravalle.segretario@fpsm.tn.it;;
"Scuola dell'infanzia di Serravalle";"Scuola dell'Infanzia di Serravalle";;Paritaria/equiparata;;;"FRANCESCA VARESCHI";"Via Ingenger Tomasi - Serravalle, 5 38061";ALA;0464-696304;;serravalle.presidente@fpsm.tn.it;;serravalle.segretario@fpsm.tn.it;;
"Scuola dell'infanzia di Smarano";;"Scuola dell'infanzia";Paritaria/equiparata;;;"ILARIA MANCINI";"Via Torre - Smarano, 6 38012";PREDAIA;0463-536702;;smarano.presidente@fpsm.tn.it;;smarano.segretario@fpsm.tn.it;;
"Scuola dell'infanzia di Smarano";"Scuola dell'Infanzia di Smarano";;Paritaria/equiparata;;;"ILARIA MANCINI";"Via Torre - Smarano, 6 38012";PREDAIA;0463-536702;;smarano.presidente@fpsm.tn.it;;smarano.segretario@fpsm.tn.it;;
"Scuola dell'infanzia di Sopramonte";;"Scuola dell'infanzia";Paritaria/equiparata;;;"CARMEN FATTORI";"Via Canelli - Sopramonte, 5 38123";TRENTO;0461-867021;;sopramonte.presidente@fpsm.tn.it;;sopramonte.segretario@fpsm.tn.it;;
"Scuola dell'infanzia di Sopramonte";"Scuola dell'Infanzia di Sopramonte";;Paritaria/equiparata;;;"CARMEN FATTORI";"Via Canelli - Sopramonte, 5 38123";TRENTO;0461-867021;;sopramonte.presidente@fpsm.tn.it;;sopramonte.segretario@fpsm.tn.it;;
"Scuola dell'infanzia di Spiazzo Rendena";;"Scuola dell'infanzia";Paritaria/equiparata;;;"ALESSANDRA POMILIO";"Via S Vigilio, 5 38088";SPIAZZO;0465-801326;;spiazzo.rendena.contabile@fpsm.tn.it;;spiazzo.rendena.segretario@fpsm.tn.it;;
"Scuola dell'infanzia di Spiazzo Rendena";"Scuola dell'Infanzia di Spiazzo Rendena";;Paritaria/equiparata;;;"ALESSANDRA POMILIO";"Via S Vigilio, 5 38088";SPIAZZO;0465-801326;;spiazzo.rendena.contabile@fpsm.tn.it;;spiazzo.rendena.segretario@fpsm.tn.it;;
"Scuola dell'infanzia di Stenico";;"Scuola dell'infanzia";Paritaria/equiparata;;;"LORENZO SANTORUM";"Piazza Dante, 15 38070";STENICO;0465-771019;;stenico.presidente@fpsm.tn.it;;stenico.segretario@fpsm.tn.it;;
"Scuola dell'infanzia di Stenico";"Scuola dell'Infanzia di Stenico";;Paritaria/equiparata;;;"LORENZO SANTORUM";"Piazza Dante, 15 38070";STENICO;0465-771019;;stenico.presidente@fpsm.tn.it;;stenico.segretario@fpsm.tn.it;;
"Scuola dell'infanzia di Strigno";;"Scuola dell'infanzia";Paritaria/equiparata;;;"DANIELA DALCASTAGNE'";"Piazza IV Novembre - Strigno, 11 38059";"CASTEL IVANO";0461-762327;;strigno.presidente@fpsm.tn.it;;strigno.segretario@fpsm.tn.it;;
"Scuola dell'infanzia di Strigno";"Scuola dell'Infanzia di Strigno";;Paritaria/equiparata;;;"DANIELA DALCASTAGNE'";"Piazza IV Novembre - Strigno, 11 38059";"CASTEL IVANO";0461-762327;;strigno.presidente@fpsm.tn.it;;strigno.segretario@fpsm.tn.it;;
"Scuola dell'infanzia di Susà";;"Scuola dell'infanzia";Paritaria/equiparata;;;"MARIANGELA SIMONCINI";"Via Dell Asilo, 5 38057";"PERGINE VALSUGANA";0461-538471;;susa.presidente@fpsm.tn.it;;susa.segretario@fpsm.tn.it;;
"Scuola dell'infanzia di Susà";"Scuola dell'Infanzia di Susà";;Paritaria/equiparata;;;"MARIANGELA SIMONCINI";"Via Dell Asilo, 5 38057";"PERGINE VALSUGANA";0461-538471;;susa.presidente@fpsm.tn.it;;susa.segretario@fpsm.tn.it;;
"Scuola dell'infanzia di Carano";"Scuola dell'Infanzia di Carano";;Paritaria/equiparata;;;"TIZIANA CEOL";"Via Giovanelli, 40 38033";"VILLE DI FIEMME";0462-341759;;carano.presidente@fpsm.tn.it;;carano.segretario@fpsm.tn.it;;
"Scuola dell'infanzia di Carisolo";;"Scuola dell'infanzia";Paritaria/equiparata;;;"ALESSANDRA POMILIO";"Viale Trento, 4 38080";CARISOLO;0465-501433;;carisolo.presidente@fpsm.tn.it;;carisolo.segretario@fpsm.tn.it;;
"Scuola dell'infanzia di Carisolo";"Scuola dell'Infanzia di Carisolo";;Paritaria/equiparata;;;"ALESSANDRA POMILIO";"Viale Trento, 4 38080";CARISOLO;0465-501433;;carisolo.presidente@fpsm.tn.it;;carisolo.segretario@fpsm.tn.it;;
"Scuola dell'infanzia di Casez";;"Scuola dell'infanzia";Paritaria/equiparata;;;"ILARIA MANCINI";"Via della Pontara - Casez, 10 38010";SANZENO;0463-434219;;casez.presidente@fpsm.tn.it;;casez.segretario@fpsm.tn.it;;
"Scuola dell'infanzia di Casez";"Scuola dell'Infanzia di Casez";;Paritaria/equiparata;;;"ILARIA MANCINI";"Via della Pontara - Casez, 10 38010";SANZENO;0463-434219;;casez.presidente@fpsm.tn.it;;casez.segretario@fpsm.tn.it;;
"Scuola dell'infanzia di Castellano";;"Scuola dell'infanzia";Paritaria/equiparata;;;"ROBERTA MEDEGHINI";"Via Caduti, 1 38060";"VILLA LAGARINA";0464-801242;;castellano.presidente@fpsm.tn.it;;castellano.segretario@fpsm.tn.it;;
"Scuola dell'infanzia di Castellano";"Scuola dell'Infanzia di Castellano";;Paritaria/equiparata;;;"ROBERTA MEDEGHINI";"Via Caduti, 1 38060";"VILLA LAGARINA";0464-801242;;castellano.presidente@fpsm.tn.it;;castellano.segretario@fpsm.tn.it;;
"Scuola dell'infanzia di Castello Di Fiemme";;"Scuola dell'infanzia";Paritaria/equiparata;;;"TIZIANA CEOL";"Via Latemar, 2 38030";"CASTELLO-MOLINA DI FIEMME";0462-341153;;castello.fiemme.segretario@fpsm.tn.it;;castello.fiemme.segretario@fpsm.tn.it;;
"Scuola dell'infanzia di Castello Di Fiemme";"Scuola dell'Infanzia di Castello Di Fiemme";;Paritaria/equiparata;;;"TIZIANA CEOL";"Via Latemar, 2 38030";"CASTELLO-MOLINA DI FIEMME";0462-341153;;castello.fiemme.segretario@fpsm.tn.it;;castello.fiemme.segretario@fpsm.tn.it;;
"Scuola dell'infanzia di Cavedine";;"Scuola dell'infanzia";Paritaria/equiparata;;;"GIANNA ANGELI";"Via IV Novembre, 19 38073";CAVEDINE;0461-568548;;cavedine.presidente@fpsm.tn.it;;cavedine.segretario@fpsm.tn.it;;
"Scuola dell'infanzia di Cavedine";"Scuola dell'Infanzia di Cavedine";;Paritaria/equiparata;;;"GIANNA ANGELI";"Via IV Novembre, 19 38073";CAVEDINE;0461-568548;;cavedine.presidente@fpsm.tn.it;;cavedine.segretario@fpsm.tn.it;;
"Scuola dell'infanzia di Cembra";;"Scuola dell'infanzia";Paritaria/equiparata;;;"PAMELA TOMASELLI";"Piazza Zanotelli - Cembra, 1 38034";"CEMBRA LISIGNAGO";0461-680173;;cembra.presidente@fpsm.tn.it;;cembra.segretario@fpsm.tn.it;;
"Scuola dell'infanzia di Cembra";"Scuola dell'Infanzia di Cembra";;Paritaria/equiparata;;;"PAMELA TOMASELLI";"Piazza Zanotelli - Cembra, 1 38034";"CEMBRA LISIGNAGO";0461-680173;;cembra.presidente@fpsm.tn.it;;cembra.segretario@fpsm.tn.it;;
"Scuola dell'infanzia di Chizzola";;"Scuola dell'infanzia";Paritaria/equiparata;;;"FRANCESCA VARESCHI";"Via Canestrini - Chizzola, 1 38061";ALA;0464-696397;;chizzola.presidente@fpsm.tn.it;;chizzola.segretario@fpsm.tn.it;;
"Scuola dell'infanzia di Chizzola";"Scuola dell'Infanzia di Chizzola";;Paritaria/equiparata;;;"FRANCESCA VARESCHI";"Via Canestrini - Chizzola, 1 38061";ALA;0464-696397;;chizzola.presidente@fpsm.tn.it;;chizzola.segretario@fpsm.tn.it;;
"Scuola dell'infanzia di Cles";;"Scuola dell'infanzia";Paritaria/equiparata;;;"ILARIA MANCINI";"Via Mattioli, 13 38023";CLES;0463-625164;;cles.presidente@fpsm.tn.it;;cles.segretario@fpsm.tn.it;;
"Scuola dell'infanzia di Cles";"Scuola dell'Infanzia di Cles";;Paritaria/equiparata;;;"ILARIA MANCINI";"Via Mattioli, 13 38023";CLES;0463-625164;;cles.presidente@fpsm.tn.it;;cles.segretario@fpsm.tn.it;;
"Scuola dell'infanzia di Cloz e Brez";;"Scuola dell'infanzia";Paritaria/equiparata;;;"ILARIA MANCINI";"Via di S Stefano, 2/A 38028";NOVELLA;0463-1980632;;cloz.brez.presidente@fpsm.tn.it;;cloz.brez.segretario@fpsm.tn.it;;
"Scuola dell'infanzia di Cloz e Brez";"Scuola dell'Infanzia di Cloz e Brez";;Paritaria/equiparata;;;"ILARIA MANCINI";"Via di S Stefano, 2/A 38028";NOVELLA;0463-1980632;;cloz.brez.presidente@fpsm.tn.it;;cloz.brez.segretario@fpsm.tn.it;;
"Scuola dell'infanzia di Condino";;"Scuola dell'infanzia";Paritaria/equiparata;;;"ALESSANDRA POMILIO";"Via Roma - Condino, 37 38083";"BORGO CHIESE";0465-621009;;condino.presidente@fpsm.tn.it;;condino.segretario@fpsm.tn.it;;
"Scuola dell'infanzia di Condino";"Scuola dell'Infanzia di Condino";;Paritaria/equiparata;;;"ALESSANDRA POMILIO";"Via Roma - Condino, 37 38083";"BORGO CHIESE";0465-621009;;condino.presidente@fpsm.tn.it;;condino.segretario@fpsm.tn.it;;
"Scuola dell'infanzia di Coredo";;"Scuola dell'infanzia";Paritaria/equiparata;;;"ILARIA MANCINI";"Via delle antiche fontane - Coredo, 20 38012";PREDAIA;0463-536416;;coredo.segretario@fpsm.tn.it;;coredo.segretario@fpsm.tn.it;;
"Scuola dell'infanzia di Coredo";"Scuola dell'Infanzia di Coredo";;Paritaria/equiparata;;;"ILARIA MANCINI";"Via delle antiche fontane - Coredo, 20 38012";PREDAIA;0463-536416;;coredo.segretario@fpsm.tn.it;;coredo.segretario@fpsm.tn.it;;
"Scuola dell'infanzia di Cristo Re -Trento";;"Scuola dell'infanzia";Paritaria/equiparata;;;"CARMEN FATTORI";"Via Bresadola, 6 38121";TRENTO;0461-823359;;trento.cristore.segretario@fpsm.tn.it;;trento.cristore.segretario@fpsm.tn.it;;
"Scuola dell'infanzia di Cristo Re -Trento";"Scuola dell'Infanzia di Cristo Re -Trento";;Paritaria/equiparata;;;"CARMEN FATTORI";"Via Bresadola, 6 38121";TRENTO;0461-823359;;trento.cristore.segretario@fpsm.tn.it;;trento.cristore.segretario@fpsm.tn.it;;
"Scuola dell'infanzia di Crosano";;"Scuola dell'infanzia";Paritaria/equiparata;;;"SILVANO MEDVES";"Via S Biagio, 30 38060";BRENTONICO;0464-395693;;crosano.segretario@fpsm.tn.it;;crosano.segretario@fpsm.tn.it;;
"Scuola dell'infanzia di Crosano";"Scuola dell'Infanzia di Crosano";;Paritaria/equiparata;;;"SILVANO MEDVES";"Via S Biagio, 30 38060";BRENTONICO;0464-395693;;crosano.segretario@fpsm.tn.it;;crosano.segretario@fpsm.tn.it;;
"Scuola dell'infanzia di Dimaro";;"Scuola dell'infanzia";Paritaria/equiparata;;;"ROBERTA BERTOLAS";"Via Alla Chiesa - Dimaro, 26 38025";"DIMARO FOLGARIDA";0463-974301;;dimaro.contabile@fpsm.tn.it;;dimaro.segretario@fpsm.tn.it;;
"Scuola dell'infanzia di Dimaro";"Scuola dell'Infanzia di Dimaro";;Paritaria/equiparata;;;"ROBERTA BERTOLAS";"Via Alla Chiesa - Dimaro, 26 38025";"DIMARO FOLGARIDA";0463-974301;;dimaro.contabile@fpsm.tn.it;;dimaro.segretario@fpsm.tn.it;;
"Scuola dell'infanzia di Faver";;"Scuola dell'infanzia";Paritaria/equiparata;;;"PAMELA TOMASELLI";"Via Perlaia - Faver, 17 38030";ALTAVALLE;"328 7310914";;faver.presidente@fpsm.tn.it;;faver.segretario@fpsm.tn.it;;
"Scuola dell'infanzia di Faver";"Scuola dell'Infanzia di Faver";;Paritaria/equiparata;;;"PAMELA TOMASELLI";"Via Perlaia - Faver, 17 38030";ALTAVALLE;"328 7310914";;faver.presidente@fpsm.tn.it;;faver.segretario@fpsm.tn.it;;
"Scuola dell'infanzia di Fiavè";;"Scuola dell'infanzia";Paritaria/equiparata;;;"LORENZO SANTORUM";"Piazza S Sebastiano, 24 38075";FIAVE';0465-735129;;fiave.contabile@fpsm.tn.it;;fiave.segretario@fpsm.tn.it;;
"Scuola dell'infanzia di Fiavè";"Scuola dell'Infanzia di Fiavè";;Paritaria/equiparata;;;"LORENZO SANTORUM";"Piazza S Sebastiano, 24 38075";FIAVE';0465-735129;;fiave.contabile@fpsm.tn.it;;fiave.segretario@fpsm.tn.it;;
"Scuola dell'infanzia di Fiera di Primiero";;"Scuola dell'infanzia";Paritaria/equiparata;;;"DANIELA DALCASTAGNE'";"Viale Marconi - Pieve, 1 38054";"PRIMIERO SAN MARTINO DI CASTROZZA";0439-762196;0439764911;fiera.presidente@fpsm.tn.it;;fiera.segretario@fpsm.tn.it;;
"Scuola dell'infanzia di Fiera di Primiero";"Scuola dell'Infanzia di Fiera di Primiero";;Paritaria/equiparata;;;"DANIELA DALCASTAGNE'";"Viale Marconi - Pieve, 1 38054";"PRIMIERO SAN MARTINO DI CASTROZZA";0439-762196;0439764911;fiera.presidente@fpsm.tn.it;;fiera.segretario@fpsm.tn.it;;
"Scuola dell'infanzia di Fornace";;"Scuola dell'infanzia";Paritaria/equiparata;;;"MARIANGELA SIMONCINI";"Via Del Borgolet, 16 38040";FORNACE;0461-849351;;fornace.presidente@fpsm.tn.it;;fornace.segretario@fpsm.tn.it;;
"Scuola dell'infanzia di Fornace";"Scuola dell'Infanzia di Fornace";;Paritaria/equiparata;;;"MARIANGELA SIMONCINI";"Via Del Borgolet, 16 38040";FORNACE;0461-849351;;fornace.presidente@fpsm.tn.it;;fornace.segretario@fpsm.tn.it;;
"Scuola dell'infanzia di Gardolo";;"Scuola dell'infanzia";Paritaria/equiparata;;;"CARMEN FATTORI";"Via S Anna, 9 38121";TRENTO;0461-990296;;gardolo.segretario@fpsm.tn.it;;gardolo.segretario@fpsm.tn.it;;
"Scuola dell'infanzia di Gardolo";"Scuola dell'Infanzia di Gardolo";;Paritaria/equiparata;;;"CARMEN FATTORI";"Via S Anna, 9 38121";TRENTO;0461-990296;;gardolo.segretario@fpsm.tn.it;;gardolo.segretario@fpsm.tn.it;;
"Scuola dell'infanzia di Ghiaie di Gardolo";;"Scuola dell'infanzia";Paritaria/equiparata;;;"CARMEN FATTORI";"Via del Loghét, 69 38121";TRENTO;0461-990050;;ghiaie.segretario@fpsm.tn.it;;ghiaie.segretario@fpsm.tn.it;;
"Coordinamento pedagogico scuole provinciali dell'infanzia ladine";"Scuola dell'Infanzia di Canazei ""Don Simone Micheluzzi de Ciciol""";;"A carattere statale/provinciale";;;"TATIANA SORAPERRA";"Via de Magoa, 24 38032";"CANAZEI - CIANACEI";0462/601631;0462/760001;scuolainfanzia.canazei@scuole.provincia.tn.it;;coordinamento.scuoleladine@provincia.tn.it;;
"Coordinamento pedagogico scuole provinciali dell'infanzia ladine";"Scuola dell'Infanzia di Soraga";;"A carattere statale/provinciale";;;"TATIANA SORAPERRA";"Strada Dolomites, 19 38030";"SORAGA - SORAGA";0462/768277;0462/760001;scuolainfanzia.soraga@scuole.provincia.tn.it;;coordinamento.scuoleladine@provincia.tn.it;;
"Circolo di coordinamento n. 4";"Scuola dell'Infanzia di Trento  Ravina  ""Girotondo""";;"A carattere statale/provinciale";;;"RITA FERENZENA";"Via Per Belvedere, 8 38123";TRENTO;0461/922216;0461/496950;scuolainfanzia.ravina@scuole.provincia.tn.it;;circolo.coordinamento04@provincia.tn.it;;
"Circolo di coordinamento n. 4";"Scuola dell'Infanzia di Trento  Romagnano  ""Gli Gnomi del Bosco""";;"A carattere statale/provinciale";;;"RITA FERENZENA";"Via Delle Prede, 2 38123";TRENTO;0461/349153;0461/496950;scuolainfanzia.romagnano@scuole.provincia.tn.it;;circolo.coordinamento04@provincia.tn.it;;
"Circolo di coordinamento n. 7";;"Circolo di coordinamento pedagogico";"A carattere statale/provinciale";;;"LAURA BERTOLDI";"Via Filos, 2 38017";MEZZOLOMBARDO;0461/494331;0461/494334;circolo.coordinamento07@provincia.tn.it;;circolo.coordinamento07@provincia.tn.it;;
"Circolo di coordinamento n. 7";"Scuola dell'Infanzia di Cavedago  ""L'albero azzurro""";;"A carattere statale/provinciale";;;"LAURA BERTOLDI";"Piazza S Lorenzo, 2 38010";CAVEDAGO;0461/654340;0461/494334;scuolainfanzia.cavedago@scuole.provincia.tn.it;;circolo.coordinamento07@provincia.tn.it;;
"Circolo di coordinamento n. 7";"Scuola dell'Infanzia di Cles  ""Casa del sole""";;"A carattere statale/provinciale";;;"LAURA BERTOLDI";"Via Dallafior, 36 38023";CLES;0463/421760;0461/494334;scuolainfanzia.cles@scuole.provincia.tn.it;;circolo.coordinamento07@provincia.tn.it;;
"Circolo di coordinamento n. 7";"Scuola dell'Infanzia di Cunevo";;"A carattere statale/provinciale";;;"LAURA BERTOLDI";"Via Delle Scuole - Cunevo, 6 38010";CONTÁ;0461/652520;0461/494334;scuolainfanzia.cunevo@scuole.provincia.tn.it;;circolo.coordinamento07@provincia.tn.it;;
"Circolo di coordinamento n. 7";"Scuola dell'Infanzia di Fai Paganella";;"A carattere statale/provinciale";;;"LAURA BERTOLDI";"Via Villa, 43 38010";"FAI DELLA PAGANELLA";0461/583360;0461/494334;scuolainfanzia.fai@scuole.provincia.tn.it;;circolo.coordinamento07@provincia.tn.it;;
"Circolo di coordinamento n. 7";"Scuola dell'Infanzia di Rallo di Tassullo  ""Nuovo germoglio""";;"A carattere statale/provinciale";;;"LAURA BERTOLDI";"Via Fratelli Pinamonti - Rallo - Tassullo,   38019";"VILLE D'ANAUNIA";0463/451568;0461/494334;scuolainfanzia.rallo@scuole.provincia.tn.it;;circolo.coordinamento07@provincia.tn.it;;
"Circolo di coordinamento n. 7";"Scuola dell'Infanzia di Revò ""I girasoli""";;"A carattere statale/provinciale";;;"LAURA BERTOLDI";"Via Canestrini, 9/A 38028";NOVELLA;0463/431044;0461/494334;scuolainfanzia.revo@scuole.provincia.tn.it;;circolo.coordinamento07@provincia.tn.it;;
"Circolo di coordinamento n. 7";"Scuola dell'Infanzia di Roverè della Luna";;"A carattere statale/provinciale";;;"LAURA BERTOLDI";"Via Villotta, 10 38030";"ROVERE' DELLA LUNA";0461/658519;0461/494334;scuolainfanzia.roveredellaluna@scuole.provincia.tn.it;;circolo.coordinamento07@provincia.tn.it;;
"Circolo di coordinamento n. 7";"Scuola dell'Infanzia di Sporminore ""Fratelli Remondini""";;"A carattere statale/provinciale";;;"LAURA BERTOLDI";"Piazza Anaunia, 2 38010";SPORMINORE;0461/641186;0461/494334;scuolainfanzia.sporminore@scuole.provincia.tn.it;;circolo.coordinamento07@provincia.tn.it;;
"Circolo di coordinamento n. 7";"Scuola dell'Infanzia di Vervò  ""Il bosco degli gnomi""";;"A carattere statale/provinciale";;;"LAURA BERTOLDI";"Via Castel Vervassium - Vervo, 7 38012";PREDAIA;0463/463314;0461/494334;scuolainfanzia.vervo@scuole.provincia.tn.it;;circolo.coordinamento07@provincia.tn.it;;
"Circolo di coordinamento n. 11";"Scuola dell'Infanzia di Pellizzano ""Antonio Bontempelli""";;"A carattere statale/provinciale";;;"SIMONETTA ERRIGO";"Via Dei Baschenis, 3 38020";PELLIZZANO;"0463 751953";0461/491940;scuolainfanzia.pellizzano@scuole.provincia.tn.it;;circolo.coordinamento11@provincia.tn.it;;
"Scuola dell'infanzia di Spormaggiore";;"Scuola dell'infanzia";Paritaria/equiparata;;;"UTE PANCHER";"Via dell Asilo, 2 38010";SPORMAGGIORE;" 0461 1827171";;spormaggiore.contabile@fpsm.tn.it;;spormaggiore.segretario@fpsm.tn.it;;
"Scuola dell'infanzia di Spormaggiore";"Scuola dell'Infanzia di Spormaggiore";;Paritaria/equiparata;;;"UTE PANCHER";"Via dell Asilo, 2 38010";SPORMAGGIORE;" 0461 1827171";;spormaggiore.contabile@fpsm.tn.it;;spormaggiore.segretario@fpsm.tn.it;;
"Circolo di coordinamento n. 11";"Scuola dell'Infanzia di Livo ""Battito d'ali""";;"A carattere statale/provinciale";;;"SIMONETTA ERRIGO";"Via Marconi, 17 38020";LIVO;0463/533522;0461/491940;scuolainfanzia.livo@scuole.provincia.tn.it;;circolo.coordinamento11@provincia.tn.it;;
"Circolo di coordinamento n. 10";"Scuola dell'Infanzia di Nogaredo";;"A carattere statale/provinciale";;;"GINEVRA RELLA";"Via Verdi, 38 38060";NOGAREDO;0464/411244;0464/493115;scuolainfanzia.nogaredo@scuole.provincia.tn.it;;circolo.coordinamento10@provincia.tn.it;;
"Circolo di coordinamento n. 10";"Scuola dell'Infanzia di Calliano ""Matite colorate""";;"A carattere statale/provinciale";;;"GINEVRA RELLA";"Via III Novembre, 33 38060";CALLIANO;0464/835165;0464/493115;scuolainfanzia.calliano@scuole.provincia.tn.it;;circolo.coordinamento10@provincia.tn.it;;
"Circolo di coordinamento n. 10";"Scuola dell'Infanzia di Rovereto Rione Nord ""Mille colori""";;"A carattere statale/provinciale";;;"GINEVRA RELLA";"Via Chiocchetti, 1 38068";ROVERETO;0464/435355;0464/493115;scuolainfanzia.rionenord@scuole.provincia.tn.it;;circolo.coordinamento10@provincia.tn.it;;
"Circolo di coordinamento n. 10";;"Circolo di coordinamento pedagogico";"A carattere statale/provinciale";;;"GINEVRA RELLA";"Viale Trento, 37/E 38068";ROVERETO;0464/493114;0464/493115;circolo.coordinamento10@provincia.tn.it;;circolo.coordinamento10@provincia.tn.it;;
"Circolo di coordinamento n. 10";"Scuola dell'Infanzia di Rovereto  S.Ilario ""Amici della scuola""";;"A carattere statale/provinciale";;;"GINEVRA RELLA";"Via Monti, 4A 38068";ROVERETO;0464/411901;0464/493115;scuolainfanzia.santilario@scuole.provincia.tn.it;;circolo.coordinamento10@provincia.tn.it;;
"Circolo di coordinamento n. 11";"Scuola dell'Infanzia di Monclassico";;"A carattere statale/provinciale";;;"SIMONETTA ERRIGO";"Via Berera - Monclassico, 6 38025";"DIMARO FOLGARIDA";0463/974606;0461/491940;scuolainfanzia.monclassico@scuole.provincia.tn.it;;circolo.coordinamento11@provincia.tn.it;;
"Circolo di coordinamento n. 11";"Scuola dell'Infanzia di Rabbi";;"A carattere statale/provinciale";;;"SIMONETTA ERRIGO";"Frazione Pracorno, 98/B 38020";RABBI;0463/902652;0461/491940;scuolainfanzia.rabbi@scuole.provincia.tn.it;;circolo.coordinamento11@provincia.tn.it;;
"Circolo di coordinamento n. 3";"Scuola dell'Infanzia di Trento  ""Crosina Sartori""";;"A carattere statale/provinciale";;;"CHIARA NADALON";"Via Gocciadoro, 84 38122";TRENTO;0461/925679;0461/497257;scuolainfanzia.crosina@scuole.provincia.tn.it;;circolo.coordinamento03@provincia.tn.it;;
"Circolo di coordinamento n. 10";"Scuola dell'Infanzia di Besenello";;"A carattere statale/provinciale";;;"GINEVRA RELLA";"Via Vanzetti, 3 38060";BESENELLO;0464/834946;0464/493115;scuolainfanzia.besenello@scuole.provincia.tn.it;;circolo.coordinamento10@provincia.tn.it;;
"Circolo di coordinamento n. 11";"Scuola dell'Infanzia di Terzolas ""Caterina Graifenberg""";;"A carattere statale/provinciale";;;"SIMONETTA ERRIGO";"Via Kessler, 23 38027";TERZOLAS;0463/901977;0461/491940;scuolainfanzia.terzolas@scuole.provincia.tn.it;;circolo.coordinamento11@provincia.tn.it;;
"Circolo di coordinamento n. 11";"Scuola dell'Infanzia di Romeno  ""Città della gioia""";;"A carattere statale/provinciale";;;"SIMONETTA ERRIGO";"Via Monsignor Rosati, 6 38010";ROMENO;0463/875195;0461/491940;scuolainfanzia.romeno@scuole.provincia.tn.it;;circolo.coordinamento11@provincia.tn.it;;
"Circolo di coordinamento n. 10";"Scuola dell'Infanzia di Rovereto Brione";;"A carattere statale/provinciale";;;"GINEVRA RELLA";"Via Puccini, 26 38068";ROVERETO;0464/412892;0464/493115;scuolainfanzia.brione@scuole.provincia.tn.it;;circolo.coordinamento10@provincia.tn.it;;
"Circolo di coordinamento n. 11";"Scuola dell'Infanzia di Castelfondo";;"A carattere statale/provinciale";;;"SIMONETTA ERRIGO";"Via Madonna Pellegrina, 5 38020";"BORGO D'ANAUNIA";0463/889189;0461/491940;scuolainfanzia.castelfondo@scuole.provincia.tn.it;;circolo.coordinamento11@provincia.tn.it;;
"Circolo di coordinamento n. 11";"Scuola dell'Infanzia di Mione Rumo";;"A carattere statale/provinciale";;;"SIMONETTA ERRIGO";"Frazione Mione, 54 38020";RUMO;0463/530420;0461/491940;scuolainfanzia.rumo@scuole.provincia.tn.it;;circolo.coordinamento11@provincia.tn.it;;
"Circolo di coordinamento n. 3";"Scuola dell'Infanzia di Trento  Povo ""M.C. Conotter""";;"A carattere statale/provinciale";;;"CHIARA NADALON";"Via Della Resistenza, 48 38123";TRENTO;0461/810574;0461/497257;scuolainfanzia.povo@scuole.provincia.tn.it;;circolo.coordinamento03@provincia.tn.it;;
"Circolo di coordinamento n. 3";"Scuola dell'Infanzia di Trento S.Martino";;"A carattere statale/provinciale";;;"CHIARA NADALON";"Via della Predara, 16 38121";TRENTO;0461/237516;0461/497257;scuolainfanzia.sanmartino@scuole.provincia.tn.it;;circolo.coordinamento03@provincia.tn.it;;
"Circolo di coordinamento n. 11";"Scuola dell'Infanzia di Mezzana ""A. Ravelli""";;"A carattere statale/provinciale";;;"SIMONETTA ERRIGO";"Via Manzoni, 22 38020";MEZZANA;0463/756018;0461/491940;scuolainfanzia.mezzana@scuole.provincia.tn.it;;circolo.coordinamento11@provincia.tn.it;;
"Circolo di coordinamento n. 3";"Scuola dell'Infanzia di Trento  ""Gianni Rodari""";;"A carattere statale/provinciale";;;"CHIARA NADALON";"Via Giovanelli, 6 38122";TRENTO;0461/986198;0461/497257;scuolainfanzia.rodari@scuole.provincia.tn.it;;circolo.coordinamento03@provincia.tn.it;;
"Circolo di coordinamento n. 11";"Scuola dell'Infanzia di Ruffrè";;"A carattere statale/provinciale";;;"SIMONETTA ERRIGO";"Maso Lana, 3 38010";"RUFFRE' - MENDOLA";0463/870011;0461/491940;scuolainfanzia.ruffre@scuole.provincia.tn.it;;circolo.coordinamento11@provincia.tn.it;;
"Circolo di coordinamento n. 11";"Scuola dell'Infanzia di Cogolo";;"A carattere statale/provinciale";;;"SIMONETTA ERRIGO";"Via Roma, 83 38024";PEIO;0463/754108;0461/491940;scuolainfanzia.cogolo@scuole.provincia.tn.it;;circolo.coordinamento11@provincia.tn.it;;
"Circolo di coordinamento n. 11";"Scuola dell'Infanzia di Sarnonico ""Giardino dei sogni""";;"A carattere statale/provinciale";;;"SIMONETTA ERRIGO";"Viale S Lorenzo, 6 38011";SARNONICO;0463/831603;0461/491940;scuolainfanzia.sarnonico@scuole.provincia.tn.it;;circolo.coordinamento11@provincia.tn.it;;
"Circolo di coordinamento n. 3";"Scuola dell'Infanzia di Trento Clarina   ""Piccolo mondo""";;"A carattere statale/provinciale";;;"CHIARA NADALON";"Via Gramsci, 11 38123";TRENTO;0461/925726;0461/497257;scuolainfanzia.piccolomondo@scuole.provincia.tn.it;;circolo.coordinamento03@provincia.tn.it;;
"Scuola dell'infanzia di Predazzo";;"Scuola dell'infanzia";Paritaria/equiparata;;;"SARA DE ZOLT";"Via Gabrielli, 1 38037";PREDAZZO;0462-501312;;predazzo.presidente@fpsm.tn.it;;predazzo.segretario@fpsm.tn.it;;
"Scuola dell'infanzia di Predazzo";"Scuola dell'Infanzia di Predazzo";;Paritaria/equiparata;;;"SARA DE ZOLT";"Via Gabrielli, 1 38037";PREDAZZO;0462-501312;;predazzo.presidente@fpsm.tn.it;;predazzo.segretario@fpsm.tn.it;;
"Scuola dell'infanzia di Trento ""G. B. Zanella ODV""";;"Scuola dell'infanzia";Paritaria/equiparata;;;"ALESSANDRA BIANCHI";"Via Gar, 1 38122";TRENTO;0461-233744;0461-233744;segreteria@gbzanella.it;;;;
"Scuola dell'infanzia di Cavalese";;"Scuola dell'infanzia";Paritaria/equiparata;;;"TIZIANA CEOL";"Via Regolani, 4 38033";CAVALESE;0462-341673;;cavalese.segretario@fpsm.tn.it;;cavalese.presidente@fpsm.tn.it;;
"Scuola dell'infanzia di Cavalese";"Scuola dell'Infanzia di Cavalese";;Paritaria/equiparata;;;"TIZIANA CEOL";"Via Regolani, 4 38033";CAVALESE;0462-341673;;cavalese.segretario@fpsm.tn.it;;cavalese.presidente@fpsm.tn.it;;
"Scuola dell'infanzia di Ziano di Fiemme";;"Scuola dell'infanzia";Paritaria/equiparata;;;"SARA DE ZOLT";"Piazza Italia, 8 38030";"ZIANO DI FIEMME";3703621992;;ziano.presidente@fpsm.tn.it;;ziano.segretario@fpsm.tn.it;;
"Scuola dell'infanzia di Ziano di Fiemme";"Scuola dell'Infanzia di Ziano di Fiemme";;Paritaria/equiparata;;;"SARA DE ZOLT";"Piazza Italia, 8 38030";"ZIANO DI FIEMME";3703621992;;ziano.presidente@fpsm.tn.it;;ziano.segretario@fpsm.tn.it;;
"Scuola dell'infanzia di Ospedaletto";;"Scuola dell'infanzia";Paritaria/equiparata;;;"DANIELA DALCASTAGNE'";"Via  Don Tosi, 14 38050";OSPEDALETTO;"347 0362437";;ospedaletto.presidente@fpsm.tn.it;;ospedaletto.segretario@fpsm.tn.it;;
"Scuola dell'infanzia di Castelnuovo";"Scuola dell'Infanzia di Castelnuovo";;Paritaria/equiparata;;;"PAOLA SANGIORGI";"Piazza Municipio, 2 38050";CASTELNUOVO;0461-753637;;entesantamargherita@gmail.com;;castelnuovo.segretario@fpsm.tn.it;;
"Scuola dell'infanzia di Ospedaletto";"Scuola dell'Infanzia di Ospedaletto";;Paritaria/equiparata;;;"DANIELA DALCASTAGNE'";"Via  Don Tosi, 14 38050";OSPEDALETTO;"347 0362437";;ospedaletto.presidente@fpsm.tn.it;;ospedaletto.segretario@fpsm.tn.it;;
"Scuola dell'infanzia di Tuenno";;"Scuola dell'infanzia";Paritaria/equiparata;;;"UTE PANCHER";"Via Marconi - Tuenno, 2 38019";"VILLE D'ANAUNIA";0463-451238;;tuenno.segretario@fpsm.tn.it;;tuenno.segretario@fpsm.tn.it;;
"Scuola dell'infanzia di Castelnuovo";;"Scuola dell'infanzia";Paritaria/equiparata;;;"PAOLA SANGIORGI";"Piazza Municipio, 2 38050";CASTELNUOVO;0461-753637;;entesantamargherita@gmail.com;;castelnuovo.segretario@fpsm.tn.it;;
"Scuola dell'infanzia di Tuenno";"Scuola dell'Infanzia di Tuenno";;Paritaria/equiparata;;;"UTE PANCHER";"Via Marconi - Tuenno, 2 38019";"VILLE D'ANAUNIA";0463-451238;;tuenno.segretario@fpsm.tn.it;;tuenno.segretario@fpsm.tn.it;;
"Circolo di coordinamento n. 5";"Scuola dell'Infanzia di Trento Gardolo Paludi  ""Biancaneve""";;"A carattere statale/provinciale";;;"MARTINA BASSETTI";"Via Paludi, 9/1 38121";TRENTO;0461/992128;0461/497257;scuolainfanzia.gardolo@scuole.provincia.tn.it;;circolo.coordinamento05@provincia.tn.it;;
"Circolo di coordinamento n. 5";"Scuola dell'Infanzia di Trento Roncafort  ""Margit Levinson""";;"A carattere statale/provinciale";;;"MARTINA BASSETTI";"Via Dell Asilo, 8 38121";TRENTO;0461/960422;0461/497257;scuolainfanzia.roncafort@scuole.provincia.tn.it;;circolo.coordinamento05@provincia.tn.it;;
"Circolo di coordinamento n. 5";"Scuola dell'Infanzia di Terlago";;"A carattere statale/provinciale";;;"MARTINA BASSETTI";"Via Degasperi - Terlago, 7 38070";VALLELAGHI;0461/860304;0461/497257;scuolainfanzia.terlago@scuole.provincia.tn.it;;circolo.coordinamento05@provincia.tn.it;;
"Circolo di coordinamento n. 5";"Scuola dell'Infanzia di Trento  Sardagna";;"A carattere statale/provinciale";;;"MARTINA BASSETTI";"Via dei Caduti di Sardagna, 8 38123";TRENTO;0461/234186;0461/497257;scuolainfanzia.sardagna@scuole.provincia.tn.it;;circolo.coordinamento05@provincia.tn.it;;
"Circolo di coordinamento n. 5";"Scuola dell'Infanzia di Trento  Cadine  ""Il Melograno""";;"A carattere statale/provinciale";;;"MARTINA BASSETTI";"Via di Coltura, 3 38123";TRENTO;0461/866302;0461/497257;scuolainfanzia.cadine@scuole.provincia.tn.it;;circolo.coordinamento05@provincia.tn.it;;
"Circolo di coordinamento n. 5";"Scuola dell'Infanzia di Lasino";;"A carattere statale/provinciale";;;"MARTINA BASSETTI";"Via Lagolo - Lasino, 47 38076";MADRUZZO;0461/564600;0461/497257;scuolainfanzia.lasino@scuole.provincia.tn.it;;circolo.coordinamento05@provincia.tn.it;;
"Circolo di coordinamento n. 5";"Scuola dell'Infanzia di Calavino";;"A carattere statale/provinciale";;;"MARTINA BASSETTI";"Via Pedrini - Calavino, 28 38076";MADRUZZO;0461/564630;0461/497257;scuolainfanzia.calavino@scuole.provincia.tn.it;;circolo.coordinamento05@provincia.tn.it;;
"ASSOCIAZIONE RUDOLF STEINER PER LA PEDAGOGIA APS - ROVERETO";;"Scuola dell'infanzia";Paritaria/equiparata;;;;"Via Stazione Mori, 10 38068";ROVERETO;;;;;;;
"Circolo di coordinamento n. 3";"Scuola dell'Infanzia di Trento Madonna Bianca ""L'albero del sole""";;"A carattere statale/provinciale";;;"CHIARA NADALON";"Via Bettini, 3 38123";TRENTO;0461/922124;0461/497257;scuolainfanzia.madonnabianca@scuole.provincia.tn.it;;circolo.coordinamento03@provincia.tn.it;;
"Scuola dell'infanzia di Rovereto ""Rosmini""";"Scuola dell'Infanzia di Rovereto ""Rosmini""";;Paritaria/equiparata;;;"ROBERTA MEDEGHINI";"Corso Rosmini, 3 38068";ROVERETO;0464-421541;;rovereto.rosmini.presidente@fpsm.tn.it;;rovereto.rosmini.segretario@fpsm.tn.it;;
"Circolo di coordinamento n. 10";"Scuola dell'Infanzia di Pomarolo  ""Don Rainoldi""";;"A carattere statale/provinciale";;;"GINEVRA RELLA";"Via G.B. Adami, 10 38060";POMAROLO;0464/410211;0464/493115;scuolainfanzia.pomarolo@scuole.provincia.tn.it;;circolo.coordinamento10@provincia.tn.it;;
"Circolo di coordinamento n. 1";"Scuola dell'Infanzia di Baselga di Piné";;"A carattere statale/provinciale";;;"KATIA PEGORETTI";"Via del Municipio Vecchio, 2 38042";"BASELGA DI PINE'";0461/557640;0461/493495;scuolainfanzia.baselgadipine@scuole.provincia.tn.it;;circolo.coordinamento01@provincia.tn.it;;
"Circolo di coordinamento n. 2";"Scuola dell'Infanzia di Vigolo Vattaro ""Giardino dell'Amicizia""";;"A carattere statale/provinciale";;;"HELENE GIACOMELLI";"Via Al Castello - Vigolo Vattaro, 10 38049";"ALTOPIANO DELLA VIGOLANA";0461/848577;"0461 491976";scuolainfanzia.vigolovattaro@scuole.provincia.tn.it;;circolo.coordinamento02@provincia.tn.it;;
"Circolo di coordinamento n. 1";"Scuola dell'Infanzia di Miola di Pinè";;"A carattere statale/provinciale";;;"KATIA PEGORETTI";"Via del Dos di Miola, 13 38042";"BASELGA DI PINE'";0461/557950;0461/493495;scuolainfanzia.miola@scuole.provincia.tn.it;;circolo.coordinamento01@provincia.tn.it;;
"Circolo di coordinamento n. 1";"Scuola dell'Infanzia di Seregnano ""Arcobaleno""";;"A carattere statale/provinciale";;;"KATIA PEGORETTI";"Via Alla Villa Wolf - Rovere, 4 38045";CIVEZZANO;0461/858736;0461/493495;scuolainfanzia.seregnano@scuole.provincia.tn.it;;circolo.coordinamento01@provincia.tn.it;;
"Circolo di coordinamento n. 6";"Scuola dell'Infanzia di Zambana ""Girotondo""";;"A carattere statale/provinciale";;;"VALENTINA RIZZON";"Via Conti Spaur, 2 38010";"TERRE D'ADIGE";0461/241060;0461/499283;scuolainfanzia.zambana@scuole.provincia.tn.it;;circolo.coordinamento06@provincia.tn.it;;
"Circolo di coordinamento n. 2";"Scuola dell'Infanzia di Canal San Bovo ""Lausen""";;"A carattere statale/provinciale";;;"HELENE GIACOMELLI";"Localita Lausen, 13 38050";"CANAL SAN BOVO";0439/718979;"0461 491976";scuolainfanzia.canalsanbovo@scuole.provincia.tn.it;;circolo.coordinamento02@provincia.tn.it;;
"Circolo di coordinamento n. 1";"Scuola dell'Infanzia di Rizzolaga di Pinè ""Raggio di sole""";;"A carattere statale/provinciale";;;"KATIA PEGORETTI";"Frazione Rizzolaga, 94 38042";"BASELGA DI PINE'";0461/557629;0461/493495;scuolainfanzia.rizzolaga@scuole.provincia.tn.it;;circolo.coordinamento01@provincia.tn.it;;
"Circolo di coordinamento n. 6";"Scuola dell'Infanzia di Trento  Meano  ""M. R. Giobatta Partelloni""";;"A carattere statale/provinciale";;;"VALENTINA RIZZON";"Via Delle Sugarine, 38 38121";TRENTO;0461/991187;0461/499283;scuolainfanzia.meano@scuole.provincia.tn.it;;circolo.coordinamento06@provincia.tn.it;;
"Circolo di coordinamento n. 2";"Scuola dell'Infanzia di Centa San Nicolò";;"A carattere statale/provinciale";;;"HELENE GIACOMELLI";"Via dei Campi - Centa San Nicolo, 14 38049";"ALTOPIANO DELLA VIGOLANA";0461/722120;"0461 491976";scuolainfanzia.centa@scuole.provincia.tn.it;;circolo.coordinamento02@provincia.tn.it;;
"Circolo di coordinamento n. 2";"Scuola dell'Infanzia di Tenna ""Il sentiero""";;"A carattere statale/provinciale";;;"HELENE GIACOMELLI";"Via Venezia, 1 38050";TENNA;0461/707635;"0461 491976";scuolainfanzia.tenna@scuole.provincia.tn.it;;circolo.coordinamento02@provincia.tn.it;;
"Circolo di coordinamento n. 6";"Scuola dell'Infanzia di Trento  Martignano  ""Arcobaleno""";;"A carattere statale/provinciale";;;"VALENTINA RIZZON";"Via Alla Formigheta, 4 38121";TRENTO;0461/830411;0461/499283;scuolainfanzia.martignano@scuole.provincia.tn.it;;circolo.coordinamento06@provincia.tn.it;;
"Circolo di coordinamento n. 6";"Scuola dell'Infanzia di Trento  Solteri  ""Il Quadrifoglio""";;"A carattere statale/provinciale";;;"VALENTINA RIZZON";"Via Dei Solteri, 24 38121";TRENTO;0461/821343;0461/499283;scuolainfanzia.solteri@scuole.provincia.tn.it;;circolo.coordinamento06@provincia.tn.it;;
"Circolo di coordinamento n. 6";"Scuola dell'Infanzia di Grumes";;"A carattere statale/provinciale";;;"VALENTINA RIZZON";"Piazza Municipio - Grumes, 10 38030";ALTAVALLE;0461/685022;0461/499283;scuolainfanzia.grumes@scuole.provincia.tn.it;;circolo.coordinamento06@provincia.tn.it;;
"Circolo di coordinamento n. 1";"Scuola dell'Infanzia di Civezzano";;"A carattere statale/provinciale";;;"KATIA PEGORETTI";"Via Telvana, 4 38045";CIVEZZANO;0461/858481;0461/493495;scuolainfanzia.civezzano@scuole.provincia.tn.it;;circolo.coordinamento01@provincia.tn.it;;
"Circolo di coordinamento n. 6";"Scuola dell'Infanzia di Trento  Melta di Gardolo  ""Il girasole""";;"A carattere statale/provinciale";;;"VALENTINA RIZZON";"Localita Melta, 14 38121";TRENTO;0461/991622;0461/499283;scuolainfanzia.melta@scuole.provincia.tn.it;;circolo.coordinamento06@provincia.tn.it;;
"Circolo di coordinamento n. 1";"Scuola dell'Infanzia di Capriana ""Maddalena Lazzeri""";;"A carattere statale/provinciale";;;"KATIA PEGORETTI";"Piazza Scuole, 3 38030";CAPRIANA;0462/816377;0461/493495;scuolainfanzia.capriana@scuole.provincia.tn.it;;circolo.coordinamento01@provincia.tn.it;;
"Circolo di coordinamento n. 2";"Scuola dell'Infanzia di Vattaro";;"A carattere statale/provinciale";;;"HELENE GIACOMELLI";"Via Giardino - Vattaro, 7 38049";"ALTOPIANO DELLA VIGOLANA";0461/848066;"0461 491976";scuolainfanzia.vattaro@scuole.provincia.tn.it;;circolo.coordinamento02@provincia.tn.it;;
"Circolo di coordinamento n. 1";"Scuola dell'Infanzia di S. Orsola ""Il girotondo""";;"A carattere statale/provinciale";;;"KATIA PEGORETTI";"Localita Pintarei, 9 38050";"SANT'ORSOLA TERME";0461/551163;0461/493495;scuolainfanzia.santorsola@scuole.provincia.tn.it;;circolo.coordinamento01@provincia.tn.it;;
"Circolo di coordinamento n. 1";"Scuola dell'Infanzia di Piazze";;"A carattere statale/provinciale";;;"KATIA PEGORETTI";"Via Vittorino da Feltre, 24 38043";BEDOLLO;0461/556518;0461/493495;scuolainfanzia.bedollo@scuole.provincia.tn.it;;circolo.coordinamento01@provincia.tn.it;;
"Circolo di coordinamento n. 2";"Scuola dell'Infanzia di Bosentino";;"A carattere statale/provinciale";;;"HELENE GIACOMELLI";"Via Alle Scuole - Bosentino, 12 38049";"ALTOPIANO DELLA VIGOLANA";0461/845133;"0461 491976";scuolainfanzia.bosentino@scuole.provincia.tn.it;;circolo.coordinamento02@provincia.tn.it;;
"Circolo di coordinamento n. 2";;"Circolo di coordinamento pedagogico";"A carattere statale/provinciale";;;"HELENE GIACOMELLI";"Via Temanza, 4 38051";"BORGO VALSUGANA";"0461 491980";"0461 491976";circolo.coordinamento02@provincia.tn.it;;circolo.coordinamento02@provincia.tn.it;;
"Circolo di coordinamento n. 2";"Scuola dell'Infanzia di Imer";;"A carattere statale/provinciale";;;"HELENE GIACOMELLI";"Via Nazionale, 71 38050";IMER;0439/67668;"0461 491976";scuolainfanzia.imer@scuole.provincia.tn.it;;circolo.coordinamento02@provincia.tn.it;;
"Circolo di coordinamento n. 1";"Scuola dell'Infanzia di Casatta";;"A carattere statale/provinciale";;;"KATIA PEGORETTI";"Frazione Casatta, 54 38040";VALFLORIANA;0462/910249;0461/493495;scuolainfanzia.casatta@scuole.provincia.tn.it;;circolo.coordinamento01@provincia.tn.it;;
"Circolo di coordinamento n. 1";"Scuola dell'Infanzia di Molina di Fiemme";;"A carattere statale/provinciale";;;"KATIA PEGORETTI";"Via Segherie, 64/C 38030";"CASTELLO-MOLINA DI FIEMME";0462/230696;0461/493495;scuolainfanzia.molina@scuole.provincia.tn.it;;circolo.coordinamento01@provincia.tn.it;;
"Circolo di coordinamento n. 1";"Scuola dell'Infanzia di Fierozzo ""Himblring""";;"A carattere statale/provinciale";;;"KATIA PEGORETTI";"Maso Ronca, 9 38050";"FIEROZZO - VLARÖTZ";0461/540044;0461/493495;scuolainfanzia.fierozzo@scuole.provincia.tn.it;;circolo.coordinamento01@provincia.tn.it;;
"Circolo di coordinamento n. 2";"Scuola dell'Infanzia di Bieno";;"A carattere statale/provinciale";;;"HELENE GIACOMELLI";"Via Ammiraglio Bettolo, 21 38050";BIENO;0461/596247;"0461 491976";scuolainfanzia.bieno@scuole.provincia.tn.it;;circolo.coordinamento02@provincia.tn.it;;
"Circolo di coordinamento n. 2";"Scuola dell'Infanzia di Castello Tesino";;"A carattere statale/provinciale";;;"HELENE GIACOMELLI";"Via Venezia, 16/A 38053";"CASTELLO TESINO";0461/593023;"0461 491976";scuolainfanzia.castellotesino@scuole.provincia.tn.it;;circolo.coordinamento02@provincia.tn.it;;
"Circolo di coordinamento n. 1";;"Circolo di coordinamento pedagogico";"A carattere statale/provinciale";;;"KATIA PEGORETTI";"Viale Dante, 5 38057";"PERGINE VALSUGANA";0461/493491;0461/493495;circolo.coordinamento01@provincia.tn.it;;circolo.coordinamento01@provincia.tn.it;;
"Circolo di coordinamento n. 6";"Scuola dell'Infanzia di Giovo  ""Il Pellicano""";;"A carattere statale/provinciale";;;"VALENTINA RIZZON";"Via Delle Scuole, 9 38030";GIOVO;0461/684978;0461/499283;scuolainfanzia.paludigiovo@scuole.provincia.tn.it;;circolo.coordinamento06@provincia.tn.it;;
"Scuola dell'infanzia di Taio ""Asilo infantile di Taio ODV""";;"Scuola dell'infanzia";Paritaria/equiparata;;;"UTE PANCHER";"Via Edison - Taio, 3 38012";PREDAIA;0463-468269;;taio.presidente@fpsm.tn.it;;taio.segretario@fpsm.tn.it;;
"Scuola dell'infanzia di Trento ""G. B. Zanella ODV""";"Scuola dell'infanzia di Trento ""G. B. Zanella ODV""";;Paritaria/equiparata;;;"ALESSANDRA BIANCHI";"Via Gar, 1 38122";TRENTO;0461-233744;0461-233744;segreteria@gbzanella.it;;;;
"Scuola dell'infanzia di Taio ""Asilo infantile di Taio ODV""";"Scuola dell'infanzia di Taio ""Asilo infantile di Taio ODV""";;Paritaria/equiparata;;;"UTE PANCHER";"Via Edison - Taio, 3 38012";PREDAIA;0463-468269;;taio.presidente@fpsm.tn.it;;taio.segretario@fpsm.tn.it;;
"Circolo di coordinamento n. 2";"Scuola dell'Infanzia di Levico Terme ""Taita Marcos""";;"A carattere statale/provinciale";;;"HELENE GIACOMELLI";"Via Monsignor Caproni, 1 38056";"LEVICO TERME";0461/710298;"0461 491976";scuolainfanzia.levico@scuole.provincia.tn.it;;circolo.coordinamento02@provincia.tn.it;;
"Scuola dell'infanzia di Albiano";;"Scuola dell'infanzia";Paritaria/equiparata;;;"PAMELA TOMASELLI";"Via S Antonio, 22 38041";ALBIANO;0461/689486;"0461 723325";albiano.presidente@fpsm.tn.it;;albiano.segretario@fpsm.tn.it;;
"Circolo di coordinamento n. 4";"Scuola dell'Infanzia di Trento S.Giuseppe ""Maso Ginocchio - Collodi""";;"A carattere statale/provinciale";;;"RITA FERENZENA";"Via Giusti, 56 38122";TRENTO;0461/930042;0461/496950;scuolainfanzia.sangiuseppe@scuole.provincia.tn.it;;circolo.coordinamento04@provincia.tn.it;;
"Scuola dell'Infanzia di Trento ""Antonio Tambosi ODV""";"Scuola dell'Infanzia di Trento ""Antonio Tambosi ODV""";;Paritaria/equiparata;;;;"Via Francesco Ferruccio, 4 38122";TRENTO;0461/237392;0461-237392;scuolamaterna.tambosi@gmail.com;;;;
"Scuola dell'Infanzia di Lizzana ""Asilo infantile di Lizzana ODV""";"Scuola dell'Infanzia di Lizzana ""Asilo infantile di Lizzana ODV""";;Paritaria/equiparata;;;;"Via Brigata Mantova, 1 38068";ROVERETO;0464-433395;;lizzana.materna@associazionecoesi.com;;;;
"Scuola dell'Infanzia di Serso ""Don Ochner ODV"" ";;"Scuola dell'infanzia";Paritaria/equiparata;;;;"Via al Casteler, 1 38057";"PERGINE VALSUGANA";"0461 533843";;serso.asilo@gmail.com;;scuola.donochner@email.it;;
"Scuola dell'Infanzia di Serso ""Don Ochner ODV"" ";"Scuola dell'infanzia di Serso ""Don Ochner ODV""";;Paritaria/equiparata;;;;"Via al Casteler, 1 38057";"PERGINE VALSUGANA";"0461 533843";;serso.asilo@gmail.com;;scuola.donochner@email.it;;
"Scuola dell'Infanzia di Lizzanella ""Asilo infantile di Lizzanella ODV""";;"Scuola dell'infanzia";Paritaria/equiparata;;;;"Corso Verona, 109 38068";ROVERETO;0464/432307;0464-400420;lizzanella.materna@associazionecoesi.com;;;;
"Scuola dell'infanzia di Rovereto ""Clementino Vannetti ODV""";"Scuola dell'Infanzia di Rovereto ""Clementino Vannetti ODV""";;Paritaria/equiparata;;;;"Via S Maria, 58 38068";ROVERETO;"0464 420061";;asilovannetti@gmail.com;;;;
"Circolo di coordinamento n. 3";"Scuola dell'Infanzia di Trento Villazzano 3 ""L'officina degli gnomi""";;"A carattere statale/provinciale";;;"CHIARA NADALON";"Via Conci, 10 38123";TRENTO;0461/920367;0461/497257;scuolainfanzia.villazzano@scuole.provincia.tn.it;;circolo.coordinamento03@provincia.tn.it;;
"Scuola dell'Infanzia di Lavis "" Madre Maddalena di Canossa ODV""";"Scuola dell'Infanzia di Lavis  ""Madre Maddalena di Canossa ODV""";;Paritaria/equiparata;;;;"Via Dei Colli, 4 38015";LAVIS;"0461 240366";0461-249078;lavis.materna@associazionecoesi.com;;;;
"Scuola dell'infanzia di Villazzano";"Scuola dell'Infanzia di Villazzano";;Paritaria/equiparata;;;"IVANA LEONARDELLI";"Via Giordano, 15 38123";TRENTO;0461/920382;;villazzano.segretario@fpsm.tn.it;;villazzano.segretario@fpsm.tn.it;;
"Scuola dell'Infanzia di Lizzanella ""Asilo infantile di Lizzanella ODV""";"Scuola dell'Infanzia di Lizzanella ""Asilo Infantile di Lizzanella ODV""";;Paritaria/equiparata;;;;"Corso Verona, 109 38068";ROVERETO;0464/432307;0464-400420;lizzanella.materna@associazionecoesi.com;;;;
"Scuola dell'Infanzia di Trento ""Sacro Cuore ODV""";;"Scuola dell'infanzia";Paritaria/equiparata;;;"SARA TONAZZOLI";"Piazza S Teresa Verzeri, 4 38122";TRENTO;0461/981465;;materna@istitutosacrocuore.it;;;;
"Scuola dell'infanzia di Aldeno";;"Scuola dell'infanzia";Paritaria/equiparata;;;"SANDRA CIAPPI";"Via XXV Aprile, 5 38060";ALDENO;0461/842597;;aldeno.presidente@fpsm.tn.it;;aldeno.segretario@fpsm.tn.it;;
"Scuola dell'Infanzia di Lavis "" Madre Maddalena di Canossa ODV""";;"Scuola dell'infanzia";Paritaria/equiparata;;;;"Via Dei Colli, 4 38015";LAVIS;0461/240366;0461-249078;lavis.materna@associazionecoesi.com;;;;
"Scuola dell'Infanzia di Breguzzo - Bondo ""Giuseppina Bonazza ODV""";"Scuola dell'Infanzia di Breguzzo - Bondo  ""Giuseppina Bonazza ODV""";;Paritaria/equiparata;;;;"Via Marconi - Breguzzo, 5 38087";"SELLA GIUDICARIE";0465-901550;;breguzzo.bondo.materna@associazionecoesi.com;;;;
"Scuola dell'Infanzia di Breguzzo - Bondo ""Giuseppina Bonazza ODV""";;"Scuola dell'infanzia";Paritaria/equiparata;;;;"Via Marconi - Breguzzo, 5 38087";"SELLA GIUDICARIE";0465-901550;;breguzzo.bondo.materna@associazionecoesi.com;;;;
"Scuola dell'infanzia di Ranzo ""Amici scuola infanzia di Ranzo ODV""";;"Scuola dell'infanzia";Paritaria/equiparata;;;;"Via al Castel Romano - Ranzo - Vezzano, 29 38070";VALLELAGHI;"338 7970838";;ranzo.materna@associazionecoesi.com;;;;
"Scuola dell'Infanzia di Marco - Rovereto ""G. e A. Rosmini - Serbati ODV""";;"Scuola dell'infanzia";Paritaria/equiparata;;;;"Via Alla Stazione, 2 38068";ROVERETO;0464/665395;0464/665395;marco.materna@associazionecoesi.com;;;;
"Scuola dell'Infanzia di Daone ""Asilo infantile di Daone ODV""";;"Scuola dell'infanzia";Paritaria/equiparata;;;"DORIS LOSA";"Via Re di Castello - Daone, 57 38080";VALDAONE;0465/674060;;daone.materna@associazionecoesi.com;;;;
"Scuola dell'Infanzia di Riva ""giardino di Infanzia ODV""";"Scuola dell'Infanzia di Riva  ""Giardino""";;Paritaria/equiparata;;;;"Viale Roma, 32 38066";"RIVA DEL GARDA";0464/552360;0464-560456;rivagiardinodinfanzia@gmail.com;;;;
"Scuola dell'Infanzia di Trento ""S. Antonio ODV""";;"Scuola dell'infanzia";Paritaria/equiparata;;;;"Via Adamello, 2 38122";TRENTO;0461/911027;0461/394133;s.antonio.materna@associazionecoesi.com;;;;
"Scuola dell'infanzia di Albiano";"Scuola dell'Infanzia di Albiano";;Paritaria/equiparata;;;"PAMELA TOMASELLI";"Via S Antonio, 22 38041";ALBIANO;0461/689486;"0461 723325";albiano.presidente@fpsm.tn.it;;albiano.segretario@fpsm.tn.it;;
"Scuola dell'Infanzia di Marco - Rovereto ""G. e A. Rosmini - Serbati ODV""";"Scuola dell'infanzia di Marco-Rovereto ""G. e A. Rosmini-Serbati ODV""";;Paritaria/equiparata;;;;"Via Alla Stazione, 2 38068";ROVERETO;0464/665395;0464/665395;marco.materna@associazionecoesi.com;;;;
"Scuola dell'Infanzia di Daone ""Asilo infantile di Daone ODV""";"Scuola dell'Infanzia di Daone ""Asilo infantile di Daone ODV""";;Paritaria/equiparata;;;"DORIS LOSA";"Via Re di Castello - Daone, 57 38080";VALDAONE;0465/674060;;daone.materna@associazionecoesi.com;;;;
"Scuola dell'infanzia di Rovereto ""Clementino Vannetti ODV""";;"Scuola dell'infanzia";Paritaria/equiparata;;;;"Via S Maria, 58 38068";ROVERETO;"0464 420061";;asilovannetti@gmail.com;;;;
"Scuola dell'Infanzia di Trento ""Sacro Cuore ODV""";"Scuola dell'Infanzia di Trento ""Sacro Cuore ODV""";;Paritaria/equiparata;;;"SARA TONAZZOLI";"Piazza S Teresa Verzeri, 4 38122";TRENTO;0461/981465;;materna@istitutosacrocuore.it;;;;
"Scuola dell'Infanzia di Lizzana ""Asilo infantile di Lizzana ODV""";;"Scuola dell'infanzia";Paritaria/equiparata;;;;"Via Brigata Mantova, 1 38068";ROVERETO;0464/433395;;lizzana.materna@associazionecoesi.com;;;;
"Scuola dell'Infanzia di Riva ""giardino di Infanzia ODV""";;"Scuola dell'infanzia";Paritaria/equiparata;;;;"Viale Roma, 32 38066";"RIVA DEL GARDA";0464/552360;0464-560456;rivagiardinodinfanzia@gmail.com;;;;
"Scuola dell'Infanzia di Trento ""Antonio Tambosi ODV""";;"Scuola dell'infanzia";Paritaria/equiparata;;;;"Via Francesco Ferruccio, 4 38122";TRENTO;0461/237392;0461-237392;scuolamaterna.tambosi@gmail.com;;;;
"Scuola dell'Infanzia di Trento ""S. Antonio ODV""";"Scuola dell'Infanzia di Trento ""S. Antonio ODV""";;Paritaria/equiparata;;;;"Via Adamello, 2 38122";TRENTO;0461/911027;0461/394133;s.antonio.materna@associazionecoesi.com;;;;
"Circolo di coordinamento n. 8";"Scuola dell'Infanzia di Bezzecca - A. Cis";;"A carattere statale/provinciale";;;"MARIA TERESA SCARPELLINI";"Via Generale Dalla Chiesa - Bezzecca, 2 38067";LEDRO;" 0464/592840";0461/493389;scuolainfanzia.bezzecca@scuole.provincia.tn.it;;circolo.coordinamento08@provincia.tn.it;;
"Circolo di coordinamento n. 8";"Scuola dell'Infanzia di Darzo ""L'albero delle castagne""";;"A carattere statale/provinciale";;;"MARIA TERESA SCARPELLINI";"Via S Giovanni Nepomuceno, 11 38089";STORO;0465/685244;0461/493389;scuolainfanzia.darzo@scuole.provincia.tn.it;;circolo.coordinamento08@provincia.tn.it;;
"Circolo di coordinamento n. 8";"Scuola dell'Infanzia di Dro";;"A carattere statale/provinciale";;;"MARIA TERESA SCARPELLINI";"Via S Antonio, 10 38074";DRO;0464/504211;0461/493389;scuolainfanzia.dro@scuole.provincia.tn.it;;circolo.coordinamento08@provincia.tn.it;;
"Circolo di coordinamento n. 8";"Scuola dell'Infanzia di Preore";;"A carattere statale/provinciale";;;"MARIA TERESA SCARPELLINI";"Via Serafini - Preore, 92 38095";"TRE VILLE";0465/321393;0461/493389;scuolainfanzia.preore@scuole.provincia.tn.it;;circolo.coordinamento08@provincia.tn.it;;
"Circolo di coordinamento n. 8";"Scuola dell'Infanzia di Romarzollo";;"A carattere statale/provinciale";;;"MARIA TERESA SCARPELLINI";"Via Fossa, 21 38062";ARCO;0464/532848;0461/493389;scuolainfanzia.arco@scuole.provincia.tn.it;;circolo.coordinamento08@provincia.tn.it;;
"Circolo di coordinamento n. 8";"Scuola dell'Infanzia di Tiarno di Sopra";;"A carattere statale/provinciale";;;"MARIA TERESA SCARPELLINI";"Piazza Milin - Tiarno di Sopra, 13 38067";LEDRO;0464/592850;0461/493389;scuolainfanzia.tiarnodisopra@scuole.provincia.tn.it;;circolo.coordinamento08@provincia.tn.it;;
"Circolo di coordinamento n. 8";"Scuola dell'Infanzia di Zuclo Bolbeno";;"A carattere statale/provinciale";;;"MARIA TERESA SCARPELLINI";"Via Fucina - Zuclo, 12 38079";"BORGO LARES";0465/322790;0461/493389;scuolainfanzia.zuclo@scuole.provincia.tn.it;;circolo.coordinamento08@provincia.tn.it;;
"Scuola dell'Infanzia di Tione di Trento ""Don Giovanni Failoni ODV""";"Scuola dell'Infanzia di Tione di Trento ""Don Giovanni Failoni""";;Paritaria/equiparata;;;;"Piazza Battisti, 4 38079";"TIONE DI TRENTO";"0465 321314";0461/329714;tione.materna@associazionecoesi.com;;;;
"Circolo di coordinamento n. 8";;"Circolo di coordinamento pedagogico";"A carattere statale/provinciale";;;"MARIA TERESA SCARPELLINI";"Via Circonvallazione, 65 38079";"TIONE DI TRENTO";0461/493385;0461/493389;circolo.coordinamento08@provincia.tn.it;;circolo.coordinamento08@provincia.tn.it;;
"Scuola dell'Infanzia di Tione di Trento ""Don Giovanni Failoni ODV""";;"Scuola dell'infanzia";Paritaria/equiparata;;;;"Piazza Battisti, 4 38079";"TIONE DI TRENTO";0461/321314;0461/329714;tione.materna@associazionecoesi.com;;;;
"Circolo di coordinamento n. 2";"Scuola dell'Infanzia di Novaledo ""Don Evaristo Forrer""";;"A carattere statale/provinciale";;;"HELENE GIACOMELLI";"Via Valle, 4 38050";NOVALEDO;0461/721100;"0461 491976";scuolainfanzia.novaledo@scuole.provincia.tn.it;;circolo.coordinamento02@provincia.tn.it;;
"Coordinamento pedagogico scuole provinciali dell'infanzia ladine";;"Circolo di coordinamento pedagogico";"A carattere statale/provinciale";;;"TATIANA SORAPERRA";"Strada Giuseppe Soraperra - Pozza di Fassa, 6 38036";"SAN GIOVANNI DI FASSA - SEN JAN";0462/760340;0462/760001;coordinamento.scuoleladine@provincia.tn.it;;coordinamento.scuoleladine@provincia.tn.it;;
"Coordinamento pedagogico scuole provinciali dell'infanzia ladine";"Scuola dell'Infanzia di Pera di Fassa ""don Edy Cinzol""";;"A carattere statale/provinciale";;;"TATIANA SORAPERRA";"Strada Tita Piaz - Pozza di Fassa, 13 38036";"SAN GIOVANNI DI FASSA - SEN JAN";0462/764828;0462/760001;scuolainfanzia.pera@scuole.provincia.tn.it;;coordinamento.scuoleladine@provincia.tn.it;;
"Scuola dell'Infanzia di Lodrone ODV";;"Scuola dell'infanzia";Paritaria/equiparata;;;;"Salita Alla Bastia, 2 38089";STORO;"0465 685253";;lodrone.materna@associazionecoesi.com;;;;
"Scuola dell'Infanzia di Lodrone ODV";"Scuola dell'Infanzia di Lodrone ODV";;Paritaria/equiparata;;;;"Salita Alla Bastia, 2 38089";STORO;0465/685253;;lodrone.materna@associazionecoesi.com;;;;
"Circolo di coordinamento n. 2";"Scuola dell'infanzia di Caldonazzo ""Maria Bambina""";;"A carattere statale/provinciale";;;"HELENE GIACOMELLI";"Via Asilo, 1 38052";CALDONAZZO;" 0461 724658";"0461 491976";scuolainfanzia.caldonazzo@scuole.provincia.tn.it;;circolo.coordinamento02@provincia.tn.it;;
"Scuola dell'infanzia di Ranzo ""Amici scuola infanzia di Ranzo ODV""";"Scuola dell'infanzia di Ranzo ""Amici scuola infanzia di Ranzo ODV""";;Paritaria/equiparata;;;;"Via al Castel Romano - Ranzo - Vezzano, 29 38070";VALLELAGHI;"338 7970838";;ranzo.materna@associazionecoesi.com;;;;
"Circolo di coordinamento n. 7";"Scuola dell'Infanzia di S.Michele all' Adige  ""Il Germoglio""";;"A carattere statale/provinciale";;;"LAURA BERTOLDI";"Via della Prepositura, 2 38098";"SAN MICHELE ALL'ADIGE";0461/662154;0461/494334;scuolainfanzia.sanmichele@scuole.provincia.tn.it;;circolo.coordinamento07@provincia.tn.it;;
"Scuola dell'infanzia di Torcegno ODV";;"Scuola dell'infanzia";Paritaria/equiparata;;;"PAOLA SANGIORGI";"Via Della Fontana, 15 38050";TORCEGNO;0461-760796;;torcegno.presidente@fpsm.tn.it;;torcegno.segretario@fpsm.tn.it;;
"Scuola dell'infanzia di Torcegno ODV";"Scuola dell'Infanzia di Torcegno ODV";;Paritaria/equiparata;;;"PAOLA SANGIORGI";"Via Della Fontana, 15 38050";TORCEGNO;0461-760796;;torcegno.presidente@fpsm.tn.it;;torcegno.segretario@fpsm.tn.it;;
"ISTITUTO COMPRENSIVO FOLGARIA - LAVARONE - LUSERNA";"Scuola dell'Infanzia di Nosellari Folgaria";;"A carattere statale/provinciale";"MORENA MANFRIN";;;"Via Prati, 35 38064";FOLGARIA;0464/787010;;scuolainfanzia.nosellari@scuole.provincia.tn.it;dir.rella.folgaria@scuole.provincia.tn.it;segr.rella.folgaria@scuole.provincia.tn.it;https://www.icfolgarialavaroneluserna.it;
"ISTITUTO COMPRENSIVO FOLGARIA - LAVARONE - LUSERNA";"Scuola dell'Infanzia di Folgaria";;"A carattere statale/provinciale";"MORENA MANFRIN";;;"Via Roma, 30 38064";FOLGARIA;0464/721362;;scuolainfanzia.folgaria@scuole.provincia.tn.it;dir.rella.folgaria@scuole.provincia.tn.it;segr.rella.folgaria@scuole.provincia.tn.it;https://www.icfolgarialavaroneluserna.it;
"ISTITUTO COMPRENSIVO FOLGARIA - LAVARONE - LUSERNA";;"Istituzione scolastica e formativa";"A carattere statale/provinciale";"MORENA MANFRIN";;;"Piazza Marconi, 85 38064";FOLGARIA;0464/721283;;ic.folgaria-lavarone@pec.provincia.tn.it;dir.rella.folgaria@scuole.provincia.tn.it;segr.rella.folgaria@scuole.provincia.tn.it;https://www.icfolgarialavaroneluserna.it;TNIC804002
"ISTITUTO COMPRENSIVO FOLGARIA - LAVARONE - LUSERNA";"Scuola dell'Infanzia di Lavarone ""Casa dell'Arcobaleno""";;"A carattere statale/provinciale";"MORENA MANFRIN";;;"Frazione Gionghi,   38046";LAVARONE;0464/783098;;scuolainfanzia.lavarone@scuole.provincia.tn.it;dir.rella.folgaria@scuole.provincia.tn.it;segr.rella.folgaria@scuole.provincia.tn.it;https://www.icfolgarialavaroneluserna.it;
"ISTITUTO COMPRENSIVO FOLGARIA - LAVARONE - LUSERNA";"Scuola dell'Infanzia di Luserna";;"A carattere statale/provinciale";"MORENA MANFRIN";;;"Via Mazzini - Prundle, 7 38040";"LUSERNA - LUSÉRN";0464/789608;;scuolainfanzia.luserna@scuole.provincia.tn.it;dir.rella.folgaria@scuole.provincia.tn.it;segr.rella.folgaria@scuole.provincia.tn.it;https://www.icfolgarialavaroneluserna.it;
"Scuola dell'infanzia di Ala";;"Scuola dell'infanzia";Paritaria/equiparata;;;"FRANCESCA VARESCHI";"Via De Ferrari, 1 38061";ALA;0464/671113;"0464 674717";ala.presidente@fpsm.tn.it;;ala.segretario@fpsm.tn.it;;
"Scuola dell'infanzia di Storo";;"Scuola dell'infanzia";Paritaria/equiparata;;;"ALESSANDRA POMILIO";"Via S Floriano, 22 38089";STORO;0465/898494;;storo.presidente@fpsm.tn.it;;storo.segretario@fpsm.tn.it;;
"Scuola dell'infanzia di Ala";"Scuola dell'Infanzia di Ala";;Paritaria/equiparata;;;"FRANCESCA VARESCHI";"Via De Ferrari, 1 38061";ALA;0464/671113;"0464 674717";ala.presidente@fpsm.tn.it;;ala.segretario@fpsm.tn.it;;
"Scuola dell'infanzia di Masi di Cavalese";"Scuola dell'Infanzia di Masi di Cavalese";;Paritaria/equiparata;;;"TIZIANA CEOL";"Via Damiano Chiesa, 79 38033";CAVALESE;"0462 340557";;cavalese.presidente@fpsm.tn.it;;cavalese.segretario@fpsm.tn.it;;
"Scuola dell'infanzia di Storo";"Scuola dell'Infanzia di Storo";;Paritaria/equiparata;;;"ALESSANDRA POMILIO";"Via S Floriano, 22 38089";STORO;0465/898494;;storo.presidente@fpsm.tn.it;;storo.segretario@fpsm.tn.it;;
"Scuola dell'infanzia di Molina di Ledro";"Scuola dell'Infanzia di Molina di  Ledro";;Paritaria/equiparata;;;"LUISA FONTANARI";"Via Sartori - Molina di Ledro, 24/c 38067";LEDRO;0464/876444;;molina.ledro.presidente@fpsm.tn.it;;molina.ledro.segretario@fpsm.tn.it;;
"Scuola dell'infanzia di Vigo Cortesano";"Scuola dell'Infanzia di Vigo Cortesano";;Paritaria/equiparata;;;"CARMEN FATTORI";"Via Madonna Dei Prati, 3 38121";TRENTO;0461/448252;;vigo.meano.presidente@fpsm.tn.it;;vigo.meano.segretario@fpsm.tn.it;;
"Scuola dell'infanzia di Fondo";"Scuola dell'Infanzia di Fondo";;Paritaria/equiparata;;;"ILARIA MANCINI";"Piazza Don Stefenelli - Fondo, 5 38020";"BORGO D'ANAUNIA";0463-831254;;fondo.presidente@fpsm.tn.it;;fondo.segretario@fpsm.tn.it;;
"Scuola dell'infanzia di Molina di Ledro";;"Scuola dell'infanzia";Paritaria/equiparata;;;"LUISA FONTANARI";"Via Sartori - Molina di Ledro, 24/c 38067";LEDRO;0464/876444;;molina.ledro.presidente@fpsm.tn.it;;molina.ledro.segretario@fpsm.tn.it;;
"Scuola dell'infanzia di Vigo Cortesano";;"Scuola dell'infanzia";Paritaria/equiparata;;;"CARMEN FATTORI";"Via Madonna Dei Prati, 3 38121";TRENTO;0461-448252;;vigo.meano.presidente@fpsm.tn.it;;vigo.meano.segretario@fpsm.tn.it;;
"Scuola dell'infanzia di Bondone";"Scuola dell'Infanzia di Bondone";;Paritaria/equiparata;;;"ALESSANDRA POMILIO";"Via Giusti, 46 38080";BONDONE;0465/898770;;bondone.presidente@fpsm.tn.it;;bondone.segretario@fpsm.tn.it;;
"Scuola dell'infanzia di Fondo";;"Scuola dell'infanzia";Paritaria/equiparata;;;"ILARIA MANCINI";"Piazza Don Stefenelli - Fondo, 5 38020";"BORGO D'ANAUNIA";0463-831254;;fondo.presidente@fpsm.tn.it;;fondo.segretario@fpsm.tn.it;;
"Scuola dell'infanzia di Trento  Canossiane";;"Scuola dell'infanzia";Paritaria/equiparata;;;"IVANA LEONARDELLI";"Via Dei Paradisi, 4 38122";TRENTO;0461/231775;;trento.canossiane.segretario@fpsm.tn.it;;trento.canossiane.segretario@fpsm.tn.it;;
"Scuola dell'infanzia di Masi di Cavalese";;"Scuola dell'infanzia";Paritaria/equiparata;;;"TIZIANA CEOL";"Via Damiano Chiesa, 79 38033";CAVALESE;0462-340557;;cavalese.presidente@fpsm.tn.it;;cavalese.segretario@fpsm.tn.it;;
"Scuola dell'infanzia di Trento  Canossiane";"Scuola dell'Infanzia di Trento  Canossiane";;Paritaria/equiparata;;;"IVANA LEONARDELLI";"Via Dei Paradisi, 4 38122";TRENTO;0461/231775;;trento.canossiane.segretario@fpsm.tn.it;;trento.canossiane.segretario@fpsm.tn.it;;
"Scuola dell'infanzia di Bondone";;"Scuola dell'infanzia";Paritaria/equiparata;;;"ALESSANDRA POMILIO";"Via Giusti, 46 38080";BONDONE;0465/898770;;bondone.presidente@fpsm.tn.it;;bondone.segretario@fpsm.tn.it;;
"Circolo di coordinamento n. 3";;"Circolo di coordinamento pedagogico";"A carattere statale/provinciale";;;"CHIARA NADALON";"Via Gilli, 3 38121";TRENTO;0461/496000;0461/497257;circolo.coordinamento03@provincia.tn.it;;circolo.coordinamento03@provincia.tn.it;;
"Circolo di coordinamento n. 5";;"Circolo di coordinamento pedagogico";"A carattere statale/provinciale";;;"MARTINA BASSETTI";"Via Gilli, 3 38121";TRENTO;0461/496000;0461/497257;circolo.coordinamento05@provincia.tn.it;;circolo.coordinamento05@provincia.tn.it;;
"Circolo di coordinamento n. 4";;"Circolo di coordinamento pedagogico";"A carattere statale/provinciale";;;"RITA FERENZENA";"Via Gilli, 3 38121";TRENTO;0461/496000;0461/496950;circolo.coordinamento04@provincia.tn.it;;circolo.coordinamento04@provincia.tn.it;;
"Circolo di coordinamento n. 6";;"Circolo di coordinamento pedagogico";"A carattere statale/provinciale";;;"VALENTINA RIZZON";"Via Gilli, 3 38121";TRENTO;0461/496000;0461/499283;circolo.coordinamento06@provincia.tn.it;;circolo.coordinamento06@provincia.tn.it;;
"Circolo di coordinamento n. 9";;"Circolo di coordinamento pedagogico";"A carattere statale/provinciale";;;"MILENA ENDRIZZI";"Viale Trento, 37/E 38068";ROVERETO;0464/493116;0464/493117;circolo.coordinamento09@provincia.tn.it;;circolo.coordinamento09@provincia.tn.it;;
"Circolo di coordinamento n. 9";"Scuola dell'Infanzia di Terragnolo Piazza";;"A carattere statale/provinciale";;;"MILENA ENDRIZZI";"Frazione Piazza di Terragnolo, 14 38060";TERRAGNOLO;"0464 396345";0464/493117;scuolainfanzia.terragnolo@scuole.provincia.tn.it;;circolo.coordinamento09@provincia.tn.it;;
"Circolo di coordinamento n. 9";"Scuola dell'Infanzia di Rovereto Rione Sud  ""Il giardino incantato""";;"A carattere statale/provinciale";;;"MILENA ENDRIZZI";"Via Venezia, 11 38068";ROVERETO;"0464 431163";0464/493117;scuolainfanzia.rionesud@scuole.provincia.tn.it;;circolo.coordinamento09@provincia.tn.it;;
"Circolo di coordinamento n. 9";"Scuola dell'Infanzia di Rovereto San Giorgio   ""Don A. Rossaro""";;"A carattere statale/provinciale";;;"MILENA ENDRIZZI";"Via Telani, 4 38068";ROVERETO;"0464 433713";0464/493117;scuolainfanzia.sangiorgio@scuole.provincia.tn.it;;circolo.coordinamento09@provincia.tn.it;;
"Circolo di coordinamento n. 9";"Scuola dell'Infanzia di Rovereto Lizzana  ""Girogirotondo""";;"A carattere statale/provinciale";;;"MILENA ENDRIZZI";"Via Livenza, 27 38068";ROVERETO;"0464 437839";0464/493117;scuolainfanzia.livenza@scuole.provincia.tn.it;;circolo.coordinamento09@provincia.tn.it;;
"Circolo di coordinamento n. 9";"Scuola dell'Infanzia di Rovereto Fucine";;"A carattere statale/provinciale";;;"MILENA ENDRIZZI";"Via Volta, 1 38068";ROVERETO;0464/420477;0464/493117;scuolainfanzia.fucine@scuole.provincia.tn.it;;circolo.coordinamento09@provincia.tn.it;;
"Scuola dell'infanzia di Madrano";;"Scuola dell'infanzia";Paritaria/equiparata;;;"MARIANGELA SIMONCINI";"Via D Oltrefersina, 54 38057";"PERGINE VALSUGANA";0461/552109;;madrano.segretario@fpsm.tn.it;;madrano.segretario@fpsm.tn.it;;
"Scuola dell'infanzia di Pergine  ""G.B. Chimelli""";"Scuola dell'Infanzia di Pergine  ""G.B. Chimelli""";;Paritaria/equiparata;;"Pietro Grigolli";;"Piazza Garbari, 5 38057";"PERGINE VALSUGANA";0461-502351;;asifchimelli@pec.it;;;;
"Scuola dell'infanzia di Pergine  ""G.B. Chimelli""";;"Scuola dell'infanzia";Paritaria/equiparata;;"Pietro Grigolli";;"Piazza Garbari, 5 38057";"PERGINE VALSUGANA";0461/502351;;asifchimelli@pec.it;;;;
"Scuola dell'infanzia di Roncogno di Pergine";"Scuola dell'Infanzia di Roncogno di Pergine";;Paritaria/equiparata;;"PIETRO GRIGOLLI";;"Piazza di S Anna, 3 38057";"PERGINE VALSUGANA";"0461 502351";;asifchimelli@pec.it;;;;
"Circolo di coordinamento n. 9";"Scuola dell'Infanzia di Anghebeni ""Il sorriso di Andrea""";;"A carattere statale/provinciale";;;"MILENA ENDRIZZI";"Frazione Anghebeni, 80/A 38060";VALLARSA;" 0464 869348 ";0464/493117;scuolainfanzia.anghebeni@scuole.provincia.tn.it;;circolo.coordinamento09@provincia.tn.it;;
"Circolo di coordinamento n. 2";"Scuola dell'Infanzia di Villa Agnedo ""Natale Alpino""";;"A carattere statale/provinciale";;;"HELENE GIACOMELLI";"Via Dei Molini - Agnedo, 36 38059";"CASTEL IVANO";0461/762822;"0461 491976";scuolainfanzia.villagnedo@scuole.provincia.tn.it;;circolo.coordinamento02@provincia.tn.it;;
"Circolo di coordinamento n. 9";"Scuola dell'Infanzia di Rovereto Noriglio";;"A carattere statale/provinciale";;;"MILENA ENDRIZZI";"Via Romani, 4 38068";ROVERETO;"0464 437430";0464/493117;scuolainfanzia.noriglio@scuole.provincia.tn.it;;circolo.coordinamento09@provincia.tn.it;;
"Circolo di coordinamento n. 8";"Scuola dell'Infanzia di Riva  ""Rione 2 giugno""";;"A carattere statale/provinciale";;;"MARIA TERESA SCARPELLINI";"Via Cristoph Hartung Von Hartungen, 4 38066";"RIVA DEL GARDA";0464/573920;0461/493389;scuolainfanzia.riva@scuole.provincia.tn.it;;circolo.coordinamento08@provincia.tn.it;;
"Scuola dell'infanzia di Roncogno di Pergine";;"Scuola dell'infanzia";Paritaria/equiparata;;"PIETRO GRIGOLLI";;"Piazza di S Anna, 3 38057";"PERGINE VALSUGANA";"0461 502351";;asifchimelli@pec.it;;;;
"Circolo di coordinamento n. 7";"Scuola dell'Infanzia di Grumo ""Il giardino del sole""";;"A carattere statale/provinciale";;;"LAURA BERTOLDI";"Via Marconi, 65/A 38098";"SAN MICHELE ALL'ADIGE";0461/650630;0461/494334;scuolainfanzia.grumo@scuole.provincia.tn.it;;circolo.coordinamento07@provincia.tn.it;;
"Circolo di coordinamento n. 10";"Scuola dell'Infanzia di Isera";;"A carattere statale/provinciale";;;"GINEVRA RELLA";"Vicolo Zandonai,   38060";ISERA;0464/437292;0464/493115;scuolainfanzia.isera@scuole.provincia.tn.it;;circolo.coordinamento10@provincia.tn.it;;
"Scuola dell'infanzia di Roncone  ""Mario Amistadi Sciavina ODV""";;"Scuola dell'infanzia";Paritaria/equiparata;;;;"Via Lucchi - Roncone, 1 38087";"SELLA GIUDICARIE";0465/311525;0465-901285;roncone.materna@associazionecoesi.com;;;;
"Circolo di coordinamento n. 1";"Scuola dell'infanzia di Daiano-Varena";;"A carattere statale/provinciale";;;"KATIA PEGORETTI";"Via Mercato - Varena, 22 38030";"VILLE DI FIEMME";0462/341301;0461/493495;scuolainfanzia.daianovarena@scuole.provincia.tn.it;;circolo.coordinamento01@provincia.tn.it;;
"Circolo di coordinamento n. 9";"Scuola dell'Infanzia di Tierno Mori  ""Il girasole""";;"A carattere statale/provinciale";;;"MILENA ENDRIZZI";"Via della Cooperazione, 20 38065";MORI;0464/917200;0464/493117;scuolainfanzia.tierno@scuole.provincia.tn.it;;circolo.coordinamento09@provincia.tn.it;;
"Scuola dell'infanzia di Tesero";"Scuola dell'Infanzia di Tesero";;Paritaria/equiparata;;;"TIZIANA CEOL";"Via Fia, 20 38038";TESERO;0462-813045;;tesero.presidente@fpsm.tn.it;;tesero.segretario@fpsm.tn.it;;
"Scuola dell'infanzia di Tesero";;"Scuola dell'infanzia";Paritaria/equiparata;;;"TIZIANA CEOL";"Via Fia, 20 38038";TESERO;0462-813045;;tesero.presidente@fpsm.tn.it;;tesero.segretario@fpsm.tn.it;;
"Scuola dell'infanzia di Roncone  ""Mario Amistadi Sciavina ODV""";"Scuola dell'Infanzia di Roncone  ""Mario Amistadi Sciavina ODV""";;Paritaria/equiparata;;;;"Via Lucchi - Roncone, 1 38087";"SELLA GIUDICARIE";" 0465/311525 ";0465-901285;roncone.materna@associazionecoesi.com;;;;
"Scuola dell'infanzia di Denno";"Scuola dell'Infanzia di Denno";;Paritaria/equiparata;;;"UTE PANCHER";"Via Ossanna, 3 38010";DENNO;0461-655960;;denno.segretario@fpsm.tn.it;;denno.segretario@fpsm.tn.it;;
"Circolo di coordinamento n. 11";"Scuola dell'Infanzia di Cavareno ""Peter Pan""";;"A carattere statale/provinciale";;;"SIMONETTA ERRIGO";"Via Castelli, 1 38011";CAVARENO;0463/832426;0461/491940;scuolainfanzia.cavareno@scuole.provincia.tn.it;;circolo.coordinamento11@provincia.tn.it;;
"Circolo di coordinamento n. 3";"Scuola dell'Infanzia di Trento Cristo Re ""Piccolo Principe""";;"A carattere statale/provinciale";;;"CHIARA NADALON";"Via Senesi, 3 38121";TRENTO;0461/824334;0461/497257;scuolainfanzia.cristore@scuole.provincia.tn.it;;circolo.coordinamento03@provincia.tn.it;;
"Circolo di coordinamento n. 9";"Scuola dell'Infanzia di Rovereto ""C. Battisti""";;"A carattere statale/provinciale";;;"MILENA ENDRIZZI";"Via Udine, 21 38068";ROVERETO;0464/431239;0464/493117;scuolainfanzia.battisti@scuole.provincia.tn.it;;circolo.coordinamento09@provincia.tn.it;;
"Circolo di coordinamento n. 11";;"Circolo di coordinamento pedagogico";"A carattere statale/provinciale";;;"SIMONETTA ERRIGO";"Via della Gana, 10 38027";MALE';0461/491939;0461/491940;circolo.coordinamento11@provincia.tn.it;;circolo.coordinamento11@provincia.tn.it;;
"Circolo di coordinamento n. 5";"Scuola dell'Infanzia di Trento Piedicastello";;"A carattere statale/provinciale";;;"MARTINA BASSETTI";"Via Dos Trento, 86 38122";TRENTO;0461/983539;0461/497257;scuolainfanzia.piedicastello@scuole.provincia.tn.it;;circolo.coordinamento05@provincia.tn.it;;
"Scuola dell'infanzia di Denno";;"Scuola dell'infanzia";Paritaria/equiparata;;;"UTE PANCHER";"Via Ossanna, 3 38010";DENNO;0461-655960;;denno.segretario@fpsm.tn.it;;denno.segretario@fpsm.tn.it;;
"Scuola dell'infanzia di Villa Lagarina";"Scuola dell'Infanzia di Villa Lagarina";;Paritaria/equiparata;;;"ROBERTA MEDEGHINI";"Via Monsignor Gosetti, 3 38060";"VILLA LAGARINA";0464-411101;;villalagarina.presidente@fpsm.tn.it;;villalagarina.segretario@fpsm.tn.it;;
"Scuola dell'infanzia di Villa Lagarina";;"Scuola dell'infanzia";Paritaria/equiparata;;;"ROBERTA MEDEGHINI";"Via Monsignor Gosetti, 3 38060";"VILLA LAGARINA";0464-411101;;villalagarina.presidente@fpsm.tn.it;;villalagarina.segretario@fpsm.tn.it;;
