index;academic year;school year;admission rate;school
1;2022/2023;1;0.0;25
2;2022/2023;2;0.0;25
3;2022/2023;3;0.0;25
4;2022/2023;4;0.0;25
5;2022/2023;5;0.0;25
6;2023/2024;1;0.0;25
7;2023/2024;2;0.0;25
8;2023/2024;3;0.0;25
9;2023/2024;4;0.0;25
10;2023/2024;5;0.0;25
11;2024/2025;1;0.0;25
12;2024/2025;2;0.0;25
13;2024/2025;3;0.0;25
14;2024/2025;4;0.0;25
15;2024/2025;5;70.83333333333334;25
16;2022/2023;1;61.93181818181818;26
17;2022/2023;2;76.08695652173914;26
18;2022/2023;3;76.36363636363637;26
19;2022/2023;4;85.71428571428571;26
20;2023/2024;1;61.76470588235294;26
21;2023/2024;2;67.83216783216784;26
22;2023/2024;3;91.80327868852459;26
23;2023/2024;4;95.0;26
24;2024/2025;1;64.8936170212766;26
25;2024/2025;2;79.5774647887324;26
26;2024/2025;3;79.81651376146789;26
27;2024/2025;4;87.14285714285714;26
28;2022/2023;1;0.0;27
29;2022/2023;2;0.0;27
30;2022/2023;3;38.88888888888889;27
31;2023/2024;1;0.0;27
32;2023/2024;2;44.11764705882353;27
33;2023/2024;3;46.15384615384615;27
34;2024/2025;1;0.0;27
35;2024/2025;2;55.81395348837209;27
36;2024/2025;3;72.72727272727273;27
37;2022/2023;1;100.0;340
38;2022/2023;2;100.0;340
39;2022/2023;3;100.0;340
40;2022/2023;4;100.0;340
41;2022/2023;5;100.0;340
42;2023/2024;1;100.0;340
43;2023/2024;2;100.0;340
44;2023/2024;3;100.0;340
45;2023/2024;4;100.0;340
46;2023/2024;5;100.0;340
47;2024/2025;1;100.0;340
48;2024/2025;2;100.0;340
49;2024/2025;3;100.0;340
50;2024/2025;4;100.0;340
51;2024/2025;5;100.0;340
52;2022/2023;1;100.0;343
53;2022/2023;2;100.0;343
54;2022/2023;3;100.0;343
55;2023/2024;1;98.3739837398374;343
56;2023/2024;2;99.02912621359224;343
57;2023/2024;3;98.95833333333334;343
58;2024/2025;1;100.0;343
59;2024/2025;2;100.0;343
60;2024/2025;3;97.16981132075472;343
61;2022/2023;1;100.0;341
62;2022/2023;2;100.0;341
63;2022/2023;3;100.0;341
64;2022/2023;4;100.0;341
65;2022/2023;5;100.0;341
66;2023/2024;1;97.36842105263158;341
67;2023/2024;2;100.0;341
68;2023/2024;3;100.0;341
69;2023/2024;4;100.0;341
70;2023/2024;5;100.0;341
71;2024/2025;1;100.0;341
72;2024/2025;2;100.0;341
73;2024/2025;3;100.0;341
74;2024/2025;4;100.0;341
75;2024/2025;5;100.0;341
76;2022/2023;1;100.0;242
77;2022/2023;2;100.0;242
78;2022/2023;3;100.0;242
79;2022/2023;4;100.0;242
80;2022/2023;5;100.0;242
81;2023/2024;1;87.5;242
82;2023/2024;2;100.0;242
83;2023/2024;3;100.0;242
84;2023/2024;4;100.0;242
85;2023/2024;5;100.0;242
86;2024/2025;1;100.0;242
87;2024/2025;2;100.0;242
88;2024/2025;3;100.0;242
89;2024/2025;4;100.0;242
90;2024/2025;5;100.0;242
91;2022/2023;1;100.0;342
92;2022/2023;2;100.0;342
93;2022/2023;3;100.0;342
94;2022/2023;4;100.0;342
95;2022/2023;5;100.0;342
96;2023/2024;1;100.0;342
97;2023/2024;2;100.0;342
98;2023/2024;3;100.0;342
99;2023/2024;4;100.0;342
100;2023/2024;5;100.0;342
101;2024/2025;1;100.0;342
102;2024/2025;2;100.0;342
103;2024/2025;3;100.0;342
104;2024/2025;4;100.0;342
105;2024/2025;5;100.0;342
106;2022/2023;1;100.0;244
107;2022/2023;2;100.0;244
108;2022/2023;3;100.0;244
109;2022/2023;4;100.0;244
110;2022/2023;5;100.0;244
111;2023/2024;1;100.0;244
112;2023/2024;2;100.0;244
113;2023/2024;3;100.0;244
114;2023/2024;4;100.0;244
115;2023/2024;5;100.0;244
116;2024/2025;1;100.0;244
117;2024/2025;2;100.0;244
118;2024/2025;3;100.0;244
119;2024/2025;4;100.0;244
120;2024/2025;5;100.0;244
121;2022/2023;1;100.0;246
122;2022/2023;2;100.0;246
123;2022/2023;3;100.0;246
124;2023/2024;1;98.18181818181819;246
125;2023/2024;2;100.0;246
126;2023/2024;3;100.0;246
127;2024/2025;1;100.0;246
128;2024/2025;2;98.18181818181819;246
129;2024/2025;3;100.0;246
130;2022/2023;1;100.0;243
131;2022/2023;2;100.0;243
132;2022/2023;3;100.0;243
133;2022/2023;4;100.0;243
134;2022/2023;5;100.0;243
135;2023/2024;1;100.0;243
136;2023/2024;2;100.0;243
137;2023/2024;3;100.0;243
138;2023/2024;4;100.0;243
139;2023/2024;5;100.0;243
140;2024/2025;1;100.0;243
141;2024/2025;2;100.0;243
142;2024/2025;3;100.0;243
143;2024/2025;4;100.0;243
144;2024/2025;5;100.0;243
145;2022/2023;1;100.0;245
146;2022/2023;2;100.0;245
147;2022/2023;3;100.0;245
148;2022/2023;4;100.0;245
149;2022/2023;5;100.0;245
150;2023/2024;1;100.0;245
151;2023/2024;2;100.0;245
152;2023/2024;3;100.0;245
153;2023/2024;4;100.0;245
154;2023/2024;5;100.0;245
155;2024/2025;1;100.0;245
156;2024/2025;2;100.0;245
157;2024/2025;3;100.0;245
158;2024/2025;4;100.0;245
159;2024/2025;5;100.0;245
160;2022/2023;1;100.0;247
161;2022/2023;2;100.0;247
162;2022/2023;3;100.0;247
163;2023/2024;1;100.0;247
164;2023/2024;2;100.0;247
165;2023/2024;3;100.0;247
166;2024/2025;1;100.0;247
167;2024/2025;2;100.0;247
168;2024/2025;3;96.7741935483871;247
169;2022/2023;1;100.0;405
170;2022/2023;2;100.0;405
171;2022/2023;3;100.0;405
172;2022/2023;4;100.0;405
173;2022/2023;5;100.0;405
174;2023/2024;1;100.0;405
175;2023/2024;2;100.0;405
176;2023/2024;3;100.0;405
177;2023/2024;4;100.0;405
178;2023/2024;5;100.0;405
179;2024/2025;1;100.0;405
180;2024/2025;2;100.0;405
181;2024/2025;3;100.0;405
182;2024/2025;4;100.0;405
183;2024/2025;5;100.0;405
184;2022/2023;1;97.63313609467455;408
185;2022/2023;2;97.05882352941177;408
186;2022/2023;3;99.42528735632183;408
187;2023/2024;1;99.34640522875817;408
188;2023/2024;2;100.0;408
189;2023/2024;3;98.44961240310077;408
190;2024/2025;1;98.52941176470588;408
191;2024/2025;2;100.0;408
192;2024/2025;3;98.24561403508771;408
193;2022/2023;1;100.0;404
194;2022/2023;2;100.0;404
195;2022/2023;3;100.0;404
196;2022/2023;4;100.0;404
197;2022/2023;5;100.0;404
198;2023/2024;1;100.0;404
199;2023/2024;2;100.0;404
200;2023/2024;3;100.0;404
201;2023/2024;4;100.0;404
202;2023/2024;5;100.0;404
203;2024/2025;1;100.0;404
204;2024/2025;2;100.0;404
205;2024/2025;3;100.0;404
206;2024/2025;4;100.0;404
207;2024/2025;5;100.0;404
208;2022/2023;1;100.0;406
209;2022/2023;2;98.4126984126984;406
210;2022/2023;3;100.0;406
211;2022/2023;4;100.0;406
212;2022/2023;5;98.50746268656717;406
213;2023/2024;1;100.0;406
214;2023/2024;2;100.0;406
215;2023/2024;3;100.0;406
216;2023/2024;4;100.0;406
217;2023/2024;5;100.0;406
218;2024/2025;1;100.0;406
219;2024/2025;2;100.0;406
220;2024/2025;3;100.0;406
221;2024/2025;4;100.0;406
222;2024/2025;5;100.0;406
223;2022/2023;1;100.0;407
224;2022/2023;2;100.0;407
225;2022/2023;3;100.0;407
226;2022/2023;4;100.0;407
227;2022/2023;5;100.0;407
228;2023/2024;1;100.0;407
229;2023/2024;2;100.0;407
230;2023/2024;3;100.0;407
231;2023/2024;4;100.0;407
232;2023/2024;5;100.0;407
233;2024/2025;1;100.0;407
234;2024/2025;2;100.0;407
235;2024/2025;3;100.0;407
236;2024/2025;4;100.0;407
237;2024/2025;5;100.0;407
238;2022/2023;1;92.3076923076923;311
239;2022/2023;2;100.0;311
240;2022/2023;3;100.0;311
241;2022/2023;4;100.0;311
242;2022/2023;5;100.0;311
243;2023/2024;1;100.0;311
244;2023/2024;2;100.0;311
245;2023/2024;3;100.0;311
246;2023/2024;4;100.0;311
247;2023/2024;5;100.0;311
248;2024/2025;1;100.0;311
249;2024/2025;2;100.0;311
250;2024/2025;3;100.0;311
251;2024/2025;4;100.0;311
252;2024/2025;5;100.0;311
253;2022/2023;1;100.0;308
254;2022/2023;2;100.0;308
255;2022/2023;3;100.0;308
256;2022/2023;4;100.0;308
257;2022/2023;5;100.0;308
258;2023/2024;1;100.0;308
259;2023/2024;2;100.0;308
260;2023/2024;3;100.0;308
261;2023/2024;4;100.0;308
262;2023/2024;5;100.0;308
263;2024/2025;1;100.0;308
264;2024/2025;2;100.0;308
265;2024/2025;3;100.0;308
266;2024/2025;4;100.0;308
267;2024/2025;5;100.0;308
268;2022/2023;1;100.0;310
269;2022/2023;2;100.0;310
270;2022/2023;3;100.0;310
271;2022/2023;4;100.0;310
272;2022/2023;5;100.0;310
273;2023/2024;1;100.0;310
274;2023/2024;2;100.0;310
275;2023/2024;3;100.0;310
276;2023/2024;4;100.0;310
277;2023/2024;5;100.0;310
278;2024/2025;1;100.0;310
279;2024/2025;2;100.0;310
280;2024/2025;3;100.0;310
281;2024/2025;4;100.0;310
282;2024/2025;5;100.0;310
283;2022/2023;1;100.0;309
284;2022/2023;2;100.0;309
285;2022/2023;3;100.0;309
286;2022/2023;4;0.0;309
287;2022/2023;5;100.0;309
288;2023/2024;1;100.0;309
289;2023/2024;2;100.0;309
290;2023/2024;3;100.0;309
291;2023/2024;4;100.0;309
292;2023/2024;5;0.0;309
293;2024/2025;1;100.0;309
294;2024/2025;2;100.0;309
295;2024/2025;3;100.0;309
296;2024/2025;4;100.0;309
297;2024/2025;5;100.0;309
298;2022/2023;1;100.0;312
299;2022/2023;2;100.0;312
300;2022/2023;3;100.0;312
301;2022/2023;4;100.0;312
302;2022/2023;5;100.0;312
303;2023/2024;1;100.0;312
304;2023/2024;2;100.0;312
305;2023/2024;3;100.0;312
306;2023/2024;4;100.0;312
307;2023/2024;5;100.0;312
308;2024/2025;1;100.0;312
309;2024/2025;2;100.0;312
310;2024/2025;3;100.0;312
311;2024/2025;4;100.0;312
312;2024/2025;5;100.0;312
313;2022/2023;1;100.0;314
314;2022/2023;2;100.0;314
315;2022/2023;3;100.0;314
316;2023/2024;1;100.0;314
317;2023/2024;2;100.0;314
318;2023/2024;3;100.0;314
319;2024/2025;1;100.0;314
320;2024/2025;2;100.0;314
321;2024/2025;3;98.88888888888889;314
322;2022/2023;1;100.0;313
323;2022/2023;2;100.0;313
324;2022/2023;3;100.0;313
325;2022/2023;4;100.0;313
326;2022/2023;5;100.0;313
327;2023/2024;1;100.0;313
328;2023/2024;2;100.0;313
329;2023/2024;3;100.0;313
330;2023/2024;4;100.0;313
331;2023/2024;5;100.0;313
332;2024/2025;1;100.0;313
333;2024/2025;2;100.0;313
334;2024/2025;3;100.0;313
335;2024/2025;4;100.0;313
336;2024/2025;5;100.0;313
337;2022/2023;1;100.0;316
338;2022/2023;2;100.0;316
339;2022/2023;3;100.0;316
340;2023/2024;1;100.0;316
341;2023/2024;2;100.0;316
342;2023/2024;3;100.0;316
343;2024/2025;1;100.0;316
344;2024/2025;2;100.0;316
345;2024/2025;3;100.0;316
346;2022/2023;1;100.0;315
347;2022/2023;2;100.0;315
348;2022/2023;3;100.0;315
349;2023/2024;1;100.0;315
350;2023/2024;2;100.0;315
351;2023/2024;3;100.0;315
352;2024/2025;1;100.0;315
353;2024/2025;2;100.0;315
354;2024/2025;3;100.0;315
355;2022/2023;1;0.0;456
356;2022/2023;2;0.0;456
357;2022/2023;3;66.66666666666666;456
358;2023/2024;1;0.0;456
359;2023/2024;2;0.0;456
360;2023/2024;3;63.1578947368421;456
361;2024/2025;1;0.0;456
362;2024/2025;2;0.0;456
363;2024/2025;3;30.0;456
364;2022/2023;1;93.86503067484662;570
365;2022/2023;2;95.20958083832335;570
366;2022/2023;3;95.27027027027027;570
367;2022/2023;4;97.12230215827337;570
368;2022/2023;5;100.0;570
369;2023/2024;1;92.02453987730061;570
370;2023/2024;2;91.77215189873418;570
371;2023/2024;3;96.27329192546584;570
372;2023/2024;4;100.0;570
373;2023/2024;5;99.26470588235294;570
374;2024/2025;1;86.07594936708861;570
375;2024/2025;2;95.07042253521126;570
376;2024/2025;3;98.58156028368793;570
377;2024/2025;4;99.35483870967742;570
378;2024/2025;5;99.29577464788733;570
379;2022/2023;1;0.0;457
380;2022/2023;2;27.27272727272727;457
381;2022/2023;3;0.0;457
382;2022/2023;4;30.0;457
383;2022/2023;5;61.53846153846154;457
384;2023/2024;1;0.0;457
385;2023/2024;2;10.0;457
386;2023/2024;3;0.0;457
387;2023/2024;4;22.727272727272727;457
388;2023/2024;5;63.63636363636363;457
389;2024/2025;1;0.0;457
390;2024/2025;2;0.0;457
391;2024/2025;3;0.0;457
392;2024/2025;4;23.076923076923077;457
393;2024/2025;5;81.25;457
394;2022/2023;1;0.0;459
395;2022/2023;2;0.0;459
396;2022/2023;3;4.761904761904762;459
397;2022/2023;4;46.666666666666664;459
398;2022/2023;5;81.81818181818183;459
399;2023/2024;1;0.0;459
400;2023/2024;2;50.0;459
401;2023/2024;3;6.25;459
402;2023/2024;4;22.22222222222222;459
403;2023/2024;5;76.92307692307693;459
404;2024/2025;1;0.0;459
405;2024/2025;2;30.0;459
406;2024/2025;3;13.043478260869565;459
407;2024/2025;4;55.55555555555556;459
408;2024/2025;5;70.0;459
409;2022/2023;1;96.29629629629629;460
410;2022/2023;2;100.0;460
411;2022/2023;3;100.0;460
412;2022/2023;4;100.0;460
413;2022/2023;5;100.0;460
414;2023/2024;1;87.5;460
415;2023/2024;2;92.3076923076923;460
416;2023/2024;3;100.0;460
417;2023/2024;4;100.0;460
418;2023/2024;5;91.66666666666666;460
419;2024/2025;1;91.30434782608695;460
420;2024/2025;2;95.83333333333334;460
421;2024/2025;3;100.0;460
422;2024/2025;4;100.0;460
423;2024/2025;5;100.0;460
424;2022/2023;1;92.72727272727272;458
425;2022/2023;2;92.3076923076923;458
426;2022/2023;3;100.0;458
427;2022/2023;4;100.0;458
428;2022/2023;5;100.0;458
429;2023/2024;1;87.5;458
430;2023/2024;2;98.24561403508771;458
431;2023/2024;3;86.11111111111111;458
432;2023/2024;4;100.0;458
433;2023/2024;5;100.0;458
434;2024/2025;1;95.91836734693877;458
435;2024/2025;2;100.0;458
436;2024/2025;3;93.22033898305084;458
437;2024/2025;4;100.0;458
438;2024/2025;5;97.61904761904762;458
439;2022/2023;1;0.0;461
440;2022/2023;2;60.0;461
441;2022/2023;3;0.0;461
442;2022/2023;4;100.0;461
443;2022/2023;5;50.0;461
444;2023/2024;1;0.0;461
445;2023/2024;2;0.0;461
446;2023/2024;3;0.0;461
447;2023/2024;4;40.0;461
448;2023/2024;5;80.0;461
449;2024/2025;1;0.0;461
450;2024/2025;2;0.0;461
451;2024/2025;3;16.666666666666664;461
452;2024/2025;4;42.857142857142854;461
453;2024/2025;5;80.0;461
454;2022/2023;1;95.1219512195122;462
455;2022/2023;2;96.42857142857143;462
456;2022/2023;3;100.0;462
457;2022/2023;4;92.85714285714286;462
458;2022/2023;5;93.54838709677419;462
459;2023/2024;1;96.7741935483871;462
460;2023/2024;2;94.5945945945946;462
461;2023/2024;3;96.42857142857143;462
462;2023/2024;4;100.0;462
463;2023/2024;5;100.0;462
464;2024/2025;1;91.66666666666666;462
465;2024/2025;2;96.66666666666667;462
466;2024/2025;3;94.28571428571428;462
467;2024/2025;4;100.0;462
468;2024/2025;5;100.0;462
469;2022/2023;1;97.2972972972973;464
470;2022/2023;2;100.0;464
471;2022/2023;3;97.05882352941177;464
472;2022/2023;4;96.96969696969697;464
473;2022/2023;5;100.0;464
474;2023/2024;1;83.33333333333334;464
475;2023/2024;2;96.7741935483871;464
476;2023/2024;3;100.0;464
477;2023/2024;4;100.0;464
478;2023/2024;5;97.2972972972973;464
479;2024/2025;1;92.85714285714286;464
480;2024/2025;2;90.0;464
481;2024/2025;3;100.0;464
482;2024/2025;4;100.0;464
483;2024/2025;5;100.0;464
484;2022/2023;1;100.0;463
485;2022/2023;2;100.0;463
486;2022/2023;3;96.55172413793103;463
487;2022/2023;4;100.0;463
488;2022/2023;5;100.0;463
489;2023/2024;1;100.0;463
490;2023/2024;2;89.28571428571429;463
491;2023/2024;3;83.33333333333334;463
492;2023/2024;4;100.0;463
493;2023/2024;5;96.42857142857143;463
494;2024/2025;1;95.23809523809523;463
495;2024/2025;2;95.45454545454545;463
496;2024/2025;3;100.0;463
497;2024/2025;4;100.0;463
498;2024/2025;5;100.0;463
499;2022/2023;1;88.88888888888889;41
500;2022/2023;2;78.26086956521739;41
501;2022/2023;3;76.92307692307693;41
502;2022/2023;4;100.0;41
503;2023/2024;1;76.19047619047619;41
504;2023/2024;2;79.06976744186046;41
505;2023/2024;3;76.0;41
506;2023/2024;4;88.23529411764706;41
507;2024/2025;1;90.0;41
508;2024/2025;2;88.88888888888889;41
509;2024/2025;3;76.92307692307693;41
510;2024/2025;4;100.0;41
511;2022/2023;1;0.0;40
512;2022/2023;2;0.0;40
513;2022/2023;3;0.0;40
514;2022/2023;4;0.0;40
515;2022/2023;5;0.0;40
516;2023/2024;1;0.0;40
517;2023/2024;2;0.0;40
518;2023/2024;3;0.0;40
519;2023/2024;4;0.0;40
520;2023/2024;5;0.0;40
521;2024/2025;1;0.0;40
522;2024/2025;2;0.0;40
523;2024/2025;3;0.0;40
524;2024/2025;4;0.0;40
525;2024/2025;5;72.72727272727273;40
526;2022/2023;1;83.9506172839506;554
527;2022/2023;2;98.10126582278481;554
528;2022/2023;3;86.95652173913044;554
529;2022/2023;4;92.42424242424242;554
530;2022/2023;5;94.63087248322147;554
531;2023/2024;1;86.1878453038674;554
532;2023/2024;2;93.5251798561151;554
533;2023/2024;3;85.2760736196319;554
534;2023/2024;4;91.12903225806451;554
535;2023/2024;5;95.16129032258065;554
536;2024/2025;1;85.0;554
537;2024/2025;2;92.99363057324841;554
538;2024/2025;3;88.35616438356165;554
539;2024/2025;4;94.28571428571428;554
540;2024/2025;5;97.5;554
541;2022/2023;1;0.0;552
542;2022/2023;2;0.0;552
543;2022/2023;3;83.33333333333334;552
544;2023/2024;1;0.0;552
545;2023/2024;2;0.0;552
546;2023/2024;3;73.03370786516854;552
547;2024/2025;1;35.294117647058826;552
548;2024/2025;2;0.0;552
549;2024/2025;3;75.0;552
550;2022/2023;1;5.0;556
551;2022/2023;2;45.45454545454545;556
552;2022/2023;3;16.666666666666664;556
553;2022/2023;4;61.53846153846154;556
554;2022/2023;5;89.28571428571429;556
555;2023/2024;1;7.5;556
556;2023/2024;2;25.0;556
557;2023/2024;3;15.686274509803921;556
558;2023/2024;4;75.0;556
559;2023/2024;5;75.0;556
560;2024/2025;1;10.909090909090908;556
561;2024/2025;2;12.5;556
562;2024/2025;3;30.909090909090907;556
563;2024/2025;4;50.0;556
564;2024/2025;5;81.48148148148148;556
565;2022/2023;1;75.40983606557377;555
566;2022/2023;2;85.71428571428571;555
567;2022/2023;3;94.28571428571428;555
568;2022/2023;4;93.61702127659575;555
569;2022/2023;5;81.57894736842105;555
570;2023/2024;1;76.78571428571429;555
571;2023/2024;2;86.88524590163934;555
572;2023/2024;3;91.42857142857143;555
573;2023/2024;4;95.52238805970148;555
574;2023/2024;5;97.5609756097561;555
575;2024/2025;1;78.94736842105263;555
576;2024/2025;2;89.47368421052632;555
577;2024/2025;3;91.66666666666666;555
578;2024/2025;4;97.05882352941177;555
579;2024/2025;5;96.92307692307692;555
580;2022/2023;1;100.0;420
581;2022/2023;2;100.0;420
582;2022/2023;3;100.0;420
583;2022/2023;4;100.0;420
584;2022/2023;5;100.0;420
585;2023/2024;1;100.0;420
586;2023/2024;2;100.0;420
587;2023/2024;3;100.0;420
588;2023/2024;4;100.0;420
589;2023/2024;5;100.0;420
590;2024/2025;1;100.0;420
591;2024/2025;2;100.0;420
592;2024/2025;3;100.0;420
593;2024/2025;4;100.0;420
594;2024/2025;5;100.0;420
595;2022/2023;1;100.0;421
596;2022/2023;2;98.07692307692307;421
597;2022/2023;3;100.0;421
598;2022/2023;4;100.0;421
599;2022/2023;5;100.0;421
600;2023/2024;1;100.0;421
601;2023/2024;2;100.0;421
602;2023/2024;3;100.0;421
603;2023/2024;4;100.0;421
604;2023/2024;5;100.0;421
605;2024/2025;1;100.0;421
606;2024/2025;2;100.0;421
607;2024/2025;3;100.0;421
608;2024/2025;4;100.0;421
609;2024/2025;5;100.0;421
610;2022/2023;1;100.0;422
611;2022/2023;2;100.0;422
612;2022/2023;3;100.0;422
613;2022/2023;4;100.0;422
614;2022/2023;5;100.0;422
615;2023/2024;1;100.0;422
616;2023/2024;2;100.0;422
617;2023/2024;3;100.0;422
618;2023/2024;4;100.0;422
619;2023/2024;5;100.0;422
620;2024/2025;1;100.0;422
621;2024/2025;2;100.0;422
622;2024/2025;3;100.0;422
623;2024/2025;4;100.0;422
624;2024/2025;5;100.0;422
625;2022/2023;1;100.0;419
626;2022/2023;2;100.0;419
627;2022/2023;3;100.0;419
628;2022/2023;4;100.0;419
629;2022/2023;5;100.0;419
630;2023/2024;1;100.0;419
631;2023/2024;2;100.0;419
632;2023/2024;3;100.0;419
633;2023/2024;4;100.0;419
634;2023/2024;5;100.0;419
635;2024/2025;1;100.0;419
636;2024/2025;2;100.0;419
637;2024/2025;3;100.0;419
638;2024/2025;4;100.0;419
639;2024/2025;5;100.0;419
640;2022/2023;1;100.0;423
641;2022/2023;2;100.0;423
642;2022/2023;3;100.0;423
643;2022/2023;4;100.0;423
644;2022/2023;5;100.0;423
645;2023/2024;1;100.0;423
646;2023/2024;2;100.0;423
647;2023/2024;3;100.0;423
648;2023/2024;4;100.0;423
649;2023/2024;5;100.0;423
650;2024/2025;1;92.85714285714286;423
651;2024/2025;2;100.0;423
652;2024/2025;3;100.0;423
653;2024/2025;4;100.0;423
654;2024/2025;5;100.0;423
655;2022/2023;1;100.0;424
656;2022/2023;2;100.0;424
657;2022/2023;3;100.0;424
658;2022/2023;4;100.0;424
659;2022/2023;5;100.0;424
660;2023/2024;1;100.0;424
661;2023/2024;2;100.0;424
662;2023/2024;3;100.0;424
663;2023/2024;4;100.0;424
664;2023/2024;5;100.0;424
665;2024/2025;1;92.85714285714286;424
666;2024/2025;2;100.0;424
667;2024/2025;3;100.0;424
668;2024/2025;4;100.0;424
669;2024/2025;5;100.0;424
670;2022/2023;1;100.0;425
671;2022/2023;2;100.0;425
672;2022/2023;3;100.0;425
673;2022/2023;4;100.0;425
674;2022/2023;5;100.0;425
675;2023/2024;1;93.33333333333333;425
676;2023/2024;2;100.0;425
677;2023/2024;3;100.0;425
678;2023/2024;4;100.0;425
679;2023/2024;5;100.0;425
680;2024/2025;1;100.0;425
681;2024/2025;2;100.0;425
682;2024/2025;3;100.0;425
683;2024/2025;4;100.0;425
684;2024/2025;5;100.0;425
685;2022/2023;1;100.0;428
686;2022/2023;2;100.0;428
687;2022/2023;3;100.0;428
688;2023/2024;1;100.0;428
689;2023/2024;2;100.0;428
690;2023/2024;3;100.0;428
691;2024/2025;1;98.76543209876543;428
692;2024/2025;2;100.0;428
693;2024/2025;3;100.0;428
694;2022/2023;1;100.0;393
695;2022/2023;2;100.0;393
696;2022/2023;3;100.0;393
697;2022/2023;4;100.0;393
698;2022/2023;5;100.0;393
699;2023/2024;1;100.0;393
700;2023/2024;2;100.0;393
701;2023/2024;3;100.0;393
702;2023/2024;4;100.0;393
703;2023/2024;5;100.0;393
704;2024/2025;1;100.0;393
705;2024/2025;2;100.0;393
706;2024/2025;3;100.0;393
707;2024/2025;4;98.46153846153847;393
708;2024/2025;5;100.0;393
709;2022/2023;1;100.0;429
710;2022/2023;2;100.0;429
711;2022/2023;3;100.0;429
712;2023/2024;1;100.0;429
713;2023/2024;2;100.0;429
714;2023/2024;3;100.0;429
715;2024/2025;1;98.18181818181819;429
716;2024/2025;2;100.0;429
717;2024/2025;3;94.73684210526315;429
718;2022/2023;1;100.0;427
719;2022/2023;2;100.0;427
720;2022/2023;3;100.0;427
721;2023/2024;1;100.0;427
722;2023/2024;2;96.55172413793103;427
723;2023/2024;3;100.0;427
724;2024/2025;1;100.0;427
725;2024/2025;2;100.0;427
726;2024/2025;3;100.0;427
727;2022/2023;1;100.0;394
728;2022/2023;2;100.0;394
729;2022/2023;3;100.0;394
730;2022/2023;4;100.0;394
731;2022/2023;5;100.0;394
732;2023/2024;1;100.0;394
733;2023/2024;2;100.0;394
734;2023/2024;3;100.0;394
735;2023/2024;4;100.0;394
736;2023/2024;5;100.0;394
737;2024/2025;1;100.0;394
738;2024/2025;2;100.0;394
739;2024/2025;3;100.0;394
740;2024/2025;4;100.0;394
741;2024/2025;5;100.0;394
742;2022/2023;1;100.0;396
743;2022/2023;2;99.46236559139786;396
744;2022/2023;3;99.40476190476191;396
745;2023/2024;1;100.0;396
746;2023/2024;2;99.36305732484077;396
747;2023/2024;3;100.0;396
748;2024/2025;1;98.7878787878788;396
749;2024/2025;2;100.0;396
750;2024/2025;3;97.40259740259741;396
751;2022/2023;1;96.61016949152543;395
752;2022/2023;2;97.10144927536231;395
753;2022/2023;3;100.0;395
754;2022/2023;4;100.0;395
755;2022/2023;5;100.0;395
756;2023/2024;1;100.0;395
757;2023/2024;2;100.0;395
758;2023/2024;3;100.0;395
759;2023/2024;4;100.0;395
760;2023/2024;5;100.0;395
761;2024/2025;1;100.0;395
762;2024/2025;2;100.0;395
763;2024/2025;3;100.0;395
764;2024/2025;4;100.0;395
765;2024/2025;5;100.0;395
766;2022/2023;1;100.0;213
767;2022/2023;2;100.0;213
768;2022/2023;3;100.0;213
769;2022/2023;4;100.0;213
770;2022/2023;5;100.0;213
771;2023/2024;1;97.05882352941177;213
772;2023/2024;2;100.0;213
773;2023/2024;3;100.0;213
774;2023/2024;4;100.0;213
775;2023/2024;5;100.0;213
776;2024/2025;1;100.0;213
777;2024/2025;2;100.0;213
778;2024/2025;3;100.0;213
779;2024/2025;4;100.0;213
780;2024/2025;5;100.0;213
781;2022/2023;1;100.0;214
782;2022/2023;2;100.0;214
783;2022/2023;3;100.0;214
784;2023/2024;1;94.28571428571428;214
785;2023/2024;2;100.0;214
786;2023/2024;3;97.77777777777777;214
787;2024/2025;1;94.87179487179486;214
788;2024/2025;2;100.0;214
789;2024/2025;3;100.0;214
790;2022/2023;1;100.0;295
791;2022/2023;2;98.57142857142858;295
792;2022/2023;3;100.0;295
793;2022/2023;4;100.0;295
794;2022/2023;5;100.0;295
795;2023/2024;1;98.7012987012987;295
796;2023/2024;2;100.0;295
797;2023/2024;3;100.0;295
798;2023/2024;4;100.0;295
799;2023/2024;5;100.0;295
800;2024/2025;1;100.0;295
801;2024/2025;2;100.0;295
802;2024/2025;3;100.0;295
803;2024/2025;4;100.0;295
804;2024/2025;5;100.0;295
805;2022/2023;1;100.0;294
806;2022/2023;2;100.0;294
807;2022/2023;3;100.0;294
808;2022/2023;4;100.0;294
809;2022/2023;5;100.0;294
810;2023/2024;1;100.0;294
811;2023/2024;2;100.0;294
812;2023/2024;3;100.0;294
813;2023/2024;4;100.0;294
814;2023/2024;5;100.0;294
815;2024/2025;1;100.0;294
816;2024/2025;2;100.0;294
817;2024/2025;3;100.0;294
818;2024/2025;4;100.0;294
819;2024/2025;5;100.0;294
820;2022/2023;1;100.0;296
821;2022/2023;2;100.0;296
822;2022/2023;3;100.0;296
823;2022/2023;4;100.0;296
824;2022/2023;5;100.0;296
825;2023/2024;1;100.0;296
826;2023/2024;2;100.0;296
827;2023/2024;3;100.0;296
828;2023/2024;4;100.0;296
829;2023/2024;5;100.0;296
830;2024/2025;1;100.0;296
831;2024/2025;2;95.65217391304348;296
832;2024/2025;3;100.0;296
833;2024/2025;4;100.0;296
834;2024/2025;5;100.0;296
835;2022/2023;1;100.0;297
836;2022/2023;2;99.2248062015504;297
837;2022/2023;3;99.10714285714286;297
838;2023/2024;1;99.04761904761905;297
839;2023/2024;2;99.20634920634922;297
840;2023/2024;3;99.23076923076923;297
841;2024/2025;1;98.57142857142858;297
842;2024/2025;2;100.0;297
843;2024/2025;3;98.46153846153847;297
844;2022/2023;1;100.0;518
845;2022/2023;2;100.0;518
846;2022/2023;3;100.0;518
847;2022/2023;4;100.0;518
848;2022/2023;5;100.0;518
849;2023/2024;1;100.0;518
850;2023/2024;2;100.0;518
851;2023/2024;3;100.0;518
852;2023/2024;4;100.0;518
853;2023/2024;5;100.0;518
854;2024/2025;1;100.0;518
855;2024/2025;2;100.0;518
856;2024/2025;3;100.0;518
857;2024/2025;4;100.0;518
858;2024/2025;5;100.0;518
859;2022/2023;1;100.0;519
860;2022/2023;2;100.0;519
861;2022/2023;3;100.0;519
862;2023/2024;1;100.0;519
863;2023/2024;2;100.0;519
864;2023/2024;3;100.0;519
865;2024/2025;1;100.0;519
866;2024/2025;2;100.0;519
867;2024/2025;3;100.0;519
868;2022/2023;1;88.23529411764706;154
869;2022/2023;2;95.23809523809523;154
870;2022/2023;3;100.0;154
871;2022/2023;4;100.0;154
872;2022/2023;5;100.0;154
873;2023/2024;1;87.5;154
874;2023/2024;2;100.0;154
875;2023/2024;3;100.0;154
876;2023/2024;4;100.0;154
877;2023/2024;5;100.0;154
878;2024/2025;1;94.73684210526315;154
879;2024/2025;2;100.0;154
880;2024/2025;3;100.0;154
881;2024/2025;4;100.0;154
882;2024/2025;5;100.0;154
883;2022/2023;1;100.0;156
884;2022/2023;2;100.0;156
885;2022/2023;3;98.4375;156
886;2023/2024;1;100.0;156
887;2023/2024;2;100.0;156
888;2023/2024;3;100.0;156
889;2024/2025;1;98.24561403508771;156
890;2024/2025;2;100.0;156
891;2024/2025;3;100.0;156
892;2022/2023;1;100.0;275
893;2022/2023;2;100.0;275
894;2022/2023;3;100.0;275
895;2022/2023;4;100.0;275
896;2022/2023;5;100.0;275
897;2023/2024;1;100.0;275
898;2023/2024;2;100.0;275
899;2023/2024;3;100.0;275
900;2023/2024;4;100.0;275
901;2023/2024;5;100.0;275
902;2024/2025;1;100.0;275
903;2024/2025;2;100.0;275
904;2024/2025;3;100.0;275
905;2024/2025;4;100.0;275
906;2024/2025;5;100.0;275
907;2022/2023;1;100.0;155
908;2022/2023;2;100.0;155
909;2022/2023;3;100.0;155
910;2022/2023;4;100.0;155
911;2022/2023;5;100.0;155
912;2023/2024;1;100.0;155
913;2023/2024;2;100.0;155
914;2023/2024;3;100.0;155
915;2023/2024;4;100.0;155
916;2023/2024;5;100.0;155
917;2024/2025;1;100.0;155
918;2024/2025;2;100.0;155
919;2024/2025;3;100.0;155
920;2024/2025;4;100.0;155
921;2024/2025;5;100.0;155
922;2022/2023;1;100.0;276
923;2022/2023;2;100.0;276
924;2022/2023;3;100.0;276
925;2022/2023;4;100.0;276
926;2022/2023;5;100.0;276
927;2023/2024;1;100.0;276
928;2023/2024;2;100.0;276
929;2023/2024;3;100.0;276
930;2023/2024;4;100.0;276
931;2023/2024;5;100.0;276
932;2024/2025;1;100.0;276
933;2024/2025;2;100.0;276
934;2024/2025;3;100.0;276
935;2024/2025;4;100.0;276
936;2024/2025;5;100.0;276
937;2022/2023;1;100.0;280
938;2022/2023;2;100.0;280
939;2022/2023;3;100.0;280
940;2022/2023;4;100.0;280
941;2022/2023;5;100.0;280
942;2023/2024;1;100.0;280
943;2023/2024;2;100.0;280
944;2023/2024;3;100.0;280
945;2023/2024;4;100.0;280
946;2023/2024;5;100.0;280
947;2024/2025;1;100.0;280
948;2024/2025;2;100.0;280
949;2024/2025;3;100.0;280
950;2024/2025;4;100.0;280
951;2024/2025;5;100.0;280
952;2022/2023;1;100.0;277
953;2022/2023;2;100.0;277
954;2022/2023;3;100.0;277
955;2022/2023;4;100.0;277
956;2022/2023;5;100.0;277
957;2023/2024;1;100.0;277
958;2023/2024;2;100.0;277
959;2023/2024;3;100.0;277
960;2023/2024;4;100.0;277
961;2023/2024;5;100.0;277
962;2024/2025;1;100.0;277
963;2024/2025;2;100.0;277
964;2024/2025;3;100.0;277
965;2024/2025;4;100.0;277
966;2024/2025;5;100.0;277
967;2022/2023;1;100.0;279
968;2022/2023;2;100.0;279
969;2022/2023;3;100.0;279
970;2022/2023;4;100.0;279
971;2022/2023;5;100.0;279
972;2023/2024;1;100.0;279
973;2023/2024;2;100.0;279
974;2023/2024;3;100.0;279
975;2023/2024;4;100.0;279
976;2023/2024;5;100.0;279
977;2024/2025;1;100.0;279
978;2024/2025;2;100.0;279
979;2024/2025;3;100.0;279
980;2024/2025;4;100.0;279
981;2024/2025;5;100.0;279
982;2022/2023;1;100.0;278
983;2022/2023;2;100.0;278
984;2022/2023;3;100.0;278
985;2022/2023;4;100.0;278
986;2022/2023;5;100.0;278
987;2023/2024;1;100.0;278
988;2023/2024;2;100.0;278
989;2023/2024;3;100.0;278
990;2023/2024;4;100.0;278
991;2023/2024;5;100.0;278
992;2024/2025;1;100.0;278
993;2024/2025;2;100.0;278
994;2024/2025;3;100.0;278
995;2024/2025;4;100.0;278
996;2024/2025;5;100.0;278
997;2022/2023;1;100.0;281
998;2022/2023;2;100.0;281
999;2022/2023;3;100.0;281
1000;2022/2023;4;100.0;281
1001;2022/2023;5;100.0;281
1002;2023/2024;1;100.0;281
1003;2023/2024;2;100.0;281
1004;2023/2024;3;100.0;281
1005;2023/2024;4;100.0;281
1006;2023/2024;5;100.0;281
1007;2024/2025;1;100.0;281
1008;2024/2025;2;100.0;281
1009;2024/2025;3;100.0;281
1010;2024/2025;4;100.0;281
1011;2024/2025;5;100.0;281
1012;2022/2023;1;98.11320754716981;283
1013;2022/2023;2;97.22222222222221;283
1014;2022/2023;3;100.0;283
1015;2023/2024;1;94.73684210526315;283
1016;2023/2024;2;98.11320754716981;283
1017;2023/2024;3;100.0;283
1018;2024/2025;1;97.22222222222221;283
1019;2024/2025;2;91.8918918918919;283
1020;2024/2025;3;94.33962264150944;283
1021;2022/2023;1;93.90243902439023;284
1022;2022/2023;2;96.25;284
1023;2022/2023;3;98.86363636363636;284
1024;2023/2024;1;96.15384615384616;284
1025;2023/2024;2;95.0;284
1026;2023/2024;3;100.0;284
1027;2024/2025;1;97.10144927536231;284
1028;2024/2025;2;97.46835443037975;284
1029;2024/2025;3;100.0;284
1030;2022/2023;1;100.0;282
1031;2022/2023;2;100.0;282
1032;2022/2023;3;100.0;282
1033;2022/2023;4;100.0;282
1034;2022/2023;5;100.0;282
1035;2023/2024;1;100.0;282
1036;2023/2024;2;92.85714285714286;282
1037;2023/2024;3;100.0;282
1038;2023/2024;4;100.0;282
1039;2023/2024;5;100.0;282
1040;2024/2025;1;100.0;282
1041;2024/2025;2;100.0;282
1042;2024/2025;3;100.0;282
1043;2024/2025;4;100.0;282
1044;2024/2025;5;100.0;282
1045;2022/2023;1;100.0;165
1046;2022/2023;2;100.0;165
1047;2022/2023;3;100.0;165
1048;2022/2023;4;100.0;165
1049;2022/2023;5;100.0;165
1050;2023/2024;1;100.0;165
1051;2023/2024;2;100.0;165
1052;2023/2024;3;100.0;165
1053;2023/2024;4;100.0;165
1054;2023/2024;5;100.0;165
1055;2024/2025;1;100.0;165
1056;2024/2025;2;100.0;165
1057;2024/2025;3;100.0;165
1058;2024/2025;4;100.0;165
1059;2024/2025;5;100.0;165
1060;2022/2023;1;98.38709677419355;164
1061;2022/2023;2;97.1830985915493;164
1062;2022/2023;3;100.0;164
1063;2022/2023;4;100.0;164
1064;2022/2023;5;98.38709677419355;164
1065;2023/2024;1;100.0;164
1066;2023/2024;2;100.0;164
1067;2023/2024;3;100.0;164
1068;2023/2024;4;100.0;164
1069;2023/2024;5;100.0;164
1070;2024/2025;1;98.18181818181819;164
1071;2024/2025;2;100.0;164
1072;2024/2025;3;100.0;164
1073;2024/2025;4;100.0;164
1074;2024/2025;5;100.0;164
1075;2022/2023;1;96.62921348314607;166
1076;2022/2023;2;95.65217391304348;166
1077;2022/2023;3;100.0;166
1078;2023/2024;1;100.0;166
1079;2023/2024;2;97.75280898876404;166
1080;2023/2024;3;100.0;166
1081;2024/2025;1;98.79518072289156;166
1082;2024/2025;2;96.0;166
1083;2024/2025;3;97.61904761904762;166
1084;2022/2023;1;82.79569892473118;532
1085;2022/2023;2;84.21052631578947;532
1086;2022/2023;3;86.36363636363636;532
1087;2022/2023;4;90.9090909090909;532
1088;2022/2023;5;93.44262295081968;532
1089;2023/2024;1;76.63551401869158;532
1090;2023/2024;2;86.36363636363636;532
1091;2023/2024;3;91.04477611940298;532
1092;2023/2024;4;89.83050847457628;532
1093;2023/2024;5;95.71428571428572;532
1094;2024/2025;1;75.96153846153845;532
1095;2024/2025;2;83.33333333333334;532
1096;2024/2025;3;92.40506329113924;532
1097;2024/2025;4;93.93939393939394;532
1098;2024/2025;5;96.22641509433963;532
1099;2022/2023;1;0.0;531
1100;2022/2023;2;0.0;531
1101;2022/2023;3;78.57142857142857;531
1102;2023/2024;1;0.0;531
1103;2023/2024;2;0.0;531
1104;2023/2024;3;61.53846153846154;531
1105;2024/2025;1;0.0;531
1106;2024/2025;2;0.0;531
1107;2024/2025;3;75.0;531
1108;2022/2023;1;0.0;533
1109;2022/2023;2;71.42857142857143;533
1110;2022/2023;3;35.0;533
1111;2022/2023;4;40.0;533
1112;2022/2023;5;57.14285714285714;533
1113;2023/2024;1;0.0;533
1114;2023/2024;2;16.666666666666664;533
1115;2023/2024;3;37.5;533
1116;2023/2024;4;75.0;533
1117;2023/2024;5;83.33333333333334;533
1118;2024/2025;1;0.0;533
1119;2024/2025;2;50.0;533
1120;2024/2025;3;23.076923076923077;533
1121;2024/2025;4;44.44444444444444;533
1122;2024/2025;5;82.35294117647058;533
1123;2022/2023;1;77.38095238095238;534
1124;2022/2023;2;91.8918918918919;534
1125;2022/2023;3;91.17647058823529;534
1126;2022/2023;4;100.0;534
1127;2022/2023;5;95.55555555555556;534
1128;2023/2024;1;72.72727272727273;534
1129;2023/2024;2;89.83050847457628;534
1130;2023/2024;3;75.80645161290323;534
1131;2023/2024;4;96.66666666666667;534
1132;2023/2024;5;88.88888888888889;534
1133;2024/2025;1;76.36363636363637;534
1134;2024/2025;2;95.65217391304348;534
1135;2024/2025;3;77.77777777777779;534
1136;2024/2025;4;95.83333333333334;534
1137;2024/2025;5;100.0;534
1138;2022/2023;1;100.0;173
1139;2022/2023;2;100.0;173
1140;2022/2023;3;100.0;173
1141;2022/2023;4;100.0;173
1142;2022/2023;5;100.0;173
1143;2023/2024;1;88.88888888888889;173
1144;2023/2024;2;100.0;173
1145;2023/2024;3;100.0;173
1146;2023/2024;4;100.0;173
1147;2023/2024;5;92.3076923076923;173
1148;2024/2025;1;92.3076923076923;173
1149;2024/2025;2;100.0;173
1150;2024/2025;3;100.0;173
1151;2024/2025;4;100.0;173
1152;2024/2025;5;94.73684210526315;173
1153;2022/2023;1;100.0;174
1154;2022/2023;2;100.0;174
1155;2022/2023;3;100.0;174
1156;2022/2023;4;100.0;174
1157;2022/2023;5;100.0;174
1158;2023/2024;1;100.0;174
1159;2023/2024;2;100.0;174
1160;2023/2024;3;100.0;174
1161;2023/2024;4;100.0;174
1162;2023/2024;5;100.0;174
1163;2024/2025;1;100.0;174
1164;2024/2025;2;100.0;174
1165;2024/2025;3;100.0;174
1166;2024/2025;4;100.0;174
1167;2024/2025;5;100.0;174
1168;2022/2023;1;100.0;176
1169;2022/2023;2;100.0;176
1170;2022/2023;3;100.0;176
1171;2022/2023;4;100.0;176
1172;2022/2023;5;100.0;176
1173;2023/2024;1;100.0;176
1174;2023/2024;2;100.0;176
1175;2023/2024;3;100.0;176
1176;2023/2024;4;100.0;176
1177;2023/2024;5;100.0;176
1178;2024/2025;1;100.0;176
1179;2024/2025;2;100.0;176
1180;2024/2025;3;100.0;176
1181;2024/2025;4;100.0;176
1182;2024/2025;5;100.0;176
1183;2022/2023;1;100.0;175
1184;2022/2023;2;100.0;175
1185;2022/2023;3;100.0;175
1186;2022/2023;4;100.0;175
1187;2022/2023;5;100.0;175
1188;2023/2024;1;100.0;175
1189;2023/2024;2;100.0;175
1190;2023/2024;3;100.0;175
1191;2023/2024;4;100.0;175
1192;2023/2024;5;100.0;175
1193;2024/2025;1;100.0;175
1194;2024/2025;2;100.0;175
1195;2024/2025;3;100.0;175
1196;2024/2025;4;100.0;175
1197;2024/2025;5;100.0;175
1198;2022/2023;1;100.0;177
1199;2022/2023;2;100.0;177
1200;2022/2023;3;100.0;177
1201;2022/2023;4;100.0;177
1202;2022/2023;5;100.0;177
1203;2023/2024;1;100.0;177
1204;2023/2024;2;100.0;177
1205;2023/2024;3;100.0;177
1206;2023/2024;4;100.0;177
1207;2023/2024;5;100.0;177
1208;2024/2025;1;100.0;177
1209;2024/2025;2;100.0;177
1210;2024/2025;3;100.0;177
1211;2024/2025;4;100.0;177
1212;2024/2025;5;100.0;177
1213;2022/2023;1;100.0;178
1214;2022/2023;2;100.0;178
1215;2022/2023;3;100.0;178
1216;2023/2024;1;100.0;178
1217;2023/2024;2;100.0;178
1218;2023/2024;3;100.0;178
1219;2024/2025;1;100.0;178
1220;2024/2025;2;100.0;178
1221;2024/2025;3;100.0;178
1222;2022/2023;1;100.0;233
1223;2022/2023;2;100.0;233
1224;2022/2023;3;100.0;233
1225;2022/2023;4;100.0;233
1226;2022/2023;5;100.0;233
1227;2023/2024;1;100.0;233
1228;2023/2024;2;100.0;233
1229;2023/2024;3;100.0;233
1230;2023/2024;4;100.0;233
1231;2023/2024;5;100.0;233
1232;2024/2025;1;100.0;233
1233;2024/2025;2;100.0;233
1234;2024/2025;3;100.0;233
1235;2024/2025;4;100.0;233
1236;2024/2025;5;100.0;233
1237;2022/2023;1;100.0;234
1238;2022/2023;2;100.0;234
1239;2022/2023;3;100.0;234
1240;2022/2023;4;100.0;234
1241;2022/2023;5;100.0;234
1242;2023/2024;1;100.0;234
1243;2023/2024;2;100.0;234
1244;2023/2024;3;100.0;234
1245;2023/2024;4;100.0;234
1246;2023/2024;5;100.0;234
1247;2024/2025;1;100.0;234
1248;2024/2025;2;100.0;234
1249;2024/2025;3;100.0;234
1250;2024/2025;4;100.0;234
1251;2024/2025;5;100.0;234
1252;2022/2023;1;100.0;235
1253;2022/2023;2;92.3076923076923;235
1254;2022/2023;3;100.0;235
1255;2022/2023;4;100.0;235
1256;2022/2023;5;100.0;235
1257;2023/2024;1;100.0;235
1258;2023/2024;2;100.0;235
1259;2023/2024;3;100.0;235
1260;2023/2024;4;100.0;235
1261;2023/2024;5;100.0;235
1262;2024/2025;1;100.0;235
1263;2024/2025;2;91.66666666666666;235
1264;2024/2025;3;100.0;235
1265;2024/2025;4;100.0;235
1266;2024/2025;5;100.0;235
1267;2022/2023;1;100.0;238
1268;2022/2023;2;100.0;238
1269;2022/2023;3;100.0;238
1270;2022/2023;4;100.0;238
1271;2022/2023;5;100.0;238
1272;2023/2024;1;100.0;238
1273;2023/2024;2;100.0;238
1274;2023/2024;3;100.0;238
1275;2023/2024;4;100.0;238
1276;2023/2024;5;100.0;238
1277;2024/2025;1;100.0;238
1278;2024/2025;2;100.0;238
1279;2024/2025;3;100.0;238
1280;2024/2025;4;100.0;238
1281;2024/2025;5;100.0;238
1282;2022/2023;1;100.0;236
1283;2022/2023;2;100.0;236
1284;2022/2023;3;100.0;236
1285;2022/2023;4;100.0;236
1286;2022/2023;5;90.9090909090909;236
1287;2023/2024;1;100.0;236
1288;2023/2024;2;100.0;236
1289;2023/2024;3;100.0;236
1290;2023/2024;4;100.0;236
1291;2023/2024;5;100.0;236
1292;2024/2025;1;100.0;236
1293;2024/2025;2;100.0;236
1294;2024/2025;3;100.0;236
1295;2024/2025;4;100.0;236
1296;2024/2025;5;100.0;236
1297;2022/2023;1;100.0;239
1298;2022/2023;2;100.0;239
1299;2022/2023;3;100.0;239
1300;2022/2023;4;100.0;239
1301;2022/2023;5;100.0;239
1302;2023/2024;1;100.0;239
1303;2023/2024;2;100.0;239
1304;2023/2024;3;100.0;239
1305;2023/2024;4;100.0;239
1306;2023/2024;5;100.0;239
1307;2024/2025;1;100.0;239
1308;2024/2025;2;100.0;239
1309;2024/2025;3;100.0;239
1310;2024/2025;4;100.0;239
1311;2024/2025;5;100.0;239
1312;2022/2023;1;100.0;240
1313;2022/2023;2;96.72131147540983;240
1314;2022/2023;3;98.0392156862745;240
1315;2023/2024;1;96.07843137254902;240
1316;2023/2024;2;100.0;240
1317;2023/2024;3;100.0;240
1318;2024/2025;1;100.0;240
1319;2024/2025;2;100.0;240
1320;2024/2025;3;100.0;240
1321;2022/2023;1;100.0;237
1322;2022/2023;2;100.0;237
1323;2022/2023;3;100.0;237
1324;2022/2023;4;100.0;237
1325;2022/2023;5;100.0;237
1326;2023/2024;1;100.0;237
1327;2023/2024;2;100.0;237
1328;2023/2024;3;100.0;237
1329;2023/2024;4;100.0;237
1330;2023/2024;5;100.0;237
1331;2024/2025;1;90.0;237
1332;2024/2025;2;100.0;237
1333;2024/2025;3;100.0;237
1334;2024/2025;4;100.0;237
1335;2024/2025;5;100.0;237
1336;2022/2023;1;100.0;241
1337;2022/2023;2;100.0;241
1338;2022/2023;3;100.0;241
1339;2023/2024;1;97.67441860465115;241
1340;2023/2024;2;100.0;241
1341;2023/2024;3;100.0;241
1342;2024/2025;1;100.0;241
1343;2024/2025;2;100.0;241
1344;2024/2025;3;100.0;241
1345;2022/2023;1;100.0;274
1346;2022/2023;2;100.0;274
1347;2022/2023;3;100.0;274
1348;2023/2024;1;100.0;274
1349;2023/2024;2;100.0;274
1350;2023/2024;3;100.0;274
1351;2024/2025;1;100.0;274
1352;2024/2025;2;95.23809523809523;274
1353;2024/2025;3;100.0;274
1354;2022/2023;1;100.0;272
1355;2022/2023;2;100.0;272
1356;2022/2023;3;100.0;272
1357;2022/2023;4;100.0;272
1358;2022/2023;5;100.0;272
1359;2023/2024;1;100.0;272
1360;2023/2024;2;100.0;272
1361;2023/2024;3;100.0;272
1362;2023/2024;4;100.0;272
1363;2023/2024;5;100.0;272
1364;2024/2025;1;100.0;272
1365;2024/2025;2;100.0;272
1366;2024/2025;3;100.0;272
1367;2024/2025;4;100.0;272
1368;2024/2025;5;100.0;272
1369;2022/2023;1;100.0;273
1370;2022/2023;2;100.0;273
1371;2022/2023;3;100.0;273
1372;2023/2024;1;100.0;273
1373;2023/2024;2;100.0;273
1374;2023/2024;3;100.0;273
1375;2024/2025;1;100.0;273
1376;2024/2025;2;100.0;273
1377;2024/2025;3;100.0;273
1378;2022/2023;1;100.0;271
1379;2022/2023;2;100.0;271
1380;2022/2023;3;100.0;271
1381;2022/2023;4;100.0;271
1382;2022/2023;5;100.0;271
1383;2023/2024;1;85.71428571428571;271
1384;2023/2024;2;100.0;271
1385;2023/2024;3;100.0;271
1386;2023/2024;4;100.0;271
1387;2023/2024;5;100.0;271
1388;2024/2025;1;100.0;271
1389;2024/2025;2;100.0;271
1390;2024/2025;3;100.0;271
1391;2024/2025;4;100.0;271
1392;2024/2025;5;100.0;271
1393;2022/2023;1;78.04878048780488;10
1394;2022/2023;2;83.6734693877551;10
1395;2022/2023;3;80.28169014084507;10
1396;2022/2023;4;96.96969696969697;10
1397;2023/2024;1;83.72093023255815;10
1398;2023/2024;2;76.74418604651163;10
1399;2023/2024;3;75.0;10
1400;2023/2024;4;88.57142857142857;10
1401;2024/2025;1;83.92857142857143;10
1402;2024/2025;2;75.51020408163265;10
1403;2024/2025;3;84.44444444444444;10
1404;2024/2025;4;88.88888888888889;10
1405;2022/2023;1;100.0;398
1406;2022/2023;2;100.0;398
1407;2022/2023;3;100.0;398
1408;2022/2023;4;100.0;398
1409;2022/2023;5;100.0;398
1410;2023/2024;1;94.31818181818183;398
1411;2023/2024;2;100.0;398
1412;2023/2024;3;98.64864864864865;398
1413;2023/2024;4;100.0;398
1414;2023/2024;5;100.0;398
1415;2024/2025;1;100.0;398
1416;2024/2025;2;100.0;398
1417;2024/2025;3;100.0;398
1418;2024/2025;4;100.0;398
1419;2024/2025;5;100.0;398
1420;2022/2023;1;0.0;9
1421;2022/2023;2;0.0;9
1422;2022/2023;3;0.0;9
1423;2022/2023;4;0.0;9
1424;2022/2023;5;0.0;9
1425;2023/2024;1;0.0;9
1426;2023/2024;2;0.0;9
1427;2023/2024;3;0.0;9
1428;2023/2024;4;0.0;9
1429;2023/2024;5;0.0;9
1430;2024/2025;1;0.0;9
1431;2024/2025;2;0.0;9
1432;2024/2025;3;0.0;9
1433;2024/2025;4;0.0;9
1434;2024/2025;5;88.88888888888889;9
1435;2022/2023;1;100.0;400
1436;2022/2023;2;100.0;400
1437;2022/2023;3;100.0;400
1438;2022/2023;4;100.0;400
1439;2022/2023;5;100.0;400
1440;2023/2024;1;100.0;400
1441;2023/2024;2;100.0;400
1442;2023/2024;3;100.0;400
1443;2023/2024;4;100.0;400
1444;2023/2024;5;100.0;400
1445;2024/2025;1;100.0;400
1446;2024/2025;2;100.0;400
1447;2024/2025;3;100.0;400
1448;2024/2025;4;100.0;400
1449;2024/2025;5;100.0;400
1450;2022/2023;1;100.0;397
1451;2022/2023;2;100.0;397
1452;2022/2023;3;100.0;397
1453;2022/2023;4;100.0;397
1454;2022/2023;5;100.0;397
1455;2023/2024;1;100.0;397
1456;2023/2024;2;100.0;397
1457;2023/2024;3;100.0;397
1458;2023/2024;4;100.0;397
1459;2023/2024;5;100.0;397
1460;2024/2025;1;100.0;397
1461;2024/2025;2;100.0;397
1462;2024/2025;3;100.0;397
1463;2024/2025;4;100.0;397
1464;2024/2025;5;100.0;397
1465;2022/2023;1;100.0;402
1466;2022/2023;2;100.0;402
1467;2022/2023;3;100.0;402
1468;2022/2023;4;100.0;402
1469;2022/2023;5;100.0;402
1470;2023/2024;1;100.0;402
1471;2023/2024;2;100.0;402
1472;2023/2024;3;100.0;402
1473;2023/2024;4;100.0;402
1474;2023/2024;5;100.0;402
1475;2024/2025;1;100.0;402
1476;2024/2025;2;100.0;402
1477;2024/2025;3;100.0;402
1478;2024/2025;4;100.0;402
1479;2024/2025;5;100.0;402
1480;2022/2023;1;94.11764705882352;401
1481;2022/2023;2;100.0;401
1482;2022/2023;3;100.0;401
1483;2022/2023;4;100.0;401
1484;2022/2023;5;100.0;401
1485;2023/2024;1;94.44444444444444;401
1486;2023/2024;2;100.0;401
1487;2023/2024;3;100.0;401
1488;2023/2024;4;100.0;401
1489;2023/2024;5;100.0;401
1490;2024/2025;1;100.0;401
1491;2024/2025;2;100.0;401
1492;2024/2025;3;100.0;401
1493;2024/2025;4;100.0;401
1494;2024/2025;5;100.0;401
1495;2022/2023;1;99.2248062015504;403
1496;2022/2023;2;98.01324503311258;403
1497;2022/2023;3;100.0;403
1498;2023/2024;1;98.4375;403
1499;2023/2024;2;100.0;403
1500;2023/2024;3;98.63013698630137;403
1501;2024/2025;1;99.28571428571429;403
1502;2024/2025;2;96.89922480620154;403
1503;2024/2025;3;100.0;403
1504;2022/2023;1;100.0;432
1505;2022/2023;2;100.0;432
1506;2022/2023;3;100.0;432
1507;2022/2023;4;100.0;432
1508;2022/2023;5;100.0;432
1509;2023/2024;1;100.0;432
1510;2023/2024;2;100.0;432
1511;2023/2024;3;100.0;432
1512;2023/2024;4;100.0;432
1513;2023/2024;5;100.0;432
1514;2024/2025;1;100.0;432
1515;2024/2025;2;100.0;432
1516;2024/2025;3;100.0;432
1517;2024/2025;4;100.0;432
1518;2024/2025;5;100.0;432
1519;2022/2023;1;100.0;430
1520;2022/2023;2;100.0;430
1521;2022/2023;3;100.0;430
1522;2022/2023;4;100.0;430
1523;2022/2023;5;100.0;430
1524;2023/2024;1;100.0;430
1525;2023/2024;2;100.0;430
1526;2023/2024;3;100.0;430
1527;2023/2024;4;100.0;430
1528;2023/2024;5;100.0;430
1529;2024/2025;1;100.0;430
1530;2024/2025;2;100.0;430
1531;2024/2025;3;100.0;430
1532;2024/2025;4;100.0;430
1533;2024/2025;5;100.0;430
1534;2022/2023;1;100.0;1
1535;2022/2023;2;95.65217391304348;1
1536;2022/2023;3;96.0;1
1537;2022/2023;4;100.0;1
1538;2022/2023;5;100.0;1
1539;2023/2024;1;100.0;1
1540;2023/2024;2;100.0;1
1541;2023/2024;3;92.0;1
1542;2023/2024;4;100.0;1
1543;2023/2024;5;100.0;1
1544;2024/2025;1;100.0;1
1545;2024/2025;2;100.0;1
1546;2024/2025;3;100.0;1
1547;2024/2025;4;100.0;1
1548;2024/2025;5;100.0;1
1549;2022/2023;1;93.75;431
1550;2022/2023;2;100.0;431
1551;2022/2023;3;100.0;431
1552;2022/2023;4;100.0;431
1553;2022/2023;5;100.0;431
1554;2023/2024;1;100.0;431
1555;2023/2024;2;100.0;431
1556;2023/2024;3;100.0;431
1557;2023/2024;4;100.0;431
1558;2023/2024;5;100.0;431
1559;2024/2025;1;100.0;431
1560;2024/2025;2;100.0;431
1561;2024/2025;3;100.0;431
1562;2024/2025;4;100.0;431
1563;2024/2025;5;90.9090909090909;431
1564;2022/2023;1;100.0;433
1565;2022/2023;2;100.0;433
1566;2022/2023;3;95.65217391304348;433
1567;2023/2024;1;100.0;433
1568;2023/2024;2;100.0;433
1569;2023/2024;3;100.0;433
1570;2024/2025;1;100.0;433
1571;2024/2025;2;100.0;433
1572;2024/2025;3;100.0;433
1573;2022/2023;1;81.48148148148148;480
1574;2022/2023;2;78.125;480
1575;2022/2023;3;92.6829268292683;480
1576;2022/2023;4;90.9090909090909;480
1577;2022/2023;5;97.2972972972973;480
1578;2023/2024;1;83.87096774193549;480
1579;2023/2024;2;86.04651162790698;480
1580;2023/2024;3;91.66666666666666;480
1581;2023/2024;4;86.8421052631579;480
1582;2023/2024;5;97.36842105263158;480
1583;2024/2025;1;84.90566037735849;480
1584;2024/2025;2;94.64285714285714;480
1585;2024/2025;3;85.36585365853658;480
1586;2024/2025;4;100.0;480
1587;2024/2025;5;97.05882352941177;480
1588;2022/2023;1;0.0;479
1589;2022/2023;2;0.0;479
1590;2022/2023;3;100.0;479
1591;2023/2024;1;0.0;479
1592;2023/2024;2;0.0;479
1593;2023/2024;3;50.0;479
1594;2024/2025;1;0.0;479
1595;2024/2025;2;0.0;479
1596;2024/2025;3;66.66666666666666;479
1597;2022/2023;1;0.0;3
1598;2022/2023;2;0.0;3
1599;2022/2023;3;0.0;3
1600;2022/2023;4;0.0;3
1601;2023/2024;1;94.11764705882352;3
1602;2023/2024;2;100.0;3
1603;2023/2024;3;100.0;3
1604;2023/2024;4;0.0;3
1605;2024/2025;1;90.9090909090909;3
1606;2024/2025;2;100.0;3
1607;2024/2025;3;100.0;3
1608;2024/2025;4;100.0;3
1609;2022/2023;1;100.0;2
1610;2022/2023;2;95.45454545454545;2
1611;2022/2023;3;100.0;2
1612;2023/2024;1;100.0;2
1613;2023/2024;2;100.0;2
1614;2023/2024;3;100.0;2
1615;2024/2025;1;100.0;2
1616;2024/2025;2;100.0;2
1617;2024/2025;3;100.0;2
1618;2022/2023;1;0.0;483
1619;2022/2023;2;0.0;483
1620;2022/2023;3;0.0;483
1621;2022/2023;4;25.0;483
1622;2022/2023;5;100.0;483
1623;2023/2024;1;0.0;483
1624;2023/2024;2;0.0;483
1625;2023/2024;3;0.0;483
1626;2023/2024;4;33.33333333333333;483
1627;2023/2024;5;100.0;483
1628;2024/2025;1;0.0;483
1629;2024/2025;2;0.0;483
1630;2024/2025;3;0.0;483
1631;2024/2025;4;0.0;483
1632;2024/2025;5;50.0;483
1633;2022/2023;1;79.41176470588235;482
1634;2022/2023;2;88.23529411764706;482
1635;2022/2023;3;88.23529411764706;482
1636;2022/2023;4;100.0;482
1637;2022/2023;5;100.0;482
1638;2023/2024;1;83.78378378378379;482
1639;2023/2024;2;82.14285714285714;482
1640;2023/2024;3;100.0;482
1641;2023/2024;4;100.0;482
1642;2023/2024;5;94.11764705882352;482
1643;2024/2025;1;81.81818181818183;482
1644;2024/2025;2;93.75;482
1645;2024/2025;3;96.15384615384616;482
1646;2024/2025;4;100.0;482
1647;2024/2025;5;95.0;482
1648;2022/2023;1;0.0;481
1649;2022/2023;2;0.0;481
1650;2022/2023;3;0.0;481
1651;2022/2023;4;77.77777777777779;481
1652;2022/2023;5;44.44444444444444;481
1653;2023/2024;1;0.0;481
1654;2023/2024;2;0.0;481
1655;2023/2024;3;0.0;481
1656;2023/2024;4;66.66666666666666;481
1657;2023/2024;5;66.66666666666666;481
1658;2024/2025;1;0.0;481
1659;2024/2025;2;0.0;481
1660;2024/2025;3;0.0;481
1661;2024/2025;4;16.666666666666664;481
1662;2024/2025;5;55.55555555555556;481
1663;2022/2023;1;95.23809523809523;486
1664;2022/2023;2;100.0;486
1665;2022/2023;3;87.5;486
1666;2022/2023;4;95.23809523809523;486
1667;2022/2023;5;85.71428571428571;486
1668;2023/2024;1;77.27272727272727;486
1669;2023/2024;2;100.0;486
1670;2023/2024;3;100.0;486
1671;2023/2024;4;100.0;486
1672;2023/2024;5;95.65217391304348;486
1673;2024/2025;1;93.33333333333333;486
1674;2024/2025;2;100.0;486
1675;2024/2025;3;94.44444444444444;486
1676;2024/2025;4;100.0;486
1677;2024/2025;5;100.0;486
1678;2022/2023;1;93.54838709677419;484
1679;2022/2023;2;90.0;484
1680;2022/2023;3;95.23809523809523;484
1681;2022/2023;4;0.0;484
1682;2022/2023;5;0.0;484
1683;2023/2024;1;95.83333333333334;484
1684;2023/2024;2;85.71428571428571;484
1685;2023/2024;3;85.0;484
1686;2023/2024;4;73.68421052631578;484
1687;2023/2024;5;0.0;484
1688;2024/2025;1;100.0;484
1689;2024/2025;2;86.66666666666667;484
1690;2024/2025;3;90.625;484
1691;2024/2025;4;94.44444444444444;484
1692;2024/2025;5;100.0;484
1693;2022/2023;1;100.0;487
1694;2022/2023;2;95.0;487
1695;2022/2023;3;100.0;487
1696;2022/2023;4;94.44444444444444;487
1697;2022/2023;5;95.23809523809523;487
1698;2023/2024;1;100.0;487
1699;2023/2024;2;95.23809523809523;487
1700;2023/2024;3;100.0;487
1701;2023/2024;4;100.0;487
1702;2023/2024;5;100.0;487
1703;2024/2025;1;100.0;487
1704;2024/2025;2;100.0;487
1705;2024/2025;3;95.0;487
1706;2024/2025;4;100.0;487
1707;2024/2025;5;100.0;487
1708;2022/2023;1;100.0;224
1709;2022/2023;2;100.0;224
1710;2022/2023;3;100.0;224
1711;2022/2023;4;100.0;224
1712;2022/2023;5;100.0;224
1713;2023/2024;1;100.0;224
1714;2023/2024;2;100.0;224
1715;2023/2024;3;100.0;224
1716;2023/2024;4;100.0;224
1717;2023/2024;5;100.0;224
1718;2024/2025;1;100.0;224
1719;2024/2025;2;100.0;224
1720;2024/2025;3;83.33333333333334;224
1721;2024/2025;4;100.0;224
1722;2024/2025;5;100.0;224
1723;2022/2023;1;100.0;225
1724;2022/2023;2;100.0;225
1725;2022/2023;3;100.0;225
1726;2022/2023;4;100.0;225
1727;2022/2023;5;100.0;225
1728;2023/2024;1;100.0;225
1729;2023/2024;2;92.85714285714286;225
1730;2023/2024;3;100.0;225
1731;2023/2024;4;100.0;225
1732;2023/2024;5;100.0;225
1733;2024/2025;1;0.0;225
1734;2024/2025;2;100.0;225
1735;2024/2025;3;100.0;225
1736;2024/2025;4;100.0;225
1737;2024/2025;5;100.0;225
1738;2022/2023;1;100.0;226
1739;2022/2023;2;100.0;226
1740;2022/2023;3;100.0;226
1741;2022/2023;4;100.0;226
1742;2022/2023;5;100.0;226
1743;2023/2024;1;100.0;226
1744;2023/2024;2;100.0;226
1745;2023/2024;3;100.0;226
1746;2023/2024;4;100.0;226
1747;2023/2024;5;100.0;226
1748;2024/2025;1;100.0;226
1749;2024/2025;2;100.0;226
1750;2024/2025;3;100.0;226
1751;2024/2025;4;100.0;226
1752;2024/2025;5;100.0;226
1753;2022/2023;1;100.0;227
1754;2022/2023;2;100.0;227
1755;2022/2023;3;100.0;227
1756;2022/2023;4;100.0;227
1757;2022/2023;5;100.0;227
1758;2023/2024;1;100.0;227
1759;2023/2024;2;100.0;227
1760;2023/2024;3;100.0;227
1761;2023/2024;4;100.0;227
1762;2023/2024;5;100.0;227
1763;2024/2025;1;100.0;227
1764;2024/2025;2;100.0;227
1765;2024/2025;3;100.0;227
1766;2024/2025;4;100.0;227
1767;2024/2025;5;100.0;227
1768;2022/2023;1;100.0;232
1769;2022/2023;2;100.0;232
1770;2022/2023;3;100.0;232
1771;2023/2024;1;100.0;232
1772;2023/2024;2;100.0;232
1773;2023/2024;3;96.29629629629629;232
1774;2024/2025;1;96.7741935483871;232
1775;2024/2025;2;100.0;232
1776;2024/2025;3;100.0;232
1777;2022/2023;1;100.0;228
1778;2022/2023;2;100.0;228
1779;2022/2023;3;100.0;228
1780;2022/2023;4;100.0;228
1781;2022/2023;5;100.0;228
1782;2023/2024;1;100.0;228
1783;2023/2024;2;100.0;228
1784;2023/2024;3;100.0;228
1785;2023/2024;4;100.0;228
1786;2023/2024;5;100.0;228
1787;2024/2025;1;100.0;228
1788;2024/2025;2;100.0;228
1789;2024/2025;3;100.0;228
1790;2024/2025;4;100.0;228
1791;2024/2025;5;100.0;228
1792;2022/2023;1;100.0;229
1793;2022/2023;2;100.0;229
1794;2022/2023;3;100.0;229
1795;2022/2023;4;100.0;229
1796;2022/2023;5;100.0;229
1797;2023/2024;1;100.0;229
1798;2023/2024;2;100.0;229
1799;2023/2024;3;100.0;229
1800;2023/2024;4;100.0;229
1801;2023/2024;5;100.0;229
1802;2024/2025;1;100.0;229
1803;2024/2025;2;100.0;229
1804;2024/2025;3;100.0;229
1805;2024/2025;4;100.0;229
1806;2024/2025;5;100.0;229
1807;2022/2023;1;100.0;231
1808;2022/2023;2;100.0;231
1809;2022/2023;3;100.0;231
1810;2023/2024;1;100.0;231
1811;2023/2024;2;100.0;231
1812;2023/2024;3;100.0;231
1813;2024/2025;1;90.47619047619048;231
1814;2024/2025;2;100.0;231
1815;2024/2025;3;100.0;231
1816;2022/2023;1;100.0;230
1817;2022/2023;2;100.0;230
1818;2022/2023;3;100.0;230
1819;2023/2024;1;100.0;230
1820;2023/2024;2;100.0;230
1821;2023/2024;3;100.0;230
1822;2024/2025;1;100.0;230
1823;2024/2025;2;97.36842105263158;230
1824;2024/2025;3;100.0;230
1825;2022/2023;1;0.0;528
1826;2022/2023;2;0.0;528
1827;2022/2023;3;0.0;528
1828;2022/2023;4;55.00000000000001;528
1829;2022/2023;5;80.0;528
1830;2023/2024;1;0.0;528
1831;2023/2024;2;0.0;528
1832;2023/2024;3;0.0;528
1833;2023/2024;4;62.5;528
1834;2023/2024;5;85.71428571428571;528
1835;2024/2025;1;0.0;528
1836;2024/2025;2;0.0;528
1837;2024/2025;3;0.0;528
1838;2024/2025;4;50.0;528
1839;2024/2025;5;78.57142857142857;528
1840;2022/2023;1;93.97590361445783;527
1841;2022/2023;2;90.36144578313254;527
1842;2022/2023;3;87.3015873015873;527
1843;2022/2023;4;98.0392156862745;527
1844;2022/2023;5;96.7741935483871;527
1845;2023/2024;1;92.45283018867924;527
1846;2023/2024;2;96.5909090909091;527
1847;2023/2024;3;85.13513513513513;527
1848;2023/2024;4;88.67924528301887;527
1849;2023/2024;5;92.45283018867924;527
1850;2024/2025;1;91.83673469387756;527
1851;2024/2025;2;87.5;527
1852;2024/2025;3;87.77777777777777;527
1853;2024/2025;4;92.3076923076923;527
1854;2024/2025;5;89.58333333333334;527
1855;2022/2023;1;86.8421052631579;529
1856;2022/2023;2;93.75;529
1857;2022/2023;3;95.45454545454545;529
1858;2022/2023;4;100.0;529
1859;2022/2023;5;100.0;529
1860;2023/2024;1;100.0;529
1861;2023/2024;2;88.88888888888889;529
1862;2023/2024;3;92.85714285714286;529
1863;2023/2024;4;100.0;529
1864;2023/2024;5;88.46153846153845;529
1865;2024/2025;1;87.87878787878788;529
1866;2024/2025;2;100.0;529
1867;2024/2025;3;90.0;529
1868;2024/2025;4;83.33333333333334;529
1869;2024/2025;5;90.47619047619048;529
1870;2022/2023;1;0.0;530
1871;2022/2023;2;0.0;530
1872;2022/2023;3;0.0;530
1873;2022/2023;4;50.0;530
1874;2022/2023;5;50.0;530
1875;2023/2024;1;0.0;530
1876;2023/2024;2;0.0;530
1877;2023/2024;3;0.0;530
1878;2023/2024;4;83.33333333333334;530
1879;2023/2024;5;75.0;530
1880;2024/2025;1;0.0;530
1881;2024/2025;2;0.0;530
1882;2024/2025;3;0.0;530
1883;2024/2025;4;40.0;530
1884;2024/2025;5;83.33333333333334;530
1885;2022/2023;1;100.0;438
1886;2022/2023;2;100.0;438
1887;2022/2023;3;100.0;438
1888;2022/2023;4;100.0;438
1889;2022/2023;5;100.0;438
1890;2023/2024;1;100.0;438
1891;2023/2024;2;100.0;438
1892;2023/2024;3;100.0;438
1893;2023/2024;4;100.0;438
1894;2023/2024;5;100.0;438
1895;2024/2025;1;100.0;438
1896;2024/2025;2;100.0;438
1897;2024/2025;3;100.0;438
1898;2024/2025;4;100.0;438
1899;2024/2025;5;100.0;438
1900;2022/2023;1;100.0;157
1901;2022/2023;2;100.0;157
1902;2022/2023;3;100.0;157
1903;2022/2023;4;100.0;157
1904;2022/2023;5;100.0;157
1905;2023/2024;1;100.0;157
1906;2023/2024;2;100.0;157
1907;2023/2024;3;100.0;157
1908;2023/2024;4;100.0;157
1909;2023/2024;5;100.0;157
1910;2024/2025;1;100.0;157
1911;2024/2025;2;100.0;157
1912;2024/2025;3;100.0;157
1913;2024/2025;4;100.0;157
1914;2024/2025;5;100.0;157
1915;2022/2023;1;98.38709677419355;571
1916;2022/2023;2;98.82352941176471;571
1917;2022/2023;3;98.26086956521739;571
1918;2022/2023;4;96.96969696969697;571
1919;2022/2023;5;98.95833333333334;571
1920;2023/2024;1;96.96969696969697;571
1921;2023/2024;2;94.73684210526315;571
1922;2023/2024;3;100.0;571
1923;2023/2024;4;97.11538461538461;571
1924;2023/2024;5;98.93617021276596;571
1925;2024/2025;1;97.22222222222221;571
1926;2024/2025;2;94.73684210526315;571
1927;2024/2025;3;100.0;571
1928;2024/2025;4;98.66666666666667;571
1929;2024/2025;5;100.0;571
1930;2022/2023;1;100.0;440
1931;2022/2023;2;95.83333333333334;440
1932;2022/2023;3;100.0;440
1933;2022/2023;4;100.0;440
1934;2022/2023;5;100.0;440
1935;2023/2024;1;100.0;440
1936;2023/2024;2;100.0;440
1937;2023/2024;3;100.0;440
1938;2023/2024;4;100.0;440
1939;2023/2024;5;100.0;440
1940;2024/2025;1;100.0;440
1941;2024/2025;2;100.0;440
1942;2024/2025;3;100.0;440
1943;2024/2025;4;100.0;440
1944;2024/2025;5;100.0;440
1945;2022/2023;1;97.61904761904762;439
1946;2022/2023;2;100.0;439
1947;2022/2023;3;100.0;439
1948;2022/2023;4;100.0;439
1949;2022/2023;5;97.77777777777777;439
1950;2023/2024;1;100.0;439
1951;2023/2024;2;100.0;439
1952;2023/2024;3;100.0;439
1953;2023/2024;4;100.0;439
1954;2023/2024;5;97.91666666666666;439
1955;2024/2025;1;100.0;439
1956;2024/2025;2;100.0;439
1957;2024/2025;3;100.0;439
1958;2024/2025;4;100.0;439
1959;2024/2025;5;100.0;439
1960;2022/2023;1;95.95959595959596;572
1961;2022/2023;2;95.23809523809523;572
1962;2022/2023;3;96.7741935483871;572
1963;2022/2023;4;91.66666666666666;572
1964;2022/2023;5;98.59154929577466;572
1965;2023/2024;1;100.0;572
1966;2023/2024;2;97.84946236559139;572
1967;2023/2024;3;97.36842105263158;572
1968;2023/2024;4;95.0;572
1969;2023/2024;5;96.96969696969697;572
1970;2024/2025;1;94.91525423728814;572
1971;2024/2025;2;97.2972972972973;572
1972;2024/2025;3;96.55172413793103;572
1973;2024/2025;4;95.94594594594594;572
1974;2024/2025;5;96.72131147540983;572
1975;2022/2023;1;100.0;441
1976;2022/2023;2;100.0;441
1977;2022/2023;3;100.0;441
1978;2022/2023;4;100.0;441
1979;2022/2023;5;100.0;441
1980;2023/2024;1;100.0;441
1981;2023/2024;2;100.0;441
1982;2023/2024;3;95.83333333333334;441
1983;2023/2024;4;100.0;441
1984;2023/2024;5;100.0;441
1985;2024/2025;1;100.0;441
1986;2024/2025;2;100.0;441
1987;2024/2025;3;100.0;441
1988;2024/2025;4;100.0;441
1989;2024/2025;5;100.0;441
1990;2022/2023;1;96.47058823529412;442
1991;2022/2023;2;96.51162790697676;442
1992;2022/2023;3;98.93617021276596;442
1993;2023/2024;1;98.79518072289156;442
1994;2023/2024;2;98.79518072289156;442
1995;2023/2024;3;97.6470588235294;442
1996;2024/2025;1;97.8021978021978;442
1997;2024/2025;2;97.59036144578313;442
1998;2024/2025;3;100.0;442
1999;2022/2023;1;79.81651376146789;162
2000;2022/2023;2;85.88235294117646;162
2001;2022/2023;3;94.8051948051948;162
2002;2022/2023;4;90.36144578313254;162
2003;2022/2023;5;98.0;162
2004;2023/2024;1;81.81818181818183;162
2005;2023/2024;2;81.81818181818183;162
2006;2023/2024;3;93.67088607594937;162
2007;2023/2024;4;92.5925925925926;162
2008;2023/2024;5;98.68421052631578;162
2009;2024/2025;1;83.03571428571429;162
2010;2024/2025;2;92.72727272727272;162
2011;2024/2025;3;91.02564102564102;162
2012;2024/2025;4;98.73417721518987;162
2013;2024/2025;5;98.64864864864865;162
2014;2022/2023;1;0.0;161
2015;2022/2023;2;0.0;161
2016;2022/2023;3;0.0;161
2017;2022/2023;4;0.0;161
2018;2022/2023;5;0.0;161
2019;2023/2024;1;0.0;161
2020;2023/2024;2;0.0;161
2021;2023/2024;3;0.0;161
2022;2023/2024;4;0.0;161
2023;2023/2024;5;0.0;161
2024;2024/2025;1;0.0;161
2025;2024/2025;2;0.0;161
2026;2024/2025;3;0.0;161
2027;2024/2025;4;0.0;161
2028;2024/2025;5;51.35135135135135;161
2029;2022/2023;1;79.74683544303798;163
2030;2022/2023;2;96.1038961038961;163
2031;2022/2023;3;98.66666666666667;163
2032;2022/2023;4;96.22641509433963;163
2033;2023/2024;1;82.05128205128204;163
2034;2023/2024;2;92.7536231884058;163
2035;2023/2024;3;96.05263157894737;163
2036;2023/2024;4;98.48484848484848;163
2037;2024/2025;1;77.63157894736842;163
2038;2024/2025;2;82.35294117647058;163
2039;2024/2025;3;95.38461538461539;163
2040;2024/2025;4;93.33333333333333;163
2041;2022/2023;1;100.0;436
2042;2022/2023;2;100.0;436
2043;2022/2023;3;100.0;436
2044;2022/2023;4;100.0;436
2045;2022/2023;5;100.0;436
2046;2023/2024;1;95.0;436
2047;2023/2024;2;100.0;436
2048;2023/2024;3;100.0;436
2049;2023/2024;4;100.0;436
2050;2023/2024;5;100.0;436
2051;2024/2025;1;100.0;436
2052;2024/2025;2;100.0;436
2053;2024/2025;3;100.0;436
2054;2024/2025;4;100.0;436
2055;2024/2025;5;100.0;436
2056;2022/2023;1;100.0;437
2057;2022/2023;2;100.0;437
2058;2022/2023;3;100.0;437
2059;2023/2024;1;100.0;437
2060;2023/2024;2;100.0;437
2061;2023/2024;3;98.18181818181819;437
2062;2024/2025;1;100.0;437
2063;2024/2025;2;100.0;437
2064;2024/2025;3;100.0;437
2065;2022/2023;1;92.85714285714286;434
2066;2022/2023;2;100.0;434
2067;2022/2023;3;100.0;434
2068;2022/2023;4;100.0;434
2069;2022/2023;5;100.0;434
2070;2023/2024;1;100.0;434
2071;2023/2024;2;100.0;434
2072;2023/2024;3;100.0;434
2073;2023/2024;4;100.0;434
2074;2023/2024;5;100.0;434
2075;2024/2025;1;100.0;434
2076;2024/2025;2;100.0;434
2077;2024/2025;3;100.0;434
2078;2024/2025;4;100.0;434
2079;2024/2025;5;100.0;434
2080;2022/2023;1;91.25;566
2081;2022/2023;2;96.42857142857143;566
2082;2022/2023;3;100.0;566
2083;2022/2023;4;98.61111111111111;566
2084;2022/2023;5;100.0;566
2085;2023/2024;1;93.61702127659575;566
2086;2023/2024;2;93.24324324324324;566
2087;2023/2024;3;98.11320754716981;566
2088;2023/2024;4;94.9367088607595;566
2089;2023/2024;5;100.0;566
2090;2024/2025;1;91.56626506024097;566
2091;2024/2025;2;98.79518072289156;566
2092;2024/2025;3;98.57142857142858;566
2093;2024/2025;4;98.0;566
2094;2024/2025;5;100.0;566
2095;2022/2023;1;100.0;435
2096;2022/2023;2;100.0;435
2097;2022/2023;3;100.0;435
2098;2022/2023;4;100.0;435
2099;2022/2023;5;100.0;435
2100;2023/2024;1;100.0;435
2101;2023/2024;2;100.0;435
2102;2023/2024;3;100.0;435
2103;2023/2024;4;100.0;435
2104;2023/2024;5;100.0;435
2105;2024/2025;1;100.0;435
2106;2024/2025;2;100.0;435
2107;2024/2025;3;100.0;435
2108;2024/2025;4;100.0;435
2109;2024/2025;5;100.0;435
2110;2022/2023;1;100.0;378
2111;2022/2023;2;100.0;378
2112;2022/2023;3;100.0;378
2113;2023/2024;1;100.0;378
2114;2023/2024;2;100.0;378
2115;2023/2024;3;100.0;378
2116;2024/2025;1;100.0;378
2117;2024/2025;2;100.0;378
2118;2024/2025;3;96.7741935483871;378
2119;2022/2023;1;100.0;376
2120;2022/2023;2;100.0;376
2121;2022/2023;3;100.0;376
2122;2022/2023;4;100.0;376
2123;2022/2023;5;100.0;376
2124;2023/2024;1;100.0;376
2125;2023/2024;2;100.0;376
2126;2023/2024;3;100.0;376
2127;2023/2024;4;100.0;376
2128;2023/2024;5;100.0;376
2129;2024/2025;1;100.0;376
2130;2024/2025;2;100.0;376
2131;2024/2025;3;100.0;376
2132;2024/2025;4;100.0;376
2133;2024/2025;5;100.0;376
2134;2022/2023;1;97.36842105263158;377
2135;2022/2023;2;100.0;377
2136;2022/2023;3;100.0;377
2137;2022/2023;4;100.0;377
2138;2022/2023;5;100.0;377
2139;2023/2024;1;96.66666666666667;377
2140;2023/2024;2;100.0;377
2141;2023/2024;3;100.0;377
2142;2023/2024;4;100.0;377
2143;2023/2024;5;100.0;377
2144;2024/2025;1;96.55172413793103;377
2145;2024/2025;2;100.0;377
2146;2024/2025;3;100.0;377
2147;2024/2025;4;100.0;377
2148;2024/2025;5;100.0;377
2149;2022/2023;1;100.0;517
2150;2022/2023;2;100.0;517
2151;2022/2023;3;100.0;517
2152;2023/2024;1;100.0;517
2153;2023/2024;2;100.0;517
2154;2023/2024;3;100.0;517
2155;2024/2025;1;98.66666666666667;517
2156;2024/2025;2;100.0;517
2157;2024/2025;3;97.10144927536231;517
2158;2022/2023;1;100.0;300
2159;2022/2023;2;100.0;300
2160;2022/2023;3;100.0;300
2161;2022/2023;4;100.0;300
2162;2022/2023;5;100.0;300
2163;2023/2024;1;85.71428571428571;300
2164;2023/2024;2;100.0;300
2165;2023/2024;3;100.0;300
2166;2023/2024;4;100.0;300
2167;2023/2024;5;100.0;300
2168;2024/2025;1;100.0;300
2169;2024/2025;2;100.0;300
2170;2024/2025;3;100.0;300
2171;2024/2025;4;100.0;300
2172;2024/2025;5;100.0;300
2173;2022/2023;1;0.0;5
2174;2022/2023;2;0.0;5
2175;2022/2023;3;0.0;5
2176;2022/2023;4;0.0;5
2177;2022/2023;5;0.0;5
2178;2023/2024;1;0.0;5
2179;2023/2024;2;0.0;5
2180;2023/2024;3;0.0;5
2181;2023/2024;4;0.0;5
2182;2023/2024;5;0.0;5
2183;2024/2025;1;0.0;5
2184;2024/2025;2;0.0;5
2185;2024/2025;3;0.0;5
2186;2024/2025;4;0.0;5
2187;2024/2025;5;79.3103448275862;5
2188;2022/2023;1;100.0;299
2189;2022/2023;2;100.0;299
2190;2022/2023;3;100.0;299
2191;2022/2023;4;100.0;299
2192;2022/2023;5;100.0;299
2193;2023/2024;1;100.0;299
2194;2023/2024;2;100.0;299
2195;2023/2024;3;100.0;299
2196;2023/2024;4;100.0;299
2197;2023/2024;5;100.0;299
2198;2024/2025;1;100.0;299
2199;2024/2025;2;100.0;299
2200;2024/2025;3;100.0;299
2201;2024/2025;4;100.0;299
2202;2024/2025;5;100.0;299
2203;2022/2023;1;88.1578947368421;6
2204;2022/2023;2;87.87878787878788;6
2205;2022/2023;3;100.0;6
2206;2022/2023;4;71.7948717948718;6
2207;2023/2024;1;76.92307692307693;6
2208;2023/2024;2;84.61538461538461;6
2209;2023/2024;3;93.22033898305084;6
2210;2023/2024;4;91.42857142857143;6
2211;2024/2025;1;76.81159420289855;6
2212;2024/2025;2;86.20689655172413;6
2213;2024/2025;3;81.81818181818183;6
2214;2024/2025;4;97.61904761904762;6
2215;2022/2023;1;98.54014598540147;302
2216;2022/2023;2;98.75776397515527;302
2217;2022/2023;3;96.40718562874252;302
2218;2023/2024;1;97.95918367346938;302
2219;2023/2024;2;100.0;302
2220;2023/2024;3;100.0;302
2221;2024/2025;1;97.52066115702479;302
2222;2024/2025;2;98.59154929577466;302
2223;2024/2025;3;99.25373134328358;302
2224;2022/2023;1;98.30508474576271;301
2225;2022/2023;2;100.0;301
2226;2022/2023;3;100.0;301
2227;2022/2023;4;100.0;301
2228;2022/2023;5;100.0;301
2229;2023/2024;1;98.33333333333333;301
2230;2023/2024;2;100.0;301
2231;2023/2024;3;100.0;301
2232;2023/2024;4;100.0;301
2233;2023/2024;5;100.0;301
2234;2024/2025;1;98.79518072289156;301
2235;2024/2025;2;100.0;301
2236;2024/2025;3;100.0;301
2237;2024/2025;4;100.0;301
2238;2024/2025;5;100.0;301
2239;2022/2023;1;100.0;298
2240;2022/2023;2;100.0;298
2241;2022/2023;3;100.0;298
2242;2022/2023;4;100.0;298
2243;2022/2023;5;100.0;298
2244;2023/2024;1;100.0;298
2245;2023/2024;2;100.0;298
2246;2023/2024;3;100.0;298
2247;2023/2024;4;100.0;298
2248;2023/2024;5;100.0;298
2249;2024/2025;1;100.0;298
2250;2024/2025;2;100.0;298
2251;2024/2025;3;100.0;298
2252;2024/2025;4;100.0;298
2253;2024/2025;5;100.0;298
2254;2022/2023;1;78.18181818181819;471
2255;2022/2023;2;94.87179487179486;471
2256;2022/2023;3;97.22222222222221;471
2257;2022/2023;4;100.0;471
2258;2022/2023;5;100.0;471
2259;2023/2024;1;74.50980392156863;471
2260;2023/2024;2;92.6829268292683;471
2261;2023/2024;3;97.36842105263158;471
2262;2023/2024;4;97.14285714285714;471
2263;2023/2024;5;100.0;471
2264;2024/2025;1;82.97872340425532;471
2265;2024/2025;2;92.5;471
2266;2024/2025;3;94.73684210526315;471
2267;2024/2025;4;97.2972972972973;471
2268;2024/2025;5;100.0;471
2269;2022/2023;1;0.0;470
2270;2022/2023;2;0.0;470
2271;2022/2023;3;72.22222222222221;470
2272;2023/2024;1;0.0;470
2273;2023/2024;2;0.0;470
2274;2023/2024;3;63.63636363636363;470
2275;2024/2025;1;0.0;470
2276;2024/2025;2;0.0;470
2277;2024/2025;3;31.25;470
2278;2022/2023;1;70.45454545454545;473
2279;2022/2023;2;100.0;473
2280;2022/2023;3;93.33333333333333;473
2281;2022/2023;4;91.66666666666666;473
2282;2022/2023;5;100.0;473
2283;2023/2024;1;71.7948717948718;473
2284;2023/2024;2;92.85714285714286;473
2285;2023/2024;3;93.33333333333333;473
2286;2023/2024;4;71.42857142857143;473
2287;2023/2024;5;95.23809523809523;473
2288;2024/2025;1;72.97297297297297;473
2289;2024/2025;2;93.33333333333333;473
2290;2024/2025;3;100.0;473
2291;2024/2025;4;100.0;473
2292;2024/2025;5;100.0;473
2293;2022/2023;1;0.0;472
2294;2022/2023;2;0.0;472
2295;2022/2023;3;0.0;472
2296;2022/2023;4;66.66666666666666;472
2297;2022/2023;5;100.0;472
2298;2023/2024;1;0.0;472
2299;2023/2024;2;0.0;472
2300;2023/2024;3;0.0;472
2301;2023/2024;4;66.66666666666666;472
2302;2023/2024;5;50.0;472
2303;2024/2025;1;0.0;472
2304;2024/2025;2;37.5;472
2305;2024/2025;3;14.285714285714285;472
2306;2024/2025;4;50.0;472
2307;2024/2025;5;50.0;472
2308;2022/2023;1;0.0;474
2309;2022/2023;2;0.0;474
2310;2022/2023;3;0.0;474
2311;2022/2023;4;50.0;474
2312;2022/2023;5;100.0;474
2313;2023/2024;1;0.0;474
2314;2023/2024;2;0.0;474
2315;2023/2024;3;0.0;474
2316;2023/2024;4;50.0;474
2317;2023/2024;5;66.66666666666666;474
2318;2024/2025;1;0.0;474
2319;2024/2025;2;0.0;474
2320;2024/2025;3;0.0;474
2321;2024/2025;4;100.0;474
2322;2024/2025;5;50.0;474
2323;2022/2023;1;88.57142857142857;475
2324;2022/2023;2;93.54838709677419;475
2325;2022/2023;3;92.3076923076923;475
2326;2022/2023;4;96.66666666666667;475
2327;2022/2023;5;100.0;475
2328;2023/2024;1;84.84848484848484;475
2329;2023/2024;2;100.0;475
2330;2023/2024;3;100.0;475
2331;2023/2024;4;92.0;475
2332;2023/2024;5;100.0;475
2333;2024/2025;1;87.2340425531915;475
2334;2024/2025;2;96.55172413793103;475
2335;2024/2025;3;97.14285714285714;475
2336;2024/2025;4;100.0;475
2337;2024/2025;5;100.0;475
2338;2022/2023;1;100.0;476
2339;2022/2023;2;88.88888888888889;476
2340;2022/2023;3;100.0;476
2341;2022/2023;4;100.0;476
2342;2022/2023;5;100.0;476
2343;2023/2024;1;96.96969696969697;476
2344;2023/2024;2;89.28571428571429;476
2345;2023/2024;3;88.0;476
2346;2023/2024;4;100.0;476
2347;2023/2024;5;100.0;476
2348;2024/2025;1;66.66666666666666;476
2349;2024/2025;2;96.96969696969697;476
2350;2024/2025;3;100.0;476
2351;2024/2025;4;100.0;476
2352;2024/2025;5;96.66666666666667;476
2353;2022/2023;1;100.0;478
2354;2022/2023;2;84.61538461538461;478
2355;2022/2023;3;100.0;478
2356;2022/2023;4;100.0;478
2357;2022/2023;5;100.0;478
2358;2023/2024;1;96.29629629629629;478
2359;2023/2024;2;91.42857142857143;478
2360;2023/2024;3;95.65217391304348;478
2361;2023/2024;4;95.45454545454545;478
2362;2023/2024;5;100.0;478
2363;2024/2025;1;96.0;478
2364;2024/2025;2;93.33333333333333;478
2365;2024/2025;3;96.875;478
2366;2024/2025;4;95.65217391304348;478
2367;2024/2025;5;100.0;478
2368;2022/2023;1;83.33333333333334;477
2369;2022/2023;2;100.0;477
2370;2022/2023;3;100.0;477
2371;2022/2023;4;100.0;477
2372;2022/2023;5;100.0;477
2373;2023/2024;1;92.3076923076923;477
2374;2023/2024;2;85.71428571428571;477
2375;2023/2024;3;97.2972972972973;477
2376;2023/2024;4;100.0;477
2377;2023/2024;5;96.42857142857143;477
2378;2024/2025;1;94.11764705882352;477
2379;2024/2025;2;100.0;477
2380;2024/2025;3;100.0;477
2381;2024/2025;4;100.0;477
2382;2024/2025;5;100.0;477
2383;2022/2023;1;88.46153846153845;466
2384;2022/2023;2;81.69014084507043;466
2385;2022/2023;3;95.38461538461539;466
2386;2022/2023;4;93.18181818181817;466
2387;2022/2023;5;96.875;466
2388;2023/2024;1;79.41176470588235;466
2389;2023/2024;2;95.65217391304348;466
2390;2023/2024;3;93.93939393939394;466
2391;2023/2024;4;93.65079365079364;466
2392;2023/2024;5;98.78048780487805;466
2393;2024/2025;1;82.82828282828282;466
2394;2024/2025;2;89.6103896103896;466
2395;2024/2025;3;96.62921348314607;466
2396;2024/2025;4;93.54838709677419;466
2397;2024/2025;5;93.33333333333333;466
2398;2022/2023;1;0.0;465
2399;2022/2023;2;0.0;465
2400;2022/2023;3;77.08333333333334;465
2401;2023/2024;1;0.0;465
2402;2023/2024;2;0.0;465
2403;2023/2024;3;72.88135593220339;465
2404;2024/2025;1;0.0;465
2405;2024/2025;2;0.0;465
2406;2024/2025;3;68.42105263157895;465
2407;2022/2023;1;33.33333333333333;467
2408;2022/2023;2;42.857142857142854;467
2409;2022/2023;3;0.0;467
2410;2022/2023;4;50.0;467
2411;2022/2023;5;91.66666666666666;467
2412;2023/2024;1;0.0;467
2413;2023/2024;2;0.0;467
2414;2023/2024;3;0.0;467
2415;2023/2024;4;32.142857142857146;467
2416;2023/2024;5;91.66666666666666;467
2417;2024/2025;1;66.66666666666666;467
2418;2024/2025;2;50.0;467
2419;2024/2025;3;0.0;467
2420;2024/2025;4;50.0;467
2421;2024/2025;5;81.81818181818183;467
2422;2022/2023;1;76.92307692307693;468
2423;2022/2023;2;91.66666666666666;468
2424;2022/2023;3;82.6086956521739;468
2425;2022/2023;4;96.05263157894737;468
2426;2022/2023;5;91.66666666666666;468
2427;2023/2024;1;75.47169811320755;468
2428;2023/2024;2;89.65517241379311;468
2429;2023/2024;3;95.83333333333334;468
2430;2023/2024;4;97.36842105263158;468
2431;2023/2024;5;91.13924050632912;468
2432;2024/2025;1;83.33333333333334;468
2433;2024/2025;2;82.97872340425532;468
2434;2024/2025;3;92.15686274509804;468
2435;2024/2025;4;89.79591836734694;468
2436;2024/2025;5;100.0;468
2437;2022/2023;1;100.0;469
2438;2022/2023;2;16.666666666666664;469
2439;2022/2023;3;0.0;469
2440;2022/2023;4;28.57142857142857;469
2441;2022/2023;5;100.0;469
2442;2023/2024;1;0.0;469
2443;2023/2024;2;33.33333333333333;469
2444;2023/2024;3;0.0;469
2445;2023/2024;4;15.384615384615385;469
2446;2023/2024;5;66.66666666666666;469
2447;2024/2025;1;20.0;469
2448;2024/2025;2;50.0;469
2449;2024/2025;3;0.0;469
2450;2024/2025;4;46.15384615384615;469
2451;2024/2025;5;75.0;469
2452;2022/2023;1;100.0;369
2453;2022/2023;2;100.0;369
2454;2022/2023;3;100.0;369
2455;2022/2023;4;100.0;369
2456;2022/2023;5;100.0;369
2457;2023/2024;1;100.0;369
2458;2023/2024;2;100.0;369
2459;2023/2024;3;100.0;369
2460;2023/2024;4;100.0;369
2461;2023/2024;5;100.0;369
2462;2024/2025;1;100.0;369
2463;2024/2025;2;100.0;369
2464;2024/2025;3;100.0;369
2465;2024/2025;4;100.0;369
2466;2024/2025;5;100.0;369
2467;2022/2023;1;100.0;371
2468;2022/2023;2;100.0;371
2469;2022/2023;3;100.0;371
2470;2022/2023;4;100.0;371
2471;2022/2023;5;100.0;371
2472;2023/2024;1;100.0;371
2473;2023/2024;2;100.0;371
2474;2023/2024;3;100.0;371
2475;2023/2024;4;100.0;371
2476;2023/2024;5;100.0;371
2477;2024/2025;1;100.0;371
2478;2024/2025;2;100.0;371
2479;2024/2025;3;100.0;371
2480;2024/2025;4;100.0;371
2481;2024/2025;5;100.0;371
2482;2022/2023;1;100.0;372
2483;2022/2023;2;100.0;372
2484;2022/2023;3;100.0;372
2485;2022/2023;4;100.0;372
2486;2022/2023;5;100.0;372
2487;2023/2024;1;97.5609756097561;372
2488;2023/2024;2;100.0;372
2489;2023/2024;3;100.0;372
2490;2023/2024;4;100.0;372
2491;2023/2024;5;100.0;372
2492;2024/2025;1;100.0;372
2493;2024/2025;2;100.0;372
2494;2024/2025;3;100.0;372
2495;2024/2025;4;100.0;372
2496;2024/2025;5;100.0;372
2497;2022/2023;1;100.0;370
2498;2022/2023;2;100.0;370
2499;2022/2023;3;100.0;370
2500;2022/2023;4;100.0;370
2501;2022/2023;5;100.0;370
2502;2023/2024;1;100.0;370
2503;2023/2024;2;100.0;370
2504;2023/2024;3;100.0;370
2505;2023/2024;4;100.0;370
2506;2023/2024;5;100.0;370
2507;2024/2025;1;100.0;370
2508;2024/2025;2;100.0;370
2509;2024/2025;3;100.0;370
2510;2024/2025;4;100.0;370
2511;2024/2025;5;100.0;370
2512;2022/2023;1;100.0;375
2513;2022/2023;2;100.0;375
2514;2022/2023;3;96.0;375
2515;2023/2024;1;100.0;375
2516;2023/2024;2;96.0;375
2517;2023/2024;3;94.73684210526315;375
2518;2024/2025;1;96.7741935483871;375
2519;2024/2025;2;100.0;375
2520;2024/2025;3;96.0;375
2521;2022/2023;1;100.0;374
2522;2022/2023;2;98.59154929577466;374
2523;2022/2023;3;98.55072463768117;374
2524;2023/2024;1;97.10144927536231;374
2525;2023/2024;2;98.48484848484848;374
2526;2023/2024;3;94.44444444444444;374
2527;2024/2025;1;98.46153846153847;374
2528;2024/2025;2;100.0;374
2529;2024/2025;3;100.0;374
2530;2022/2023;1;100.0;373
2531;2022/2023;2;100.0;373
2532;2022/2023;3;100.0;373
2533;2022/2023;4;100.0;373
2534;2022/2023;5;100.0;373
2535;2023/2024;1;100.0;373
2536;2023/2024;2;100.0;373
2537;2023/2024;3;100.0;373
2538;2023/2024;4;100.0;373
2539;2023/2024;5;100.0;373
2540;2024/2025;1;100.0;373
2541;2024/2025;2;100.0;373
2542;2024/2025;3;100.0;373
2543;2024/2025;4;100.0;373
2544;2024/2025;5;100.0;373
2545;2022/2023;1;79.16666666666666;28
2546;2022/2023;2;90.74074074074075;28
2547;2022/2023;3;95.23809523809523;28
2548;2022/2023;4;100.0;28
2549;2023/2024;1;87.5;28
2550;2023/2024;2;85.0;28
2551;2023/2024;3;88.46153846153845;28
2552;2023/2024;4;100.0;28
2553;2024/2025;1;82.0;28
2554;2024/2025;2;91.93548387096774;28
2555;2024/2025;3;86.36363636363636;28
2556;2024/2025;4;100.0;28
2557;2022/2023;1;0.0;42
2558;2022/2023;2;0.0;42
2559;2022/2023;3;0.0;42
2560;2022/2023;4;0.0;42
2561;2022/2023;5;0.0;42
2562;2023/2024;1;0.0;42
2563;2023/2024;2;0.0;42
2564;2023/2024;3;0.0;42
2565;2023/2024;4;0.0;42
2566;2023/2024;5;0.0;42
2567;2024/2025;1;0.0;42
2568;2024/2025;2;0.0;42
2569;2024/2025;3;0.0;42
2570;2024/2025;4;0.0;42
2571;2024/2025;5;95.65217391304348;42
2572;2022/2023;1;100.0;319
2573;2022/2023;2;100.0;319
2574;2022/2023;3;100.0;319
2575;2023/2024;1;98.86363636363636;319
2576;2023/2024;2;100.0;319
2577;2023/2024;3;98.30508474576271;319
2578;2024/2025;1;100.0;319
2579;2024/2025;2;100.0;319
2580;2024/2025;3;98.86363636363636;319
2581;2022/2023;1;0.0;44
2582;2022/2023;2;0.0;44
2583;2022/2023;3;45.45454545454545;44
2584;2023/2024;1;0.0;44
2585;2023/2024;2;0.0;44
2586;2023/2024;3;57.77777777777777;44
2587;2024/2025;1;0.0;44
2588;2024/2025;2;0.0;44
2589;2024/2025;3;69.44444444444444;44
2590;2022/2023;1;98.64864864864865;317
2591;2022/2023;2;98.83720930232558;317
2592;2022/2023;3;100.0;317
2593;2022/2023;4;98.78048780487805;317
2594;2022/2023;5;100.0;317
2595;2023/2024;1;98.80952380952381;317
2596;2023/2024;2;100.0;317
2597;2023/2024;3;100.0;317
2598;2023/2024;4;100.0;317
2599;2023/2024;5;100.0;317
2600;2024/2025;1;100.0;317
2601;2024/2025;2;100.0;317
2602;2024/2025;3;100.0;317
2603;2024/2025;4;100.0;317
2604;2024/2025;5;100.0;317
2605;2022/2023;1;67.90123456790124;43
2606;2022/2023;2;71.05263157894737;43
2607;2022/2023;3;81.91489361702128;43
2608;2022/2023;4;100.0;43
2609;2023/2024;1;62.37623762376238;43
2610;2023/2024;2;69.1358024691358;43
2611;2023/2024;3;82.43243243243244;43
2612;2023/2024;4;93.22033898305084;43
2613;2024/2025;1;74.71264367816092;43
2614;2024/2025;2;78.04878048780488;43
2615;2024/2025;3;87.83783783783784;43
2616;2024/2025;4;79.06976744186046;43
2617;2022/2023;1;100.0;179
2618;2022/2023;2;100.0;179
2619;2022/2023;3;100.0;179
2620;2022/2023;4;100.0;179
2621;2022/2023;5;100.0;179
2622;2023/2024;1;100.0;179
2623;2023/2024;2;100.0;179
2624;2023/2024;3;100.0;179
2625;2023/2024;4;100.0;179
2626;2023/2024;5;100.0;179
2627;2024/2025;1;100.0;179
2628;2024/2025;2;100.0;179
2629;2024/2025;3;100.0;179
2630;2024/2025;4;100.0;179
2631;2024/2025;5;100.0;179
2632;2022/2023;1;92.85714285714286;318
2633;2022/2023;2;100.0;318
2634;2022/2023;3;100.0;318
2635;2022/2023;4;100.0;318
2636;2022/2023;5;100.0;318
2637;2023/2024;1;100.0;318
2638;2023/2024;2;100.0;318
2639;2023/2024;3;100.0;318
2640;2023/2024;4;100.0;318
2641;2023/2024;5;100.0;318
2642;2024/2025;1;100.0;318
2643;2024/2025;2;100.0;318
2644;2024/2025;3;100.0;318
2645;2024/2025;4;100.0;318
2646;2024/2025;5;100.0;318
2647;2022/2023;1;100.0;180
2648;2022/2023;2;100.0;180
2649;2022/2023;3;100.0;180
2650;2022/2023;4;100.0;180
2651;2022/2023;5;100.0;180
2652;2023/2024;1;100.0;180
2653;2023/2024;2;100.0;180
2654;2023/2024;3;100.0;180
2655;2023/2024;4;100.0;180
2656;2023/2024;5;100.0;180
2657;2024/2025;1;100.0;180
2658;2024/2025;2;100.0;180
2659;2024/2025;3;100.0;180
2660;2024/2025;4;100.0;180
2661;2024/2025;5;100.0;180
2662;2022/2023;1;95.45454545454545;181
2663;2022/2023;2;100.0;181
2664;2022/2023;3;100.0;181
2665;2022/2023;4;100.0;181
2666;2022/2023;5;100.0;181
2667;2023/2024;1;100.0;181
2668;2023/2024;2;100.0;181
2669;2023/2024;3;100.0;181
2670;2023/2024;4;100.0;181
2671;2023/2024;5;100.0;181
2672;2024/2025;1;100.0;181
2673;2024/2025;2;100.0;181
2674;2024/2025;3;100.0;181
2675;2024/2025;4;100.0;181
2676;2024/2025;5;100.0;181
2677;2022/2023;1;100.0;182
2678;2022/2023;2;100.0;182
2679;2022/2023;3;100.0;182
2680;2023/2024;1;100.0;182
2681;2023/2024;2;100.0;182
2682;2023/2024;3;98.66666666666667;182
2683;2024/2025;1;100.0;182
2684;2024/2025;2;100.0;182
2685;2024/2025;3;98.18181818181819;182
2686;2022/2023;1;0.0;488
2687;2022/2023;2;0.0;488
2688;2022/2023;3;58.82352941176471;488
2689;2023/2024;1;0.0;488
2690;2023/2024;2;0.0;488
2691;2023/2024;3;42.10526315789473;488
2692;2024/2025;1;0.0;488
2693;2024/2025;2;0.0;488
2694;2024/2025;3;73.68421052631578;488
2695;2022/2023;1;0.0;491
2696;2022/2023;2;0.0;491
2697;2022/2023;3;0.0;491
2698;2022/2023;4;20.0;491
2699;2022/2023;5;60.0;491
2700;2023/2024;1;0.0;491
2701;2023/2024;2;0.0;491
2702;2023/2024;3;0.0;491
2703;2023/2024;4;0.0;491
2704;2023/2024;5;75.0;491
2705;2024/2025;1;0.0;491
2706;2024/2025;2;0.0;491
2707;2024/2025;3;0.0;491
2708;2024/2025;4;33.33333333333333;491
2709;2024/2025;5;100.0;491
2710;2022/2023;1;91.66666666666666;489
2711;2022/2023;2;0.0;489
2712;2022/2023;3;84.61538461538461;489
2713;2022/2023;4;100.0;489
2714;2022/2023;5;100.0;489
2715;2023/2024;1;94.44444444444444;489
2716;2023/2024;2;73.33333333333333;489
2717;2023/2024;3;85.71428571428571;489
2718;2023/2024;4;100.0;489
2719;2023/2024;5;100.0;489
2720;2024/2025;1;89.47368421052632;489
2721;2024/2025;2;82.6086956521739;489
2722;2024/2025;3;100.0;489
2723;2024/2025;4;100.0;489
2724;2024/2025;5;84.61538461538461;489
2725;2022/2023;1;91.66666666666666;490
2726;2022/2023;2;91.66666666666666;490
2727;2022/2023;3;95.65217391304348;490
2728;2022/2023;4;95.45454545454545;490
2729;2022/2023;5;100.0;490
2730;2023/2024;1;84.61538461538461;490
2731;2023/2024;2;86.36363636363636;490
2732;2023/2024;3;94.11764705882352;490
2733;2023/2024;4;95.65217391304348;490
2734;2023/2024;5;100.0;490
2735;2024/2025;1;89.47368421052632;490
2736;2024/2025;2;88.46153846153845;490
2737;2024/2025;3;90.0;490
2738;2024/2025;4;94.11764705882352;490
2739;2024/2025;5;95.45454545454545;490
2740;2022/2023;1;76.08695652173914;492
2741;2022/2023;2;87.87878787878788;492
2742;2022/2023;3;84.84848484848484;492
2743;2022/2023;4;91.8918918918919;492
2744;2022/2023;5;100.0;492
2745;2023/2024;1;69.56521739130434;492
2746;2023/2024;2;86.8421052631579;492
2747;2023/2024;3;79.41176470588235;492
2748;2023/2024;4;89.28571428571429;492
2749;2023/2024;5;100.0;492
2750;2024/2025;1;75.0;492
2751;2024/2025;2;91.17647058823529;492
2752;2024/2025;3;85.29411764705883;492
2753;2024/2025;4;89.28571428571429;492
2754;2024/2025;5;96.0;492
2755;2022/2023;1;0.0;493
2756;2022/2023;2;0.0;493
2757;2022/2023;3;0.0;493
2758;2022/2023;4;0.0;493
2759;2022/2023;5;75.0;493
2760;2023/2024;1;0.0;493
2761;2023/2024;2;0.0;493
2762;2023/2024;3;0.0;493
2763;2023/2024;4;25.0;493
2764;2023/2024;5;100.0;493
2765;2024/2025;1;0.0;493
2766;2024/2025;2;33.33333333333333;493
2767;2024/2025;3;0.0;493
2768;2024/2025;4;20.0;493
2769;2024/2025;5;100.0;493
2770;2022/2023;1;100.0;498
2771;2022/2023;2;93.33333333333333;498
2772;2022/2023;3;90.0;498
2773;2022/2023;4;93.33333333333333;498
2774;2022/2023;5;100.0;498
2775;2023/2024;1;95.45454545454545;498
2776;2023/2024;2;100.0;498
2777;2023/2024;3;100.0;498
2778;2023/2024;4;100.0;498
2779;2023/2024;5;100.0;498
2780;2024/2025;1;89.47368421052632;498
2781;2024/2025;2;94.73684210526315;498
2782;2024/2025;3;100.0;498
2783;2024/2025;4;100.0;498
2784;2024/2025;5;90.0;498
2785;2022/2023;1;90.0;496
2786;2022/2023;2;96.0;496
2787;2022/2023;3;91.30434782608695;496
2788;2022/2023;4;97.2972972972973;496
2789;2022/2023;5;100.0;496
2790;2023/2024;1;91.30434782608695;496
2791;2023/2024;2;94.73684210526315;496
2792;2023/2024;3;91.66666666666666;496
2793;2023/2024;4;95.23809523809523;496
2794;2023/2024;5;97.14285714285714;496
2795;2024/2025;1;87.2340425531915;496
2796;2024/2025;2;100.0;496
2797;2024/2025;3;94.73684210526315;496
2798;2024/2025;4;100.0;496
2799;2024/2025;5;95.23809523809523;496
2800;2022/2023;1;87.87878787878788;495
2801;2022/2023;2;100.0;495
2802;2022/2023;3;92.3076923076923;495
2803;2022/2023;4;92.85714285714286;495
2804;2022/2023;5;100.0;495
2805;2023/2024;1;87.87878787878788;495
2806;2023/2024;2;96.29629629629629;495
2807;2023/2024;3;94.73684210526315;495
2808;2023/2024;4;100.0;495
2809;2023/2024;5;100.0;495
2810;2024/2025;1;100.0;495
2811;2024/2025;2;90.0;495
2812;2024/2025;3;100.0;495
2813;2024/2025;4;100.0;495
2814;2024/2025;5;100.0;495
2815;2022/2023;1;91.66666666666666;497
2816;2022/2023;2;86.36363636363636;497
2817;2022/2023;3;95.45454545454545;497
2818;2022/2023;4;100.0;497
2819;2022/2023;5;100.0;497
2820;2023/2024;1;100.0;497
2821;2023/2024;2;95.83333333333334;497
2822;2023/2024;3;94.73684210526315;497
2823;2023/2024;4;95.0;497
2824;2023/2024;5;100.0;497
2825;2024/2025;1;77.77777777777779;497
2826;2024/2025;2;90.0;497
2827;2024/2025;3;95.83333333333334;497
2828;2024/2025;4;100.0;497
2829;2024/2025;5;100.0;497
2830;2022/2023;1;81.21827411167513;520
2831;2022/2023;2;89.63414634146342;520
2832;2022/2023;3;92.56756756756756;520
2833;2022/2023;4;88.65248226950354;520
2834;2022/2023;5;100.0;520
2835;2023/2024;1;78.92156862745098;520
2836;2023/2024;2;85.71428571428571;520
2837;2023/2024;3;93.71069182389937;520
2838;2023/2024;4;86.20689655172413;520
2839;2023/2024;5;100.0;520
2840;2024/2025;1;79.47761194029852;520
2841;2024/2025;2;88.77551020408163;520
2842;2024/2025;3;96.045197740113;520
2843;2024/2025;4;91.13924050632912;520
2844;2024/2025;5;100.0;520
2845;2022/2023;1;98.4126984126984;169
2846;2022/2023;2;100.0;169
2847;2022/2023;3;100.0;169
2848;2022/2023;4;100.0;169
2849;2022/2023;5;100.0;169
2850;2023/2024;1;98.21428571428571;169
2851;2023/2024;2;100.0;169
2852;2023/2024;3;100.0;169
2853;2023/2024;4;100.0;169
2854;2023/2024;5;100.0;169
2855;2024/2025;1;100.0;169
2856;2024/2025;2;100.0;169
2857;2024/2025;3;100.0;169
2858;2024/2025;4;100.0;169
2859;2024/2025;5;100.0;169
2860;2022/2023;1;100.0;167
2861;2022/2023;2;100.0;167
2862;2022/2023;3;100.0;167
2863;2022/2023;4;100.0;167
2864;2022/2023;5;100.0;167
2865;2023/2024;1;100.0;167
2866;2023/2024;2;100.0;167
2867;2023/2024;3;100.0;167
2868;2023/2024;4;100.0;167
2869;2023/2024;5;100.0;167
2870;2024/2025;1;100.0;167
2871;2024/2025;2;100.0;167
2872;2024/2025;3;100.0;167
2873;2024/2025;4;100.0;167
2874;2024/2025;5;100.0;167
2875;2022/2023;1;0.0;521
2876;2022/2023;2;41.66666666666667;521
2877;2022/2023;3;0.0;521
2878;2022/2023;4;21.73913043478261;521
2879;2022/2023;5;59.09090909090909;521
2880;2023/2024;1;0.0;521
2881;2023/2024;2;35.714285714285715;521
2882;2023/2024;3;0.0;521
2883;2023/2024;4;28.57142857142857;521
2884;2023/2024;5;62.5;521
2885;2024/2025;1;14.285714285714285;521
2886;2024/2025;2;28.57142857142857;521
2887;2024/2025;3;2.4390243902439024;521
2888;2024/2025;4;25.71428571428571;521
2889;2024/2025;5;50.0;521
2890;2022/2023;1;100.0;168
2891;2022/2023;2;100.0;168
2892;2022/2023;3;100.0;168
2893;2022/2023;4;100.0;168
2894;2022/2023;5;100.0;168
2895;2023/2024;1;90.0;168
2896;2023/2024;2;100.0;168
2897;2023/2024;3;100.0;168
2898;2023/2024;4;100.0;168
2899;2023/2024;5;100.0;168
2900;2024/2025;1;100.0;168
2901;2024/2025;2;100.0;168
2902;2024/2025;3;100.0;168
2903;2024/2025;4;100.0;168
2904;2024/2025;5;100.0;168
2905;2022/2023;1;100.0;170
2906;2022/2023;2;100.0;170
2907;2022/2023;3;100.0;170
2908;2022/2023;4;100.0;170
2909;2022/2023;5;100.0;170
2910;2023/2024;1;100.0;170
2911;2023/2024;2;100.0;170
2912;2023/2024;3;100.0;170
2913;2023/2024;4;100.0;170
2914;2023/2024;5;100.0;170
2915;2024/2025;1;100.0;170
2916;2024/2025;2;100.0;170
2917;2024/2025;3;100.0;170
2918;2024/2025;4;100.0;170
2919;2024/2025;5;100.0;170
2920;2022/2023;1;100.0;171
2921;2022/2023;2;98.86363636363636;171
2922;2022/2023;3;96.20253164556962;171
2923;2023/2024;1;100.0;171
2924;2023/2024;2;100.0;171
2925;2023/2024;3;100.0;171
2926;2024/2025;1;100.0;171
2927;2024/2025;2;98.66666666666667;171
2928;2024/2025;3;98.80952380952381;171
2929;2022/2023;1;0.0;12
2930;2022/2023;2;0.0;12
2931;2022/2023;3;0.0;12
2932;2022/2023;4;0.0;12
2933;2022/2023;5;0.0;12
2934;2023/2024;1;0.0;12
2935;2023/2024;2;0.0;12
2936;2023/2024;3;0.0;12
2937;2023/2024;4;0.0;12
2938;2023/2024;5;0.0;12
2939;2024/2025;1;0.0;12
2940;2024/2025;2;0.0;12
2941;2024/2025;3;0.0;12
2942;2024/2025;4;0.0;12
2943;2024/2025;5;90.0;12
2944;2022/2023;1;97.43589743589743;172
2945;2022/2023;2;100.0;172
2946;2022/2023;3;100.0;172
2947;2023/2024;1;100.0;172
2948;2023/2024;2;97.5;172
2949;2023/2024;3;100.0;172
2950;2024/2025;1;100.0;172
2951;2024/2025;2;97.22222222222221;172
2952;2024/2025;3;100.0;172
2953;2022/2023;1;95.23809523809523;13
2954;2022/2023;2;95.45454545454545;13
2955;2022/2023;3;91.30434782608695;13
2956;2022/2023;4;100.0;13
2957;2023/2024;1;100.0;13
2958;2023/2024;2;90.47619047619048;13
2959;2023/2024;3;95.45454545454545;13
2960;2023/2024;4;100.0;13
2961;2024/2025;1;88.23529411764706;13
2962;2024/2025;2;87.87878787878788;13
2963;2024/2025;3;80.95238095238095;13
2964;2024/2025;4;100.0;13
2965;2022/2023;1;100.0;344
2966;2022/2023;2;100.0;344
2967;2022/2023;3;100.0;344
2968;2022/2023;4;100.0;344
2969;2022/2023;5;100.0;344
2970;2023/2024;1;100.0;344
2971;2023/2024;2;100.0;344
2972;2023/2024;3;100.0;344
2973;2023/2024;4;100.0;344
2974;2023/2024;5;100.0;344
2975;2024/2025;1;100.0;344
2976;2024/2025;2;100.0;344
2977;2024/2025;3;100.0;344
2978;2024/2025;4;100.0;344
2979;2024/2025;5;100.0;344
2980;2022/2023;1;100.0;346
2981;2022/2023;2;100.0;346
2982;2022/2023;3;100.0;346
2983;2022/2023;4;100.0;346
2984;2022/2023;5;100.0;346
2985;2023/2024;1;100.0;346
2986;2023/2024;2;100.0;346
2987;2023/2024;3;98.63013698630137;346
2988;2023/2024;4;98.68421052631578;346
2989;2023/2024;5;100.0;346
2990;2024/2025;1;97.72727272727273;346
2991;2024/2025;2;100.0;346
2992;2024/2025;3;100.0;346
2993;2024/2025;4;100.0;346
2994;2024/2025;5;100.0;346
2995;2022/2023;1;100.0;347
2996;2022/2023;2;100.0;347
2997;2022/2023;3;100.0;347
2998;2022/2023;4;100.0;347
2999;2022/2023;5;90.0;347
3000;2023/2024;1;100.0;347
3001;2023/2024;2;100.0;347
3002;2023/2024;3;100.0;347
3003;2023/2024;4;100.0;347
3004;2023/2024;5;100.0;347
3005;2024/2025;1;100.0;347
3006;2024/2025;2;100.0;347
3007;2024/2025;3;100.0;347
3008;2024/2025;4;100.0;347
3009;2024/2025;5;100.0;347
3010;2022/2023;1;100.0;345
3011;2022/2023;2;0.0;345
3012;2022/2023;3;100.0;345
3013;2022/2023;4;100.0;345
3014;2022/2023;5;100.0;345
3015;2023/2024;1;100.0;345
3016;2023/2024;2;100.0;345
3017;2023/2024;3;0.0;345
3018;2023/2024;4;100.0;345
3019;2023/2024;5;100.0;345
3020;2024/2025;1;100.0;345
3021;2024/2025;2;100.0;345
3022;2024/2025;3;100.0;345
3023;2024/2025;4;0.0;345
3024;2024/2025;5;100.0;345
3025;2022/2023;1;96.90721649484536;348
3026;2022/2023;2;95.37037037037037;348
3027;2022/2023;3;100.0;348
3028;2023/2024;1;97.22222222222221;348
3029;2023/2024;2;94.94949494949495;348
3030;2023/2024;3;98.05825242718447;348
3031;2024/2025;1;100.0;348
3032;2024/2025;2;99.05660377358491;348
3033;2024/2025;3;97.89473684210527;348
3034;2022/2023;1;100.0;291
3035;2022/2023;2;97.5609756097561;291
3036;2022/2023;3;100.0;291
3037;2022/2023;4;100.0;291
3038;2022/2023;5;98.66666666666667;291
3039;2023/2024;1;97.10144927536231;291
3040;2023/2024;2;100.0;291
3041;2023/2024;3;100.0;291
3042;2023/2024;4;100.0;291
3043;2023/2024;5;99.00990099009901;291
3044;2024/2025;1;98.9010989010989;291
3045;2024/2025;2;100.0;291
3046;2024/2025;3;100.0;291
3047;2024/2025;4;100.0;291
3048;2024/2025;5;100.0;291
3049;2022/2023;1;96.15384615384616;292
3050;2022/2023;2;100.0;292
3051;2022/2023;3;100.0;292
3052;2022/2023;4;100.0;292
3053;2022/2023;5;100.0;292
3054;2023/2024;1;95.65217391304348;292
3055;2023/2024;2;100.0;292
3056;2023/2024;3;100.0;292
3057;2023/2024;4;100.0;292
3058;2023/2024;5;100.0;292
3059;2024/2025;1;100.0;292
3060;2024/2025;2;100.0;292
3061;2024/2025;3;100.0;292
3062;2024/2025;4;100.0;292
3063;2024/2025;5;100.0;292
3064;2022/2023;1;99.03846153846155;293
3065;2022/2023;2;100.0;293
3066;2022/2023;3;100.0;293
3067;2023/2024;1;100.0;293
3068;2023/2024;2;100.0;293
3069;2023/2024;3;100.0;293
3070;2024/2025;1;100.0;293
3071;2024/2025;2;97.97979797979798;293
3072;2024/2025;3;99.09909909909909;293
3073;2022/2023;1;94.9367088607595;567
3074;2022/2023;2;94.73684210526315;567
3075;2022/2023;3;98.30508474576271;567
3076;2022/2023;4;95.23809523809523;567
3077;2022/2023;5;98.4126984126984;567
3078;2023/2024;1;95.4954954954955;567
3079;2023/2024;2;97.22222222222221;567
3080;2023/2024;3;93.97590361445783;567
3081;2023/2024;4;95.0;567
3082;2023/2024;5;98.36065573770492;567
3083;2024/2025;1;93.61702127659575;567
3084;2024/2025;2;93.0;567
3085;2024/2025;3;91.30434782608695;567
3086;2024/2025;4;100.0;567
3087;2024/2025;5;98.24561403508771;567
3088;2022/2023;1;85.91549295774648;568
3089;2022/2023;2;91.36690647482014;568
3090;2022/2023;3;89.0625;568
3091;2022/2023;4;95.76271186440678;568
3092;2022/2023;5;97.84172661870504;568
3093;2023/2024;1;86.4;568
3094;2023/2024;2;93.23308270676691;568
3095;2023/2024;3;84.67153284671532;568
3096;2023/2024;4;90.67796610169492;568
3097;2023/2024;5;95.4954954954955;568
3098;2024/2025;1;86.66666666666667;568
3099;2024/2025;2;95.7983193277311;568
3100;2024/2025;3;89.1156462585034;568
3101;2024/2025;4;96.0;568
3102;2024/2025;5;100.0;568
3103;2022/2023;1;95.34883720930233;569
3104;2022/2023;2;100.0;569
3105;2022/2023;3;97.72727272727273;569
3106;2022/2023;4;97.72727272727273;569
3107;2022/2023;5;97.61904761904762;569
3108;2023/2024;1;92.5;569
3109;2023/2024;2;95.0;569
3110;2023/2024;3;95.55555555555556;569
3111;2023/2024;4;97.77777777777777;569
3112;2023/2024;5;100.0;569
3113;2024/2025;1;95.65217391304348;569
3114;2024/2025;2;100.0;569
3115;2024/2025;3;97.2972972972973;569
3116;2024/2025;4;100.0;569
3117;2024/2025;5;97.67441860465115;569
3118;2022/2023;1;100.0;384
3119;2022/2023;2;100.0;384
3120;2022/2023;3;100.0;384
3121;2022/2023;4;100.0;384
3122;2022/2023;5;100.0;384
3123;2023/2024;1;100.0;384
3124;2023/2024;2;100.0;384
3125;2023/2024;3;100.0;384
3126;2023/2024;4;100.0;384
3127;2023/2024;5;100.0;384
3128;2024/2025;1;100.0;384
3129;2024/2025;2;100.0;384
3130;2024/2025;3;100.0;384
3131;2024/2025;4;100.0;384
3132;2024/2025;5;100.0;384
3133;2022/2023;1;100.0;385
3134;2022/2023;2;100.0;385
3135;2022/2023;3;100.0;385
3136;2022/2023;4;100.0;385
3137;2022/2023;5;100.0;385
3138;2023/2024;1;94.11764705882352;385
3139;2023/2024;2;100.0;385
3140;2023/2024;3;100.0;385
3141;2023/2024;4;100.0;385
3142;2023/2024;5;100.0;385
3143;2024/2025;1;94.11764705882352;385
3144;2024/2025;2;100.0;385
3145;2024/2025;3;100.0;385
3146;2024/2025;4;100.0;385
3147;2024/2025;5;100.0;385
3148;2022/2023;1;99.24242424242425;388
3149;2022/2023;2;99.26470588235294;388
3150;2022/2023;3;98.10126582278481;388
3151;2023/2024;1;98.46153846153847;388
3152;2023/2024;2;97.72727272727273;388
3153;2023/2024;3;97.8102189781022;388
3154;2024/2025;1;99.19354838709677;388
3155;2024/2025;2;96.18320610687023;388
3156;2024/2025;3;97.74436090225564;388
3157;2022/2023;1;97.67441860465115;386
3158;2022/2023;2;100.0;386
3159;2022/2023;3;100.0;386
3160;2022/2023;4;100.0;386
3161;2022/2023;5;100.0;386
3162;2023/2024;1;100.0;386
3163;2023/2024;2;100.0;386
3164;2023/2024;3;100.0;386
3165;2023/2024;4;100.0;386
3166;2023/2024;5;100.0;386
3167;2024/2025;1;100.0;386
3168;2024/2025;2;100.0;386
3169;2024/2025;3;100.0;386
3170;2024/2025;4;100.0;386
3171;2024/2025;5;100.0;386
3172;2022/2023;1;100.0;387
3173;2022/2023;2;100.0;387
3174;2022/2023;3;100.0;387
3175;2022/2023;4;100.0;387
3176;2022/2023;5;100.0;387
3177;2023/2024;1;100.0;387
3178;2023/2024;2;100.0;387
3179;2023/2024;3;100.0;387
3180;2023/2024;4;100.0;387
3181;2023/2024;5;100.0;387
3182;2024/2025;1;96.29629629629629;387
3183;2024/2025;2;100.0;387
3184;2024/2025;3;100.0;387
3185;2024/2025;4;100.0;387
3186;2024/2025;5;100.0;387
3187;2022/2023;1;100.0;249
3188;2022/2023;2;100.0;249
3189;2022/2023;3;100.0;249
3190;2022/2023;4;100.0;249
3191;2022/2023;5;100.0;249
3192;2023/2024;1;100.0;249
3193;2023/2024;2;100.0;249
3194;2023/2024;3;100.0;249
3195;2023/2024;4;100.0;249
3196;2023/2024;5;100.0;249
3197;2024/2025;1;100.0;249
3198;2024/2025;2;100.0;249
3199;2024/2025;3;100.0;249
3200;2024/2025;4;100.0;249
3201;2024/2025;5;100.0;249
3202;2022/2023;1;98.79518072289156;251
3203;2022/2023;2;96.5909090909091;251
3204;2022/2023;3;97.72727272727273;251
3205;2023/2024;1;98.26086956521739;251
3206;2023/2024;2;97.67441860465115;251
3207;2023/2024;3;98.83720930232558;251
3208;2024/2025;1;96.7741935483871;251
3209;2024/2025;2;98.33333333333333;251
3210;2024/2025;3;100.0;251
3211;2022/2023;1;100.0;248
3212;2022/2023;2;100.0;248
3213;2022/2023;3;100.0;248
3214;2022/2023;4;100.0;248
3215;2022/2023;5;100.0;248
3216;2023/2024;1;100.0;248
3217;2023/2024;2;100.0;248
3218;2023/2024;3;100.0;248
3219;2023/2024;4;100.0;248
3220;2023/2024;5;100.0;248
3221;2024/2025;1;100.0;248
3222;2024/2025;2;100.0;248
3223;2024/2025;3;100.0;248
3224;2024/2025;4;100.0;248
3225;2024/2025;5;100.0;248
3226;2022/2023;1;97.1830985915493;250
3227;2022/2023;2;96.49122807017544;250
3228;2022/2023;3;100.0;250
3229;2022/2023;4;100.0;250
3230;2022/2023;5;100.0;250
3231;2023/2024;1;100.0;250
3232;2023/2024;2;100.0;250
3233;2023/2024;3;98.24561403508771;250
3234;2023/2024;4;100.0;250
3235;2023/2024;5;100.0;250
3236;2024/2025;1;100.0;250
3237;2024/2025;2;100.0;250
3238;2024/2025;3;100.0;250
3239;2024/2025;4;100.0;250
3240;2024/2025;5;98.57142857142858;250
3241;2022/2023;1;90.76923076923077;541
3242;2022/2023;2;96.42857142857143;541
3243;2022/2023;3;100.0;541
3244;2022/2023;4;100.0;541
3245;2022/2023;5;100.0;541
3246;2023/2024;1;91.8918918918919;541
3247;2023/2024;2;98.30508474576271;541
3248;2023/2024;3;100.0;541
3249;2023/2024;4;97.77777777777777;541
3250;2023/2024;5;95.23809523809523;541
3251;2024/2025;1;92.5;541
3252;2024/2025;2;90.0;541
3253;2024/2025;3;96.55172413793103;541
3254;2024/2025;4;100.0;541
3255;2024/2025;5;97.87234042553192;541
3256;2022/2023;1;0.0;543
3257;2022/2023;2;100.0;543
3258;2022/2023;3;100.0;543
3259;2022/2023;4;100.0;543
3260;2022/2023;5;100.0;543
3261;2023/2024;1;94.11764705882352;543
3262;2023/2024;2;0.0;543
3263;2023/2024;3;100.0;543
3264;2023/2024;4;100.0;543
3265;2023/2024;5;100.0;543
3266;2024/2025;1;94.73684210526315;543
3267;2024/2025;2;92.85714285714286;543
3268;2024/2025;3;0.0;543
3269;2024/2025;4;100.0;543
3270;2024/2025;5;100.0;543
3271;2022/2023;1;89.1891891891892;542
3272;2022/2023;2;100.0;542
3273;2022/2023;3;94.11764705882352;542
3274;2022/2023;4;93.33333333333333;542
3275;2022/2023;5;100.0;542
3276;2023/2024;1;88.23529411764706;542
3277;2023/2024;2;96.96969696969697;542
3278;2023/2024;3;90.47619047619048;542
3279;2023/2024;4;100.0;542
3280;2023/2024;5;100.0;542
3281;2024/2025;1;98.14814814814815;542
3282;2024/2025;2;93.93939393939394;542
3283;2024/2025;3;94.5945945945946;542
3284;2024/2025;4;91.8918918918919;542
3285;2024/2025;5;100.0;542
3286;2022/2023;1;95.23809523809523;540
3287;2022/2023;2;100.0;540
3288;2022/2023;3;93.75;540
3289;2022/2023;4;100.0;540
3290;2022/2023;5;100.0;540
3291;2023/2024;1;100.0;540
3292;2023/2024;2;100.0;540
3293;2023/2024;3;95.0;540
3294;2023/2024;4;93.33333333333333;540
3295;2023/2024;5;93.33333333333333;540
3296;2024/2025;1;90.0;540
3297;2024/2025;2;95.0;540
3298;2024/2025;3;90.9090909090909;540
3299;2024/2025;4;100.0;540
3300;2024/2025;5;100.0;540
3301;2022/2023;1;100.0;192
3302;2022/2023;2;100.0;192
3303;2022/2023;3;100.0;192
3304;2022/2023;4;100.0;192
3305;2022/2023;5;100.0;192
3306;2023/2024;1;100.0;192
3307;2023/2024;2;100.0;192
3308;2023/2024;3;100.0;192
3309;2023/2024;4;100.0;192
3310;2023/2024;5;100.0;192
3311;2024/2025;1;100.0;192
3312;2024/2025;2;100.0;192
3313;2024/2025;3;100.0;192
3314;2024/2025;4;100.0;192
3315;2024/2025;5;100.0;192
3316;2022/2023;1;89.79591836734694;545
3317;2022/2023;2;92.10526315789474;545
3318;2022/2023;3;88.88888888888889;545
3319;2022/2023;4;100.0;545
3320;2022/2023;5;92.3076923076923;545
3321;2023/2024;1;92.10526315789474;545
3322;2023/2024;2;92.6829268292683;545
3323;2023/2024;3;97.22222222222221;545
3324;2023/2024;4;100.0;545
3325;2023/2024;5;95.23809523809523;545
3326;2024/2025;1;95.23809523809523;545
3327;2024/2025;2;100.0;545
3328;2024/2025;3;97.36842105263158;545
3329;2024/2025;4;100.0;545
3330;2024/2025;5;100.0;545
3331;2022/2023;1;100.0;194
3332;2022/2023;2;100.0;194
3333;2022/2023;3;100.0;194
3334;2023/2024;1;100.0;194
3335;2023/2024;2;100.0;194
3336;2023/2024;3;100.0;194
3337;2024/2025;1;100.0;194
3338;2024/2025;2;100.0;194
3339;2024/2025;3;100.0;194
3340;2022/2023;1;95.45454545454545;544
3341;2022/2023;2;98.33333333333333;544
3342;2022/2023;3;98.24561403508771;544
3343;2022/2023;4;96.42857142857143;544
3344;2022/2023;5;100.0;544
3345;2023/2024;1;92.06349206349206;544
3346;2023/2024;2;97.61904761904762;544
3347;2023/2024;3;94.91525423728814;544
3348;2023/2024;4;100.0;544
3349;2023/2024;5;100.0;544
3350;2024/2025;1;98.07692307692307;544
3351;2024/2025;2;98.07692307692307;544
3352;2024/2025;3;90.47619047619048;544
3353;2024/2025;4;98.11320754716981;544
3354;2024/2025;5;100.0;544
3355;2022/2023;1;100.0;193
3356;2022/2023;2;100.0;193
3357;2022/2023;3;100.0;193
3358;2022/2023;4;100.0;193
3359;2022/2023;5;100.0;193
3360;2023/2024;1;100.0;193
3361;2023/2024;2;100.0;193
3362;2023/2024;3;100.0;193
3363;2023/2024;4;100.0;193
3364;2023/2024;5;100.0;193
3365;2024/2025;1;100.0;193
3366;2024/2025;2;100.0;193
3367;2024/2025;3;100.0;193
3368;2024/2025;4;100.0;193
3369;2024/2025;5;100.0;193
3370;2022/2023;1;78.94736842105263;149
3371;2022/2023;2;88.23529411764706;149
3372;2022/2023;3;100.0;149
3373;2022/2023;4;94.44444444444444;149
3374;2022/2023;5;93.75;149
3375;2023/2024;1;73.33333333333333;149
3376;2023/2024;2;94.44444444444444;149
3377;2023/2024;3;100.0;149
3378;2023/2024;4;94.44444444444444;149
3379;2023/2024;5;94.11764705882352;149
3380;2024/2025;1;69.23076923076923;149
3381;2024/2025;2;100.0;149
3382;2024/2025;3;90.0;149
3383;2024/2025;4;88.23529411764706;149
3384;2024/2025;5;93.33333333333333;149
3385;2022/2023;1;92.3076923076923;148
3386;2022/2023;2;100.0;148
3387;2022/2023;3;83.33333333333334;148
3388;2022/2023;4;94.11764705882352;148
3389;2022/2023;5;100.0;148
3390;2023/2024;1;100.0;148
3391;2023/2024;2;85.71428571428571;148
3392;2023/2024;3;92.3076923076923;148
3393;2023/2024;4;100.0;148
3394;2023/2024;5;93.75;148
3395;2024/2025;1;82.35294117647058;148
3396;2024/2025;2;100.0;148
3397;2024/2025;3;100.0;148
3398;2024/2025;4;90.0;148
3399;2024/2025;5;100.0;148
3400;2022/2023;1;100.0;150
3401;2022/2023;2;92.3076923076923;150
3402;2022/2023;3;100.0;150
3403;2022/2023;4;0.0;150
3404;2022/2023;5;100.0;150
3405;2023/2024;1;100.0;150
3406;2023/2024;2;100.0;150
3407;2023/2024;3;100.0;150
3408;2023/2024;4;100.0;150
3409;2023/2024;5;0.0;150
3410;2024/2025;1;86.66666666666667;150
3411;2024/2025;2;100.0;150
3412;2024/2025;3;100.0;150
3413;2024/2025;4;92.3076923076923;150
3414;2024/2025;5;100.0;150
3415;2022/2023;1;99.03846153846155;153
3416;2022/2023;2;99.06542056074767;153
3417;2022/2023;3;100.0;153
3418;2023/2024;1;100.0;153
3419;2023/2024;2;100.0;153
3420;2023/2024;3;100.0;153
3421;2024/2025;1;100.0;153
3422;2024/2025;2;100.0;153
3423;2024/2025;3;100.0;153
3424;2022/2023;1;100.0;152
3425;2022/2023;2;100.0;152
3426;2022/2023;3;100.0;152
3427;2022/2023;4;100.0;152
3428;2022/2023;5;100.0;152
3429;2023/2024;1;100.0;152
3430;2023/2024;2;100.0;152
3431;2023/2024;3;100.0;152
3432;2023/2024;4;100.0;152
3433;2023/2024;5;100.0;152
3434;2024/2025;1;100.0;152
3435;2024/2025;2;100.0;152
3436;2024/2025;3;100.0;152
3437;2024/2025;4;100.0;152
3438;2024/2025;5;100.0;152
3439;2022/2023;1;91.66666666666666;507
3440;2022/2023;2;100.0;507
3441;2022/2023;3;100.0;507
3442;2022/2023;4;100.0;507
3443;2022/2023;5;96.66666666666667;507
3444;2023/2024;1;94.44444444444444;507
3445;2023/2024;2;95.65217391304348;507
3446;2023/2024;3;100.0;507
3447;2023/2024;4;100.0;507
3448;2023/2024;5;100.0;507
3449;2024/2025;1;85.71428571428571;507
3450;2024/2025;2;95.0;507
3451;2024/2025;3;95.45454545454545;507
3452;2024/2025;4;100.0;507
3453;2024/2025;5;93.75;507
3454;2022/2023;1;81.81818181818183;151
3455;2022/2023;2;84.84848484848484;151
3456;2022/2023;3;100.0;151
3457;2022/2023;4;100.0;151
3458;2022/2023;5;88.88888888888889;151
3459;2023/2024;1;90.9090909090909;151
3460;2023/2024;2;93.47826086956522;151
3461;2023/2024;3;100.0;151
3462;2023/2024;4;100.0;151
3463;2023/2024;5;100.0;151
3464;2024/2025;1;97.05882352941177;151
3465;2024/2025;2;97.72727272727273;151
3466;2024/2025;3;97.87234042553192;151
3467;2024/2025;4;96.875;151
3468;2024/2025;5;100.0;151
3469;2022/2023;1;100.0;510
3470;2022/2023;2;100.0;510
3471;2022/2023;3;100.0;510
3472;2022/2023;4;100.0;510
3473;2022/2023;5;100.0;510
3474;2023/2024;1;100.0;510
3475;2023/2024;2;100.0;510
3476;2023/2024;3;100.0;510
3477;2023/2024;4;100.0;510
3478;2023/2024;5;100.0;510
3479;2024/2025;1;0.0;510
3480;2024/2025;2;100.0;510
3481;2024/2025;3;100.0;510
3482;2024/2025;4;100.0;510
3483;2024/2025;5;100.0;510
3484;2022/2023;1;100.0;508
3485;2022/2023;2;0.0;508
3486;2022/2023;3;0.0;508
3487;2023/2024;1;93.75;508
3488;2023/2024;2;92.3076923076923;508
3489;2023/2024;3;0.0;508
3490;2024/2025;1;92.85714285714286;508
3491;2024/2025;2;87.5;508
3492;2024/2025;3;100.0;508
3493;2022/2023;1;100.0;511
3494;2022/2023;2;100.0;511
3495;2022/2023;3;97.43589743589743;511
3496;2023/2024;1;100.0;511
3497;2023/2024;2;100.0;511
3498;2023/2024;3;100.0;511
3499;2024/2025;1;100.0;511
3500;2024/2025;2;100.0;511
3501;2024/2025;3;100.0;511
3502;2022/2023;1;100.0;509
3503;2022/2023;2;100.0;509
3504;2022/2023;3;100.0;509
3505;2022/2023;4;100.0;509
3506;2022/2023;5;100.0;509
3507;2023/2024;1;100.0;509
3508;2023/2024;2;92.3076923076923;509
3509;2023/2024;3;93.33333333333333;509
3510;2023/2024;4;100.0;509
3511;2023/2024;5;100.0;509
3512;2024/2025;1;70.0;509
3513;2024/2025;2;100.0;509
3514;2024/2025;3;100.0;509
3515;2024/2025;4;100.0;509
3516;2024/2025;5;100.0;509
3517;2022/2023;1;0.0;450
3518;2022/2023;2;34.48275862068966;450
3519;2022/2023;3;70.0;450
3520;2023/2024;1;12.5;450
3521;2023/2024;2;33.33333333333333;450
3522;2023/2024;3;61.53846153846154;450
3523;2024/2025;1;15.384615384615385;450
3524;2024/2025;2;73.33333333333333;450
3525;2024/2025;3;54.54545454545454;450
3526;2022/2023;1;0.0;447
3527;2022/2023;2;0.0;447
3528;2022/2023;3;0.0;447
3529;2022/2023;4;0.0;447
3530;2022/2023;5;0.0;447
3531;2023/2024;1;0.0;447
3532;2023/2024;2;0.0;447
3533;2023/2024;3;0.0;447
3534;2023/2024;4;0.0;447
3535;2023/2024;5;0.0;447
3536;2024/2025;1;0.0;447
3537;2024/2025;2;0.0;447
3538;2024/2025;3;0.0;447
3539;2024/2025;4;0.0;447
3540;2024/2025;5;91.30434782608695;447
3541;2022/2023;1;71.42857142857143;448
3542;2022/2023;2;80.95238095238095;448
3543;2022/2023;3;0.0;448
3544;2022/2023;4;94.11764705882352;448
3545;2023/2024;1;66.66666666666666;448
3546;2023/2024;2;75.0;448
3547;2023/2024;3;62.5;448
3548;2023/2024;4;100.0;448
3549;2024/2025;1;70.0;448
3550;2024/2025;2;80.76923076923077;448
3551;2024/2025;3;90.0;448
3552;2024/2025;4;92.3076923076923;448
3553;2022/2023;1;82.6923076923077;30
3554;2022/2023;2;90.9090909090909;30
3555;2022/2023;3;87.73584905660378;30
3556;2022/2023;4;96.29629629629629;30
3557;2023/2024;1;80.55555555555556;30
3558;2023/2024;2;87.75510204081633;30
3559;2023/2024;3;91.17647058823529;30
3560;2023/2024;4;94.73684210526315;30
3561;2024/2025;1;75.59055118110236;30
3562;2024/2025;2;81.0;30
3563;2024/2025;3;95.74468085106383;30
3564;2024/2025;4;90.9090909090909;30
3565;2022/2023;1;68.65671641791045;449
3566;2022/2023;2;70.1492537313433;449
3567;2022/2023;3;77.33333333333333;449
3568;2022/2023;4;73.07692307692307;449
3569;2023/2024;1;70.58823529411765;449
3570;2023/2024;2;80.35714285714286;449
3571;2023/2024;3;85.18518518518519;449
3572;2023/2024;4;86.20689655172413;449
3573;2024/2025;1;65.57377049180327;449
3574;2024/2025;2;75.0;449
3575;2024/2025;3;90.0;449
3576;2024/2025;4;93.75;449
3577;2022/2023;1;100.0;548
3578;2022/2023;2;99.03846153846155;548
3579;2022/2023;3;98.33333333333333;548
3580;2022/2023;4;97.59036144578313;548
3581;2022/2023;5;100.0;548
3582;2023/2024;1;98.79518072289156;548
3583;2023/2024;2;98.50746268656717;548
3584;2023/2024;3;97.0;548
3585;2023/2024;4;100.0;548
3586;2023/2024;5;98.76543209876543;548
3587;2024/2025;1;97.33333333333334;548
3588;2024/2025;2;98.63013698630137;548
3589;2024/2025;3;96.875;548
3590;2024/2025;4;98.95833333333334;548
3591;2024/2025;5;100.0;548
3592;2022/2023;1;0.0;29
3593;2022/2023;2;0.0;29
3594;2022/2023;3;0.0;29
3595;2022/2023;4;0.0;29
3596;2022/2023;5;0.0;29
3597;2023/2024;1;0.0;29
3598;2023/2024;2;0.0;29
3599;2023/2024;3;0.0;29
3600;2023/2024;4;0.0;29
3601;2023/2024;5;0.0;29
3602;2024/2025;1;0.0;29
3603;2024/2025;2;0.0;29
3604;2024/2025;3;0.0;29
3605;2024/2025;4;0.0;29
3606;2024/2025;5;88.57142857142857;29
3607;2022/2023;1;93.87755102040816;547
3608;2022/2023;2;95.65217391304348;547
3609;2022/2023;3;94.28571428571428;547
3610;2022/2023;4;98.11320754716981;547
3611;2022/2023;5;100.0;547
3612;2023/2024;1;88.37209302325581;547
3613;2023/2024;2;100.0;547
3614;2023/2024;3;95.55555555555556;547
3615;2023/2024;4;100.0;547
3616;2023/2024;5;100.0;547
3617;2024/2025;1;97.82608695652173;547
3618;2024/2025;2;97.36842105263158;547
3619;2024/2025;3;92.85714285714286;547
3620;2024/2025;4;95.34883720930233;547
3621;2024/2025;5;100.0;547
3622;2022/2023;1;100.0;546
3623;2022/2023;2;100.0;546
3624;2022/2023;3;90.9090909090909;546
3625;2022/2023;4;100.0;546
3626;2022/2023;5;100.0;546
3627;2023/2024;1;100.0;546
3628;2023/2024;2;94.44444444444444;546
3629;2023/2024;3;90.9090909090909;546
3630;2023/2024;4;100.0;546
3631;2023/2024;5;100.0;546
3632;2024/2025;1;84.61538461538461;546
3633;2024/2025;2;100.0;546
3634;2024/2025;3;100.0;546
3635;2024/2025;4;100.0;546
3636;2024/2025;5;100.0;546
3637;2022/2023;1;96.7741935483871;549
3638;2022/2023;2;91.66666666666666;549
3639;2022/2023;3;93.65079365079364;549
3640;2022/2023;4;97.95918367346938;549
3641;2022/2023;5;100.0;549
3642;2023/2024;1;95.65217391304348;549
3643;2023/2024;2;98.21428571428571;549
3644;2023/2024;3;94.11764705882352;549
3645;2023/2024;4;98.30508474576271;549
3646;2023/2024;5;100.0;549
3647;2024/2025;1;88.46153846153845;549
3648;2024/2025;2;95.3125;549
3649;2024/2025;3;100.0;549
3650;2024/2025;4;95.91836734693877;549
3651;2024/2025;5;100.0;549
3652;2022/2023;1;60.0;258
3653;2022/2023;2;76.47058823529412;258
3654;2022/2023;3;88.88888888888889;258
3655;2022/2023;4;95.83333333333334;258
3656;2022/2023;5;100.0;258
3657;2023/2024;1;73.07692307692307;258
3658;2023/2024;2;94.11764705882352;258
3659;2023/2024;3;87.5;258
3660;2023/2024;4;94.11764705882352;258
3661;2023/2024;5;100.0;258
3662;2024/2025;1;88.57142857142857;258
3663;2024/2025;2;86.36363636363636;258
3664;2024/2025;3;100.0;258
3665;2024/2025;4;92.85714285714286;258
3666;2024/2025;5;100.0;258
3667;2022/2023;1;54.54545454545454;259
3668;2022/2023;2;63.63636363636363;259
3669;2022/2023;3;100.0;259
3670;2022/2023;4;91.66666666666666;259
3671;2022/2023;5;84.61538461538461;259
3672;2023/2024;1;90.0;259
3673;2023/2024;2;80.0;259
3674;2023/2024;3;100.0;259
3675;2023/2024;4;100.0;259
3676;2023/2024;5;100.0;259
3677;2024/2025;1;88.23529411764706;259
3678;2024/2025;2;100.0;259
3679;2024/2025;3;85.71428571428571;259
3680;2024/2025;4;100.0;259
3681;2024/2025;5;95.83333333333334;259
3682;2022/2023;1;100.0;260
3683;2022/2023;2;100.0;260
3684;2022/2023;3;100.0;260
3685;2022/2023;4;75.0;260
3686;2022/2023;5;100.0;260
3687;2023/2024;1;92.3076923076923;260
3688;2023/2024;2;80.0;260
3689;2023/2024;3;100.0;260
3690;2023/2024;4;100.0;260
3691;2023/2024;5;92.85714285714286;260
3692;2024/2025;1;95.65217391304348;260
3693;2024/2025;2;100.0;260
3694;2024/2025;3;90.9090909090909;260
3695;2024/2025;4;94.44444444444444;260
3696;2024/2025;5;100.0;260
3697;2022/2023;1;100.0;261
3698;2022/2023;2;100.0;261
3699;2022/2023;3;100.0;261
3700;2022/2023;4;100.0;261
3701;2023/2024;1;100.0;261
3702;2023/2024;2;100.0;261
3703;2023/2024;3;100.0;261
3704;2023/2024;4;100.0;261
3705;2024/2025;1;100.0;261
3706;2024/2025;2;100.0;261
3707;2024/2025;3;100.0;261
3708;2024/2025;4;100.0;261
3709;2022/2023;1;100.0;262
3710;2022/2023;2;100.0;262
3711;2022/2023;3;100.0;262
3712;2022/2023;4;100.0;262
3713;2022/2023;5;100.0;262
3714;2023/2024;1;100.0;262
3715;2023/2024;2;100.0;262
3716;2023/2024;3;100.0;262
3717;2023/2024;4;100.0;262
3718;2023/2024;5;100.0;262
3719;2024/2025;1;100.0;262
3720;2024/2025;2;100.0;262
3721;2024/2025;3;100.0;262
3722;2024/2025;4;100.0;262
3723;2024/2025;5;100.0;262
3724;2022/2023;1;90.0;263
3725;2022/2023;2;100.0;263
3726;2022/2023;3;100.0;263
3727;2022/2023;4;100.0;263
3728;2022/2023;5;100.0;263
3729;2023/2024;1;100.0;263
3730;2023/2024;2;100.0;263
3731;2023/2024;3;100.0;263
3732;2023/2024;4;100.0;263
3733;2023/2024;5;100.0;263
3734;2024/2025;1;100.0;263
3735;2024/2025;2;100.0;263
3736;2024/2025;3;100.0;263
3737;2024/2025;4;100.0;263
3738;2024/2025;5;100.0;263
3739;2022/2023;1;100.0;265
3740;2022/2023;2;93.75;265
3741;2022/2023;3;100.0;265
3742;2023/2024;1;100.0;265
3743;2023/2024;2;98.18181818181819;265
3744;2023/2024;3;100.0;265
3745;2024/2025;1;100.0;265
3746;2024/2025;2;100.0;265
3747;2024/2025;3;100.0;265
3748;2022/2023;1;100.0;264
3749;2022/2023;2;100.0;264
3750;2022/2023;3;100.0;264
3751;2022/2023;4;100.0;264
3752;2022/2023;5;100.0;264
3753;2023/2024;1;100.0;264
3754;2023/2024;2;100.0;264
3755;2023/2024;3;100.0;264
3756;2023/2024;4;100.0;264
3757;2023/2024;5;100.0;264
3758;2024/2025;1;100.0;264
3759;2024/2025;2;100.0;264
3760;2024/2025;3;100.0;264
3761;2024/2025;4;100.0;264
3762;2024/2025;5;100.0;264
3763;2022/2023;1;100.0;266
3764;2022/2023;2;95.23809523809523;266
3765;2022/2023;3;100.0;266
3766;2023/2024;1;100.0;266
3767;2023/2024;2;100.0;266
3768;2023/2024;3;100.0;266
3769;2024/2025;1;100.0;266
3770;2024/2025;2;100.0;266
3771;2024/2025;3;100.0;266
3772;2022/2023;1;97.2972972972973;739
3773;2022/2023;2;95.83333333333334;739
3774;2022/2023;3;100.0;739
3775;2023/2024;1;100.0;739
3776;2023/2024;2;100.0;739
3777;2023/2024;3;100.0;739
3778;2024/2025;1;100.0;739
3779;2024/2025;2;100.0;739
3780;2024/2025;3;100.0;739
3781;2022/2023;1;100.0;285
3782;2022/2023;2;100.0;285
3783;2022/2023;3;100.0;285
3784;2022/2023;4;100.0;285
3785;2022/2023;5;100.0;285
3786;2023/2024;1;100.0;285
3787;2023/2024;2;100.0;285
3788;2023/2024;3;100.0;285
3789;2023/2024;4;100.0;285
3790;2023/2024;5;100.0;285
3791;2024/2025;1;100.0;285
3792;2024/2025;2;100.0;285
3793;2024/2025;3;100.0;285
3794;2024/2025;4;100.0;285
3795;2024/2025;5;100.0;285
3796;2022/2023;1;100.0;738
3797;2022/2023;2;100.0;738
3798;2022/2023;3;100.0;738
3799;2022/2023;4;100.0;738
3800;2022/2023;5;100.0;738
3801;2023/2024;1;100.0;738
3802;2023/2024;2;100.0;738
3803;2023/2024;3;100.0;738
3804;2023/2024;4;100.0;738
3805;2023/2024;5;100.0;738
3806;2024/2025;1;100.0;738
3807;2024/2025;2;100.0;738
3808;2024/2025;3;100.0;738
3809;2024/2025;4;100.0;738
3810;2024/2025;5;100.0;738
3811;2022/2023;1;100.0;286
3812;2022/2023;2;100.0;286
3813;2022/2023;3;100.0;286
3814;2022/2023;4;100.0;286
3815;2022/2023;5;100.0;286
3816;2023/2024;1;100.0;286
3817;2023/2024;2;94.44444444444444;286
3818;2023/2024;3;100.0;286
3819;2023/2024;4;100.0;286
3820;2023/2024;5;100.0;286
3821;2024/2025;1;100.0;286
3822;2024/2025;2;100.0;286
3823;2024/2025;3;100.0;286
3824;2024/2025;4;100.0;286
3825;2024/2025;5;100.0;286
3826;2022/2023;1;100.0;288
3827;2022/2023;2;100.0;288
3828;2022/2023;3;100.0;288
3829;2022/2023;4;100.0;288
3830;2022/2023;5;100.0;288
3831;2023/2024;1;100.0;288
3832;2023/2024;2;100.0;288
3833;2023/2024;3;100.0;288
3834;2023/2024;4;100.0;288
3835;2023/2024;5;100.0;288
3836;2024/2025;1;100.0;288
3837;2024/2025;2;100.0;288
3838;2024/2025;3;100.0;288
3839;2024/2025;4;100.0;288
3840;2024/2025;5;100.0;288
3841;2022/2023;1;100.0;287
3842;2022/2023;2;100.0;287
3843;2022/2023;3;100.0;287
3844;2022/2023;4;100.0;287
3845;2022/2023;5;100.0;287
3846;2023/2024;1;100.0;287
3847;2023/2024;2;100.0;287
3848;2023/2024;3;100.0;287
3849;2023/2024;4;100.0;287
3850;2023/2024;5;100.0;287
3851;2024/2025;1;100.0;287
3852;2024/2025;2;100.0;287
3853;2024/2025;3;100.0;287
3854;2024/2025;4;100.0;287
3855;2024/2025;5;100.0;287
3856;2022/2023;1;100.0;289
3857;2022/2023;2;100.0;289
3858;2022/2023;3;100.0;289
3859;2022/2023;4;100.0;289
3860;2022/2023;5;100.0;289
3861;2023/2024;1;100.0;289
3862;2023/2024;2;100.0;289
3863;2023/2024;3;100.0;289
3864;2023/2024;4;100.0;289
3865;2023/2024;5;100.0;289
3866;2024/2025;1;100.0;289
3867;2024/2025;2;100.0;289
3868;2024/2025;3;100.0;289
3869;2024/2025;4;100.0;289
3870;2024/2025;5;100.0;289
3871;2022/2023;1;95.65217391304348;512
3872;2022/2023;2;95.65217391304348;512
3873;2022/2023;3;100.0;512
3874;2022/2023;4;100.0;512
3875;2022/2023;5;100.0;512
3876;2023/2024;1;95.65217391304348;512
3877;2023/2024;2;95.65217391304348;512
3878;2023/2024;3;90.9090909090909;512
3879;2023/2024;4;90.0;512
3880;2023/2024;5;100.0;512
3881;2024/2025;1;91.30434782608695;512
3882;2024/2025;2;100.0;512
3883;2024/2025;3;100.0;512
3884;2024/2025;4;100.0;512
3885;2024/2025;5;100.0;512
3886;2022/2023;1;100.0;290
3887;2022/2023;2;100.0;290
3888;2022/2023;3;100.0;290
3889;2023/2024;1;97.75280898876404;290
3890;2023/2024;2;100.0;290
3891;2023/2024;3;100.0;290
3892;2024/2025;1;97.46835443037975;290
3893;2024/2025;2;100.0;290
3894;2024/2025;3;100.0;290
3895;2022/2023;1;0.0;514
3896;2023/2024;1;0.0;514
3897;2024/2025;1;95.0;514
3898;2022/2023;1;100.0;513
3899;2022/2023;2;100.0;513
3900;2022/2023;3;100.0;513
3901;2022/2023;4;100.0;513
3902;2023/2024;1;94.73684210526315;513
3903;2023/2024;2;100.0;513
3904;2023/2024;3;100.0;513
3905;2023/2024;4;100.0;513
3906;2024/2025;1;94.11764705882352;513
3907;2024/2025;2;100.0;513
3908;2024/2025;3;100.0;513
3909;2024/2025;4;100.0;513
3910;2022/2023;1;100.0;515
3911;2022/2023;2;100.0;515
3912;2022/2023;3;100.0;515
3913;2022/2023;4;100.0;515
3914;2022/2023;5;100.0;515
3915;2023/2024;1;100.0;515
3916;2023/2024;2;100.0;515
3917;2023/2024;3;100.0;515
3918;2023/2024;4;100.0;515
3919;2023/2024;5;100.0;515
3920;2024/2025;1;100.0;515
3921;2024/2025;2;100.0;515
3922;2024/2025;3;100.0;515
3923;2024/2025;4;100.0;515
3924;2024/2025;5;100.0;515
3925;2022/2023;1;100.0;516
3926;2022/2023;2;100.0;516
3927;2022/2023;3;100.0;516
3928;2023/2024;1;100.0;516
3929;2023/2024;2;100.0;516
3930;2023/2024;3;98.46153846153847;516
3931;2024/2025;1;100.0;516
3932;2024/2025;2;100.0;516
3933;2024/2025;3;98.30508474576271;516
3934;2022/2023;1;0.0;501
3935;2022/2023;2;16.666666666666664;501
3936;2022/2023;3;0.0;501
3937;2022/2023;4;64.70588235294117;501
3938;2022/2023;5;71.42857142857143;501
3939;2023/2024;1;0.0;501
3940;2023/2024;2;25.0;501
3941;2023/2024;3;0.0;501
3942;2023/2024;4;30.76923076923077;501
3943;2023/2024;5;75.0;501
3944;2024/2025;1;0.0;501
3945;2024/2025;2;50.0;501
3946;2024/2025;3;0.0;501
3947;2024/2025;4;63.63636363636363;501
3948;2024/2025;5;83.33333333333334;501
3949;2022/2023;1;0.0;499
3950;2022/2023;2;0.0;499
3951;2022/2023;3;60.0;499
3952;2023/2024;1;0.0;499
3953;2023/2024;2;0.0;499
3954;2023/2024;3;58.97435897435898;499
3955;2024/2025;1;0.0;499
3956;2024/2025;2;0.0;499
3957;2024/2025;3;68.62745098039215;499
3958;2022/2023;1;89.85507246376811;500
3959;2022/2023;2;98.4375;500
3960;2022/2023;3;87.14285714285714;500
3961;2022/2023;4;88.23529411764706;500
3962;2022/2023;5;100.0;500
3963;2023/2024;1;86.11111111111111;500
3964;2023/2024;2;86.20689655172413;500
3965;2023/2024;3;95.3125;500
3966;2023/2024;4;95.3125;500
3967;2023/2024;5;95.55555555555556;500
3968;2024/2025;1;78.75;500
3969;2024/2025;2;89.23076923076924;500
3970;2024/2025;3;95.55555555555556;500
3971;2024/2025;4;100.0;500
3972;2024/2025;5;100.0;500
3973;2022/2023;1;95.74468085106383;505
3974;2022/2023;2;100.0;505
3975;2022/2023;3;100.0;505
3976;2022/2023;4;93.93939393939394;505
3977;2022/2023;5;89.74358974358975;505
3978;2023/2024;1;97.36842105263158;505
3979;2023/2024;2;97.2972972972973;505
3980;2023/2024;3;96.42857142857143;505
3981;2023/2024;4;97.61904761904762;505
3982;2023/2024;5;90.32258064516128;505
3983;2024/2025;1;95.45454545454545;505
3984;2024/2025;2;94.11764705882352;505
3985;2024/2025;3;100.0;505
3986;2024/2025;4;100.0;505
3987;2024/2025;5;100.0;505
3988;2022/2023;1;75.0;502
3989;2022/2023;2;84.375;502
3990;2022/2023;3;88.88888888888889;502
3991;2022/2023;4;100.0;502
3992;2022/2023;5;100.0;502
3993;2023/2024;1;72.72727272727273;502
3994;2023/2024;2;80.0;502
3995;2023/2024;3;75.86206896551724;502
3996;2023/2024;4;77.41935483870968;502
3997;2023/2024;5;100.0;502
3998;2024/2025;1;77.77777777777779;502
3999;2024/2025;2;96.66666666666667;502
4000;2024/2025;3;95.83333333333334;502
4001;2024/2025;4;100.0;502
4002;2024/2025;5;90.9090909090909;502
4003;2022/2023;1;86.66666666666667;504
4004;2022/2023;2;88.57142857142857;504
4005;2022/2023;3;91.8918918918919;504
4006;2022/2023;4;95.0;504
4007;2022/2023;5;95.83333333333334;504
4008;2023/2024;1;79.41176470588235;504
4009;2023/2024;2;100.0;504
4010;2023/2024;3;89.47368421052632;504
4011;2023/2024;4;94.5945945945946;504
4012;2023/2024;5;97.43589743589743;504
4013;2024/2025;1;89.36170212765957;504
4014;2024/2025;2;100.0;504
4015;2024/2025;3;95.83333333333334;504
4016;2024/2025;4;100.0;504
4017;2024/2025;5;100.0;504
4018;2022/2023;1;100.0;365
4019;2022/2023;2;100.0;365
4020;2022/2023;3;100.0;365
4021;2022/2023;4;100.0;365
4022;2022/2023;5;100.0;365
4023;2023/2024;1;100.0;365
4024;2023/2024;2;100.0;365
4025;2023/2024;3;100.0;365
4026;2023/2024;4;100.0;365
4027;2023/2024;5;100.0;365
4028;2024/2025;1;100.0;365
4029;2024/2025;2;100.0;365
4030;2024/2025;3;100.0;365
4031;2024/2025;4;100.0;365
4032;2024/2025;5;100.0;365
4033;2022/2023;1;100.0;506
4034;2022/2023;2;100.0;506
4035;2022/2023;3;100.0;506
4036;2022/2023;4;100.0;506
4037;2022/2023;5;94.44444444444444;506
4038;2023/2024;1;93.10344827586206;506
4039;2023/2024;2;97.91666666666666;506
4040;2023/2024;3;94.73684210526315;506
4041;2023/2024;4;100.0;506
4042;2023/2024;5;100.0;506
4043;2024/2025;1;93.10344827586206;506
4044;2024/2025;2;88.88888888888889;506
4045;2024/2025;3;100.0;506
4046;2024/2025;4;96.96969696969697;506
4047;2024/2025;5;100.0;506
4048;2022/2023;1;100.0;364
4049;2022/2023;2;100.0;364
4050;2022/2023;3;100.0;364
4051;2022/2023;4;100.0;364
4052;2022/2023;5;100.0;364
4053;2023/2024;1;100.0;364
4054;2023/2024;2;100.0;364
4055;2023/2024;3;100.0;364
4056;2023/2024;4;100.0;364
4057;2023/2024;5;100.0;364
4058;2024/2025;1;100.0;364
4059;2024/2025;2;100.0;364
4060;2024/2025;3;100.0;364
4061;2024/2025;4;100.0;364
4062;2024/2025;5;100.0;364
4063;2022/2023;1;98.0392156862745;368
4064;2022/2023;2;100.0;368
4065;2022/2023;3;100.0;368
4066;2023/2024;1;100.0;368
4067;2023/2024;2;95.91836734693877;368
4068;2023/2024;3;100.0;368
4069;2024/2025;1;100.0;368
4070;2024/2025;2;100.0;368
4071;2024/2025;3;100.0;368
4072;2022/2023;1;100.0;366
4073;2022/2023;2;100.0;366
4074;2022/2023;3;100.0;366
4075;2022/2023;4;100.0;366
4076;2022/2023;5;100.0;366
4077;2023/2024;1;100.0;366
4078;2023/2024;2;100.0;366
4079;2023/2024;3;100.0;366
4080;2023/2024;4;100.0;366
4081;2023/2024;5;100.0;366
4082;2024/2025;1;100.0;366
4083;2024/2025;2;100.0;366
4084;2024/2025;3;100.0;366
4085;2024/2025;4;100.0;366
4086;2024/2025;5;100.0;366
4087;2022/2023;1;84.0;452
4088;2022/2023;2;76.66666666666667;452
4089;2022/2023;3;81.57894736842105;452
4090;2022/2023;4;100.0;452
4091;2023/2024;1;80.0;452
4092;2023/2024;2;91.66666666666666;452
4093;2023/2024;3;88.88888888888889;452
4094;2023/2024;4;94.73684210526315;452
4095;2024/2025;1;83.33333333333334;452
4096;2024/2025;2;79.16666666666666;452
4097;2024/2025;3;87.5;452
4098;2024/2025;4;76.92307692307693;452
4099;2022/2023;1;0.0;451
4100;2022/2023;2;0.0;451
4101;2022/2023;3;0.0;451
4102;2022/2023;4;0.0;451
4103;2022/2023;5;0.0;451
4104;2023/2024;1;0.0;451
4105;2023/2024;2;0.0;451
4106;2023/2024;3;0.0;451
4107;2023/2024;4;0.0;451
4108;2023/2024;5;0.0;451
4109;2024/2025;1;0.0;451
4110;2024/2025;2;0.0;451
4111;2024/2025;3;0.0;451
4112;2024/2025;4;0.0;451
4113;2024/2025;5;100.0;451
4114;2022/2023;1;62.857142857142854;454
4115;2022/2023;2;78.78787878787878;454
4116;2022/2023;3;88.88888888888889;454
4117;2022/2023;4;85.41666666666666;454
4118;2023/2024;1;57.57575757575758;454
4119;2023/2024;2;88.0;454
4120;2023/2024;3;85.96491228070175;454
4121;2023/2024;4;81.25;454
4122;2024/2025;1;74.68354430379746;454
4123;2024/2025;2;78.26086956521739;454
4124;2024/2025;3;91.11111111111111;454
4125;2024/2025;4;97.05882352941177;454
4126;2022/2023;1;0.0;453
4127;2023/2024;1;0.0;453
4128;2024/2025;1;95.0;453
4129;2022/2023;1;58.333333333333336;455
4130;2022/2023;2;0.0;455
4131;2022/2023;3;62.68656716417911;455
4132;2022/2023;4;92.85714285714286;455
4133;2023/2024;1;50.0;455
4134;2023/2024;2;0.0;455
4135;2023/2024;3;65.625;455
4136;2023/2024;4;73.68421052631578;455
4137;2024/2025;1;72.5;455
4138;2024/2025;2;0.0;455
4139;2024/2025;3;52.63157894736842;455
4140;2024/2025;4;64.28571428571429;455
4141;2022/2023;1;100.0;204
4142;2022/2023;2;100.0;204
4143;2022/2023;3;100.0;204
4144;2022/2023;4;100.0;204
4145;2022/2023;5;95.0;204
4146;2023/2024;1;100.0;204
4147;2023/2024;2;100.0;204
4148;2023/2024;3;100.0;204
4149;2023/2024;4;100.0;204
4150;2023/2024;5;100.0;204
4151;2024/2025;1;100.0;204
4152;2024/2025;2;100.0;204
4153;2024/2025;3;100.0;204
4154;2024/2025;4;100.0;204
4155;2024/2025;5;100.0;204
4156;2022/2023;1;100.0;203
4157;2022/2023;2;100.0;203
4158;2022/2023;3;100.0;203
4159;2022/2023;4;100.0;203
4160;2022/2023;5;100.0;203
4161;2023/2024;1;100.0;203
4162;2023/2024;2;100.0;203
4163;2023/2024;3;100.0;203
4164;2023/2024;4;100.0;203
4165;2023/2024;5;100.0;203
4166;2024/2025;1;100.0;203
4167;2024/2025;2;100.0;203
4168;2024/2025;3;100.0;203
4169;2024/2025;4;100.0;203
4170;2024/2025;5;100.0;203
4171;2022/2023;1;100.0;205
4172;2022/2023;2;100.0;205
4173;2022/2023;3;100.0;205
4174;2022/2023;4;100.0;205
4175;2022/2023;5;100.0;205
4176;2023/2024;1;100.0;205
4177;2023/2024;2;100.0;205
4178;2023/2024;3;100.0;205
4179;2023/2024;4;100.0;205
4180;2023/2024;5;100.0;205
4181;2024/2025;1;100.0;205
4182;2024/2025;2;100.0;205
4183;2024/2025;3;100.0;205
4184;2024/2025;4;100.0;205
4185;2024/2025;5;100.0;205
4186;2022/2023;1;100.0;367
4187;2022/2023;2;100.0;367
4188;2022/2023;3;100.0;367
4189;2023/2024;1;100.0;367
4190;2023/2024;2;100.0;367
4191;2023/2024;3;100.0;367
4192;2024/2025;1;100.0;367
4193;2024/2025;2;100.0;367
4194;2024/2025;3;100.0;367
4195;2022/2023;1;100.0;206
4196;2022/2023;2;100.0;206
4197;2022/2023;3;100.0;206
4198;2022/2023;4;100.0;206
4199;2022/2023;5;100.0;206
4200;2023/2024;1;100.0;206
4201;2023/2024;2;100.0;206
4202;2023/2024;3;100.0;206
4203;2023/2024;4;100.0;206
4204;2023/2024;5;100.0;206
4205;2024/2025;1;100.0;206
4206;2024/2025;2;100.0;206
4207;2024/2025;3;100.0;206
4208;2024/2025;4;100.0;206
4209;2024/2025;5;100.0;206
4210;2022/2023;1;100.0;207
4211;2022/2023;2;100.0;207
4212;2022/2023;3;100.0;207
4213;2022/2023;4;100.0;207
4214;2022/2023;5;100.0;207
4215;2023/2024;1;100.0;207
4216;2023/2024;2;100.0;207
4217;2023/2024;3;100.0;207
4218;2023/2024;4;100.0;207
4219;2023/2024;5;100.0;207
4220;2024/2025;1;100.0;207
4221;2024/2025;2;100.0;207
4222;2024/2025;3;100.0;207
4223;2024/2025;4;100.0;207
4224;2024/2025;5;100.0;207
4225;2022/2023;1;97.8021978021978;208
4226;2022/2023;2;100.0;208
4227;2022/2023;3;100.0;208
4228;2023/2024;1;100.0;208
4229;2023/2024;2;100.0;208
4230;2023/2024;3;100.0;208
4231;2024/2025;1;97.14285714285714;208
4232;2024/2025;2;100.0;208
4233;2024/2025;3;100.0;208
4234;2022/2023;1;0.0;539
4235;2022/2023;2;0.0;539
4236;2022/2023;3;0.0;539
4237;2022/2023;4;34.78260869565217;539
4238;2022/2023;5;75.0;539
4239;2023/2024;1;0.0;539
4240;2023/2024;2;0.0;539
4241;2023/2024;3;0.0;539
4242;2023/2024;4;26.31578947368421;539
4243;2023/2024;5;52.63157894736842;539
4244;2024/2025;1;0.0;539
4245;2024/2025;2;0.0;539
4246;2024/2025;3;0.0;539
4247;2024/2025;4;28.000000000000004;539
4248;2024/2025;5;68.75;539
4249;2022/2023;1;91.73333333333333;538
4250;2022/2023;2;93.35260115606935;538
4251;2022/2023;3;90.1685393258427;538
4252;2022/2023;4;92.28395061728395;538
4253;2022/2023;5;94.67680608365019;538
4254;2023/2024;1;84.10958904109589;538
4255;2023/2024;2;91.87675070028011;538
4256;2023/2024;3;89.58904109589041;538
4257;2023/2024;4;90.14925373134328;538
4258;2023/2024;5;96.35761589403974;538
4259;2024/2025;1;89.13649025069638;538
4260;2024/2025;2;93.35347432024169;538
4261;2024/2025;3;92.14659685863874;538
4262;2024/2025;4;92.96187683284457;538
4263;2024/2025;5;95.17684887459808;538
4264;2022/2023;1;100.0;380
4265;2022/2023;2;100.0;380
4266;2022/2023;3;100.0;380
4267;2022/2023;4;100.0;380
4268;2022/2023;5;94.44444444444444;380
4269;2023/2024;1;100.0;380
4270;2023/2024;2;100.0;380
4271;2023/2024;3;100.0;380
4272;2023/2024;4;100.0;380
4273;2023/2024;5;100.0;380
4274;2024/2025;1;100.0;380
4275;2024/2025;2;100.0;380
4276;2024/2025;3;100.0;380
4277;2024/2025;4;100.0;380
4278;2024/2025;5;100.0;380
4279;2022/2023;1;99.21259842519686;383
4280;2022/2023;2;100.0;383
4281;2022/2023;3;100.0;383
4282;2023/2024;1;100.0;383
4283;2023/2024;2;100.0;383
4284;2023/2024;3;99.08256880733946;383
4285;2024/2025;1;100.0;383
4286;2024/2025;2;100.0;383
4287;2024/2025;3;97.65625;383
4288;2022/2023;1;100.0;381
4289;2022/2023;2;100.0;381
4290;2022/2023;3;100.0;381
4291;2022/2023;4;100.0;381
4292;2022/2023;5;100.0;381
4293;2023/2024;1;100.0;381
4294;2023/2024;2;100.0;381
4295;2023/2024;3;100.0;381
4296;2023/2024;4;100.0;381
4297;2023/2024;5;100.0;381
4298;2024/2025;1;100.0;381
4299;2024/2025;2;100.0;381
4300;2024/2025;3;100.0;381
4301;2024/2025;4;100.0;381
4302;2024/2025;5;100.0;381
4303;2022/2023;1;100.0;379
4304;2022/2023;2;100.0;379
4305;2022/2023;3;100.0;379
4306;2022/2023;4;100.0;379
4307;2022/2023;5;100.0;379
4308;2023/2024;1;100.0;379
4309;2023/2024;2;100.0;379
4310;2023/2024;3;100.0;379
4311;2023/2024;4;100.0;379
4312;2023/2024;5;100.0;379
4313;2024/2025;1;98.21428571428571;379
4314;2024/2025;2;100.0;379
4315;2024/2025;3;100.0;379
4316;2024/2025;4;100.0;379
4317;2024/2025;5;100.0;379
4318;2022/2023;1;0.0;16
4319;2022/2023;2;0.0;16
4320;2022/2023;3;0.0;16
4321;2022/2023;4;0.0;16
4322;2022/2023;5;0.0;16
4323;2023/2024;1;0.0;16
4324;2023/2024;2;0.0;16
4325;2023/2024;3;0.0;16
4326;2023/2024;4;0.0;16
4327;2023/2024;5;0.0;16
4328;2024/2025;1;0.0;16
4329;2024/2025;2;0.0;16
4330;2024/2025;3;0.0;16
4331;2024/2025;4;0.0;16
4332;2024/2025;5;100.0;16
4333;2022/2023;1;94.11764705882352;17
4334;2022/2023;2;100.0;17
4335;2022/2023;3;100.0;17
4336;2022/2023;4;100.0;17
4337;2023/2024;1;88.57142857142857;17
4338;2023/2024;2;84.21052631578947;17
4339;2023/2024;3;100.0;17
4340;2023/2024;4;100.0;17
4341;2024/2025;1;79.3103448275862;17
4342;2024/2025;2;85.29411764705883;17
4343;2024/2025;3;68.75;17
4344;2024/2025;4;94.11764705882352;17
4345;2022/2023;1;100.0;187
4346;2022/2023;2;100.0;187
4347;2022/2023;3;100.0;187
4348;2022/2023;4;100.0;187
4349;2022/2023;5;100.0;187
4350;2023/2024;1;100.0;187
4351;2023/2024;2;100.0;187
4352;2023/2024;3;100.0;187
4353;2023/2024;4;100.0;187
4354;2023/2024;5;100.0;187
4355;2024/2025;1;100.0;187
4356;2024/2025;2;100.0;187
4357;2024/2025;3;100.0;187
4358;2024/2025;4;100.0;187
4359;2024/2025;5;100.0;187
4360;2022/2023;1;100.0;188
4361;2022/2023;2;100.0;188
4362;2022/2023;3;100.0;188
4363;2022/2023;4;100.0;188
4364;2022/2023;5;100.0;188
4365;2023/2024;1;100.0;188
4366;2023/2024;2;100.0;188
4367;2023/2024;3;100.0;188
4368;2023/2024;4;100.0;188
4369;2023/2024;5;100.0;188
4370;2024/2025;1;100.0;188
4371;2024/2025;2;100.0;188
4372;2024/2025;3;100.0;188
4373;2024/2025;4;100.0;188
4374;2024/2025;5;100.0;188
4375;2022/2023;1;100.0;190
4376;2022/2023;2;100.0;190
4377;2022/2023;3;100.0;190
4378;2022/2023;4;100.0;190
4379;2022/2023;5;100.0;190
4380;2023/2024;1;100.0;190
4381;2023/2024;2;100.0;190
4382;2023/2024;3;100.0;190
4383;2023/2024;4;100.0;190
4384;2023/2024;5;100.0;190
4385;2024/2025;1;100.0;190
4386;2024/2025;2;100.0;190
4387;2024/2025;3;100.0;190
4388;2024/2025;4;100.0;190
4389;2024/2025;5;100.0;190
4390;2022/2023;1;100.0;189
4391;2022/2023;2;100.0;189
4392;2022/2023;3;100.0;189
4393;2022/2023;4;100.0;189
4394;2022/2023;5;100.0;189
4395;2023/2024;1;100.0;189
4396;2023/2024;2;100.0;189
4397;2023/2024;3;100.0;189
4398;2023/2024;4;100.0;189
4399;2023/2024;5;100.0;189
4400;2024/2025;1;100.0;189
4401;2024/2025;2;100.0;189
4402;2024/2025;3;100.0;189
4403;2024/2025;4;100.0;189
4404;2024/2025;5;100.0;189
4405;2022/2023;1;100.0;352
4406;2022/2023;2;100.0;352
4407;2022/2023;3;100.0;352
4408;2022/2023;4;100.0;352
4409;2022/2023;5;100.0;352
4410;2023/2024;1;100.0;352
4411;2023/2024;2;100.0;352
4412;2023/2024;3;100.0;352
4413;2023/2024;4;100.0;352
4414;2023/2024;5;100.0;352
4415;2024/2025;1;100.0;352
4416;2024/2025;2;100.0;352
4417;2024/2025;3;100.0;352
4418;2024/2025;4;100.0;352
4419;2024/2025;5;100.0;352
4420;2022/2023;1;100.0;191
4421;2022/2023;2;100.0;191
4422;2022/2023;3;100.0;191
4423;2023/2024;1;99.375;191
4424;2023/2024;2;98.26589595375722;191
4425;2023/2024;3;99.375;191
4426;2024/2025;1;99.35064935064936;191
4427;2024/2025;2;98.80239520958084;191
4428;2024/2025;3;99.39393939393939;191
4429;2022/2023;1;63.1578947368421;18
4430;2022/2023;2;84.61538461538461;18
4431;2022/2023;3;81.81818181818183;18
4432;2022/2023;4;92.3076923076923;18
4433;2023/2024;1;68.42105263157895;18
4434;2023/2024;2;84.61538461538461;18
4435;2023/2024;3;86.95652173913044;18
4436;2023/2024;4;90.0;18
4437;2024/2025;1;83.72093023255815;18
4438;2024/2025;2;85.71428571428571;18
4439;2024/2025;3;100.0;18
4440;2024/2025;4;100.0;18
4441;2022/2023;1;100.0;354
4442;2022/2023;2;100.0;354
4443;2022/2023;3;100.0;354
4444;2022/2023;4;100.0;354
4445;2022/2023;5;100.0;354
4446;2023/2024;1;92.5925925925926;354
4447;2023/2024;2;100.0;354
4448;2023/2024;3;100.0;354
4449;2023/2024;4;100.0;354
4450;2023/2024;5;100.0;354
4451;2024/2025;1;96.66666666666667;354
4452;2024/2025;2;100.0;354
4453;2024/2025;3;100.0;354
4454;2024/2025;4;100.0;354
4455;2024/2025;5;100.0;354
4456;2022/2023;1;100.0;353
4457;2022/2023;2;100.0;353
4458;2022/2023;3;100.0;353
4459;2022/2023;4;100.0;353
4460;2022/2023;5;100.0;353
4461;2023/2024;1;100.0;353
4462;2023/2024;2;100.0;353
4463;2023/2024;3;100.0;353
4464;2023/2024;4;98.27586206896551;353
4465;2023/2024;5;100.0;353
4466;2024/2025;1;95.74468085106383;353
4467;2024/2025;2;100.0;353
4468;2024/2025;3;100.0;353
4469;2024/2025;4;100.0;353
4470;2024/2025;5;100.0;353
4471;2022/2023;1;99.26470588235294;355
4472;2022/2023;2;99.05660377358491;355
4473;2022/2023;3;98.07692307692307;355
4474;2023/2024;1;100.0;355
4475;2023/2024;2;99.26470588235294;355
4476;2023/2024;3;100.0;355
4477;2024/2025;1;99.08256880733946;355
4478;2024/2025;2;100.0;355
4479;2024/2025;3;100.0;355
4480;2022/2023;1;93.86792452830188;574
4481;2022/2023;2;93.26424870466322;574
4482;2022/2023;3;90.78014184397163;574
4483;2022/2023;4;94.30379746835443;574
4484;2022/2023;5;98.05194805194806;574
4485;2023/2024;1;86.28571428571429;574
4486;2023/2024;2;92.34972677595628;574
4487;2023/2024;3;91.48936170212765;574
4488;2023/2024;4;95.34883720930233;574
4489;2023/2024;5;96.62162162162163;574
4490;2024/2025;1;88.88888888888889;574
4491;2024/2025;2;92.20779220779221;574
4492;2024/2025;3;93.0635838150289;574
4493;2024/2025;4;98.20359281437125;574
4494;2024/2025;5;100.0;574
4495;2022/2023;1;97.72727272727273;573
4496;2022/2023;2;96.69421487603306;573
4497;2022/2023;3;96.8503937007874;573
4498;2022/2023;4;97.97979797979798;573
4499;2022/2023;5;100.0;573
4500;2023/2024;1;89.79591836734694;573
4501;2023/2024;2;100.0;573
4502;2023/2024;3;98.30508474576271;573
4503;2023/2024;4;99.16666666666667;573
4504;2023/2024;5;100.0;573
4505;2024/2025;1;95.96774193548387;573
4506;2024/2025;2;96.06299212598425;573
4507;2024/2025;3;96.26168224299066;573
4508;2024/2025;4;100.0;573
4509;2024/2025;5;99.14529914529915;573
4510;2022/2023;1;100.0;357
4511;2022/2023;2;100.0;357
4512;2022/2023;3;100.0;357
4513;2022/2023;4;100.0;357
4514;2022/2023;5;100.0;357
4515;2023/2024;1;100.0;357
4516;2023/2024;2;100.0;357
4517;2023/2024;3;100.0;357
4518;2023/2024;4;100.0;357
4519;2023/2024;5;100.0;357
4520;2024/2025;1;100.0;357
4521;2024/2025;2;100.0;357
4522;2024/2025;3;100.0;357
4523;2024/2025;4;100.0;357
4524;2024/2025;5;100.0;357
4525;2022/2023;1;100.0;358
4526;2022/2023;2;100.0;358
4527;2022/2023;3;100.0;358
4528;2022/2023;4;100.0;358
4529;2022/2023;5;100.0;358
4530;2023/2024;1;100.0;358
4531;2023/2024;2;100.0;358
4532;2023/2024;3;100.0;358
4533;2023/2024;4;100.0;358
4534;2023/2024;5;100.0;358
4535;2024/2025;1;100.0;358
4536;2024/2025;2;100.0;358
4537;2024/2025;3;100.0;358
4538;2024/2025;4;100.0;358
4539;2024/2025;5;100.0;358
4540;2022/2023;1;100.0;356
4541;2022/2023;2;100.0;356
4542;2022/2023;3;100.0;356
4543;2022/2023;4;100.0;356
4544;2022/2023;5;100.0;356
4545;2023/2024;1;100.0;356
4546;2023/2024;2;100.0;356
4547;2023/2024;3;100.0;356
4548;2023/2024;4;100.0;356
4549;2023/2024;5;100.0;356
4550;2024/2025;1;100.0;356
4551;2024/2025;2;100.0;356
4552;2024/2025;3;100.0;356
4553;2024/2025;4;100.0;356
4554;2024/2025;5;100.0;356
4555;2022/2023;1;100.0;359
4556;2022/2023;2;100.0;359
4557;2022/2023;3;100.0;359
4558;2022/2023;4;100.0;359
4559;2022/2023;5;100.0;359
4560;2023/2024;1;100.0;359
4561;2023/2024;2;100.0;359
4562;2023/2024;3;100.0;359
4563;2023/2024;4;100.0;359
4564;2023/2024;5;100.0;359
4565;2024/2025;1;100.0;359
4566;2024/2025;2;100.0;359
4567;2024/2025;3;100.0;359
4568;2024/2025;4;100.0;359
4569;2024/2025;5;100.0;359
4570;2022/2023;1;100.0;361
4571;2022/2023;2;100.0;361
4572;2022/2023;3;100.0;361
4573;2022/2023;4;100.0;361
4574;2022/2023;5;92.85714285714286;361
4575;2023/2024;1;100.0;361
4576;2023/2024;2;100.0;361
4577;2023/2024;3;100.0;361
4578;2023/2024;4;100.0;361
4579;2023/2024;5;100.0;361
4580;2024/2025;1;100.0;361
4581;2024/2025;2;100.0;361
4582;2024/2025;3;100.0;361
4583;2024/2025;4;100.0;361
4584;2024/2025;5;100.0;361
4585;2022/2023;1;100.0;360
4586;2022/2023;2;100.0;360
4587;2022/2023;3;100.0;360
4588;2022/2023;4;100.0;360
4589;2022/2023;5;100.0;360
4590;2023/2024;1;95.83333333333334;360
4591;2023/2024;2;100.0;360
4592;2023/2024;3;100.0;360
4593;2023/2024;4;100.0;360
4594;2023/2024;5;100.0;360
4595;2024/2025;1;100.0;360
4596;2024/2025;2;100.0;360
4597;2024/2025;3;100.0;360
4598;2024/2025;4;100.0;360
4599;2024/2025;5;100.0;360
4600;2022/2023;1;100.0;362
4601;2022/2023;2;98.4126984126984;362
4602;2022/2023;3;100.0;362
4603;2023/2024;1;100.0;362
4604;2023/2024;2;100.0;362
4605;2023/2024;3;100.0;362
4606;2024/2025;1;100.0;362
4607;2024/2025;2;98.52941176470588;362
4608;2024/2025;3;96.61016949152543;362
4609;2022/2023;1;93.75;328
4610;2022/2023;2;100.0;328
4611;2022/2023;3;100.0;328
4612;2022/2023;4;100.0;328
4613;2022/2023;5;100.0;328
4614;2023/2024;1;100.0;328
4615;2023/2024;2;100.0;328
4616;2023/2024;3;100.0;328
4617;2023/2024;4;100.0;328
4618;2023/2024;5;100.0;328
4619;2024/2025;1;100.0;328
4620;2024/2025;2;100.0;328
4621;2024/2025;3;100.0;328
4622;2024/2025;4;100.0;328
4623;2024/2025;5;100.0;328
4624;2022/2023;1;100.0;363
4625;2022/2023;2;100.0;363
4626;2022/2023;3;100.0;363
4627;2023/2024;1;100.0;363
4628;2023/2024;2;100.0;363
4629;2023/2024;3;100.0;363
4630;2024/2025;1;100.0;363
4631;2024/2025;2;100.0;363
4632;2024/2025;3;100.0;363
4633;2022/2023;1;100.0;329
4634;2022/2023;2;100.0;329
4635;2022/2023;3;100.0;329
4636;2022/2023;4;100.0;329
4637;2022/2023;5;100.0;329
4638;2023/2024;1;100.0;329
4639;2023/2024;2;100.0;329
4640;2023/2024;3;100.0;329
4641;2023/2024;4;100.0;329
4642;2023/2024;5;100.0;329
4643;2024/2025;1;100.0;329
4644;2024/2025;2;100.0;329
4645;2024/2025;3;100.0;329
4646;2024/2025;4;100.0;329
4647;2024/2025;5;100.0;329
4648;2022/2023;1;98.50746268656717;326
4649;2022/2023;2;100.0;326
4650;2022/2023;3;100.0;326
4651;2022/2023;4;100.0;326
4652;2022/2023;5;100.0;326
4653;2023/2024;1;100.0;326
4654;2023/2024;2;100.0;326
4655;2023/2024;3;100.0;326
4656;2023/2024;4;100.0;326
4657;2023/2024;5;100.0;326
4658;2024/2025;1;100.0;326
4659;2024/2025;2;98.68421052631578;326
4660;2024/2025;3;100.0;326
4661;2024/2025;4;100.0;326
4662;2024/2025;5;100.0;326
4663;2022/2023;1;100.0;330
4664;2022/2023;2;100.0;330
4665;2022/2023;3;96.34146341463415;330
4666;2023/2024;1;99.2248062015504;330
4667;2023/2024;2;100.0;330
4668;2023/2024;3;98.77300613496932;330
4669;2024/2025;1;99.28057553956835;330
4670;2024/2025;2;99.1869918699187;330
4671;2024/2025;3;99.1304347826087;330
4672;2022/2023;1;100.0;327
4673;2022/2023;2;100.0;327
4674;2022/2023;3;100.0;327
4675;2022/2023;4;100.0;327
4676;2022/2023;5;100.0;327
4677;2023/2024;1;100.0;327
4678;2023/2024;2;100.0;327
4679;2023/2024;3;100.0;327
4680;2023/2024;4;100.0;327
4681;2023/2024;5;100.0;327
4682;2024/2025;1;93.33333333333333;327
4683;2024/2025;2;100.0;327
4684;2024/2025;3;100.0;327
4685;2024/2025;4;100.0;327
4686;2024/2025;5;100.0;327
4687;2022/2023;1;73.91304347826086;11
4688;2022/2023;2;97.82608695652173;11
4689;2022/2023;3;89.1891891891892;11
4690;2022/2023;4;88.88888888888889;11
4691;2023/2024;1;69.64285714285714;11
4692;2023/2024;2;84.0909090909091;11
4693;2023/2024;3;86.95652173913044;11
4694;2023/2024;4;100.0;11
4695;2024/2025;1;90.625;11
4696;2024/2025;2;88.0;11
4697;2024/2025;3;92.10526315789474;11
4698;2024/2025;4;100.0;11
4699;2022/2023;1;100.0;196
4700;2022/2023;2;100.0;196
4701;2022/2023;3;100.0;196
4702;2022/2023;4;100.0;196
4703;2022/2023;5;100.0;196
4704;2023/2024;1;100.0;196
4705;2023/2024;2;100.0;196
4706;2023/2024;3;100.0;196
4707;2023/2024;4;100.0;196
4708;2023/2024;5;100.0;196
4709;2024/2025;1;100.0;196
4710;2024/2025;2;100.0;196
4711;2024/2025;3;100.0;196
4712;2024/2025;4;100.0;196
4713;2024/2025;5;100.0;196
4714;2022/2023;1;90.9090909090909;15
4715;2022/2023;2;78.57142857142857;15
4716;2022/2023;3;75.0;15
4717;2022/2023;4;100.0;15
4718;2023/2024;1;85.71428571428571;15
4719;2023/2024;2;78.57142857142857;15
4720;2023/2024;3;66.66666666666666;15
4721;2023/2024;4;80.0;15
4722;2024/2025;1;86.66666666666667;15
4723;2024/2025;2;90.9090909090909;15
4724;2024/2025;3;84.61538461538461;15
4725;2024/2025;4;85.71428571428571;15
4726;2022/2023;1;100.0;197
4727;2022/2023;2;100.0;197
4728;2022/2023;3;100.0;197
4729;2022/2023;4;100.0;197
4730;2022/2023;5;100.0;197
4731;2023/2024;1;100.0;197
4732;2023/2024;2;100.0;197
4733;2023/2024;3;100.0;197
4734;2023/2024;4;100.0;197
4735;2023/2024;5;100.0;197
4736;2024/2025;1;100.0;197
4737;2024/2025;2;100.0;197
4738;2024/2025;3;100.0;197
4739;2024/2025;4;100.0;197
4740;2024/2025;5;100.0;197
4741;2022/2023;1;76.92307692307693;14
4742;2022/2023;2;87.5;14
4743;2022/2023;3;85.71428571428571;14
4744;2022/2023;4;0.0;14
4745;2023/2024;1;0.0;14
4746;2023/2024;2;88.88888888888889;14
4747;2023/2024;3;100.0;14
4748;2023/2024;4;66.66666666666666;14
4749;2024/2025;1;0.0;14
4750;2024/2025;2;0.0;14
4751;2024/2025;3;88.88888888888889;14
4752;2024/2025;4;100.0;14
4753;2022/2023;1;100.0;200
4754;2022/2023;2;100.0;200
4755;2022/2023;3;100.0;200
4756;2022/2023;4;100.0;200
4757;2022/2023;5;100.0;200
4758;2023/2024;1;100.0;200
4759;2023/2024;2;100.0;200
4760;2023/2024;3;100.0;200
4761;2023/2024;4;100.0;200
4762;2023/2024;5;100.0;200
4763;2024/2025;1;100.0;200
4764;2024/2025;2;100.0;200
4765;2024/2025;3;100.0;200
4766;2024/2025;4;100.0;200
4767;2024/2025;5;100.0;200
4768;2022/2023;1;100.0;195
4769;2022/2023;2;100.0;195
4770;2022/2023;3;100.0;195
4771;2022/2023;4;100.0;195
4772;2022/2023;5;100.0;195
4773;2023/2024;1;100.0;195
4774;2023/2024;2;100.0;195
4775;2023/2024;3;100.0;195
4776;2023/2024;4;100.0;195
4777;2023/2024;5;100.0;195
4778;2024/2025;1;100.0;195
4779;2024/2025;2;100.0;195
4780;2024/2025;3;100.0;195
4781;2024/2025;4;100.0;195
4782;2024/2025;5;100.0;195
4783;2022/2023;1;100.0;198
4784;2022/2023;2;100.0;198
4785;2022/2023;3;100.0;198
4786;2022/2023;4;100.0;198
4787;2022/2023;5;100.0;198
4788;2023/2024;1;100.0;198
4789;2023/2024;2;100.0;198
4790;2023/2024;3;100.0;198
4791;2023/2024;4;100.0;198
4792;2023/2024;5;100.0;198
4793;2024/2025;1;100.0;198
4794;2024/2025;2;100.0;198
4795;2024/2025;3;100.0;198
4796;2024/2025;4;100.0;198
4797;2024/2025;5;100.0;198
4798;2022/2023;1;97.14285714285714;201
4799;2022/2023;2;100.0;201
4800;2022/2023;3;100.0;201
4801;2023/2024;1;100.0;201
4802;2023/2024;2;100.0;201
4803;2023/2024;3;100.0;201
4804;2024/2025;1;98.0392156862745;201
4805;2024/2025;2;100.0;201
4806;2024/2025;3;100.0;201
4807;2022/2023;1;100.0;202
4808;2022/2023;2;97.1830985915493;202
4809;2022/2023;3;98.11320754716981;202
4810;2023/2024;1;98.36065573770492;202
4811;2023/2024;2;100.0;202
4812;2023/2024;3;100.0;202
4813;2024/2025;1;100.0;202
4814;2024/2025;2;100.0;202
4815;2024/2025;3;98.14814814814815;202
4816;2022/2023;1;100.0;199
4817;2022/2023;2;100.0;199
4818;2022/2023;3;100.0;199
4819;2022/2023;4;100.0;199
4820;2022/2023;5;100.0;199
4821;2023/2024;1;100.0;199
4822;2023/2024;2;100.0;199
4823;2023/2024;3;100.0;199
4824;2023/2024;4;100.0;199
4825;2023/2024;5;100.0;199
4826;2024/2025;1;100.0;199
4827;2024/2025;2;100.0;199
4828;2024/2025;3;100.0;199
4829;2024/2025;4;100.0;199
4830;2024/2025;5;100.0;199
4831;2022/2023;1;90.9090909090909;39
4832;2022/2023;2;83.33333333333334;39
4833;2022/2023;3;78.125;39
4834;2022/2023;4;94.11764705882352;39
4835;2023/2024;1;77.77777777777779;39
4836;2023/2024;2;96.0;39
4837;2023/2024;3;100.0;39
4838;2023/2024;4;90.47619047619048;39
4839;2024/2025;1;71.7948717948718;39
4840;2024/2025;2;85.29411764705883;39
4841;2024/2025;3;82.35294117647058;39
4842;2024/2025;4;78.26086956521739;39
4843;2022/2023;1;0.0;36
4844;2022/2023;2;0.0;36
4845;2022/2023;3;0.0;36
4846;2022/2023;4;0.0;36
4847;2022/2023;5;0.0;36
4848;2023/2024;1;0.0;36
4849;2023/2024;2;0.0;36
4850;2023/2024;3;0.0;36
4851;2023/2024;4;0.0;36
4852;2023/2024;5;0.0;36
4853;2024/2025;1;0.0;36
4854;2024/2025;2;0.0;36
4855;2024/2025;3;0.0;36
4856;2024/2025;4;0.0;36
4857;2024/2025;5;84.21052631578947;36
4858;2022/2023;1;81.48148148148148;37
4859;2022/2023;2;97.22222222222221;37
4860;2022/2023;3;88.37209302325581;37
4861;2022/2023;4;93.10344827586206;37
4862;2023/2024;1;95.65217391304348;37
4863;2023/2024;2;88.88888888888889;37
4864;2023/2024;3;81.57894736842105;37
4865;2023/2024;4;95.23809523809523;37
4866;2024/2025;1;93.02325581395348;37
4867;2024/2025;2;86.66666666666667;37
4868;2024/2025;3;82.05128205128204;37
4869;2024/2025;4;86.95652173913044;37
4870;2022/2023;1;86.66666666666667;523
4871;2022/2023;2;98.36065573770492;523
4872;2022/2023;3;95.34883720930233;523
4873;2022/2023;4;93.33333333333333;523
4874;2022/2023;5;92.85714285714286;523
4875;2023/2024;1;80.7017543859649;523
4876;2023/2024;2;95.23809523809523;523
4877;2023/2024;3;95.08196721311475;523
4878;2023/2024;4;97.5;523
4879;2023/2024;5;92.85714285714286;523
4880;2024/2025;1;88.0;523
4881;2024/2025;2;96.29629629629629;523
4882;2024/2025;3;95.45454545454545;523
4883;2024/2025;4;98.11320754716981;523
4884;2024/2025;5;100.0;523
4885;2022/2023;1;0.0;522
4886;2022/2023;2;0.0;522
4887;2022/2023;3;76.92307692307693;522
4888;2023/2024;1;0.0;522
4889;2023/2024;2;0.0;522
4890;2023/2024;3;56.25;522
4891;2024/2025;1;0.0;522
4892;2024/2025;2;0.0;522
4893;2024/2025;3;53.333333333333336;522
4894;2022/2023;1;0.0;526
4895;2022/2023;2;0.0;526
4896;2022/2023;3;0.0;526
4897;2022/2023;4;66.66666666666666;526
4898;2022/2023;5;100.0;526
4899;2023/2024;1;0.0;526
4900;2023/2024;2;0.0;526
4901;2023/2024;3;0.0;526
4902;2023/2024;4;50.0;526
4903;2023/2024;5;50.0;526
4904;2024/2025;1;0.0;526
4905;2024/2025;2;0.0;526
4906;2024/2025;3;20.0;526
4907;2024/2025;4;33.33333333333333;526
4908;2024/2025;5;100.0;526
4909;2022/2023;1;0.0;524
4910;2022/2023;2;0.0;524
4911;2022/2023;3;0.0;524
4912;2022/2023;4;53.84615384615385;524
4913;2022/2023;5;80.0;524
4914;2023/2024;1;0.0;524
4915;2023/2024;2;0.0;524
4916;2023/2024;3;0.0;524
4917;2023/2024;4;80.0;524
4918;2023/2024;5;77.77777777777779;524
4919;2024/2025;1;0.0;524
4920;2024/2025;2;0.0;524
4921;2024/2025;3;0.0;524
4922;2024/2025;4;58.333333333333336;524
4923;2024/2025;5;88.88888888888889;524
4924;2022/2023;1;96.96969696969697;253
4925;2022/2023;2;100.0;253
4926;2022/2023;3;100.0;253
4927;2022/2023;4;100.0;253
4928;2022/2023;5;100.0;253
4929;2023/2024;1;100.0;253
4930;2023/2024;2;100.0;253
4931;2023/2024;3;100.0;253
4932;2023/2024;4;100.0;253
4933;2023/2024;5;100.0;253
4934;2024/2025;1;94.73684210526315;253
4935;2024/2025;2;100.0;253
4936;2024/2025;3;100.0;253
4937;2024/2025;4;100.0;253
4938;2024/2025;5;100.0;253
4939;2022/2023;1;90.2439024390244;525
4940;2022/2023;2;94.11764705882352;525
4941;2022/2023;3;93.54838709677419;525
4942;2022/2023;4;94.89795918367348;525
4943;2022/2023;5;96.3855421686747;525
4944;2023/2024;1;85.71428571428571;525
4945;2023/2024;2;93.82716049382715;525
4946;2023/2024;3;98.71794871794873;525
4947;2023/2024;4;91.30434782608695;525
4948;2023/2024;5;98.93617021276596;525
4949;2024/2025;1;83.51648351648352;525
4950;2024/2025;2;96.0;525
4951;2024/2025;3;96.15384615384616;525
4952;2024/2025;4;94.9367088607595;525
4953;2024/2025;5;100.0;525
4954;2022/2023;1;100.0;252
4955;2022/2023;2;100.0;252
4956;2022/2023;3;100.0;252
4957;2022/2023;4;100.0;252
4958;2022/2023;5;100.0;252
4959;2023/2024;1;100.0;252
4960;2023/2024;2;100.0;252
4961;2023/2024;3;100.0;252
4962;2023/2024;4;100.0;252
4963;2023/2024;5;95.83333333333334;252
4964;2024/2025;1;100.0;252
4965;2024/2025;2;100.0;252
4966;2024/2025;3;100.0;252
4967;2024/2025;4;100.0;252
4968;2024/2025;5;100.0;252
4969;2022/2023;1;100.0;254
4970;2022/2023;2;100.0;254
4971;2022/2023;3;100.0;254
4972;2022/2023;4;100.0;254
4973;2022/2023;5;100.0;254
4974;2023/2024;1;100.0;254
4975;2023/2024;2;100.0;254
4976;2023/2024;3;96.55172413793103;254
4977;2023/2024;4;100.0;254
4978;2023/2024;5;100.0;254
4979;2024/2025;1;100.0;254
4980;2024/2025;2;100.0;254
4981;2024/2025;3;100.0;254
4982;2024/2025;4;100.0;254
4983;2024/2025;5;100.0;254
4984;2022/2023;1;98.48484848484848;256
4985;2022/2023;2;96.72131147540983;256
4986;2022/2023;3;96.42857142857143;256
4987;2023/2024;1;95.91836734693877;256
4988;2023/2024;2;98.4375;256
4989;2023/2024;3;95.16129032258065;256
4990;2024/2025;1;98.4126984126984;256
4991;2024/2025;2;100.0;256
4992;2024/2025;3;100.0;256
4993;2022/2023;1;93.87755102040816;257
4994;2022/2023;2;95.0;257
4995;2022/2023;3;98.14814814814815;257
4996;2023/2024;1;100.0;257
4997;2023/2024;2;97.91666666666666;257
4998;2023/2024;3;91.8918918918919;257
4999;2024/2025;1;97.72727272727273;257
5000;2024/2025;2;97.87234042553192;257
5001;2024/2025;3;94.0;257
5002;2022/2023;1;85.0;728
5003;2022/2023;2;85.71428571428571;728
5004;2022/2023;3;96.875;728
5005;2022/2023;4;97.14285714285714;728
5006;2022/2023;5;94.73684210526315;728
5007;2023/2024;1;89.1891891891892;728
5008;2023/2024;2;97.22222222222221;728
5009;2023/2024;3;96.7741935483871;728
5010;2023/2024;4;100.0;728
5011;2023/2024;5;100.0;728
5012;2024/2025;1;88.63636363636364;728
5013;2024/2025;2;97.2972972972973;728
5014;2024/2025;3;100.0;728
5015;2024/2025;4;96.55172413793103;728
5016;2024/2025;5;100.0;728
5017;2022/2023;1;100.0;255
5018;2022/2023;2;100.0;255
5019;2022/2023;3;100.0;255
5020;2022/2023;4;100.0;255
5021;2022/2023;5;100.0;255
5022;2023/2024;1;100.0;255
5023;2023/2024;2;100.0;255
5024;2023/2024;3;100.0;255
5025;2023/2024;4;100.0;255
5026;2023/2024;5;100.0;255
5027;2024/2025;1;100.0;255
5028;2024/2025;2;100.0;255
5029;2024/2025;3;100.0;255
5030;2024/2025;4;100.0;255
5031;2024/2025;5;100.0;255
5032;2022/2023;1;92.0;730
5033;2022/2023;2;96.29629629629629;730
5034;2022/2023;3;100.0;730
5035;2022/2023;4;96.66666666666667;730
5036;2022/2023;5;100.0;730
5037;2023/2024;1;100.0;730
5038;2023/2024;2;100.0;730
5039;2023/2024;3;96.29629629629629;730
5040;2023/2024;4;100.0;730
5041;2023/2024;5;100.0;730
5042;2024/2025;1;94.73684210526315;730
5043;2024/2025;2;100.0;730
5044;2024/2025;3;94.44444444444444;730
5045;2024/2025;4;100.0;730
5046;2024/2025;5;100.0;730
5047;2022/2023;1;96.875;729
5048;2022/2023;2;94.11764705882352;729
5049;2022/2023;3;100.0;729
5050;2022/2023;4;100.0;729
5051;2022/2023;5;100.0;729
5052;2023/2024;1;86.95652173913044;729
5053;2023/2024;2;96.7741935483871;729
5054;2023/2024;3;100.0;729
5055;2023/2024;4;100.0;729
5056;2023/2024;5;93.33333333333333;729
5057;2024/2025;1;92.3076923076923;729
5058;2024/2025;2;94.44444444444444;729
5059;2024/2025;3;93.33333333333333;729
5060;2024/2025;4;96.7741935483871;729
5061;2024/2025;5;100.0;729
5062;2022/2023;1;100.0;733
5063;2022/2023;2;100.0;733
5064;2022/2023;3;100.0;733
5065;2022/2023;4;100.0;733
5066;2022/2023;5;100.0;733
5067;2023/2024;1;100.0;733
5068;2023/2024;2;100.0;733
5069;2023/2024;3;100.0;733
5070;2023/2024;4;100.0;733
5071;2023/2024;5;100.0;733
5072;2024/2025;1;100.0;733
5073;2024/2025;2;100.0;733
5074;2024/2025;3;96.15384615384616;733
5075;2024/2025;4;100.0;733
5076;2024/2025;5;100.0;733
5077;2022/2023;1;83.33333333333334;731
5078;2022/2023;2;100.0;731
5079;2022/2023;3;100.0;731
5080;2022/2023;4;100.0;731
5081;2022/2023;5;100.0;731
5082;2023/2024;1;87.5;731
5083;2023/2024;2;100.0;731
5084;2023/2024;3;100.0;731
5085;2023/2024;4;100.0;731
5086;2023/2024;5;100.0;731
5087;2024/2025;1;100.0;731
5088;2024/2025;2;100.0;731
5089;2024/2025;3;100.0;731
5090;2024/2025;4;100.0;731
5091;2024/2025;5;100.0;731
5092;2022/2023;1;100.0;734
5093;2022/2023;2;100.0;734
5094;2022/2023;3;100.0;734
5095;2022/2023;4;100.0;734
5096;2022/2023;5;100.0;734
5097;2023/2024;1;100.0;734
5098;2023/2024;2;100.0;734
5099;2023/2024;3;100.0;734
5100;2023/2024;4;100.0;734
5101;2023/2024;5;100.0;734
5102;2024/2025;1;100.0;734
5103;2024/2025;2;100.0;734
5104;2024/2025;3;100.0;734
5105;2024/2025;4;100.0;734
5106;2024/2025;5;100.0;734
5107;2022/2023;1;96.0;736
5108;2022/2023;2;100.0;736
5109;2022/2023;3;100.0;736
5110;2023/2024;1;100.0;736
5111;2023/2024;2;100.0;736
5112;2023/2024;3;100.0;736
5113;2024/2025;1;100.0;736
5114;2024/2025;2;96.42857142857143;736
5115;2024/2025;3;100.0;736
5116;2022/2023;1;100.0;732
5117;2022/2023;2;100.0;732
5118;2022/2023;3;100.0;732
5119;2022/2023;4;100.0;732
5120;2022/2023;5;100.0;732
5121;2023/2024;1;100.0;732
5122;2023/2024;2;100.0;732
5123;2023/2024;3;100.0;732
5124;2023/2024;4;100.0;732
5125;2023/2024;5;100.0;732
5126;2024/2025;1;100.0;732
5127;2024/2025;2;100.0;732
5128;2024/2025;3;100.0;732
5129;2024/2025;4;100.0;732
5130;2024/2025;5;100.0;732
5131;2022/2023;1;100.0;737
5132;2022/2023;2;100.0;737
5133;2022/2023;3;97.95918367346938;737
5134;2023/2024;1;100.0;737
5135;2023/2024;2;100.0;737
5136;2023/2024;3;100.0;737
5137;2024/2025;1;100.0;737
5138;2024/2025;2;100.0;737
5139;2024/2025;3;97.5;737
5140;2022/2023;1;100.0;735
5141;2022/2023;2;96.66666666666667;735
5142;2022/2023;3;100.0;735
5143;2023/2024;1;100.0;735
5144;2023/2024;2;100.0;735
5145;2023/2024;3;100.0;735
5146;2024/2025;1;100.0;735
5147;2024/2025;2;100.0;735
5148;2024/2025;3;100.0;735
5149;2022/2023;1;86.66666666666667;35
5150;2022/2023;2;0.0;35
5151;2022/2023;3;0.0;35
5152;2023/2024;1;100.0;35
5153;2023/2024;2;93.33333333333333;35
5154;2023/2024;3;0.0;35
5155;2024/2025;1;100.0;35
5156;2024/2025;2;100.0;35
5157;2024/2025;3;100.0;35
5158;2022/2023;1;94.11764705882352;557
5159;2022/2023;2;90.9090909090909;557
5160;2022/2023;3;100.0;557
5161;2022/2023;4;100.0;557
5162;2022/2023;5;100.0;557
5163;2023/2024;1;100.0;557
5164;2023/2024;2;100.0;557
5165;2023/2024;3;100.0;557
5166;2023/2024;4;100.0;557
5167;2023/2024;5;100.0;557
5168;2024/2025;1;100.0;557
5169;2024/2025;2;100.0;557
5170;2024/2025;3;100.0;557
5171;2024/2025;4;100.0;557
5172;2024/2025;5;100.0;557
5173;2022/2023;1;100.0;560
5174;2022/2023;2;82.6086956521739;560
5175;2022/2023;3;92.3076923076923;560
5176;2022/2023;4;100.0;560
5177;2022/2023;5;90.9090909090909;560
5178;2023/2024;1;92.3076923076923;560
5179;2023/2024;2;92.3076923076923;560
5180;2023/2024;3;100.0;560
5181;2023/2024;4;100.0;560
5182;2023/2024;5;100.0;560
5183;2024/2025;1;85.71428571428571;560
5184;2024/2025;2;100.0;560
5185;2024/2025;3;90.9090909090909;560
5186;2024/2025;4;100.0;560
5187;2024/2025;5;100.0;560
5188;2022/2023;1;96.7741935483871;563
5189;2022/2023;2;90.625;563
5190;2022/2023;3;93.75;563
5191;2022/2023;4;88.88888888888889;563
5192;2022/2023;5;100.0;563
5193;2023/2024;1;96.15384615384616;563
5194;2023/2024;2;93.10344827586206;563
5195;2023/2024;3;96.29629629629629;563
5196;2023/2024;4;93.75;563
5197;2023/2024;5;100.0;563
5198;2024/2025;1;97.05882352941177;563
5199;2024/2025;2;96.0;563
5200;2024/2025;3;88.88888888888889;563
5201;2024/2025;4;100.0;563
5202;2024/2025;5;90.32258064516128;563
5203;2022/2023;1;93.02325581395348;562
5204;2022/2023;2;97.61904761904762;562
5205;2022/2023;3;98.0392156862745;562
5206;2022/2023;4;96.66666666666667;562
5207;2022/2023;5;97.87234042553192;562
5208;2023/2024;1;97.5;562
5209;2023/2024;2;100.0;562
5210;2023/2024;3;97.5;562
5211;2023/2024;4;94.23076923076923;562
5212;2023/2024;5;96.55172413793103;562
5213;2024/2025;1;100.0;562
5214;2024/2025;2;100.0;562
5215;2024/2025;3;97.14285714285714;562
5216;2024/2025;4;97.14285714285714;562
5217;2024/2025;5;97.91666666666666;562
5218;2022/2023;1;94.5945945945946;561
5219;2022/2023;2;96.875;561
5220;2022/2023;3;96.7741935483871;561
5221;2022/2023;4;100.0;561
5222;2022/2023;5;100.0;561
5223;2023/2024;1;97.87234042553192;561
5224;2023/2024;2;100.0;561
5225;2023/2024;3;100.0;561
5226;2023/2024;4;100.0;561
5227;2023/2024;5;96.42857142857143;561
5228;2024/2025;1;90.625;561
5229;2024/2025;2;95.65217391304348;561
5230;2024/2025;3;100.0;561
5231;2024/2025;4;100.0;561
5232;2024/2025;5;100.0;561
5233;2022/2023;1;81.81818181818183;559
5234;2022/2023;2;97.43589743589743;559
5235;2022/2023;3;100.0;559
5236;2022/2023;4;96.15384615384616;559
5237;2022/2023;5;97.36842105263158;559
5238;2023/2024;1;95.0;559
5239;2023/2024;2;100.0;559
5240;2023/2024;3;95.1219512195122;559
5241;2023/2024;4;100.0;559
5242;2023/2024;5;100.0;559
5243;2024/2025;1;96.66666666666667;559
5244;2024/2025;2;97.36842105263158;559
5245;2024/2025;3;100.0;559
5246;2024/2025;4;100.0;559
5247;2024/2025;5;100.0;559
5248;2022/2023;1;95.23809523809523;392
5249;2022/2023;2;98.85057471264368;392
5250;2022/2023;3;97.84946236559139;392
5251;2023/2024;1;98.93617021276596;392
5252;2023/2024;2;100.0;392
5253;2023/2024;3;100.0;392
5254;2024/2025;1;100.0;392
5255;2024/2025;2;97.77777777777777;392
5256;2024/2025;3;98.91304347826086;392
5257;2022/2023;1;100.0;389
5258;2022/2023;2;100.0;389
5259;2022/2023;3;100.0;389
5260;2022/2023;4;100.0;389
5261;2022/2023;5;100.0;389
5262;2023/2024;1;100.0;389
5263;2023/2024;2;100.0;389
5264;2023/2024;3;100.0;389
5265;2023/2024;4;100.0;389
5266;2023/2024;5;100.0;389
5267;2024/2025;1;100.0;389
5268;2024/2025;2;100.0;389
5269;2024/2025;3;100.0;389
5270;2024/2025;4;98.07692307692307;389
5271;2024/2025;5;100.0;389
5272;2022/2023;1;100.0;390
5273;2022/2023;2;100.0;390
5274;2022/2023;3;100.0;390
5275;2022/2023;4;100.0;390
5276;2022/2023;5;100.0;390
5277;2023/2024;1;100.0;390
5278;2023/2024;2;100.0;390
5279;2023/2024;3;100.0;390
5280;2023/2024;4;100.0;390
5281;2023/2024;5;100.0;390
5282;2024/2025;1;100.0;390
5283;2024/2025;2;100.0;390
5284;2024/2025;3;100.0;390
5285;2024/2025;4;100.0;390
5286;2024/2025;5;100.0;390
5287;2022/2023;1;100.0;210
5288;2022/2023;2;100.0;210
5289;2022/2023;3;100.0;210
5290;2022/2023;4;100.0;210
5291;2022/2023;5;100.0;210
5292;2023/2024;1;100.0;210
5293;2023/2024;2;95.45454545454545;210
5294;2023/2024;3;100.0;210
5295;2023/2024;4;100.0;210
5296;2023/2024;5;100.0;210
5297;2024/2025;1;100.0;210
5298;2024/2025;2;100.0;210
5299;2024/2025;3;100.0;210
5300;2024/2025;4;100.0;210
5301;2024/2025;5;100.0;210
5302;2022/2023;1;100.0;212
5303;2022/2023;2;100.0;212
5304;2022/2023;3;100.0;212
5305;2023/2024;1;100.0;212
5306;2023/2024;2;100.0;212
5307;2023/2024;3;100.0;212
5308;2024/2025;1;100.0;212
5309;2024/2025;2;95.0;212
5310;2024/2025;3;94.73684210526315;212
5311;2022/2023;1;100.0;209
5312;2022/2023;2;100.0;209
5313;2022/2023;3;100.0;209
5314;2022/2023;4;100.0;209
5315;2022/2023;5;100.0;209
5316;2023/2024;1;100.0;209
5317;2023/2024;2;100.0;209
5318;2023/2024;3;100.0;209
5319;2023/2024;4;100.0;209
5320;2023/2024;5;100.0;209
5321;2024/2025;1;100.0;209
5322;2024/2025;2;100.0;209
5323;2024/2025;3;100.0;209
5324;2024/2025;4;100.0;209
5325;2024/2025;5;100.0;209
5326;2022/2023;1;100.0;211
5327;2022/2023;2;100.0;211
5328;2022/2023;3;100.0;211
5329;2023/2024;1;98.14814814814815;211
5330;2023/2024;2;100.0;211
5331;2023/2024;3;98.57142857142858;211
5332;2024/2025;1;98.33333333333333;211
5333;2024/2025;2;100.0;211
5334;2024/2025;3;98.63013698630137;211
5335;2022/2023;1;96.96969696969697;32
5336;2022/2023;2;92.06349206349206;32
5337;2022/2023;3;84.12698412698413;32
5338;2022/2023;4;92.98245614035088;32
5339;2023/2024;1;98.21428571428571;32
5340;2023/2024;2;97.01492537313433;32
5341;2023/2024;3;84.61538461538461;32
5342;2023/2024;4;84.31372549019608;32
5343;2024/2025;1;96.82539682539682;32
5344;2024/2025;2;96.66666666666667;32
5345;2024/2025;3;74.64788732394366;32
5346;2024/2025;4;92.5925925925926;32
5347;2022/2023;1;0.0;31
5348;2022/2023;2;0.0;31
5349;2022/2023;3;0.0;31
5350;2022/2023;4;0.0;31
5351;2022/2023;5;0.0;31
5352;2023/2024;1;0.0;31
5353;2023/2024;2;0.0;31
5354;2023/2024;3;0.0;31
5355;2023/2024;4;0.0;31
5356;2023/2024;5;0.0;31
5357;2024/2025;1;0.0;31
5358;2024/2025;2;0.0;31
5359;2024/2025;3;0.0;31
5360;2024/2025;4;0.0;31
5361;2024/2025;5;88.23529411764706;31
5362;2022/2023;1;0.0;23
5363;2022/2023;2;0.0;23
5364;2022/2023;3;0.0;23
5365;2022/2023;4;0.0;23
5366;2022/2023;5;0.0;23
5367;2023/2024;1;0.0;23
5368;2023/2024;2;0.0;23
5369;2023/2024;3;0.0;23
5370;2023/2024;4;0.0;23
5371;2023/2024;5;0.0;23
5372;2024/2025;1;0.0;23
5373;2024/2025;2;0.0;23
5374;2024/2025;3;0.0;23
5375;2024/2025;4;0.0;23
5376;2024/2025;5;71.875;23
5377;2022/2023;1;78.35051546391753;24
5378;2022/2023;2;71.60493827160494;24
5379;2022/2023;3;77.02702702702703;24
5380;2022/2023;4;87.27272727272727;24
5381;2023/2024;1;69.76744186046511;24
5382;2023/2024;2;80.41237113402062;24
5383;2023/2024;3;74.28571428571429;24
5384;2023/2024;4;80.48780487804879;24
5385;2024/2025;1;74.0;24
5386;2024/2025;2;87.67123287671232;24
5387;2024/2025;3;87.5;24
5388;2024/2025;4;92.5;24
5389;2022/2023;1;74.13793103448276;21
5390;2022/2023;2;91.48936170212765;21
5391;2022/2023;3;95.91836734693877;21
5392;2022/2023;4;100.0;21
5393;2023/2024;1;62.857142857142854;21
5394;2023/2024;2;97.67441860465115;21
5395;2023/2024;3;100.0;21
5396;2023/2024;4;97.05882352941177;21
5397;2024/2025;1;85.41666666666666;21
5398;2024/2025;2;96.0;21
5399;2024/2025;3;92.3076923076923;21
5400;2024/2025;4;100.0;21
5401;2022/2023;1;0.0;19
5402;2022/2023;2;0.0;19
5403;2022/2023;3;0.0;19
5404;2022/2023;4;0.0;19
5405;2022/2023;5;0.0;19
5406;2023/2024;1;0.0;19
5407;2023/2024;2;0.0;19
5408;2023/2024;3;0.0;19
5409;2023/2024;4;0.0;19
5410;2023/2024;5;0.0;19
5411;2024/2025;1;0.0;19
5412;2024/2025;2;0.0;19
5413;2024/2025;3;0.0;19
5414;2024/2025;4;0.0;19
5415;2024/2025;5;86.66666666666667;19
5416;2022/2023;1;0.0;20
5417;2022/2023;2;0.0;20
5418;2022/2023;3;0.0;20
5419;2022/2023;4;0.0;20
5420;2022/2023;5;0.0;20
5421;2023/2024;1;0.0;20
5422;2023/2024;2;0.0;20
5423;2023/2024;3;0.0;20
5424;2023/2024;4;0.0;20
5425;2023/2024;5;0.0;20
5426;2024/2025;1;0.0;20
5427;2024/2025;2;0.0;20
5428;2024/2025;3;0.0;20
5429;2024/2025;4;0.0;20
5430;2024/2025;5;94.73684210526315;20
5431;2022/2023;1;71.42857142857143;22
5432;2022/2023;2;96.0;22
5433;2022/2023;3;82.05128205128204;22
5434;2022/2023;4;87.5;22
5435;2023/2024;1;67.56756756756756;22
5436;2023/2024;2;84.61538461538461;22
5437;2023/2024;3;86.20689655172413;22
5438;2023/2024;4;96.0;22
5439;2024/2025;1;86.20689655172413;22
5440;2024/2025;2;100.0;22
5441;2024/2025;3;92.5925925925926;22
5442;2024/2025;4;100.0;22
5443;2022/2023;1;100.0;185
5444;2022/2023;2;100.0;185
5445;2022/2023;3;100.0;185
5446;2022/2023;4;100.0;185
5447;2022/2023;5;100.0;185
5448;2023/2024;1;100.0;185
5449;2023/2024;2;100.0;185
5450;2023/2024;3;100.0;185
5451;2023/2024;4;100.0;185
5452;2023/2024;5;100.0;185
5453;2024/2025;1;100.0;185
5454;2024/2025;2;100.0;185
5455;2024/2025;3;100.0;185
5456;2024/2025;4;100.0;185
5457;2024/2025;5;100.0;185
5458;2022/2023;1;100.0;183
5459;2022/2023;2;100.0;183
5460;2022/2023;3;100.0;183
5461;2022/2023;4;100.0;183
5462;2022/2023;5;100.0;183
5463;2023/2024;1;100.0;183
5464;2023/2024;2;100.0;183
5465;2023/2024;3;100.0;183
5466;2023/2024;4;100.0;183
5467;2023/2024;5;100.0;183
5468;2024/2025;1;100.0;183
5469;2024/2025;2;100.0;183
5470;2024/2025;3;100.0;183
5471;2024/2025;4;100.0;183
5472;2024/2025;5;100.0;183
5473;2022/2023;1;100.0;184
5474;2022/2023;2;100.0;184
5475;2022/2023;3;100.0;184
5476;2022/2023;4;100.0;184
5477;2022/2023;5;100.0;184
5478;2023/2024;1;100.0;184
5479;2023/2024;2;100.0;184
5480;2023/2024;3;100.0;184
5481;2023/2024;4;100.0;184
5482;2023/2024;5;100.0;184
5483;2024/2025;1;100.0;184
5484;2024/2025;2;100.0;184
5485;2024/2025;3;100.0;184
5486;2024/2025;4;100.0;184
5487;2024/2025;5;100.0;184
5488;2022/2023;1;100.0;186
5489;2022/2023;2;97.33333333333334;186
5490;2022/2023;3;97.05882352941177;186
5491;2023/2024;1;98.71794871794873;186
5492;2023/2024;2;96.61016949152543;186
5493;2023/2024;3;96.05263157894737;186
5494;2024/2025;1;95.38461538461539;186
5495;2024/2025;2;96.29629629629629;186
5496;2024/2025;3;96.55172413793103;186
5497;2022/2023;1;100.0;337
5498;2022/2023;2;100.0;337
5499;2022/2023;3;100.0;337
5500;2022/2023;4;100.0;337
5501;2022/2023;5;100.0;337
5502;2023/2024;1;93.75;337
5503;2023/2024;2;100.0;337
5504;2023/2024;3;100.0;337
5505;2023/2024;4;100.0;337
5506;2023/2024;5;100.0;337
5507;2024/2025;1;100.0;337
5508;2024/2025;2;100.0;337
5509;2024/2025;3;100.0;337
5510;2024/2025;4;100.0;337
5511;2024/2025;5;100.0;337
5512;2022/2023;1;100.0;336
5513;2022/2023;2;100.0;336
5514;2022/2023;3;100.0;336
5515;2022/2023;4;100.0;336
5516;2022/2023;5;100.0;336
5517;2023/2024;1;98.14814814814815;336
5518;2023/2024;2;100.0;336
5519;2023/2024;3;98.50746268656717;336
5520;2023/2024;4;100.0;336
5521;2023/2024;5;100.0;336
5522;2024/2025;1;100.0;336
5523;2024/2025;2;98.14814814814815;336
5524;2024/2025;3;100.0;336
5525;2024/2025;4;100.0;336
5526;2024/2025;5;98.07692307692307;336
5527;2022/2023;1;100.0;338
5528;2022/2023;2;100.0;338
5529;2022/2023;3;100.0;338
5530;2022/2023;4;100.0;338
5531;2022/2023;5;100.0;338
5532;2023/2024;1;97.36842105263158;338
5533;2023/2024;2;100.0;338
5534;2023/2024;3;100.0;338
5535;2023/2024;4;100.0;338
5536;2023/2024;5;100.0;338
5537;2024/2025;1;100.0;338
5538;2024/2025;2;100.0;338
5539;2024/2025;3;100.0;338
5540;2024/2025;4;100.0;338
5541;2024/2025;5;100.0;338
5542;2022/2023;1;100.0;409
5543;2022/2023;2;100.0;409
5544;2022/2023;3;100.0;409
5545;2022/2023;4;100.0;409
5546;2022/2023;5;100.0;409
5547;2023/2024;1;100.0;409
5548;2023/2024;2;100.0;409
5549;2023/2024;3;100.0;409
5550;2023/2024;4;100.0;409
5551;2023/2024;5;100.0;409
5552;2024/2025;1;100.0;409
5553;2024/2025;2;100.0;409
5554;2024/2025;3;100.0;409
5555;2024/2025;4;100.0;409
5556;2024/2025;5;100.0;409
5557;2022/2023;1;98.36065573770492;339
5558;2022/2023;2;99.375;339
5559;2022/2023;3;100.0;339
5560;2023/2024;1;98.02631578947368;339
5561;2023/2024;2;99.16666666666667;339
5562;2023/2024;3;99.38271604938271;339
5563;2024/2025;1;98.70967741935483;339
5564;2024/2025;2;99.32885906040269;339
5565;2024/2025;3;97.45762711864407;339
5566;2022/2023;1;100.0;410
5567;2022/2023;2;100.0;410
5568;2022/2023;3;100.0;410
5569;2022/2023;4;100.0;410
5570;2022/2023;5;100.0;410
5571;2023/2024;1;100.0;410
5572;2023/2024;2;100.0;410
5573;2023/2024;3;100.0;410
5574;2023/2024;4;100.0;410
5575;2023/2024;5;100.0;410
5576;2024/2025;1;100.0;410
5577;2024/2025;2;100.0;410
5578;2024/2025;3;100.0;410
5579;2024/2025;4;100.0;410
5580;2024/2025;5;100.0;410
5581;2022/2023;1;100.0;411
5582;2022/2023;2;100.0;411
5583;2022/2023;3;100.0;411
5584;2022/2023;4;100.0;411
5585;2022/2023;5;100.0;411
5586;2023/2024;1;100.0;411
5587;2023/2024;2;100.0;411
5588;2023/2024;3;100.0;411
5589;2023/2024;4;100.0;411
5590;2023/2024;5;100.0;411
5591;2024/2025;1;100.0;411
5592;2024/2025;2;100.0;411
5593;2024/2025;3;100.0;411
5594;2024/2025;4;100.0;411
5595;2024/2025;5;100.0;411
5596;2022/2023;1;100.0;413
5597;2022/2023;2;100.0;413
5598;2022/2023;3;100.0;413
5599;2022/2023;4;100.0;413
5600;2022/2023;5;100.0;413
5601;2023/2024;1;100.0;413
5602;2023/2024;2;100.0;413
5603;2023/2024;3;100.0;413
5604;2023/2024;4;100.0;413
5605;2023/2024;5;100.0;413
5606;2024/2025;1;100.0;413
5607;2024/2025;2;100.0;413
5608;2024/2025;3;100.0;413
5609;2024/2025;4;100.0;413
5610;2024/2025;5;100.0;413
5611;2022/2023;1;100.0;412
5612;2022/2023;2;100.0;412
5613;2022/2023;3;100.0;412
5614;2022/2023;4;100.0;412
5615;2022/2023;5;100.0;412
5616;2023/2024;1;100.0;412
5617;2023/2024;2;100.0;412
5618;2023/2024;3;100.0;412
5619;2023/2024;4;100.0;412
5620;2023/2024;5;100.0;412
5621;2024/2025;1;100.0;412
5622;2024/2025;2;100.0;412
5623;2024/2025;3;100.0;412
5624;2024/2025;4;100.0;412
5625;2024/2025;5;100.0;412
5626;2022/2023;1;100.0;415
5627;2022/2023;2;100.0;415
5628;2022/2023;3;100.0;415
5629;2022/2023;4;100.0;415
5630;2022/2023;5;100.0;415
5631;2023/2024;1;100.0;415
5632;2023/2024;2;100.0;415
5633;2023/2024;3;100.0;415
5634;2023/2024;4;100.0;415
5635;2023/2024;5;100.0;415
5636;2024/2025;1;100.0;415
5637;2024/2025;2;100.0;415
5638;2024/2025;3;100.0;415
5639;2024/2025;4;100.0;415
5640;2024/2025;5;100.0;415
5641;2022/2023;1;100.0;416
5642;2022/2023;2;97.87234042553192;416
5643;2022/2023;3;100.0;416
5644;2023/2024;1;100.0;416
5645;2023/2024;2;98.0392156862745;416
5646;2023/2024;3;100.0;416
5647;2024/2025;1;100.0;416
5648;2024/2025;2;100.0;416
5649;2024/2025;3;100.0;416
5650;2022/2023;1;100.0;414
5651;2022/2023;2;100.0;414
5652;2022/2023;3;100.0;414
5653;2022/2023;4;100.0;414
5654;2022/2023;5;100.0;414
5655;2023/2024;1;100.0;414
5656;2023/2024;2;100.0;414
5657;2023/2024;3;100.0;414
5658;2023/2024;4;100.0;414
5659;2023/2024;5;100.0;414
5660;2024/2025;1;100.0;414
5661;2024/2025;2;100.0;414
5662;2024/2025;3;100.0;414
5663;2024/2025;4;100.0;414
5664;2024/2025;5;100.0;414
5665;2022/2023;1;100.0;417
5666;2022/2023;2;100.0;417
5667;2022/2023;3;100.0;417
5668;2023/2024;1;100.0;417
5669;2023/2024;2;100.0;417
5670;2023/2024;3;100.0;417
5671;2024/2025;1;100.0;417
5672;2024/2025;2;100.0;417
5673;2024/2025;3;100.0;417
5674;2022/2023;1;97.14285714285714;418
5675;2022/2023;2;100.0;418
5676;2022/2023;3;100.0;418
5677;2023/2024;1;100.0;418
5678;2023/2024;2;100.0;418
5679;2023/2024;3;100.0;418
5680;2024/2025;1;100.0;418
5681;2024/2025;2;100.0;418
5682;2024/2025;3;100.0;418
5683;2022/2023;1;100.0;333
5684;2022/2023;2;100.0;333
5685;2022/2023;3;100.0;333
5686;2022/2023;4;100.0;333
5687;2022/2023;5;100.0;333
5688;2023/2024;1;100.0;333
5689;2023/2024;2;100.0;333
5690;2023/2024;3;100.0;333
5691;2023/2024;4;100.0;333
5692;2023/2024;5;100.0;333
5693;2024/2025;1;100.0;333
5694;2024/2025;2;100.0;333
5695;2024/2025;3;100.0;333
5696;2024/2025;4;100.0;333
5697;2024/2025;5;100.0;333
5698;2022/2023;1;100.0;332
5699;2022/2023;2;100.0;332
5700;2022/2023;3;100.0;332
5701;2022/2023;4;100.0;332
5702;2022/2023;5;100.0;332
5703;2023/2024;1;100.0;332
5704;2023/2024;2;100.0;332
5705;2023/2024;3;100.0;332
5706;2023/2024;4;100.0;332
5707;2023/2024;5;100.0;332
5708;2024/2025;1;100.0;332
5709;2024/2025;2;100.0;332
5710;2024/2025;3;100.0;332
5711;2024/2025;4;100.0;332
5712;2024/2025;5;100.0;332
5713;2022/2023;1;97.5609756097561;331
5714;2022/2023;2;100.0;331
5715;2022/2023;3;97.36842105263158;331
5716;2022/2023;4;100.0;331
5717;2022/2023;5;100.0;331
5718;2023/2024;1;100.0;331
5719;2023/2024;2;100.0;331
5720;2023/2024;3;100.0;331
5721;2023/2024;4;100.0;331
5722;2023/2024;5;100.0;331
5723;2024/2025;1;100.0;331
5724;2024/2025;2;100.0;331
5725;2024/2025;3;100.0;331
5726;2024/2025;4;100.0;331
5727;2024/2025;5;100.0;331
5728;2022/2023;1;0.0;33
5729;2022/2023;2;0.0;33
5730;2022/2023;3;0.0;33
5731;2022/2023;4;0.0;33
5732;2022/2023;5;0.0;33
5733;2023/2024;1;0.0;33
5734;2023/2024;2;0.0;33
5735;2023/2024;3;0.0;33
5736;2023/2024;4;0.0;33
5737;2023/2024;5;0.0;33
5738;2024/2025;1;0.0;33
5739;2024/2025;2;0.0;33
5740;2024/2025;3;0.0;33
5741;2024/2025;4;0.0;33
5742;2024/2025;5;94.44444444444444;33
5743;2022/2023;1;100.0;334
5744;2022/2023;2;95.23809523809523;334
5745;2022/2023;3;100.0;334
5746;2023/2024;1;100.0;334
5747;2023/2024;2;94.11764705882352;334
5748;2023/2024;3;100.0;334
5749;2024/2025;1;100.0;334
5750;2024/2025;2;100.0;334
5751;2024/2025;3;100.0;334
5752;2022/2023;1;98.11320754716981;335
5753;2022/2023;2;100.0;335
5754;2022/2023;3;98.07692307692307;335
5755;2023/2024;1;98.11320754716981;335
5756;2023/2024;2;100.0;335
5757;2023/2024;3;100.0;335
5758;2024/2025;1;100.0;335
5759;2024/2025;2;100.0;335
5760;2024/2025;3;100.0;335
5761;2022/2023;1;85.71428571428571;34
5762;2022/2023;2;78.18181818181819;34
5763;2022/2023;3;95.23809523809523;34
5764;2022/2023;4;100.0;34
5765;2023/2024;1;75.60975609756098;34
5766;2023/2024;2;86.36363636363636;34
5767;2023/2024;3;80.76923076923077;34
5768;2023/2024;4;100.0;34
5769;2024/2025;1;83.78378378378379;34
5770;2024/2025;2;78.94736842105263;34
5771;2024/2025;3;73.17073170731707;34
5772;2024/2025;4;93.33333333333333;34
5773;2022/2023;1;100.0;740
5774;2022/2023;2;100.0;740
5775;2022/2023;3;90.9090909090909;740
5776;2022/2023;4;100.0;740
5777;2022/2023;5;100.0;740
5778;2023/2024;1;95.45454545454545;740
5779;2023/2024;2;90.9090909090909;740
5780;2023/2024;3;78.26086956521739;740
5781;2023/2024;4;95.0;740
5782;2023/2024;5;100.0;740
5783;2024/2025;1;100.0;740
5784;2024/2025;2;82.6086956521739;740
5785;2024/2025;3;91.66666666666666;740
5786;2024/2025;4;100.0;740
5787;2024/2025;5;100.0;740
5788;2022/2023;1;100.0;741
5789;2022/2023;2;80.0;741
5790;2022/2023;3;95.83333333333334;741
5791;2022/2023;4;100.0;741
5792;2022/2023;5;100.0;741
5793;2023/2024;1;95.45454545454545;741
5794;2023/2024;2;100.0;741
5795;2023/2024;3;100.0;741
5796;2023/2024;4;95.83333333333334;741
5797;2023/2024;5;97.43589743589743;741
5798;2024/2025;1;100.0;741
5799;2024/2025;2;94.73684210526315;741
5800;2024/2025;3;100.0;741
5801;2024/2025;4;100.0;741
5802;2024/2025;5;97.5;741
5803;2022/2023;1;100.0;743
5804;2022/2023;2;100.0;743
5805;2022/2023;3;100.0;743
5806;2022/2023;4;100.0;743
5807;2023/2024;1;95.83333333333334;743
5808;2023/2024;2;100.0;743
5809;2023/2024;3;100.0;743
5810;2023/2024;4;94.73684210526315;743
5811;2024/2025;1;95.83333333333334;743
5812;2024/2025;2;95.23809523809523;743
5813;2024/2025;3;100.0;743
5814;2024/2025;4;95.23809523809523;743
5815;2022/2023;1;100.0;742
5816;2022/2023;2;100.0;742
5817;2022/2023;3;91.30434782608695;742
5818;2022/2023;4;100.0;742
5819;2022/2023;5;100.0;742
5820;2023/2024;1;100.0;742
5821;2023/2024;2;100.0;742
5822;2023/2024;3;91.66666666666666;742
5823;2023/2024;4;95.23809523809523;742
5824;2023/2024;5;95.23809523809523;742
5825;2024/2025;1;100.0;742
5826;2024/2025;2;86.36363636363636;742
5827;2024/2025;3;87.5;742
5828;2024/2025;4;95.83333333333334;742
5829;2024/2025;5;100.0;742
5830;2022/2023;1;98.07692307692307;320
5831;2022/2023;2;100.0;320
5832;2022/2023;3;100.0;320
5833;2022/2023;4;100.0;320
5834;2022/2023;5;100.0;320
5835;2023/2024;1;100.0;320
5836;2023/2024;2;100.0;320
5837;2023/2024;3;100.0;320
5838;2023/2024;4;100.0;320
5839;2023/2024;5;100.0;320
5840;2024/2025;1;100.0;320
5841;2024/2025;2;100.0;320
5842;2024/2025;3;100.0;320
5843;2024/2025;4;100.0;320
5844;2024/2025;5;100.0;320
5845;2022/2023;1;0.0;7
5846;2022/2023;2;0.0;7
5847;2022/2023;3;0.0;7
5848;2022/2023;4;0.0;7
5849;2022/2023;5;0.0;7
5850;2023/2024;1;0.0;7
5851;2023/2024;2;0.0;7
5852;2023/2024;3;0.0;7
5853;2023/2024;4;0.0;7
5854;2023/2024;5;0.0;7
5855;2024/2025;1;0.0;7
5856;2024/2025;2;0.0;7
5857;2024/2025;3;0.0;7
5858;2024/2025;4;0.0;7
5859;2024/2025;5;58.333333333333336;7
5860;2022/2023;1;100.0;324
5861;2022/2023;2;100.0;324
5862;2022/2023;3;100.0;324
5863;2022/2023;4;100.0;324
5864;2022/2023;5;100.0;324
5865;2023/2024;1;100.0;324
5866;2023/2024;2;100.0;324
5867;2023/2024;3;100.0;324
5868;2023/2024;4;100.0;324
5869;2023/2024;5;100.0;324
5870;2024/2025;1;100.0;324
5871;2024/2025;2;100.0;324
5872;2024/2025;3;100.0;324
5873;2024/2025;4;100.0;324
5874;2024/2025;5;100.0;324
5875;2022/2023;1;100.0;321
5876;2022/2023;2;100.0;321
5877;2022/2023;3;100.0;321
5878;2022/2023;4;100.0;321
5879;2022/2023;5;100.0;321
5880;2023/2024;1;100.0;321
5881;2023/2024;2;100.0;321
5882;2023/2024;3;100.0;321
5883;2023/2024;4;100.0;321
5884;2023/2024;5;100.0;321
5885;2024/2025;1;100.0;321
5886;2024/2025;2;100.0;321
5887;2024/2025;3;100.0;321
5888;2024/2025;4;100.0;321
5889;2024/2025;5;100.0;321
5890;2022/2023;1;96.55172413793103;325
5891;2022/2023;2;97.5609756097561;325
5892;2022/2023;3;99.21875;325
5893;2023/2024;1;95.09803921568627;325
5894;2023/2024;2;100.0;325
5895;2023/2024;3;100.0;325
5896;2024/2025;1;99.01960784313727;325
5897;2024/2025;2;98.01980198019803;325
5898;2024/2025;3;100.0;325
5899;2022/2023;1;100.0;322
5900;2022/2023;2;100.0;322
5901;2022/2023;3;100.0;322
5902;2022/2023;4;100.0;322
5903;2022/2023;5;100.0;322
5904;2023/2024;1;100.0;322
5905;2023/2024;2;100.0;322
5906;2023/2024;3;100.0;322
5907;2023/2024;4;100.0;322
5908;2023/2024;5;100.0;322
5909;2024/2025;1;100.0;322
5910;2024/2025;2;100.0;322
5911;2024/2025;3;100.0;322
5912;2024/2025;4;100.0;322
5913;2024/2025;5;100.0;322
5914;2022/2023;1;70.83333333333334;8
5915;2022/2023;2;80.85106382978722;8
5916;2022/2023;3;78.26086956521739;8
5917;2022/2023;4;88.88888888888889;8
5918;2023/2024;1;80.64516129032258;8
5919;2023/2024;2;77.27272727272727;8
5920;2023/2024;3;71.42857142857143;8
5921;2023/2024;4;95.0;8
5922;2024/2025;1;71.15384615384616;8
5923;2024/2025;2;87.3015873015873;8
5924;2024/2025;3;72.5;8
5925;2024/2025;4;83.33333333333334;8
5926;2022/2023;1;100.0;323
5927;2022/2023;2;100.0;323
5928;2022/2023;3;100.0;323
5929;2022/2023;4;100.0;323
5930;2022/2023;5;100.0;323
5931;2023/2024;1;100.0;323
5932;2023/2024;2;100.0;323
5933;2023/2024;3;100.0;323
5934;2023/2024;4;100.0;323
5935;2023/2024;5;100.0;323
5936;2024/2025;1;100.0;323
5937;2024/2025;2;100.0;323
5938;2024/2025;3;100.0;323
5939;2024/2025;4;100.0;323
5940;2024/2025;5;100.0;323
5941;2022/2023;1;78.2258064516129;536
5942;2022/2023;2;93.6842105263158;536
5943;2022/2023;3;88.50574712643679;536
5944;2022/2023;4;95.3125;536
5945;2022/2023;5;98.29545454545455;536
5946;2023/2024;1;86.70212765957447;536
5947;2023/2024;2;90.72164948453609;536
5948;2023/2024;3;87.5;536
5949;2023/2024;4;91.19496855345912;536
5950;2023/2024;5;97.2972972972973;536
5951;2024/2025;1;89.55223880597015;536
5952;2024/2025;2;95.625;536
5953;2024/2025;3;81.46067415730337;536
5954;2024/2025;4;93.86503067484662;536
5955;2024/2025;5;95.27027027027027;536
5956;2022/2023;1;0.0;537
5957;2022/2023;2;0.0;537
5958;2022/2023;3;0.0;537
5959;2022/2023;4;60.86956521739131;537
5960;2022/2023;5;61.111111111111114;537
5961;2023/2024;1;0.0;537
5962;2023/2024;2;0.0;537
5963;2023/2024;3;0.0;537
5964;2023/2024;4;75.0;537
5965;2023/2024;5;62.5;537
5966;2024/2025;1;0.0;537
5967;2024/2025;2;0.0;537
5968;2024/2025;3;23.076923076923077;537
5969;2024/2025;4;15.384615384615385;537
5970;2024/2025;5;50.0;537
5971;2022/2023;1;92.15686274509804;565
5972;2022/2023;2;93.18181818181817;565
5973;2022/2023;3;88.88888888888889;565
5974;2022/2023;4;94.23076923076923;565
5975;2022/2023;5;97.77777777777777;565
5976;2023/2024;1;98.07692307692307;565
5977;2023/2024;2;93.75;565
5978;2023/2024;3;91.83673469387756;565
5979;2023/2024;4;98.33333333333333;565
5980;2023/2024;5;100.0;565
5981;2024/2025;1;94.23076923076923;565
5982;2024/2025;2;100.0;565
5983;2024/2025;3;100.0;565
5984;2024/2025;4;100.0;565
5985;2024/2025;5;96.49122807017544;565
5986;2022/2023;1;89.65517241379311;564
5987;2022/2023;2;94.73684210526315;564
5988;2022/2023;3;94.52054794520548;564
5989;2022/2023;4;96.51162790697676;564
5990;2022/2023;5;100.0;564
5991;2023/2024;1;90.54054054054053;564
5992;2023/2024;2;97.46835443037975;564
5993;2023/2024;3;100.0;564
5994;2023/2024;4;95.83333333333334;564
5995;2023/2024;5;100.0;564
5996;2024/2025;1;92.22222222222223;564
5997;2024/2025;2;88.57142857142857;564
5998;2024/2025;3;96.20253164556962;564
5999;2024/2025;4;98.66666666666667;564
6000;2024/2025;5;98.52941176470588;564
6001;2022/2023;1;100.0;576
6002;2022/2023;2;100.0;576
6003;2022/2023;3;91.66666666666666;576
6004;2022/2023;4;100.0;576
6005;2023/2024;1;97.61904761904762;576
6006;2023/2024;2;97.36842105263158;576
6007;2023/2024;3;96.96969696969697;576
6008;2023/2024;4;95.83333333333334;576
6009;2024/2025;1;100.0;576
6010;2024/2025;2;95.1219512195122;576
6011;2024/2025;3;94.44444444444444;576
6012;2024/2025;4;100.0;576
6013;2022/2023;1;0.0;575
6014;2022/2023;2;0.0;575
6015;2022/2023;3;0.0;575
6016;2022/2023;4;0.0;575
6017;2022/2023;5;0.0;575
6018;2023/2024;1;0.0;575
6019;2023/2024;2;0.0;575
6020;2023/2024;3;0.0;575
6021;2023/2024;4;0.0;575
6022;2023/2024;5;0.0;575
6023;2024/2025;1;0.0;575
6024;2024/2025;2;0.0;575
6025;2024/2025;3;0.0;575
6026;2024/2025;4;0.0;575
6027;2024/2025;5;97.14285714285714;575
6028;2022/2023;1;89.0909090909091;577
6029;2022/2023;2;92.80000000000001;577
6030;2022/2023;3;89.76377952755905;577
6031;2022/2023;4;89.0;577
6032;2023/2024;1;83.16831683168317;577
6033;2023/2024;2;80.99173553719008;577
6034;2023/2024;3;90.76923076923077;577
6035;2023/2024;4;88.88888888888889;577
6036;2024/2025;1;87.73584905660378;577
6037;2024/2025;2;87.82608695652175;577
6038;2024/2025;3;93.10344827586206;577
6039;2024/2025;4;82.0;577
6040;2022/2023;1;0.0;578
6041;2022/2023;2;58.333333333333336;578
6042;2022/2023;3;70.0;578
6043;2023/2024;1;0.0;578
6044;2023/2024;2;15.789473684210526;578
6045;2023/2024;3;68.75;578
6046;2024/2025;1;0.0;578
6047;2024/2025;2;35.714285714285715;578
6048;2024/2025;3;50.0;578
6049;2022/2023;1;96.07843137254902;350
6050;2022/2023;2;98.46153846153847;350
6051;2022/2023;3;100.0;350
6052;2022/2023;4;98.4375;350
6053;2022/2023;5;100.0;350
6054;2023/2024;1;97.87234042553192;350
6055;2023/2024;2;100.0;350
6056;2023/2024;3;100.0;350
6057;2023/2024;4;100.0;350
6058;2023/2024;5;100.0;350
6059;2024/2025;1;100.0;350
6060;2024/2025;2;100.0;350
6061;2024/2025;3;100.0;350
6062;2024/2025;4;100.0;350
6063;2024/2025;5;98.48484848484848;350
6064;2022/2023;1;93.33333333333333;349
6065;2022/2023;2;100.0;349
6066;2022/2023;3;100.0;349
6067;2022/2023;4;100.0;349
6068;2022/2023;5;100.0;349
6069;2023/2024;1;100.0;349
6070;2023/2024;2;100.0;349
6071;2023/2024;3;100.0;349
6072;2023/2024;4;100.0;349
6073;2023/2024;5;100.0;349
6074;2024/2025;1;100.0;349
6075;2024/2025;2;100.0;349
6076;2024/2025;3;100.0;349
6077;2024/2025;4;100.0;349
6078;2024/2025;5;100.0;349
6079;2022/2023;1;100.0;351
6080;2022/2023;2;99.0909090909091;351
6081;2022/2023;3;99.09909909909909;351
6082;2023/2024;1;100.0;351
6083;2023/2024;2;99.12280701754386;351
6084;2023/2024;3;100.0;351
6085;2024/2025;1;98.1651376146789;351
6086;2024/2025;2;99.13793103448276;351
6087;2024/2025;3;100.0;351
6088;2022/2023;1;100.0;303
6089;2022/2023;2;100.0;303
6090;2022/2023;3;98.30508474576271;303
6091;2022/2023;4;100.0;303
6092;2022/2023;5;98.38709677419355;303
6093;2023/2024;1;100.0;303
6094;2023/2024;2;100.0;303
6095;2023/2024;3;100.0;303
6096;2023/2024;4;100.0;303
6097;2023/2024;5;100.0;303
6098;2024/2025;1;100.0;303
6099;2024/2025;2;100.0;303
6100;2024/2025;3;100.0;303
6101;2024/2025;4;100.0;303
6102;2024/2025;5;100.0;303
6103;2022/2023;1;100.0;305
6104;2022/2023;2;100.0;305
6105;2022/2023;3;100.0;305
6106;2022/2023;4;100.0;305
6107;2022/2023;5;93.75;305
6108;2023/2024;1;100.0;305
6109;2023/2024;2;100.0;305
6110;2023/2024;3;100.0;305
6111;2023/2024;4;100.0;305
6112;2023/2024;5;100.0;305
6113;2024/2025;1;100.0;305
6114;2024/2025;2;100.0;305
6115;2024/2025;3;100.0;305
6116;2024/2025;4;100.0;305
6117;2024/2025;5;100.0;305
6118;2022/2023;1;93.04347826086956;307
6119;2022/2023;2;99.16666666666667;307
6120;2022/2023;3;99.14529914529915;307
6121;2023/2024;1;97.82608695652173;307
6122;2023/2024;2;99.09909909909909;307
6123;2023/2024;3;99.16666666666667;307
6124;2024/2025;1;99.12280701754386;307
6125;2024/2025;2;100.0;307
6126;2024/2025;3;99.09909909909909;307
6127;2022/2023;1;100.0;304
6128;2022/2023;2;100.0;304
6129;2022/2023;3;100.0;304
6130;2022/2023;4;100.0;304
6131;2022/2023;5;100.0;304
6132;2023/2024;1;100.0;304
6133;2023/2024;2;100.0;304
6134;2023/2024;3;100.0;304
6135;2023/2024;4;100.0;304
6136;2023/2024;5;100.0;304
6137;2024/2025;1;100.0;304
6138;2024/2025;2;100.0;304
6139;2024/2025;3;100.0;304
6140;2024/2025;4;100.0;304
6141;2024/2025;5;100.0;304
6142;2022/2023;1;0.0;446
6143;2022/2023;2;37.5;446
6144;2022/2023;3;71.42857142857143;446
6145;2023/2024;1;0.0;446
6146;2023/2024;2;54.54545454545454;446
6147;2023/2024;3;64.70588235294117;446
6148;2024/2025;1;0.0;446
6149;2024/2025;2;42.857142857142854;446
6150;2024/2025;3;86.36363636363636;446
6151;2022/2023;1;100.0;306
6152;2022/2023;2;100.0;306
6153;2022/2023;3;100.0;306
6154;2022/2023;4;100.0;306
6155;2022/2023;5;100.0;306
6156;2023/2024;1;100.0;306
6157;2023/2024;2;100.0;306
6158;2023/2024;3;100.0;306
6159;2023/2024;4;100.0;306
6160;2023/2024;5;100.0;306
6161;2024/2025;1;100.0;306
6162;2024/2025;2;100.0;306
6163;2024/2025;3;100.0;306
6164;2024/2025;4;100.0;306
6165;2024/2025;5;100.0;306
6166;2022/2023;1;56.25;444
6167;2022/2023;2;73.33333333333333;444
6168;2022/2023;3;0.0;444
6169;2023/2024;1;72.22222222222221;444
6170;2023/2024;2;58.82352941176471;444
6171;2023/2024;3;88.23529411764706;444
6172;2024/2025;1;0.0;444
6173;2024/2025;2;100.0;444
6174;2024/2025;3;100.0;444
6175;2022/2023;1;0.0;443
6176;2022/2023;2;0.0;443
6177;2022/2023;3;0.0;443
6178;2022/2023;4;0.0;443
6179;2022/2023;5;0.0;443
6180;2023/2024;1;0.0;443
6181;2023/2024;2;0.0;443
6182;2023/2024;3;0.0;443
6183;2023/2024;4;0.0;443
6184;2023/2024;5;0.0;443
6185;2024/2025;1;0.0;443
6186;2024/2025;2;0.0;443
6187;2024/2025;3;0.0;443
6188;2024/2025;4;0.0;443
6189;2024/2025;5;100.0;443
6190;2022/2023;1;45.33333333333333;445
6191;2022/2023;2;53.57142857142857;445
6192;2022/2023;3;82.25806451612904;445
6193;2022/2023;4;90.625;445
6194;2023/2024;1;48.78048780487805;445
6195;2023/2024;2;85.1063829787234;445
6196;2023/2024;3;65.51724137931035;445
6197;2023/2024;4;87.09677419354838;445
6198;2024/2025;1;69.79166666666666;445
6199;2024/2025;2;81.03448275862068;445
6200;2024/2025;3;89.13043478260869;445
6201;2024/2025;4;66.66666666666666;445
6202;2022/2023;1;100.0;216
6203;2022/2023;2;100.0;216
6204;2022/2023;3;100.0;216
6205;2022/2023;4;100.0;216
6206;2022/2023;5;100.0;216
6207;2023/2024;1;100.0;216
6208;2023/2024;2;100.0;216
6209;2023/2024;3;100.0;216
6210;2023/2024;4;100.0;216
6211;2023/2024;5;100.0;216
6212;2024/2025;1;100.0;216
6213;2024/2025;2;100.0;216
6214;2024/2025;3;100.0;216
6215;2024/2025;4;100.0;216
6216;2024/2025;5;100.0;216
6217;2022/2023;1;100.0;215
6218;2022/2023;2;100.0;215
6219;2022/2023;3;100.0;215
6220;2022/2023;4;100.0;215
6221;2022/2023;5;100.0;215
6222;2023/2024;1;100.0;215
6223;2023/2024;2;100.0;215
6224;2023/2024;3;100.0;215
6225;2023/2024;4;100.0;215
6226;2023/2024;5;100.0;215
6227;2024/2025;1;100.0;215
6228;2024/2025;2;100.0;215
6229;2024/2025;3;100.0;215
6230;2024/2025;4;100.0;215
6231;2024/2025;5;100.0;215
6232;2022/2023;1;100.0;218
6233;2022/2023;2;100.0;218
6234;2022/2023;3;100.0;218
6235;2022/2023;4;100.0;218
6236;2022/2023;5;100.0;218
6237;2023/2024;1;100.0;218
6238;2023/2024;2;100.0;218
6239;2023/2024;3;100.0;218
6240;2023/2024;4;100.0;218
6241;2023/2024;5;100.0;218
6242;2024/2025;1;100.0;218
6243;2024/2025;2;100.0;218
6244;2024/2025;3;100.0;218
6245;2024/2025;4;100.0;218
6246;2024/2025;5;100.0;218
6247;2022/2023;1;100.0;217
6248;2022/2023;2;100.0;217
6249;2022/2023;3;100.0;217
6250;2022/2023;4;100.0;217
6251;2022/2023;5;100.0;217
6252;2023/2024;1;100.0;217
6253;2023/2024;2;100.0;217
6254;2023/2024;3;100.0;217
6255;2023/2024;4;100.0;217
6256;2023/2024;5;75.0;217
6257;2024/2025;1;100.0;217
6258;2024/2025;2;100.0;217
6259;2024/2025;3;100.0;217
6260;2024/2025;4;100.0;217
6261;2024/2025;5;100.0;217
6262;2022/2023;1;100.0;220
6263;2022/2023;2;100.0;220
6264;2022/2023;3;100.0;220
6265;2022/2023;4;100.0;220
6266;2022/2023;5;100.0;220
6267;2023/2024;1;100.0;220
6268;2023/2024;2;100.0;220
6269;2023/2024;3;100.0;220
6270;2023/2024;4;100.0;220
6271;2023/2024;5;100.0;220
6272;2024/2025;1;100.0;220
6273;2024/2025;2;100.0;220
6274;2024/2025;3;100.0;220
6275;2024/2025;4;100.0;220
6276;2024/2025;5;100.0;220
6277;2022/2023;1;100.0;222
6278;2022/2023;2;100.0;222
6279;2022/2023;3;100.0;222
6280;2022/2023;4;100.0;222
6281;2022/2023;5;100.0;222
6282;2023/2024;1;100.0;222
6283;2023/2024;2;100.0;222
6284;2023/2024;3;100.0;222
6285;2023/2024;4;100.0;222
6286;2023/2024;5;100.0;222
6287;2024/2025;1;100.0;222
6288;2024/2025;2;100.0;222
6289;2024/2025;3;100.0;222
6290;2024/2025;4;100.0;222
6291;2024/2025;5;100.0;222
6292;2022/2023;1;100.0;219
6293;2022/2023;2;96.55172413793103;219
6294;2022/2023;3;100.0;219
6295;2022/2023;4;100.0;219
6296;2022/2023;5;100.0;219
6297;2023/2024;1;100.0;219
6298;2023/2024;2;100.0;219
6299;2023/2024;3;100.0;219
6300;2023/2024;4;100.0;219
6301;2023/2024;5;100.0;219
6302;2024/2025;1;100.0;219
6303;2024/2025;2;100.0;219
6304;2024/2025;3;100.0;219
6305;2024/2025;4;100.0;219
6306;2024/2025;5;100.0;219
6307;2022/2023;1;100.0;221
6308;2022/2023;2;100.0;221
6309;2022/2023;3;100.0;221
6310;2022/2023;4;100.0;221
6311;2022/2023;5;100.0;221
6312;2023/2024;1;100.0;221
6313;2023/2024;2;100.0;221
6314;2023/2024;3;100.0;221
6315;2023/2024;4;100.0;221
6316;2023/2024;5;100.0;221
6317;2024/2025;1;100.0;221
6318;2024/2025;2;100.0;221
6319;2024/2025;3;100.0;221
6320;2024/2025;4;100.0;221
6321;2024/2025;5;100.0;221
6322;2022/2023;1;100.0;223
6323;2022/2023;2;95.65217391304348;223
6324;2022/2023;3;99.10714285714286;223
6325;2023/2024;1;100.0;223
6326;2023/2024;2;97.9381443298969;223
6327;2023/2024;3;100.0;223
6328;2024/2025;1;100.0;223
6329;2024/2025;2;100.0;223
6330;2024/2025;3;100.0;223
