index;academic year;school year;number of students;number of classes;school
1;2025/2026;5;40;2;25
2;2024/2025;5;26;1;25
3;2025/2026;1;173;8;26
4;2025/2026;2;159;9;26
5;2025/2026;3;134;9;26
6;2025/2026;4;62;6;26
7;2024/2025;1;210;9;26
8;2024/2025;2;162;9;26
9;2024/2025;3;115;7;26
10;2024/2025;4;76;6;26
11;2023/2024;1;176;8;26
12;2023/2024;2;158;9;26
13;2023/2024;3;130;9;26
14;2023/2024;4;64;4;26
15;2023/2024;5;23;1;26
16;2025/2026;2;43;4;27
17;2025/2026;3;27;4;27
18;2025/2026;2;43;4;27
19;2025/2026;3;27;4;27
20;2024/2025;2;43;4;27
21;2024/2025;3;22;4;27
22;2024/2025;2;43;4;27
23;2024/2025;3;22;4;27
24;2023/2024;2;17;1;27
25;2023/2024;3;5;1;27
26;2023/2024;2;10;1;27
27;2023/2024;3;23;2;27
28;2023/2024;2;41;4;27
29;2023/2024;3;28;3;27
30;2025/2026;1;43;2;340
31;2025/2026;2;31;2;340
32;2025/2026;3;45;2;340
33;2025/2026;4;51;3;340
34;2025/2026;5;40;2;340
35;2024/2025;1;33;2;340
36;2024/2025;2;46;2;340
37;2024/2025;3;52;3;340
38;2024/2025;4;41;2;340
39;2024/2025;5;47;3;340
40;2023/2024;1;47;2;340
41;2023/2024;2;48;3;340
42;2023/2024;3;41;2;340
43;2023/2024;4;47;3;340
44;2023/2024;5;41;3;340
45;2025/2026;1;99;5;343
46;2025/2026;2;102;5;343
47;2025/2026;3;127;6;343
48;2024/2025;1;104;5;343
49;2024/2025;2;124;6;343
50;2024/2025;3;106;5;343
51;2023/2024;1;124;6;343
52;2023/2024;2;105;5;343
53;2023/2024;3;97;5;343
54;2025/2026;1;38;2;341
55;2025/2026;2;45;2;341
56;2025/2026;3;38;2;341
57;2025/2026;4;39;2;341
58;2025/2026;5;43;2;341
59;2024/2025;1;45;2;341
60;2024/2025;2;37;2;341
61;2024/2025;3;41;2;341
62;2024/2025;4;43;2;341
63;2024/2025;5;44;2;341
64;2023/2024;1;38;2;341
65;2023/2024;2;45;2;341
66;2023/2024;3;46;2;341
67;2023/2024;4;45;2;341
68;2023/2024;5;50;2;341
69;2025/2026;1;16;1;242
70;2025/2026;2;10;1;242
71;2025/2026;3;8;1;242
72;2025/2026;4;11;1;242
73;2025/2026;5;19;1;242
74;2024/2025;1;12;1;242
75;2024/2025;2;8;1;242
76;2024/2025;3;11;1;242
77;2024/2025;4;19;1;242
78;2024/2025;5;15;1;242
79;2023/2024;1;8;1;242
80;2023/2024;2;11;1;242
81;2023/2024;3;19;1;242
82;2023/2024;4;13;1;242
83;2023/2024;5;12;1;242
84;2025/2026;1;18;1;342
85;2025/2026;2;15;1;342
86;2025/2026;3;12;1;342
87;2025/2026;4;16;1;342
88;2025/2026;5;28;2;342
89;2024/2025;1;15;1;342
90;2024/2025;2;11;1;342
91;2024/2025;3;16;1;342
92;2024/2025;4;28;2;342
93;2024/2025;5;17;1;342
94;2023/2024;1;11;1;342
95;2023/2024;2;17;1;342
96;2023/2024;3;27;2;342
97;2023/2024;4;18;1;342
98;2023/2024;5;21;1;342
99;2025/2026;1;16;1;244
100;2025/2026;2;9;1;244
101;2025/2026;3;24;1;244
102;2025/2026;4;20;1;244
103;2025/2026;5;16;1;244
104;2024/2025;1;11;1;244
105;2024/2025;2;24;1;244
106;2024/2025;3;21;1;244
107;2024/2025;4;16;1;244
108;2024/2025;5;20;1;244
109;2023/2024;1;24;1;244
110;2023/2024;2;20;1;244
111;2023/2024;3;16;1;244
112;2023/2024;4;18;1;244
113;2023/2024;5;23;1;244
114;2025/2026;1;57;3;246
115;2025/2026;2;65;3;246
116;2025/2026;3;52;3;246
117;2024/2025;1;64;3;246
118;2024/2025;2;55;3;246
119;2024/2025;3;60;3;246
120;2023/2024;1;55;3;246
121;2023/2024;2;59;3;246
122;2023/2024;3;48;3;246
123;2025/2026;0;78;0;631
124;2024/2025;0;68;0;631
125;2023/2024;0;79;0;631
126;2025/2026;1;18;1;243
127;2025/2026;2;20;1;243
128;2025/2026;3;26;2;243
129;2025/2026;4;20;1;243
130;2025/2026;5;14;1;243
131;2024/2025;1;20;1;243
132;2024/2025;2;27;2;243
133;2024/2025;3;21;1;243
134;2024/2025;4;15;1;243
135;2024/2025;5;27;2;243
136;2023/2024;1;26;2;243
137;2023/2024;2;21;1;243
138;2023/2024;3;15;1;243
139;2023/2024;4;28;2;243
140;2023/2024;5;31;2;243
141;2025/2026;0;68;0;620
142;2024/2025;0;56;0;620
143;2023/2024;0;49;0;620
144;2025/2026;1;17;1;245
145;2025/2026;2;12;1;245
146;2025/2026;3;15;1;245
147;2025/2026;4;18;1;245
148;2025/2026;5;11;1;245
149;2024/2025;1;13;1;245
150;2024/2025;2;13;1;245
151;2024/2025;3;19;1;245
152;2024/2025;4;12;1;245
153;2024/2025;5;15;1;245
154;2023/2024;1;14;1;245
155;2023/2024;2;18;1;245
156;2023/2024;3;12;1;245
157;2023/2024;4;14;1;245
158;2023/2024;5;14;1;245
159;2025/2026;0;44;0;606
160;2024/2025;0;43;0;606
161;2023/2024;0;41;0;606
162;2025/2026;1;19;1;247
163;2025/2026;2;20;1;247
164;2025/2026;3;16;1;247
165;2024/2025;1;20;1;247
166;2024/2025;2;15;1;247
167;2024/2025;3;31;2;247
168;2023/2024;1;16;1;247
169;2023/2024;2;30;2;247
170;2023/2024;3;11;1;247
171;2025/2026;0;36;0;613
172;2024/2025;0;35;0;613
173;2023/2024;0;41;0;613
174;2025/2026;0;42;0;656
175;2024/2025;0;48;0;656
176;2023/2024;0;52;0;656
177;2025/2026;0;8;0;644
178;2024/2025;0;12;0;644
179;2023/2024;0;12;0;644
180;2025/2026;0;52;0;641
181;2024/2025;0;51;0;641
182;2023/2024;0;46;0;641
183;2025/2026;0;58;0;640
184;2024/2025;0;62;0;640
185;2023/2024;0;60;0;640
186;2025/2026;0;76;0;685
187;2024/2025;0;86;0;685
188;2023/2024;0;73;0;685
189;2025/2026;0;22;0;651
190;2024/2025;0;25;0;651
191;2023/2024;0;26;0;651
192;2025/2026;1;16;1;405
193;2025/2026;2;16;1;405
194;2025/2026;3;17;1;405
195;2025/2026;4;16;1;405
196;2025/2026;5;19;1;405
197;2024/2025;1;17;1;405
198;2024/2025;2;18;1;405
199;2024/2025;3;16;1;405
200;2024/2025;4;19;1;405
201;2024/2025;5;16;1;405
202;2023/2024;1;17;1;405
203;2023/2024;2;16;1;405
204;2023/2024;3;19;1;405
205;2023/2024;4;15;1;405
206;2023/2024;5;13;1;405
207;2025/2026;1;129;6;408
208;2025/2026;2;137;6;408
209;2025/2026;3;156;7;408
210;2024/2025;1;139;6;408
211;2024/2025;2;159;7;408
212;2024/2025;3;172;7;408
213;2023/2024;1;161;7;408
214;2023/2024;2;171;7;408
215;2023/2024;3;134;6;408
216;2025/2026;1;15;1;404
217;2025/2026;2;21;1;404
218;2025/2026;3;20;1;404
219;2025/2026;4;20;1;404
220;2025/2026;5;22;1;404
221;2024/2025;1;21;1;404
222;2024/2025;2;20;1;404
223;2024/2025;3;21;1;404
224;2024/2025;4;23;1;404
225;2024/2025;5;27;2;404
226;2023/2024;1;21;1;404
227;2023/2024;2;21;1;404
228;2023/2024;3;23;1;404
229;2023/2024;4;27;2;404
230;2023/2024;5;28;2;404
231;2025/2026;1;71;4;406
232;2025/2026;2;67;4;406
233;2025/2026;3;64;3;406
234;2025/2026;4;76;4;406
235;2025/2026;5;63;3;406
236;2024/2025;1;70;4;406
237;2024/2025;2;64;3;406
238;2024/2025;3;76;4;406
239;2024/2025;4;61;3;406
240;2024/2025;5;53;3;406
241;2023/2024;1;64;3;406
242;2023/2024;2;77;4;406
243;2023/2024;3;63;3;406
244;2023/2024;4;52;3;406
245;2023/2024;5;77;4;406
246;2025/2026;1;43;2;407
247;2025/2026;2;37;2;407
248;2025/2026;3;32;2;407
249;2025/2026;4;41;2;407
250;2025/2026;5;44;2;407
251;2024/2025;1;37;2;407
252;2024/2025;2;33;2;407
253;2024/2025;3;43;2;407
254;2024/2025;4;45;2;407
255;2024/2025;5;38;2;407
256;2023/2024;1;37;2;407
257;2023/2024;2;44;2;407
258;2023/2024;3;47;2;407
259;2023/2024;4;39;2;407
260;2023/2024;5;52;3;407
261;2025/2026;1;14;1;311
262;2025/2026;2;11;1;311
263;2025/2026;3;16;1;311
264;2025/2026;4;13;1;311
265;2025/2026;5;24;1;311
266;2024/2025;1;10;1;311
267;2024/2025;2;17;1;311
268;2024/2025;3;12;1;311
269;2024/2025;4;24;1;311
270;2024/2025;5;14;1;311
271;2023/2024;1;17;1;311
272;2023/2024;2;13;1;311
273;2023/2024;3;23;1;311
274;2023/2024;4;13;1;311
275;2023/2024;5;21;1;311
276;2025/2026;1;68;3;308
277;2025/2026;2;66;3;308
278;2025/2026;3;72;3;308
279;2025/2026;4;72;3;308
280;2025/2026;5;75;4;308
281;2024/2025;1;64;3;308
282;2024/2025;2;71;3;308
283;2024/2025;3;70;3;308
284;2024/2025;4;74;4;308
285;2024/2025;5;75;4;308
286;2023/2024;1;74;3;308
287;2023/2024;2;68;3;308
288;2023/2024;3;74;4;308
289;2023/2024;4;76;4;308
290;2023/2024;5;90;4;308
291;2025/2026;1;5;1;310
292;2025/2026;2;5;1;310
293;2025/2026;3;7;1;310
294;2025/2026;4;6;1;310
295;2025/2026;5;6;1;310
296;2024/2025;1;6;1;310
297;2024/2025;2;7;1;310
298;2024/2025;3;8;1;310
299;2024/2025;4;8;1;310
300;2024/2025;5;5;1;310
301;2023/2024;1;7;1;310
302;2023/2024;2;8;1;310
303;2023/2024;3;8;1;310
304;2023/2024;4;5;1;310
305;2023/2024;5;9;1;310
306;2025/2026;1;5;1;309
307;2025/2026;2;9;1;309
308;2025/2026;3;7;1;309
309;2025/2026;4;5;1;309
310;2025/2026;5;1;1;309
311;2024/2025;1;9;1;309
312;2024/2025;2;7;1;309
313;2024/2025;3;6;1;309
314;2024/2025;4;1;1;309
315;2024/2025;5;6;1;309
316;2023/2024;1;7;1;309
317;2023/2024;2;7;1;309
318;2023/2024;3;1;1;309
319;2023/2024;4;6;1;309
320;2025/2026;1;12;1;312
321;2025/2026;2;9;1;312
322;2025/2026;3;14;1;312
323;2025/2026;4;12;1;312
324;2025/2026;5;17;1;312
325;2024/2025;1;10;1;312
326;2024/2025;2;13;1;312
327;2024/2025;3;13;1;312
328;2024/2025;4;17;1;312
329;2024/2025;5;10;1;312
330;2023/2024;1;12;1;312
331;2023/2024;2;13;1;312
332;2023/2024;3;19;1;312
333;2023/2024;4;9;1;312
334;2023/2024;5;21;1;312
335;2025/2026;1;87;4;314
336;2025/2026;2;114;5;314
337;2025/2026;3;98;4;314
338;2024/2025;1;111;5;314
339;2024/2025;2;95;4;314
340;2024/2025;3;92;4;314
341;2023/2024;1;93;4;314
342;2023/2024;2;90;4;314
343;2023/2024;3;96;5;314
344;2025/2026;1;12;1;313
345;2025/2026;2;15;1;313
346;2025/2026;3;12;1;313
347;2025/2026;4;12;1;313
348;2025/2026;5;15;1;313
349;2024/2025;1;15;1;313
350;2024/2025;2;13;1;313
351;2024/2025;3;12;1;313
352;2024/2025;4;15;1;313
353;2024/2025;5;14;1;313
354;2023/2024;1;14;1;313
355;2023/2024;2;12;1;313
356;2023/2024;3;15;1;313
357;2023/2024;4;15;1;313
358;2023/2024;5;19;1;313
359;2025/2026;0;27;0;615
360;2024/2025;0;29;0;615
361;2023/2024;0;26;0;615
362;2025/2026;0;24;0;643
363;2024/2025;0;26;0;643
364;2023/2024;0;30;0;643
365;2025/2026;1;12;1;316
366;2025/2026;2;20;1;316
367;2025/2026;3;26;2;316
368;2024/2025;1;19;1;316
369;2024/2025;2;26;2;316
370;2024/2025;3;15;1;316
371;2023/2024;1;25;2;316
372;2023/2024;2;14;1;316
373;2023/2024;3;18;1;316
374;2025/2026;0;77;0;609
375;2024/2025;0;79;0;609
376;2023/2024;0;80;0;609
377;2025/2026;1;23;1;315
378;2025/2026;2;29;2;315
379;2025/2026;3;26;2;315
380;2024/2025;1;30;2;315
381;2024/2025;2;27;2;315
382;2024/2025;3;25;2;315
383;2023/2024;1;29;2;315
384;2023/2024;2;29;2;315
385;2023/2024;3;33;2;315
386;2025/2026;0;39;0;696
387;2024/2025;0;44;0;696
388;2023/2024;0;46;0;696
389;2025/2026;0;16;0;660
390;2024/2025;0;19;0;660
391;2023/2024;0;28;0;660
392;2025/2026;1;117;9;456
393;2025/2026;3;19;1;456
394;2025/2026;1;103;9;456
395;2025/2026;3;19;1;456
396;2024/2025;1;396;6;456
397;2024/2025;3;50;2;456
398;2024/2025;1;191;5;456
399;2024/2025;3;26;1;456
400;2023/2024;1;360;5;456
401;2023/2024;3;22;1;456
402;2023/2024;1;160;5;456
403;2023/2024;3;22;1;456
404;2025/2026;1;114;6;570
405;2025/2026;2;142;8;570
406;2025/2026;3;139;7;570
407;2025/2026;4;142;8;570
408;2025/2026;5;157;9;570
409;2024/2025;1;173;8;570
410;2024/2025;2;153;7;570
411;2024/2025;3;146;8;570
412;2024/2025;4;156;9;570
413;2024/2025;5;144;8;570
414;2023/2024;1;169;7;570
415;2023/2024;2;170;8;570
416;2023/2024;3;171;9;570
417;2023/2024;4;146;8;570
418;2023/2024;5;136;8;570
419;2025/2026;2;44;4;457
420;2025/2026;2;11;1;457
421;2025/2026;3;7;1;457
422;2025/2026;4;16;1;457
423;2025/2026;5;7;1;457
424;2024/2025;2;50;5;457
425;2024/2025;2;10;2;457
426;2024/2025;3;17;1;457
427;2024/2025;4;19;1;457
428;2024/2025;5;16;1;457
429;2023/2024;2;84;7;457
430;2023/2024;2;12;1;457
431;2023/2024;3;20;2;457
432;2023/2024;4;24;2;457
433;2023/2024;5;11;2;457
434;2025/2026;2;7;1;459
435;2025/2026;3;42;3;459
436;2025/2026;2;7;1;459
437;2025/2026;3;14;1;459
438;2025/2026;4;7;1;459
439;2025/2026;5;13;1;459
440;2024/2025;2;11;1;459
441;2024/2025;4;36;3;459
442;2024/2025;2;11;1;459
443;2024/2025;3;24;1;459
444;2024/2025;4;12;1;459
445;2024/2025;5;10;1;459
446;2023/2024;2;8;1;459
447;2023/2024;4;39;3;459
448;2023/2024;2;8;1;459
449;2023/2024;3;17;1;459
450;2023/2024;4;13;1;459
451;2023/2024;5;14;1;459
452;2025/2026;1;15;1;460
453;2025/2026;2;20;1;460
454;2025/2026;3;22;1;460
455;2025/2026;4;22;1;460
456;2025/2026;5;7;1;460
457;2024/2025;1;25;1;460
458;2024/2025;2;28;2;460
459;2024/2025;3;24;2;460
460;2024/2025;4;7;1;460
461;2024/2025;5;13;1;460
462;2023/2024;1;32;2;460
463;2023/2024;2;28;2;460
464;2023/2024;3;7;1;460
465;2023/2024;4;12;1;460
466;2023/2024;5;12;1;460
467;2025/2026;1;61;3;458
468;2025/2026;2;49;2;458
469;2025/2026;3;53;3;458
470;2025/2026;4;56;3;458
471;2025/2026;5;31;2;458
472;2024/2025;1;54;2;458
473;2024/2025;2;51;2;458
474;2024/2025;3;61;3;458
475;2024/2025;4;32;2;458
476;2024/2025;5;42;2;458
477;2023/2024;1;49;2;458
478;2023/2024;2;59;3;458
479;2023/2024;3;36;3;458
480;2023/2024;4;42;2;458
481;2023/2024;5;23;2;458
482;2025/2026;2;4;1;461
483;2025/2026;3;9;3;461
484;2025/2026;2;4;1;461
485;2025/2026;3;3;1;461
486;2025/2026;4;4;1;461
487;2025/2026;5;5;1;461
488;2024/2025;2;4;1;461
489;2024/2025;3;33;3;461
490;2024/2025;2;4;2;461
491;2024/2025;3;11;2;461
492;2024/2025;4;8;1;461
493;2024/2025;5;6;1;461
494;2023/2024;2;4;1;461
495;2023/2024;3;27;3;461
496;2023/2024;2;4;1;461
497;2023/2024;3;9;1;461
498;2023/2024;4;5;1;461
499;2023/2024;5;5;1;461
500;2025/2026;1;61;3;462
501;2025/2026;2;45;2;462
502;2025/2026;3;29;2;462
503;2025/2026;4;34;2;462
504;2025/2026;5;26;2;462
505;2024/2025;1;49;2;462
506;2024/2025;2;35;2;462
507;2024/2025;3;37;2;462
508;2024/2025;4;27;2;462
509;2024/2025;5;35;2;462
510;2023/2024;1;32;2;462
511;2023/2024;2;39;2;462
512;2023/2024;3;28;2;462
513;2023/2024;4;36;2;462
514;2023/2024;5;29;2;462
515;2025/2026;0;16;0;595
516;2024/2025;0;20;0;595
517;2023/2024;0;23;0;595
518;2025/2026;1;47;2;464
519;2025/2026;2;41;2;464
520;2025/2026;3;25;2;464
521;2025/2026;4;29;2;464
522;2025/2026;5;33;2;464
523;2024/2025;1;45;2;464
524;2024/2025;2;31;2;464
525;2024/2025;3;30;2;464
526;2024/2025;4;35;2;464
527;2024/2025;5;33;2;464
528;2023/2024;1;39;2;464
529;2023/2024;2;36;2;464
530;2023/2024;3;35;2;464
531;2023/2024;4;34;2;464
532;2023/2024;5;38;2;464
533;2025/2026;1;20;1;463
534;2025/2026;2;19;1;463
535;2025/2026;3;22;1;463
536;2025/2026;4;22;2;463
537;2025/2026;5;6;2;463
538;2024/2025;1;24;1;463
539;2024/2025;2;25;1;463
540;2024/2025;3;25;2;463
541;2024/2025;4;5;1;463
542;2024/2025;5;28;2;463
543;2023/2024;1;24;1;463
544;2023/2024;2;29;2;463
545;2023/2024;3;6;1;463
546;2023/2024;4;28;2;463
547;2023/2024;5;28;2;463
548;2025/2026;0;8;0;664
549;2024/2025;0;5;0;664
550;2023/2024;0;7;0;664
551;2025/2026;0;45;0;678
552;2024/2025;0;57;0;678
553;2023/2024;0;42;0;678
554;2025/2026;0;50;0;723
555;2024/2025;0;56;0;723
556;2023/2024;0;62;0;723
557;2025/2026;1;21;1;41
558;2025/2026;2;33;2;41
559;2025/2026;3;42;2;41
560;2025/2026;4;27;2;41
561;2024/2025;1;31;2;41
562;2024/2025;2;37;2;41
563;2024/2025;3;41;2;41
564;2024/2025;4;19;2;41
565;2023/2024;1;42;2;41
566;2023/2024;2;48;2;41
567;2023/2024;3;25;2;41
568;2023/2024;4;17;2;41
569;2025/2026;5;22;1;40
570;2024/2025;5;23;1;40
571;2025/2026;0;73;0;121
572;2024/2025;0;77;0;121
573;2023/2024;0;78;0;121
574;2025/2026;0;10;0;120
575;2024/2025;0;11;0;120
576;2023/2024;0;14;0;120
577;2025/2026;0;132;0;674
578;2024/2025;0;127;0;674
579;2023/2024;0;141;0;674
580;2025/2026;0;28;0;122
581;2024/2025;0;30;0;122
582;2023/2024;0;34;0;122
583;2025/2026;0;19;0;123
584;2024/2025;0;21;0;123
585;2023/2024;0;21;0;123
586;2025/2026;0;43;0;125
587;2024/2025;0;43;0;125
588;2023/2024;0;46;0;125
589;2025/2026;0;47;0;124
590;2024/2025;0;44;0;124
591;2023/2024;0;42;0;124
592;2025/2026;0;60;0;126
593;2024/2025;0;63;0;126
594;2023/2024;0;68;0;126
595;2025/2026;0;93;0;128
596;2024/2025;0;96;0;128
597;2023/2024;0;94;0;128
598;2025/2026;0;45;0;127
599;2024/2025;0;43;0;127
600;2023/2024;0;42;0;127
601;2025/2026;0;18;0;129
602;2024/2025;0;22;0;129
603;2023/2024;0;20;0;129
604;2025/2026;1;156;7;554
605;2025/2026;2;163;8;554
606;2025/2026;3;159;8;554
607;2025/2026;4;137;7;554
608;2025/2026;5;133;7;554
609;2024/2025;1;197;8;554
610;2024/2025;2;167;8;554
611;2024/2025;3;155;7;554
612;2024/2025;4;142;7;554
613;2024/2025;5;122;6;554
614;2023/2024;1;198;8;554
615;2023/2024;2;147;7;554
616;2023/2024;3;167;7;554
617;2023/2024;4;131;6;554
618;2023/2024;5;126;7;554
619;2025/2026;0;35;0;130
620;2024/2025;0;35;0;130
621;2023/2024;0;38;0;130
622;2025/2026;1;9;1;553
623;2025/2026;1;708;45;552
624;2025/2026;1;642;39;552
625;2025/2026;3;103;5;552
626;2024/2025;1;800;32;552
627;2024/2025;3;210;7;552
628;2024/2025;1;845;32;552
629;2024/2025;3;116;6;552
630;2023/2024;1;443;5;552
631;2023/2024;1;726;5;552
632;2023/2024;3;127;7;552
633;2025/2026;1;126;9;556
634;2025/2026;1;22;3;556
635;2025/2026;2;14;3;556
636;2025/2026;3;54;1;556
637;2025/2026;4;11;1;556
638;2025/2026;5;28;1;556
639;2024/2025;1;480;15;556
640;2024/2025;1;63;6;556
641;2024/2025;2;17;5;556
642;2024/2025;3;59;1;556
643;2024/2025;4;8;2;556
644;2024/2025;5;27;1;556
645;2023/2024;1;350;10;556
646;2023/2024;1;89;2;556
647;2023/2024;2;22;2;556
648;2023/2024;3;51;2;556
649;2023/2024;4;8;1;556
650;2023/2024;5;29;1;556
651;2025/2026;1;54;4;555
652;2025/2026;2;52;3;555
653;2025/2026;3;59;3;555
654;2025/2026;4;56;3;555
655;2025/2026;5;36;2;555
656;2024/2025;1;63;3;555
657;2024/2025;2;60;3;555
658;2024/2025;3;62;3;555
659;2024/2025;4;35;2;555
660;2024/2025;5;66;3;555
661;2023/2024;1;59;3;555
662;2023/2024;2;63;3;555
663;2023/2024;3;38;2;555
664;2023/2024;4;68;3;555
665;2023/2024;5;45;3;555
666;2025/2026;0;55;0;131
667;2024/2025;0;55;0;131
668;2023/2024;0;63;0;131
669;2025/2026;0;29;0;722
670;2024/2025;0;32;0;722
671;2023/2024;0;32;0;722
672;2025/2026;0;17;0;132
673;2024/2025;0;16;0;132
674;2023/2024;0;17;0;132
675;2025/2026;0;105;0;133
676;2024/2025;0;105;0;133
677;2023/2024;0;121;0;133
678;2025/2026;0;41;0;134
679;2024/2025;0;35;0;134
680;2023/2024;0;34;0;134
681;2025/2026;0;52;0;135
682;2024/2025;0;43;0;135
683;2023/2024;0;58;0;135
684;2025/2026;0;126;0;136
685;2024/2025;0;132;0;136
686;2023/2024;0;129;0;136
687;2025/2026;0;30;0;138
688;2024/2025;0;41;0;138
689;2023/2024;0;32;0;138
690;2025/2026;0;42;0;137
691;2024/2025;0;43;0;137
692;2023/2024;0;42;0;137
693;2025/2026;0;37;0;642
694;2024/2025;0;36;0;642
695;2023/2024;0;35;0;642
696;2025/2026;0;66;0;113
697;2024/2025;0;73;0;113
698;2023/2024;0;85;0;113
699;2025/2026;0;89;0;115
700;2024/2025;0;90;0;115
701;2023/2024;0;88;0;115
702;2025/2026;0;109;0;118
703;2024/2025;0;107;0;118
704;2023/2024;0;116;0;118
705;2025/2026;0;78;0;116
706;2024/2025;0;75;0;116
707;2023/2024;0;79;0;116
708;2025/2026;0;96;0;117
709;2024/2025;0;101;0;117
710;2023/2024;0;106;0;117
711;2025/2026;0;19;0;114
712;2024/2025;0;26;0;114
713;2023/2024;0;19;0;114
714;2025/2026;1;24;2;420
715;2025/2026;2;25;2;420
716;2025/2026;3;19;1;420
717;2025/2026;4;19;1;420
718;2025/2026;5;19;1;420
719;2024/2025;1;24;2;420
720;2024/2025;2;20;1;420
721;2024/2025;3;18;1;420
722;2024/2025;4;20;1;420
723;2024/2025;5;23;1;420
724;2023/2024;1;21;1;420
725;2023/2024;2;18;1;420
726;2023/2024;3;20;1;420
727;2023/2024;4;23;1;420
728;2023/2024;5;21;1;420
729;2025/2026;0;54;0;119
730;2024/2025;0;55;0;119
731;2023/2024;0;55;0;119
732;2025/2026;1;33;2;421
733;2025/2026;2;40;2;421
734;2025/2026;3;46;2;421
735;2025/2026;4;52;3;421
736;2025/2026;5;49;2;421
737;2024/2025;1;41;2;421
738;2024/2025;2;46;2;421
739;2024/2025;3;52;3;421
740;2024/2025;4;49;2;421
741;2024/2025;5;51;3;421
742;2023/2024;1;43;2;421
743;2023/2024;2;51;3;421
744;2023/2024;3;51;2;421
745;2023/2024;4;49;3;421
746;2023/2024;5;60;3;421
747;2025/2026;1;13;1;422
748;2025/2026;2;12;1;422
749;2025/2026;3;16;1;422
750;2025/2026;4;16;1;422
751;2025/2026;5;25;1;422
752;2024/2025;1;11;1;422
753;2024/2025;2;16;1;422
754;2024/2025;3;17;1;422
755;2024/2025;4;25;1;422
756;2024/2025;5;10;1;422
757;2023/2024;1;17;1;422
758;2023/2024;2;17;1;422
759;2023/2024;3;25;1;422
760;2023/2024;4;10;1;422
761;2023/2024;5;18;1;422
762;2025/2026;1;18;1;419
763;2025/2026;2;20;1;419
764;2025/2026;3;15;1;419
765;2025/2026;4;12;1;419
766;2025/2026;5;22;1;419
767;2024/2025;1;23;1;419
768;2024/2025;2;14;1;419
769;2024/2025;3;12;1;419
770;2024/2025;4;23;1;419
771;2024/2025;5;21;1;419
772;2023/2024;1;13;1;419
773;2023/2024;2;12;1;419
774;2023/2024;3;23;1;419
775;2023/2024;4;19;1;419
776;2023/2024;5;15;1;419
777;2025/2026;1;7;1;423
778;2025/2026;2;14;1;423
779;2025/2026;3;13;1;423
780;2025/2026;4;18;1;423
781;2025/2026;5;19;1;423
782;2024/2025;1;14;1;423
783;2024/2025;2;13;1;423
784;2024/2025;3;18;1;423
785;2024/2025;4;20;1;423
786;2024/2025;5;17;1;423
787;2023/2024;1;11;1;423
788;2023/2024;2;18;1;423
789;2023/2024;3;20;1;423
790;2023/2024;4;16;1;423
791;2023/2024;5;12;1;423
792;2025/2026;1;16;1;424
793;2025/2026;2;14;1;424
794;2025/2026;3;15;1;424
795;2025/2026;4;12;1;424
796;2025/2026;5;30;2;424
797;2024/2025;1;14;1;424
798;2024/2025;2;14;1;424
799;2024/2025;3;14;1;424
800;2024/2025;4;29;2;424
801;2024/2025;5;25;1;424
802;2023/2024;1;13;1;424
803;2023/2024;2;11;1;424
804;2023/2024;3;29;2;424
805;2023/2024;4;25;1;424
806;2023/2024;5;24;1;424
807;2025/2026;1;16;1;425
808;2025/2026;2;17;1;425
809;2025/2026;3;15;1;425
810;2025/2026;4;24;2;425
811;2025/2026;5;13;1;425
812;2024/2025;1;16;1;425
813;2024/2025;2;16;1;425
814;2024/2025;3;24;2;425
815;2024/2025;4;13;1;425
816;2024/2025;5;21;1;425
817;2023/2024;1;15;1;425
818;2023/2024;2;25;2;425
819;2023/2024;3;14;1;425
820;2023/2024;4;22;1;425
821;2023/2024;5;22;1;425
822;2025/2026;1;55;3;428
823;2025/2026;2;79;4;428
824;2025/2026;3;76;4;428
825;2024/2025;1;81;4;428
826;2024/2025;2;76;4;428
827;2024/2025;3;74;3;428
828;2023/2024;1;76;4;428
829;2023/2024;2;74;3;428
830;2023/2024;3;77;4;428
831;2025/2026;1;64;3;393
832;2025/2026;2;56;3;393
833;2025/2026;3;56;3;393
834;2025/2026;4;60;3;393
835;2025/2026;5;65;3;393
836;2024/2025;1;58;3;393
837;2024/2025;2;58;3;393
838;2024/2025;3;59;3;393
839;2024/2025;4;65;3;393
840;2024/2025;5;51;3;393
841;2023/2024;1;60;3;393
842;2023/2024;2;61;3;393
843;2023/2024;3;63;3;393
844;2023/2024;4;54;3;393
845;2023/2024;5;56;3;393
846;2025/2026;1;69;3;429
847;2025/2026;2;54;3;429
848;2025/2026;3;68;3;429
849;2024/2025;1;56;3;429
850;2024/2025;2;67;3;429
851;2024/2025;3;57;3;429
852;2023/2024;1;65;3;429
853;2023/2024;2;57;3;429
854;2023/2024;3;66;3;429
855;2025/2026;1;37;2;427
856;2025/2026;2;32;2;427
857;2025/2026;3;28;2;427
858;2024/2025;1;34;2;427
859;2024/2025;2;29;2;427
860;2024/2025;3;29;2;427
861;2023/2024;1;28;2;427
862;2023/2024;2;30;2;427
863;2023/2024;3;47;3;427
864;2025/2026;1;34;2;394
865;2025/2026;2;48;2;394
866;2025/2026;3;32;2;394
867;2025/2026;4;41;2;394
868;2025/2026;5;48;2;394
869;2024/2025;1;47;2;394
870;2024/2025;2;29;2;394
871;2024/2025;3;41;2;394
872;2024/2025;4;49;2;394
873;2024/2025;5;38;2;394
874;2023/2024;1;28;2;394
875;2023/2024;2;40;2;394
876;2023/2024;3;49;2;394
877;2023/2024;4;38;2;394
878;2023/2024;5;43;2;394
879;2025/2026;1;168;8;396
880;2025/2026;2;164;8;396
881;2025/2026;3;174;8;396
882;2024/2025;1;170;8;396
883;2024/2025;2;176;8;396
884;2024/2025;3;159;7;396
885;2023/2024;1;172;8;396
886;2023/2024;2;161;7;396
887;2023/2024;3;189;9;396
888;2025/2026;1;56;3;395
889;2025/2026;2;60;3;395
890;2025/2026;3;61;3;395
891;2025/2026;4;64;3;395
892;2025/2026;5;67;3;395
893;2024/2025;1;60;3;395
894;2024/2025;2;59;3;395
895;2024/2025;3;62;3;395
896;2024/2025;4;66;3;395
897;2024/2025;5;65;3;395
898;2023/2024;1;58;3;395
899;2023/2024;2;62;3;395
900;2023/2024;3;69;3;395
901;2023/2024;4;66;3;395
902;2023/2024;5;64;3;395
903;2025/2026;0;55;0;717
904;2024/2025;0;44;0;717
905;2023/2024;0;41;0;717
906;2025/2026;0;61;0;591
907;2024/2025;0;73;0;591
908;2023/2024;0;72;0;591
909;2025/2026;0;22;0;675
910;2024/2025;0;29;0;675
911;2023/2024;0;38;0;675
912;2025/2026;0;13;0;682
913;2024/2025;0;17;0;682
914;2023/2024;0;21;0;682
915;2025/2026;0;28;0;701
916;2024/2025;0;32;0;701
917;2023/2024;0;32;0;701
918;2025/2026;0;81;0;665
919;2024/2025;0;89;0;665
920;2023/2024;0;70;0;665
921;2025/2026;0;43;0;681
922;2024/2025;0;42;0;681
923;2023/2024;0;37;0;681
924;2025/2026;0;82;0;659
925;2024/2025;0;86;0;659
926;2023/2024;0;83;0;659
927;2025/2026;1;40;2;213
928;2025/2026;2;39;2;213
929;2025/2026;3;34;2;213
930;2025/2026;4;35;2;213
931;2025/2026;5;36;2;213
932;2024/2025;1;39;2;213
933;2024/2025;2;34;2;213
934;2024/2025;3;34;2;213
935;2024/2025;4;37;2;213
936;2024/2025;5;33;2;213
937;2023/2024;1;34;2;213
938;2023/2024;2;33;2;213
939;2023/2024;3;37;2;213
940;2023/2024;4;33;2;213
941;2023/2024;5;35;2;213
942;2025/2026;0;60;0;603
943;2024/2025;0;62;0;603
944;2023/2024;0;67;0;603
945;2025/2026;0;160;0;645
946;2024/2025;0;167;0;645
947;2023/2024;0;169;0;645
948;2025/2026;1;34;2;214
949;2025/2026;2;38;2;214
950;2025/2026;3;37;2;214
951;2024/2025;1;39;2;214
952;2024/2025;2;37;2;214
953;2024/2025;3;38;2;214
954;2023/2024;1;35;2;214
955;2023/2024;2;34;2;214
956;2023/2024;3;46;2;214
957;2025/2026;0;18;0;684
958;2024/2025;0;24;0;684
959;2023/2024;0;26;0;684
960;2025/2026;1;63;3;295
961;2025/2026;2;68;3;295
962;2025/2026;3;74;4;295
963;2025/2026;4;59;3;295
964;2025/2026;5;65;3;295
965;2024/2025;1;66;3;295
966;2024/2025;2;74;4;295
967;2024/2025;3;59;3;295
968;2024/2025;4;70;3;295
969;2024/2025;5;63;3;295
970;2023/2024;1;78;4;295
971;2023/2024;2;59;3;295
972;2023/2024;3;69;3;295
973;2023/2024;4;63;3;295
974;2023/2024;5;101;5;295
975;2025/2026;0;71;0;720
976;2024/2025;0;74;0;720
977;2023/2024;0;79;0;720
978;2025/2026;1;18;1;294
979;2025/2026;2;18;1;294
980;2025/2026;3;21;1;294
981;2025/2026;4;26;2;294
982;2025/2026;5;15;1;294
983;2024/2025;1;18;1;294
984;2024/2025;2;21;1;294
985;2024/2025;3;27;2;294
986;2024/2025;4;15;1;294
987;2024/2025;5;27;2;294
988;2023/2024;1;21;1;294
989;2023/2024;2;27;2;294
990;2023/2024;3;15;1;294
991;2023/2024;4;27;2;294
992;2023/2024;5;22;1;294
993;2025/2026;0;35;0;654
994;2024/2025;0;39;0;654
995;2023/2024;0;43;0;654
996;2025/2026;1;18;1;296
997;2025/2026;2;20;1;296
998;2025/2026;3;23;1;296
999;2025/2026;4;14;1;296
1000;2025/2026;5;20;1;296
1001;2024/2025;1;19;1;296
1002;2024/2025;2;23;1;296
1003;2024/2025;3;14;1;296
1004;2024/2025;4;18;1;296
1005;2024/2025;5;21;1;296
1006;2023/2024;1;23;1;296
1007;2023/2024;2;13;1;296
1008;2023/2024;3;20;1;296
1009;2023/2024;4;21;1;296
1010;2023/2024;5;14;1;296
1011;2025/2026;1;114;5;297
1012;2025/2026;2;139;6;297
1013;2025/2026;3;111;5;297
1014;2024/2025;1;142;6;297
1015;2024/2025;2;106;5;297
1016;2024/2025;3;130;6;297
1017;2023/2024;1;105;5;297
1018;2023/2024;2;128;6;297
1019;2023/2024;3;130;6;297
1020;2025/2026;0;19;0;677
1021;2024/2025;0;18;0;677
1022;2023/2024;0;16;0;677
1023;2025/2026;1;14;1;518
1024;2025/2026;2;9;1;518
1025;2025/2026;3;17;1;518
1026;2025/2026;4;8;1;518
1027;2025/2026;5;6;1;518
1028;2024/2025;1;9;1;518
1029;2024/2025;2;17;1;518
1030;2024/2025;3;8;1;518
1031;2024/2025;4;6;1;518
1032;2024/2025;5;13;1;518
1033;2023/2024;1;18;1;518
1034;2023/2024;2;7;1;518
1035;2023/2024;3;5;1;518
1036;2023/2024;4;12;1;518
1037;2023/2024;5;23;1;518
1038;2025/2026;0;54;0;633
1039;2024/2025;0;51;0;633
1040;2023/2024;0;59;0;633
1041;2025/2026;1;23;1;519
1042;2025/2026;2;27;1;519
1043;2025/2026;3;16;1;519
1044;2024/2025;1;27;1;519
1045;2024/2025;2;16;1;519
1046;2024/2025;3;24;1;519
1047;2023/2024;1;15;1;519
1048;2023/2024;2;24;1;519
1049;2023/2024;3;24;1;519
1050;2025/2026;1;14;1;154
1051;2025/2026;2;17;1;154
1052;2025/2026;3;13;1;154
1053;2025/2026;4;14;1;154
1054;2025/2026;5;20;1;154
1055;2024/2025;1;19;1;154
1056;2024/2025;2;18;1;154
1057;2024/2025;3;14;1;154
1058;2024/2025;4;20;1;154
1059;2024/2025;5;12;1;154
1060;2023/2024;1;19;1;154
1061;2023/2024;2;16;1;154
1062;2023/2024;3;22;1;154
1063;2023/2024;4;12;1;154
1064;2023/2024;5;15;1;154
1065;2025/2026;1;48;4;156
1066;2025/2026;2;57;5;156
1067;2025/2026;3;69;5;156
1068;2024/2025;1;58;5;156
1069;2024/2025;2;70;5;156
1070;2024/2025;3;65;5;156
1071;2023/2024;1;72;5;156
1072;2023/2024;2;69;5;156
1073;2023/2024;3;74;5;156
1074;2025/2026;0;36;0;658
1075;2024/2025;0;37;0;658
1076;2023/2024;0;35;0;658
1077;2025/2026;1;26;2;275
1078;2025/2026;2;20;1;275
1079;2025/2026;3;18;1;275
1080;2025/2026;4;24;1;275
1081;2025/2026;5;14;1;275
1082;2024/2025;1;19;1;275
1083;2024/2025;2;18;1;275
1084;2024/2025;3;23;1;275
1085;2024/2025;4;13;1;275
1086;2024/2025;5;23;1;275
1087;2023/2024;1;19;1;275
1088;2023/2024;2;22;1;275
1089;2023/2024;3;13;1;275
1090;2023/2024;4;22;1;275
1091;2023/2024;5;13;1;275
1092;2025/2026;1;16;1;155
1093;2025/2026;2;17;1;155
1094;2025/2026;3;16;1;155
1095;2025/2026;4;21;1;155
1096;2025/2026;5;25;1;155
1097;2024/2025;1;17;1;155
1098;2024/2025;2;15;1;155
1099;2024/2025;3;21;1;155
1100;2024/2025;4;22;1;155
1101;2024/2025;5;23;1;155
1102;2023/2024;1;17;1;155
1103;2023/2024;2;25;1;155
1104;2023/2024;3;22;1;155
1105;2023/2024;4;22;1;155
1106;2023/2024;5;35;2;155
1107;2025/2026;1;14;1;276
1108;2025/2026;2;20;1;276
1109;2025/2026;3;20;1;276
1110;2025/2026;4;16;1;276
1111;2025/2026;5;17;1;276
1112;2024/2025;1;19;1;276
1113;2024/2025;2;21;1;276
1114;2024/2025;3;17;1;276
1115;2024/2025;4;17;1;276
1116;2024/2025;5;13;1;276
1117;2023/2024;1;21;1;276
1118;2023/2024;2;16;1;276
1119;2023/2024;3;17;1;276
1120;2023/2024;4;12;1;276
1121;2023/2024;5;12;1;276
1122;2025/2026;1;15;1;280
1123;2025/2026;2;22;1;280
1124;2025/2026;3;11;1;280
1125;2025/2026;4;14;1;280
1126;2025/2026;5;13;1;280
1127;2024/2025;1;21;1;280
1128;2024/2025;2;13;1;280
1129;2024/2025;3;15;1;280
1130;2024/2025;4;13;1;280
1131;2024/2025;5;21;1;280
1132;2023/2024;1;13;1;280
1133;2023/2024;2;15;1;280
1134;2023/2024;3;14;1;280
1135;2023/2024;4;22;1;280
1136;2023/2024;5;19;1;280
1137;2025/2026;1;5;1;277
1138;2025/2026;2;11;1;277
1139;2025/2026;3;17;1;277
1140;2025/2026;4;18;1;277
1141;2025/2026;5;21;1;277
1142;2024/2025;1;14;1;277
1143;2024/2025;2;17;1;277
1144;2024/2025;3;21;1;277
1145;2024/2025;4;21;1;277
1146;2024/2025;5;15;1;277
1147;2023/2024;1;17;1;277
1148;2023/2024;2;20;1;277
1149;2023/2024;3;21;1;277
1150;2023/2024;4;16;1;277
1151;2023/2024;5;18;1;277
1152;2025/2026;1;6;1;279
1153;2025/2026;2;3;1;279
1154;2025/2026;3;6;1;279
1155;2025/2026;4;3;1;279
1156;2025/2026;5;8;1;279
1157;2024/2025;1;2;1;279
1158;2024/2025;2;5;1;279
1159;2024/2025;3;3;1;279
1160;2024/2025;4;10;1;279
1161;2024/2025;5;6;1;279
1162;2023/2024;1;5;1;279
1163;2023/2024;2;4;1;279
1164;2023/2024;3;10;2;279
1165;2023/2024;4;6;1;279
1166;2023/2024;5;6;1;279
1167;2025/2026;1;13;1;278
1168;2025/2026;2;9;1;278
1169;2025/2026;3;12;1;278
1170;2025/2026;4;12;1;278
1171;2025/2026;5;11;1;278
1172;2024/2025;1;9;1;278
1173;2024/2025;2;12;1;278
1174;2024/2025;3;12;1;278
1175;2024/2025;4;11;1;278
1176;2024/2025;5;15;1;278
1177;2023/2024;1;12;1;278
1178;2023/2024;2;11;1;278
1179;2023/2024;3;11;1;278
1180;2023/2024;4;15;1;278
1181;2023/2024;5;13;1;278
1182;2025/2026;1;6;1;281
1183;2025/2026;2;14;1;281
1184;2025/2026;3;6;1;281
1185;2025/2026;4;9;1;281
1186;2025/2026;5;10;1;281
1187;2024/2025;1;14;1;281
1188;2024/2025;2;7;1;281
1189;2024/2025;3;9;1;281
1190;2024/2025;4;10;1;281
1191;2024/2025;5;8;1;281
1192;2023/2024;1;8;1;281
1193;2023/2024;2;8;1;281
1194;2023/2024;3;10;1;281
1195;2023/2024;4;9;1;281
1196;2023/2024;5;8;1;281
1197;2025/2026;1;46;2;283
1198;2025/2026;2;39;2;283
1199;2025/2026;3;37;2;283
1200;2024/2025;1;36;2;283
1201;2024/2025;2;37;2;283
1202;2024/2025;3;53;3;283
1203;2023/2024;1;39;2;283
1204;2023/2024;2;53;3;283
1205;2023/2024;3;35;2;283
1206;2025/2026;1;70;3;284
1207;2025/2026;2;70;3;284
1208;2025/2026;3;78;4;284
1209;2024/2025;1;71;3;284
1210;2024/2025;2;80;4;284
1211;2024/2025;3;77;4;284
1212;2023/2024;1;78;4;284
1213;2023/2024;2;82;4;284
1214;2023/2024;3;80;4;284
1215;2025/2026;0;99;0;605
1216;2024/2025;0;104;0;605
1217;2023/2024;0;103;0;605
1218;2025/2026;1;6;1;282
1219;2025/2026;2;8;1;282
1220;2025/2026;3;9;1;282
1221;2025/2026;4;13;1;282
1222;2025/2026;5;10;1;282
1223;2024/2025;1;8;1;282
1224;2024/2025;2;9;1;282
1225;2024/2025;3;13;1;282
1226;2024/2025;4;11;1;282
1227;2024/2025;5;9;1;282
1228;2023/2024;1;11;1;282
1229;2023/2024;2;14;1;282
1230;2023/2024;3;12;1;282
1231;2023/2024;4;9;1;282
1232;2023/2024;5;13;1;282
1233;2025/2026;1;16;1;165
1234;2025/2026;2;23;1;165
1235;2025/2026;3;16;1;165
1236;2025/2026;4;23;1;165
1237;2025/2026;5;12;1;165
1238;2024/2025;1;23;1;165
1239;2024/2025;2;16;1;165
1240;2024/2025;3;21;1;165
1241;2024/2025;4;12;1;165
1242;2024/2025;5;23;1;165
1243;2023/2024;1;14;1;165
1244;2023/2024;2;22;1;165
1245;2023/2024;3;13;1;165
1246;2023/2024;4;22;1;165
1247;2023/2024;5;24;1;165
1248;2025/2026;1;43;2;164
1249;2025/2026;2;56;3;164
1250;2025/2026;3;62;3;164
1251;2025/2026;4;65;3;164
1252;2025/2026;5;71;3;164
1253;2024/2025;1;56;3;164
1254;2024/2025;2;63;3;164
1255;2024/2025;3;62;3;164
1256;2024/2025;4;71;3;164
1257;2024/2025;5;65;3;164
1258;2023/2024;1;62;3;164
1259;2023/2024;2;62;3;164
1260;2023/2024;3;71;3;164
1261;2023/2024;4;68;3;164
1262;2023/2024;5;58;3;164
1263;2025/2026;1;84;4;166
1264;2025/2026;2;83;4;166
1265;2025/2026;3;72;4;166
1266;2024/2025;1;83;4;166
1267;2024/2025;2;76;4;166
1268;2024/2025;3;86;4;166
1269;2023/2024;1;74;4;166
1270;2023/2024;2;91;4;166
1271;2023/2024;3;91;4;166
1272;2025/2026;1;118;5;532
1273;2025/2026;2;100;5;532
1274;2025/2026;3;86;4;532
1275;2025/2026;4;76;5;532
1276;2025/2026;5;62;3;532
1277;2024/2025;1;120;5;532
1278;2024/2025;2;98;5;532
1279;2024/2025;3;84;5;532
1280;2024/2025;4;67;3;532
1281;2024/2025;5;54;4;532
1282;2023/2024;1;128;5;532
1283;2023/2024;2;93;4;532
1284;2023/2024;3;71;4;532
1285;2023/2024;4;62;4;532
1286;2023/2024;5;75;4;532
1287;2025/2026;1;75;5;531
1288;2025/2026;3;9;1;531
1289;2025/2026;1;192;5;531
1290;2025/2026;3;9;1;531
1291;2024/2025;1;140;7;531
1292;2024/2025;3;7;1;531
1293;2024/2025;1;393;6;531
1294;2024/2025;3;7;1;531
1295;2023/2024;1;150;5;531
1296;2023/2024;3;15;1;531
1297;2023/2024;1;371;5;531
1298;2023/2024;3;15;1;531
1299;2025/2026;0;28;0;689
1300;2024/2025;0;34;0;689
1301;2023/2024;0;32;0;689
1302;2025/2026;0;164;0;589
1303;2024/2025;0;178;0;589
1304;2023/2024;0;179;0;589
1305;2025/2026;2;9;1;533
1306;2025/2026;3;72;6;533
1307;2025/2026;2;9;1;533
1308;2025/2026;3;24;2;533
1309;2025/2026;4;9;3;533
1310;2025/2026;5;11;2;533
1311;2024/2025;2;14;1;533
1312;2024/2025;3;45;6;533
1313;2024/2025;2;14;1;533
1314;2024/2025;3;15;2;533
1315;2024/2025;4;13;3;533
1316;2024/2025;5;18;2;533
1317;2023/2024;2;12;1;533
1318;2023/2024;3;60;6;533
1319;2023/2024;2;12;1;533
1320;2023/2024;3;20;2;533
1321;2023/2024;4;21;2;533
1322;2023/2024;5;12;2;533
1323;2025/2026;0;21;0;596
1324;2024/2025;0;32;0;596
1325;2023/2024;0;32;0;596
1326;2025/2026;1;47;2;534
1327;2025/2026;2;45;3;534
1328;2025/2026;3;51;6;534
1329;2025/2026;4;46;4;534
1330;2025/2026;5;46;4;534
1331;2024/2025;1;63;3;534
1332;2024/2025;2;51;3;534
1333;2024/2025;3;56;4;534
1334;2024/2025;4;49;4;534
1335;2024/2025;5;30;3;534
1336;2023/2024;1;65;3;534
1337;2023/2024;2;63;4;534
1338;2023/2024;3;65;4;534
1339;2023/2024;4;30;3;534
1340;2023/2024;5;40;5;534
1341;2025/2026;1;12;1;173
1342;2025/2026;2;13;1;173
1343;2025/2026;3;8;1;173
1344;2025/2026;4;14;1;173
1345;2025/2026;5;19;1;173
1346;2024/2025;1;13;1;173
1347;2024/2025;2;8;1;173
1348;2024/2025;3;12;1;173
1349;2024/2025;4;17;1;173
1350;2024/2025;5;19;1;173
1351;2023/2024;1;9;1;173
1352;2023/2024;2;12;1;173
1353;2023/2024;3;19;1;173
1354;2023/2024;4;18;1;173
1355;2023/2024;5;13;1;173
1356;2025/2026;1;10;1;174
1357;2025/2026;2;20;1;174
1358;2025/2026;3;12;1;174
1359;2025/2026;4;15;1;174
1360;2025/2026;5;17;1;174
1361;2024/2025;1;19;1;174
1362;2024/2025;2;12;1;174
1363;2024/2025;3;14;1;174
1364;2024/2025;4;18;1;174
1365;2024/2025;5;13;1;174
1366;2023/2024;1;12;1;174
1367;2023/2024;2;14;1;174
1368;2023/2024;3;18;1;174
1369;2023/2024;4;13;1;174
1370;2023/2024;5;18;1;174
1371;2025/2026;1;1;1;176
1372;2025/2026;2;7;1;176
1373;2025/2026;3;4;1;176
1374;2025/2026;4;4;1;176
1375;2025/2026;5;3;1;176
1376;2024/2025;1;7;1;176
1377;2024/2025;2;4;1;176
1378;2024/2025;3;4;1;176
1379;2024/2025;4;3;1;176
1380;2024/2025;5;5;1;176
1381;2023/2024;1;4;1;176
1382;2023/2024;2;4;1;176
1383;2023/2024;3;3;1;176
1384;2023/2024;4;5;1;176
1385;2023/2024;5;4;1;176
1386;2025/2026;1;10;1;175
1387;2025/2026;2;18;1;175
1388;2025/2026;3;13;1;175
1389;2025/2026;4;14;1;175
1390;2025/2026;5;11;1;175
1391;2024/2025;1;18;1;175
1392;2024/2025;2;13;1;175
1393;2024/2025;3;15;1;175
1394;2024/2025;4;12;1;175
1395;2024/2025;5;15;1;175
1396;2023/2024;1;12;1;175
1397;2023/2024;2;15;1;175
1398;2023/2024;3;11;1;175
1399;2023/2024;4;16;1;175
1400;2023/2024;5;14;1;175
1401;2025/2026;1;7;1;177
1402;2025/2026;2;11;1;177
1403;2025/2026;3;6;1;177
1404;2025/2026;4;12;1;177
1405;2025/2026;5;10;1;177
1406;2024/2025;1;10;1;177
1407;2024/2025;2;6;1;177
1408;2024/2025;3;11;1;177
1409;2024/2025;4;10;1;177
1410;2024/2025;5;10;1;177
1411;2023/2024;1;6;1;177
1412;2023/2024;2;11;1;177
1413;2023/2024;3;10;1;177
1414;2023/2024;4;9;1;177
1415;2023/2024;5;12;1;177
1416;2025/2026;0;84;0;726
1417;2024/2025;0;87;0;726
1418;2023/2024;0;93;0;726
1419;2025/2026;1;58;3;178
1420;2025/2026;2;57;3;178
1421;2025/2026;3;61;3;178
1422;2024/2025;1;58;3;178
1423;2024/2025;2;61;3;178
1424;2024/2025;3;59;3;178
1425;2023/2024;1;62;3;178
1426;2023/2024;2;61;3;178
1427;2023/2024;3;61;3;178
1428;2025/2026;0;30;0;585
1429;2024/2025;0;30;0;585
1430;2023/2024;0;33;0;585
1431;2025/2026;0;25;0;621
1432;2024/2025;0;25;0;621
1433;2023/2024;0;21;0;621
1434;2025/2026;1;13;1;233
1435;2025/2026;2;9;1;233
1436;2025/2026;3;11;1;233
1437;2025/2026;4;11;1;233
1438;2025/2026;5;14;1;233
1439;2024/2025;1;9;1;233
1440;2024/2025;2;10;1;233
1441;2024/2025;3;11;1;233
1442;2024/2025;4;13;1;233
1443;2024/2025;5;15;1;233
1444;2023/2024;1;10;1;233
1445;2023/2024;2;11;1;233
1446;2023/2024;3;11;1;233
1447;2023/2024;4;15;1;233
1448;2023/2024;5;16;1;233
1449;2025/2026;1;15;1;234
1450;2025/2026;2;11;1;234
1451;2025/2026;3;19;1;234
1452;2025/2026;4;18;1;234
1453;2025/2026;5;13;1;234
1454;2024/2025;1;10;1;234
1455;2024/2025;2;19;1;234
1456;2024/2025;3;18;1;234
1457;2024/2025;4;14;1;234
1458;2024/2025;5;17;1;234
1459;2023/2024;1;20;1;234
1460;2023/2024;2;19;1;234
1461;2023/2024;3;15;1;234
1462;2023/2024;4;18;1;234
1463;2023/2024;5;22;1;234
1464;2025/2026;1;8;1;235
1465;2025/2026;2;7;1;235
1466;2025/2026;3;12;1;235
1467;2025/2026;4;11;1;235
1468;2025/2026;5;12;1;235
1469;2024/2025;1;8;1;235
1470;2024/2025;2;12;1;235
1471;2024/2025;3;11;1;235
1472;2024/2025;4;11;1;235
1473;2024/2025;5;14;1;235
1474;2023/2024;1;12;1;235
1475;2023/2024;2;12;1;235
1476;2023/2024;3;12;1;235
1477;2023/2024;4;14;1;235
1478;2023/2024;5;14;1;235
1479;2025/2026;1;18;1;238
1480;2025/2026;2;11;1;238
1481;2025/2026;3;17;1;238
1482;2025/2026;4;25;2;238
1483;2025/2026;5;23;1;238
1484;2024/2025;1;11;1;238
1485;2024/2025;2;17;1;238
1486;2024/2025;3;26;2;238
1487;2024/2025;4;23;1;238
1488;2024/2025;5;18;1;238
1489;2023/2024;1;17;1;238
1490;2023/2024;2;29;2;238
1491;2023/2024;3;22;1;238
1492;2023/2024;4;18;1;238
1493;2023/2024;5;14;1;238
1494;2025/2026;1;14;1;236
1495;2025/2026;2;7;1;236
1496;2025/2026;3;15;1;236
1497;2025/2026;4;8;1;236
1498;2025/2026;5;16;1;236
1499;2024/2025;1;8;1;236
1500;2024/2025;2;14;1;236
1501;2024/2025;3;6;2;236
1502;2024/2025;4;16;1;236
1503;2024/2025;5;5;1;236
1504;2023/2024;1;12;1;236
1505;2023/2024;2;5;2;236
1506;2023/2024;3;16;2;236
1507;2023/2024;4;5;1;236
1508;2023/2024;5;12;1;236
1509;2025/2026;1;10;1;239
1510;2025/2026;2;3;1;239
1511;2025/2026;3;12;1;239
1512;2025/2026;4;9;1;239
1513;2025/2026;5;15;1;239
1514;2024/2025;1;3;1;239
1515;2024/2025;2;12;1;239
1516;2024/2025;3;9;1;239
1517;2024/2025;4;15;1;239
1518;2024/2025;5;5;1;239
1519;2023/2024;1;12;1;239
1520;2023/2024;2;9;1;239
1521;2023/2024;3;15;1;239
1522;2023/2024;4;5;1;239
1523;2023/2024;5;5;1;239
1524;2025/2026;1;38;2;240
1525;2025/2026;2;32;2;240
1526;2025/2026;3;49;3;240
1527;2024/2025;1;32;2;240
1528;2024/2025;2;49;3;240
1529;2024/2025;3;57;3;240
1530;2023/2024;1;51;3;240
1531;2023/2024;2;56;3;240
1532;2023/2024;3;60;3;240
1533;2025/2026;1;6;1;237
1534;2025/2026;2;8;1;237
1535;2025/2026;3;4;1;237
1536;2025/2026;4;8;1;237
1537;2025/2026;5;5;1;237
1538;2024/2025;1;10;1;237
1539;2024/2025;2;4;1;237
1540;2024/2025;3;8;1;237
1541;2024/2025;4;5;1;237
1542;2024/2025;5;10;2;237
1543;2023/2024;1;4;2;237
1544;2023/2024;2;8;1;237
1545;2023/2024;3;5;1;237
1546;2023/2024;4;9;1;237
1547;2023/2024;5;13;1;237
1548;2025/2026;1;51;3;241
1549;2025/2026;2;62;3;241
1550;2025/2026;3;43;2;241
1551;2024/2025;1;63;3;241
1552;2024/2025;2;44;2;241
1553;2024/2025;3;53;3;241
1554;2023/2024;1;44;2;241
1555;2023/2024;2;53;3;241
1556;2023/2024;3;46;2;241
1557;2025/2026;0;45;0;719
1558;2024/2025;0;44;0;719
1559;2023/2024;0;42;0;719
1560;2025/2026;1;14;1;274
1561;2025/2026;2;17;1;274
1562;2025/2026;3;22;1;274
1563;2024/2025;1;19;1;274
1564;2024/2025;2;21;1;274
1565;2024/2025;3;18;1;274
1566;2023/2024;1;21;1;274
1567;2023/2024;2;18;1;274
1568;2023/2024;3;20;1;274
1569;2025/2026;1;13;1;272
1570;2025/2026;2;13;1;272
1571;2025/2026;3;9;1;272
1572;2025/2026;4;14;1;272
1573;2025/2026;5;15;1;272
1574;2024/2025;1;13;1;272
1575;2024/2025;2;8;1;272
1576;2024/2025;3;15;1;272
1577;2024/2025;4;15;1;272
1578;2024/2025;5;16;1;272
1579;2023/2024;1;7;1;272
1580;2023/2024;2;16;1;272
1581;2023/2024;3;15;1;272
1582;2023/2024;4;16;1;272
1583;2023/2024;5;13;1;272
1584;2025/2026;1;15;1;273
1585;2025/2026;2;12;1;273
1586;2025/2026;3;18;1;273
1587;2024/2025;1;12;1;273
1588;2024/2025;2;18;1;273
1589;2024/2025;3;13;1;273
1590;2023/2024;1;18;1;273
1591;2023/2024;2;12;1;273
1592;2023/2024;3;15;1;273
1593;2025/2026;1;21;1;271
1594;2025/2026;2;12;1;271
1595;2025/2026;3;13;1;271
1596;2025/2026;4;13;1;271
1597;2025/2026;5;18;1;271
1598;2024/2025;1;14;1;271
1599;2024/2025;2;12;1;271
1600;2024/2025;3;12;1;271
1601;2024/2025;4;18;1;271
1602;2024/2025;5;13;1;271
1603;2023/2024;1;14;1;271
1604;2023/2024;2;12;1;271
1605;2023/2024;3;18;1;271
1606;2023/2024;4;13;1;271
1607;2023/2024;5;18;1;271
1608;2025/2026;0;56;0;267
1609;2024/2025;0;57;0;267
1610;2023/2024;0;52;0;267
1611;2025/2026;0;9;0;269
1612;2024/2025;0;6;0;269
1613;2023/2024;0;8;0;269
1614;2025/2026;0;17;0;270
1615;2024/2025;0;18;0;270
1616;2023/2024;0;18;0;270
1617;2025/2026;1;48;3;10
1618;2025/2026;2;60;4;10
1619;2025/2026;3;43;4;10
1620;2025/2026;4;25;3;10
1621;2024/2025;1;58;3;10
1622;2024/2025;2;53;3;10
1623;2024/2025;3;48;4;10
1624;2024/2025;4;19;3;10
1625;2023/2024;1;50;3;10
1626;2023/2024;2;44;3;10
1627;2023/2024;3;52;4;10
1628;2023/2024;4;39;3;10
1629;2025/2026;0;28;0;268
1630;2024/2025;0;34;0;268
1631;2023/2024;0;40;0;268
1632;2025/2026;1;93;5;398
1633;2025/2026;2;76;4;398
1634;2025/2026;3;85;4;398
1635;2025/2026;4;79;4;398
1636;2025/2026;5;73;4;398
1637;2024/2025;1;77;4;398
1638;2024/2025;2;86;4;398
1639;2024/2025;3;83;4;398
1640;2024/2025;4;74;4;398
1641;2024/2025;5;79;5;398
1642;2023/2024;1;97;4;398
1643;2023/2024;2;87;4;398
1644;2023/2024;3;77;4;398
1645;2023/2024;4;79;5;398
1646;2023/2024;5;99;5;398
1647;2025/2026;0;49;0;602
1648;2024/2025;0;48;0;602
1649;2023/2024;0;54;0;602
1650;2025/2026;5;13;1;9
1651;2024/2025;5;21;1;9
1652;2025/2026;1;16;1;400
1653;2025/2026;2;27;2;400
1654;2025/2026;3;29;2;400
1655;2025/2026;4;21;1;400
1656;2025/2026;5;23;1;400
1657;2024/2025;1;27;2;400
1658;2024/2025;2;30;2;400
1659;2024/2025;3;21;1;400
1660;2024/2025;4;22;1;400
1661;2024/2025;5;21;1;400
1662;2023/2024;1;29;2;400
1663;2023/2024;2;21;1;400
1664;2023/2024;3;22;1;400
1665;2023/2024;4;21;1;400
1666;2023/2024;5;20;1;400
1667;2025/2026;1;3;1;397
1668;2025/2026;2;7;1;397
1669;2025/2026;3;2;1;397
1670;2025/2026;4;4;1;397
1671;2025/2026;5;8;1;397
1672;2024/2025;1;7;1;397
1673;2024/2025;2;2;1;397
1674;2024/2025;3;4;1;397
1675;2024/2025;4;7;1;397
1676;2024/2025;5;11;1;397
1677;2023/2024;1;3;1;397
1678;2023/2024;2;4;1;397
1679;2023/2024;3;8;1;397
1680;2023/2024;4;11;1;397
1681;2023/2024;5;9;1;397
1682;2025/2026;1;19;1;402
1683;2025/2026;2;12;1;402
1684;2025/2026;3;30;2;402
1685;2025/2026;4;20;1;402
1686;2025/2026;5;25;1;402
1687;2024/2025;1;11;1;402
1688;2024/2025;2;32;2;402
1689;2024/2025;3;20;1;402
1690;2024/2025;4;25;1;402
1691;2024/2025;5;23;1;402
1692;2023/2024;1;31;2;402
1693;2023/2024;2;20;1;402
1694;2023/2024;3;26;1;402
1695;2023/2024;4;23;1;402
1696;2023/2024;5;22;1;402
1697;2025/2026;1;16;1;401
1698;2025/2026;2;17;1;401
1699;2025/2026;3;17;1;401
1700;2025/2026;4;15;1;401
1701;2025/2026;5;18;1;401
1702;2024/2025;1;17;1;401
1703;2024/2025;2;17;1;401
1704;2024/2025;3;15;1;401
1705;2024/2025;4;16;1;401
1706;2024/2025;5;18;1;401
1707;2023/2024;1;20;1;401
1708;2023/2024;2;16;1;401
1709;2023/2024;3;15;1;401
1710;2023/2024;4;16;1;401
1711;2023/2024;5;19;1;401
1712;2025/2026;0;69;0;709
1713;2024/2025;0;82;0;709
1714;2023/2024;0;85;0;709
1715;2025/2026;1;119;6;403
1716;2025/2026;2;141;6;403
1717;2025/2026;3;124;6;403
1718;2024/2025;1;141;6;403
1719;2024/2025;2;132;6;403
1720;2024/2025;3;135;6;403
1721;2023/2024;1;130;6;403
1722;2023/2024;2;135;6;403
1723;2023/2024;3;150;7;403
1724;2025/2026;0;30;0;632
1725;2024/2025;0;35;0;632
1726;2023/2024;0;26;0;632
1727;2025/2026;0;75;0;706
1728;2024/2025;0;79;0;706
1729;2023/2024;0;82;0;706
1730;2025/2026;0;97;0;140
1731;2024/2025;0;104;0;140
1732;2023/2024;0;101;0;140
1733;2025/2026;0;28;0;139
1734;2024/2025;0;25;0;139
1735;2023/2024;0;35;0;139
1736;2025/2026;0;39;0;141
1737;2024/2025;0;27;0;141
1738;2023/2024;0;37;0;141
1739;2025/2026;0;44;0;142
1740;2024/2025;0;43;0;142
1741;2023/2024;0;50;0;142
1742;2025/2026;0;41;0;594
1743;2024/2025;0;44;0;594
1744;2023/2024;0;42;0;594
1745;2025/2026;0;55;0;143
1746;2024/2025;0;39;0;143
1747;2023/2024;0;38;0;143
1748;2025/2026;0;56;0;144
1749;2024/2025;0;65;0;144
1750;2023/2024;0;61;0;144
1751;2025/2026;0;13;0;146
1752;2024/2025;0;12;0;146
1753;2023/2024;0;10;0;146
1754;2025/2026;1;19;1;432
1755;2025/2026;2;9;1;432
1756;2025/2026;3;10;1;432
1757;2025/2026;4;13;1;432
1758;2025/2026;5;12;1;432
1759;2024/2025;1;9;1;432
1760;2024/2025;2;10;1;432
1761;2024/2025;3;11;1;432
1762;2024/2025;4;11;1;432
1763;2024/2025;5;14;1;432
1764;2023/2024;1;10;1;432
1765;2023/2024;2;10;1;432
1766;2023/2024;3;11;1;432
1767;2023/2024;4;15;1;432
1768;2023/2024;5;8;1;432
1769;2025/2026;0;123;0;147
1770;2024/2025;0;109;0;147
1771;2023/2024;0;107;0;147
1772;2025/2026;0;53;0;145
1773;2024/2025;0;60;0;145
1774;2023/2024;0;74;0;145
1775;2025/2026;1;8;1;430
1776;2025/2026;2;20;1;430
1777;2025/2026;3;21;1;430
1778;2025/2026;4;13;1;430
1779;2025/2026;5;24;1;430
1780;2024/2025;1;19;1;430
1781;2024/2025;2;20;1;430
1782;2024/2025;3;14;1;430
1783;2024/2025;4;24;1;430
1784;2024/2025;5;16;1;430
1785;2023/2024;1;21;1;430
1786;2023/2024;2;13;1;430
1787;2023/2024;3;24;1;430
1788;2023/2024;4;17;1;430
1789;2023/2024;5;16;1;430
1790;2025/2026;1;18;1;1
1791;2025/2026;2;18;1;1
1792;2025/2026;3;18;1;1
1793;2025/2026;4;23;1;1
1794;2025/2026;5;21;1;1
1795;2024/2025;1;16;1;1
1796;2024/2025;2;22;1;1
1797;2024/2025;3;24;1;1
1798;2024/2025;4;19;1;1
1799;2024/2025;5;24;1;1
1800;2023/2024;1;22;1;1
1801;2023/2024;2;20;1;1
1802;2023/2024;3;26;1;1
1803;2023/2024;4;24;1;1
1804;2023/2024;5;22;1;1
1805;2025/2026;1;17;1;431
1806;2025/2026;2;9;1;431
1807;2025/2026;3;12;1;431
1808;2025/2026;4;14;1;431
1809;2025/2026;5;13;1;431
1810;2024/2025;1;9;1;431
1811;2024/2025;2;12;1;431
1812;2024/2025;3;14;1;431
1813;2024/2025;4;12;1;431
1814;2024/2025;5;11;1;431
1815;2023/2024;1;13;1;431
1816;2023/2024;2;15;1;431
1817;2023/2024;3;13;1;431
1818;2023/2024;4;11;1;431
1819;2023/2024;5;11;1;431
1820;2025/2026;1;36;2;433
1821;2025/2026;2;41;2;433
1822;2025/2026;3;43;2;433
1823;2024/2025;1;40;2;433
1824;2024/2025;2;44;2;433
1825;2024/2025;3;38;2;433
1826;2023/2024;1;42;2;433
1827;2023/2024;2;39;2;433
1828;2023/2024;3;55;3;433
1829;2025/2026;1;51;3;480
1830;2025/2026;2;48;3;480
1831;2025/2026;3;60;3;480
1832;2025/2026;4;35;2;480
1833;2025/2026;5;27;2;480
1834;2024/2025;1;60;3;480
1835;2024/2025;2;58;3;480
1836;2024/2025;3;41;2;480
1837;2024/2025;4;26;2;480
1838;2024/2025;5;34;2;480
1839;2023/2024;1;66;3;480
1840;2023/2024;2;47;3;480
1841;2023/2024;3;25;2;480
1842;2023/2024;4;40;2;480
1843;2023/2024;5;41;3;480
1844;2025/2026;1;6;3;479
1845;2025/2026;3;2;1;479
1846;2025/2026;1;22;3;479
1847;2025/2026;3;2;1;479
1848;2024/2025;1;10;5;479
1849;2024/2025;3;4;1;479
1850;2024/2025;1;45;5;479
1851;2024/2025;3;4;1;479
1852;2023/2024;1;18;6;479
1853;2023/2024;3;6;1;479
1854;2023/2024;1;37;6;479
1855;2023/2024;3;6;1;479
1856;2025/2026;1;11;1;3
1857;2025/2026;2;13;1;3
1858;2025/2026;3;16;1;3
1859;2025/2026;4;16;1;3
1860;2025/2026;5;9;1;3
1861;2024/2025;1;11;1;3
1862;2024/2025;2;15;1;3
1863;2024/2025;3;17;1;3
1864;2024/2025;4;10;1;3
1865;2023/2024;1;18;1;3
1866;2023/2024;2;19;1;3
1867;2023/2024;3;12;1;3
1868;2025/2026;1;24;1;2
1869;2025/2026;2;18;1;2
1870;2025/2026;3;24;1;2
1871;2024/2025;1;17;1;2
1872;2024/2025;2;24;1;2
1873;2024/2025;3;25;1;2
1874;2023/2024;1;24;1;2
1875;2023/2024;2;22;1;2
1876;2023/2024;3;20;1;2
1877;2025/2026;2;1;1;483
1878;2025/2026;3;6;3;483
1879;2025/2026;2;1;1;483
1880;2025/2026;3;2;1;483
1881;2025/2026;4;4;1;483
1882;2025/2026;5;3;1;483
1883;2024/2025;3;10;5;483
1884;2024/2025;3;7;1;483
1885;2024/2025;4;6;1;483
1886;2024/2025;5;2;1;483
1887;2023/2024;3;18;3;483
1888;2023/2024;3;6;1;483
1889;2023/2024;4;6;1;483
1890;2023/2024;5;1;1;483
1891;2025/2026;1;46;2;482
1892;2025/2026;2;33;2;482
1893;2025/2026;3;30;2;482
1894;2025/2026;4;25;2;482
1895;2025/2026;5;14;1;482
1896;2024/2025;1;35;2;482
1897;2024/2025;2;34;2;482
1898;2024/2025;3;27;2;482
1899;2024/2025;4;13;1;482
1900;2024/2025;5;20;1;482
1901;2023/2024;1;47;2;482
1902;2023/2024;2;28;2;482
1903;2023/2024;3;15;1;482
1904;2023/2024;4;15;1;482
1905;2023/2024;5;17;1;482
1906;2025/2026;3;7;1;481
1907;2025/2026;4;14;2;481
1908;2025/2026;3;7;1;481
1909;2025/2026;4;7;1;481
1910;2025/2026;5;17;1;481
1911;2024/2025;3;45;5;481
1912;2024/2025;3;9;1;481
1913;2024/2025;4;15;1;481
1914;2024/2025;5;12;1;481
1915;2023/2024;3;21;3;481
1916;2023/2024;3;7;1;481
1917;2023/2024;4;9;1;481
1918;2023/2024;5;17;1;481
1919;2025/2026;1;15;1;486
1920;2025/2026;2;13;1;486
1921;2025/2026;3;17;1;486
1922;2025/2026;4;17;1;486
1923;2025/2026;5;11;1;486
1924;2024/2025;1;18;1;486
1925;2024/2025;2;16;1;486
1926;2024/2025;3;18;1;486
1927;2024/2025;4;11;1;486
1928;2024/2025;5;8;1;486
1929;2023/2024;1;23;1;486
1930;2023/2024;2;19;1;486
1931;2023/2024;3;12;1;486
1932;2023/2024;4;7;1;486
1933;2023/2024;5;23;1;486
1934;2025/2026;0;27;0;159
1935;2024/2025;0;29;0;159
1936;2023/2024;0;43;0;159
1937;2025/2026;1;32;2;484
1938;2025/2026;2;31;2;484
1939;2025/2026;3;28;2;484
1940;2025/2026;4;31;2;484
1941;2025/2026;5;17;1;484
1942;2024/2025;1;26;1;484
1943;2024/2025;2;31;2;484
1944;2024/2025;3;34;2;484
1945;2024/2025;4;20;1;484
1946;2024/2025;5;15;1;484
1947;2023/2024;1;25;1;484
1948;2023/2024;2;36;2;484
1949;2023/2024;3;20;1;484
1950;2023/2024;4;20;1;484
1951;2025/2026;1;27;2;487
1952;2025/2026;2;22;2;487
1953;2025/2026;3;26;2;487
1954;2025/2026;4;19;1;487
1955;2025/2026;5;18;1;487
1956;2024/2025;1;25;2;487
1957;2024/2025;2;27;2;487
1958;2024/2025;3;20;1;487
1959;2024/2025;4;20;1;487
1960;2024/2025;5;23;1;487
1961;2023/2024;1;31;2;487
1962;2023/2024;2;22;1;487
1963;2023/2024;3;18;1;487
1964;2023/2024;4;22;1;487
1965;2023/2024;5;18;1;487
1966;2023/2024;5;19;1;485
1967;2025/2026;1;9;1;224
1968;2025/2026;2;7;1;224
1969;2025/2026;3;9;1;224
1970;2025/2026;4;5;1;224
1971;2025/2026;5;5;1;224
1972;2024/2025;1;7;1;224
1973;2024/2025;2;8;1;224
1974;2024/2025;3;6;1;224
1975;2024/2025;4;5;1;224
1976;2024/2025;5;6;1;224
1977;2023/2024;1;8;1;224
1978;2023/2024;2;5;1;224
1979;2023/2024;3;5;1;224
1980;2023/2024;4;5;1;224
1981;2023/2024;5;8;1;224
1982;2025/2026;0;60;0;158
1983;2024/2025;0;61;0;158
1984;2023/2024;0;55;0;158
1985;2025/2026;0;21;0;160
1986;2024/2025;0;22;0;160
1987;2023/2024;0;23;0;160
1988;2025/2026;1;11;1;225
1989;2025/2026;3;15;1;225
1990;2025/2026;4;12;1;225
1991;2025/2026;5;9;1;225
1992;2024/2025;2;15;1;225
1993;2024/2025;3;13;1;225
1994;2024/2025;4;9;1;225
1995;2024/2025;5;19;1;225
1996;2023/2024;1;14;1;225
1997;2023/2024;2;14;1;225
1998;2023/2024;3;8;1;225
1999;2023/2024;4;18;1;225
2000;2023/2024;5;10;1;225
2001;2025/2026;1;5;1;226
2002;2025/2026;2;6;1;226
2003;2025/2026;3;2;1;226
2004;2025/2026;4;5;1;226
2005;2025/2026;5;7;1;226
2006;2024/2025;1;6;1;226
2007;2024/2025;2;3;1;226
2008;2024/2025;3;5;1;226
2009;2024/2025;4;7;1;226
2010;2024/2025;5;3;1;226
2011;2023/2024;1;5;2;226
2012;2023/2024;2;4;1;226
2013;2023/2024;3;6;1;226
2014;2023/2024;4;2;1;226
2015;2023/2024;5;6;1;226
2016;2025/2026;1;21;1;227
2017;2025/2026;2;26;2;227
2018;2025/2026;3;31;2;227
2019;2025/2026;4;28;2;227
2020;2025/2026;5;22;2;227
2021;2024/2025;1;24;2;227
2022;2024/2025;2;31;2;227
2023;2024/2025;3;25;2;227
2024;2024/2025;4;24;2;227
2025;2024/2025;5;32;2;227
2026;2023/2024;1;30;2;227
2027;2023/2024;2;24;2;227
2028;2023/2024;3;25;2;227
2029;2023/2024;4;32;2;227
2030;2023/2024;5;25;1;227
2031;2025/2026;1;19;1;232
2032;2025/2026;2;30;2;232
2033;2025/2026;3;29;2;232
2034;2024/2025;1;31;2;232
2035;2024/2025;2;30;2;232
2036;2024/2025;3;24;1;232
2037;2023/2024;1;28;2;232
2038;2023/2024;2;24;1;232
2039;2023/2024;3;27;2;232
2040;2025/2026;1;8;1;228
2041;2025/2026;2;9;1;228
2042;2025/2026;3;7;1;228
2043;2025/2026;4;8;1;228
2044;2025/2026;5;19;1;228
2045;2024/2025;1;8;1;228
2046;2024/2025;2;6;1;228
2047;2024/2025;3;8;1;228
2048;2024/2025;4;18;1;228
2049;2024/2025;5;10;1;228
2050;2023/2024;1;6;1;228
2051;2023/2024;2;8;1;228
2052;2023/2024;3;16;1;228
2053;2023/2024;4;10;1;228
2054;2023/2024;5;6;1;228
2055;2025/2026;1;28;2;229
2056;2025/2026;2;29;2;229
2057;2025/2026;3;31;2;229
2058;2025/2026;4;26;2;229
2059;2025/2026;5;21;1;229
2060;2024/2025;1;29;2;229
2061;2024/2025;2;32;2;229
2062;2024/2025;3;26;2;229
2063;2024/2025;4;21;1;229
2064;2024/2025;5;18;1;229
2065;2023/2024;1;32;2;229
2066;2023/2024;2;26;2;229
2067;2023/2024;3;20;1;229
2068;2023/2024;4;18;1;229
2069;2023/2024;5;31;2;229
2070;2025/2026;0;20;0;65
2071;2024/2025;0;19;0;65
2072;2023/2024;0;16;0;65
2073;2025/2026;1;19;1;231
2074;2025/2026;2;19;1;231
2075;2025/2026;3;31;2;231
2076;2024/2025;1;21;1;231
2077;2024/2025;2;30;2;231
2078;2024/2025;3;24;1;231
2079;2023/2024;1;28;2;231
2080;2023/2024;2;22;1;231
2081;2023/2024;3;10;1;231
2082;2025/2026;1;53;3;230
2083;2025/2026;2;35;2;230
2084;2025/2026;3;38;2;230
2085;2024/2025;1;33;2;230
2086;2024/2025;2;38;2;230
2087;2024/2025;3;35;2;230
2088;2023/2024;1;34;2;230
2089;2023/2024;2;34;2;230
2090;2023/2024;3;39;2;230
2091;2025/2026;0;30;0;68
2092;2024/2025;0;28;0;68
2093;2023/2024;0;30;0;68
2094;2025/2026;0;38;0;69
2095;2024/2025;0;32;0;69
2096;2023/2024;0;39;0;69
2097;2025/2026;0;43;0;67
2098;2024/2025;0;38;0;67
2099;2023/2024;0;44;0;67
2100;2025/2026;0;45;0;66
2101;2024/2025;0;54;0;66
2102;2023/2024;0;57;0;66
2103;2025/2026;0;36;0;73
2104;2024/2025;0;38;0;73
2105;2023/2024;0;36;0;73
2106;2025/2026;0;14;0;70
2107;2024/2025;0;15;0;70
2108;2023/2024;0;16;0;70
2109;2025/2026;0;51;0;72
2110;2024/2025;0;44;0;72
2111;2023/2024;0;38;0;72
2112;2025/2026;0;35;0;71
2113;2024/2025;0;34;0;71
2114;2023/2024;0;35;0;71
2115;2025/2026;0;55;0;74
2116;2024/2025;0;49;0;74
2117;2023/2024;0;40;0;74
2118;2025/2026;0;26;0;597
2119;2024/2025;0;23;0;597
2120;2023/2024;0;32;0;597
2121;2025/2026;0;16;0;75
2122;2024/2025;0;16;0;75
2123;2023/2024;0;11;0;75
2124;2025/2026;3;33;3;528
2125;2025/2026;3;11;1;528
2126;2025/2026;4;21;1;528
2127;2025/2026;5;12;1;528
2128;2024/2025;3;42;3;528
2129;2024/2025;3;14;1;528
2130;2024/2025;4;10;1;528
2131;2024/2025;5;14;1;528
2132;2023/2024;3;33;3;528
2133;2023/2024;3;11;1;528
2134;2023/2024;4;8;1;528
2135;2023/2024;5;16;1;528
2136;2025/2026;1;130;6;527
2137;2025/2026;2;103;5;527
2138;2025/2026;3;101;5;527
2139;2025/2026;4;85;4;527
2140;2025/2026;5;67;4;527
2141;2024/2025;1;112;5;527
2142;2024/2025;2;111;5;527
2143;2024/2025;3;99;5;527
2144;2024/2025;4;66;4;527
2145;2024/2025;5;48;3;527
2146;2023/2024;1;115;5;527
2147;2023/2024;2;94;4;527
2148;2023/2024;3;88;4;527
2149;2023/2024;4;54;3;527
2150;2023/2024;5;55;4;527
2151;2025/2026;0;22;0;76
2152;2024/2025;0;22;0;76
2153;2023/2024;0;22;0;76
2154;2025/2026;0;41;0;77
2155;2024/2025;0;44;0;77
2156;2023/2024;0;48;0;77
2157;2025/2026;1;53;3;529
2158;2025/2026;2;29;2;529
2159;2025/2026;3;38;2;529
2160;2025/2026;4;29;2;529
2161;2025/2026;5;12;1;529
2162;2024/2025;1;38;2;529
2163;2024/2025;2;39;2;529
2164;2024/2025;3;32;2;529
2165;2024/2025;4;12;1;529
2166;2024/2025;5;21;1;529
2167;2023/2024;1;40;2;529
2168;2023/2024;2;38;2;529
2169;2023/2024;3;16;1;529
2170;2023/2024;4;21;1;529
2171;2023/2024;5;26;2;529
2172;2025/2026;5;9;3;530
2173;2025/2026;3;8;1;530
2174;2025/2026;4;10;1;530
2175;2025/2026;5;3;1;530
2176;2024/2025;5;18;3;530
2177;2024/2025;3;10;1;530
2178;2024/2025;4;5;1;530
2179;2024/2025;5;6;1;530
2180;2023/2024;4;21;3;530
2181;2023/2024;3;6;1;530
2182;2023/2024;4;7;1;530
2183;2023/2024;5;4;1;530
2184;2025/2026;1;5;1;438
2185;2025/2026;2;10;1;438
2186;2025/2026;3;14;1;438
2187;2025/2026;4;10;1;438
2188;2025/2026;5;16;1;438
2189;2024/2025;1;11;1;438
2190;2024/2025;2;14;1;438
2191;2024/2025;3;10;1;438
2192;2024/2025;4;16;1;438
2193;2024/2025;5;12;1;438
2194;2023/2024;1;13;1;438
2195;2023/2024;2;10;1;438
2196;2023/2024;3;14;1;438
2197;2023/2024;4;12;1;438
2198;2023/2024;5;10;1;438
2199;2025/2026;1;32;2;157
2200;2025/2026;2;25;1;157
2201;2025/2026;3;21;1;157
2202;2025/2026;4;38;2;157
2203;2025/2026;5;44;2;157
2204;2024/2025;1;25;1;157
2205;2024/2025;2;23;1;157
2206;2024/2025;3;39;2;157
2207;2024/2025;4;44;2;157
2208;2024/2025;5;45;2;157
2209;2023/2024;1;24;1;157
2210;2023/2024;2;39;2;157
2211;2023/2024;3;44;2;157
2212;2023/2024;4;45;2;157
2213;2023/2024;5;44;2;157
2214;2025/2026;1;84;4;571
2215;2025/2026;2;65;3;571
2216;2025/2026;3;114;5;571
2217;2025/2026;4;55;4;571
2218;2025/2026;5;74;4;571
2219;2024/2025;1;75;3;571
2220;2024/2025;2;96;5;571
2221;2024/2025;3;54;4;571
2222;2024/2025;4;77;4;571
2223;2024/2025;5;112;6;571
2224;2023/2024;1;105;5;571
2225;2023/2024;2;60;4;571
2226;2023/2024;3;84;4;571
2227;2023/2024;4;114;6;571
2228;2023/2024;5;98;6;571
2229;2025/2026;1;21;1;440
2230;2025/2026;2;18;1;440
2231;2025/2026;3;18;1;440
2232;2025/2026;4;28;2;440
2233;2025/2026;5;23;2;440
2234;2024/2025;1;19;1;440
2235;2024/2025;2;18;1;440
2236;2024/2025;3;30;2;440
2237;2024/2025;4;23;2;440
2238;2024/2025;5;21;1;440
2239;2023/2024;1;19;1;440
2240;2023/2024;2;30;2;440
2241;2023/2024;3;23;2;440
2242;2023/2024;4;22;1;440
2243;2023/2024;5;29;2;440
2244;2025/2026;1;26;2;439
2245;2025/2026;2;44;2;439
2246;2025/2026;3;33;2;439
2247;2025/2026;4;45;2;439
2248;2025/2026;5;41;2;439
2249;2024/2025;1;45;2;439
2250;2024/2025;2;34;2;439
2251;2024/2025;3;44;2;439
2252;2024/2025;4;40;2;439
2253;2024/2025;5;50;2;439
2254;2023/2024;1;34;2;439
2255;2023/2024;2;42;2;439
2256;2023/2024;3;38;2;439
2257;2023/2024;4;48;2;439
2258;2023/2024;5;48;2;439
2259;2025/2026;1;100;4;572
2260;2025/2026;2;111;5;572
2261;2025/2026;3;75;4;572
2262;2025/2026;4;88;5;572
2263;2025/2026;5;74;4;572
2264;2024/2025;1;124;5;572
2265;2024/2025;2;77;4;572
2266;2024/2025;3;87;5;572
2267;2024/2025;4;77;4;572
2268;2024/2025;5;62;3;572
2269;2023/2024;1;82;4;572
2270;2023/2024;2;97;5;572
2271;2023/2024;3;81;4;572
2272;2023/2024;4;66;3;572
2273;2023/2024;5;66;4;572
2274;2025/2026;0;25;0;690
2275;2024/2025;0;23;0;690
2276;2023/2024;0;25;0;690
2277;2025/2026;1;19;1;441
2278;2025/2026;2;10;1;441
2279;2025/2026;3;15;1;441
2280;2025/2026;4;15;1;441
2281;2025/2026;5;23;1;441
2282;2024/2025;1;10;1;441
2283;2024/2025;2;14;1;441
2284;2024/2025;3;16;1;441
2285;2024/2025;4;23;1;441
2286;2024/2025;5;16;1;441
2287;2023/2024;1;15;1;441
2288;2023/2024;2;15;1;441
2289;2023/2024;3;24;1;441
2290;2023/2024;4;16;1;441
2291;2023/2024;5;12;1;441
2292;2025/2026;1;92;4;442
2293;2025/2026;2;89;4;442
2294;2025/2026;3;80;4;442
2295;2024/2025;1;92;4;442
2296;2024/2025;2;83;4;442
2297;2024/2025;3;84;4;442
2298;2023/2024;1;83;4;442
2299;2023/2024;2;83;4;442
2300;2023/2024;3;85;4;442
2301;2025/2026;1;126;6;162
2302;2025/2026;2;95;6;162
2303;2025/2026;3;108;6;162
2304;2025/2026;4;72;5;162
2305;2025/2026;5;78;5;162
2306;2025/2026;6;27;1;162
2307;2024/2025;1;126;6;162
2308;2024/2025;2;116;6;162
2309;2024/2025;3;79;5;162
2310;2024/2025;4;79;5;162
2311;2024/2025;5;74;5;162
2312;2024/2025;6;17;1;162
2313;2023/2024;1;124;6;162
2314;2023/2024;2;93;5;162
2315;2023/2024;3;79;5;162
2316;2023/2024;4;81;5;162
2317;2023/2024;5;77;5;162
2318;2023/2024;6;21;1;162
2319;2025/2026;5;24;1;161
2320;2024/2025;5;39;2;161
2321;2025/2026;1;82;4;163
2322;2025/2026;2;69;4;163
2323;2025/2026;3;62;8;163
2324;2025/2026;4;52;8;163
2325;2024/2025;1;82;5;163
2326;2024/2025;2;69;4;163
2327;2024/2025;3;67;8;163
2328;2024/2025;4;60;8;163
2329;2023/2024;1;84;4;163
2330;2023/2024;2;70;4;163
2331;2023/2024;3;76;11;163
2332;2023/2024;4;68;7;163
2333;2023/2024;5;17;1;163
2334;2025/2026;1;16;1;436
2335;2025/2026;2;20;1;436
2336;2025/2026;3;23;1;436
2337;2025/2026;4;24;1;436
2338;2025/2026;5;25;2;436
2339;2024/2025;1;21;1;436
2340;2024/2025;2;19;1;436
2341;2024/2025;3;23;1;436
2342;2024/2025;4;27;2;436
2343;2024/2025;5;20;1;436
2344;2023/2024;1;20;1;436
2345;2023/2024;2;24;1;436
2346;2023/2024;3;28;2;436
2347;2023/2024;4;21;1;436
2348;2023/2024;5;20;1;436
2349;2025/2026;0;98;0;715
2350;2024/2025;0;120;0;715
2351;2023/2024;0;122;0;715
2352;2025/2026;0;22;0;611
2353;2024/2025;0;24;0;611
2354;2023/2024;0;21;0;611
2355;2025/2026;1;58;3;437
2356;2025/2026;2;58;3;437
2357;2025/2026;3;64;3;437
2358;2024/2025;1;58;3;437
2359;2024/2025;2;64;3;437
2360;2024/2025;3;46;2;437
2361;2023/2024;1;65;3;437
2362;2023/2024;2;47;2;437
2363;2023/2024;3;59;3;437
2364;2025/2026;0;59;0;657
2365;2024/2025;0;66;0;657
2366;2023/2024;0;66;0;657
2367;2025/2026;1;13;1;434
2368;2025/2026;2;17;1;434
2369;2025/2026;3;13;1;434
2370;2025/2026;4;14;1;434
2371;2025/2026;5;10;1;434
2372;2024/2025;1;18;1;434
2373;2024/2025;2;14;1;434
2374;2024/2025;3;13;1;434
2375;2024/2025;4;11;1;434
2376;2024/2025;5;22;1;434
2377;2023/2024;1;13;1;434
2378;2023/2024;2;13;1;434
2379;2023/2024;3;13;1;434
2380;2023/2024;4;22;1;434
2381;2023/2024;5;20;1;434
2382;2025/2026;1;77;4;566
2383;2025/2026;2;79;4;566
2384;2025/2026;3;85;4;566
2385;2025/2026;4;69;4;566
2386;2025/2026;5;49;3;566
2387;2024/2025;1;90;4;566
2388;2024/2025;2;87;5;566
2389;2024/2025;3;71;4;566
2390;2024/2025;4;52;3;566
2391;2024/2025;5;73;4;566
2392;2023/2024;1;102;5;566
2393;2023/2024;2;75;4;566
2394;2023/2024;3;53;3;566
2395;2023/2024;4;80;5;566
2396;2023/2024;5;71;4;566
2397;2025/2026;1;11;1;435
2398;2025/2026;2;7;1;435
2399;2025/2026;3;13;1;435
2400;2025/2026;4;6;1;435
2401;2025/2026;5;8;1;435
2402;2024/2025;1;7;1;435
2403;2024/2025;2;14;1;435
2404;2024/2025;3;7;1;435
2405;2024/2025;4;9;1;435
2406;2024/2025;5;12;1;435
2407;2023/2024;1;14;1;435
2408;2023/2024;2;7;1;435
2409;2023/2024;3;9;1;435
2410;2023/2024;4;12;1;435
2411;2023/2024;5;19;1;435
2412;2025/2026;1;84;4;378
2413;2025/2026;2;81;4;378
2414;2025/2026;3;97;4;378
2415;2024/2025;1;85;4;378
2416;2024/2025;2;92;4;378
2417;2024/2025;3;93;4;378
2418;2023/2024;1;91;4;378
2419;2023/2024;2;90;4;378
2420;2023/2024;3;116;5;378
2421;2025/2026;1;45;2;376
2422;2025/2026;2;35;2;376
2423;2025/2026;3;36;2;376
2424;2025/2026;4;48;2;376
2425;2025/2026;5;40;2;376
2426;2024/2025;1;36;2;376
2427;2024/2025;2;34;2;376
2428;2024/2025;3;48;2;376
2429;2024/2025;4;38;2;376
2430;2024/2025;5;41;2;376
2431;2023/2024;1;34;2;376
2432;2023/2024;2;48;2;376
2433;2023/2024;3;36;2;376
2434;2023/2024;4;41;2;376
2435;2023/2024;5;46;2;376
2436;2025/2026;0;49;0;694
2437;2024/2025;0;49;0;694
2438;2023/2024;0;58;0;694
2439;2025/2026;1;38;2;377
2440;2025/2026;2;29;2;377
2441;2025/2026;3;29;2;377
2442;2025/2026;4;38;2;377
2443;2025/2026;5;44;2;377
2444;2024/2025;1;29;2;377
2445;2024/2025;2;28;2;377
2446;2024/2025;3;41;2;377
2447;2024/2025;4;47;2;377
2448;2024/2025;5;47;3;377
2449;2023/2024;1;30;2;377
2450;2023/2024;2;39;2;377
2451;2023/2024;3;48;2;377
2452;2023/2024;4;47;3;377
2453;2023/2024;5;42;2;377
2454;2025/2026;0;38;0;612
2455;2024/2025;0;32;0;612
2456;2023/2024;0;21;0;612
2457;2025/2026;1;71;3;517
2458;2025/2026;2;75;3;517
2459;2025/2026;3;74;3;517
2460;2024/2025;1;75;3;517
2461;2024/2025;2;73;3;517
2462;2024/2025;3;69;3;517
2463;2023/2024;1;71;3;517
2464;2023/2024;2;75;3;517
2465;2023/2024;3;74;3;517
2466;2025/2026;0;55;0;692
2467;2024/2025;0;54;0;692
2468;2023/2024;0;45;0;692
2469;2025/2026;1;14;1;300
2470;2025/2026;2;17;1;300
2471;2025/2026;3;13;1;300
2472;2025/2026;4;18;1;300
2473;2025/2026;5;18;1;300
2474;2024/2025;1;17;1;300
2475;2024/2025;2;13;1;300
2476;2024/2025;3;17;1;300
2477;2024/2025;4;17;1;300
2478;2024/2025;5;20;1;300
2479;2023/2024;1;15;1;300
2480;2023/2024;2;15;1;300
2481;2023/2024;3;17;1;300
2482;2023/2024;4;19;1;300
2483;2023/2024;5;16;1;300
2484;2025/2026;5;49;2;5
2485;2024/2025;5;29;1;5
2486;2025/2026;1;19;1;299
2487;2025/2026;2;17;1;299
2488;2025/2026;3;11;1;299
2489;2025/2026;4;10;1;299
2490;2025/2026;5;16;1;299
2491;2024/2025;1;16;1;299
2492;2024/2025;2;12;1;299
2493;2024/2025;3;12;1;299
2494;2024/2025;4;16;1;299
2495;2024/2025;5;12;1;299
2496;2023/2024;1;11;1;299
2497;2023/2024;2;12;1;299
2498;2023/2024;3;15;1;299
2499;2023/2024;4;12;1;299
2500;2023/2024;5;9;1;299
2501;2025/2026;1;66;3;6
2502;2025/2026;2;56;3;6
2503;2025/2026;3;54;3;6
2504;2025/2026;4;47;2;6
2505;2024/2025;1;73;3;6
2506;2024/2025;2;61;3;6
2507;2024/2025;3;57;3;6
2508;2024/2025;4;48;2;6
2509;2023/2024;1;67;3;6
2510;2023/2024;2;65;4;6
2511;2023/2024;3;59;3;6
2512;2023/2024;4;36;2;6
2513;2023/2024;5;20;1;6
2514;2025/2026;1;157;7;302
2515;2025/2026;2;120;6;302
2516;2025/2026;3;139;7;302
2517;2024/2025;1;124;6;302
2518;2024/2025;2;146;7;302
2519;2024/2025;3;137;6;302
2520;2023/2024;1;149;7;302
2521;2023/2024;2;138;6;302
2522;2023/2024;3;166;8;302
2523;2025/2026;1;58;3;301
2524;2025/2026;2;81;4;301
2525;2025/2026;3;57;3;301
2526;2025/2026;4;62;3;301
2527;2025/2026;5;61;3;301
2528;2024/2025;1;86;4;301
2529;2024/2025;2;59;3;301
2530;2024/2025;3;62;3;301
2531;2024/2025;4;67;3;301
2532;2024/2025;5;86;4;301
2533;2023/2024;1;60;3;301
2534;2023/2024;2;60;3;301
2535;2023/2024;3;69;3;301
2536;2023/2024;4;86;4;301
2537;2023/2024;5;63;3;301
2538;2025/2026;1;39;2;298
2539;2025/2026;2;32;2;298
2540;2025/2026;3;38;2;298
2541;2025/2026;4;36;2;298
2542;2025/2026;5;38;2;298
2543;2024/2025;1;31;2;298
2544;2024/2025;2;36;2;298
2545;2024/2025;3;36;2;298
2546;2024/2025;4;39;2;298
2547;2024/2025;5;40;2;298
2548;2023/2024;1;36;2;298
2549;2023/2024;2;36;2;298
2550;2023/2024;3;40;2;298
2551;2023/2024;4;39;2;298
2552;2023/2024;5;39;2;298
2553;2025/2026;1;63;3;471
2554;2025/2026;2;40;2;471
2555;2025/2026;3;34;2;471
2556;2025/2026;4;38;3;471
2557;2025/2026;5;36;2;471
2558;2024/2025;1;53;3;471
2559;2024/2025;2;42;2;471
2560;2024/2025;3;39;3;471
2561;2024/2025;4;38;2;471
2562;2024/2025;5;34;2;471
2563;2023/2024;1;60;3;471
2564;2023/2024;2;43;2;471
2565;2023/2024;3;38;2;471
2566;2023/2024;4;36;2;471
2567;2023/2024;5;36;3;471
2568;2025/2026;1;35;5;470
2569;2025/2026;3;16;1;470
2570;2025/2026;1;86;5;470
2571;2025/2026;3;16;1;470
2572;2024/2025;1;236;4;470
2573;2024/2025;3;16;1;470
2574;2024/2025;1;112;4;470
2575;2024/2025;3;16;1;470
2576;2023/2024;1;216;4;470
2577;2023/2024;3;11;1;470
2578;2023/2024;1;97;4;470
2579;2023/2024;3;11;1;470
2580;2025/2026;1;36;2;473
2581;2025/2026;2;27;2;473
2582;2025/2026;3;20;2;473
2583;2025/2026;4;19;2;473
2584;2025/2026;5;17;1;473
2585;2024/2025;1;39;2;473
2586;2024/2025;2;30;2;473
2587;2024/2025;3;19;2;473
2588;2024/2025;4;18;1;473
2589;2024/2025;5;10;1;473
2590;2023/2024;1;45;2;473
2591;2023/2024;2;31;2;473
2592;2023/2024;3;16;1;473
2593;2023/2024;4;14;1;473
2594;2023/2024;5;22;2;473
2595;2025/2026;0;11;0;669
2596;2024/2025;0;14;0;669
2597;2023/2024;0;17;0;669
2598;2025/2026;2;6;1;472
2599;2025/2026;4;24;3;472
2600;2025/2026;2;6;1;472
2601;2025/2026;3;12;1;472
2602;2025/2026;4;8;1;472
2603;2025/2026;5;4;1;472
2604;2024/2025;2;8;1;472
2605;2024/2025;4;15;3;472
2606;2024/2025;2;8;1;472
2607;2024/2025;3;8;2;472
2608;2024/2025;4;5;1;472
2609;2024/2025;5;4;1;472
2610;2023/2024;4;12;3;472
2611;2023/2024;3;14;1;472
2612;2023/2024;4;4;1;472
2613;2023/2024;5;4;1;472
2614;2025/2026;3;27;3;474
2615;2025/2026;3;9;1;474
2616;2025/2026;4;3;1;474
2617;2025/2026;5;3;1;474
2618;2024/2025;3;12;3;474
2619;2024/2025;3;4;1;474
2620;2024/2025;4;3;1;474
2621;2024/2025;5;2;1;474
2622;2023/2024;3;15;3;474
2623;2023/2024;3;5;1;474
2624;2023/2024;4;3;1;474
2625;2023/2024;5;3;1;474
2626;2025/2026;1;40;2;475
2627;2025/2026;2;45;2;475
2628;2025/2026;3;29;2;475
2629;2025/2026;4;34;2;475
2630;2025/2026;5;32;2;475
2631;2024/2025;1;51;2;475
2632;2024/2025;2;31;2;475
2633;2024/2025;3;35;2;475
2634;2024/2025;4;33;2;475
2635;2024/2025;5;23;1;475
2636;2023/2024;1;38;2;475
2637;2023/2024;2;36;2;475
2638;2023/2024;3;31;2;475
2639;2023/2024;4;25;1;475
2640;2023/2024;5;29;2;475
2641;2025/2026;1;23;1;476
2642;2025/2026;2;8;1;476
2643;2025/2026;3;32;2;476
2644;2025/2026;4;29;2;476
2645;2025/2026;5;24;1;476
2646;2024/2025;1;13;1;476
2647;2024/2025;2;33;2;476
2648;2024/2025;3;29;2;476
2649;2024/2025;4;22;1;476
2650;2024/2025;5;30;2;476
2651;2023/2024;1;34;2;476
2652;2023/2024;2;32;2;476
2653;2023/2024;3;26;1;476
2654;2023/2024;4;30;2;476
2655;2023/2024;5;30;2;476
2656;2025/2026;1;31;2;478
2657;2025/2026;2;24;2;478
2658;2025/2026;3;29;2;478
2659;2025/2026;4;31;2;478
2660;2025/2026;5;22;1;478
2661;2024/2025;1;26;2;478
2662;2024/2025;2;30;2;478
2663;2024/2025;3;32;2;478
2664;2024/2025;4;23;1;478
2665;2024/2025;5;21;1;478
2666;2023/2024;1;28;2;478
2667;2023/2024;2;39;2;478
2668;2023/2024;3;23;1;478
2669;2023/2024;4;22;1;478
2670;2023/2024;5;14;1;478
2671;2025/2026;1;37;2;477
2672;2025/2026;2;31;2;477
2673;2025/2026;3;34;2;477
2674;2025/2026;4;27;2;477
2675;2025/2026;5;36;2;477
2676;2024/2025;1;38;2;477
2677;2024/2025;2;35;2;477
2678;2024/2025;3;25;2;477
2679;2024/2025;4;36;2;477
2680;2024/2025;5;44;3;477
2681;2023/2024;1;42;2;477
2682;2023/2024;2;30;2;477
2683;2023/2024;3;37;2;477
2684;2023/2024;4;44;3;477
2685;2023/2024;5;28;2;477
2686;2025/2026;1;85;5;466
2687;2025/2026;2;105;5;466
2688;2025/2026;3;80;4;466
2689;2025/2026;4;87;5;466
2690;2025/2026;5;59;4;466
2691;2024/2025;1;104;5;466
2692;2024/2025;2;83;4;466
2693;2024/2025;3;98;5;466
2694;2024/2025;4;65;4;466
2695;2024/2025;5;60;3;466
2696;2023/2024;1;72;3;466
2697;2023/2024;2;96;4;466
2698;2023/2024;3;67;4;466
2699;2023/2024;4;64;3;466
2700;2023/2024;5;82;4;466
2701;2025/2026;1;102;6;465
2702;2025/2026;3;33;3;465
2703;2025/2026;1;87;6;465
2704;2025/2026;3;33;3;465
2705;2024/2025;1;1099;19;465
2706;2024/2025;1;588;15;465
2707;2024/2025;3;63;3;465
2708;2023/2024;1;552;12;465
2709;2023/2024;3;66;3;465
2710;2023/2024;1;520;11;465
2711;2023/2024;3;65;3;465
2712;2025/2026;1;30;5;467
2713;2025/2026;1;6;1;467
2714;2025/2026;2;1;1;467
2715;2025/2026;3;13;1;467
2716;2025/2026;4;20;1;467
2717;2025/2026;5;15;1;467
2718;2024/2025;1;15;5;467
2719;2024/2025;1;3;1;467
2720;2024/2025;2;4;1;467
2721;2024/2025;3;19;1;467
2722;2024/2025;4;21;1;467
2723;2024/2025;5;11;1;467
2724;2023/2024;1;10;5;467
2725;2023/2024;1;2;1;467
2726;2023/2024;2;3;1;467
2727;2023/2024;3;20;1;467
2728;2023/2024;4;28;1;467
2729;2023/2024;5;12;1;467
2730;2025/2026;1;61;3;468
2731;2025/2026;2;54;3;468
2732;2025/2026;3;42;3;468
2733;2025/2026;4;51;3;468
2734;2025/2026;5;45;3;468
2735;2024/2025;1;59;3;468
2736;2024/2025;2;55;3;468
2737;2024/2025;3;51;3;468
2738;2024/2025;4;49;3;468
2739;2024/2025;5;40;3;468
2740;2023/2024;1;68;3;468
2741;2023/2024;2;59;3;468
2742;2023/2024;3;52;3;468
2743;2023/2024;4;40;3;468
2744;2023/2024;5;82;4;468
2745;2025/2026;1;4;2;469
2746;2025/2026;3;30;3;469
2747;2025/2026;1;2;1;469
2748;2025/2026;2;2;1;469
2749;2025/2026;3;10;1;469
2750;2025/2026;4;9;1;469
2751;2025/2026;5;6;1;469
2752;2024/2025;1;10;2;469
2753;2024/2025;3;30;3;469
2754;2024/2025;1;5;1;469
2755;2024/2025;2;4;1;469
2756;2024/2025;3;10;1;469
2757;2024/2025;4;13;1;469
2758;2024/2025;5;5;1;469
2759;2023/2024;1;10;2;469
2760;2023/2024;3;45;3;469
2761;2023/2024;1;5;1;469
2762;2023/2024;2;3;1;469
2763;2023/2024;3;15;1;469
2764;2023/2024;4;13;1;469
2765;2023/2024;5;3;1;469
2766;2025/2026;1;13;1;369
2767;2025/2026;2;18;1;369
2768;2025/2026;3;15;1;369
2769;2025/2026;4;20;1;369
2770;2025/2026;5;14;1;369
2771;2024/2025;1;18;1;369
2772;2024/2025;2;12;1;369
2773;2024/2025;3;21;1;369
2774;2024/2025;4;13;1;369
2775;2024/2025;5;12;1;369
2776;2023/2024;1;13;1;369
2777;2023/2024;2;18;1;369
2778;2023/2024;3;14;1;369
2779;2023/2024;4;12;1;369
2780;2023/2024;5;18;1;369
2781;2025/2026;1;6;1;371
2782;2025/2026;2;4;1;371
2783;2025/2026;3;11;1;371
2784;2025/2026;4;7;1;371
2785;2025/2026;5;11;1;371
2786;2024/2025;1;4;1;371
2787;2024/2025;2;12;1;371
2788;2024/2025;3;7;1;371
2789;2024/2025;4;13;1;371
2790;2024/2025;5;8;1;371
2791;2023/2024;1;11;1;371
2792;2023/2024;2;8;1;371
2793;2023/2024;3;13;1;371
2794;2023/2024;4;8;1;371
2795;2023/2024;5;13;1;371
2796;2025/2026;1;25;2;372
2797;2025/2026;2;25;2;372
2798;2025/2026;3;40;2;372
2799;2025/2026;4;30;2;372
2800;2025/2026;5;39;2;372
2801;2024/2025;1;26;2;372
2802;2024/2025;2;39;2;372
2803;2024/2025;3;29;2;372
2804;2024/2025;4;37;2;372
2805;2024/2025;5;36;2;372
2806;2023/2024;1;41;2;372
2807;2023/2024;2;30;2;372
2808;2023/2024;3;37;2;372
2809;2023/2024;4;34;2;372
2810;2023/2024;5;34;2;372
2811;2025/2026;1;12;1;370
2812;2025/2026;2;11;1;370
2813;2025/2026;3;16;1;370
2814;2025/2026;4;15;1;370
2815;2025/2026;5;21;1;370
2816;2024/2025;1;11;1;370
2817;2024/2025;2;17;1;370
2818;2024/2025;3;16;1;370
2819;2024/2025;4;22;1;370
2820;2024/2025;5;15;1;370
2821;2023/2024;1;17;1;370
2822;2023/2024;2;17;1;370
2823;2023/2024;3;21;1;370
2824;2023/2024;4;15;1;370
2825;2023/2024;5;17;1;370
2826;2025/2026;1;28;2;375
2827;2025/2026;2;31;2;375
2828;2025/2026;3;26;1;375
2829;2024/2025;1;31;2;375
2830;2024/2025;2;26;1;375
2831;2024/2025;3;25;1;375
2832;2023/2024;1;25;1;375
2833;2023/2024;2;25;1;375
2834;2023/2024;3;19;1;375
2835;2025/2026;1;57;3;374
2836;2025/2026;2;61;3;374
2837;2025/2026;3;68;3;374
2838;2024/2025;1;66;3;374
2839;2024/2025;2;68;3;374
2840;2024/2025;3;71;3;374
2841;2023/2024;1;69;3;374
2842;2023/2024;2;67;3;374
2843;2023/2024;3;73;3;374
2844;2025/2026;1;8;1;373
2845;2025/2026;2;16;1;373
2846;2025/2026;3;15;1;373
2847;2025/2026;4;16;1;373
2848;2025/2026;5;13;1;373
2849;2024/2025;1;16;1;373
2850;2024/2025;2;15;1;373
2851;2024/2025;3;16;1;373
2852;2024/2025;4;14;1;373
2853;2024/2025;5;10;1;373
2854;2023/2024;1;16;1;373
2855;2023/2024;2;17;1;373
2856;2023/2024;3;15;1;373
2857;2023/2024;4;10;1;373
2858;2023/2024;5;12;1;373
2859;2025/2026;1;51;3;28
2860;2025/2026;2;51;2;28
2861;2025/2026;3;61;4;28
2862;2025/2026;4;35;2;28
2863;2024/2025;1;52;2;28
2864;2024/2025;2;63;4;28
2865;2024/2025;3;44;2;28
2866;2024/2025;4;25;2;28
2867;2023/2024;1;66;3;28
2868;2023/2024;2;41;2;28
2869;2023/2024;3;55;3;28
2870;2023/2024;4;36;2;28
2871;2025/2026;5;32;2;42
2872;2024/2025;5;51;2;42
2873;2025/2026;1;90;4;319
2874;2025/2026;2;91;4;319
2875;2025/2026;3;90;4;319
2876;2024/2025;1;90;4;319
2877;2024/2025;2;89;4;319
2878;2024/2025;3;89;4;319
2879;2023/2024;1;89;4;319
2880;2023/2024;2;85;4;319
2881;2023/2024;3;118;5;319
2882;2025/2026;4;17;3;44
2883;2025/2026;2;23;3;44
2884;2025/2026;3;22;3;44
2885;2025/2026;2;27;3;44
2886;2025/2026;3;22;3;44
2887;2025/2026;4;17;3;44
2888;2024/2025;3;58;6;44
2889;2024/2025;3;57;6;44
2890;2023/2024;3;72;6;44
2891;2023/2024;3;64;6;44
2892;2025/2026;1;80;4;317
2893;2025/2026;2;69;3;317
2894;2025/2026;3;88;4;317
2895;2025/2026;4;76;3;317
2896;2025/2026;5;88;4;317
2897;2024/2025;1;69;3;317
2898;2024/2025;2;85;4;317
2899;2024/2025;3;76;3;317
2900;2024/2025;4;89;4;317
2901;2024/2025;5;86;4;317
2902;2023/2024;1;84;4;317
2903;2023/2024;2;77;3;317
2904;2023/2024;3;87;4;317
2905;2023/2024;4;84;4;317
2906;2023/2024;5;81;4;317
2907;2025/2026;1;60;3;43
2908;2025/2026;2;82;4;43
2909;2025/2026;3;80;4;43
2910;2025/2026;4;52;2;43
2911;2024/2025;1;93;4;43
2912;2024/2025;2;94;4;43
2913;2024/2025;3;79;4;43
2914;2024/2025;4;46;3;43
2915;2023/2024;1;118;5;43
2916;2023/2024;2;89;4;43
2917;2023/2024;3;78;4;43
2918;2023/2024;4;61;3;43
2919;2023/2024;5;44;2;43
2920;2025/2026;1;30;2;179
2921;2025/2026;2;23;2;179
2922;2025/2026;3;18;1;179
2923;2025/2026;4;26;1;179
2924;2025/2026;5;19;1;179
2925;2024/2025;1;24;2;179
2926;2024/2025;2;17;1;179
2927;2024/2025;3;26;1;179
2928;2024/2025;4;19;1;179
2929;2024/2025;5;19;1;179
2930;2023/2024;1;16;1;179
2931;2023/2024;2;27;1;179
2932;2023/2024;3;19;1;179
2933;2023/2024;4;19;1;179
2934;2023/2024;5;25;2;179
2935;2025/2026;0;17;0;593
2936;2024/2025;0;22;0;593
2937;2023/2024;0;18;0;593
2938;2025/2026;1;18;1;318
2939;2025/2026;2;11;1;318
2940;2025/2026;3;16;1;318
2941;2025/2026;4;15;1;318
2942;2025/2026;5;16;1;318
2943;2024/2025;1;11;1;318
2944;2024/2025;2;17;1;318
2945;2024/2025;3;15;1;318
2946;2024/2025;4;16;1;318
2947;2024/2025;5;13;1;318
2948;2023/2024;1;17;1;318
2949;2023/2024;2;13;1;318
2950;2023/2024;3;15;1;318
2951;2023/2024;4;13;1;318
2952;2023/2024;5;11;1;318
2953;2025/2026;1;26;2;180
2954;2025/2026;2;27;2;180
2955;2025/2026;3;19;1;180
2956;2025/2026;4;19;1;180
2957;2025/2026;5;23;2;180
2958;2024/2025;1;25;2;180
2959;2024/2025;2;20;1;180
2960;2024/2025;3;20;1;180
2961;2024/2025;4;25;2;180
2962;2024/2025;5;30;2;180
2963;2023/2024;1;16;1;180
2964;2023/2024;2;19;1;180
2965;2023/2024;3;26;2;180
2966;2023/2024;4;29;2;180
2967;2023/2024;5;26;2;180
2968;2025/2026;0;36;0;680
2969;2024/2025;0;28;0;680
2970;2023/2024;0;29;0;680
2971;2025/2026;0;83;0;91
2972;2024/2025;0;85;0;91
2973;2023/2024;0;90;0;91
2974;2025/2026;0;28;0;647
2975;2024/2025;0;44;0;647
2976;2023/2024;0;54;0;647
2977;2025/2026;1;31;2;181
2978;2025/2026;2;30;2;181
2979;2025/2026;3;32;2;181
2980;2025/2026;4;20;1;181
2981;2025/2026;5;27;2;181
2982;2024/2025;1;29;2;181
2983;2024/2025;2;32;2;181
2984;2024/2025;3;22;1;181
2985;2024/2025;4;29;2;181
2986;2024/2025;5;36;2;181
2987;2023/2024;1;32;2;181
2988;2023/2024;2;21;1;181
2989;2023/2024;3;28;2;181
2990;2023/2024;4;35;2;181
2991;2023/2024;5;21;1;181
2992;2025/2026;1;79;4;182
2993;2025/2026;2;64;3;182
2994;2025/2026;3;81;4;182
2995;2024/2025;1;62;3;182
2996;2024/2025;2;79;4;182
2997;2024/2025;3;55;3;182
2998;2023/2024;1;79;4;182
2999;2023/2024;2;54;3;182
3000;2023/2024;3;76;4;182
3001;2025/2026;0;45;0;93
3002;2024/2025;0;39;0;93
3003;2023/2024;0;37;0;93
3004;2025/2026;0;62;0;96
3005;2024/2025;0;66;0;96
3006;2023/2024;0;66;0;96
3007;2025/2026;0;58;0;92
3008;2024/2025;0;50;0;92
3009;2023/2024;0;52;0;92
3010;2025/2026;0;40;0;98
3011;2024/2025;0;38;0;98
3012;2023/2024;0;48;0;98
3013;2025/2026;0;68;0;94
3014;2024/2025;0;66;0;94
3015;2023/2024;0;72;0;94
3016;2025/2026;0;53;0;95
3017;2024/2025;0;81;0;95
3018;2023/2024;0;88;0;95
3019;2025/2026;0;64;0;97
3020;2024/2025;0;69;0;97
3021;2023/2024;0;64;0;97
3022;2025/2026;1;156;13;488
3023;2025/2026;3;25;1;488
3024;2025/2026;1;130;12;488
3025;2025/2026;3;25;1;488
3026;2024/2025;1;336;6;488
3027;2024/2025;3;25;1;488
3028;2024/2025;1;235;5;488
3029;2024/2025;3;25;1;488
3030;2023/2024;1;205;5;488
3031;2023/2024;3;20;1;488
3032;2023/2024;1;222;5;488
3033;2023/2024;3;20;1;488
3034;2025/2026;4;18;3;491
3035;2025/2026;3;5;1;491
3036;2025/2026;4;6;1;491
3037;2025/2026;5;5;1;491
3038;2024/2025;4;30;3;491
3039;2024/2025;3;13;2;491
3040;2024/2025;4;10;3;491
3041;2024/2025;5;2;1;491
3042;2023/2024;4;21;3;491
3043;2023/2024;3;19;1;491
3044;2023/2024;4;7;2;491
3045;2023/2024;5;8;1;491
3046;2025/2026;1;19;1;489
3047;2025/2026;2;18;1;489
3048;2025/2026;3;19;1;489
3049;2025/2026;4;11;1;489
3050;2025/2026;5;7;1;489
3051;2024/2025;1;19;1;489
3052;2024/2025;2;23;1;489
3053;2024/2025;3;12;1;489
3054;2024/2025;4;8;1;489
3055;2024/2025;5;14;1;489
3056;2023/2024;1;22;1;489
3057;2023/2024;2;16;1;489
3058;2023/2024;3;8;1;489
3059;2023/2024;4;13;1;489
3060;2023/2024;5;17;1;489
3061;2025/2026;1;33;2;490
3062;2025/2026;2;18;1;490
3063;2025/2026;3;27;1;490
3064;2025/2026;4;19;1;490
3065;2025/2026;5;18;1;490
3066;2024/2025;1;21;1;490
3067;2024/2025;2;26;1;490
3068;2024/2025;3;22;1;490
3069;2024/2025;4;17;1;490
3070;2024/2025;5;22;1;490
3071;2023/2024;1;27;1;490
3072;2023/2024;2;24;1;490
3073;2023/2024;3;17;1;490
3074;2023/2024;4;23;1;490
3075;2023/2024;5;21;2;490
3076;2025/2026;1;51;2;492
3077;2025/2026;2;38;2;492
3078;2025/2026;3;37;2;492
3079;2025/2026;4;32;2;492
3080;2025/2026;5;26;2;492
3081;2024/2025;1;52;2;492
3082;2024/2025;2;34;2;492
3083;2024/2025;3;37;2;492
3084;2024/2025;4;28;2;492
3085;2024/2025;5;25;2;492
3086;2023/2024;1;52;2;492
3087;2023/2024;2;39;2;492
3088;2023/2024;3;36;2;492
3089;2023/2024;4;31;2;492
3090;2023/2024;5;35;2;492
3091;2025/2026;2;9;1;493
3092;2025/2026;3;39;3;493
3093;2025/2026;2;9;1;493
3094;2025/2026;3;13;1;493
3095;2025/2026;4;6;1;493
3096;2025/2026;5;3;1;493
3097;2024/2025;2;11;1;493
3098;2024/2025;3;36;3;493
3099;2024/2025;2;11;1;493
3100;2024/2025;3;12;1;493
3101;2024/2025;4;6;1;493
3102;2024/2025;5;2;1;493
3103;2023/2024;3;24;3;493
3104;2023/2024;3;8;1;493
3105;2023/2024;4;4;2;493
3106;2023/2024;5;1;1;493
3107;2025/2026;1;11;1;498
3108;2025/2026;2;21;1;498
3109;2025/2026;3;19;1;498
3110;2025/2026;4;20;1;498
3111;2025/2026;5;15;1;498
3112;2024/2025;1;20;1;498
3113;2024/2025;2;19;1;498
3114;2024/2025;3;20;1;498
3115;2024/2025;4;14;1;498
3116;2024/2025;5;11;1;498
3117;2023/2024;1;27;1;498
3118;2023/2024;2;22;1;498
3119;2023/2024;3;14;1;498
3120;2023/2024;4;10;1;498
3121;2023/2024;5;13;1;498
3122;2025/2026;1;40;2;496
3123;2025/2026;2;45;2;496
3124;2025/2026;3;25;1;496
3125;2025/2026;4;18;1;496
3126;2025/2026;5;24;1;496
3127;2024/2025;1;47;2;496
3128;2024/2025;2;23;1;496
3129;2024/2025;3;20;1;496
3130;2024/2025;4;22;1;496
3131;2024/2025;5;21;1;496
3132;2023/2024;1;23;1;496
3133;2023/2024;2;20;1;496
3134;2023/2024;3;24;1;496
3135;2023/2024;4;23;1;496
3136;2023/2024;5;35;2;496
3137;2025/2026;1;27;2;495
3138;2025/2026;2;21;1;495
3139;2025/2026;3;28;2;495
3140;2025/2026;4;26;2;495
3141;2025/2026;5;18;1;495
3142;2024/2025;1;22;1;495
3143;2024/2025;2;31;2;495
3144;2024/2025;3;27;2;495
3145;2024/2025;4;18;1;495
3146;2024/2025;5;23;2;495
3147;2023/2024;1;34;2;495
3148;2023/2024;2;30;2;495
3149;2023/2024;3;19;1;495
3150;2023/2024;4;24;2;495
3151;2023/2024;5;13;1;495
3152;2025/2026;1;33;2;497
3153;2025/2026;2;32;2;497
3154;2025/2026;3;39;2;497
3155;2025/2026;4;25;1;497
3156;2025/2026;5;18;1;497
3157;2024/2025;1;36;2;497
3158;2024/2025;2;40;2;497
3159;2024/2025;3;24;1;497
3160;2024/2025;4;18;1;497
3161;2024/2025;5;19;1;497
3162;2023/2024;1;38;2;497
3163;2023/2024;2;25;1;497
3164;2023/2024;3;20;1;497
3165;2023/2024;4;20;1;497
3166;2023/2024;5;17;1;497
3167;2025/2026;1;276;13;520
3168;2025/2026;2;251;12;520
3169;2025/2026;3;196;11;520
3170;2025/2026;4;182;11;520
3171;2025/2026;5;150;9;520
3172;2024/2025;1;278;12;520
3173;2024/2025;2;204;10;520
3174;2024/2025;3;186;11;520
3175;2024/2025;4;168;9;520
3176;2024/2025;5;125;8;520
3177;2023/2024;1;226;10;520
3178;2023/2024;2;201;10;520
3179;2023/2024;3;172;9;520
3180;2023/2024;4;153;8;520
3181;2023/2024;5;128;9;520
3182;2025/2026;0;207;0;639
3183;2024/2025;0;216;0;639
3184;2023/2024;0;214;0;639
3185;2025/2026;1;59;3;169
3186;2025/2026;2;47;2;169
3187;2025/2026;3;52;3;169
3188;2025/2026;4;58;3;169
3189;2025/2026;5;57;3;169
3190;2024/2025;1;46;2;169
3191;2024/2025;2;52;3;169
3192;2024/2025;3;58;3;169
3193;2024/2025;4;57;3;169
3194;2024/2025;5;65;3;169
3195;2023/2024;1;57;3;169
3196;2023/2024;2;63;3;169
3197;2023/2024;3;58;3;169
3198;2023/2024;4;67;3;169
3199;2023/2024;5;64;3;169
3200;2025/2026;1;33;2;167
3201;2025/2026;2;20;1;167
3202;2025/2026;3;37;2;167
3203;2025/2026;4;29;2;167
3204;2025/2026;5;36;2;167
3205;2024/2025;1;21;1;167
3206;2024/2025;2;38;2;167
3207;2024/2025;3;30;2;167
3208;2024/2025;4;37;2;167
3209;2024/2025;5;39;2;167
3210;2023/2024;1;37;2;167
3211;2023/2024;2;28;2;167
3212;2023/2024;3;37;2;167
3213;2023/2024;4;36;2;167
3214;2023/2024;5;36;2;167
3215;2025/2026;1;42;3;521
3216;2025/2026;3;160;9;521
3217;2025/2026;1;14;1;521
3218;2025/2026;2;11;2;521
3219;2025/2026;3;37;3;521
3220;2025/2026;4;25;3;521
3221;2025/2026;5;16;2;521
3222;2024/2025;1;30;2;521
3223;2024/2025;3;129;6;521
3224;2024/2025;1;15;1;521
3225;2024/2025;2;15;1;521
3226;2024/2025;3;43;2;521
3227;2024/2025;4;36;2;521
3228;2024/2025;5;23;2;521
3229;2023/2024;1;16;2;521
3230;2023/2024;3;140;7;521
3231;2023/2024;1;8;1;521
3232;2023/2024;2;14;1;521
3233;2023/2024;3;43;2;521
3234;2023/2024;4;40;2;521
3235;2023/2024;5;17;2;521
3236;2025/2026;1;9;1;168
3237;2025/2026;2;6;1;168
3238;2025/2026;3;9;1;168
3239;2025/2026;4;9;1;168
3240;2025/2026;5;11;1;168
3241;2024/2025;1;7;1;168
3242;2024/2025;2;9;1;168
3243;2024/2025;3;10;1;168
3244;2024/2025;4;11;1;168
3245;2024/2025;5;7;1;168
3246;2023/2024;1;10;1;168
3247;2023/2024;2;10;1;168
3248;2023/2024;3;12;1;168
3249;2023/2024;4;8;1;168
3250;2023/2024;5;12;1;168
3251;2025/2026;1;7;1;170
3252;2025/2026;2;15;1;170
3253;2025/2026;3;15;1;170
3254;2025/2026;4;10;1;170
3255;2025/2026;5;12;1;170
3256;2024/2025;1;16;1;170
3257;2024/2025;2;18;1;170
3258;2024/2025;3;9;1;170
3259;2024/2025;4;13;1;170
3260;2024/2025;5;15;1;170
3261;2023/2024;1;19;1;170
3262;2023/2024;2;10;1;170
3263;2023/2024;3;15;1;170
3264;2023/2024;4;16;1;170
3265;2023/2024;5;13;1;170
3266;2025/2026;1;77;4;171
3267;2025/2026;2;83;4;171
3268;2025/2026;3;74;3;171
3269;2024/2025;1;80;4;171
3270;2024/2025;2;75;3;171
3271;2024/2025;3;84;4;171
3272;2023/2024;1;76;3;171
3273;2023/2024;2;85;4;171
3274;2023/2024;3;91;4;171
3275;2025/2026;5;12;1;12
3276;2024/2025;5;12;1;12
3277;2025/2026;1;43;2;172
3278;2025/2026;2;51;3;172
3279;2025/2026;3;36;2;172
3280;2024/2025;1;51;3;172
3281;2024/2025;2;36;2;172
3282;2024/2025;3;39;2;172
3283;2023/2024;1;33;2;172
3284;2023/2024;2;41;2;172
3285;2023/2024;3;36;2;172
3286;2025/2026;0;44;0;713
3287;2024/2025;0;44;0;713
3288;2023/2024;0;47;0;713
3289;2025/2026;0;53;0;708
3290;2024/2025;0;52;0;708
3291;2023/2024;0;58;0;708
3292;2025/2026;1;18;1;13
3293;2025/2026;2;18;2;13
3294;2025/2026;3;33;2;13
3295;2025/2026;4;16;2;13
3296;2024/2025;1;17;1;13
3297;2024/2025;2;37;2;13
3298;2024/2025;3;21;2;13
3299;2024/2025;4;18;2;13
3300;2023/2024;1;34;2;13
3301;2023/2024;2;21;2;13
3302;2023/2024;3;23;2;13
3303;2023/2024;4;15;2;13
3304;2025/2026;1;6;1;344
3305;2025/2026;2;16;1;344
3306;2025/2026;3;10;1;344
3307;2025/2026;4;11;1;344
3308;2025/2026;5;6;1;344
3309;2024/2025;1;18;1;344
3310;2024/2025;2;10;1;344
3311;2024/2025;3;10;1;344
3312;2024/2025;4;6;1;344
3313;2024/2025;5;6;1;344
3314;2023/2024;1;10;1;344
3315;2023/2024;2;9;1;344
3316;2023/2024;3;6;1;344
3317;2023/2024;4;7;1;344
3318;2023/2024;5;13;1;344
3319;2025/2026;0;11;0;650
3320;2024/2025;0;17;0;650
3321;2023/2024;0;22;0;650
3322;2025/2026;1;72;4;346
3323;2025/2026;2;83;4;346
3324;2025/2026;3;75;4;346
3325;2025/2026;4;77;4;346
3326;2025/2026;5;74;4;346
3327;2024/2025;1;90;4;346
3328;2024/2025;2;75;4;346
3329;2024/2025;3;75;4;346
3330;2024/2025;4;77;4;346
3331;2024/2025;5;77;4;346
3332;2023/2024;1;75;4;346
3333;2023/2024;2;78;4;346
3334;2023/2024;3;74;4;346
3335;2023/2024;4;79;4;346
3336;2023/2024;5;76;4;346
3337;2025/2026;1;7;1;347
3338;2025/2026;2;13;1;347
3339;2025/2026;3;11;1;347
3340;2025/2026;4;7;1;347
3341;2025/2026;5;4;1;347
3342;2024/2025;1;12;1;347
3343;2024/2025;2;11;1;347
3344;2024/2025;3;7;1;347
3345;2024/2025;4;3;1;347
3346;2024/2025;5;15;1;347
3347;2023/2024;1;11;1;347
3348;2023/2024;2;8;2;347
3349;2023/2024;3;3;1;347
3350;2023/2024;4;15;1;347
3351;2023/2024;5;8;1;347
3352;2025/2026;1;1;1;345
3353;2025/2026;2;6;1;345
3354;2025/2026;3;4;1;345
3355;2025/2026;4;3;1;345
3356;2024/2025;1;4;1;345
3357;2024/2025;2;4;1;345
3358;2024/2025;3;3;1;345
3359;2024/2025;5;5;1;345
3360;2023/2024;1;3;1;345
3361;2023/2024;2;3;1;345
3362;2023/2024;4;4;1;345
3363;2023/2024;5;2;1;345
3364;2025/2026;1;97;5;348
3365;2025/2026;2;106;5;348
3366;2025/2026;3;109;5;348
3367;2024/2025;1;100;5;348
3368;2024/2025;2;113;5;348
3369;2024/2025;3;95;5;348
3370;2023/2024;1;108;5;348
3371;2023/2024;2;100;5;348
3372;2023/2024;3;104;5;348
3373;2025/2026;0;21;0;698
3374;2024/2025;0;28;0;698
3375;2023/2024;0;26;0;698
3376;2025/2026;0;129;0;588
3377;2024/2025;0;125;0;588
3378;2023/2024;0;121;0;588
3379;2025/2026;1;58;3;291
3380;2025/2026;2;90;4;291
3381;2025/2026;3;63;3;291
3382;2025/2026;4;83;4;291
3383;2025/2026;5;83;4;291
3384;2024/2025;1;93;4;291
3385;2024/2025;2;65;3;291
3386;2024/2025;3;87;4;291
3387;2024/2025;4;84;4;291
3388;2024/2025;5;69;4;291
3389;2023/2024;1;69;3;291
3390;2023/2024;2;85;4;291
3391;2023/2024;3;82;4;291
3392;2023/2024;4;69;4;291
3393;2023/2024;5;102;5;291
3394;2025/2026;0;238;0;623
3395;2024/2025;0;226;0;623
3396;2023/2024;0;230;0;623
3397;2025/2026;1;25;2;292
3398;2025/2026;2;19;1;292
3399;2025/2026;3;24;1;292
3400;2025/2026;4;26;2;292
3401;2025/2026;5;23;1;292
3402;2024/2025;1;19;1;292
3403;2024/2025;2;22;1;292
3404;2024/2025;3;26;1;292
3405;2024/2025;4;23;1;292
3406;2024/2025;5;28;2;292
3407;2023/2024;1;23;1;292
3408;2023/2024;2;25;1;292
3409;2023/2024;3;24;1;292
3410;2023/2024;4;28;2;292
3411;2023/2024;5;33;2;292
3412;2025/2026;0;26;0;592
3413;2024/2025;0;34;0;592
3414;2023/2024;0;37;0;592
3415;2025/2026;0;84;0;667
3416;2024/2025;0;79;0;667
3417;2023/2024;0;73;0;667
3418;2025/2026;0;134;0;704
3419;2024/2025;0;130;0;704
3420;2023/2024;0;135;0;704
3421;2025/2026;1;85;4;293
3422;2025/2026;2;119;6;293
3423;2025/2026;3;100;5;293
3424;2024/2025;1;117;6;293
3425;2024/2025;2;101;5;293
3426;2024/2025;3;111;5;293
3427;2023/2024;1;100;5;293
3428;2023/2024;2;109;5;293
3429;2023/2024;3;117;5;293
3430;2025/2026;1;83;4;567
3431;2025/2026;2;90;5;567
3432;2025/2026;3;92;4;567
3433;2025/2026;4;63;3;567
3434;2025/2026;5;78;5;567
3435;2024/2025;1;95;5;567
3436;2024/2025;2;106;5;567
3437;2024/2025;3;70;3;567
3438;2024/2025;4;82;4;567
3439;2024/2025;5;57;3;567
3440;2023/2024;1;114;6;567
3441;2023/2024;2;77;4;567
3442;2023/2024;3;84;4;567
3443;2023/2024;4;61;3;567
3444;2023/2024;5;62;4;567
3445;2025/2026;1;122;6;568
3446;2025/2026;2;111;6;568
3447;2025/2026;3;130;7;568
3448;2025/2026;4;139;8;568
3449;2025/2026;5;122;9;568
3450;2024/2025;1;125;6;568
3451;2024/2025;2;127;6;568
3452;2024/2025;3;151;8;568
3453;2024/2025;4;129;7;568
3454;2024/2025;5;113;7;568
3455;2023/2024;1;130;6;568
3456;2023/2024;2;139;7;568
3457;2023/2024;3;161;8;568
3458;2023/2024;4;123;7;568
3459;2023/2024;5;117;7;568
3460;2025/2026;0;19;0;634
3461;2024/2025;0;23;0;634
3462;2023/2024;0;17;0;634
3463;2025/2026;0;58;0;608
3464;2024/2025;0;57;0;608
3465;2023/2024;0;65;0;608
3466;2025/2026;1;53;3;569
3467;2025/2026;2;45;3;569
3468;2025/2026;3;40;3;569
3469;2025/2026;4;37;3;569
3470;2025/2026;5;44;3;569
3471;2024/2025;1;47;3;569
3472;2024/2025;2;44;3;569
3473;2024/2025;3;38;3;569
3474;2024/2025;4;45;3;569
3475;2024/2025;5;44;3;569
3476;2023/2024;1;46;3;569
3477;2023/2024;2;41;3;569
3478;2023/2024;3;45;3;569
3479;2023/2024;4;45;3;569
3480;2023/2024;5;43;3;569
3481;2025/2026;1;53;3;384
3482;2025/2026;2;42;2;384
3483;2025/2026;3;56;3;384
3484;2025/2026;4;45;2;384
3485;2025/2026;5;37;2;384
3486;2024/2025;1;38;2;384
3487;2024/2025;2;58;3;384
3488;2024/2025;3;45;2;384
3489;2024/2025;4;36;2;384
3490;2024/2025;5;47;3;384
3491;2023/2024;1;60;3;384
3492;2023/2024;2;43;2;384
3493;2023/2024;3;33;2;384
3494;2023/2024;4;50;3;384
3495;2023/2024;5;49;3;384
3496;2025/2026;2;15;1;385
3497;2025/2026;3;14;1;385
3498;2025/2026;4;18;1;385
3499;2025/2026;5;20;1;385
3500;2024/2025;1;18;1;385
3501;2024/2025;2;16;1;385
3502;2024/2025;3;18;1;385
3503;2024/2025;4;20;1;385
3504;2024/2025;5;29;2;385
3505;2023/2024;1;17;1;385
3506;2023/2024;2;18;1;385
3507;2023/2024;3;20;1;385
3508;2023/2024;4;29;2;385
3509;2023/2024;5;23;1;385
3510;2025/2026;1;114;6;388
3511;2025/2026;2;127;6;388
3512;2025/2026;3;136;6;388
3513;2024/2025;1;126;6;388
3514;2024/2025;2;133;6;388
3515;2024/2025;3;135;6;388
3516;2023/2024;1;132;6;388
3517;2023/2024;2;136;6;388
3518;2023/2024;3;139;7;388
3519;2025/2026;1;50;3;386
3520;2025/2026;2;39;2;386
3521;2025/2026;3;57;3;386
3522;2025/2026;4;42;2;386
3523;2025/2026;5;40;2;386
3524;2024/2025;1;41;2;386
3525;2024/2025;2;59;3;386
3526;2024/2025;3;43;2;386
3527;2024/2025;4;42;2;386
3528;2024/2025;5;30;2;386
3529;2023/2024;1;57;3;386
3530;2023/2024;2;42;2;386
3531;2023/2024;3;41;2;386
3532;2023/2024;4;28;2;386
3533;2023/2024;5;45;2;386
3534;2025/2026;1;39;2;387
3535;2025/2026;2;25;2;387
3536;2025/2026;3;35;2;387
3537;2025/2026;4;27;2;387
3538;2025/2026;5;37;2;387
3539;2024/2025;1;29;2;387
3540;2024/2025;2;34;2;387
3541;2024/2025;3;27;2;387
3542;2024/2025;4;38;2;387
3543;2024/2025;5;22;1;387
3544;2023/2024;1;34;2;387
3545;2023/2024;2;26;2;387
3546;2023/2024;3;40;2;387
3547;2023/2024;4;21;1;387
3548;2023/2024;5;25;2;387
3549;2025/2026;1;5;1;249
3550;2025/2026;2;6;1;249
3551;2025/2026;3;3;1;249
3552;2025/2026;4;3;1;249
3553;2025/2026;5;7;1;249
3554;2024/2025;1;6;1;249
3555;2024/2025;2;3;1;249
3556;2024/2025;3;3;1;249
3557;2024/2025;4;7;1;249
3558;2024/2025;5;2;1;249
3559;2023/2024;1;3;1;249
3560;2023/2024;2;4;1;249
3561;2023/2024;3;7;1;249
3562;2023/2024;4;2;1;249
3563;2023/2024;5;3;1;249
3564;2025/2026;1;89;4;251
3565;2025/2026;2;93;5;251
3566;2025/2026;3;120;5;251
3567;2024/2025;1;95;5;251
3568;2024/2025;2;121;5;251
3569;2024/2025;3;86;4;251
3570;2023/2024;1;116;5;251
3571;2023/2024;2;86;4;251
3572;2023/2024;3;87;4;251
3573;2025/2026;1;10;1;248
3574;2025/2026;2;7;1;248
3575;2025/2026;3;6;1;248
3576;2025/2026;4;8;1;248
3577;2025/2026;5;11;1;248
3578;2024/2025;1;7;1;248
3579;2024/2025;2;5;1;248
3580;2024/2025;3;8;1;248
3581;2024/2025;4;11;1;248
3582;2024/2025;5;13;1;248
3583;2023/2024;1;5;1;248
3584;2023/2024;2;8;1;248
3585;2023/2024;3;10;1;248
3586;2023/2024;4;13;1;248
3587;2023/2024;5;11;1;248
3588;2025/2026;1;62;3;250
3589;2025/2026;2;71;3;250
3590;2025/2026;3;63;3;250
3591;2025/2026;4;71;4;250
3592;2025/2026;5;57;3;250
3593;2024/2025;1;71;3;250
3594;2024/2025;2;63;3;250
3595;2024/2025;3;71;4;250
3596;2024/2025;4;57;3;250
3597;2024/2025;5;72;3;250
3598;2023/2024;1;60;3;250
3599;2023/2024;2;73;4;250
3600;2023/2024;3;58;3;250
3601;2023/2024;4;72;3;250
3602;2023/2024;5;84;4;250
3603;2025/2026;1;51;2;541
3604;2025/2026;2;40;2;541
3605;2025/2026;3;39;2;541
3606;2025/2026;4;56;3;541
3607;2025/2026;5;27;2;541
3608;2024/2025;1;46;2;541
3609;2024/2025;2;40;2;541
3610;2024/2025;3;61;3;541
3611;2024/2025;4;30;2;541
3612;2024/2025;5;47;2;541
3613;2023/2024;1;45;2;541
3614;2023/2024;2;61;3;541
3615;2023/2024;3;27;2;541
3616;2023/2024;4;45;2;541
3617;2023/2024;5;43;2;541
3618;2025/2026;1;10;1;543
3619;2025/2026;2;19;1;543
3620;2025/2026;3;13;1;543
3621;2025/2026;5;7;1;543
3622;2024/2025;1;19;1;543
3623;2024/2025;2;15;1;543
3624;2024/2025;4;7;1;543
3625;2024/2025;5;8;1;543
3626;2023/2024;1;17;1;543
3627;2023/2024;3;8;1;543
3628;2023/2024;4;8;1;543
3629;2023/2024;5;2;1;543
3630;2025/2026;1;51;2;542
3631;2025/2026;2;56;3;542
3632;2025/2026;3;34;2;542
3633;2025/2026;4;38;2;542
3634;2025/2026;5;35;2;542
3635;2024/2025;1;56;3;542
3636;2024/2025;2;34;2;542
3637;2024/2025;3;38;2;542
3638;2024/2025;4;37;2;542
3639;2024/2025;5;32;2;542
3640;2023/2024;1;41;2;542
3641;2023/2024;2;34;2;542
3642;2023/2024;3;44;3;542
3643;2023/2024;4;33;2;542
3644;2023/2024;5;14;1;542
3645;2025/2026;1;10;1;540
3646;2025/2026;2;16;1;540
3647;2025/2026;3;20;1;540
3648;2025/2026;4;20;1;540
3649;2025/2026;5;20;1;540
3650;2024/2025;1;20;1;540
3651;2024/2025;2;21;1;540
3652;2024/2025;3;22;1;540
3653;2024/2025;4;20;1;540
3654;2024/2025;5;15;1;540
3655;2023/2024;1;24;1;540
3656;2023/2024;2;21;1;540
3657;2023/2024;3;20;1;540
3658;2023/2024;4;15;1;540
3659;2023/2024;5;15;1;540
3660;2025/2026;1;27;2;192
3661;2025/2026;2;24;2;192
3662;2025/2026;3;19;1;192
3663;2025/2026;4;22;1;192
3664;2025/2026;5;27;1;192
3665;2024/2025;1;26;2;192
3666;2024/2025;2;20;1;192
3667;2024/2025;3;23;1;192
3668;2024/2025;4;27;1;192
3669;2024/2025;5;23;1;192
3670;2023/2024;1;21;1;192
3671;2023/2024;2;21;1;192
3672;2023/2024;3;25;1;192
3673;2023/2024;4;23;1;192
3674;2023/2024;5;26;1;192
3675;2025/2026;1;55;3;545
3676;2025/2026;2;60;3;545
3677;2025/2026;3;30;2;545
3678;2025/2026;4;36;2;545
3679;2025/2026;5;34;2;545
3680;2024/2025;1;65;3;545
3681;2024/2025;2;34;2;545
3682;2024/2025;3;39;2;545
3683;2024/2025;4;35;2;545
3684;2024/2025;5;17;1;545
3685;2023/2024;1;44;2;545
3686;2023/2024;2;43;3;545
3687;2023/2024;3;37;2;545
3688;2023/2024;4;16;1;545
3689;2023/2024;5;43;2;545
3690;2025/2026;1;36;2;194
3691;2025/2026;2;41;2;194
3692;2025/2026;3;42;2;194
3693;2024/2025;1;42;2;194
3694;2024/2025;2;42;2;194
3695;2024/2025;3;44;2;194
3696;2023/2024;1;42;2;194
3697;2023/2024;2;44;2;194
3698;2023/2024;3;51;2;194
3699;2025/2026;1;49;2;544
3700;2025/2026;2;48;3;544
3701;2025/2026;3;54;3;544
3702;2025/2026;4;37;2;544
3703;2025/2026;5;51;3;544
3704;2024/2025;1;54;3;544
3705;2024/2025;2;59;3;544
3706;2024/2025;3;42;2;544
3707;2024/2025;4;57;3;544
3708;2024/2025;5;56;3;544
3709;2023/2024;1;64;3;544
3710;2023/2024;2;42;2;544
3711;2023/2024;3;63;3;544
3712;2023/2024;4;57;3;544
3713;2023/2024;5;54;3;544
3714;2025/2026;1;19;1;193
3715;2025/2026;2;8;1;193
3716;2025/2026;3;16;1;193
3717;2025/2026;4;22;1;193
3718;2025/2026;5;22;1;193
3719;2024/2025;1;8;1;193
3720;2024/2025;2;15;1;193
3721;2024/2025;3;22;1;193
3722;2024/2025;4;22;1;193
3723;2024/2025;5;14;1;193
3724;2023/2024;1;16;1;193
3725;2023/2024;2;23;1;193
3726;2023/2024;3;21;1;193
3727;2023/2024;4;14;1;193
3728;2023/2024;5;14;1;193
3729;2025/2026;0;91;0;661
3730;2024/2025;0;95;0;661
3731;2023/2024;0;87;0;661
3732;2025/2026;0;42;0;676
3733;2024/2025;0;45;0;676
3734;2023/2024;0;38;0;676
3735;2025/2026;0;53;0;671
3736;2024/2025;0;50;0;671
3737;2023/2024;0;49;0;671
3738;2025/2026;0;46;0;630
3739;2024/2025;0;51;0;630
3740;2023/2024;0;64;0;630
3741;2025/2026;1;25;1;149
3742;2025/2026;2;9;1;149
3743;2025/2026;3;12;1;149
3744;2025/2026;4;20;1;149
3745;2025/2026;5;15;1;149
3746;2024/2025;1;13;1;149
3747;2024/2025;2;10;1;149
3748;2024/2025;3;23;1;149
3749;2024/2025;4;17;1;149
3750;2024/2025;5;17;1;149
3751;2023/2024;1;15;1;149
3752;2023/2024;2;21;1;149
3753;2023/2024;3;16;1;149
3754;2023/2024;4;18;1;149
3755;2023/2024;5;17;1;149
3756;2025/2026;1;10;1;148
3757;2025/2026;2;18;1;148
3758;2025/2026;3;11;1;148
3759;2025/2026;4;10;1;148
3760;2025/2026;5;9;1;148
3761;2024/2025;1;17;1;148
3762;2024/2025;2;10;1;148
3763;2024/2025;3;13;1;148
3764;2024/2025;4;11;1;148
3765;2024/2025;5;13;1;148
3766;2023/2024;1;7;1;148
3767;2023/2024;2;17;1;148
3768;2023/2024;3;13;1;148
3769;2023/2024;4;11;1;148
3770;2023/2024;5;16;1;148
3771;2025/2026;1;22;1;150
3772;2025/2026;2;13;1;150
3773;2025/2026;3;10;1;150
3774;2025/2026;4;17;1;150
3775;2025/2026;5;12;1;150
3776;2024/2025;1;15;1;150
3777;2024/2025;2;7;1;150
3778;2024/2025;3;15;1;150
3779;2024/2025;4;13;1;150
3780;2024/2025;5;10;1;150
3781;2023/2024;1;7;1;150
3782;2023/2024;2;15;1;150
3783;2023/2024;3;11;1;150
3784;2023/2024;4;10;1;150
3785;2025/2026;1;76;4;153
3786;2025/2026;2;93;4;153
3787;2025/2026;3;76;3;153
3788;2024/2025;1;91;4;153
3789;2024/2025;2;77;3;153
3790;2024/2025;3;106;4;153
3791;2023/2024;1;75;3;153
3792;2023/2024;2;105;4;153
3793;2023/2024;3;107;4;153
3794;2025/2026;1;19;1;152
3795;2025/2026;2;26;1;152
3796;2025/2026;3;27;1;152
3797;2025/2026;4;17;1;152
3798;2025/2026;5;27;1;152
3799;2024/2025;1;27;1;152
3800;2024/2025;2;27;1;152
3801;2024/2025;3;19;1;152
3802;2024/2025;4;26;1;152
3803;2024/2025;5;26;1;152
3804;2023/2024;1;27;1;152
3805;2023/2024;2;15;1;152
3806;2023/2024;3;27;1;152
3807;2023/2024;4;26;1;152
3808;2023/2024;5;23;1;152
3809;2025/2026;1;27;2;507
3810;2025/2026;2;13;1;507
3811;2025/2026;3;21;1;507
3812;2025/2026;4;24;1;507
3813;2025/2026;5;12;1;507
3814;2024/2025;1;16;1;507
3815;2024/2025;2;20;1;507
3816;2024/2025;3;22;1;507
3817;2024/2025;4;13;1;507
3818;2024/2025;5;16;1;507
3819;2023/2024;1;18;1;507
3820;2023/2024;2;24;1;507
3821;2023/2024;3;14;1;507
3822;2023/2024;4;17;1;507
3823;2023/2024;5;17;1;507
3824;2025/2026;1;36;2;151
3825;2025/2026;2;37;2;151
3826;2025/2026;3;45;2;151
3827;2025/2026;4;45;2;151
3828;2025/2026;5;32;2;151
3829;2024/2025;1;35;2;151
3830;2024/2025;2;44;2;151
3831;2024/2025;3;47;2;151
3832;2024/2025;4;33;2;151
3833;2024/2025;5;19;1;151
3834;2023/2024;1;46;2;151
3835;2023/2024;2;46;2;151
3836;2023/2024;3;28;2;151
3837;2023/2024;4;18;1;151
3838;2023/2024;5;27;1;151
3839;2025/2026;1;7;1;510
3840;2025/2026;3;14;1;510
3841;2025/2026;4;6;1;510
3842;2025/2026;5;17;1;510
3843;2024/2025;2;13;1;510
3844;2024/2025;3;6;1;510
3845;2024/2025;4;17;1;510
3846;2024/2025;5;13;1;510
3847;2023/2024;1;15;1;510
3848;2023/2024;2;9;1;510
3849;2023/2024;3;17;1;510
3850;2023/2024;4;13;1;510
3851;2023/2024;5;25;2;510
3852;2025/2026;1;18;1;508
3853;2025/2026;2;17;1;508
3854;2025/2026;3;14;1;508
3855;2025/2026;4;13;1;508
3856;2024/2025;1;14;1;508
3857;2024/2025;2;16;1;508
3858;2024/2025;3;13;1;508
3859;2023/2024;1;16;1;508
3860;2023/2024;2;15;1;508
3861;2025/2026;1;28;2;511
3862;2025/2026;2;35;2;511
3863;2025/2026;3;39;2;511
3864;2024/2025;1;32;2;511
3865;2024/2025;2;37;2;511
3866;2024/2025;3;42;2;511
3867;2023/2024;1;37;2;511
3868;2023/2024;2;40;2;511
3869;2023/2024;3;41;2;511
3870;2025/2026;1;16;1;509
3871;2025/2026;2;7;1;509
3872;2025/2026;3;21;1;509
3873;2025/2026;4;18;1;509
3874;2025/2026;5;16;1;509
3875;2024/2025;1;12;1;509
3876;2024/2025;2;20;1;509
3877;2024/2025;3;15;1;509
3878;2024/2025;4;15;1;509
3879;2024/2025;5;15;1;509
3880;2023/2024;1;19;1;509
3881;2023/2024;2;13;1;509
3882;2023/2024;3;15;1;509
3883;2023/2024;4;13;1;509
3884;2023/2024;5;12;1;509
3885;2025/2026;1;10;1;450
3886;2025/2026;2;11;2;450
3887;2025/2026;3;17;2;450
3888;2025/2026;1;10;1;450
3889;2025/2026;2;11;2;450
3890;2025/2026;3;17;2;450
3891;2024/2025;1;17;1;450
3892;2024/2025;2;15;2;450
3893;2024/2025;3;11;2;450
3894;2024/2025;1;17;1;450
3895;2024/2025;2;15;2;450
3896;2024/2025;3;11;2;450
3897;2023/2024;3;15;2;450
3898;2023/2024;1;16;1;450
3899;2023/2024;2;18;2;450
3900;2023/2024;1;16;1;450
3901;2023/2024;2;18;2;450
3902;2023/2024;3;15;2;450
3903;2025/2026;5;23;1;447
3904;2024/2025;5;25;1;447
3905;2025/2026;0;36;0;629
3906;2024/2025;0;45;0;629
3907;2023/2024;0;44;0;629
3908;2025/2026;1;29;2;448
3909;2025/2026;2;25;1;448
3910;2025/2026;3;26;2;448
3911;2025/2026;4;20;1;448
3912;2024/2025;1;34;2;448
3913;2024/2025;2;30;2;448
3914;2024/2025;3;23;1;448
3915;2024/2025;4;15;1;448
3916;2023/2024;1;35;2;448
3917;2023/2024;2;20;1;448
3918;2023/2024;3;16;1;448
3919;2023/2024;4;17;1;448
3920;2025/2026;1;146;7;30
3921;2025/2026;2;115;6;30
3922;2025/2026;3;90;5;30
3923;2025/2026;4;62;4;30
3924;2024/2025;1;134;6;30
3925;2024/2025;2;105;5;30
3926;2024/2025;3;97;5;30
3927;2024/2025;4;58;4;30
3928;2023/2024;1;118;5;30
3929;2023/2024;2;101;5;30
3930;2023/2024;3;103;6;30
3931;2023/2024;4;60;4;30
3932;2023/2024;5;21;1;30
3933;2025/2026;0;41;0;600
3934;2024/2025;0;40;0;600
3935;2023/2024;0;38;0;600
3936;2025/2026;1;62;3;449
3937;2025/2026;2;66;3;449
3938;2025/2026;3;54;3;449
3939;2025/2026;4;38;2;449
3940;2024/2025;1;66;3;449
3941;2024/2025;2;71;3;449
3942;2024/2025;3;50;3;449
3943;2024/2025;4;34;2;449
3944;2023/2024;1;76;3;449
3945;2023/2024;2;66;4;449
3946;2023/2024;3;56;3;449
3947;2023/2024;4;31;2;449
3948;2025/2026;1;80;4;548
3949;2025/2026;2;72;4;548
3950;2025/2026;3;74;4;548
3951;2025/2026;4;63;4;548
3952;2025/2026;5;96;5;548
3953;2024/2025;1;76;4;548
3954;2024/2025;2;79;4;548
3955;2024/2025;3;69;4;548
3956;2024/2025;4;97;5;548
3957;2024/2025;5;58;3;548
3958;2023/2024;1;88;4;548
3959;2023/2024;2;69;4;548
3960;2023/2024;3;106;5;548
3961;2023/2024;4;60;3;548
3962;2023/2024;5;81;5;548
3963;2025/2026;5;35;3;29
3964;2024/2025;5;38;3;29
3965;2025/2026;0;77;0;705
3966;2024/2025;0;80;0;705
3967;2023/2024;0;80;0;705
3968;2025/2026;1;48;2;547
3969;2025/2026;2;46;2;547
3970;2025/2026;3;41;2;547
3971;2025/2026;4;40;2;547
3972;2025/2026;5;42;2;547
3973;2024/2025;1;47;2;547
3974;2024/2025;2;38;2;547
3975;2024/2025;3;43;2;547
3976;2024/2025;4;44;2;547
3977;2024/2025;5;36;2;547
3978;2023/2024;1;46;2;547
3979;2023/2024;2;45;2;547
3980;2023/2024;3;45;2;547
3981;2023/2024;4;35;2;547
3982;2023/2024;5;52;3;547
3983;2025/2026;1;17;1;546
3984;2025/2026;2;11;1;546
3985;2025/2026;3;17;1;546
3986;2025/2026;4;17;1;546
3987;2025/2026;5;21;1;546
3988;2024/2025;1;15;1;546
3989;2024/2025;2;15;1;546
3990;2024/2025;3;19;1;546
3991;2024/2025;4;21;1;546
3992;2024/2025;5;10;1;546
3993;2023/2024;1;15;1;546
3994;2023/2024;2;19;1;546
3995;2023/2024;3;22;1;546
3996;2023/2024;4;10;1;546
3997;2023/2024;5;18;1;546
3998;2025/2026;0;30;0;721
3999;2024/2025;0;31;0;721
4000;2023/2024;0;34;0;721
4001;2025/2026;0;52;0;625
4002;2024/2025;0;59;0;625
4003;2023/2024;0;63;0;625
4004;2025/2026;1;61;3;549
4005;2025/2026;2;46;3;549
4006;2025/2026;3;62;3;549
4007;2025/2026;4;57;3;549
4008;2025/2026;5;47;3;549
4009;2024/2025;1;56;3;549
4010;2024/2025;2;68;3;549
4011;2024/2025;3;58;3;549
4012;2024/2025;4;50;3;549
4013;2024/2025;5;58;3;549
4014;2023/2024;1;76;3;549
4015;2023/2024;2;62;3;549
4016;2023/2024;3;58;3;549
4017;2023/2024;4;59;3;549
4018;2023/2024;5;48;3;549
4019;2025/2026;1;35;2;258
4020;2025/2026;2;32;2;258
4021;2025/2026;3;19;2;258
4022;2025/2026;4;17;2;258
4023;2025/2026;5;13;2;258
4024;2024/2025;1;40;2;258
4025;2024/2025;2;26;1;258
4026;2024/2025;3;19;3;258
4027;2024/2025;4;14;2;258
4028;2024/2025;5;16;2;258
4029;2023/2024;1;28;1;258
4030;2023/2024;2;17;1;258
4031;2023/2024;3;19;2;258
4032;2023/2024;4;17;2;258
4033;2023/2024;5;25;2;258
4034;2025/2026;1;18;1;259
4035;2025/2026;2;14;1;259
4036;2025/2026;3;6;2;259
4037;2025/2026;4;7;2;259
4038;2025/2026;5;6;1;259
4039;2024/2025;1;17;1;259
4040;2024/2025;2;5;1;259
4041;2024/2025;3;7;1;259
4042;2024/2025;4;4;1;259
4043;2024/2025;5;24;1;259
4044;2023/2024;1;12;1;259
4045;2023/2024;2;10;1;259
4046;2023/2024;3;5;1;259
4047;2023/2024;4;25;1;259
4048;2023/2024;5;16;1;259
4049;2025/2026;1;11;1;260
4050;2025/2026;2;25;1;260
4051;2025/2026;3;14;1;260
4052;2025/2026;4;11;1;260
4053;2025/2026;5;18;1;260
4054;2024/2025;1;24;1;260
4055;2024/2025;2;15;1;260
4056;2024/2025;3;11;1;260
4057;2024/2025;4;18;1;260
4058;2024/2025;5;22;1;260
4059;2023/2024;1;13;1;260
4060;2023/2024;2;17;1;260
4061;2023/2024;3;16;1;260
4062;2023/2024;4;22;1;260
4063;2023/2024;5;14;1;260
4064;2025/2026;1;6;1;261
4065;2025/2026;2;3;1;261
4066;2025/2026;3;4;1;261
4067;2025/2026;4;3;1;261
4068;2025/2026;5;3;1;261
4069;2024/2025;1;4;1;261
4070;2024/2025;2;4;1;261
4071;2024/2025;3;2;1;261
4072;2024/2025;4;4;2;261
4073;2023/2024;1;3;1;261
4074;2023/2024;2;2;1;261
4075;2023/2024;3;4;2;261
4076;2023/2024;4;1;1;261
4077;2023/2024;5;4;2;261
4078;2025/2026;1;23;1;262
4079;2025/2026;2;28;2;262
4080;2025/2026;3;25;2;262
4081;2025/2026;4;24;1;262
4082;2025/2026;5;32;2;262
4083;2024/2025;1;27;2;262
4084;2024/2025;2;25;2;262
4085;2024/2025;3;24;1;262
4086;2024/2025;4;34;2;262
4087;2024/2025;5;28;2;262
4088;2023/2024;1;26;2;262
4089;2023/2024;2;24;1;262
4090;2023/2024;3;33;2;262
4091;2023/2024;4;26;2;262
4092;2023/2024;5;55;3;262
4093;2025/2026;1;15;1;263
4094;2025/2026;2;10;1;263
4095;2025/2026;3;16;1;263
4096;2025/2026;4;9;1;263
4097;2025/2026;5;19;1;263
4098;2024/2025;1;10;1;263
4099;2024/2025;2;16;1;263
4100;2024/2025;3;9;1;263
4101;2024/2025;4;19;1;263
4102;2024/2025;5;17;1;263
4103;2023/2024;1;15;1;263
4104;2023/2024;2;9;1;263
4105;2023/2024;3;17;1;263
4106;2023/2024;4;17;1;263
4107;2023/2024;5;21;1;263
4108;2025/2026;1;41;2;265
4109;2025/2026;2;68;3;265
4110;2025/2026;3;47;2;265
4111;2024/2025;1;70;3;265
4112;2024/2025;2;48;2;265
4113;2024/2025;3;55;3;265
4114;2023/2024;1;46;2;265
4115;2023/2024;2;56;3;265
4116;2023/2024;3;62;3;265
4117;2025/2026;1;9;1;264
4118;2025/2026;2;19;1;264
4119;2025/2026;3;13;1;264
4120;2025/2026;4;19;1;264
4121;2025/2026;5;16;1;264
4122;2024/2025;1;19;1;264
4123;2024/2025;2;13;1;264
4124;2024/2025;3;20;1;264
4125;2024/2025;4;16;1;264
4126;2024/2025;5;23;2;264
4127;2023/2024;1;15;1;264
4128;2023/2024;2;20;1;264
4129;2023/2024;3;16;1;264
4130;2023/2024;4;24;2;264
4131;2023/2024;5;18;1;264
4132;2025/2026;1;17;1;266
4133;2025/2026;2;21;1;266
4134;2025/2026;3;19;1;266
4135;2024/2025;1;21;1;266
4136;2024/2025;2;19;1;266
4137;2024/2025;3;20;1;266
4138;2023/2024;1;19;1;266
4139;2023/2024;2;21;1;266
4140;2023/2024;3;21;1;266
4141;2025/2026;0;106;0;725
4142;2024/2025;0;110;0;725
4143;2023/2024;0;104;0;725
4144;2025/2026;1;36;2;739
4145;2025/2026;2;47;2;739
4146;2025/2026;3;38;2;739
4147;2024/2025;1;46;2;739
4148;2024/2025;2;41;2;739
4149;2024/2025;3;39;2;739
4150;2023/2024;1;41;2;739
4151;2023/2024;2;39;2;739
4152;2023/2024;3;24;1;739
4153;2025/2026;1;11;1;285
4154;2025/2026;2;9;1;285
4155;2025/2026;3;19;1;285
4156;2025/2026;4;7;1;285
4157;2025/2026;5;8;1;285
4158;2024/2025;1;10;1;285
4159;2024/2025;2;18;1;285
4160;2024/2025;3;7;1;285
4161;2024/2025;4;8;1;285
4162;2024/2025;5;11;1;285
4163;2023/2024;1;18;1;285
4164;2023/2024;2;7;1;285
4165;2023/2024;3;8;1;285
4166;2023/2024;4;11;1;285
4167;2023/2024;5;6;1;285
4168;2025/2026;1;24;1;738
4169;2025/2026;2;34;2;738
4170;2025/2026;3;18;1;738
4171;2025/2026;4;39;2;738
4172;2025/2026;5;25;1;738
4173;2024/2025;1;34;2;738
4174;2024/2025;2;19;1;738
4175;2024/2025;3;38;2;738
4176;2024/2025;4;25;1;738
4177;2024/2025;5;18;1;738
4178;2023/2024;1;16;1;738
4179;2023/2024;2;38;2;738
4180;2023/2024;3;25;1;738
4181;2023/2024;4;15;1;738
4182;2023/2024;5;27;1;738
4183;2025/2026;1;16;1;286
4184;2025/2026;2;10;1;286
4185;2025/2026;3;13;1;286
4186;2025/2026;4;19;1;286
4187;2025/2026;5;12;1;286
4188;2024/2025;1;10;1;286
4189;2024/2025;2;13;1;286
4190;2024/2025;3;17;1;286
4191;2024/2025;4;12;1;286
4192;2024/2025;5;9;1;286
4193;2023/2024;1;12;1;286
4194;2023/2024;2;18;1;286
4195;2023/2024;3;12;1;286
4196;2023/2024;4;10;1;286
4197;2023/2024;5;13;1;286
4198;2025/2026;1;14;1;288
4199;2025/2026;2;4;1;288
4200;2025/2026;3;7;1;288
4201;2025/2026;4;9;1;288
4202;2025/2026;5;7;1;288
4203;2024/2025;1;4;1;288
4204;2024/2025;2;6;1;288
4205;2024/2025;3;9;1;288
4206;2024/2025;4;7;1;288
4207;2024/2025;5;15;1;288
4208;2023/2024;1;6;1;288
4209;2023/2024;2;9;1;288
4210;2023/2024;3;8;1;288
4211;2023/2024;4;15;1;288
4212;2023/2024;5;12;1;288
4213;2025/2026;1;20;1;287
4214;2025/2026;2;40;2;287
4215;2025/2026;3;20;1;287
4216;2025/2026;4;30;2;287
4217;2025/2026;5;30;2;287
4218;2024/2025;1;38;2;287
4219;2024/2025;2;23;1;287
4220;2024/2025;3;30;2;287
4221;2024/2025;4;30;2;287
4222;2024/2025;5;24;1;287
4223;2023/2024;1;23;1;287
4224;2023/2024;2;29;2;287
4225;2023/2024;3;29;2;287
4226;2023/2024;4;23;1;287
4227;2023/2024;5;32;2;287
4228;2025/2026;0;40;0;626
4229;2024/2025;0;36;0;626
4230;2023/2024;0;32;0;626
4231;2025/2026;1;21;1;289
4232;2025/2026;2;9;1;289
4233;2025/2026;3;14;1;289
4234;2025/2026;4;25;1;289
4235;2025/2026;5;12;1;289
4236;2024/2025;1;8;1;289
4237;2024/2025;2;15;1;289
4238;2024/2025;3;25;1;289
4239;2024/2025;4;13;1;289
4240;2024/2025;5;20;1;289
4241;2023/2024;1;14;1;289
4242;2023/2024;2;25;1;289
4243;2023/2024;3;12;1;289
4244;2023/2024;4;20;1;289
4245;2023/2024;5;15;1;289
4246;2025/2026;1;25;1;512
4247;2025/2026;2;22;1;512
4248;2025/2026;3;21;1;512
4249;2025/2026;4;21;1;512
4250;2025/2026;5;22;1;512
4251;2024/2025;1;23;1;512
4252;2024/2025;2;22;1;512
4253;2024/2025;3;21;1;512
4254;2024/2025;4;22;1;512
4255;2024/2025;5;19;1;512
4256;2023/2024;1;23;1;512
4257;2023/2024;2;24;1;512
4258;2023/2024;3;22;1;512
4259;2023/2024;4;20;1;512
4260;2023/2024;5;19;1;512
4261;2025/2026;1;86;4;290
4262;2025/2026;2;80;4;290
4263;2025/2026;3;87;4;290
4264;2024/2025;1;80;4;290
4265;2024/2025;2;87;4;290
4266;2024/2025;3;86;4;290
4267;2023/2024;1;90;4;290
4268;2023/2024;2;86;4;290
4269;2023/2024;3;79;4;290
4270;2025/2026;1;16;1;514
4271;2025/2026;2;21;1;514
4272;2024/2025;1;21;1;514
4273;2025/2026;0;26;0;604
4274;2024/2025;0;31;0;604
4275;2023/2024;0;23;0;604
4276;2025/2026;1;17;1;513
4277;2025/2026;2;16;1;513
4278;2025/2026;3;18;1;513
4279;2025/2026;4;18;1;513
4280;2024/2025;1;17;1;513
4281;2024/2025;2;18;1;513
4282;2024/2025;3;19;1;513
4283;2024/2025;4;20;1;513
4284;2023/2024;1;20;1;513
4285;2023/2024;2;19;1;513
4286;2023/2024;3;20;1;513
4287;2023/2024;4;20;1;513
4288;2025/2026;1;46;2;515
4289;2025/2026;2;36;2;515
4290;2025/2026;3;48;2;515
4291;2025/2026;4;42;2;515
4292;2025/2026;5;46;2;515
4293;2024/2025;1;37;2;515
4294;2024/2025;2;46;2;515
4295;2024/2025;3;41;2;515
4296;2024/2025;4;44;2;515
4297;2024/2025;5;47;2;515
4298;2023/2024;1;46;2;515
4299;2023/2024;2;38;2;515
4300;2023/2024;3;43;2;515
4301;2023/2024;4;44;2;515
4302;2023/2024;5;41;2;515
4303;2025/2026;1;67;3;516
4304;2025/2026;2;65;3;516
4305;2025/2026;3;59;3;516
4306;2024/2025;1;67;3;516
4307;2024/2025;2;59;3;516
4308;2024/2025;3;59;3;516
4309;2023/2024;1;61;3;516
4310;2023/2024;2;62;3;516
4311;2023/2024;3;65;3;516
4312;2025/2026;0;63;0;687
4313;2024/2025;0;60;0;687
4314;2023/2024;0;58;0;687
4315;2025/2026;2;12;1;501
4316;2025/2026;3;27;3;501
4317;2025/2026;2;12;1;501
4318;2025/2026;3;9;1;501
4319;2025/2026;4;6;1;501
4320;2025/2026;5;9;1;501
4321;2024/2025;2;11;1;501
4322;2024/2025;3;24;3;501
4323;2024/2025;2;11;1;501
4324;2024/2025;3;8;1;501
4325;2024/2025;4;11;1;501
4326;2024/2025;5;6;1;501
4327;2023/2024;2;8;1;501
4328;2023/2024;3;27;3;501
4329;2023/2024;2;8;1;501
4330;2023/2024;3;9;1;501
4331;2023/2024;4;13;1;501
4332;2023/2024;5;12;1;501
4333;2025/2026;1;82;1;499
4334;2025/2026;3;44;2;499
4335;2025/2026;1;82;1;499
4336;2025/2026;3;39;2;499
4337;2024/2025;1;111;1;499
4338;2024/2025;3;75;3;499
4339;2024/2025;1;111;1;499
4340;2024/2025;3;51;3;499
4341;2023/2024;1;100;1;499
4342;2023/2024;3;40;2;499
4343;2023/2024;1;100;1;499
4344;2023/2024;3;39;2;499
4345;2025/2026;1;86;4;500
4346;2025/2026;2;70;4;500
4347;2025/2026;3;62;4;500
4348;2025/2026;4;43;2;500
4349;2025/2026;5;58;3;500
4350;2024/2025;1;85;4;500
4351;2024/2025;2;68;4;500
4352;2024/2025;3;49;3;500
4353;2024/2025;4;61;3;500
4354;2024/2025;5;62;3;500
4355;2023/2024;1;84;4;500
4356;2023/2024;2;65;3;500
4357;2023/2024;3;67;3;500
4358;2023/2024;4;64;3;500
4359;2023/2024;5;45;3;500
4360;2025/2026;1;32;2;505
4361;2025/2026;2;43;2;505
4362;2025/2026;3;32;2;505
4363;2025/2026;4;35;2;505
4364;2025/2026;5;27;2;505
4365;2024/2025;1;44;2;505
4366;2024/2025;2;37;2;505
4367;2024/2025;3;37;2;505
4368;2024/2025;4;28;2;505
4369;2024/2025;5;44;2;505
4370;2023/2024;1;40;2;505
4371;2023/2024;2;39;2;505
4372;2023/2024;3;28;2;505
4373;2023/2024;4;42;2;505
4374;2023/2024;5;35;2;505
4375;2025/2026;1;52;3;502
4376;2025/2026;2;37;2;502
4377;2025/2026;3;28;2;502
4378;2025/2026;4;24;2;502
4379;2025/2026;5;24;2;502
4380;2024/2025;1;49;2;502
4381;2024/2025;2;34;2;502
4382;2024/2025;3;28;2;502
4383;2024/2025;4;26;2;502
4384;2024/2025;5;24;2;502
4385;2023/2024;1;46;2;502
4386;2023/2024;2;31;2;502
4387;2023/2024;3;30;2;502
4388;2023/2024;4;32;2;502
4389;2023/2024;5;13;2;502
4390;2025/2026;1;59;3;504
4391;2025/2026;2;46;2;504
4392;2025/2026;3;35;2;504
4393;2025/2026;4;46;2;504
4394;2025/2026;5;42;2;504
4395;2024/2025;1;51;2;504
4396;2024/2025;2;31;2;504
4397;2024/2025;3;48;2;504
4398;2024/2025;4;40;2;504
4399;2024/2025;5;35;2;504
4400;2023/2024;1;37;2;504
4401;2023/2024;2;46;2;504
4402;2023/2024;3;39;2;504
4403;2023/2024;4;37;2;504
4404;2023/2024;5;39;2;504
4405;2025/2026;1;22;1;365
4406;2025/2026;2;30;2;365
4407;2025/2026;3;30;2;365
4408;2025/2026;4;30;2;365
4409;2025/2026;5;36;2;365
4410;2024/2025;1;31;2;365
4411;2024/2025;2;30;2;365
4412;2024/2025;3;32;2;365
4413;2024/2025;4;37;2;365
4414;2024/2025;5;27;2;365
4415;2023/2024;1;28;2;365
4416;2023/2024;2;31;2;365
4417;2023/2024;3;37;2;365
4418;2023/2024;4;25;2;365
4419;2023/2024;5;22;1;365
4420;2025/2026;1;54;3;506
4421;2025/2026;2;54;3;506
4422;2025/2026;3;25;2;506
4423;2025/2026;4;48;3;506
4424;2025/2026;5;24;2;506
4425;2024/2025;1;65;3;506
4426;2024/2025;2;29;2;506
4427;2024/2025;3;47;3;506
4428;2024/2025;4;35;3;506
4429;2024/2025;5;22;1;506
4430;2023/2024;1;35;2;506
4431;2023/2024;2;50;3;506
4432;2023/2024;3;40;3;506
4433;2023/2024;4;34;2;506
4434;2023/2024;5;18;1;506
4435;2025/2026;1;7;1;503
4436;2025/2026;1;8;1;364
4437;2025/2026;2;14;1;364
4438;2025/2026;3;8;1;364
4439;2025/2026;4;21;1;364
4440;2025/2026;5;10;1;364
4441;2024/2025;1;14;1;364
4442;2024/2025;2;8;1;364
4443;2024/2025;3;21;1;364
4444;2024/2025;4;10;1;364
4445;2024/2025;5;13;1;364
4446;2023/2024;1;8;1;364
4447;2023/2024;2;21;1;364
4448;2023/2024;3;12;1;364
4449;2023/2024;4;12;1;364
4450;2023/2024;5;11;1;364
4451;2025/2026;0;20;0;683
4452;2024/2025;0;23;0;683
4453;2023/2024;0;25;0;683
4454;2025/2026;1;39;2;368
4455;2025/2026;2;44;2;368
4456;2025/2026;3;54;3;368
4457;2024/2025;1;44;2;368
4458;2024/2025;2;53;3;368
4459;2024/2025;3;50;3;368
4460;2023/2024;1;51;3;368
4461;2023/2024;2;50;3;368
4462;2023/2024;3;50;3;368
4463;2025/2026;1;25;2;366
4464;2025/2026;2;39;2;366
4465;2025/2026;3;44;2;366
4466;2025/2026;4;35;2;366
4467;2025/2026;5;37;2;366
4468;2024/2025;1;39;2;366
4469;2024/2025;2;44;2;366
4470;2024/2025;3;35;2;366
4471;2024/2025;4;35;2;366
4472;2024/2025;5;27;2;366
4473;2023/2024;1;42;2;366
4474;2023/2024;2;35;2;366
4475;2023/2024;3;34;2;366
4476;2023/2024;4;26;2;366
4477;2023/2024;5;30;2;366
4478;2025/2026;1;33;2;452
4479;2025/2026;2;23;2;452
4480;2025/2026;3;23;2;452
4481;2025/2026;4;15;1;452
4482;2024/2025;1;32;2;452
4483;2024/2025;2;25;2;452
4484;2024/2025;3;25;2;452
4485;2024/2025;4;16;1;452
4486;2023/2024;1;30;2;452
4487;2023/2024;2;25;2;452
4488;2023/2024;3;29;2;452
4489;2023/2024;4;20;1;452
4490;2025/2026;5;19;1;451
4491;2024/2025;5;15;1;451
4492;2025/2026;1;93;6;454
4493;2025/2026;2;73;4;454
4494;2025/2026;3;47;3;454
4495;2025/2026;4;35;2;454
4496;2024/2025;1;87;5;454
4497;2024/2025;2;48;3;454
4498;2024/2025;3;48;3;454
4499;2024/2025;4;40;2;454
4500;2023/2024;1;79;4;454
4501;2023/2024;2;57;3;454
4502;2023/2024;3;64;4;454
4503;2023/2024;4;35;4;454
4504;2023/2024;5;8;0;454
4505;2025/2026;1;42;2;453
4506;2025/2026;1;21;1;453
4507;2025/2026;2;19;1;453
4508;2024/2025;1;42;2;453
4509;2024/2025;1;23;1;453
4510;2025/2026;0;44;0;622
4511;2024/2025;0;55;0;622
4512;2023/2024;0;56;0;622
4513;2025/2026;1;68;4;455
4514;2025/2026;2;32;3;455
4515;2025/2026;3;8;4;455
4516;2025/2026;4;13;1;455
4517;2025/2026;1;46;3;455
4518;2025/2026;2;29;3;455
4519;2025/2026;3;9;3;455
4520;2025/2026;4;13;1;455
4521;2024/2025;1;60;4;455
4522;2024/2025;2;18;2;455
4523;2024/2025;3;23;2;455
4524;2024/2025;4;30;2;455
4525;2024/2025;1;47;4;455
4526;2024/2025;2;18;2;455
4527;2024/2025;3;23;2;455
4528;2024/2025;4;30;2;455
4529;2023/2024;4;17;1;455
4530;2023/2024;1;4;4;455
4531;2023/2024;3;68;5;455
4532;2023/2024;4;21;1;455
4533;2023/2024;1;29;3;455
4534;2023/2024;3;67;5;455
4535;2023/2024;4;38;2;455
4536;2025/2026;0;39;0;702
4537;2024/2025;0;32;0;702
4538;2023/2024;0;29;0;702
4539;2025/2026;0;117;0;673
4540;2024/2025;0;120;0;673
4541;2023/2024;0;128;0;673
4542;2025/2026;0;26;0;618
4543;2024/2025;0;37;0;618
4544;2023/2024;0;37;0;618
4545;2025/2026;1;22;1;204
4546;2025/2026;2;21;1;204
4547;2025/2026;3;22;2;204
4548;2025/2026;4;21;1;204
4549;2025/2026;5;25;2;204
4550;2024/2025;1;21;1;204
4551;2024/2025;2;24;2;204
4552;2024/2025;3;21;1;204
4553;2024/2025;4;27;2;204
4554;2024/2025;5;19;1;204
4555;2023/2024;1;25;2;204
4556;2023/2024;2;22;1;204
4557;2023/2024;3;28;2;204
4558;2023/2024;4;21;1;204
4559;2023/2024;5;28;2;204
4560;2025/2026;0;13;0;627
4561;2024/2025;0;20;0;627
4562;2023/2024;0;22;0;627
4563;2025/2026;1;6;1;203
4564;2025/2026;2;9;1;203
4565;2025/2026;3;7;1;203
4566;2025/2026;4;12;1;203
4567;2025/2026;5;10;1;203
4568;2024/2025;1;10;1;203
4569;2024/2025;2;7;1;203
4570;2024/2025;3;12;1;203
4571;2024/2025;4;10;1;203
4572;2024/2025;5;11;1;203
4573;2023/2024;1;11;1;203
4574;2023/2024;2;17;1;203
4575;2023/2024;3;14;1;203
4576;2023/2024;4;15;1;203
4577;2023/2024;5;12;1;203
4578;2025/2026;1;7;1;205
4579;2025/2026;2;7;1;205
4580;2025/2026;3;12;1;205
4581;2025/2026;4;15;1;205
4582;2025/2026;5;11;1;205
4583;2024/2025;1;7;1;205
4584;2024/2025;2;12;1;205
4585;2024/2025;3;15;1;205
4586;2024/2025;4;11;1;205
4587;2024/2025;5;14;1;205
4588;2023/2024;1;13;1;205
4589;2023/2024;2;14;1;205
4590;2023/2024;3;10;1;205
4591;2023/2024;4;14;1;205
4592;2023/2024;5;8;1;205
4593;2025/2026;1;28;2;367
4594;2025/2026;2;25;2;367
4595;2025/2026;3;31;2;367
4596;2024/2025;1;26;2;367
4597;2024/2025;2;29;2;367
4598;2024/2025;3;38;2;367
4599;2023/2024;1;29;2;367
4600;2023/2024;2;40;2;367
4601;2023/2024;3;27;2;367
4602;2025/2026;1;27;2;206
4603;2025/2026;2;18;1;206
4604;2025/2026;3;17;1;206
4605;2025/2026;4;17;1;206
4606;2025/2026;5;16;1;206
4607;2024/2025;1;19;1;206
4608;2024/2025;2;16;1;206
4609;2024/2025;3;18;1;206
4610;2024/2025;4;16;1;206
4611;2024/2025;5;13;1;206
4612;2023/2024;1;12;1;206
4613;2023/2024;2;12;1;206
4614;2023/2024;3;12;1;206
4615;2023/2024;4;9;1;206
4616;2023/2024;5;12;1;206
4617;2025/2026;1;14;1;207
4618;2025/2026;2;8;1;207
4619;2025/2026;3;15;1;207
4620;2025/2026;4;10;1;207
4621;2025/2026;5;8;1;207
4622;2024/2025;1;8;1;207
4623;2024/2025;2;15;1;207
4624;2024/2025;3;10;1;207
4625;2024/2025;4;8;1;207
4626;2024/2025;5;9;1;207
4627;2023/2024;1;14;1;207
4628;2023/2024;2;10;1;207
4629;2023/2024;3;8;1;207
4630;2023/2024;4;9;1;207
4631;2023/2024;5;12;1;207
4632;2025/2026;1;71;4;208
4633;2025/2026;2;69;4;208
4634;2025/2026;3;63;3;208
4635;2024/2025;1;72;4;208
4636;2024/2025;2;63;3;208
4637;2024/2025;3;92;4;208
4638;2023/2024;1;65;3;208
4639;2023/2024;2;89;4;208
4640;2023/2024;3;75;4;208
4641;2025/2026;3;135;9;539
4642;2025/2026;3;45;3;539
4643;2025/2026;4;20;3;539
4644;2025/2026;5;17;3;539
4645;2024/2025;3;165;9;539
4646;2024/2025;3;55;3;539
4647;2024/2025;4;25;4;539
4648;2024/2025;5;16;3;539
4649;2023/2024;3;153;9;539
4650;2023/2024;3;51;3;539
4651;2023/2024;4;19;4;539
4652;2023/2024;5;19;3;539
4653;2025/2026;1;353;18;538
4654;2025/2026;2;330;17;538
4655;2025/2026;3;359;20;538
4656;2025/2026;4;366;20;538
4657;2025/2026;5;326;20;538
4658;2024/2025;1;380;18;538
4659;2024/2025;2;348;18;538
4660;2024/2025;3;405;20;538
4661;2024/2025;4;347;20;538
4662;2024/2025;5;318;18;538
4663;2023/2024;1;392;18;538
4664;2023/2024;2;376;18;538
4665;2023/2024;3;381;20;538
4666;2023/2024;4;342;19;538
4667;2023/2024;5;305;17;538
4668;2025/2026;0;38;0;617
4669;2024/2025;0;36;0;617
4670;2023/2024;0;39;0;617
4671;2025/2026;1;18;1;380
4672;2025/2026;2;13;1;380
4673;2025/2026;3;8;1;380
4674;2025/2026;4;20;1;380
4675;2025/2026;5;15;1;380
4676;2024/2025;1;12;1;380
4677;2024/2025;2;8;1;380
4678;2024/2025;3;20;1;380
4679;2024/2025;4;13;1;380
4680;2024/2025;5;20;1;380
4681;2023/2024;1;8;1;380
4682;2023/2024;2;20;1;380
4683;2023/2024;3;12;1;380
4684;2023/2024;4;19;1;380
4685;2023/2024;5;17;1;380
4686;2025/2026;0;20;0;614
4687;2024/2025;0;18;0;614
4688;2023/2024;0;14;0;614
4689;2025/2026;1;123;6;383
4690;2025/2026;2;122;6;383
4691;2025/2026;3;120;5;383
4692;2024/2025;1;121;6;383
4693;2024/2025;2;116;5;383
4694;2024/2025;3;129;6;383
4695;2023/2024;1;111;5;383
4696;2023/2024;2;125;6;383
4697;2023/2024;3;110;6;383
4698;2025/2026;0;39;0;648
4699;2024/2025;0;37;0;648
4700;2023/2024;0;31;0;648
4701;2025/2026;1;38;2;381
4702;2025/2026;2;31;2;381
4703;2025/2026;3;35;2;381
4704;2025/2026;4;37;2;381
4705;2025/2026;5;32;2;381
4706;2024/2025;1;32;2;381
4707;2024/2025;2;35;2;381
4708;2024/2025;3;37;2;381
4709;2024/2025;4;30;2;381
4710;2024/2025;5;46;3;381
4711;2023/2024;1;33;2;381
4712;2023/2024;2;37;2;381
4713;2023/2024;3;30;2;381
4714;2023/2024;4;46;3;381
4715;2023/2024;5;43;2;381
4716;2025/2026;1;60;3;379
4717;2025/2026;2;57;3;379
4718;2025/2026;3;53;3;379
4719;2025/2026;4;67;4;379
4720;2025/2026;5;58;3;379
4721;2024/2025;1;57;3;379
4722;2024/2025;2;53;3;379
4723;2024/2025;3;69;4;379
4724;2024/2025;4;58;3;379
4725;2024/2025;5;56;3;379
4726;2023/2024;1;53;3;379
4727;2023/2024;2;71;4;379
4728;2023/2024;3;58;3;379
4729;2023/2024;4;59;3;379
4730;2023/2024;5;64;3;379
4731;2025/2026;0;44;0;580
4732;2024/2025;0;45;0;580
4733;2023/2024;0;38;0;580
4734;2025/2026;0;19;0;598
4735;2024/2025;0;13;0;598
4736;2023/2024;0;14;0;598
4737;2025/2026;0;60;0;601
4738;2024/2025;0;71;0;601
4739;2023/2024;0;65;0;601
4740;2024/2025;5;15;1;16
4741;2025/2026;1;32;2;17
4742;2025/2026;2;28;2;17
4743;2025/2026;3;32;2;17
4744;2025/2026;4;7;1;17
4745;2024/2025;1;32;2;17
4746;2024/2025;2;35;2;17
4747;2024/2025;3;16;2;17
4748;2024/2025;4;17;1;17
4749;2023/2024;1;38;2;17
4750;2023/2024;2;20;1;17
4751;2023/2024;3;20;2;17
4752;2023/2024;4;20;1;17
4753;2025/2026;0;38;0;703
4754;2024/2025;0;38;0;703
4755;2023/2024;0;33;0;703
4756;2025/2026;1;38;2;187
4757;2025/2026;2;46;2;187
4758;2025/2026;3;57;3;187
4759;2025/2026;4;45;2;187
4760;2025/2026;5;72;3;187
4761;2024/2025;1;49;2;187
4762;2024/2025;2;61;3;187
4763;2024/2025;3;46;2;187
4764;2024/2025;4;74;3;187
4765;2024/2025;5;60;3;187
4766;2023/2024;1;66;3;187
4767;2023/2024;2;44;2;187
4768;2023/2024;3;71;3;187
4769;2023/2024;4;64;3;187
4770;2023/2024;5;64;3;187
4771;2025/2026;1;25;2;188
4772;2025/2026;2;24;1;188
4773;2025/2026;3;30;2;188
4774;2025/2026;4;40;2;188
4775;2025/2026;5;38;2;188
4776;2024/2025;1;24;1;188
4777;2024/2025;2;31;2;188
4778;2024/2025;3;42;2;188
4779;2024/2025;4;38;2;188
4780;2024/2025;5;37;2;188
4781;2023/2024;1;32;2;188
4782;2023/2024;2;42;2;188
4783;2023/2024;3;40;2;188
4784;2023/2024;4;38;2;188
4785;2023/2024;5;35;2;188
4786;2025/2026;1;38;2;190
4787;2025/2026;2;42;2;190
4788;2025/2026;3;41;2;190
4789;2025/2026;4;42;2;190
4790;2025/2026;5;36;2;190
4791;2024/2025;1;41;2;190
4792;2024/2025;2;42;2;190
4793;2024/2025;3;42;2;190
4794;2024/2025;4;37;2;190
4795;2024/2025;5;52;3;190
4796;2023/2024;1;39;2;190
4797;2023/2024;2;40;2;190
4798;2023/2024;3;36;2;190
4799;2023/2024;4;51;3;190
4800;2023/2024;5;48;3;190
4801;2025/2026;1;13;1;189
4802;2025/2026;2;20;1;189
4803;2025/2026;3;16;1;189
4804;2025/2026;4;22;1;189
4805;2025/2026;5;20;1;189
4806;2024/2025;1;21;1;189
4807;2024/2025;2;17;1;189
4808;2024/2025;3;22;1;189
4809;2024/2025;4;19;1;189
4810;2024/2025;5;20;1;189
4811;2023/2024;1;17;1;189
4812;2023/2024;2;21;1;189
4813;2023/2024;3;19;1;189
4814;2023/2024;4;21;1;189
4815;2023/2024;5;24;1;189
4816;2025/2026;1;22;1;352
4817;2025/2026;2;28;2;352
4818;2025/2026;3;25;2;352
4819;2025/2026;4;22;1;352
4820;2025/2026;5;40;2;352
4821;2024/2025;1;29;2;352
4822;2024/2025;2;25;2;352
4823;2024/2025;3;23;1;352
4824;2024/2025;4;40;2;352
4825;2024/2025;5;18;1;352
4826;2023/2024;1;25;2;352
4827;2023/2024;2;23;1;352
4828;2023/2024;3;40;2;352
4829;2023/2024;4;18;1;352
4830;2023/2024;5;34;2;352
4831;2025/2026;1;156;7;191
4832;2025/2026;2;153;7;191
4833;2025/2026;3;166;7;191
4834;2024/2025;1;158;7;191
4835;2024/2025;2;167;7;191
4836;2024/2025;3;171;7;191
4837;2023/2024;1;160;7;191
4838;2023/2024;2;177;7;191
4839;2023/2024;3;161;7;191
4840;2025/2026;1;23;1;18
4841;2025/2026;2;44;3;18
4842;2025/2026;3;25;2;18
4843;2025/2026;4;19;2;18
4844;2024/2025;1;44;2;18
4845;2024/2025;2;35;2;18
4846;2024/2025;3;25;2;18
4847;2024/2025;4;15;2;18
4848;2023/2024;1;42;2;18
4849;2023/2024;2;32;2;18
4850;2023/2024;3;27;2;18
4851;2023/2024;4;21;2;18
4852;2025/2026;1;15;1;354
4853;2025/2026;2;31;2;354
4854;2025/2026;3;27;2;354
4855;2025/2026;4;30;2;354
4856;2025/2026;5;24;1;354
4857;2024/2025;1;32;2;354
4858;2024/2025;2;26;2;354
4859;2024/2025;3;29;2;354
4860;2024/2025;4;24;1;354
4861;2024/2025;5;34;2;354
4862;2023/2024;1;30;2;354
4863;2023/2024;2;27;2;354
4864;2023/2024;3;25;1;354
4865;2023/2024;4;34;2;354
4866;2023/2024;5;34;2;354
4867;2025/2026;1;47;2;353
4868;2025/2026;2;50;3;353
4869;2025/2026;3;42;2;353
4870;2025/2026;4;48;2;353
4871;2025/2026;5;58;3;353
4872;2024/2025;1;51;3;353
4873;2024/2025;2;43;2;353
4874;2024/2025;3;50;2;353
4875;2024/2025;4;60;3;353
4876;2024/2025;5;60;3;353
4877;2023/2024;1;43;2;353
4878;2023/2024;2;47;2;353
4879;2023/2024;3;56;3;353
4880;2023/2024;4;58;3;353
4881;2023/2024;5;60;3;353
4882;2025/2026;1;98;5;355
4883;2025/2026;2;110;5;355
4884;2025/2026;3;114;6;355
4885;2024/2025;1;110;5;355
4886;2024/2025;2;112;6;355
4887;2024/2025;3;137;6;355
4888;2023/2024;1;115;6;355
4889;2023/2024;2;137;6;355
4890;2023/2024;3;109;5;355
4891;2025/2026;1;151;7;574
4892;2025/2026;2;169;8;574
4893;2025/2026;3;156;8;574
4894;2025/2026;4;163;10;574
4895;2025/2026;5;169;9;574
4896;2024/2025;1;187;8;574
4897;2024/2025;2;161;9;574
4898;2024/2025;3;181;10;574
4899;2024/2025;4;177;9;574
4900;2024/2025;5;126;8;574
4901;2023/2024;1;178;9;574
4902;2023/2024;2;201;10;574
4903;2023/2024;3;198;9;574
4904;2023/2024;4;137;8;574
4905;2023/2024;5;150;8;574
4906;2025/2026;1;113;6;573
4907;2025/2026;2;115;7;573
4908;2025/2026;3;123;7;573
4909;2025/2026;4;103;6;573
4910;2025/2026;5;117;6;573
4911;2024/2025;1;139;7;573
4912;2024/2025;2;133;7;573
4913;2024/2025;3;113;6;573
4914;2024/2025;4;118;6;573
4915;2024/2025;5;119;7;573
4916;2023/2024;1;155;7;573
4917;2023/2024;2;116;6;573
4918;2023/2024;3;121;6;573
4919;2023/2024;4;126;7;573
4920;2023/2024;5;97;6;573
4921;2025/2026;0;97;0;699
4922;2024/2025;0;91;0;699
4923;2023/2024;0;102;0;699
4924;2025/2026;1;6;1;357
4925;2025/2026;2;6;1;357
4926;2025/2026;3;8;1;357
4927;2025/2026;4;5;1;357
4928;2025/2026;5;4;1;357
4929;2024/2025;1;5;1;357
4930;2024/2025;2;8;1;357
4931;2024/2025;3;5;1;357
4932;2024/2025;4;4;1;357
4933;2024/2025;5;1;1;357
4934;2023/2024;1;8;1;357
4935;2023/2024;2;5;1;357
4936;2023/2024;3;4;1;357
4937;2023/2024;4;1;1;357
4938;2023/2024;5;7;1;357
4939;2025/2026;1;8;2;358
4940;2025/2026;2;7;1;358
4941;2025/2026;3;7;1;358
4942;2025/2026;4;6;1;358
4943;2025/2026;5;9;1;358
4944;2024/2025;1;7;1;358
4945;2024/2025;2;7;1;358
4946;2024/2025;3;6;1;358
4947;2024/2025;4;9;1;358
4948;2024/2025;5;6;1;358
4949;2023/2024;1;7;1;358
4950;2023/2024;2;6;1;358
4951;2023/2024;3;9;1;358
4952;2023/2024;4;5;1;358
4953;2023/2024;5;7;1;358
4954;2025/2026;1;10;1;356
4955;2025/2026;2;19;1;356
4956;2025/2026;3;12;1;356
4957;2025/2026;4;15;1;356
4958;2025/2026;5;15;1;356
4959;2024/2025;1;18;1;356
4960;2024/2025;2;12;1;356
4961;2024/2025;3;15;1;356
4962;2024/2025;4;15;1;356
4963;2024/2025;5;14;1;356
4964;2023/2024;1;14;1;356
4965;2023/2024;2;16;1;356
4966;2023/2024;3;21;1;356
4967;2023/2024;4;16;1;356
4968;2023/2024;5;10;1;356
4969;2025/2026;1;15;1;359
4970;2025/2026;2;14;1;359
4971;2025/2026;3;21;1;359
4972;2025/2026;4;17;1;359
4973;2025/2026;5;14;1;359
4974;2024/2025;1;14;1;359
4975;2024/2025;2;21;1;359
4976;2024/2025;3;17;1;359
4977;2024/2025;4;14;1;359
4978;2024/2025;5;16;1;359
4979;2023/2024;1;16;1;359
4980;2023/2024;2;16;1;359
4981;2023/2024;3;13;1;359
4982;2023/2024;4;16;1;359
4983;2023/2024;5;12;1;359
4984;2025/2026;1;14;1;361
4985;2025/2026;2;14;1;361
4986;2025/2026;3;11;2;361
4987;2025/2026;4;2;1;361
4988;2025/2026;5;18;1;361
4989;2024/2025;1;15;1;361
4990;2024/2025;2;10;1;361
4991;2024/2025;3;2;1;361
4992;2024/2025;4;17;1;361
4993;2024/2025;5;8;1;361
4994;2023/2024;1;11;1;361
4995;2023/2024;2;2;1;361
4996;2023/2024;3;18;1;361
4997;2023/2024;4;8;1;361
4998;2023/2024;5;11;1;361
4999;2025/2026;1;19;1;360
5000;2025/2026;2;10;1;360
5001;2025/2026;3;23;1;360
5002;2025/2026;4;18;1;360
5003;2025/2026;5;15;1;360
5004;2024/2025;1;8;1;360
5005;2024/2025;2;23;1;360
5006;2024/2025;3;19;1;360
5007;2024/2025;4;14;1;360
5008;2024/2025;5;12;1;360
5009;2023/2024;1;24;1;360
5010;2023/2024;2;19;1;360
5011;2023/2024;3;12;1;360
5012;2023/2024;4;11;1;360
5013;2023/2024;5;15;1;360
5014;2025/2026;1;43;2;362
5015;2025/2026;2;59;3;362
5016;2025/2026;3;67;3;362
5017;2024/2025;1;55;3;362
5018;2024/2025;2;69;3;362
5019;2024/2025;3;60;3;362
5020;2023/2024;1;67;3;362
5021;2023/2024;2;61;3;362
5022;2023/2024;3;64;3;362
5023;2025/2026;1;22;1;328
5024;2025/2026;2;17;1;328
5025;2025/2026;3;7;1;328
5026;2025/2026;4;18;1;328
5027;2025/2026;5;15;1;328
5028;2024/2025;1;16;1;328
5029;2024/2025;2;7;1;328
5030;2024/2025;3;17;1;328
5031;2024/2025;4;15;1;328
5032;2024/2025;5;18;1;328
5033;2023/2024;1;9;1;328
5034;2023/2024;2;16;1;328
5035;2023/2024;3;14;1;328
5036;2023/2024;4;20;1;328
5037;2023/2024;5;22;2;328
5038;2025/2026;1;12;1;363
5039;2025/2026;2;9;1;363
5040;2025/2026;3;15;1;363
5041;2024/2025;1;9;1;363
5042;2024/2025;2;15;1;363
5043;2024/2025;3;14;1;363
5044;2023/2024;1;16;1;363
5045;2023/2024;2;12;1;363
5046;2023/2024;3;10;1;363
5047;2025/2026;1;13;1;329
5048;2025/2026;2;19;1;329
5049;2025/2026;3;15;1;329
5050;2025/2026;4;14;1;329
5051;2025/2026;5;16;1;329
5052;2024/2025;1;18;1;329
5053;2024/2025;2;15;1;329
5054;2024/2025;3;14;1;329
5055;2024/2025;4;17;1;329
5056;2024/2025;5;18;1;329
5057;2023/2024;1;15;1;329
5058;2023/2024;2;14;1;329
5059;2023/2024;3;16;1;329
5060;2023/2024;4;17;1;329
5061;2023/2024;5;26;2;329
5062;2025/2026;1;56;3;326
5063;2025/2026;2;53;3;326
5064;2025/2026;3;75;4;326
5065;2025/2026;4;63;3;326
5066;2025/2026;5;76;4;326
5067;2024/2025;1;56;3;326
5068;2024/2025;2;78;4;326
5069;2024/2025;3;65;3;326
5070;2024/2025;4;76;4;326
5071;2024/2025;5;60;3;326
5072;2023/2024;1;84;4;326
5073;2023/2024;2;65;3;326
5074;2023/2024;3;78;4;326
5075;2023/2024;4;63;3;326
5076;2023/2024;5;59;3;326
5077;2025/2026;0;91;0;619
5078;2024/2025;0;105;0;619
5079;2023/2024;0;104;0;619
5080;2025/2026;1;107;5;330
5081;2025/2026;2;136;7;330
5082;2025/2026;3;124;6;330
5083;2024/2025;1;140;7;330
5084;2024/2025;2;126;6;330
5085;2024/2025;3;116;5;330
5086;2023/2024;1;131;6;330
5087;2023/2024;2;117;5;330
5088;2023/2024;3;164;7;330
5089;2025/2026;0;74;0;584
5090;2024/2025;0;85;0;584
5091;2023/2024;0;74;0;584
5092;2025/2026;1;19;1;327
5093;2025/2026;2;14;1;327
5094;2025/2026;3;13;1;327
5095;2025/2026;4;28;2;327
5096;2025/2026;5;17;1;327
5097;2024/2025;1;15;1;327
5098;2024/2025;2;14;1;327
5099;2024/2025;3;29;2;327
5100;2024/2025;4;17;1;327
5101;2024/2025;5;28;2;327
5102;2023/2024;1;14;1;327
5103;2023/2024;2;28;2;327
5104;2023/2024;3;17;1;327
5105;2023/2024;4;28;2;327
5106;2023/2024;5;19;1;327
5107;2025/2026;1;41;2;11
5108;2025/2026;2;70;4;11
5109;2025/2026;3;48;3;11
5110;2025/2026;4;20;2;11
5111;2024/2025;1;66;3;11
5112;2024/2025;2;55;3;11
5113;2024/2025;3;41;3;11
5114;2024/2025;4;28;2;11
5115;2023/2024;1;59;3;11
5116;2023/2024;2;48;3;11
5117;2023/2024;3;50;3;11
5118;2023/2024;4;15;1;11
5119;2025/2026;1;15;1;196
5120;2025/2026;2;10;1;196
5121;2025/2026;3;13;1;196
5122;2025/2026;4;13;1;196
5123;2025/2026;5;21;1;196
5124;2024/2025;1;10;1;196
5125;2024/2025;2;15;1;196
5126;2024/2025;3;14;1;196
5127;2024/2025;4;22;1;196
5128;2024/2025;5;12;1;196
5129;2023/2024;1;15;1;196
5130;2023/2024;2;15;1;196
5131;2023/2024;3;22;1;196
5132;2023/2024;4;12;1;196
5133;2023/2024;5;22;1;196
5134;2025/2026;1;10;1;15
5135;2025/2026;2;14;2;15
5136;2025/2026;3;12;2;15
5137;2025/2026;4;7;4;15
5138;2024/2025;1;16;1;15
5139;2024/2025;2;12;2;15
5140;2024/2025;3;13;2;15
5141;2024/2025;4;7;2;15
5142;2023/2024;1;8;1;15
5143;2023/2024;2;15;2;15
5144;2023/2024;3;14;2;15
5145;2023/2024;4;5;2;15
5146;2025/2026;1;23;1;197
5147;2025/2026;2;29;2;197
5148;2025/2026;3;20;1;197
5149;2025/2026;4;21;1;197
5150;2025/2026;5;22;1;197
5151;2024/2025;1;27;2;197
5152;2024/2025;2;20;1;197
5153;2024/2025;3;21;1;197
5154;2024/2025;4;21;1;197
5155;2024/2025;5;27;2;197
5156;2023/2024;1;21;1;197
5157;2023/2024;2;19;1;197
5158;2023/2024;3;22;1;197
5159;2023/2024;4;28;2;197
5160;2023/2024;5;32;2;197
5161;2025/2026;1;10;1;14
5162;2025/2026;4;5;1;14
5163;2024/2025;3;9;1;14
5164;2024/2025;4;4;1;14
5165;2023/2024;2;12;1;14
5166;2023/2024;3;8;1;14
5167;2023/2024;4;4;1;14
5168;2025/2026;1;7;1;200
5169;2025/2026;2;10;1;200
5170;2025/2026;3;14;1;200
5171;2025/2026;4;10;2;200
5172;2025/2026;5;11;1;200
5173;2024/2025;1;9;1;200
5174;2024/2025;2;13;1;200
5175;2024/2025;3;9;1;200
5176;2024/2025;4;13;1;200
5177;2024/2025;5;11;1;200
5178;2023/2024;1;14;1;200
5179;2023/2024;2;8;1;200
5180;2023/2024;3;13;1;200
5181;2023/2024;4;13;1;200
5182;2023/2024;5;8;1;200
5183;2025/2026;1;13;1;195
5184;2025/2026;2;16;1;195
5185;2025/2026;3;16;1;195
5186;2025/2026;4;12;1;195
5187;2025/2026;5;10;1;195
5188;2024/2025;1;16;1;195
5189;2024/2025;2;15;1;195
5190;2024/2025;3;12;1;195
5191;2024/2025;4;10;1;195
5192;2024/2025;5;15;1;195
5193;2023/2024;1;15;1;195
5194;2023/2024;2;12;1;195
5195;2023/2024;3;10;1;195
5196;2023/2024;4;15;1;195
5197;2023/2024;5;13;1;195
5198;2025/2026;1;8;1;198
5199;2025/2026;2;8;1;198
5200;2025/2026;3;6;1;198
5201;2025/2026;4;10;1;198
5202;2025/2026;5;3;1;198
5203;2024/2025;1;8;1;198
5204;2024/2025;2;8;1;198
5205;2024/2025;3;10;1;198
5206;2024/2025;4;4;1;198
5207;2024/2025;5;13;1;198
5208;2023/2024;1;8;1;198
5209;2023/2024;2;11;1;198
5210;2023/2024;3;5;1;198
5211;2023/2024;4;14;1;198
5212;2023/2024;5;6;1;198
5213;2025/2026;1;33;2;201
5214;2025/2026;2;48;3;201
5215;2025/2026;3;33;2;201
5216;2024/2025;1;52;3;201
5217;2024/2025;2;34;2;201
5218;2024/2025;3;35;2;201
5219;2023/2024;1;34;2;201
5220;2023/2024;2;35;2;201
5221;2023/2024;3;35;2;201
5222;2025/2026;0;46;0;668
5223;2024/2025;0;41;0;668
5224;2023/2024;0;41;0;668
5225;2025/2026;1;54;3;202
5226;2025/2026;2;46;3;202
5227;2025/2026;3;64;3;202
5228;2024/2025;1;48;3;202
5229;2024/2025;2;63;3;202
5230;2024/2025;3;54;3;202
5231;2023/2024;1;62;3;202
5232;2023/2024;2;55;3;202
5233;2023/2024;3;68;3;202
5234;2025/2026;1;13;1;199
5235;2025/2026;2;12;1;199
5236;2025/2026;3;12;1;199
5237;2025/2026;4;15;1;199
5238;2025/2026;5;10;1;199
5239;2024/2025;1;11;1;199
5240;2024/2025;2;12;1;199
5241;2024/2025;3;15;1;199
5242;2024/2025;4;10;1;199
5243;2024/2025;5;9;1;199
5244;2023/2024;1;12;1;199
5245;2023/2024;2;15;1;199
5246;2023/2024;3;9;1;199
5247;2023/2024;4;9;1;199
5248;2023/2024;5;21;1;199
5249;2025/2026;0;290;0;652
5250;2024/2025;0;310;0;652
5251;2023/2024;0;332;0;652
5252;2025/2026;5;14;1;38
5253;2025/2026;1;31;2;39
5254;2025/2026;2;42;2;39
5255;2025/2026;3;32;2;39
5256;2025/2026;4;30;2;39
5257;2024/2025;1;42;2;39
5258;2024/2025;2;42;2;39
5259;2024/2025;3;35;2;39
5260;2024/2025;4;27;2;39
5261;2023/2024;1;29;2;39
5262;2023/2024;2;29;2;39
5263;2023/2024;3;30;2;39
5264;2023/2024;4;21;2;39
5265;2025/2026;5;22;1;36
5266;2024/2025;5;19;1;36
5267;2025/2026;0;55;0;691
5268;2024/2025;0;64;0;691
5269;2023/2024;0;69;0;691
5270;2025/2026;1;25;1;37
5271;2025/2026;2;50;3;37
5272;2025/2026;3;34;2;37
5273;2025/2026;4;27;2;37
5274;2024/2025;1;45;2;37
5275;2024/2025;2;32;2;37
5276;2024/2025;3;44;2;37
5277;2024/2025;4;23;2;37
5278;2023/2024;1;26;1;37
5279;2023/2024;2;29;2;37
5280;2023/2024;3;40;2;37
5281;2023/2024;4;21;2;37
5282;2025/2026;1;50;3;523
5283;2025/2026;2;47;2;523
5284;2025/2026;3;53;4;523
5285;2025/2026;4;41;3;523
5286;2025/2026;5;54;4;523
5287;2024/2025;1;50;2;523
5288;2024/2025;2;54;3;523
5289;2024/2025;3;45;3;523
5290;2024/2025;4;58;4;523
5291;2024/2025;5;40;4;523
5292;2023/2024;1;67;3;523
5293;2023/2024;2;43;2;523
5294;2023/2024;3;63;4;523
5295;2023/2024;4;41;4;523
5296;2023/2024;5;45;3;523
5297;2025/2026;1;154;11;522
5298;2025/2026;3;4;1;522
5299;2025/2026;1;91;10;522
5300;2025/2026;3;4;1;522
5301;2024/2025;1;66;11;522
5302;2024/2025;3;22;1;522
5303;2024/2025;1;138;10;522
5304;2024/2025;3;22;1;522
5305;2023/2024;1;160;10;522
5306;2023/2024;3;4;2;522
5307;2023/2024;1;146;9;522
5308;2023/2024;3;18;2;522
5309;2025/2026;3;6;3;526
5310;2025/2026;3;2;1;526
5311;2025/2026;4;4;2;526
5312;2025/2026;5;3;1;526
5313;2024/2025;3;15;3;526
5314;2024/2025;3;5;2;526
5315;2024/2025;4;3;2;526
5316;2024/2025;5;3;1;526
5317;2023/2024;3;18;3;526
5318;2023/2024;3;6;1;526
5319;2023/2024;4;6;1;526
5320;2023/2024;5;4;1;526
5321;2025/2026;3;18;3;524
5322;2025/2026;3;6;1;524
5323;2025/2026;4;4;2;524
5324;2025/2026;5;12;2;524
5325;2024/2025;3;12;3;524
5326;2024/2025;3;4;1;524
5327;2024/2025;4;12;2;524
5328;2024/2025;5;9;1;524
5329;2023/2024;3;42;3;524
5330;2023/2024;3;14;2;524
5331;2023/2024;4;5;1;524
5332;2023/2024;5;9;1;524
5333;2025/2026;1;23;2;253
5334;2025/2026;2;18;1;253
5335;2025/2026;3;19;1;253
5336;2025/2026;4;31;2;253
5337;2025/2026;5;23;1;253
5338;2024/2025;1;21;1;253
5339;2024/2025;2;20;1;253
5340;2024/2025;3;31;2;253
5341;2024/2025;4;22;1;253
5342;2024/2025;5;30;2;253
5343;2023/2024;1;19;1;253
5344;2023/2024;2;32;2;253
5345;2023/2024;3;22;1;253
5346;2023/2024;4;29;2;253
5347;2023/2024;5;40;2;253
5348;2025/2026;1;87;4;525
5349;2025/2026;2;83;4;525
5350;2025/2026;3;79;4;525
5351;2025/2026;4;77;4;525
5352;2025/2026;5;74;4;525
5353;2024/2025;1;100;4;525
5354;2024/2025;2;81;5;525
5355;2024/2025;3;82;4;525
5356;2024/2025;4;80;4;525
5357;2024/2025;5;86;5;525
5358;2023/2024;1;105;5;525
5359;2023/2024;2;84;4;525
5360;2023/2024;3;80;4;525
5361;2023/2024;4;93;5;525
5362;2023/2024;5;96;6;525
5363;2025/2026;1;13;1;252
5364;2025/2026;2;20;1;252
5365;2025/2026;3;19;1;252
5366;2025/2026;4;19;1;252
5367;2025/2026;5;14;1;252
5368;2024/2025;1;21;1;252
5369;2024/2025;2;19;1;252
5370;2024/2025;3;19;1;252
5371;2024/2025;4;14;1;252
5372;2024/2025;5;17;2;252
5373;2023/2024;1;19;1;252
5374;2023/2024;2;20;1;252
5375;2023/2024;3;13;1;252
5376;2023/2024;4;17;2;252
5377;2023/2024;5;25;1;252
5378;2025/2026;1;25;2;254
5379;2025/2026;2;19;1;254
5380;2025/2026;3;13;1;254
5381;2025/2026;4;21;1;254
5382;2025/2026;5;30;2;254
5383;2024/2025;1;19;1;254
5384;2024/2025;2;13;1;254
5385;2024/2025;3;21;1;254
5386;2024/2025;4;29;2;254
5387;2024/2025;5;16;1;254
5388;2023/2024;1;13;1;254
5389;2023/2024;2;20;1;254
5390;2023/2024;3;29;2;254
5391;2023/2024;4;16;1;254
5392;2023/2024;5;21;1;254
5393;2025/2026;1;48;3;256
5394;2025/2026;2;63;3;256
5395;2025/2026;3;49;2;256
5396;2024/2025;1;63;3;256
5397;2024/2025;2;50;2;256
5398;2024/2025;3;67;3;256
5399;2023/2024;1;50;2;256
5400;2023/2024;2;64;3;256
5401;2023/2024;3;62;3;256
5402;2025/2026;1;32;2;257
5403;2025/2026;2;44;2;257
5404;2025/2026;3;49;2;257
5405;2024/2025;1;44;2;257
5406;2024/2025;2;47;2;257
5407;2024/2025;3;51;2;257
5408;2023/2024;1;45;2;257
5409;2023/2024;2;49;2;257
5410;2023/2024;3;38;2;257
5411;2025/2026;0;64;0;711
5412;2024/2025;0;86;0;711
5413;2023/2024;0;84;0;711
5414;2025/2026;0;46;0;635
5415;2024/2025;0;44;0;635
5416;2023/2024;0;43;0;635
5417;2025/2026;1;30;2;728
5418;2025/2026;2;38;2;728
5419;2025/2026;3;34;2;728
5420;2025/2026;4;35;2;728
5421;2025/2026;5;29;2;728
5422;2024/2025;1;50;2;728
5423;2024/2025;2;38;2;728
5424;2024/2025;3;34;2;728
5425;2024/2025;4;30;2;728
5426;2024/2025;5;31;2;728
5427;2023/2024;1;44;2;728
5428;2023/2024;2;40;3;728
5429;2023/2024;3;31;2;728
5430;2023/2024;4;31;2;728
5431;2023/2024;5;36;2;728
5432;2025/2026;1;12;1;255
5433;2025/2026;2;17;1;255
5434;2025/2026;3;21;1;255
5435;2025/2026;4;18;1;255
5436;2025/2026;5;12;1;255
5437;2024/2025;1;17;1;255
5438;2024/2025;2;21;1;255
5439;2024/2025;3;18;1;255
5440;2024/2025;4;11;1;255
5441;2024/2025;5;17;1;255
5442;2023/2024;1;20;1;255
5443;2023/2024;2;18;1;255
5444;2023/2024;3;11;1;255
5445;2023/2024;4;17;1;255
5446;2023/2024;5;21;1;255
5447;2025/2026;0;74;0;712
5448;2024/2025;0;69;0;712
5449;2023/2024;0;56;0;712
5450;2025/2026;1;16;1;730
5451;2025/2026;2;18;1;730
5452;2025/2026;3;18;1;730
5453;2025/2026;4;18;1;730
5454;2025/2026;5;24;2;730
5455;2024/2025;1;21;1;730
5456;2024/2025;2;17;1;730
5457;2024/2025;3;18;1;730
5458;2024/2025;4;26;2;730
5459;2024/2025;5;18;1;730
5460;2023/2024;1;19;1;730
5461;2023/2024;2;21;1;730
5462;2023/2024;3;27;2;730
5463;2023/2024;4;19;1;730
5464;2023/2024;5;30;2;730
5465;2025/2026;1;20;1;729
5466;2025/2026;2;25;2;729
5467;2025/2026;3;18;1;729
5468;2025/2026;4;28;2;729
5469;2025/2026;5;30;2;729
5470;2024/2025;1;28;2;729
5471;2024/2025;2;18;1;729
5472;2024/2025;3;30;2;729
5473;2024/2025;4;31;2;729
5474;2024/2025;5;33;2;729
5475;2023/2024;1;24;1;729
5476;2023/2024;2;32;2;729
5477;2023/2024;3;33;2;729
5478;2023/2024;4;31;2;729
5479;2023/2024;5;31;2;729
5480;2025/2026;1;19;1;733
5481;2025/2026;2;21;1;733
5482;2025/2026;3;24;2;733
5483;2025/2026;4;25;2;733
5484;2025/2026;5;24;2;733
5485;2024/2025;1;21;1;733
5486;2024/2025;2;25;2;733
5487;2024/2025;3;26;2;733
5488;2024/2025;4;26;2;733
5489;2024/2025;5;30;2;733
5490;2023/2024;1;27;2;733
5491;2023/2024;2;26;2;733
5492;2023/2024;3;25;2;733
5493;2023/2024;4;31;2;733
5494;2023/2024;5;25;2;733
5495;2025/2026;1;7;1;731
5496;2025/2026;2;9;1;731
5497;2025/2026;3;7;1;731
5498;2025/2026;4;5;1;731
5499;2025/2026;5;8;1;731
5500;2024/2025;1;8;1;731
5501;2024/2025;2;7;1;731
5502;2024/2025;3;5;1;731
5503;2024/2025;4;7;1;731
5504;2024/2025;5;6;1;731
5505;2023/2024;1;8;1;731
5506;2023/2024;2;5;1;731
5507;2023/2024;3;6;1;731
5508;2023/2024;4;6;1;731
5509;2023/2024;5;9;1;731
5510;2025/2026;1;23;1;734
5511;2025/2026;2;17;1;734
5512;2025/2026;3;26;1;734
5513;2025/2026;4;23;1;734
5514;2025/2026;5;19;1;734
5515;2024/2025;1;17;1;734
5516;2024/2025;2;25;1;734
5517;2024/2025;3;23;1;734
5518;2024/2025;4;21;1;734
5519;2024/2025;5;30;2;734
5520;2023/2024;1;24;1;734
5521;2023/2024;2;23;1;734
5522;2023/2024;3;21;1;734
5523;2023/2024;4;30;2;734
5524;2023/2024;5;26;2;734
5525;2025/2026;1;28;2;736
5526;2025/2026;2;26;2;736
5527;2025/2026;3;28;2;736
5528;2024/2025;1;25;2;736
5529;2024/2025;2;28;2;736
5530;2024/2025;3;23;2;736
5531;2023/2024;1;27;2;736
5532;2023/2024;2;23;2;736
5533;2023/2024;3;30;2;736
5534;2025/2026;1;23;1;732
5535;2025/2026;2;21;1;732
5536;2025/2026;3;27;2;732
5537;2025/2026;4;30;2;732
5538;2025/2026;5;30;2;732
5539;2024/2025;1;23;1;732
5540;2024/2025;2;28;2;732
5541;2024/2025;3;30;2;732
5542;2024/2025;4;31;2;732
5543;2024/2025;5;26;1;732
5544;2023/2024;1;28;2;732
5545;2023/2024;2;29;2;732
5546;2023/2024;3;28;2;732
5547;2023/2024;4;26;1;732
5548;2023/2024;5;25;2;732
5549;2025/2026;1;33;2;737
5550;2025/2026;2;34;2;737
5551;2025/2026;3;47;2;737
5552;2024/2025;1;34;2;737
5553;2024/2025;2;47;2;737
5554;2024/2025;3;40;2;737
5555;2023/2024;1;49;2;737
5556;2023/2024;2;40;2;737
5557;2023/2024;3;58;3;737
5558;2025/2026;1;30;2;735
5559;2025/2026;2;24;1;735
5560;2025/2026;3;30;2;735
5561;2024/2025;1;25;1;735
5562;2024/2025;2;30;2;735
5563;2024/2025;3;29;2;735
5564;2023/2024;1;31;2;735
5565;2023/2024;2;29;2;735
5566;2023/2024;3;28;2;735
5567;2025/2026;0;42;0;590
5568;2024/2025;0;39;0;590
5569;2023/2024;0;44;0;590
5570;2025/2026;0;70;0;714
5571;2024/2025;0;61;0;714
5572;2023/2024;0;77;0;714
5573;2025/2026;0;28;0;106
5574;2024/2025;0;34;0;106
5575;2023/2024;0;37;0;106
5576;2025/2026;0;15;0;105
5577;2024/2025;0;16;0;105
5578;2023/2024;0;20;0;105
5579;2025/2026;1;14;1;35
5580;2025/2026;2;20;1;35
5581;2025/2026;3;20;1;35
5582;2025/2026;4;15;1;35
5583;2024/2025;1;21;1;35
5584;2024/2025;2;20;1;35
5585;2024/2025;3;15;1;35
5586;2023/2024;1;18;1;35
5587;2023/2024;2;16;1;35
5588;2025/2026;0;117;0;110
5589;2024/2025;0;127;0;110
5590;2023/2024;0;139;0;110
5591;2025/2026;0;21;0;109
5592;2024/2025;0;20;0;109
5593;2023/2024;0;23;0;109
5594;2025/2026;0;48;0;108
5595;2024/2025;0;53;0;108
5596;2023/2024;0;54;0;108
5597;2025/2026;0;92;0;112
5598;2024/2025;0;96;0;112
5599;2023/2024;0;99;0;112
5600;2025/2026;0;50;0;107
5601;2024/2025;0;50;0;107
5602;2023/2024;0;43;0;107
5603;2025/2026;0;45;0;111
5604;2024/2025;0;52;0;111
5605;2023/2024;0;63;0;111
5606;2025/2026;0;35;0;646
5607;2024/2025;0;34;0;646
5608;2023/2024;0;39;0;646
5609;2025/2026;0;47;0;695
5610;2024/2025;0;50;0;695
5611;2023/2024;0;51;0;695
5612;2025/2026;1;17;1;557
5613;2025/2026;2;13;1;557
5614;2025/2026;3;21;1;557
5615;2025/2026;4;16;1;557
5616;2025/2026;5;11;1;557
5617;2024/2025;1;15;1;557
5618;2024/2025;2;21;1;557
5619;2024/2025;3;16;1;557
5620;2024/2025;4;11;1;557
5621;2024/2025;5;13;1;557
5622;2023/2024;1;25;1;557
5623;2023/2024;2;17;1;557
5624;2023/2024;3;10;1;557
5625;2023/2024;4;12;1;557
5626;2023/2024;5;15;1;557
5627;2025/2026;1;14;1;560
5628;2025/2026;2;15;1;560
5629;2025/2026;3;16;1;560
5630;2025/2026;4;11;1;560
5631;2025/2026;5;9;1;560
5632;2024/2025;1;16;1;560
5633;2024/2025;2;14;1;560
5634;2024/2025;3;11;1;560
5635;2024/2025;4;9;1;560
5636;2024/2025;5;14;1;560
5637;2023/2024;1;32;1;560
5638;2023/2024;2;34;1;560
5639;2023/2024;3;19;1;560
5640;2023/2024;4;14;1;560
5641;2023/2024;5;16;1;560
5642;2025/2026;1;39;2;563
5643;2025/2026;2;34;2;563
5644;2025/2026;3;25;2;563
5645;2025/2026;4;22;2;563
5646;2025/2026;5;30;2;563
5647;2024/2025;1;39;2;563
5648;2024/2025;2;26;2;563
5649;2024/2025;3;27;2;563
5650;2024/2025;4;27;2;563
5651;2024/2025;5;31;2;563
5652;2023/2024;1;29;2;563
5653;2023/2024;2;32;2;563
5654;2023/2024;3;30;2;563
5655;2023/2024;4;35;2;563
5656;2023/2024;5;31;2;563
5657;2025/2026;1;44;2;562
5658;2025/2026;2;40;2;562
5659;2025/2026;3;38;3;562
5660;2025/2026;4;34;3;562
5661;2025/2026;5;36;3;562
5662;2024/2025;1;46;2;562
5663;2024/2025;2;38;3;562
5664;2024/2025;3;37;3;562
5665;2024/2025;4;41;3;562
5666;2024/2025;5;49;3;562
5667;2023/2024;1;46;3;562
5668;2023/2024;2;37;3;562
5669;2023/2024;3;42;3;562
5670;2023/2024;4;52;3;562
5671;2023/2024;5;30;2;562
5672;2025/2026;1;33;2;561
5673;2025/2026;2;32;2;561
5674;2025/2026;3;45;2;561
5675;2025/2026;4;34;2;561
5676;2025/2026;5;29;2;561
5677;2024/2025;1;37;2;561
5678;2024/2025;2;51;2;561
5679;2024/2025;3;37;2;561
5680;2024/2025;4;29;2;561
5681;2024/2025;5;31;2;561
5682;2023/2024;1;47;2;561
5683;2023/2024;2;36;2;561
5684;2023/2024;3;32;2;561
5685;2023/2024;4;31;2;561
5686;2023/2024;5;28;2;561
5687;2025/2026;0;42;0;610
5688;2024/2025;0;50;0;610
5689;2023/2024;0;50;0;610
5690;2025/2026;1;41;2;559
5691;2025/2026;2;31;2;559
5692;2025/2026;3;38;2;559
5693;2025/2026;4;26;1;559
5694;2025/2026;5;44;2;559
5695;2024/2025;1;35;2;559
5696;2024/2025;2;38;2;559
5697;2024/2025;3;24;1;559
5698;2024/2025;4;42;2;559
5699;2024/2025;5;28;2;559
5700;2023/2024;1;46;2;559
5701;2023/2024;2;22;1;559
5702;2023/2024;3;41;2;559
5703;2023/2024;4;28;2;559
5704;2023/2024;5;26;2;559
5705;2025/2026;1;89;4;392
5706;2025/2026;2;76;4;392
5707;2025/2026;3;87;4;392
5708;2024/2025;1;75;4;392
5709;2024/2025;2;93;4;392
5710;2024/2025;3;92;4;392
5711;2023/2024;1;96;4;392
5712;2023/2024;2;88;4;392
5713;2023/2024;3;92;4;392
5714;2025/2026;1;53;3;389
5715;2025/2026;2;58;3;389
5716;2025/2026;3;47;2;389
5717;2025/2026;4;69;3;389
5718;2025/2026;5;50;3;389
5719;2024/2025;1;58;3;389
5720;2024/2025;2;47;2;389
5721;2024/2025;3;67;3;389
5722;2024/2025;4;52;3;389
5723;2024/2025;5;59;3;389
5724;2023/2024;1;48;2;389
5725;2023/2024;2;64;3;389
5726;2023/2024;3;51;3;389
5727;2023/2024;4;58;3;389
5728;2023/2024;5;52;3;389
5729;2025/2026;1;32;2;390
5730;2025/2026;2;33;2;390
5731;2025/2026;3;35;2;390
5732;2025/2026;4;40;2;390
5733;2025/2026;5;22;1;390
5734;2024/2025;1;36;2;390
5735;2024/2025;2;34;2;390
5736;2024/2025;3;37;2;390
5737;2024/2025;4;21;1;390
5738;2024/2025;5;38;2;390
5739;2023/2024;1;32;2;390
5740;2023/2024;2;38;2;390
5741;2023/2024;3;21;1;390
5742;2023/2024;4;40;2;390
5743;2023/2024;5;27;2;390
5744;2025/2026;0;44;0;653
5745;2024/2025;0;40;0;653
5746;2023/2024;0;43;0;653
5747;2025/2026;1;18;1;210
5748;2025/2026;2;11;1;210
5749;2025/2026;3;16;1;210
5750;2025/2026;4;21;1;210
5751;2025/2026;5;10;1;210
5752;2024/2025;1;11;1;210
5753;2024/2025;2;15;1;210
5754;2024/2025;3;21;1;210
5755;2024/2025;4;11;1;210
5756;2024/2025;5;12;1;210
5757;2023/2024;1;15;1;210
5758;2023/2024;2;22;1;210
5759;2023/2024;3;11;1;210
5760;2023/2024;4;11;1;210
5761;2023/2024;5;15;1;210
5762;2025/2026;1;14;1;212
5763;2025/2026;2;14;1;212
5764;2025/2026;3;20;1;212
5765;2024/2025;1;14;1;212
5766;2024/2025;2;20;1;212
5767;2024/2025;3;19;1;212
5768;2023/2024;1;20;1;212
5769;2023/2024;2;20;1;212
5770;2023/2024;3;17;1;212
5771;2025/2026;1;59;3;209
5772;2025/2026;2;62;3;209
5773;2025/2026;3;62;3;209
5774;2025/2026;4;52;3;209
5775;2025/2026;5;60;3;209
5776;2024/2025;1;62;3;209
5777;2024/2025;2;65;3;209
5778;2024/2025;3;50;2;209
5779;2024/2025;4;60;3;209
5780;2024/2025;5;64;3;209
5781;2023/2024;1;63;3;209
5782;2023/2024;2;49;2;209
5783;2023/2024;3;60;3;209
5784;2023/2024;4;59;3;209
5785;2023/2024;5;56;3;209
5786;2025/2026;1;66;3;211
5787;2025/2026;2;63;3;211
5788;2025/2026;3;55;3;211
5789;2024/2025;1;60;3;211
5790;2024/2025;2;54;3;211
5791;2024/2025;3;73;3;211
5792;2023/2024;1;54;3;211
5793;2023/2024;2;70;3;211
5794;2023/2024;3;71;3;211
5795;2025/2026;0;46;0;707
5796;2024/2025;0;47;0;707
5797;2023/2024;0;52;0;707
5798;2025/2026;0;115;0;688
5799;2024/2025;0;119;0;688
5800;2023/2024;0;115;0;688
5801;2025/2026;0;32;0;616
5802;2024/2025;0;40;0;616
5803;2023/2024;0;34;0;616
5804;2025/2026;0;7;0;587
5805;2024/2025;0;7;0;587
5806;2023/2024;0;11;0;587
5807;2025/2026;0;112;0;581
5808;2024/2025;0;123;0;581
5809;2023/2024;0;99;0;581
5810;2025/2026;1;62;1;32
5811;2025/2026;2;63;1;32
5812;2025/2026;3;74;1;32
5813;2025/2026;4;54;2;32
5814;2024/2025;1;63;1;32
5815;2024/2025;2;60;1;32
5816;2024/2025;3;73;1;32
5817;2024/2025;4;56;2;32
5818;2023/2024;1;57;1;32
5819;2023/2024;2;68;1;32
5820;2023/2024;3;65;1;32
5821;2023/2024;4;51;2;32
5822;2023/2024;5;52;2;32
5823;2025/2026;5;50;2;31
5824;2024/2025;5;57;2;31
5825;2025/2026;5;37;2;23
5826;2024/2025;5;34;2;23
5827;2025/2026;0;36;0;693
5828;2024/2025;0;44;0;693
5829;2023/2024;0;53;0;693
5830;2025/2026;1;86;4;24
5831;2025/2026;2;89;5;24
5832;2025/2026;3;77;5;24
5833;2025/2026;4;68;4;24
5834;2024/2025;1;109;4;24
5835;2024/2025;2;83;5;24
5836;2024/2025;3;101;5;24
5837;2024/2025;4;45;2;24
5838;2023/2024;1;91;4;24
5839;2023/2024;2;100;6;24
5840;2023/2024;3;73;4;24
5841;2023/2024;4;43;2;24
5842;2023/2024;5;25;2;24
5843;2025/2026;1;36;2;21
5844;2025/2026;2;46;3;21
5845;2025/2026;3;32;2;21
5846;2025/2026;4;26;2;21
5847;2024/2025;1;51;3;21
5848;2024/2025;2;25;2;21
5849;2024/2025;3;41;3;21
5850;2024/2025;4;24;1;21
5851;2023/2024;1;41;2;21
5852;2023/2024;2;47;3;21
5853;2023/2024;3;45;3;21
5854;2023/2024;4;36;2;21
5855;2025/2026;0;55;0;637
5856;2024/2025;0;50;0;637
5857;2023/2024;0;48;0;637
5858;2025/2026;5;19;1;19
5859;2024/2025;5;17;2;19
5860;2025/2026;5;21;1;20
5861;2024/2025;5;21;1;20
5862;2025/2026;0;55;0;636
5863;2024/2025;0;53;0;636
5864;2023/2024;0;56;0;636
5865;2025/2026;1;21;1;22
5866;2025/2026;2;26;2;22
5867;2025/2026;3;28;2;22
5868;2025/2026;4;26;2;22
5869;2024/2025;1;34;2;22
5870;2024/2025;2;24;2;22
5871;2024/2025;3;28;2;22
5872;2024/2025;4;26;2;22
5873;2023/2024;1;43;2;22
5874;2023/2024;2;30;2;22
5875;2023/2024;3;30;2;22
5876;2023/2024;4;28;2;22
5877;2023/2024;5;6;0;22
5878;2025/2026;0;116;0;80
5879;2024/2025;0;114;0;80
5880;2025/2026;0;35;0;79
5881;2024/2025;0;44;0;79
5882;2023/2024;0;44;0;79
5883;2025/2026;0;21;0;83
5884;2024/2025;0;20;0;83
5885;2023/2024;0;23;0;83
5886;2025/2026;0;20;0;78
5887;2024/2025;0;20;0;78
5888;2023/2024;0;22;0;78
5889;2025/2026;0;22;0;82
5890;2024/2025;0;17;0;82
5891;2023/2024;0;26;0;82
5892;2025/2026;0;42;0;81
5893;2024/2025;0;50;0;81
5894;2023/2024;0;33;0;81
5895;2025/2026;0;18;0;84
5896;2024/2025;0;19;0;84
5897;2023/2024;0;24;0;84
5898;2025/2026;0;25;0;88
5899;2024/2025;0;26;0;88
5900;2023/2024;0;30;0;88
5901;2025/2026;0;29;0;86
5902;2024/2025;0;35;0;86
5903;2023/2024;0;35;0;86
5904;2025/2026;0;166;0;85
5905;2024/2025;0;159;0;85
5906;2023/2024;0;192;0;85
5907;2025/2026;0;31;0;89
5908;2024/2025;0;41;0;89
5909;2023/2024;0;51;0;89
5910;2025/2026;0;37;0;87
5911;2024/2025;0;39;0;87
5912;2023/2024;0;42;0;87
5913;2025/2026;0;32;0;90
5914;2024/2025;0;32;0;90
5915;2023/2024;0;36;0;90
5916;2025/2026;0;148;0;638
5917;2024/2025;0;155;0;638
5918;2023/2024;0;178;0;638
5919;2025/2026;0;125;0;579
5920;2024/2025;0;128;0;579
5921;2023/2024;0;131;0;579
5922;2025/2026;0;60;0;727
5923;2024/2025;0;58;0;727
5924;2023/2024;0;58;0;727
5925;2025/2026;1;14;1;185
5926;2025/2026;2;19;1;185
5927;2025/2026;3;14;1;185
5928;2025/2026;4;19;1;185
5929;2025/2026;5;19;1;185
5930;2024/2025;1;18;1;185
5931;2024/2025;2;14;1;185
5932;2024/2025;3;19;1;185
5933;2024/2025;4;19;1;185
5934;2024/2025;5;10;1;185
5935;2023/2024;1;12;1;185
5936;2023/2024;2;19;1;185
5937;2023/2024;3;20;1;185
5938;2023/2024;4;11;1;185
5939;2023/2024;5;16;1;185
5940;2025/2026;1;14;1;183
5941;2025/2026;2;8;1;183
5942;2025/2026;3;14;1;183
5943;2025/2026;4;14;1;183
5944;2025/2026;5;13;1;183
5945;2024/2025;1;9;1;183
5946;2024/2025;2;12;1;183
5947;2024/2025;3;15;1;183
5948;2024/2025;4;13;1;183
5949;2024/2025;5;11;1;183
5950;2023/2024;1;12;1;183
5951;2023/2024;2;16;1;183
5952;2023/2024;3;13;1;183
5953;2023/2024;4;12;1;183
5954;2023/2024;5;8;1;183
5955;2025/2026;1;31;2;184
5956;2025/2026;2;29;2;184
5957;2025/2026;3;30;2;184
5958;2025/2026;4;31;2;184
5959;2025/2026;5;36;2;184
5960;2024/2025;1;29;2;184
5961;2024/2025;2;30;2;184
5962;2024/2025;3;29;2;184
5963;2024/2025;4;36;2;184
5964;2024/2025;5;28;2;184
5965;2023/2024;1;30;2;184
5966;2023/2024;2;28;2;184
5967;2023/2024;3;35;2;184
5968;2023/2024;4;25;2;184
5969;2023/2024;5;37;2;184
5970;2025/2026;1;50;3;186
5971;2025/2026;2;65;3;186
5972;2025/2026;3;81;4;186
5973;2024/2025;1;65;3;186
5974;2024/2025;2;82;4;186
5975;2024/2025;3;58;3;186
5976;2023/2024;1;80;4;186
5977;2023/2024;2;59;3;186
5978;2023/2024;3;76;3;186
5979;2025/2026;1;13;1;337
5980;2025/2026;2;27;2;337
5981;2025/2026;3;16;1;337
5982;2025/2026;4;25;1;337
5983;2025/2026;5;21;1;337
5984;2024/2025;1;27;2;337
5985;2024/2025;2;15;1;337
5986;2024/2025;3;25;1;337
5987;2024/2025;4;19;1;337
5988;2024/2025;5;22;1;337
5989;2023/2024;1;16;1;337
5990;2023/2024;2;25;1;337
5991;2023/2024;3;20;1;337
5992;2023/2024;4;23;1;337
5993;2023/2024;5;31;2;337
5994;2025/2026;1;30;2;336
5995;2025/2026;2;37;2;336
5996;2025/2026;3;53;3;336
5997;2025/2026;4;53;3;336
5998;2025/2026;5;62;3;336
5999;2024/2025;1;38;2;336
6000;2024/2025;2;54;3;336
6001;2024/2025;3;50;3;336
6002;2024/2025;4;65;3;336
6003;2024/2025;5;53;3;336
6004;2023/2024;1;59;3;336
6005;2023/2024;2;54;3;336
6006;2023/2024;3;67;3;336
6007;2023/2024;4;55;3;336
6008;2023/2024;5;67;3;336
6009;2025/2026;1;23;1;338
6010;2025/2026;2;27;2;338
6011;2025/2026;3;36;2;338
6012;2025/2026;4;24;1;338
6013;2025/2026;5;21;1;338
6014;2024/2025;1;28;2;338
6015;2024/2025;2;36;2;338
6016;2024/2025;3;24;1;338
6017;2024/2025;4;22;1;338
6018;2024/2025;5;32;2;338
6019;2023/2024;1;38;2;338
6020;2023/2024;2;23;1;338
6021;2023/2024;3;22;1;338
6022;2023/2024;4;32;2;338
6023;2023/2024;5;35;2;338
6024;2025/2026;0;80;0;586
6025;2024/2025;0;93;0;586
6026;2023/2024;0;93;0;586
6027;2025/2026;1;12;1;409
6028;2025/2026;2;9;1;409
6029;2025/2026;3;13;1;409
6030;2025/2026;4;9;1;409
6031;2025/2026;5;16;1;409
6032;2024/2025;1;9;1;409
6033;2024/2025;2;13;1;409
6034;2024/2025;3;10;1;409
6035;2024/2025;4;16;1;409
6036;2024/2025;5;9;1;409
6037;2023/2024;1;12;1;409
6038;2023/2024;2;10;1;409
6039;2023/2024;3;16;1;409
6040;2023/2024;4;9;1;409
6041;2023/2024;5;7;1;409
6042;2025/2026;1;114;5;339
6043;2025/2026;2;157;7;339
6044;2025/2026;3;150;7;339
6045;2024/2025;1;158;7;339
6046;2024/2025;2;153;7;339
6047;2024/2025;3;120;5;339
6048;2023/2024;1;156;7;339
6049;2023/2024;2;121;5;339
6050;2023/2024;3;162;7;339
6051;2025/2026;0;43;0;700
6052;2024/2025;0;43;0;700
6053;2023/2024;0;49;0;700
6054;2025/2026;1;9;1;410
6055;2025/2026;2;11;1;410
6056;2025/2026;3;18;1;410
6057;2025/2026;4;14;1;410
6058;2025/2026;5;15;1;410
6059;2024/2025;1;11;1;410
6060;2024/2025;2;18;1;410
6061;2024/2025;3;15;1;410
6062;2024/2025;4;15;1;410
6063;2024/2025;5;11;1;410
6064;2023/2024;1;19;1;410
6065;2023/2024;2;16;1;410
6066;2023/2024;3;16;1;410
6067;2023/2024;4;11;1;410
6068;2023/2024;5;17;1;410
6069;2025/2026;1;8;1;411
6070;2025/2026;2;19;1;411
6071;2025/2026;3;8;1;411
6072;2025/2026;4;5;1;411
6073;2025/2026;5;15;1;411
6074;2024/2025;1;19;1;411
6075;2024/2025;2;8;1;411
6076;2024/2025;3;5;1;411
6077;2024/2025;4;17;1;411
6078;2024/2025;5;11;1;411
6079;2023/2024;1;7;1;411
6080;2023/2024;2;5;1;411
6081;2023/2024;3;15;1;411
6082;2023/2024;4;13;2;411
6083;2023/2024;5;11;1;411
6084;2025/2026;1;12;1;413
6085;2025/2026;2;11;1;413
6086;2025/2026;3;6;1;413
6087;2025/2026;4;10;1;413
6088;2025/2026;5;7;1;413
6089;2024/2025;1;11;1;413
6090;2024/2025;2;6;1;413
6091;2024/2025;3;11;1;413
6092;2024/2025;4;7;1;413
6093;2024/2025;5;9;1;413
6094;2023/2024;1;6;1;413
6095;2023/2024;2;10;1;413
6096;2023/2024;3;8;1;413
6097;2023/2024;4;9;1;413
6098;2023/2024;5;8;1;413
6099;2025/2026;1;13;1;412
6100;2025/2026;2;9;1;412
6101;2025/2026;3;13;1;412
6102;2025/2026;4;15;1;412
6103;2025/2026;5;11;1;412
6104;2024/2025;1;8;1;412
6105;2024/2025;2;13;1;412
6106;2024/2025;3;18;1;412
6107;2024/2025;4;11;1;412
6108;2024/2025;5;11;1;412
6109;2023/2024;1;12;1;412
6110;2023/2024;2;17;1;412
6111;2023/2024;3;11;1;412
6112;2023/2024;4;10;1;412
6113;2023/2024;5;10;1;412
6114;2025/2026;1;16;1;415
6115;2025/2026;2;12;1;415
6116;2025/2026;3;16;1;415
6117;2025/2026;4;24;2;415
6118;2025/2026;5;19;1;415
6119;2024/2025;1;12;1;415
6120;2024/2025;2;16;1;415
6121;2024/2025;3;24;2;415
6122;2024/2025;4;19;1;415
6123;2024/2025;5;23;1;415
6124;2023/2024;1;15;1;415
6125;2023/2024;2;24;2;415
6126;2023/2024;3;18;1;415
6127;2023/2024;4;23;1;415
6128;2023/2024;5;18;1;415
6129;2025/2026;1;46;3;416
6130;2025/2026;2;38;2;416
6131;2025/2026;3;45;2;416
6132;2024/2025;1;38;2;416
6133;2024/2025;2;45;2;416
6134;2024/2025;3;50;3;416
6135;2023/2024;1;44;2;416
6136;2023/2024;2;52;3;416
6137;2023/2024;3;46;3;416
6138;2025/2026;0;77;0;710
6139;2024/2025;0;81;0;710
6140;2023/2024;0;85;0;710
6141;2025/2026;1;16;1;414
6142;2025/2026;2;4;1;414
6143;2025/2026;3;16;1;414
6144;2025/2026;4;5;1;414
6145;2025/2026;5;16;1;414
6146;2024/2025;1;4;1;414
6147;2024/2025;2;16;1;414
6148;2024/2025;3;5;1;414
6149;2024/2025;4;16;1;414
6150;2024/2025;5;11;1;414
6151;2023/2024;1;16;1;414
6152;2023/2024;2;6;1;414
6153;2023/2024;3;16;1;414
6154;2023/2024;4;12;1;414
6155;2023/2024;5;17;1;414
6156;2025/2026;1;8;1;417
6157;2025/2026;2;9;1;417
6158;2025/2026;3;7;1;417
6159;2024/2025;1;8;1;417
6160;2024/2025;2;7;1;417
6161;2024/2025;3;18;1;417
6162;2023/2024;1;8;1;417
6163;2023/2024;2;17;1;417
6164;2023/2024;3;2;1;417
6165;2025/2026;1;31;2;418
6166;2025/2026;2;39;2;418
6167;2025/2026;3;32;2;418
6168;2024/2025;1;41;2;418
6169;2024/2025;2;33;2;418
6170;2024/2025;3;34;2;418
6171;2023/2024;1;33;2;418
6172;2023/2024;2;34;2;418
6173;2023/2024;3;35;2;418
6174;2025/2026;1;24;1;333
6175;2025/2026;2;40;2;333
6176;2025/2026;3;34;2;333
6177;2025/2026;4;33;2;333
6178;2025/2026;5;31;2;333
6179;2024/2025;1;40;2;333
6180;2024/2025;2;34;2;333
6181;2024/2025;3;35;2;333
6182;2024/2025;4;32;2;333
6183;2024/2025;5;32;2;333
6184;2023/2024;1;34;2;333
6185;2023/2024;2;34;2;333
6186;2023/2024;3;32;2;333
6187;2023/2024;4;31;2;333
6188;2023/2024;5;30;2;333
6189;2025/2026;1;20;1;332
6190;2025/2026;2;19;1;332
6191;2025/2026;3;15;1;332
6192;2025/2026;4;14;1;332
6193;2025/2026;5;16;1;332
6194;2024/2025;1;19;1;332
6195;2024/2025;2;15;1;332
6196;2024/2025;3;14;1;332
6197;2024/2025;4;16;1;332
6198;2024/2025;5;14;1;332
6199;2023/2024;1;16;1;332
6200;2023/2024;2;14;1;332
6201;2023/2024;3;16;1;332
6202;2023/2024;4;14;1;332
6203;2023/2024;5;25;1;332
6204;2025/2026;1;25;2;331
6205;2025/2026;2;29;2;331
6206;2025/2026;3;29;1;331
6207;2025/2026;4;41;2;331
6208;2025/2026;5;31;2;331
6209;2024/2025;1;30;2;331
6210;2024/2025;2;29;1;331
6211;2024/2025;3;40;2;331
6212;2024/2025;4;30;2;331
6213;2024/2025;5;37;2;331
6214;2023/2024;1;28;1;331
6215;2023/2024;2;39;2;331
6216;2023/2024;3;31;2;331
6217;2023/2024;4;37;2;331
6218;2023/2024;5;40;2;331
6219;2025/2026;0;48;0;724
6220;2024/2025;0;47;0;724
6221;2023/2024;0;39;0;724
6222;2025/2026;5;17;1;33
6223;2024/2025;5;18;1;33
6224;2025/2026;1;37;2;334
6225;2025/2026;2;43;2;334
6226;2025/2026;3;34;2;334
6227;2024/2025;1;43;2;334
6228;2024/2025;2;34;2;334
6229;2024/2025;3;33;2;334
6230;2023/2024;1;33;2;334
6231;2023/2024;2;39;2;334
6232;2023/2024;3;44;2;334
6233;2025/2026;1;46;2;335
6234;2025/2026;2;57;3;335
6235;2025/2026;3;52;3;335
6236;2024/2025;1;56;3;335
6237;2024/2025;2;53;3;335
6238;2024/2025;3;51;3;335
6239;2023/2024;1;54;3;335
6240;2023/2024;2;52;3;335
6241;2023/2024;3;64;3;335
6242;2025/2026;0;35;0;663
6243;2024/2025;0;45;0;663
6244;2023/2024;0;36;0;663
6245;2025/2026;0;42;0;599
6246;2024/2025;0;34;0;599
6247;2023/2024;0;42;0;599
6248;2025/2026;1;27;1;34
6249;2025/2026;2;37;2;34
6250;2025/2026;3;48;3;34
6251;2025/2026;4;27;2;34
6252;2024/2025;1;39;2;34
6253;2024/2025;2;41;2;34
6254;2024/2025;3;48;2;34
6255;2024/2025;4;35;2;34
6256;2023/2024;1;45;2;34
6257;2023/2024;2;47;3;34
6258;2023/2024;3;53;3;34
6259;2023/2024;4;28;2;34
6260;2025/2026;1;22;1;740
6261;2025/2026;2;26;1;740
6262;2025/2026;3;20;1;740
6263;2025/2026;4;21;1;740
6264;2025/2026;5;17;1;740
6265;2024/2025;1;23;1;740
6266;2024/2025;2;24;1;740
6267;2024/2025;3;24;1;740
6268;2024/2025;4;19;1;740
6269;2024/2025;5;18;1;740
6270;2023/2024;1;23;1;740
6271;2023/2024;2;22;1;740
6272;2023/2024;3;23;1;740
6273;2023/2024;4;20;1;740
6274;2023/2024;5;17;1;740
6275;2025/2026;1;22;1;741
6276;2025/2026;2;23;1;741
6277;2025/2026;3;18;1;741
6278;2025/2026;4;27;1;741
6279;2025/2026;5;36;2;741
6280;2024/2025;1;22;1;741
6281;2024/2025;2;20;1;741
6282;2024/2025;3;26;1;741
6283;2024/2025;4;22;1;741
6284;2024/2025;5;40;2;741
6285;2023/2024;1;23;1;741
6286;2023/2024;2;23;1;741
6287;2023/2024;3;22;1;741
6288;2023/2024;4;24;1;741
6289;2023/2024;5;40;2;741
6290;2025/2026;1;25;1;743
6291;2025/2026;2;24;1;743
6292;2025/2026;3;21;1;743
6293;2025/2026;4;19;1;743
6294;2024/2025;1;26;1;743
6295;2024/2025;2;23;1;743
6296;2024/2025;3;18;1;743
6297;2024/2025;4;21;1;743
6298;2023/2024;1;25;1;743
6299;2023/2024;2;21;1;743
6300;2023/2024;3;22;1;743
6301;2023/2024;4;20;1;743
6302;2025/2026;1;22;1;742
6303;2025/2026;2;23;1;742
6304;2025/2026;3;20;1;742
6305;2025/2026;4;22;1;742
6306;2025/2026;5;23;1;742
6307;2024/2025;1;22;1;742
6308;2024/2025;2;23;1;742
6309;2024/2025;3;25;1;742
6310;2024/2025;4;24;1;742
6311;2024/2025;5;22;1;742
6312;2023/2024;1;23;1;742
6313;2023/2024;2;19;1;742
6314;2023/2024;3;24;1;742
6315;2023/2024;4;21;1;742
6316;2023/2024;5;21;1;742
6317;2025/2026;1;49;3;320
6318;2025/2026;2;42;2;320
6319;2025/2026;3;42;2;320
6320;2025/2026;4;50;3;320
6321;2025/2026;5;44;2;320
6322;2024/2025;1;42;2;320
6323;2024/2025;2;41;2;320
6324;2024/2025;3;52;3;320
6325;2024/2025;4;42;2;320
6326;2024/2025;5;69;3;320
6327;2023/2024;1;41;2;320
6328;2023/2024;2;53;3;320
6329;2023/2024;3;42;2;320
6330;2023/2024;4;71;3;320
6331;2023/2024;5;55;3;320
6332;2025/2026;5;16;1;7
6333;2024/2025;5;12;1;7
6334;2025/2026;1;18;1;324
6335;2025/2026;2;13;1;324
6336;2025/2026;3;19;1;324
6337;2025/2026;4;17;1;324
6338;2025/2026;5;22;1;324
6339;2024/2025;1;13;1;324
6340;2024/2025;2;19;1;324
6341;2024/2025;3;19;1;324
6342;2024/2025;4;22;1;324
6343;2024/2025;5;23;1;324
6344;2023/2024;1;20;1;324
6345;2023/2024;2;19;1;324
6346;2023/2024;3;23;1;324
6347;2023/2024;4;22;1;324
6348;2023/2024;5;22;1;324
6349;2025/2026;1;22;1;321
6350;2025/2026;2;12;1;321
6351;2025/2026;3;16;1;321
6352;2025/2026;4;12;1;321
6353;2025/2026;5;19;1;321
6354;2024/2025;1;11;1;321
6355;2024/2025;2;16;1;321
6356;2024/2025;3;12;1;321
6357;2024/2025;4;19;1;321
6358;2024/2025;5;19;1;321
6359;2023/2024;1;16;1;321
6360;2023/2024;2;13;1;321
6361;2023/2024;3;21;1;321
6362;2023/2024;4;19;1;321
6363;2023/2024;5;21;1;321
6364;2025/2026;1;126;6;325
6365;2025/2026;2;102;5;325
6366;2025/2026;3;98;5;325
6367;2024/2025;1;103;5;325
6368;2024/2025;2;101;5;325
6369;2024/2025;3;115;5;325
6370;2023/2024;1;104;5;325
6371;2023/2024;2;114;5;325
6372;2023/2024;3;123;6;325
6373;2025/2026;1;5;1;322
6374;2025/2026;2;6;1;322
6375;2025/2026;3;8;1;322
6376;2025/2026;4;10;1;322
6377;2025/2026;5;8;1;322
6378;2024/2025;1;6;1;322
6379;2024/2025;2;8;1;322
6380;2024/2025;3;9;1;322
6381;2024/2025;4;8;1;322
6382;2024/2025;5;5;1;322
6383;2023/2024;1;8;1;322
6384;2023/2024;2;9;1;322
6385;2023/2024;3;8;1;322
6386;2023/2024;4;5;1;322
6387;2023/2024;5;5;1;322
6388;2025/2026;1;53;3;8
6389;2025/2026;2;45;3;8
6390;2025/2026;3;66;4;8
6391;2025/2026;4;25;2;8
6392;2024/2025;1;60;3;8
6393;2024/2025;2;74;4;8
6394;2024/2025;3;53;3;8
6395;2024/2025;4;19;1;8
6396;2023/2024;1;67;3;8
6397;2023/2024;2;51;3;8
6398;2023/2024;3;47;3;8
6399;2023/2024;4;23;1;8
6400;2025/2026;0;25;0;655
6401;2024/2025;0;24;0;655
6402;2023/2024;0;32;0;655
6403;2025/2026;1;12;1;323
6404;2025/2026;2;9;1;323
6405;2025/2026;3;7;1;323
6406;2025/2026;4;11;1;323
6407;2025/2026;5;5;1;323
6408;2024/2025;1;10;2;323
6409;2024/2025;2;7;1;323
6410;2024/2025;3;12;1;323
6411;2024/2025;4;5;1;323
6412;2024/2025;5;4;1;323
6413;2023/2024;1;7;1;323
6414;2023/2024;2;11;1;323
6415;2023/2024;3;6;1;323
6416;2023/2024;4;4;1;323
6417;2023/2024;5;9;1;323
6418;2025/2026;0;41;0;672
6419;2024/2025;0;42;0;672
6420;2023/2024;0;43;0;672
6421;2025/2026;0;63;0;662
6422;2024/2025;0;52;0;662
6423;2023/2024;0;54;0;662
6424;2025/2026;0;50;0;624
6425;2024/2025;0;43;0;624
6426;2023/2024;0;44;0;624
6427;2025/2026;0;29;0;582
6428;2024/2025;0;33;0;582
6429;2023/2024;0;40;0;582
6430;2025/2026;0;27;0;4
6431;2024/2025;0;27;0;4
6432;2023/2024;0;35;0;4
6433;2025/2026;1;144;7;536
6434;2025/2026;2;187;10;536
6435;2025/2026;3;174;9;536
6436;2025/2026;4;154;9;536
6437;2025/2026;5;160;10;536
6438;2024/2025;1;212;10;536
6439;2024/2025;2;176;9;536
6440;2024/2025;3;189;9;536
6441;2024/2025;4;173;10;536
6442;2024/2025;5;151;9;536
6443;2023/2024;1;197;9;536
6444;2023/2024;2;202;11;536
6445;2023/2024;3;197;10;536
6446;2023/2024;4;166;9;536
6447;2023/2024;5;187;11;536
6448;2025/2026;0;29;0;718
6449;2024/2025;0;25;0;718
6450;2023/2024;0;30;0;718
6451;2025/2026;3;48;6;537
6452;2025/2026;4;9;3;537
6453;2025/2026;3;25;3;537
6454;2025/2026;4;14;3;537
6455;2025/2026;5;18;3;537
6456;2024/2025;3;54;6;537
6457;2024/2025;4;15;3;537
6458;2024/2025;3;27;3;537
6459;2024/2025;4;15;5;537
6460;2024/2025;5;11;4;537
6461;2023/2024;3;30;6;537
6462;2023/2024;4;9;3;537
6463;2023/2024;3;18;3;537
6464;2023/2024;4;14;3;537
6465;2023/2024;5;16;3;537
6466;2025/2026;0;52;0;670
6467;2024/2025;0;52;0;670
6468;2023/2024;0;42;0;670
6469;2025/2026;0;56;0;697
6470;2024/2025;0;68;0;697
6471;2023/2024;0;67;0;697
6472;2025/2026;0;93;0;666
6473;2024/2025;0;104;0;666
6474;2023/2024;0;123;0;666
6475;2025/2026;1;54;3;565
6476;2025/2026;2;53;3;565
6477;2025/2026;3;65;3;565
6478;2025/2026;4;69;3;565
6479;2025/2026;5;48;3;565
6480;2024/2025;1;54;3;565
6481;2024/2025;2;66;3;565
6482;2024/2025;3;70;3;565
6483;2024/2025;4;47;3;565
6484;2024/2025;5;58;3;565
6485;2023/2024;1;56;3;565
6486;2023/2024;2;65;3;565
6487;2023/2024;3;52;3;565
6488;2023/2024;4;62;3;565
6489;2023/2024;5;52;3;565
6490;2025/2026;0;13;0;46
6491;2024/2025;0;12;0;46
6492;2023/2024;0;11;0;46
6493;2025/2026;0;29;0;628
6494;2024/2025;0;36;0;628
6495;2023/2024;0;39;0;628
6496;2025/2026;0;23;0;49
6497;2024/2025;0;27;0;49
6498;2025/2026;1;91;4;564
6499;2025/2026;2;89;4;564
6500;2025/2026;3;70;4;564
6501;2025/2026;4;76;4;564
6502;2025/2026;5;77;4;564
6503;2024/2025;1;95;4;564
6504;2024/2025;2;75;4;564
6505;2024/2025;3;79;4;564
6506;2024/2025;4;79;4;564
6507;2024/2025;5;69;4;564
6508;2023/2024;1;81;4;564
6509;2023/2024;2;80;4;564
6510;2023/2024;3;78;4;564
6511;2023/2024;4;74;4;564
6512;2023/2024;5;84;4;564
6513;2025/2026;0;58;0;45
6514;2024/2025;0;75;0;45
6515;2023/2024;0;66;0;45
6516;2025/2026;0;13;0;47
6517;2024/2025;0;9;0;47
6518;2023/2024;0;10;0;47
6519;2025/2026;0;54;0;48
6520;2024/2025;0;67;0;48
6521;2023/2024;0;72;0;48
6522;2025/2026;0;12;0;50
6523;2024/2025;0;13;0;50
6524;2023/2024;0;15;0;50
6525;2025/2026;0;39;0;53
6526;2024/2025;0;38;0;53
6527;2023/2024;0;34;0;53
6528;2025/2026;0;47;0;51
6529;2024/2025;0;45;0;51
6530;2023/2024;0;48;0;51
6531;2025/2026;0;36;0;607
6532;2024/2025;0;40;0;607
6533;2023/2024;0;32;0;607
6534;2025/2026;0;23;0;52
6535;2024/2025;0;27;0;52
6536;2023/2024;0;26;0;52
6537;2025/2026;0;23;0;54
6538;2024/2025;0;23;0;54
6539;2023/2024;0;24;0;54
6540;2025/2026;0;27;0;55
6541;2024/2025;0;27;0;55
6542;2023/2024;0;25;0;55
6543;2025/2026;0;44;0;56
6544;2024/2025;0;46;0;56
6545;2023/2024;0;37;0;56
6546;2025/2026;1;40;2;576
6547;2025/2026;2;58;2;576
6548;2025/2026;3;42;2;576
6549;2025/2026;4;34;2;576
6550;2024/2025;1;56;2;576
6551;2024/2025;2;43;2;576
6552;2024/2025;3;37;2;576
6553;2024/2025;4;33;2;576
6554;2023/2024;1;42;2;576
6555;2023/2024;2;41;3;576
6556;2023/2024;3;34;2;576
6557;2023/2024;4;24;1;576
6558;2025/2026;5;67;4;575
6559;2024/2025;5;73;3;575
6560;2025/2026;1;97;5;577
6561;2025/2026;2;130;5;577
6562;2025/2026;3;126;7;577
6563;2025/2026;4;107;7;577
6564;2024/2025;1;110;5;577
6565;2024/2025;2;128;6;577
6566;2024/2025;3;122;7;577
6567;2024/2025;4;105;5;577
6568;2023/2024;1;108;4;577
6569;2023/2024;2;134;7;577
6570;2023/2024;3;136;7;577
6571;2023/2024;4;100;4;577
6572;2023/2024;5;39;2;577
6573;2025/2026;4;17;1;578
6574;2025/2026;2;15;2;578
6575;2025/2026;3;4;2;578
6576;2025/2026;2;15;2;578
6577;2025/2026;3;4;2;578
6578;2025/2026;4;17;1;578
6579;2024/2025;2;17;2;578
6580;2024/2025;3;11;2;578
6581;2024/2025;2;17;2;578
6582;2024/2025;3;11;2;578
6583;2023/2024;2;28;2;578
6584;2023/2024;3;26;3;578
6585;2023/2024;2;28;2;578
6586;2023/2024;3;17;2;578
6587;2025/2026;1;49;3;350
6588;2025/2026;2;50;3;350
6589;2025/2026;3;53;3;350
6590;2025/2026;4;56;3;350
6591;2025/2026;5;67;3;350
6592;2024/2025;1;50;3;350
6593;2024/2025;2;48;3;350
6594;2024/2025;3;55;3;350
6595;2024/2025;4;69;3;350
6596;2024/2025;5;69;3;350
6597;2023/2024;1;47;3;350
6598;2023/2024;2;51;3;350
6599;2023/2024;3;65;3;350
6600;2023/2024;4;70;3;350
6601;2023/2024;5;64;3;350
6602;2025/2026;0;139;0;583
6603;2024/2025;0;133;0;583
6604;2023/2024;0;139;0;583
6605;2025/2026;1;10;1;349
6606;2025/2026;2;16;1;349
6607;2025/2026;3;21;1;349
6608;2025/2026;4;15;1;349
6609;2025/2026;5;22;1;349
6610;2024/2025;1;16;1;349
6611;2024/2025;2;21;1;349
6612;2024/2025;3;16;1;349
6613;2024/2025;4;20;1;349
6614;2024/2025;5;20;1;349
6615;2023/2024;1;21;1;349
6616;2023/2024;2;16;1;349
6617;2023/2024;3;20;1;349
6618;2023/2024;4;20;1;349
6619;2023/2024;5;20;1;349
6620;2025/2026;1;106;5;351
6621;2025/2026;2;109;5;351
6622;2025/2026;3;113;5;351
6623;2024/2025;1;109;5;351
6624;2024/2025;2;117;5;351
6625;2024/2025;3;115;5;351
6626;2023/2024;1;112;5;351
6627;2023/2024;2;118;5;351
6628;2023/2024;3;112;5;351
6629;2025/2026;0;81;0;57
6630;2024/2025;0;94;0;57
6631;2023/2024;0;97;0;57
6632;2025/2026;0;48;0;58
6633;2024/2025;0;63;0;58
6634;2023/2024;0;75;0;58
6635;2025/2026;0;53;0;59
6636;2024/2025;0;76;0;59
6637;2023/2024;0;67;0;59
6638;2025/2026;0;38;0;60
6639;2024/2025;0;44;0;60
6640;2023/2024;0;48;0;60
6641;2025/2026;0;55;0;61
6642;2024/2025;0;60;0;61
6643;2023/2024;0;60;0;61
6644;2025/2026;0;26;0;62
6645;2024/2025;0;23;0;62
6646;2023/2024;0;17;0;62
6647;2025/2026;0;72;0;63
6648;2024/2025;0;74;0;63
6649;2023/2024;0;81;0;63
6650;2025/2026;0;71;0;64
6651;2024/2025;0;75;0;64
6652;2023/2024;0;76;0;64
6653;2025/2026;0;27;0;686
6654;2024/2025;0;31;0;686
6655;2023/2024;0;26;0;686
6656;2025/2026;1;51;3;303
6657;2025/2026;2;58;3;303
6658;2025/2026;3;53;3;303
6659;2025/2026;4;63;3;303
6660;2025/2026;5;52;3;303
6661;2024/2025;1;58;3;303
6662;2024/2025;2;54;3;303
6663;2024/2025;3;66;3;303
6664;2024/2025;4;52;3;303
6665;2024/2025;5;63;3;303
6666;2023/2024;1;52;3;303
6667;2023/2024;2;66;3;303
6668;2023/2024;3;55;3;303
6669;2023/2024;4;61;3;303
6670;2023/2024;5;60;3;303
6671;2025/2026;1;14;1;305
6672;2025/2026;2;7;1;305
6673;2025/2026;3;14;1;305
6674;2025/2026;4;16;1;305
6675;2025/2026;5;8;1;305
6676;2024/2025;1;8;1;305
6677;2024/2025;2;14;1;305
6678;2024/2025;3;16;1;305
6679;2024/2025;4;8;1;305
6680;2024/2025;5;16;1;305
6681;2023/2024;1;16;1;305
6682;2023/2024;2;15;1;305
6683;2023/2024;3;8;1;305
6684;2023/2024;4;17;1;305
6685;2023/2024;5;9;1;305
6686;2025/2026;1;118;6;307
6687;2025/2026;2;112;5;307
6688;2025/2026;3;132;6;307
6689;2024/2025;1;116;5;307
6690;2024/2025;2;135;6;307
6691;2024/2025;3;112;5;307
6692;2023/2024;1;138;6;307
6693;2023/2024;2;113;5;307
6694;2023/2024;3;121;5;307
6695;2025/2026;1;23;1;304
6696;2025/2026;2;21;1;304
6697;2025/2026;3;26;2;304
6698;2025/2026;4;27;2;304
6699;2025/2026;5;30;2;304
6700;2024/2025;1;22;1;304
6701;2024/2025;2;26;2;304
6702;2024/2025;3;28;2;304
6703;2024/2025;4;29;2;304
6704;2024/2025;5;22;1;304
6705;2023/2024;1;26;2;304
6706;2023/2024;2;27;2;304
6707;2023/2024;3;30;2;304
6708;2023/2024;4;22;1;304
6709;2023/2024;5;22;1;304
6710;2025/2026;0;10;0;679
6711;2024/2025;0;13;0;679
6712;2023/2024;0;15;0;679
6713;2025/2026;2;26;1;446
6714;2025/2026;3;18;1;446
6715;2025/2026;2;26;1;446
6716;2025/2026;3;18;1;446
6717;2024/2025;2;40;2;446
6718;2024/2025;3;22;1;446
6719;2024/2025;2;36;2;446
6720;2024/2025;3;22;1;446
6721;2023/2024;3;17;1;446
6722;2023/2024;2;92;4;446
6723;2023/2024;2;42;3;446
6724;2023/2024;3;17;1;446
6725;2025/2026;1;13;1;306
6726;2025/2026;2;8;1;306
6727;2025/2026;3;14;1;306
6728;2025/2026;4;16;1;306
6729;2025/2026;5;19;1;306
6730;2024/2025;1;9;1;306
6731;2024/2025;2;14;1;306
6732;2024/2025;3;17;1;306
6733;2024/2025;4;18;1;306
6734;2024/2025;5;20;1;306
6735;2023/2024;1;14;1;306
6736;2023/2024;2;17;1;306
6737;2023/2024;3;20;1;306
6738;2023/2024;4;20;1;306
6739;2023/2024;5;17;1;306
6740;2025/2026;1;13;1;444
6741;2025/2026;3;10;1;444
6742;2024/2025;2;12;1;444
6743;2024/2025;3;15;1;444
6744;2023/2024;1;20;1;444
6745;2023/2024;2;17;1;444
6746;2023/2024;3;19;1;444
6747;2025/2026;5;13;1;443
6748;2024/2025;5;21;1;443
6749;2025/2026;1;59;4;445
6750;2025/2026;2;73;4;445
6751;2025/2026;3;55;4;445
6752;2025/2026;4;26;2;445
6753;2024/2025;1;99;5;445
6754;2024/2025;2;64;3;445
6755;2024/2025;3;48;3;445
6756;2024/2025;4;16;2;445
6757;2023/2024;1;90;5;445
6758;2023/2024;2;50;3;445
6759;2023/2024;3;34;2;445
6760;2023/2024;4;36;3;445
6761;2023/2024;5;16;2;445
6762;2025/2026;1;9;1;216
6763;2025/2026;2;5;1;216
6764;2025/2026;3;11;1;216
6765;2025/2026;4;9;1;216
6766;2025/2026;5;6;1;216
6767;2024/2025;1;5;1;216
6768;2024/2025;2;11;1;216
6769;2024/2025;3;9;1;216
6770;2024/2025;4;8;1;216
6771;2024/2025;5;11;1;216
6772;2023/2024;1;12;1;216
6773;2023/2024;2;9;1;216
6774;2023/2024;3;7;1;216
6775;2023/2024;4;11;1;216
6776;2023/2024;5;9;1;216
6777;2025/2026;2;3;1;215
6778;2025/2026;3;7;1;215
6779;2025/2026;4;1;1;215
6780;2025/2026;5;3;1;215
6781;2024/2025;1;3;1;215
6782;2024/2025;2;7;1;215
6783;2024/2025;3;1;1;215
6784;2024/2025;4;2;1;215
6785;2024/2025;5;6;1;215
6786;2023/2024;1;7;1;215
6787;2023/2024;2;1;1;215
6788;2023/2024;3;2;1;215
6789;2023/2024;4;6;1;215
6790;2023/2024;5;2;1;215
6791;2025/2026;1;10;1;218
6792;2025/2026;2;14;1;218
6793;2025/2026;3;18;1;218
6794;2025/2026;4;10;1;218
6795;2025/2026;5;11;1;218
6796;2024/2025;1;14;1;218
6797;2024/2025;2;19;1;218
6798;2024/2025;3;10;1;218
6799;2024/2025;4;11;1;218
6800;2024/2025;5;21;1;218
6801;2023/2024;1;19;1;218
6802;2023/2024;2;10;1;218
6803;2023/2024;3;12;1;218
6804;2023/2024;4;21;1;218
6805;2023/2024;5;14;1;218
6806;2025/2026;1;1;1;217
6807;2025/2026;2;5;1;217
6808;2025/2026;3;3;1;217
6809;2025/2026;4;2;1;217
6810;2025/2026;5;3;1;217
6811;2024/2025;1;5;1;217
6812;2024/2025;2;3;1;217
6813;2024/2025;3;2;1;217
6814;2024/2025;4;3;1;217
6815;2024/2025;5;4;1;217
6816;2023/2024;1;3;1;217
6817;2023/2024;2;3;1;217
6818;2023/2024;3;4;1;217
6819;2023/2024;4;3;1;217
6820;2023/2024;5;4;1;217
6821;2025/2026;1;7;1;220
6822;2025/2026;2;7;1;220
6823;2025/2026;3;6;1;220
6824;2025/2026;4;5;1;220
6825;2025/2026;5;5;1;220
6826;2024/2025;1;7;1;220
6827;2024/2025;2;6;1;220
6828;2024/2025;3;5;1;220
6829;2024/2025;4;5;1;220
6830;2024/2025;5;3;1;220
6831;2023/2024;1;6;1;220
6832;2023/2024;2;5;1;220
6833;2023/2024;3;5;1;220
6834;2023/2024;4;4;1;220
6835;2023/2024;5;10;1;220
6836;2025/2026;1;11;1;222
6837;2025/2026;2;10;1;222
6838;2025/2026;3;9;1;222
6839;2025/2026;4;9;1;222
6840;2025/2026;5;9;1;222
6841;2024/2025;1;9;1;222
6842;2024/2025;2;9;1;222
6843;2024/2025;3;9;1;222
6844;2024/2025;4;9;1;222
6845;2024/2025;5;17;1;222
6846;2023/2024;1;9;1;222
6847;2023/2024;2;8;1;222
6848;2023/2024;3;9;1;222
6849;2023/2024;4;16;1;222
6850;2023/2024;5;19;1;222
6851;2025/2026;0;53;0;100
6852;2024/2025;0;52;0;100
6853;2023/2024;0;51;0;100
6854;2025/2026;0;35;0;716
6855;2024/2025;0;37;0;716
6856;2023/2024;0;43;0;716
6857;2025/2026;1;23;1;219
6858;2025/2026;2;16;1;219
6859;2025/2026;3;15;1;219
6860;2025/2026;4;25;2;219
6861;2025/2026;5;27;2;219
6862;2024/2025;1;17;1;219
6863;2024/2025;2;15;1;219
6864;2024/2025;3;27;2;219
6865;2024/2025;4;28;2;219
6866;2024/2025;5;28;2;219
6867;2023/2024;1;15;1;219
6868;2023/2024;2;28;2;219
6869;2023/2024;3;28;2;219
6870;2023/2024;4;28;2;219
6871;2023/2024;5;31;2;219
6872;2025/2026;1;11;1;221
6873;2025/2026;2;10;1;221
6874;2025/2026;3;3;1;221
6875;2025/2026;4;11;1;221
6876;2025/2026;5;10;1;221
6877;2024/2025;1;10;1;221
6878;2024/2025;2;3;1;221
6879;2024/2025;3;9;1;221
6880;2024/2025;4;11;1;221
6881;2024/2025;5;9;1;221
6882;2023/2024;1;3;1;221
6883;2023/2024;2;10;1;221
6884;2023/2024;3;11;1;221
6885;2023/2024;4;9;1;221
6886;2023/2024;5;11;1;221
6887;2025/2026;0;29;0;99
6888;2024/2025;0;31;0;99
6889;2023/2024;0;22;0;99
6890;2025/2026;0;149;0;101
6891;2024/2025;0;170;0;101
6892;2023/2024;0;173;0;101
6893;2025/2026;0;141;0;104
6894;2024/2025;0;118;0;104
6895;2023/2024;0;130;0;104
6896;2025/2026;1;99;5;223
6897;2025/2026;2;99;5;223
6898;2025/2026;3;103;5;223
6899;2024/2025;1;98;5;223
6900;2024/2025;2;103;5;223
6901;2024/2025;3;92;4;223
6902;2023/2024;1;101;5;223
6903;2023/2024;2;99;4;223
6904;2023/2024;3;85;4;223
6905;2025/2026;0;24;0;649
6906;2024/2025;0;21;0;649
6907;2023/2024;0;21;0;649
6908;2025/2026;0;85;0;102
6909;2024/2025;0;99;0;102
6910;2023/2024;0;90;0;102
6911;2025/2026;0;48;0;103
6912;2024/2025;0;40;0;103
6913;2023/2024;0;43;0;103
