vivoscuola school link;academic year;school year;number of students;number of classes
https://www.vivoscuola.it/content/view/full/170199;2025/2026;5;40;2
https://www.vivoscuola.it/content/view/full/170199;2024/2025;5;26;1
https://www.vivoscuola.it/content/view/full/29266;2025/2026;1;173;8
https://www.vivoscuola.it/content/view/full/29266;2025/2026;2;159;9
https://www.vivoscuola.it/content/view/full/29266;2025/2026;3;134;9
https://www.vivoscuola.it/content/view/full/29266;2025/2026;4;62;6
https://www.vivoscuola.it/content/view/full/29266;2024/2025;1;210;9
https://www.vivoscuola.it/content/view/full/29266;2024/2025;2;162;9
https://www.vivoscuola.it/content/view/full/29266;2024/2025;3;115;7
https://www.vivoscuola.it/content/view/full/29266;2024/2025;4;76;6
https://www.vivoscuola.it/content/view/full/29266;2023/2024;1;176;8
https://www.vivoscuola.it/content/view/full/29266;2023/2024;2;158;9
https://www.vivoscuola.it/content/view/full/29266;2023/2024;3;130;9
https://www.vivoscuola.it/content/view/full/29266;2023/2024;4;64;4
https://www.vivoscuola.it/content/view/full/29266;2023/2024;5;23;1
https://www.vivoscuola.it/content/view/full/29267;2025/2026;2;43;4
https://www.vivoscuola.it/content/view/full/29267;2025/2026;3;27;4
https://www.vivoscuola.it/content/view/full/29267;2025/2026;2;43;4
https://www.vivoscuola.it/content/view/full/29267;2025/2026;3;27;4
https://www.vivoscuola.it/content/view/full/29267;2024/2025;2;43;4
https://www.vivoscuola.it/content/view/full/29267;2024/2025;3;22;4
https://www.vivoscuola.it/content/view/full/29267;2024/2025;2;43;4
https://www.vivoscuola.it/content/view/full/29267;2024/2025;3;22;4
https://www.vivoscuola.it/content/view/full/29267;2023/2024;2;17;1
https://www.vivoscuola.it/content/view/full/29267;2023/2024;3;5;1
https://www.vivoscuola.it/content/view/full/29267;2023/2024;2;10;1
https://www.vivoscuola.it/content/view/full/29267;2023/2024;3;23;2
https://www.vivoscuola.it/content/view/full/29267;2023/2024;2;41;4
https://www.vivoscuola.it/content/view/full/29267;2023/2024;3;28;3
https://www.vivoscuola.it/content/view/full/29632;2025/2026;1;43;2
https://www.vivoscuola.it/content/view/full/29632;2025/2026;2;31;2
https://www.vivoscuola.it/content/view/full/29632;2025/2026;3;45;2
https://www.vivoscuola.it/content/view/full/29632;2025/2026;4;51;3
https://www.vivoscuola.it/content/view/full/29632;2025/2026;5;40;2
https://www.vivoscuola.it/content/view/full/29632;2024/2025;1;33;2
https://www.vivoscuola.it/content/view/full/29632;2024/2025;2;46;2
https://www.vivoscuola.it/content/view/full/29632;2024/2025;3;52;3
https://www.vivoscuola.it/content/view/full/29632;2024/2025;4;41;2
https://www.vivoscuola.it/content/view/full/29632;2024/2025;5;47;3
https://www.vivoscuola.it/content/view/full/29632;2023/2024;1;47;2
https://www.vivoscuola.it/content/view/full/29632;2023/2024;2;48;3
https://www.vivoscuola.it/content/view/full/29632;2023/2024;3;41;2
https://www.vivoscuola.it/content/view/full/29632;2023/2024;4;47;3
https://www.vivoscuola.it/content/view/full/29632;2023/2024;5;41;3
https://www.vivoscuola.it/content/view/full/29635;2025/2026;1;99;5
https://www.vivoscuola.it/content/view/full/29635;2025/2026;2;102;5
https://www.vivoscuola.it/content/view/full/29635;2025/2026;3;127;6
https://www.vivoscuola.it/content/view/full/29635;2024/2025;1;104;5
https://www.vivoscuola.it/content/view/full/29635;2024/2025;2;124;6
https://www.vivoscuola.it/content/view/full/29635;2024/2025;3;106;5
https://www.vivoscuola.it/content/view/full/29635;2023/2024;1;124;6
https://www.vivoscuola.it/content/view/full/29635;2023/2024;2;105;5
https://www.vivoscuola.it/content/view/full/29635;2023/2024;3;97;5
https://www.vivoscuola.it/content/view/full/29633;2025/2026;1;38;2
https://www.vivoscuola.it/content/view/full/29633;2025/2026;2;45;2
https://www.vivoscuola.it/content/view/full/29633;2025/2026;3;38;2
https://www.vivoscuola.it/content/view/full/29633;2025/2026;4;39;2
https://www.vivoscuola.it/content/view/full/29633;2025/2026;5;43;2
https://www.vivoscuola.it/content/view/full/29633;2024/2025;1;45;2
https://www.vivoscuola.it/content/view/full/29633;2024/2025;2;37;2
https://www.vivoscuola.it/content/view/full/29633;2024/2025;3;41;2
https://www.vivoscuola.it/content/view/full/29633;2024/2025;4;43;2
https://www.vivoscuola.it/content/view/full/29633;2024/2025;5;44;2
https://www.vivoscuola.it/content/view/full/29633;2023/2024;1;38;2
https://www.vivoscuola.it/content/view/full/29633;2023/2024;2;45;2
https://www.vivoscuola.it/content/view/full/29633;2023/2024;3;46;2
https://www.vivoscuola.it/content/view/full/29633;2023/2024;4;45;2
https://www.vivoscuola.it/content/view/full/29633;2023/2024;5;50;2
https://www.vivoscuola.it/content/view/full/29512;2025/2026;1;16;1
https://www.vivoscuola.it/content/view/full/29512;2025/2026;2;10;1
https://www.vivoscuola.it/content/view/full/29512;2025/2026;3;8;1
https://www.vivoscuola.it/content/view/full/29512;2025/2026;4;11;1
https://www.vivoscuola.it/content/view/full/29512;2025/2026;5;19;1
https://www.vivoscuola.it/content/view/full/29512;2024/2025;1;12;1
https://www.vivoscuola.it/content/view/full/29512;2024/2025;2;8;1
https://www.vivoscuola.it/content/view/full/29512;2024/2025;3;11;1
https://www.vivoscuola.it/content/view/full/29512;2024/2025;4;19;1
https://www.vivoscuola.it/content/view/full/29512;2024/2025;5;15;1
https://www.vivoscuola.it/content/view/full/29512;2023/2024;1;8;1
https://www.vivoscuola.it/content/view/full/29512;2023/2024;2;11;1
https://www.vivoscuola.it/content/view/full/29512;2023/2024;3;19;1
https://www.vivoscuola.it/content/view/full/29512;2023/2024;4;13;1
https://www.vivoscuola.it/content/view/full/29512;2023/2024;5;12;1
https://www.vivoscuola.it/content/view/full/29634;2025/2026;1;18;1
https://www.vivoscuola.it/content/view/full/29634;2025/2026;2;15;1
https://www.vivoscuola.it/content/view/full/29634;2025/2026;3;12;1
https://www.vivoscuola.it/content/view/full/29634;2025/2026;4;16;1
https://www.vivoscuola.it/content/view/full/29634;2025/2026;5;28;2
https://www.vivoscuola.it/content/view/full/29634;2024/2025;1;15;1
https://www.vivoscuola.it/content/view/full/29634;2024/2025;2;11;1
https://www.vivoscuola.it/content/view/full/29634;2024/2025;3;16;1
https://www.vivoscuola.it/content/view/full/29634;2024/2025;4;28;2
https://www.vivoscuola.it/content/view/full/29634;2024/2025;5;17;1
https://www.vivoscuola.it/content/view/full/29634;2023/2024;1;11;1
https://www.vivoscuola.it/content/view/full/29634;2023/2024;2;17;1
https://www.vivoscuola.it/content/view/full/29634;2023/2024;3;27;2
https://www.vivoscuola.it/content/view/full/29634;2023/2024;4;18;1
https://www.vivoscuola.it/content/view/full/29634;2023/2024;5;21;1
https://www.vivoscuola.it/content/view/full/29514;2025/2026;1;16;1
https://www.vivoscuola.it/content/view/full/29514;2025/2026;2;9;1
https://www.vivoscuola.it/content/view/full/29514;2025/2026;3;24;1
https://www.vivoscuola.it/content/view/full/29514;2025/2026;4;20;1
https://www.vivoscuola.it/content/view/full/29514;2025/2026;5;16;1
https://www.vivoscuola.it/content/view/full/29514;2024/2025;1;11;1
https://www.vivoscuola.it/content/view/full/29514;2024/2025;2;24;1
https://www.vivoscuola.it/content/view/full/29514;2024/2025;3;21;1
https://www.vivoscuola.it/content/view/full/29514;2024/2025;4;16;1
https://www.vivoscuola.it/content/view/full/29514;2024/2025;5;20;1
https://www.vivoscuola.it/content/view/full/29514;2023/2024;1;24;1
https://www.vivoscuola.it/content/view/full/29514;2023/2024;2;20;1
https://www.vivoscuola.it/content/view/full/29514;2023/2024;3;16;1
https://www.vivoscuola.it/content/view/full/29514;2023/2024;4;18;1
https://www.vivoscuola.it/content/view/full/29514;2023/2024;5;23;1
https://www.vivoscuola.it/content/view/full/29516;2025/2026;1;57;3
https://www.vivoscuola.it/content/view/full/29516;2025/2026;2;65;3
https://www.vivoscuola.it/content/view/full/29516;2025/2026;3;52;3
https://www.vivoscuola.it/content/view/full/29516;2024/2025;1;64;3
https://www.vivoscuola.it/content/view/full/29516;2024/2025;2;55;3
https://www.vivoscuola.it/content/view/full/29516;2024/2025;3;60;3
https://www.vivoscuola.it/content/view/full/29516;2023/2024;1;55;3
https://www.vivoscuola.it/content/view/full/29516;2023/2024;2;59;3
https://www.vivoscuola.it/content/view/full/29516;2023/2024;3;48;3
https://www.vivoscuola.it/content/view/full/30030;2025/2026;0;78;0
https://www.vivoscuola.it/content/view/full/30030;2024/2025;0;68;0
https://www.vivoscuola.it/content/view/full/30030;2023/2024;0;79;0
https://www.vivoscuola.it/content/view/full/29513;2025/2026;1;18;1
https://www.vivoscuola.it/content/view/full/29513;2025/2026;2;20;1
https://www.vivoscuola.it/content/view/full/29513;2025/2026;3;26;2
https://www.vivoscuola.it/content/view/full/29513;2025/2026;4;20;1
https://www.vivoscuola.it/content/view/full/29513;2025/2026;5;14;1
https://www.vivoscuola.it/content/view/full/29513;2024/2025;1;20;1
https://www.vivoscuola.it/content/view/full/29513;2024/2025;2;27;2
https://www.vivoscuola.it/content/view/full/29513;2024/2025;3;21;1
https://www.vivoscuola.it/content/view/full/29513;2024/2025;4;15;1
https://www.vivoscuola.it/content/view/full/29513;2024/2025;5;27;2
https://www.vivoscuola.it/content/view/full/29513;2023/2024;1;26;2
https://www.vivoscuola.it/content/view/full/29513;2023/2024;2;21;1
https://www.vivoscuola.it/content/view/full/29513;2023/2024;3;15;1
https://www.vivoscuola.it/content/view/full/29513;2023/2024;4;28;2
https://www.vivoscuola.it/content/view/full/29513;2023/2024;5;31;2
https://www.vivoscuola.it/content/view/full/30010;2025/2026;0;68;0
https://www.vivoscuola.it/content/view/full/30010;2024/2025;0;56;0
https://www.vivoscuola.it/content/view/full/30010;2023/2024;0;49;0
https://www.vivoscuola.it/content/view/full/29515;2025/2026;1;17;1
https://www.vivoscuola.it/content/view/full/29515;2025/2026;2;12;1
https://www.vivoscuola.it/content/view/full/29515;2025/2026;3;15;1
https://www.vivoscuola.it/content/view/full/29515;2025/2026;4;18;1
https://www.vivoscuola.it/content/view/full/29515;2025/2026;5;11;1
https://www.vivoscuola.it/content/view/full/29515;2024/2025;1;13;1
https://www.vivoscuola.it/content/view/full/29515;2024/2025;2;13;1
https://www.vivoscuola.it/content/view/full/29515;2024/2025;3;19;1
https://www.vivoscuola.it/content/view/full/29515;2024/2025;4;12;1
https://www.vivoscuola.it/content/view/full/29515;2024/2025;5;15;1
https://www.vivoscuola.it/content/view/full/29515;2023/2024;1;14;1
https://www.vivoscuola.it/content/view/full/29515;2023/2024;2;18;1
https://www.vivoscuola.it/content/view/full/29515;2023/2024;3;12;1
https://www.vivoscuola.it/content/view/full/29515;2023/2024;4;14;1
https://www.vivoscuola.it/content/view/full/29515;2023/2024;5;14;1
https://www.vivoscuola.it/content/view/full/29980;2025/2026;0;44;0
https://www.vivoscuola.it/content/view/full/29980;2024/2025;0;43;0
https://www.vivoscuola.it/content/view/full/29980;2023/2024;0;41;0
https://www.vivoscuola.it/content/view/full/29517;2025/2026;1;19;1
https://www.vivoscuola.it/content/view/full/29517;2025/2026;2;20;1
https://www.vivoscuola.it/content/view/full/29517;2025/2026;3;16;1
https://www.vivoscuola.it/content/view/full/29517;2024/2025;1;20;1
https://www.vivoscuola.it/content/view/full/29517;2024/2025;2;15;1
https://www.vivoscuola.it/content/view/full/29517;2024/2025;3;31;2
https://www.vivoscuola.it/content/view/full/29517;2023/2024;1;16;1
https://www.vivoscuola.it/content/view/full/29517;2023/2024;2;30;2
https://www.vivoscuola.it/content/view/full/29517;2023/2024;3;11;1
https://www.vivoscuola.it/content/view/full/29996;2025/2026;0;36;0
https://www.vivoscuola.it/content/view/full/29996;2024/2025;0;35;0
https://www.vivoscuola.it/content/view/full/29996;2023/2024;0;41;0
https://www.vivoscuola.it/content/view/full/30084;2025/2026;0;42;0
https://www.vivoscuola.it/content/view/full/30084;2024/2025;0;48;0
https://www.vivoscuola.it/content/view/full/30084;2023/2024;0;52;0
https://www.vivoscuola.it/content/view/full/30056;2025/2026;0;8;0
https://www.vivoscuola.it/content/view/full/30056;2024/2025;0;12;0
https://www.vivoscuola.it/content/view/full/30056;2023/2024;0;12;0
https://www.vivoscuola.it/content/view/full/30050;2025/2026;0;52;0
https://www.vivoscuola.it/content/view/full/30050;2024/2025;0;51;0
https://www.vivoscuola.it/content/view/full/30050;2023/2024;0;46;0
https://www.vivoscuola.it/content/view/full/30048;2025/2026;0;58;0
https://www.vivoscuola.it/content/view/full/30048;2024/2025;0;62;0
https://www.vivoscuola.it/content/view/full/30048;2023/2024;0;60;0
https://www.vivoscuola.it/content/view/full/141892;2025/2026;0;76;0
https://www.vivoscuola.it/content/view/full/141892;2024/2025;0;86;0
https://www.vivoscuola.it/content/view/full/141892;2023/2024;0;73;0
https://www.vivoscuola.it/content/view/full/30074;2025/2026;0;22;0
https://www.vivoscuola.it/content/view/full/30074;2024/2025;0;25;0
https://www.vivoscuola.it/content/view/full/30074;2023/2024;0;26;0
https://www.vivoscuola.it/content/view/full/29713;2025/2026;1;16;1
https://www.vivoscuola.it/content/view/full/29713;2025/2026;2;16;1
https://www.vivoscuola.it/content/view/full/29713;2025/2026;3;17;1
https://www.vivoscuola.it/content/view/full/29713;2025/2026;4;16;1
https://www.vivoscuola.it/content/view/full/29713;2025/2026;5;19;1
https://www.vivoscuola.it/content/view/full/29713;2024/2025;1;17;1
https://www.vivoscuola.it/content/view/full/29713;2024/2025;2;18;1
https://www.vivoscuola.it/content/view/full/29713;2024/2025;3;16;1
https://www.vivoscuola.it/content/view/full/29713;2024/2025;4;19;1
https://www.vivoscuola.it/content/view/full/29713;2024/2025;5;16;1
https://www.vivoscuola.it/content/view/full/29713;2023/2024;1;17;1
https://www.vivoscuola.it/content/view/full/29713;2023/2024;2;16;1
https://www.vivoscuola.it/content/view/full/29713;2023/2024;3;19;1
https://www.vivoscuola.it/content/view/full/29713;2023/2024;4;15;1
https://www.vivoscuola.it/content/view/full/29713;2023/2024;5;13;1
https://www.vivoscuola.it/content/view/full/29716;2025/2026;1;129;6
https://www.vivoscuola.it/content/view/full/29716;2025/2026;2;137;6
https://www.vivoscuola.it/content/view/full/29716;2025/2026;3;156;7
https://www.vivoscuola.it/content/view/full/29716;2024/2025;1;139;6
https://www.vivoscuola.it/content/view/full/29716;2024/2025;2;159;7
https://www.vivoscuola.it/content/view/full/29716;2024/2025;3;172;7
https://www.vivoscuola.it/content/view/full/29716;2023/2024;1;161;7
https://www.vivoscuola.it/content/view/full/29716;2023/2024;2;171;7
https://www.vivoscuola.it/content/view/full/29716;2023/2024;3;134;6
https://www.vivoscuola.it/content/view/full/29712;2025/2026;1;15;1
https://www.vivoscuola.it/content/view/full/29712;2025/2026;2;21;1
https://www.vivoscuola.it/content/view/full/29712;2025/2026;3;20;1
https://www.vivoscuola.it/content/view/full/29712;2025/2026;4;20;1
https://www.vivoscuola.it/content/view/full/29712;2025/2026;5;22;1
https://www.vivoscuola.it/content/view/full/29712;2024/2025;1;21;1
https://www.vivoscuola.it/content/view/full/29712;2024/2025;2;20;1
https://www.vivoscuola.it/content/view/full/29712;2024/2025;3;21;1
https://www.vivoscuola.it/content/view/full/29712;2024/2025;4;23;1
https://www.vivoscuola.it/content/view/full/29712;2024/2025;5;27;2
https://www.vivoscuola.it/content/view/full/29712;2023/2024;1;21;1
https://www.vivoscuola.it/content/view/full/29712;2023/2024;2;21;1
https://www.vivoscuola.it/content/view/full/29712;2023/2024;3;23;1
https://www.vivoscuola.it/content/view/full/29712;2023/2024;4;27;2
https://www.vivoscuola.it/content/view/full/29712;2023/2024;5;28;2
https://www.vivoscuola.it/content/view/full/29714;2025/2026;1;71;4
https://www.vivoscuola.it/content/view/full/29714;2025/2026;2;67;4
https://www.vivoscuola.it/content/view/full/29714;2025/2026;3;64;3
https://www.vivoscuola.it/content/view/full/29714;2025/2026;4;76;4
https://www.vivoscuola.it/content/view/full/29714;2025/2026;5;63;3
https://www.vivoscuola.it/content/view/full/29714;2024/2025;1;70;4
https://www.vivoscuola.it/content/view/full/29714;2024/2025;2;64;3
https://www.vivoscuola.it/content/view/full/29714;2024/2025;3;76;4
https://www.vivoscuola.it/content/view/full/29714;2024/2025;4;61;3
https://www.vivoscuola.it/content/view/full/29714;2024/2025;5;53;3
https://www.vivoscuola.it/content/view/full/29714;2023/2024;1;64;3
https://www.vivoscuola.it/content/view/full/29714;2023/2024;2;77;4
https://www.vivoscuola.it/content/view/full/29714;2023/2024;3;63;3
https://www.vivoscuola.it/content/view/full/29714;2023/2024;4;52;3
https://www.vivoscuola.it/content/view/full/29714;2023/2024;5;77;4
https://www.vivoscuola.it/content/view/full/29715;2025/2026;1;43;2
https://www.vivoscuola.it/content/view/full/29715;2025/2026;2;37;2
https://www.vivoscuola.it/content/view/full/29715;2025/2026;3;32;2
https://www.vivoscuola.it/content/view/full/29715;2025/2026;4;41;2
https://www.vivoscuola.it/content/view/full/29715;2025/2026;5;44;2
https://www.vivoscuola.it/content/view/full/29715;2024/2025;1;37;2
https://www.vivoscuola.it/content/view/full/29715;2024/2025;2;33;2
https://www.vivoscuola.it/content/view/full/29715;2024/2025;3;43;2
https://www.vivoscuola.it/content/view/full/29715;2024/2025;4;45;2
https://www.vivoscuola.it/content/view/full/29715;2024/2025;5;38;2
https://www.vivoscuola.it/content/view/full/29715;2023/2024;1;37;2
https://www.vivoscuola.it/content/view/full/29715;2023/2024;2;44;2
https://www.vivoscuola.it/content/view/full/29715;2023/2024;3;47;2
https://www.vivoscuola.it/content/view/full/29715;2023/2024;4;39;2
https://www.vivoscuola.it/content/view/full/29715;2023/2024;5;52;3
https://www.vivoscuola.it/content/view/full/29594;2025/2026;1;14;1
https://www.vivoscuola.it/content/view/full/29594;2025/2026;2;11;1
https://www.vivoscuola.it/content/view/full/29594;2025/2026;3;16;1
https://www.vivoscuola.it/content/view/full/29594;2025/2026;4;13;1
https://www.vivoscuola.it/content/view/full/29594;2025/2026;5;24;1
https://www.vivoscuola.it/content/view/full/29594;2024/2025;1;10;1
https://www.vivoscuola.it/content/view/full/29594;2024/2025;2;17;1
https://www.vivoscuola.it/content/view/full/29594;2024/2025;3;12;1
https://www.vivoscuola.it/content/view/full/29594;2024/2025;4;24;1
https://www.vivoscuola.it/content/view/full/29594;2024/2025;5;14;1
https://www.vivoscuola.it/content/view/full/29594;2023/2024;1;17;1
https://www.vivoscuola.it/content/view/full/29594;2023/2024;2;13;1
https://www.vivoscuola.it/content/view/full/29594;2023/2024;3;23;1
https://www.vivoscuola.it/content/view/full/29594;2023/2024;4;13;1
https://www.vivoscuola.it/content/view/full/29594;2023/2024;5;21;1
https://www.vivoscuola.it/content/view/full/29591;2025/2026;1;68;3
https://www.vivoscuola.it/content/view/full/29591;2025/2026;2;66;3
https://www.vivoscuola.it/content/view/full/29591;2025/2026;3;72;3
https://www.vivoscuola.it/content/view/full/29591;2025/2026;4;72;3
https://www.vivoscuola.it/content/view/full/29591;2025/2026;5;75;4
https://www.vivoscuola.it/content/view/full/29591;2024/2025;1;64;3
https://www.vivoscuola.it/content/view/full/29591;2024/2025;2;71;3
https://www.vivoscuola.it/content/view/full/29591;2024/2025;3;70;3
https://www.vivoscuola.it/content/view/full/29591;2024/2025;4;74;4
https://www.vivoscuola.it/content/view/full/29591;2024/2025;5;75;4
https://www.vivoscuola.it/content/view/full/29591;2023/2024;1;74;3
https://www.vivoscuola.it/content/view/full/29591;2023/2024;2;68;3
https://www.vivoscuola.it/content/view/full/29591;2023/2024;3;74;4
https://www.vivoscuola.it/content/view/full/29591;2023/2024;4;76;4
https://www.vivoscuola.it/content/view/full/29591;2023/2024;5;90;4
https://www.vivoscuola.it/content/view/full/29593;2025/2026;1;5;1
https://www.vivoscuola.it/content/view/full/29593;2025/2026;2;5;1
https://www.vivoscuola.it/content/view/full/29593;2025/2026;3;7;1
https://www.vivoscuola.it/content/view/full/29593;2025/2026;4;6;1
https://www.vivoscuola.it/content/view/full/29593;2025/2026;5;6;1
https://www.vivoscuola.it/content/view/full/29593;2024/2025;1;6;1
https://www.vivoscuola.it/content/view/full/29593;2024/2025;2;7;1
https://www.vivoscuola.it/content/view/full/29593;2024/2025;3;8;1
https://www.vivoscuola.it/content/view/full/29593;2024/2025;4;8;1
https://www.vivoscuola.it/content/view/full/29593;2024/2025;5;5;1
https://www.vivoscuola.it/content/view/full/29593;2023/2024;1;7;1
https://www.vivoscuola.it/content/view/full/29593;2023/2024;2;8;1
https://www.vivoscuola.it/content/view/full/29593;2023/2024;3;8;1
https://www.vivoscuola.it/content/view/full/29593;2023/2024;4;5;1
https://www.vivoscuola.it/content/view/full/29593;2023/2024;5;9;1
https://www.vivoscuola.it/content/view/full/29592;2025/2026;1;5;1
https://www.vivoscuola.it/content/view/full/29592;2025/2026;2;9;1
https://www.vivoscuola.it/content/view/full/29592;2025/2026;3;7;1
https://www.vivoscuola.it/content/view/full/29592;2025/2026;4;5;1
https://www.vivoscuola.it/content/view/full/29592;2025/2026;5;1;1
https://www.vivoscuola.it/content/view/full/29592;2024/2025;1;9;1
https://www.vivoscuola.it/content/view/full/29592;2024/2025;2;7;1
https://www.vivoscuola.it/content/view/full/29592;2024/2025;3;6;1
https://www.vivoscuola.it/content/view/full/29592;2024/2025;4;1;1
https://www.vivoscuola.it/content/view/full/29592;2024/2025;5;6;1
https://www.vivoscuola.it/content/view/full/29592;2023/2024;1;7;1
https://www.vivoscuola.it/content/view/full/29592;2023/2024;2;7;1
https://www.vivoscuola.it/content/view/full/29592;2023/2024;3;1;1
https://www.vivoscuola.it/content/view/full/29592;2023/2024;4;6;1
https://www.vivoscuola.it/content/view/full/29595;2025/2026;1;12;1
https://www.vivoscuola.it/content/view/full/29595;2025/2026;2;9;1
https://www.vivoscuola.it/content/view/full/29595;2025/2026;3;14;1
https://www.vivoscuola.it/content/view/full/29595;2025/2026;4;12;1
https://www.vivoscuola.it/content/view/full/29595;2025/2026;5;17;1
https://www.vivoscuola.it/content/view/full/29595;2024/2025;1;10;1
https://www.vivoscuola.it/content/view/full/29595;2024/2025;2;13;1
https://www.vivoscuola.it/content/view/full/29595;2024/2025;3;13;1
https://www.vivoscuola.it/content/view/full/29595;2024/2025;4;17;1
https://www.vivoscuola.it/content/view/full/29595;2024/2025;5;10;1
https://www.vivoscuola.it/content/view/full/29595;2023/2024;1;12;1
https://www.vivoscuola.it/content/view/full/29595;2023/2024;2;13;1
https://www.vivoscuola.it/content/view/full/29595;2023/2024;3;19;1
https://www.vivoscuola.it/content/view/full/29595;2023/2024;4;9;1
https://www.vivoscuola.it/content/view/full/29595;2023/2024;5;21;1
https://www.vivoscuola.it/content/view/full/29597;2025/2026;1;87;4
https://www.vivoscuola.it/content/view/full/29597;2025/2026;2;114;5
https://www.vivoscuola.it/content/view/full/29597;2025/2026;3;98;4
https://www.vivoscuola.it/content/view/full/29597;2024/2025;1;111;5
https://www.vivoscuola.it/content/view/full/29597;2024/2025;2;95;4
https://www.vivoscuola.it/content/view/full/29597;2024/2025;3;92;4
https://www.vivoscuola.it/content/view/full/29597;2023/2024;1;93;4
https://www.vivoscuola.it/content/view/full/29597;2023/2024;2;90;4
https://www.vivoscuola.it/content/view/full/29597;2023/2024;3;96;5
https://www.vivoscuola.it/content/view/full/29596;2025/2026;1;12;1
https://www.vivoscuola.it/content/view/full/29596;2025/2026;2;15;1
https://www.vivoscuola.it/content/view/full/29596;2025/2026;3;12;1
https://www.vivoscuola.it/content/view/full/29596;2025/2026;4;12;1
https://www.vivoscuola.it/content/view/full/29596;2025/2026;5;15;1
https://www.vivoscuola.it/content/view/full/29596;2024/2025;1;15;1
https://www.vivoscuola.it/content/view/full/29596;2024/2025;2;13;1
https://www.vivoscuola.it/content/view/full/29596;2024/2025;3;12;1
https://www.vivoscuola.it/content/view/full/29596;2024/2025;4;15;1
https://www.vivoscuola.it/content/view/full/29596;2024/2025;5;14;1
https://www.vivoscuola.it/content/view/full/29596;2023/2024;1;14;1
https://www.vivoscuola.it/content/view/full/29596;2023/2024;2;12;1
https://www.vivoscuola.it/content/view/full/29596;2023/2024;3;15;1
https://www.vivoscuola.it/content/view/full/29596;2023/2024;4;15;1
https://www.vivoscuola.it/content/view/full/29596;2023/2024;5;19;1
https://www.vivoscuola.it/content/view/full/30000;2025/2026;0;27;0
https://www.vivoscuola.it/content/view/full/30000;2024/2025;0;29;0
https://www.vivoscuola.it/content/view/full/30000;2023/2024;0;26;0
https://www.vivoscuola.it/content/view/full/30054;2025/2026;0;24;0
https://www.vivoscuola.it/content/view/full/30054;2024/2025;0;26;0
https://www.vivoscuola.it/content/view/full/30054;2023/2024;0;30;0
https://www.vivoscuola.it/content/view/full/29599;2025/2026;1;12;1
https://www.vivoscuola.it/content/view/full/29599;2025/2026;2;20;1
https://www.vivoscuola.it/content/view/full/29599;2025/2026;3;26;2
https://www.vivoscuola.it/content/view/full/29599;2024/2025;1;19;1
https://www.vivoscuola.it/content/view/full/29599;2024/2025;2;26;2
https://www.vivoscuola.it/content/view/full/29599;2024/2025;3;15;1
https://www.vivoscuola.it/content/view/full/29599;2023/2024;1;25;2
https://www.vivoscuola.it/content/view/full/29599;2023/2024;2;14;1
https://www.vivoscuola.it/content/view/full/29599;2023/2024;3;18;1
https://www.vivoscuola.it/content/view/full/29986;2025/2026;0;77;0
https://www.vivoscuola.it/content/view/full/29986;2024/2025;0;79;0
https://www.vivoscuola.it/content/view/full/29986;2023/2024;0;80;0
https://www.vivoscuola.it/content/view/full/29598;2025/2026;1;23;1
https://www.vivoscuola.it/content/view/full/29598;2025/2026;2;29;2
https://www.vivoscuola.it/content/view/full/29598;2025/2026;3;26;2
https://www.vivoscuola.it/content/view/full/29598;2024/2025;1;30;2
https://www.vivoscuola.it/content/view/full/29598;2024/2025;2;27;2
https://www.vivoscuola.it/content/view/full/29598;2024/2025;3;25;2
https://www.vivoscuola.it/content/view/full/29598;2023/2024;1;29;2
https://www.vivoscuola.it/content/view/full/29598;2023/2024;2;29;2
https://www.vivoscuola.it/content/view/full/29598;2023/2024;3;33;2
https://www.vivoscuola.it/content/view/full/30166;2025/2026;0;39;0
https://www.vivoscuola.it/content/view/full/30166;2024/2025;0;44;0
https://www.vivoscuola.it/content/view/full/30166;2023/2024;0;46;0
https://www.vivoscuola.it/content/view/full/30092;2025/2026;0;16;0
https://www.vivoscuola.it/content/view/full/30092;2024/2025;0;19;0
https://www.vivoscuola.it/content/view/full/30092;2023/2024;0;28;0
https://www.vivoscuola.it/content/view/full/29761;2025/2026;1;117;9
https://www.vivoscuola.it/content/view/full/29761;2025/2026;3;19;1
https://www.vivoscuola.it/content/view/full/29761;2025/2026;1;103;9
https://www.vivoscuola.it/content/view/full/29761;2025/2026;3;19;1
https://www.vivoscuola.it/content/view/full/29761;2024/2025;1;396;6
https://www.vivoscuola.it/content/view/full/29761;2024/2025;3;50;2
https://www.vivoscuola.it/content/view/full/29761;2024/2025;1;191;5
https://www.vivoscuola.it/content/view/full/29761;2024/2025;3;26;1
https://www.vivoscuola.it/content/view/full/29761;2023/2024;1;360;5
https://www.vivoscuola.it/content/view/full/29761;2023/2024;3;22;1
https://www.vivoscuola.it/content/view/full/29761;2023/2024;1;160;5
https://www.vivoscuola.it/content/view/full/29761;2023/2024;3;22;1
https://www.vivoscuola.it/content/view/full/29899;2025/2026;1;114;6
https://www.vivoscuola.it/content/view/full/29899;2025/2026;2;142;8
https://www.vivoscuola.it/content/view/full/29899;2025/2026;3;139;7
https://www.vivoscuola.it/content/view/full/29899;2025/2026;4;142;8
https://www.vivoscuola.it/content/view/full/29899;2025/2026;5;157;9
https://www.vivoscuola.it/content/view/full/29899;2024/2025;1;173;8
https://www.vivoscuola.it/content/view/full/29899;2024/2025;2;153;7
https://www.vivoscuola.it/content/view/full/29899;2024/2025;3;146;8
https://www.vivoscuola.it/content/view/full/29899;2024/2025;4;156;9
https://www.vivoscuola.it/content/view/full/29899;2024/2025;5;144;8
https://www.vivoscuola.it/content/view/full/29899;2023/2024;1;169;7
https://www.vivoscuola.it/content/view/full/29899;2023/2024;2;170;8
https://www.vivoscuola.it/content/view/full/29899;2023/2024;3;171;9
https://www.vivoscuola.it/content/view/full/29899;2023/2024;4;146;8
https://www.vivoscuola.it/content/view/full/29899;2023/2024;5;136;8
https://www.vivoscuola.it/content/view/full/29762;2025/2026;2;44;4
https://www.vivoscuola.it/content/view/full/29762;2025/2026;2;11;1
https://www.vivoscuola.it/content/view/full/29762;2025/2026;3;7;1
https://www.vivoscuola.it/content/view/full/29762;2025/2026;4;16;1
https://www.vivoscuola.it/content/view/full/29762;2025/2026;5;7;1
https://www.vivoscuola.it/content/view/full/29762;2024/2025;2;50;5
https://www.vivoscuola.it/content/view/full/29762;2024/2025;2;10;2
https://www.vivoscuola.it/content/view/full/29762;2024/2025;3;17;1
https://www.vivoscuola.it/content/view/full/29762;2024/2025;4;19;1
https://www.vivoscuola.it/content/view/full/29762;2024/2025;5;16;1
https://www.vivoscuola.it/content/view/full/29762;2023/2024;2;84;7
https://www.vivoscuola.it/content/view/full/29762;2023/2024;2;12;1
https://www.vivoscuola.it/content/view/full/29762;2023/2024;3;20;2
https://www.vivoscuola.it/content/view/full/29762;2023/2024;4;24;2
https://www.vivoscuola.it/content/view/full/29762;2023/2024;5;11;2
https://www.vivoscuola.it/content/view/full/29764;2025/2026;2;7;1
https://www.vivoscuola.it/content/view/full/29764;2025/2026;3;42;3
https://www.vivoscuola.it/content/view/full/29764;2025/2026;2;7;1
https://www.vivoscuola.it/content/view/full/29764;2025/2026;3;14;1
https://www.vivoscuola.it/content/view/full/29764;2025/2026;4;7;1
https://www.vivoscuola.it/content/view/full/29764;2025/2026;5;13;1
https://www.vivoscuola.it/content/view/full/29764;2024/2025;2;11;1
https://www.vivoscuola.it/content/view/full/29764;2024/2025;4;36;3
https://www.vivoscuola.it/content/view/full/29764;2024/2025;2;11;1
https://www.vivoscuola.it/content/view/full/29764;2024/2025;3;24;1
https://www.vivoscuola.it/content/view/full/29764;2024/2025;4;12;1
https://www.vivoscuola.it/content/view/full/29764;2024/2025;5;10;1
https://www.vivoscuola.it/content/view/full/29764;2023/2024;2;8;1
https://www.vivoscuola.it/content/view/full/29764;2023/2024;4;39;3
https://www.vivoscuola.it/content/view/full/29764;2023/2024;2;8;1
https://www.vivoscuola.it/content/view/full/29764;2023/2024;3;17;1
https://www.vivoscuola.it/content/view/full/29764;2023/2024;4;13;1
https://www.vivoscuola.it/content/view/full/29764;2023/2024;5;14;1
https://www.vivoscuola.it/content/view/full/29765;2025/2026;1;15;1
https://www.vivoscuola.it/content/view/full/29765;2025/2026;2;20;1
https://www.vivoscuola.it/content/view/full/29765;2025/2026;3;22;1
https://www.vivoscuola.it/content/view/full/29765;2025/2026;4;22;1
https://www.vivoscuola.it/content/view/full/29765;2025/2026;5;7;1
https://www.vivoscuola.it/content/view/full/29765;2024/2025;1;25;1
https://www.vivoscuola.it/content/view/full/29765;2024/2025;2;28;2
https://www.vivoscuola.it/content/view/full/29765;2024/2025;3;24;2
https://www.vivoscuola.it/content/view/full/29765;2024/2025;4;7;1
https://www.vivoscuola.it/content/view/full/29765;2024/2025;5;13;1
https://www.vivoscuola.it/content/view/full/29765;2023/2024;1;32;2
https://www.vivoscuola.it/content/view/full/29765;2023/2024;2;28;2
https://www.vivoscuola.it/content/view/full/29765;2023/2024;3;7;1
https://www.vivoscuola.it/content/view/full/29765;2023/2024;4;12;1
https://www.vivoscuola.it/content/view/full/29765;2023/2024;5;12;1
https://www.vivoscuola.it/content/view/full/29763;2025/2026;1;61;3
https://www.vivoscuola.it/content/view/full/29763;2025/2026;2;49;2
https://www.vivoscuola.it/content/view/full/29763;2025/2026;3;53;3
https://www.vivoscuola.it/content/view/full/29763;2025/2026;4;56;3
https://www.vivoscuola.it/content/view/full/29763;2025/2026;5;31;2
https://www.vivoscuola.it/content/view/full/29763;2024/2025;1;54;2
https://www.vivoscuola.it/content/view/full/29763;2024/2025;2;51;2
https://www.vivoscuola.it/content/view/full/29763;2024/2025;3;61;3
https://www.vivoscuola.it/content/view/full/29763;2024/2025;4;32;2
https://www.vivoscuola.it/content/view/full/29763;2024/2025;5;42;2
https://www.vivoscuola.it/content/view/full/29763;2023/2024;1;49;2
https://www.vivoscuola.it/content/view/full/29763;2023/2024;2;59;3
https://www.vivoscuola.it/content/view/full/29763;2023/2024;3;36;3
https://www.vivoscuola.it/content/view/full/29763;2023/2024;4;42;2
https://www.vivoscuola.it/content/view/full/29763;2023/2024;5;23;2
https://www.vivoscuola.it/content/view/full/29766;2025/2026;2;4;1
https://www.vivoscuola.it/content/view/full/29766;2025/2026;3;9;3
https://www.vivoscuola.it/content/view/full/29766;2025/2026;2;4;1
https://www.vivoscuola.it/content/view/full/29766;2025/2026;3;3;1
https://www.vivoscuola.it/content/view/full/29766;2025/2026;4;4;1
https://www.vivoscuola.it/content/view/full/29766;2025/2026;5;5;1
https://www.vivoscuola.it/content/view/full/29766;2024/2025;2;4;1
https://www.vivoscuola.it/content/view/full/29766;2024/2025;3;33;3
https://www.vivoscuola.it/content/view/full/29766;2024/2025;2;4;2
https://www.vivoscuola.it/content/view/full/29766;2024/2025;3;11;2
https://www.vivoscuola.it/content/view/full/29766;2024/2025;4;8;1
https://www.vivoscuola.it/content/view/full/29766;2024/2025;5;6;1
https://www.vivoscuola.it/content/view/full/29766;2023/2024;2;4;1
https://www.vivoscuola.it/content/view/full/29766;2023/2024;3;27;3
https://www.vivoscuola.it/content/view/full/29766;2023/2024;2;4;1
https://www.vivoscuola.it/content/view/full/29766;2023/2024;3;9;1
https://www.vivoscuola.it/content/view/full/29766;2023/2024;4;5;1
https://www.vivoscuola.it/content/view/full/29766;2023/2024;5;5;1
https://www.vivoscuola.it/content/view/full/29767;2025/2026;1;61;3
https://www.vivoscuola.it/content/view/full/29767;2025/2026;2;45;2
https://www.vivoscuola.it/content/view/full/29767;2025/2026;3;29;2
https://www.vivoscuola.it/content/view/full/29767;2025/2026;4;34;2
https://www.vivoscuola.it/content/view/full/29767;2025/2026;5;26;2
https://www.vivoscuola.it/content/view/full/29767;2024/2025;1;49;2
https://www.vivoscuola.it/content/view/full/29767;2024/2025;2;35;2
https://www.vivoscuola.it/content/view/full/29767;2024/2025;3;37;2
https://www.vivoscuola.it/content/view/full/29767;2024/2025;4;27;2
https://www.vivoscuola.it/content/view/full/29767;2024/2025;5;35;2
https://www.vivoscuola.it/content/view/full/29767;2023/2024;1;32;2
https://www.vivoscuola.it/content/view/full/29767;2023/2024;2;39;2
https://www.vivoscuola.it/content/view/full/29767;2023/2024;3;28;2
https://www.vivoscuola.it/content/view/full/29767;2023/2024;4;36;2
https://www.vivoscuola.it/content/view/full/29767;2023/2024;5;29;2
https://www.vivoscuola.it/content/view/full/29958;2025/2026;0;16;0
https://www.vivoscuola.it/content/view/full/29958;2024/2025;0;20;0
https://www.vivoscuola.it/content/view/full/29958;2023/2024;0;23;0
https://www.vivoscuola.it/content/view/full/29769;2025/2026;1;47;2
https://www.vivoscuola.it/content/view/full/29769;2025/2026;2;41;2
https://www.vivoscuola.it/content/view/full/29769;2025/2026;3;25;2
https://www.vivoscuola.it/content/view/full/29769;2025/2026;4;29;2
https://www.vivoscuola.it/content/view/full/29769;2025/2026;5;33;2
https://www.vivoscuola.it/content/view/full/29769;2024/2025;1;45;2
https://www.vivoscuola.it/content/view/full/29769;2024/2025;2;31;2
https://www.vivoscuola.it/content/view/full/29769;2024/2025;3;30;2
https://www.vivoscuola.it/content/view/full/29769;2024/2025;4;35;2
https://www.vivoscuola.it/content/view/full/29769;2024/2025;5;33;2
https://www.vivoscuola.it/content/view/full/29769;2023/2024;1;39;2
https://www.vivoscuola.it/content/view/full/29769;2023/2024;2;36;2
https://www.vivoscuola.it/content/view/full/29769;2023/2024;3;35;2
https://www.vivoscuola.it/content/view/full/29769;2023/2024;4;34;2
https://www.vivoscuola.it/content/view/full/29769;2023/2024;5;38;2
https://www.vivoscuola.it/content/view/full/29768;2025/2026;1;20;1
https://www.vivoscuola.it/content/view/full/29768;2025/2026;2;19;1
https://www.vivoscuola.it/content/view/full/29768;2025/2026;3;22;1
https://www.vivoscuola.it/content/view/full/29768;2025/2026;4;22;2
https://www.vivoscuola.it/content/view/full/29768;2025/2026;5;6;2
https://www.vivoscuola.it/content/view/full/29768;2024/2025;1;24;1
https://www.vivoscuola.it/content/view/full/29768;2024/2025;2;25;1
https://www.vivoscuola.it/content/view/full/29768;2024/2025;3;25;2
https://www.vivoscuola.it/content/view/full/29768;2024/2025;4;5;1
https://www.vivoscuola.it/content/view/full/29768;2024/2025;5;28;2
https://www.vivoscuola.it/content/view/full/29768;2023/2024;1;24;1
https://www.vivoscuola.it/content/view/full/29768;2023/2024;2;29;2
https://www.vivoscuola.it/content/view/full/29768;2023/2024;3;6;1
https://www.vivoscuola.it/content/view/full/29768;2023/2024;4;28;2
https://www.vivoscuola.it/content/view/full/29768;2023/2024;5;28;2
https://www.vivoscuola.it/content/view/full/30100;2025/2026;0;8;0
https://www.vivoscuola.it/content/view/full/30100;2024/2025;0;5;0
https://www.vivoscuola.it/content/view/full/30100;2023/2024;0;7;0
https://www.vivoscuola.it/content/view/full/30128;2025/2026;0;45;0
https://www.vivoscuola.it/content/view/full/30128;2024/2025;0;57;0
https://www.vivoscuola.it/content/view/full/30128;2023/2024;0;42;0
https://www.vivoscuola.it/content/view/full/30218;2025/2026;0;50;0
https://www.vivoscuola.it/content/view/full/30218;2024/2025;0;56;0
https://www.vivoscuola.it/content/view/full/30218;2023/2024;0;62;0
https://www.vivoscuola.it/content/view/full/29281;2025/2026;1;21;1
https://www.vivoscuola.it/content/view/full/29281;2025/2026;2;33;2
https://www.vivoscuola.it/content/view/full/29281;2025/2026;3;42;2
https://www.vivoscuola.it/content/view/full/29281;2025/2026;4;27;2
https://www.vivoscuola.it/content/view/full/29281;2024/2025;1;31;2
https://www.vivoscuola.it/content/view/full/29281;2024/2025;2;37;2
https://www.vivoscuola.it/content/view/full/29281;2024/2025;3;41;2
https://www.vivoscuola.it/content/view/full/29281;2024/2025;4;19;2
https://www.vivoscuola.it/content/view/full/29281;2023/2024;1;42;2
https://www.vivoscuola.it/content/view/full/29281;2023/2024;2;48;2
https://www.vivoscuola.it/content/view/full/29281;2023/2024;3;25;2
https://www.vivoscuola.it/content/view/full/29281;2023/2024;4;17;2
https://www.vivoscuola.it/content/view/full/170204;2025/2026;5;22;1
https://www.vivoscuola.it/content/view/full/170204;2024/2025;5;23;1
https://www.vivoscuola.it/content/view/full/29374;2025/2026;0;73;0
https://www.vivoscuola.it/content/view/full/29374;2024/2025;0;77;0
https://www.vivoscuola.it/content/view/full/29374;2023/2024;0;78;0
https://www.vivoscuola.it/content/view/full/29373;2025/2026;0;10;0
https://www.vivoscuola.it/content/view/full/29373;2024/2025;0;11;0
https://www.vivoscuola.it/content/view/full/29373;2023/2024;0;14;0
https://www.vivoscuola.it/content/view/full/30120;2025/2026;0;132;0
https://www.vivoscuola.it/content/view/full/30120;2024/2025;0;127;0
https://www.vivoscuola.it/content/view/full/30120;2023/2024;0;141;0
https://www.vivoscuola.it/content/view/full/29375;2025/2026;0;28;0
https://www.vivoscuola.it/content/view/full/29375;2024/2025;0;30;0
https://www.vivoscuola.it/content/view/full/29375;2023/2024;0;34;0
https://www.vivoscuola.it/content/view/full/29376;2025/2026;0;19;0
https://www.vivoscuola.it/content/view/full/29376;2024/2025;0;21;0
https://www.vivoscuola.it/content/view/full/29376;2023/2024;0;21;0
https://www.vivoscuola.it/content/view/full/29378;2025/2026;0;43;0
https://www.vivoscuola.it/content/view/full/29378;2024/2025;0;43;0
https://www.vivoscuola.it/content/view/full/29378;2023/2024;0;46;0
https://www.vivoscuola.it/content/view/full/29377;2025/2026;0;47;0
https://www.vivoscuola.it/content/view/full/29377;2024/2025;0;44;0
https://www.vivoscuola.it/content/view/full/29377;2023/2024;0;42;0
https://www.vivoscuola.it/content/view/full/29379;2025/2026;0;60;0
https://www.vivoscuola.it/content/view/full/29379;2024/2025;0;63;0
https://www.vivoscuola.it/content/view/full/29379;2023/2024;0;68;0
https://www.vivoscuola.it/content/view/full/29381;2025/2026;0;93;0
https://www.vivoscuola.it/content/view/full/29381;2024/2025;0;96;0
https://www.vivoscuola.it/content/view/full/29381;2023/2024;0;94;0
https://www.vivoscuola.it/content/view/full/29380;2025/2026;0;45;0
https://www.vivoscuola.it/content/view/full/29380;2024/2025;0;43;0
https://www.vivoscuola.it/content/view/full/29380;2023/2024;0;42;0
https://www.vivoscuola.it/content/view/full/29382;2025/2026;0;18;0
https://www.vivoscuola.it/content/view/full/29382;2024/2025;0;22;0
https://www.vivoscuola.it/content/view/full/29382;2023/2024;0;20;0
https://www.vivoscuola.it/content/view/full/29883;2025/2026;1;156;7
https://www.vivoscuola.it/content/view/full/29883;2025/2026;2;163;8
https://www.vivoscuola.it/content/view/full/29883;2025/2026;3;159;8
https://www.vivoscuola.it/content/view/full/29883;2025/2026;4;137;7
https://www.vivoscuola.it/content/view/full/29883;2025/2026;5;133;7
https://www.vivoscuola.it/content/view/full/29883;2024/2025;1;197;8
https://www.vivoscuola.it/content/view/full/29883;2024/2025;2;167;8
https://www.vivoscuola.it/content/view/full/29883;2024/2025;3;155;7
https://www.vivoscuola.it/content/view/full/29883;2024/2025;4;142;7
https://www.vivoscuola.it/content/view/full/29883;2024/2025;5;122;6
https://www.vivoscuola.it/content/view/full/29883;2023/2024;1;198;8
https://www.vivoscuola.it/content/view/full/29883;2023/2024;2;147;7
https://www.vivoscuola.it/content/view/full/29883;2023/2024;3;167;7
https://www.vivoscuola.it/content/view/full/29883;2023/2024;4;131;6
https://www.vivoscuola.it/content/view/full/29883;2023/2024;5;126;7
https://www.vivoscuola.it/content/view/full/29383;2025/2026;0;35;0
https://www.vivoscuola.it/content/view/full/29383;2024/2025;0;35;0
https://www.vivoscuola.it/content/view/full/29383;2023/2024;0;38;0
https://www.vivoscuola.it/content/view/full/439667;2025/2026;1;9;1
https://www.vivoscuola.it/content/view/full/29882;2025/2026;1;708;45
https://www.vivoscuola.it/content/view/full/29882;2025/2026;1;642;39
https://www.vivoscuola.it/content/view/full/29882;2025/2026;3;103;5
https://www.vivoscuola.it/content/view/full/29882;2024/2025;1;800;32
https://www.vivoscuola.it/content/view/full/29882;2024/2025;3;210;7
https://www.vivoscuola.it/content/view/full/29882;2024/2025;1;845;32
https://www.vivoscuola.it/content/view/full/29882;2024/2025;3;116;6
https://www.vivoscuola.it/content/view/full/29882;2023/2024;1;443;5
https://www.vivoscuola.it/content/view/full/29882;2023/2024;1;726;5
https://www.vivoscuola.it/content/view/full/29882;2023/2024;3;127;7
https://www.vivoscuola.it/content/view/full/29885;2025/2026;1;126;9
https://www.vivoscuola.it/content/view/full/29885;2025/2026;1;22;3
https://www.vivoscuola.it/content/view/full/29885;2025/2026;2;14;3
https://www.vivoscuola.it/content/view/full/29885;2025/2026;3;54;1
https://www.vivoscuola.it/content/view/full/29885;2025/2026;4;11;1
https://www.vivoscuola.it/content/view/full/29885;2025/2026;5;28;1
https://www.vivoscuola.it/content/view/full/29885;2024/2025;1;480;15
https://www.vivoscuola.it/content/view/full/29885;2024/2025;1;63;6
https://www.vivoscuola.it/content/view/full/29885;2024/2025;2;17;5
https://www.vivoscuola.it/content/view/full/29885;2024/2025;3;59;1
https://www.vivoscuola.it/content/view/full/29885;2024/2025;4;8;2
https://www.vivoscuola.it/content/view/full/29885;2024/2025;5;27;1
https://www.vivoscuola.it/content/view/full/29885;2023/2024;1;350;10
https://www.vivoscuola.it/content/view/full/29885;2023/2024;1;89;2
https://www.vivoscuola.it/content/view/full/29885;2023/2024;2;22;2
https://www.vivoscuola.it/content/view/full/29885;2023/2024;3;51;2
https://www.vivoscuola.it/content/view/full/29885;2023/2024;4;8;1
https://www.vivoscuola.it/content/view/full/29885;2023/2024;5;29;1
https://www.vivoscuola.it/content/view/full/29884;2025/2026;1;54;4
https://www.vivoscuola.it/content/view/full/29884;2025/2026;2;52;3
https://www.vivoscuola.it/content/view/full/29884;2025/2026;3;59;3
https://www.vivoscuola.it/content/view/full/29884;2025/2026;4;56;3
https://www.vivoscuola.it/content/view/full/29884;2025/2026;5;36;2
https://www.vivoscuola.it/content/view/full/29884;2024/2025;1;63;3
https://www.vivoscuola.it/content/view/full/29884;2024/2025;2;60;3
https://www.vivoscuola.it/content/view/full/29884;2024/2025;3;62;3
https://www.vivoscuola.it/content/view/full/29884;2024/2025;4;35;2
https://www.vivoscuola.it/content/view/full/29884;2024/2025;5;66;3
https://www.vivoscuola.it/content/view/full/29884;2023/2024;1;59;3
https://www.vivoscuola.it/content/view/full/29884;2023/2024;2;63;3
https://www.vivoscuola.it/content/view/full/29884;2023/2024;3;38;2
https://www.vivoscuola.it/content/view/full/29884;2023/2024;4;68;3
https://www.vivoscuola.it/content/view/full/29884;2023/2024;5;45;3
https://www.vivoscuola.it/content/view/full/29385;2025/2026;0;55;0
https://www.vivoscuola.it/content/view/full/29385;2024/2025;0;55;0
https://www.vivoscuola.it/content/view/full/29385;2023/2024;0;63;0
https://www.vivoscuola.it/content/view/full/30212;2025/2026;0;29;0
https://www.vivoscuola.it/content/view/full/30212;2024/2025;0;32;0
https://www.vivoscuola.it/content/view/full/30212;2023/2024;0;32;0
https://www.vivoscuola.it/content/view/full/29387;2025/2026;0;17;0
https://www.vivoscuola.it/content/view/full/29387;2024/2025;0;16;0
https://www.vivoscuola.it/content/view/full/29387;2023/2024;0;17;0
https://www.vivoscuola.it/content/view/full/29388;2025/2026;0;105;0
https://www.vivoscuola.it/content/view/full/29388;2024/2025;0;105;0
https://www.vivoscuola.it/content/view/full/29388;2023/2024;0;121;0
https://www.vivoscuola.it/content/view/full/29389;2025/2026;0;41;0
https://www.vivoscuola.it/content/view/full/29389;2024/2025;0;35;0
https://www.vivoscuola.it/content/view/full/29389;2023/2024;0;34;0
https://www.vivoscuola.it/content/view/full/29390;2025/2026;0;52;0
https://www.vivoscuola.it/content/view/full/29390;2024/2025;0;43;0
https://www.vivoscuola.it/content/view/full/29390;2023/2024;0;58;0
https://www.vivoscuola.it/content/view/full/29391;2025/2026;0;126;0
https://www.vivoscuola.it/content/view/full/29391;2024/2025;0;132;0
https://www.vivoscuola.it/content/view/full/29391;2023/2024;0;129;0
https://www.vivoscuola.it/content/view/full/29393;2025/2026;0;30;0
https://www.vivoscuola.it/content/view/full/29393;2024/2025;0;41;0
https://www.vivoscuola.it/content/view/full/29393;2023/2024;0;32;0
https://www.vivoscuola.it/content/view/full/29392;2025/2026;0;42;0
https://www.vivoscuola.it/content/view/full/29392;2024/2025;0;43;0
https://www.vivoscuola.it/content/view/full/29392;2023/2024;0;42;0
https://www.vivoscuola.it/content/view/full/30052;2025/2026;0;37;0
https://www.vivoscuola.it/content/view/full/30052;2024/2025;0;36;0
https://www.vivoscuola.it/content/view/full/30052;2023/2024;0;35;0
https://www.vivoscuola.it/content/view/full/29365;2025/2026;0;66;0
https://www.vivoscuola.it/content/view/full/29365;2024/2025;0;73;0
https://www.vivoscuola.it/content/view/full/29365;2023/2024;0;85;0
https://www.vivoscuola.it/content/view/full/29367;2025/2026;0;89;0
https://www.vivoscuola.it/content/view/full/29367;2024/2025;0;90;0
https://www.vivoscuola.it/content/view/full/29367;2023/2024;0;88;0
https://www.vivoscuola.it/content/view/full/29370;2025/2026;0;109;0
https://www.vivoscuola.it/content/view/full/29370;2024/2025;0;107;0
https://www.vivoscuola.it/content/view/full/29370;2023/2024;0;116;0
https://www.vivoscuola.it/content/view/full/29368;2025/2026;0;78;0
https://www.vivoscuola.it/content/view/full/29368;2024/2025;0;75;0
https://www.vivoscuola.it/content/view/full/29368;2023/2024;0;79;0
https://www.vivoscuola.it/content/view/full/29369;2025/2026;0;96;0
https://www.vivoscuola.it/content/view/full/29369;2024/2025;0;101;0
https://www.vivoscuola.it/content/view/full/29369;2023/2024;0;106;0
https://www.vivoscuola.it/content/view/full/29366;2025/2026;0;19;0
https://www.vivoscuola.it/content/view/full/29366;2024/2025;0;26;0
https://www.vivoscuola.it/content/view/full/29366;2023/2024;0;19;0
https://www.vivoscuola.it/content/view/full/29730;2025/2026;1;24;2
https://www.vivoscuola.it/content/view/full/29730;2025/2026;2;25;2
https://www.vivoscuola.it/content/view/full/29730;2025/2026;3;19;1
https://www.vivoscuola.it/content/view/full/29730;2025/2026;4;19;1
https://www.vivoscuola.it/content/view/full/29730;2025/2026;5;19;1
https://www.vivoscuola.it/content/view/full/29730;2024/2025;1;24;2
https://www.vivoscuola.it/content/view/full/29730;2024/2025;2;20;1
https://www.vivoscuola.it/content/view/full/29730;2024/2025;3;18;1
https://www.vivoscuola.it/content/view/full/29730;2024/2025;4;20;1
https://www.vivoscuola.it/content/view/full/29730;2024/2025;5;23;1
https://www.vivoscuola.it/content/view/full/29730;2023/2024;1;21;1
https://www.vivoscuola.it/content/view/full/29730;2023/2024;2;18;1
https://www.vivoscuola.it/content/view/full/29730;2023/2024;3;20;1
https://www.vivoscuola.it/content/view/full/29730;2023/2024;4;23;1
https://www.vivoscuola.it/content/view/full/29730;2023/2024;5;21;1
https://www.vivoscuola.it/content/view/full/29371;2025/2026;0;54;0
https://www.vivoscuola.it/content/view/full/29371;2024/2025;0;55;0
https://www.vivoscuola.it/content/view/full/29371;2023/2024;0;55;0
https://www.vivoscuola.it/content/view/full/29731;2025/2026;1;33;2
https://www.vivoscuola.it/content/view/full/29731;2025/2026;2;40;2
https://www.vivoscuola.it/content/view/full/29731;2025/2026;3;46;2
https://www.vivoscuola.it/content/view/full/29731;2025/2026;4;52;3
https://www.vivoscuola.it/content/view/full/29731;2025/2026;5;49;2
https://www.vivoscuola.it/content/view/full/29731;2024/2025;1;41;2
https://www.vivoscuola.it/content/view/full/29731;2024/2025;2;46;2
https://www.vivoscuola.it/content/view/full/29731;2024/2025;3;52;3
https://www.vivoscuola.it/content/view/full/29731;2024/2025;4;49;2
https://www.vivoscuola.it/content/view/full/29731;2024/2025;5;51;3
https://www.vivoscuola.it/content/view/full/29731;2023/2024;1;43;2
https://www.vivoscuola.it/content/view/full/29731;2023/2024;2;51;3
https://www.vivoscuola.it/content/view/full/29731;2023/2024;3;51;2
https://www.vivoscuola.it/content/view/full/29731;2023/2024;4;49;3
https://www.vivoscuola.it/content/view/full/29731;2023/2024;5;60;3
https://www.vivoscuola.it/content/view/full/29732;2025/2026;1;13;1
https://www.vivoscuola.it/content/view/full/29732;2025/2026;2;12;1
https://www.vivoscuola.it/content/view/full/29732;2025/2026;3;16;1
https://www.vivoscuola.it/content/view/full/29732;2025/2026;4;16;1
https://www.vivoscuola.it/content/view/full/29732;2025/2026;5;25;1
https://www.vivoscuola.it/content/view/full/29732;2024/2025;1;11;1
https://www.vivoscuola.it/content/view/full/29732;2024/2025;2;16;1
https://www.vivoscuola.it/content/view/full/29732;2024/2025;3;17;1
https://www.vivoscuola.it/content/view/full/29732;2024/2025;4;25;1
https://www.vivoscuola.it/content/view/full/29732;2024/2025;5;10;1
https://www.vivoscuola.it/content/view/full/29732;2023/2024;1;17;1
https://www.vivoscuola.it/content/view/full/29732;2023/2024;2;17;1
https://www.vivoscuola.it/content/view/full/29732;2023/2024;3;25;1
https://www.vivoscuola.it/content/view/full/29732;2023/2024;4;10;1
https://www.vivoscuola.it/content/view/full/29732;2023/2024;5;18;1
https://www.vivoscuola.it/content/view/full/29729;2025/2026;1;18;1
https://www.vivoscuola.it/content/view/full/29729;2025/2026;2;20;1
https://www.vivoscuola.it/content/view/full/29729;2025/2026;3;15;1
https://www.vivoscuola.it/content/view/full/29729;2025/2026;4;12;1
https://www.vivoscuola.it/content/view/full/29729;2025/2026;5;22;1
https://www.vivoscuola.it/content/view/full/29729;2024/2025;1;23;1
https://www.vivoscuola.it/content/view/full/29729;2024/2025;2;14;1
https://www.vivoscuola.it/content/view/full/29729;2024/2025;3;12;1
https://www.vivoscuola.it/content/view/full/29729;2024/2025;4;23;1
https://www.vivoscuola.it/content/view/full/29729;2024/2025;5;21;1
https://www.vivoscuola.it/content/view/full/29729;2023/2024;1;13;1
https://www.vivoscuola.it/content/view/full/29729;2023/2024;2;12;1
https://www.vivoscuola.it/content/view/full/29729;2023/2024;3;23;1
https://www.vivoscuola.it/content/view/full/29729;2023/2024;4;19;1
https://www.vivoscuola.it/content/view/full/29729;2023/2024;5;15;1
https://www.vivoscuola.it/content/view/full/29733;2025/2026;1;7;1
https://www.vivoscuola.it/content/view/full/29733;2025/2026;2;14;1
https://www.vivoscuola.it/content/view/full/29733;2025/2026;3;13;1
https://www.vivoscuola.it/content/view/full/29733;2025/2026;4;18;1
https://www.vivoscuola.it/content/view/full/29733;2025/2026;5;19;1
https://www.vivoscuola.it/content/view/full/29733;2024/2025;1;14;1
https://www.vivoscuola.it/content/view/full/29733;2024/2025;2;13;1
https://www.vivoscuola.it/content/view/full/29733;2024/2025;3;18;1
https://www.vivoscuola.it/content/view/full/29733;2024/2025;4;20;1
https://www.vivoscuola.it/content/view/full/29733;2024/2025;5;17;1
https://www.vivoscuola.it/content/view/full/29733;2023/2024;1;11;1
https://www.vivoscuola.it/content/view/full/29733;2023/2024;2;18;1
https://www.vivoscuola.it/content/view/full/29733;2023/2024;3;20;1
https://www.vivoscuola.it/content/view/full/29733;2023/2024;4;16;1
https://www.vivoscuola.it/content/view/full/29733;2023/2024;5;12;1
https://www.vivoscuola.it/content/view/full/29734;2025/2026;1;16;1
https://www.vivoscuola.it/content/view/full/29734;2025/2026;2;14;1
https://www.vivoscuola.it/content/view/full/29734;2025/2026;3;15;1
https://www.vivoscuola.it/content/view/full/29734;2025/2026;4;12;1
https://www.vivoscuola.it/content/view/full/29734;2025/2026;5;30;2
https://www.vivoscuola.it/content/view/full/29734;2024/2025;1;14;1
https://www.vivoscuola.it/content/view/full/29734;2024/2025;2;14;1
https://www.vivoscuola.it/content/view/full/29734;2024/2025;3;14;1
https://www.vivoscuola.it/content/view/full/29734;2024/2025;4;29;2
https://www.vivoscuola.it/content/view/full/29734;2024/2025;5;25;1
https://www.vivoscuola.it/content/view/full/29734;2023/2024;1;13;1
https://www.vivoscuola.it/content/view/full/29734;2023/2024;2;11;1
https://www.vivoscuola.it/content/view/full/29734;2023/2024;3;29;2
https://www.vivoscuola.it/content/view/full/29734;2023/2024;4;25;1
https://www.vivoscuola.it/content/view/full/29734;2023/2024;5;24;1
https://www.vivoscuola.it/content/view/full/29735;2025/2026;1;16;1
https://www.vivoscuola.it/content/view/full/29735;2025/2026;2;17;1
https://www.vivoscuola.it/content/view/full/29735;2025/2026;3;15;1
https://www.vivoscuola.it/content/view/full/29735;2025/2026;4;24;2
https://www.vivoscuola.it/content/view/full/29735;2025/2026;5;13;1
https://www.vivoscuola.it/content/view/full/29735;2024/2025;1;16;1
https://www.vivoscuola.it/content/view/full/29735;2024/2025;2;16;1
https://www.vivoscuola.it/content/view/full/29735;2024/2025;3;24;2
https://www.vivoscuola.it/content/view/full/29735;2024/2025;4;13;1
https://www.vivoscuola.it/content/view/full/29735;2024/2025;5;21;1
https://www.vivoscuola.it/content/view/full/29735;2023/2024;1;15;1
https://www.vivoscuola.it/content/view/full/29735;2023/2024;2;25;2
https://www.vivoscuola.it/content/view/full/29735;2023/2024;3;14;1
https://www.vivoscuola.it/content/view/full/29735;2023/2024;4;22;1
https://www.vivoscuola.it/content/view/full/29735;2023/2024;5;22;1
https://www.vivoscuola.it/content/view/full/29738;2025/2026;1;55;3
https://www.vivoscuola.it/content/view/full/29738;2025/2026;2;79;4
https://www.vivoscuola.it/content/view/full/29738;2025/2026;3;76;4
https://www.vivoscuola.it/content/view/full/29738;2024/2025;1;81;4
https://www.vivoscuola.it/content/view/full/29738;2024/2025;2;76;4
https://www.vivoscuola.it/content/view/full/29738;2024/2025;3;74;3
https://www.vivoscuola.it/content/view/full/29738;2023/2024;1;76;4
https://www.vivoscuola.it/content/view/full/29738;2023/2024;2;74;3
https://www.vivoscuola.it/content/view/full/29738;2023/2024;3;77;4
https://www.vivoscuola.it/content/view/full/29698;2025/2026;1;64;3
https://www.vivoscuola.it/content/view/full/29698;2025/2026;2;56;3
https://www.vivoscuola.it/content/view/full/29698;2025/2026;3;56;3
https://www.vivoscuola.it/content/view/full/29698;2025/2026;4;60;3
https://www.vivoscuola.it/content/view/full/29698;2025/2026;5;65;3
https://www.vivoscuola.it/content/view/full/29698;2024/2025;1;58;3
https://www.vivoscuola.it/content/view/full/29698;2024/2025;2;58;3
https://www.vivoscuola.it/content/view/full/29698;2024/2025;3;59;3
https://www.vivoscuola.it/content/view/full/29698;2024/2025;4;65;3
https://www.vivoscuola.it/content/view/full/29698;2024/2025;5;51;3
https://www.vivoscuola.it/content/view/full/29698;2023/2024;1;60;3
https://www.vivoscuola.it/content/view/full/29698;2023/2024;2;61;3
https://www.vivoscuola.it/content/view/full/29698;2023/2024;3;63;3
https://www.vivoscuola.it/content/view/full/29698;2023/2024;4;54;3
https://www.vivoscuola.it/content/view/full/29698;2023/2024;5;56;3
https://www.vivoscuola.it/content/view/full/29739;2025/2026;1;69;3
https://www.vivoscuola.it/content/view/full/29739;2025/2026;2;54;3
https://www.vivoscuola.it/content/view/full/29739;2025/2026;3;68;3
https://www.vivoscuola.it/content/view/full/29739;2024/2025;1;56;3
https://www.vivoscuola.it/content/view/full/29739;2024/2025;2;67;3
https://www.vivoscuola.it/content/view/full/29739;2024/2025;3;57;3
https://www.vivoscuola.it/content/view/full/29739;2023/2024;1;65;3
https://www.vivoscuola.it/content/view/full/29739;2023/2024;2;57;3
https://www.vivoscuola.it/content/view/full/29739;2023/2024;3;66;3
https://www.vivoscuola.it/content/view/full/29737;2025/2026;1;37;2
https://www.vivoscuola.it/content/view/full/29737;2025/2026;2;32;2
https://www.vivoscuola.it/content/view/full/29737;2025/2026;3;28;2
https://www.vivoscuola.it/content/view/full/29737;2024/2025;1;34;2
https://www.vivoscuola.it/content/view/full/29737;2024/2025;2;29;2
https://www.vivoscuola.it/content/view/full/29737;2024/2025;3;29;2
https://www.vivoscuola.it/content/view/full/29737;2023/2024;1;28;2
https://www.vivoscuola.it/content/view/full/29737;2023/2024;2;30;2
https://www.vivoscuola.it/content/view/full/29737;2023/2024;3;47;3
https://www.vivoscuola.it/content/view/full/29699;2025/2026;1;34;2
https://www.vivoscuola.it/content/view/full/29699;2025/2026;2;48;2
https://www.vivoscuola.it/content/view/full/29699;2025/2026;3;32;2
https://www.vivoscuola.it/content/view/full/29699;2025/2026;4;41;2
https://www.vivoscuola.it/content/view/full/29699;2025/2026;5;48;2
https://www.vivoscuola.it/content/view/full/29699;2024/2025;1;47;2
https://www.vivoscuola.it/content/view/full/29699;2024/2025;2;29;2
https://www.vivoscuola.it/content/view/full/29699;2024/2025;3;41;2
https://www.vivoscuola.it/content/view/full/29699;2024/2025;4;49;2
https://www.vivoscuola.it/content/view/full/29699;2024/2025;5;38;2
https://www.vivoscuola.it/content/view/full/29699;2023/2024;1;28;2
https://www.vivoscuola.it/content/view/full/29699;2023/2024;2;40;2
https://www.vivoscuola.it/content/view/full/29699;2023/2024;3;49;2
https://www.vivoscuola.it/content/view/full/29699;2023/2024;4;38;2
https://www.vivoscuola.it/content/view/full/29699;2023/2024;5;43;2
https://www.vivoscuola.it/content/view/full/29702;2025/2026;1;168;8
https://www.vivoscuola.it/content/view/full/29702;2025/2026;2;164;8
https://www.vivoscuola.it/content/view/full/29702;2025/2026;3;174;8
https://www.vivoscuola.it/content/view/full/29702;2024/2025;1;170;8
https://www.vivoscuola.it/content/view/full/29702;2024/2025;2;176;8
https://www.vivoscuola.it/content/view/full/29702;2024/2025;3;159;7
https://www.vivoscuola.it/content/view/full/29702;2023/2024;1;172;8
https://www.vivoscuola.it/content/view/full/29702;2023/2024;2;161;7
https://www.vivoscuola.it/content/view/full/29702;2023/2024;3;189;9
https://www.vivoscuola.it/content/view/full/29700;2025/2026;1;56;3
https://www.vivoscuola.it/content/view/full/29700;2025/2026;2;60;3
https://www.vivoscuola.it/content/view/full/29700;2025/2026;3;61;3
https://www.vivoscuola.it/content/view/full/29700;2025/2026;4;64;3
https://www.vivoscuola.it/content/view/full/29700;2025/2026;5;67;3
https://www.vivoscuola.it/content/view/full/29700;2024/2025;1;60;3
https://www.vivoscuola.it/content/view/full/29700;2024/2025;2;59;3
https://www.vivoscuola.it/content/view/full/29700;2024/2025;3;62;3
https://www.vivoscuola.it/content/view/full/29700;2024/2025;4;66;3
https://www.vivoscuola.it/content/view/full/29700;2024/2025;5;65;3
https://www.vivoscuola.it/content/view/full/29700;2023/2024;1;58;3
https://www.vivoscuola.it/content/view/full/29700;2023/2024;2;62;3
https://www.vivoscuola.it/content/view/full/29700;2023/2024;3;69;3
https://www.vivoscuola.it/content/view/full/29700;2023/2024;4;66;3
https://www.vivoscuola.it/content/view/full/29700;2023/2024;5;64;3
https://www.vivoscuola.it/content/view/full/30206;2025/2026;0;55;0
https://www.vivoscuola.it/content/view/full/30206;2024/2025;0;44;0
https://www.vivoscuola.it/content/view/full/30206;2023/2024;0;41;0
https://www.vivoscuola.it/content/view/full/29948;2025/2026;0;61;0
https://www.vivoscuola.it/content/view/full/29948;2024/2025;0;73;0
https://www.vivoscuola.it/content/view/full/29948;2023/2024;0;72;0
https://www.vivoscuola.it/content/view/full/30122;2025/2026;0;22;0
https://www.vivoscuola.it/content/view/full/30122;2024/2025;0;29;0
https://www.vivoscuola.it/content/view/full/30122;2023/2024;0;38;0
https://www.vivoscuola.it/content/view/full/30136;2025/2026;0;13;0
https://www.vivoscuola.it/content/view/full/30136;2024/2025;0;17;0
https://www.vivoscuola.it/content/view/full/30136;2023/2024;0;21;0
https://www.vivoscuola.it/content/view/full/30174;2025/2026;0;28;0
https://www.vivoscuola.it/content/view/full/30174;2024/2025;0;32;0
https://www.vivoscuola.it/content/view/full/30174;2023/2024;0;32;0
https://www.vivoscuola.it/content/view/full/30104;2025/2026;0;81;0
https://www.vivoscuola.it/content/view/full/30104;2024/2025;0;89;0
https://www.vivoscuola.it/content/view/full/30104;2023/2024;0;70;0
https://www.vivoscuola.it/content/view/full/30134;2025/2026;0;43;0
https://www.vivoscuola.it/content/view/full/30134;2024/2025;0;42;0
https://www.vivoscuola.it/content/view/full/30134;2023/2024;0;37;0
https://www.vivoscuola.it/content/view/full/30090;2025/2026;0;82;0
https://www.vivoscuola.it/content/view/full/30090;2024/2025;0;86;0
https://www.vivoscuola.it/content/view/full/30090;2023/2024;0;83;0
https://www.vivoscuola.it/content/view/full/63289;2025/2026;1;40;2
https://www.vivoscuola.it/content/view/full/63289;2025/2026;2;39;2
https://www.vivoscuola.it/content/view/full/63289;2025/2026;3;34;2
https://www.vivoscuola.it/content/view/full/63289;2025/2026;4;35;2
https://www.vivoscuola.it/content/view/full/63289;2025/2026;5;36;2
https://www.vivoscuola.it/content/view/full/63289;2024/2025;1;39;2
https://www.vivoscuola.it/content/view/full/63289;2024/2025;2;34;2
https://www.vivoscuola.it/content/view/full/63289;2024/2025;3;34;2
https://www.vivoscuola.it/content/view/full/63289;2024/2025;4;37;2
https://www.vivoscuola.it/content/view/full/63289;2024/2025;5;33;2
https://www.vivoscuola.it/content/view/full/63289;2023/2024;1;34;2
https://www.vivoscuola.it/content/view/full/63289;2023/2024;2;33;2
https://www.vivoscuola.it/content/view/full/63289;2023/2024;3;37;2
https://www.vivoscuola.it/content/view/full/63289;2023/2024;4;33;2
https://www.vivoscuola.it/content/view/full/63289;2023/2024;5;35;2
https://www.vivoscuola.it/content/view/full/29974;2025/2026;0;60;0
https://www.vivoscuola.it/content/view/full/29974;2024/2025;0;62;0
https://www.vivoscuola.it/content/view/full/29974;2023/2024;0;67;0
https://www.vivoscuola.it/content/view/full/30058;2025/2026;0;160;0
https://www.vivoscuola.it/content/view/full/30058;2024/2025;0;167;0
https://www.vivoscuola.it/content/view/full/30058;2023/2024;0;169;0
https://www.vivoscuola.it/content/view/full/65577;2025/2026;1;34;2
https://www.vivoscuola.it/content/view/full/65577;2025/2026;2;38;2
https://www.vivoscuola.it/content/view/full/65577;2025/2026;3;37;2
https://www.vivoscuola.it/content/view/full/65577;2024/2025;1;39;2
https://www.vivoscuola.it/content/view/full/65577;2024/2025;2;37;2
https://www.vivoscuola.it/content/view/full/65577;2024/2025;3;38;2
https://www.vivoscuola.it/content/view/full/65577;2023/2024;1;35;2
https://www.vivoscuola.it/content/view/full/65577;2023/2024;2;34;2
https://www.vivoscuola.it/content/view/full/65577;2023/2024;3;46;2
https://www.vivoscuola.it/content/view/full/30140;2025/2026;0;18;0
https://www.vivoscuola.it/content/view/full/30140;2024/2025;0;24;0
https://www.vivoscuola.it/content/view/full/30140;2023/2024;0;26;0
https://www.vivoscuola.it/content/view/full/29575;2025/2026;1;63;3
https://www.vivoscuola.it/content/view/full/29575;2025/2026;2;68;3
https://www.vivoscuola.it/content/view/full/29575;2025/2026;3;74;4
https://www.vivoscuola.it/content/view/full/29575;2025/2026;4;59;3
https://www.vivoscuola.it/content/view/full/29575;2025/2026;5;65;3
https://www.vivoscuola.it/content/view/full/29575;2024/2025;1;66;3
https://www.vivoscuola.it/content/view/full/29575;2024/2025;2;74;4
https://www.vivoscuola.it/content/view/full/29575;2024/2025;3;59;3
https://www.vivoscuola.it/content/view/full/29575;2024/2025;4;70;3
https://www.vivoscuola.it/content/view/full/29575;2024/2025;5;63;3
https://www.vivoscuola.it/content/view/full/29575;2023/2024;1;78;4
https://www.vivoscuola.it/content/view/full/29575;2023/2024;2;59;3
https://www.vivoscuola.it/content/view/full/29575;2023/2024;3;69;3
https://www.vivoscuola.it/content/view/full/29575;2023/2024;4;63;3
https://www.vivoscuola.it/content/view/full/29575;2023/2024;5;101;5
https://www.vivoscuola.it/content/view/full/30214;2025/2026;0;71;0
https://www.vivoscuola.it/content/view/full/30214;2024/2025;0;74;0
https://www.vivoscuola.it/content/view/full/30214;2023/2024;0;79;0
https://www.vivoscuola.it/content/view/full/29574;2025/2026;1;18;1
https://www.vivoscuola.it/content/view/full/29574;2025/2026;2;18;1
https://www.vivoscuola.it/content/view/full/29574;2025/2026;3;21;1
https://www.vivoscuola.it/content/view/full/29574;2025/2026;4;26;2
https://www.vivoscuola.it/content/view/full/29574;2025/2026;5;15;1
https://www.vivoscuola.it/content/view/full/29574;2024/2025;1;18;1
https://www.vivoscuola.it/content/view/full/29574;2024/2025;2;21;1
https://www.vivoscuola.it/content/view/full/29574;2024/2025;3;27;2
https://www.vivoscuola.it/content/view/full/29574;2024/2025;4;15;1
https://www.vivoscuola.it/content/view/full/29574;2024/2025;5;27;2
https://www.vivoscuola.it/content/view/full/29574;2023/2024;1;21;1
https://www.vivoscuola.it/content/view/full/29574;2023/2024;2;27;2
https://www.vivoscuola.it/content/view/full/29574;2023/2024;3;15;1
https://www.vivoscuola.it/content/view/full/29574;2023/2024;4;27;2
https://www.vivoscuola.it/content/view/full/29574;2023/2024;5;22;1
https://www.vivoscuola.it/content/view/full/30082;2025/2026;0;35;0
https://www.vivoscuola.it/content/view/full/30082;2024/2025;0;39;0
https://www.vivoscuola.it/content/view/full/30082;2023/2024;0;43;0
https://www.vivoscuola.it/content/view/full/29576;2025/2026;1;18;1
https://www.vivoscuola.it/content/view/full/29576;2025/2026;2;20;1
https://www.vivoscuola.it/content/view/full/29576;2025/2026;3;23;1
https://www.vivoscuola.it/content/view/full/29576;2025/2026;4;14;1
https://www.vivoscuola.it/content/view/full/29576;2025/2026;5;20;1
https://www.vivoscuola.it/content/view/full/29576;2024/2025;1;19;1
https://www.vivoscuola.it/content/view/full/29576;2024/2025;2;23;1
https://www.vivoscuola.it/content/view/full/29576;2024/2025;3;14;1
https://www.vivoscuola.it/content/view/full/29576;2024/2025;4;18;1
https://www.vivoscuola.it/content/view/full/29576;2024/2025;5;21;1
https://www.vivoscuola.it/content/view/full/29576;2023/2024;1;23;1
https://www.vivoscuola.it/content/view/full/29576;2023/2024;2;13;1
https://www.vivoscuola.it/content/view/full/29576;2023/2024;3;20;1
https://www.vivoscuola.it/content/view/full/29576;2023/2024;4;21;1
https://www.vivoscuola.it/content/view/full/29576;2023/2024;5;14;1
https://www.vivoscuola.it/content/view/full/29577;2025/2026;1;114;5
https://www.vivoscuola.it/content/view/full/29577;2025/2026;2;139;6
https://www.vivoscuola.it/content/view/full/29577;2025/2026;3;111;5
https://www.vivoscuola.it/content/view/full/29577;2024/2025;1;142;6
https://www.vivoscuola.it/content/view/full/29577;2024/2025;2;106;5
https://www.vivoscuola.it/content/view/full/29577;2024/2025;3;130;6
https://www.vivoscuola.it/content/view/full/29577;2023/2024;1;105;5
https://www.vivoscuola.it/content/view/full/29577;2023/2024;2;128;6
https://www.vivoscuola.it/content/view/full/29577;2023/2024;3;130;6
https://www.vivoscuola.it/content/view/full/30126;2025/2026;0;19;0
https://www.vivoscuola.it/content/view/full/30126;2024/2025;0;18;0
https://www.vivoscuola.it/content/view/full/30126;2023/2024;0;16;0
https://www.vivoscuola.it/content/view/full/29830;2025/2026;1;14;1
https://www.vivoscuola.it/content/view/full/29830;2025/2026;2;9;1
https://www.vivoscuola.it/content/view/full/29830;2025/2026;3;17;1
https://www.vivoscuola.it/content/view/full/29830;2025/2026;4;8;1
https://www.vivoscuola.it/content/view/full/29830;2025/2026;5;6;1
https://www.vivoscuola.it/content/view/full/29830;2024/2025;1;9;1
https://www.vivoscuola.it/content/view/full/29830;2024/2025;2;17;1
https://www.vivoscuola.it/content/view/full/29830;2024/2025;3;8;1
https://www.vivoscuola.it/content/view/full/29830;2024/2025;4;6;1
https://www.vivoscuola.it/content/view/full/29830;2024/2025;5;13;1
https://www.vivoscuola.it/content/view/full/29830;2023/2024;1;18;1
https://www.vivoscuola.it/content/view/full/29830;2023/2024;2;7;1
https://www.vivoscuola.it/content/view/full/29830;2023/2024;3;5;1
https://www.vivoscuola.it/content/view/full/29830;2023/2024;4;12;1
https://www.vivoscuola.it/content/view/full/29830;2023/2024;5;23;1
https://www.vivoscuola.it/content/view/full/30034;2025/2026;0;54;0
https://www.vivoscuola.it/content/view/full/30034;2024/2025;0;51;0
https://www.vivoscuola.it/content/view/full/30034;2023/2024;0;59;0
https://www.vivoscuola.it/content/view/full/29831;2025/2026;1;23;1
https://www.vivoscuola.it/content/view/full/29831;2025/2026;2;27;1
https://www.vivoscuola.it/content/view/full/29831;2025/2026;3;16;1
https://www.vivoscuola.it/content/view/full/29831;2024/2025;1;27;1
https://www.vivoscuola.it/content/view/full/29831;2024/2025;2;16;1
https://www.vivoscuola.it/content/view/full/29831;2024/2025;3;24;1
https://www.vivoscuola.it/content/view/full/29831;2023/2024;1;15;1
https://www.vivoscuola.it/content/view/full/29831;2023/2024;2;24;1
https://www.vivoscuola.it/content/view/full/29831;2023/2024;3;24;1
https://www.vivoscuola.it/content/view/full/29238;2025/2026;1;14;1
https://www.vivoscuola.it/content/view/full/29238;2025/2026;2;17;1
https://www.vivoscuola.it/content/view/full/29238;2025/2026;3;13;1
https://www.vivoscuola.it/content/view/full/29238;2025/2026;4;14;1
https://www.vivoscuola.it/content/view/full/29238;2025/2026;5;20;1
https://www.vivoscuola.it/content/view/full/29238;2024/2025;1;19;1
https://www.vivoscuola.it/content/view/full/29238;2024/2025;2;18;1
https://www.vivoscuola.it/content/view/full/29238;2024/2025;3;14;1
https://www.vivoscuola.it/content/view/full/29238;2024/2025;4;20;1
https://www.vivoscuola.it/content/view/full/29238;2024/2025;5;12;1
https://www.vivoscuola.it/content/view/full/29238;2023/2024;1;19;1
https://www.vivoscuola.it/content/view/full/29238;2023/2024;2;16;1
https://www.vivoscuola.it/content/view/full/29238;2023/2024;3;22;1
https://www.vivoscuola.it/content/view/full/29238;2023/2024;4;12;1
https://www.vivoscuola.it/content/view/full/29238;2023/2024;5;15;1
https://www.vivoscuola.it/content/view/full/29240;2025/2026;1;48;4
https://www.vivoscuola.it/content/view/full/29240;2025/2026;2;57;5
https://www.vivoscuola.it/content/view/full/29240;2025/2026;3;69;5
https://www.vivoscuola.it/content/view/full/29240;2024/2025;1;58;5
https://www.vivoscuola.it/content/view/full/29240;2024/2025;2;70;5
https://www.vivoscuola.it/content/view/full/29240;2024/2025;3;65;5
https://www.vivoscuola.it/content/view/full/29240;2023/2024;1;72;5
https://www.vivoscuola.it/content/view/full/29240;2023/2024;2;69;5
https://www.vivoscuola.it/content/view/full/29240;2023/2024;3;74;5
https://www.vivoscuola.it/content/view/full/30088;2025/2026;0;36;0
https://www.vivoscuola.it/content/view/full/30088;2024/2025;0;37;0
https://www.vivoscuola.it/content/view/full/30088;2023/2024;0;35;0
https://www.vivoscuola.it/content/view/full/29551;2025/2026;1;26;2
https://www.vivoscuola.it/content/view/full/29551;2025/2026;2;20;1
https://www.vivoscuola.it/content/view/full/29551;2025/2026;3;18;1
https://www.vivoscuola.it/content/view/full/29551;2025/2026;4;24;1
https://www.vivoscuola.it/content/view/full/29551;2025/2026;5;14;1
https://www.vivoscuola.it/content/view/full/29551;2024/2025;1;19;1
https://www.vivoscuola.it/content/view/full/29551;2024/2025;2;18;1
https://www.vivoscuola.it/content/view/full/29551;2024/2025;3;23;1
https://www.vivoscuola.it/content/view/full/29551;2024/2025;4;13;1
https://www.vivoscuola.it/content/view/full/29551;2024/2025;5;23;1
https://www.vivoscuola.it/content/view/full/29551;2023/2024;1;19;1
https://www.vivoscuola.it/content/view/full/29551;2023/2024;2;22;1
https://www.vivoscuola.it/content/view/full/29551;2023/2024;3;13;1
https://www.vivoscuola.it/content/view/full/29551;2023/2024;4;22;1
https://www.vivoscuola.it/content/view/full/29551;2023/2024;5;13;1
https://www.vivoscuola.it/content/view/full/29239;2025/2026;1;16;1
https://www.vivoscuola.it/content/view/full/29239;2025/2026;2;17;1
https://www.vivoscuola.it/content/view/full/29239;2025/2026;3;16;1
https://www.vivoscuola.it/content/view/full/29239;2025/2026;4;21;1
https://www.vivoscuola.it/content/view/full/29239;2025/2026;5;25;1
https://www.vivoscuola.it/content/view/full/29239;2024/2025;1;17;1
https://www.vivoscuola.it/content/view/full/29239;2024/2025;2;15;1
https://www.vivoscuola.it/content/view/full/29239;2024/2025;3;21;1
https://www.vivoscuola.it/content/view/full/29239;2024/2025;4;22;1
https://www.vivoscuola.it/content/view/full/29239;2024/2025;5;23;1
https://www.vivoscuola.it/content/view/full/29239;2023/2024;1;17;1
https://www.vivoscuola.it/content/view/full/29239;2023/2024;2;25;1
https://www.vivoscuola.it/content/view/full/29239;2023/2024;3;22;1
https://www.vivoscuola.it/content/view/full/29239;2023/2024;4;22;1
https://www.vivoscuola.it/content/view/full/29239;2023/2024;5;35;2
https://www.vivoscuola.it/content/view/full/29552;2025/2026;1;14;1
https://www.vivoscuola.it/content/view/full/29552;2025/2026;2;20;1
https://www.vivoscuola.it/content/view/full/29552;2025/2026;3;20;1
https://www.vivoscuola.it/content/view/full/29552;2025/2026;4;16;1
https://www.vivoscuola.it/content/view/full/29552;2025/2026;5;17;1
https://www.vivoscuola.it/content/view/full/29552;2024/2025;1;19;1
https://www.vivoscuola.it/content/view/full/29552;2024/2025;2;21;1
https://www.vivoscuola.it/content/view/full/29552;2024/2025;3;17;1
https://www.vivoscuola.it/content/view/full/29552;2024/2025;4;17;1
https://www.vivoscuola.it/content/view/full/29552;2024/2025;5;13;1
https://www.vivoscuola.it/content/view/full/29552;2023/2024;1;21;1
https://www.vivoscuola.it/content/view/full/29552;2023/2024;2;16;1
https://www.vivoscuola.it/content/view/full/29552;2023/2024;3;17;1
https://www.vivoscuola.it/content/view/full/29552;2023/2024;4;12;1
https://www.vivoscuola.it/content/view/full/29552;2023/2024;5;12;1
https://www.vivoscuola.it/content/view/full/29556;2025/2026;1;15;1
https://www.vivoscuola.it/content/view/full/29556;2025/2026;2;22;1
https://www.vivoscuola.it/content/view/full/29556;2025/2026;3;11;1
https://www.vivoscuola.it/content/view/full/29556;2025/2026;4;14;1
https://www.vivoscuola.it/content/view/full/29556;2025/2026;5;13;1
https://www.vivoscuola.it/content/view/full/29556;2024/2025;1;21;1
https://www.vivoscuola.it/content/view/full/29556;2024/2025;2;13;1
https://www.vivoscuola.it/content/view/full/29556;2024/2025;3;15;1
https://www.vivoscuola.it/content/view/full/29556;2024/2025;4;13;1
https://www.vivoscuola.it/content/view/full/29556;2024/2025;5;21;1
https://www.vivoscuola.it/content/view/full/29556;2023/2024;1;13;1
https://www.vivoscuola.it/content/view/full/29556;2023/2024;2;15;1
https://www.vivoscuola.it/content/view/full/29556;2023/2024;3;14;1
https://www.vivoscuola.it/content/view/full/29556;2023/2024;4;22;1
https://www.vivoscuola.it/content/view/full/29556;2023/2024;5;19;1
https://www.vivoscuola.it/content/view/full/29553;2025/2026;1;5;1
https://www.vivoscuola.it/content/view/full/29553;2025/2026;2;11;1
https://www.vivoscuola.it/content/view/full/29553;2025/2026;3;17;1
https://www.vivoscuola.it/content/view/full/29553;2025/2026;4;18;1
https://www.vivoscuola.it/content/view/full/29553;2025/2026;5;21;1
https://www.vivoscuola.it/content/view/full/29553;2024/2025;1;14;1
https://www.vivoscuola.it/content/view/full/29553;2024/2025;2;17;1
https://www.vivoscuola.it/content/view/full/29553;2024/2025;3;21;1
https://www.vivoscuola.it/content/view/full/29553;2024/2025;4;21;1
https://www.vivoscuola.it/content/view/full/29553;2024/2025;5;15;1
https://www.vivoscuola.it/content/view/full/29553;2023/2024;1;17;1
https://www.vivoscuola.it/content/view/full/29553;2023/2024;2;20;1
https://www.vivoscuola.it/content/view/full/29553;2023/2024;3;21;1
https://www.vivoscuola.it/content/view/full/29553;2023/2024;4;16;1
https://www.vivoscuola.it/content/view/full/29553;2023/2024;5;18;1
https://www.vivoscuola.it/content/view/full/29555;2025/2026;1;6;1
https://www.vivoscuola.it/content/view/full/29555;2025/2026;2;3;1
https://www.vivoscuola.it/content/view/full/29555;2025/2026;3;6;1
https://www.vivoscuola.it/content/view/full/29555;2025/2026;4;3;1
https://www.vivoscuola.it/content/view/full/29555;2025/2026;5;8;1
https://www.vivoscuola.it/content/view/full/29555;2024/2025;1;2;1
https://www.vivoscuola.it/content/view/full/29555;2024/2025;2;5;1
https://www.vivoscuola.it/content/view/full/29555;2024/2025;3;3;1
https://www.vivoscuola.it/content/view/full/29555;2024/2025;4;10;1
https://www.vivoscuola.it/content/view/full/29555;2024/2025;5;6;1
https://www.vivoscuola.it/content/view/full/29555;2023/2024;1;5;1
https://www.vivoscuola.it/content/view/full/29555;2023/2024;2;4;1
https://www.vivoscuola.it/content/view/full/29555;2023/2024;3;10;2
https://www.vivoscuola.it/content/view/full/29555;2023/2024;4;6;1
https://www.vivoscuola.it/content/view/full/29555;2023/2024;5;6;1
https://www.vivoscuola.it/content/view/full/29554;2025/2026;1;13;1
https://www.vivoscuola.it/content/view/full/29554;2025/2026;2;9;1
https://www.vivoscuola.it/content/view/full/29554;2025/2026;3;12;1
https://www.vivoscuola.it/content/view/full/29554;2025/2026;4;12;1
https://www.vivoscuola.it/content/view/full/29554;2025/2026;5;11;1
https://www.vivoscuola.it/content/view/full/29554;2024/2025;1;9;1
https://www.vivoscuola.it/content/view/full/29554;2024/2025;2;12;1
https://www.vivoscuola.it/content/view/full/29554;2024/2025;3;12;1
https://www.vivoscuola.it/content/view/full/29554;2024/2025;4;11;1
https://www.vivoscuola.it/content/view/full/29554;2024/2025;5;15;1
https://www.vivoscuola.it/content/view/full/29554;2023/2024;1;12;1
https://www.vivoscuola.it/content/view/full/29554;2023/2024;2;11;1
https://www.vivoscuola.it/content/view/full/29554;2023/2024;3;11;1
https://www.vivoscuola.it/content/view/full/29554;2023/2024;4;15;1
https://www.vivoscuola.it/content/view/full/29554;2023/2024;5;13;1
https://www.vivoscuola.it/content/view/full/29557;2025/2026;1;6;1
https://www.vivoscuola.it/content/view/full/29557;2025/2026;2;14;1
https://www.vivoscuola.it/content/view/full/29557;2025/2026;3;6;1
https://www.vivoscuola.it/content/view/full/29557;2025/2026;4;9;1
https://www.vivoscuola.it/content/view/full/29557;2025/2026;5;10;1
https://www.vivoscuola.it/content/view/full/29557;2024/2025;1;14;1
https://www.vivoscuola.it/content/view/full/29557;2024/2025;2;7;1
https://www.vivoscuola.it/content/view/full/29557;2024/2025;3;9;1
https://www.vivoscuola.it/content/view/full/29557;2024/2025;4;10;1
https://www.vivoscuola.it/content/view/full/29557;2024/2025;5;8;1
https://www.vivoscuola.it/content/view/full/29557;2023/2024;1;8;1
https://www.vivoscuola.it/content/view/full/29557;2023/2024;2;8;1
https://www.vivoscuola.it/content/view/full/29557;2023/2024;3;10;1
https://www.vivoscuola.it/content/view/full/29557;2023/2024;4;9;1
https://www.vivoscuola.it/content/view/full/29557;2023/2024;5;8;1
https://www.vivoscuola.it/content/view/full/29559;2025/2026;1;46;2
https://www.vivoscuola.it/content/view/full/29559;2025/2026;2;39;2
https://www.vivoscuola.it/content/view/full/29559;2025/2026;3;37;2
https://www.vivoscuola.it/content/view/full/29559;2024/2025;1;36;2
https://www.vivoscuola.it/content/view/full/29559;2024/2025;2;37;2
https://www.vivoscuola.it/content/view/full/29559;2024/2025;3;53;3
https://www.vivoscuola.it/content/view/full/29559;2023/2024;1;39;2
https://www.vivoscuola.it/content/view/full/29559;2023/2024;2;53;3
https://www.vivoscuola.it/content/view/full/29559;2023/2024;3;35;2
https://www.vivoscuola.it/content/view/full/29560;2025/2026;1;70;3
https://www.vivoscuola.it/content/view/full/29560;2025/2026;2;70;3
https://www.vivoscuola.it/content/view/full/29560;2025/2026;3;78;4
https://www.vivoscuola.it/content/view/full/29560;2024/2025;1;71;3
https://www.vivoscuola.it/content/view/full/29560;2024/2025;2;80;4
https://www.vivoscuola.it/content/view/full/29560;2024/2025;3;77;4
https://www.vivoscuola.it/content/view/full/29560;2023/2024;1;78;4
https://www.vivoscuola.it/content/view/full/29560;2023/2024;2;82;4
https://www.vivoscuola.it/content/view/full/29560;2023/2024;3;80;4
https://www.vivoscuola.it/content/view/full/29978;2025/2026;0;99;0
https://www.vivoscuola.it/content/view/full/29978;2024/2025;0;104;0
https://www.vivoscuola.it/content/view/full/29978;2023/2024;0;103;0
https://www.vivoscuola.it/content/view/full/29558;2025/2026;1;6;1
https://www.vivoscuola.it/content/view/full/29558;2025/2026;2;8;1
https://www.vivoscuola.it/content/view/full/29558;2025/2026;3;9;1
https://www.vivoscuola.it/content/view/full/29558;2025/2026;4;13;1
https://www.vivoscuola.it/content/view/full/29558;2025/2026;5;10;1
https://www.vivoscuola.it/content/view/full/29558;2024/2025;1;8;1
https://www.vivoscuola.it/content/view/full/29558;2024/2025;2;9;1
https://www.vivoscuola.it/content/view/full/29558;2024/2025;3;13;1
https://www.vivoscuola.it/content/view/full/29558;2024/2025;4;11;1
https://www.vivoscuola.it/content/view/full/29558;2024/2025;5;9;1
https://www.vivoscuola.it/content/view/full/29558;2023/2024;1;11;1
https://www.vivoscuola.it/content/view/full/29558;2023/2024;2;14;1
https://www.vivoscuola.it/content/view/full/29558;2023/2024;3;12;1
https://www.vivoscuola.it/content/view/full/29558;2023/2024;4;9;1
https://www.vivoscuola.it/content/view/full/29558;2023/2024;5;13;1
https://www.vivoscuola.it/content/view/full/29423;2025/2026;1;16;1
https://www.vivoscuola.it/content/view/full/29423;2025/2026;2;23;1
https://www.vivoscuola.it/content/view/full/29423;2025/2026;3;16;1
https://www.vivoscuola.it/content/view/full/29423;2025/2026;4;23;1
https://www.vivoscuola.it/content/view/full/29423;2025/2026;5;12;1
https://www.vivoscuola.it/content/view/full/29423;2024/2025;1;23;1
https://www.vivoscuola.it/content/view/full/29423;2024/2025;2;16;1
https://www.vivoscuola.it/content/view/full/29423;2024/2025;3;21;1
https://www.vivoscuola.it/content/view/full/29423;2024/2025;4;12;1
https://www.vivoscuola.it/content/view/full/29423;2024/2025;5;23;1
https://www.vivoscuola.it/content/view/full/29423;2023/2024;1;14;1
https://www.vivoscuola.it/content/view/full/29423;2023/2024;2;22;1
https://www.vivoscuola.it/content/view/full/29423;2023/2024;3;13;1
https://www.vivoscuola.it/content/view/full/29423;2023/2024;4;22;1
https://www.vivoscuola.it/content/view/full/29423;2023/2024;5;24;1
https://www.vivoscuola.it/content/view/full/29422;2025/2026;1;43;2
https://www.vivoscuola.it/content/view/full/29422;2025/2026;2;56;3
https://www.vivoscuola.it/content/view/full/29422;2025/2026;3;62;3
https://www.vivoscuola.it/content/view/full/29422;2025/2026;4;65;3
https://www.vivoscuola.it/content/view/full/29422;2025/2026;5;71;3
https://www.vivoscuola.it/content/view/full/29422;2024/2025;1;56;3
https://www.vivoscuola.it/content/view/full/29422;2024/2025;2;63;3
https://www.vivoscuola.it/content/view/full/29422;2024/2025;3;62;3
https://www.vivoscuola.it/content/view/full/29422;2024/2025;4;71;3
https://www.vivoscuola.it/content/view/full/29422;2024/2025;5;65;3
https://www.vivoscuola.it/content/view/full/29422;2023/2024;1;62;3
https://www.vivoscuola.it/content/view/full/29422;2023/2024;2;62;3
https://www.vivoscuola.it/content/view/full/29422;2023/2024;3;71;3
https://www.vivoscuola.it/content/view/full/29422;2023/2024;4;68;3
https://www.vivoscuola.it/content/view/full/29422;2023/2024;5;58;3
https://www.vivoscuola.it/content/view/full/29424;2025/2026;1;84;4
https://www.vivoscuola.it/content/view/full/29424;2025/2026;2;83;4
https://www.vivoscuola.it/content/view/full/29424;2025/2026;3;72;4
https://www.vivoscuola.it/content/view/full/29424;2024/2025;1;83;4
https://www.vivoscuola.it/content/view/full/29424;2024/2025;2;76;4
https://www.vivoscuola.it/content/view/full/29424;2024/2025;3;86;4
https://www.vivoscuola.it/content/view/full/29424;2023/2024;1;74;4
https://www.vivoscuola.it/content/view/full/29424;2023/2024;2;91;4
https://www.vivoscuola.it/content/view/full/29424;2023/2024;3;91;4
https://www.vivoscuola.it/content/view/full/29848;2025/2026;1;118;5
https://www.vivoscuola.it/content/view/full/29848;2025/2026;2;100;5
https://www.vivoscuola.it/content/view/full/29848;2025/2026;3;86;4
https://www.vivoscuola.it/content/view/full/29848;2025/2026;4;76;5
https://www.vivoscuola.it/content/view/full/29848;2025/2026;5;62;3
https://www.vivoscuola.it/content/view/full/29848;2024/2025;1;120;5
https://www.vivoscuola.it/content/view/full/29848;2024/2025;2;98;5
https://www.vivoscuola.it/content/view/full/29848;2024/2025;3;84;5
https://www.vivoscuola.it/content/view/full/29848;2024/2025;4;67;3
https://www.vivoscuola.it/content/view/full/29848;2024/2025;5;54;4
https://www.vivoscuola.it/content/view/full/29848;2023/2024;1;128;5
https://www.vivoscuola.it/content/view/full/29848;2023/2024;2;93;4
https://www.vivoscuola.it/content/view/full/29848;2023/2024;3;71;4
https://www.vivoscuola.it/content/view/full/29848;2023/2024;4;62;4
https://www.vivoscuola.it/content/view/full/29848;2023/2024;5;75;4
https://www.vivoscuola.it/content/view/full/29847;2025/2026;1;75;5
https://www.vivoscuola.it/content/view/full/29847;2025/2026;3;9;1
https://www.vivoscuola.it/content/view/full/29847;2025/2026;1;192;5
https://www.vivoscuola.it/content/view/full/29847;2025/2026;3;9;1
https://www.vivoscuola.it/content/view/full/29847;2024/2025;1;140;7
https://www.vivoscuola.it/content/view/full/29847;2024/2025;3;7;1
https://www.vivoscuola.it/content/view/full/29847;2024/2025;1;393;6
https://www.vivoscuola.it/content/view/full/29847;2024/2025;3;7;1
https://www.vivoscuola.it/content/view/full/29847;2023/2024;1;150;5
https://www.vivoscuola.it/content/view/full/29847;2023/2024;3;15;1
https://www.vivoscuola.it/content/view/full/29847;2023/2024;1;371;5
https://www.vivoscuola.it/content/view/full/29847;2023/2024;3;15;1
https://www.vivoscuola.it/content/view/full/30152;2025/2026;0;28;0
https://www.vivoscuola.it/content/view/full/30152;2024/2025;0;34;0
https://www.vivoscuola.it/content/view/full/30152;2023/2024;0;32;0
https://www.vivoscuola.it/content/view/full/29946;2025/2026;0;164;0
https://www.vivoscuola.it/content/view/full/29946;2024/2025;0;178;0
https://www.vivoscuola.it/content/view/full/29946;2023/2024;0;179;0
https://www.vivoscuola.it/content/view/full/29849;2025/2026;2;9;1
https://www.vivoscuola.it/content/view/full/29849;2025/2026;3;72;6
https://www.vivoscuola.it/content/view/full/29849;2025/2026;2;9;1
https://www.vivoscuola.it/content/view/full/29849;2025/2026;3;24;2
https://www.vivoscuola.it/content/view/full/29849;2025/2026;4;9;3
https://www.vivoscuola.it/content/view/full/29849;2025/2026;5;11;2
https://www.vivoscuola.it/content/view/full/29849;2024/2025;2;14;1
https://www.vivoscuola.it/content/view/full/29849;2024/2025;3;45;6
https://www.vivoscuola.it/content/view/full/29849;2024/2025;2;14;1
https://www.vivoscuola.it/content/view/full/29849;2024/2025;3;15;2
https://www.vivoscuola.it/content/view/full/29849;2024/2025;4;13;3
https://www.vivoscuola.it/content/view/full/29849;2024/2025;5;18;2
https://www.vivoscuola.it/content/view/full/29849;2023/2024;2;12;1
https://www.vivoscuola.it/content/view/full/29849;2023/2024;3;60;6
https://www.vivoscuola.it/content/view/full/29849;2023/2024;2;12;1
https://www.vivoscuola.it/content/view/full/29849;2023/2024;3;20;2
https://www.vivoscuola.it/content/view/full/29849;2023/2024;4;21;2
https://www.vivoscuola.it/content/view/full/29849;2023/2024;5;12;2
https://www.vivoscuola.it/content/view/full/29960;2025/2026;0;21;0
https://www.vivoscuola.it/content/view/full/29960;2024/2025;0;32;0
https://www.vivoscuola.it/content/view/full/29960;2023/2024;0;32;0
https://www.vivoscuola.it/content/view/full/29850;2025/2026;1;47;2
https://www.vivoscuola.it/content/view/full/29850;2025/2026;2;45;3
https://www.vivoscuola.it/content/view/full/29850;2025/2026;3;51;6
https://www.vivoscuola.it/content/view/full/29850;2025/2026;4;46;4
https://www.vivoscuola.it/content/view/full/29850;2025/2026;5;46;4
https://www.vivoscuola.it/content/view/full/29850;2024/2025;1;63;3
https://www.vivoscuola.it/content/view/full/29850;2024/2025;2;51;3
https://www.vivoscuola.it/content/view/full/29850;2024/2025;3;56;4
https://www.vivoscuola.it/content/view/full/29850;2024/2025;4;49;4
https://www.vivoscuola.it/content/view/full/29850;2024/2025;5;30;3
https://www.vivoscuola.it/content/view/full/29850;2023/2024;1;65;3
https://www.vivoscuola.it/content/view/full/29850;2023/2024;2;63;4
https://www.vivoscuola.it/content/view/full/29850;2023/2024;3;65;4
https://www.vivoscuola.it/content/view/full/29850;2023/2024;4;30;3
https://www.vivoscuola.it/content/view/full/29850;2023/2024;5;40;5
https://www.vivoscuola.it/content/view/full/29433;2025/2026;1;12;1
https://www.vivoscuola.it/content/view/full/29433;2025/2026;2;13;1
https://www.vivoscuola.it/content/view/full/29433;2025/2026;3;8;1
https://www.vivoscuola.it/content/view/full/29433;2025/2026;4;14;1
https://www.vivoscuola.it/content/view/full/29433;2025/2026;5;19;1
https://www.vivoscuola.it/content/view/full/29433;2024/2025;1;13;1
https://www.vivoscuola.it/content/view/full/29433;2024/2025;2;8;1
https://www.vivoscuola.it/content/view/full/29433;2024/2025;3;12;1
https://www.vivoscuola.it/content/view/full/29433;2024/2025;4;17;1
https://www.vivoscuola.it/content/view/full/29433;2024/2025;5;19;1
https://www.vivoscuola.it/content/view/full/29433;2023/2024;1;9;1
https://www.vivoscuola.it/content/view/full/29433;2023/2024;2;12;1
https://www.vivoscuola.it/content/view/full/29433;2023/2024;3;19;1
https://www.vivoscuola.it/content/view/full/29433;2023/2024;4;18;1
https://www.vivoscuola.it/content/view/full/29433;2023/2024;5;13;1
https://www.vivoscuola.it/content/view/full/29434;2025/2026;1;10;1
https://www.vivoscuola.it/content/view/full/29434;2025/2026;2;20;1
https://www.vivoscuola.it/content/view/full/29434;2025/2026;3;12;1
https://www.vivoscuola.it/content/view/full/29434;2025/2026;4;15;1
https://www.vivoscuola.it/content/view/full/29434;2025/2026;5;17;1
https://www.vivoscuola.it/content/view/full/29434;2024/2025;1;19;1
https://www.vivoscuola.it/content/view/full/29434;2024/2025;2;12;1
https://www.vivoscuola.it/content/view/full/29434;2024/2025;3;14;1
https://www.vivoscuola.it/content/view/full/29434;2024/2025;4;18;1
https://www.vivoscuola.it/content/view/full/29434;2024/2025;5;13;1
https://www.vivoscuola.it/content/view/full/29434;2023/2024;1;12;1
https://www.vivoscuola.it/content/view/full/29434;2023/2024;2;14;1
https://www.vivoscuola.it/content/view/full/29434;2023/2024;3;18;1
https://www.vivoscuola.it/content/view/full/29434;2023/2024;4;13;1
https://www.vivoscuola.it/content/view/full/29434;2023/2024;5;18;1
https://www.vivoscuola.it/content/view/full/29436;2025/2026;1;1;1
https://www.vivoscuola.it/content/view/full/29436;2025/2026;2;7;1
https://www.vivoscuola.it/content/view/full/29436;2025/2026;3;4;1
https://www.vivoscuola.it/content/view/full/29436;2025/2026;4;4;1
https://www.vivoscuola.it/content/view/full/29436;2025/2026;5;3;1
https://www.vivoscuola.it/content/view/full/29436;2024/2025;1;7;1
https://www.vivoscuola.it/content/view/full/29436;2024/2025;2;4;1
https://www.vivoscuola.it/content/view/full/29436;2024/2025;3;4;1
https://www.vivoscuola.it/content/view/full/29436;2024/2025;4;3;1
https://www.vivoscuola.it/content/view/full/29436;2024/2025;5;5;1
https://www.vivoscuola.it/content/view/full/29436;2023/2024;1;4;1
https://www.vivoscuola.it/content/view/full/29436;2023/2024;2;4;1
https://www.vivoscuola.it/content/view/full/29436;2023/2024;3;3;1
https://www.vivoscuola.it/content/view/full/29436;2023/2024;4;5;1
https://www.vivoscuola.it/content/view/full/29436;2023/2024;5;4;1
https://www.vivoscuola.it/content/view/full/29435;2025/2026;1;10;1
https://www.vivoscuola.it/content/view/full/29435;2025/2026;2;18;1
https://www.vivoscuola.it/content/view/full/29435;2025/2026;3;13;1
https://www.vivoscuola.it/content/view/full/29435;2025/2026;4;14;1
https://www.vivoscuola.it/content/view/full/29435;2025/2026;5;11;1
https://www.vivoscuola.it/content/view/full/29435;2024/2025;1;18;1
https://www.vivoscuola.it/content/view/full/29435;2024/2025;2;13;1
https://www.vivoscuola.it/content/view/full/29435;2024/2025;3;15;1
https://www.vivoscuola.it/content/view/full/29435;2024/2025;4;12;1
https://www.vivoscuola.it/content/view/full/29435;2024/2025;5;15;1
https://www.vivoscuola.it/content/view/full/29435;2023/2024;1;12;1
https://www.vivoscuola.it/content/view/full/29435;2023/2024;2;15;1
https://www.vivoscuola.it/content/view/full/29435;2023/2024;3;11;1
https://www.vivoscuola.it/content/view/full/29435;2023/2024;4;16;1
https://www.vivoscuola.it/content/view/full/29435;2023/2024;5;14;1
https://www.vivoscuola.it/content/view/full/29438;2025/2026;1;7;1
https://www.vivoscuola.it/content/view/full/29438;2025/2026;2;11;1
https://www.vivoscuola.it/content/view/full/29438;2025/2026;3;6;1
https://www.vivoscuola.it/content/view/full/29438;2025/2026;4;12;1
https://www.vivoscuola.it/content/view/full/29438;2025/2026;5;10;1
https://www.vivoscuola.it/content/view/full/29438;2024/2025;1;10;1
https://www.vivoscuola.it/content/view/full/29438;2024/2025;2;6;1
https://www.vivoscuola.it/content/view/full/29438;2024/2025;3;11;1
https://www.vivoscuola.it/content/view/full/29438;2024/2025;4;10;1
https://www.vivoscuola.it/content/view/full/29438;2024/2025;5;10;1
https://www.vivoscuola.it/content/view/full/29438;2023/2024;1;6;1
https://www.vivoscuola.it/content/view/full/29438;2023/2024;2;11;1
https://www.vivoscuola.it/content/view/full/29438;2023/2024;3;10;1
https://www.vivoscuola.it/content/view/full/29438;2023/2024;4;9;1
https://www.vivoscuola.it/content/view/full/29438;2023/2024;5;12;1
https://www.vivoscuola.it/content/view/full/30224;2025/2026;0;84;0
https://www.vivoscuola.it/content/view/full/30224;2024/2025;0;87;0
https://www.vivoscuola.it/content/view/full/30224;2023/2024;0;93;0
https://www.vivoscuola.it/content/view/full/29439;2025/2026;1;58;3
https://www.vivoscuola.it/content/view/full/29439;2025/2026;2;57;3
https://www.vivoscuola.it/content/view/full/29439;2025/2026;3;61;3
https://www.vivoscuola.it/content/view/full/29439;2024/2025;1;58;3
https://www.vivoscuola.it/content/view/full/29439;2024/2025;2;61;3
https://www.vivoscuola.it/content/view/full/29439;2024/2025;3;59;3
https://www.vivoscuola.it/content/view/full/29439;2023/2024;1;62;3
https://www.vivoscuola.it/content/view/full/29439;2023/2024;2;61;3
https://www.vivoscuola.it/content/view/full/29439;2023/2024;3;61;3
https://www.vivoscuola.it/content/view/full/29938;2025/2026;0;30;0
https://www.vivoscuola.it/content/view/full/29938;2024/2025;0;30;0
https://www.vivoscuola.it/content/view/full/29938;2023/2024;0;33;0
https://www.vivoscuola.it/content/view/full/30012;2025/2026;0;25;0
https://www.vivoscuola.it/content/view/full/30012;2024/2025;0;25;0
https://www.vivoscuola.it/content/view/full/30012;2023/2024;0;21;0
https://www.vivoscuola.it/content/view/full/29503;2025/2026;1;13;1
https://www.vivoscuola.it/content/view/full/29503;2025/2026;2;9;1
https://www.vivoscuola.it/content/view/full/29503;2025/2026;3;11;1
https://www.vivoscuola.it/content/view/full/29503;2025/2026;4;11;1
https://www.vivoscuola.it/content/view/full/29503;2025/2026;5;14;1
https://www.vivoscuola.it/content/view/full/29503;2024/2025;1;9;1
https://www.vivoscuola.it/content/view/full/29503;2024/2025;2;10;1
https://www.vivoscuola.it/content/view/full/29503;2024/2025;3;11;1
https://www.vivoscuola.it/content/view/full/29503;2024/2025;4;13;1
https://www.vivoscuola.it/content/view/full/29503;2024/2025;5;15;1
https://www.vivoscuola.it/content/view/full/29503;2023/2024;1;10;1
https://www.vivoscuola.it/content/view/full/29503;2023/2024;2;11;1
https://www.vivoscuola.it/content/view/full/29503;2023/2024;3;11;1
https://www.vivoscuola.it/content/view/full/29503;2023/2024;4;15;1
https://www.vivoscuola.it/content/view/full/29503;2023/2024;5;16;1
https://www.vivoscuola.it/content/view/full/29504;2025/2026;1;15;1
https://www.vivoscuola.it/content/view/full/29504;2025/2026;2;11;1
https://www.vivoscuola.it/content/view/full/29504;2025/2026;3;19;1
https://www.vivoscuola.it/content/view/full/29504;2025/2026;4;18;1
https://www.vivoscuola.it/content/view/full/29504;2025/2026;5;13;1
https://www.vivoscuola.it/content/view/full/29504;2024/2025;1;10;1
https://www.vivoscuola.it/content/view/full/29504;2024/2025;2;19;1
https://www.vivoscuola.it/content/view/full/29504;2024/2025;3;18;1
https://www.vivoscuola.it/content/view/full/29504;2024/2025;4;14;1
https://www.vivoscuola.it/content/view/full/29504;2024/2025;5;17;1
https://www.vivoscuola.it/content/view/full/29504;2023/2024;1;20;1
https://www.vivoscuola.it/content/view/full/29504;2023/2024;2;19;1
https://www.vivoscuola.it/content/view/full/29504;2023/2024;3;15;1
https://www.vivoscuola.it/content/view/full/29504;2023/2024;4;18;1
https://www.vivoscuola.it/content/view/full/29504;2023/2024;5;22;1
https://www.vivoscuola.it/content/view/full/29505;2025/2026;1;8;1
https://www.vivoscuola.it/content/view/full/29505;2025/2026;2;7;1
https://www.vivoscuola.it/content/view/full/29505;2025/2026;3;12;1
https://www.vivoscuola.it/content/view/full/29505;2025/2026;4;11;1
https://www.vivoscuola.it/content/view/full/29505;2025/2026;5;12;1
https://www.vivoscuola.it/content/view/full/29505;2024/2025;1;8;1
https://www.vivoscuola.it/content/view/full/29505;2024/2025;2;12;1
https://www.vivoscuola.it/content/view/full/29505;2024/2025;3;11;1
https://www.vivoscuola.it/content/view/full/29505;2024/2025;4;11;1
https://www.vivoscuola.it/content/view/full/29505;2024/2025;5;14;1
https://www.vivoscuola.it/content/view/full/29505;2023/2024;1;12;1
https://www.vivoscuola.it/content/view/full/29505;2023/2024;2;12;1
https://www.vivoscuola.it/content/view/full/29505;2023/2024;3;12;1
https://www.vivoscuola.it/content/view/full/29505;2023/2024;4;14;1
https://www.vivoscuola.it/content/view/full/29505;2023/2024;5;14;1
https://www.vivoscuola.it/content/view/full/29507;2025/2026;1;18;1
https://www.vivoscuola.it/content/view/full/29507;2025/2026;2;11;1
https://www.vivoscuola.it/content/view/full/29507;2025/2026;3;17;1
https://www.vivoscuola.it/content/view/full/29507;2025/2026;4;25;2
https://www.vivoscuola.it/content/view/full/29507;2025/2026;5;23;1
https://www.vivoscuola.it/content/view/full/29507;2024/2025;1;11;1
https://www.vivoscuola.it/content/view/full/29507;2024/2025;2;17;1
https://www.vivoscuola.it/content/view/full/29507;2024/2025;3;26;2
https://www.vivoscuola.it/content/view/full/29507;2024/2025;4;23;1
https://www.vivoscuola.it/content/view/full/29507;2024/2025;5;18;1
https://www.vivoscuola.it/content/view/full/29507;2023/2024;1;17;1
https://www.vivoscuola.it/content/view/full/29507;2023/2024;2;29;2
https://www.vivoscuola.it/content/view/full/29507;2023/2024;3;22;1
https://www.vivoscuola.it/content/view/full/29507;2023/2024;4;18;1
https://www.vivoscuola.it/content/view/full/29507;2023/2024;5;14;1
https://www.vivoscuola.it/content/view/full/29506;2025/2026;1;14;1
https://www.vivoscuola.it/content/view/full/29506;2025/2026;2;7;1
https://www.vivoscuola.it/content/view/full/29506;2025/2026;3;15;1
https://www.vivoscuola.it/content/view/full/29506;2025/2026;4;8;1
https://www.vivoscuola.it/content/view/full/29506;2025/2026;5;16;1
https://www.vivoscuola.it/content/view/full/29506;2024/2025;1;8;1
https://www.vivoscuola.it/content/view/full/29506;2024/2025;2;14;1
https://www.vivoscuola.it/content/view/full/29506;2024/2025;3;6;2
https://www.vivoscuola.it/content/view/full/29506;2024/2025;4;16;1
https://www.vivoscuola.it/content/view/full/29506;2024/2025;5;5;1
https://www.vivoscuola.it/content/view/full/29506;2023/2024;1;12;1
https://www.vivoscuola.it/content/view/full/29506;2023/2024;2;5;2
https://www.vivoscuola.it/content/view/full/29506;2023/2024;3;16;2
https://www.vivoscuola.it/content/view/full/29506;2023/2024;4;5;1
https://www.vivoscuola.it/content/view/full/29506;2023/2024;5;12;1
https://www.vivoscuola.it/content/view/full/29508;2025/2026;1;10;1
https://www.vivoscuola.it/content/view/full/29508;2025/2026;2;3;1
https://www.vivoscuola.it/content/view/full/29508;2025/2026;3;12;1
https://www.vivoscuola.it/content/view/full/29508;2025/2026;4;9;1
https://www.vivoscuola.it/content/view/full/29508;2025/2026;5;15;1
https://www.vivoscuola.it/content/view/full/29508;2024/2025;1;3;1
https://www.vivoscuola.it/content/view/full/29508;2024/2025;2;12;1
https://www.vivoscuola.it/content/view/full/29508;2024/2025;3;9;1
https://www.vivoscuola.it/content/view/full/29508;2024/2025;4;15;1
https://www.vivoscuola.it/content/view/full/29508;2024/2025;5;5;1
https://www.vivoscuola.it/content/view/full/29508;2023/2024;1;12;1
https://www.vivoscuola.it/content/view/full/29508;2023/2024;2;9;1
https://www.vivoscuola.it/content/view/full/29508;2023/2024;3;15;1
https://www.vivoscuola.it/content/view/full/29508;2023/2024;4;5;1
https://www.vivoscuola.it/content/view/full/29508;2023/2024;5;5;1
https://www.vivoscuola.it/content/view/full/29509;2025/2026;1;38;2
https://www.vivoscuola.it/content/view/full/29509;2025/2026;2;32;2
https://www.vivoscuola.it/content/view/full/29509;2025/2026;3;49;3
https://www.vivoscuola.it/content/view/full/29509;2024/2025;1;32;2
https://www.vivoscuola.it/content/view/full/29509;2024/2025;2;49;3
https://www.vivoscuola.it/content/view/full/29509;2024/2025;3;57;3
https://www.vivoscuola.it/content/view/full/29509;2023/2024;1;51;3
https://www.vivoscuola.it/content/view/full/29509;2023/2024;2;56;3
https://www.vivoscuola.it/content/view/full/29509;2023/2024;3;60;3
https://www.vivoscuola.it/content/view/full/65578;2025/2026;1;6;1
https://www.vivoscuola.it/content/view/full/65578;2025/2026;2;8;1
https://www.vivoscuola.it/content/view/full/65578;2025/2026;3;4;1
https://www.vivoscuola.it/content/view/full/65578;2025/2026;4;8;1
https://www.vivoscuola.it/content/view/full/65578;2025/2026;5;5;1
https://www.vivoscuola.it/content/view/full/65578;2024/2025;1;10;1
https://www.vivoscuola.it/content/view/full/65578;2024/2025;2;4;1
https://www.vivoscuola.it/content/view/full/65578;2024/2025;3;8;1
https://www.vivoscuola.it/content/view/full/65578;2024/2025;4;5;1
https://www.vivoscuola.it/content/view/full/65578;2024/2025;5;10;2
https://www.vivoscuola.it/content/view/full/65578;2023/2024;1;4;2
https://www.vivoscuola.it/content/view/full/65578;2023/2024;2;8;1
https://www.vivoscuola.it/content/view/full/65578;2023/2024;3;5;1
https://www.vivoscuola.it/content/view/full/65578;2023/2024;4;9;1
https://www.vivoscuola.it/content/view/full/65578;2023/2024;5;13;1
https://www.vivoscuola.it/content/view/full/29510;2025/2026;1;51;3
https://www.vivoscuola.it/content/view/full/29510;2025/2026;2;62;3
https://www.vivoscuola.it/content/view/full/29510;2025/2026;3;43;2
https://www.vivoscuola.it/content/view/full/29510;2024/2025;1;63;3
https://www.vivoscuola.it/content/view/full/29510;2024/2025;2;44;2
https://www.vivoscuola.it/content/view/full/29510;2024/2025;3;53;3
https://www.vivoscuola.it/content/view/full/29510;2023/2024;1;44;2
https://www.vivoscuola.it/content/view/full/29510;2023/2024;2;53;3
https://www.vivoscuola.it/content/view/full/29510;2023/2024;3;46;2
https://www.vivoscuola.it/content/view/full/30210;2025/2026;0;45;0
https://www.vivoscuola.it/content/view/full/30210;2024/2025;0;44;0
https://www.vivoscuola.it/content/view/full/30210;2023/2024;0;42;0
https://www.vivoscuola.it/content/view/full/29545;2025/2026;1;14;1
https://www.vivoscuola.it/content/view/full/29545;2025/2026;2;17;1
https://www.vivoscuola.it/content/view/full/29545;2025/2026;3;22;1
https://www.vivoscuola.it/content/view/full/29545;2024/2025;1;19;1
https://www.vivoscuola.it/content/view/full/29545;2024/2025;2;21;1
https://www.vivoscuola.it/content/view/full/29545;2024/2025;3;18;1
https://www.vivoscuola.it/content/view/full/29545;2023/2024;1;21;1
https://www.vivoscuola.it/content/view/full/29545;2023/2024;2;18;1
https://www.vivoscuola.it/content/view/full/29545;2023/2024;3;20;1
https://www.vivoscuola.it/content/view/full/29543;2025/2026;1;13;1
https://www.vivoscuola.it/content/view/full/29543;2025/2026;2;13;1
https://www.vivoscuola.it/content/view/full/29543;2025/2026;3;9;1
https://www.vivoscuola.it/content/view/full/29543;2025/2026;4;14;1
https://www.vivoscuola.it/content/view/full/29543;2025/2026;5;15;1
https://www.vivoscuola.it/content/view/full/29543;2024/2025;1;13;1
https://www.vivoscuola.it/content/view/full/29543;2024/2025;2;8;1
https://www.vivoscuola.it/content/view/full/29543;2024/2025;3;15;1
https://www.vivoscuola.it/content/view/full/29543;2024/2025;4;15;1
https://www.vivoscuola.it/content/view/full/29543;2024/2025;5;16;1
https://www.vivoscuola.it/content/view/full/29543;2023/2024;1;7;1
https://www.vivoscuola.it/content/view/full/29543;2023/2024;2;16;1
https://www.vivoscuola.it/content/view/full/29543;2023/2024;3;15;1
https://www.vivoscuola.it/content/view/full/29543;2023/2024;4;16;1
https://www.vivoscuola.it/content/view/full/29543;2023/2024;5;13;1
https://www.vivoscuola.it/content/view/full/29544;2025/2026;1;15;1
https://www.vivoscuola.it/content/view/full/29544;2025/2026;2;12;1
https://www.vivoscuola.it/content/view/full/29544;2025/2026;3;18;1
https://www.vivoscuola.it/content/view/full/29544;2024/2025;1;12;1
https://www.vivoscuola.it/content/view/full/29544;2024/2025;2;18;1
https://www.vivoscuola.it/content/view/full/29544;2024/2025;3;13;1
https://www.vivoscuola.it/content/view/full/29544;2023/2024;1;18;1
https://www.vivoscuola.it/content/view/full/29544;2023/2024;2;12;1
https://www.vivoscuola.it/content/view/full/29544;2023/2024;3;15;1
https://www.vivoscuola.it/content/view/full/29542;2025/2026;1;21;1
https://www.vivoscuola.it/content/view/full/29542;2025/2026;2;12;1
https://www.vivoscuola.it/content/view/full/29542;2025/2026;3;13;1
https://www.vivoscuola.it/content/view/full/29542;2025/2026;4;13;1
https://www.vivoscuola.it/content/view/full/29542;2025/2026;5;18;1
https://www.vivoscuola.it/content/view/full/29542;2024/2025;1;14;1
https://www.vivoscuola.it/content/view/full/29542;2024/2025;2;12;1
https://www.vivoscuola.it/content/view/full/29542;2024/2025;3;12;1
https://www.vivoscuola.it/content/view/full/29542;2024/2025;4;18;1
https://www.vivoscuola.it/content/view/full/29542;2024/2025;5;13;1
https://www.vivoscuola.it/content/view/full/29542;2023/2024;1;14;1
https://www.vivoscuola.it/content/view/full/29542;2023/2024;2;12;1
https://www.vivoscuola.it/content/view/full/29542;2023/2024;3;18;1
https://www.vivoscuola.it/content/view/full/29542;2023/2024;4;13;1
https://www.vivoscuola.it/content/view/full/29542;2023/2024;5;18;1
https://www.vivoscuola.it/content/view/full/29546;2025/2026;0;56;0
https://www.vivoscuola.it/content/view/full/29546;2024/2025;0;57;0
https://www.vivoscuola.it/content/view/full/29546;2023/2024;0;52;0
https://www.vivoscuola.it/content/view/full/29548;2025/2026;0;9;0
https://www.vivoscuola.it/content/view/full/29548;2024/2025;0;6;0
https://www.vivoscuola.it/content/view/full/29548;2023/2024;0;8;0
https://www.vivoscuola.it/content/view/full/29549;2025/2026;0;17;0
https://www.vivoscuola.it/content/view/full/29549;2024/2025;0;18;0
https://www.vivoscuola.it/content/view/full/29549;2023/2024;0;18;0
https://www.vivoscuola.it/content/view/full/29251;2025/2026;1;48;3
https://www.vivoscuola.it/content/view/full/29251;2025/2026;2;60;4
https://www.vivoscuola.it/content/view/full/29251;2025/2026;3;43;4
https://www.vivoscuola.it/content/view/full/29251;2025/2026;4;25;3
https://www.vivoscuola.it/content/view/full/29251;2024/2025;1;58;3
https://www.vivoscuola.it/content/view/full/29251;2024/2025;2;53;3
https://www.vivoscuola.it/content/view/full/29251;2024/2025;3;48;4
https://www.vivoscuola.it/content/view/full/29251;2024/2025;4;19;3
https://www.vivoscuola.it/content/view/full/29251;2023/2024;1;50;3
https://www.vivoscuola.it/content/view/full/29251;2023/2024;2;44;3
https://www.vivoscuola.it/content/view/full/29251;2023/2024;3;52;4
https://www.vivoscuola.it/content/view/full/29251;2023/2024;4;39;3
https://www.vivoscuola.it/content/view/full/29547;2025/2026;0;28;0
https://www.vivoscuola.it/content/view/full/29547;2024/2025;0;34;0
https://www.vivoscuola.it/content/view/full/29547;2023/2024;0;40;0
https://www.vivoscuola.it/content/view/full/29705;2025/2026;1;93;5
https://www.vivoscuola.it/content/view/full/29705;2025/2026;2;76;4
https://www.vivoscuola.it/content/view/full/29705;2025/2026;3;85;4
https://www.vivoscuola.it/content/view/full/29705;2025/2026;4;79;4
https://www.vivoscuola.it/content/view/full/29705;2025/2026;5;73;4
https://www.vivoscuola.it/content/view/full/29705;2024/2025;1;77;4
https://www.vivoscuola.it/content/view/full/29705;2024/2025;2;86;4
https://www.vivoscuola.it/content/view/full/29705;2024/2025;3;83;4
https://www.vivoscuola.it/content/view/full/29705;2024/2025;4;74;4
https://www.vivoscuola.it/content/view/full/29705;2024/2025;5;79;5
https://www.vivoscuola.it/content/view/full/29705;2023/2024;1;97;4
https://www.vivoscuola.it/content/view/full/29705;2023/2024;2;87;4
https://www.vivoscuola.it/content/view/full/29705;2023/2024;3;77;4
https://www.vivoscuola.it/content/view/full/29705;2023/2024;4;79;5
https://www.vivoscuola.it/content/view/full/29705;2023/2024;5;99;5
https://www.vivoscuola.it/content/view/full/29972;2025/2026;0;49;0
https://www.vivoscuola.it/content/view/full/29972;2024/2025;0;48;0
https://www.vivoscuola.it/content/view/full/29972;2023/2024;0;54;0
https://www.vivoscuola.it/content/view/full/170193;2025/2026;5;13;1
https://www.vivoscuola.it/content/view/full/170193;2024/2025;5;21;1
https://www.vivoscuola.it/content/view/full/29707;2025/2026;1;16;1
https://www.vivoscuola.it/content/view/full/29707;2025/2026;2;27;2
https://www.vivoscuola.it/content/view/full/29707;2025/2026;3;29;2
https://www.vivoscuola.it/content/view/full/29707;2025/2026;4;21;1
https://www.vivoscuola.it/content/view/full/29707;2025/2026;5;23;1
https://www.vivoscuola.it/content/view/full/29707;2024/2025;1;27;2
https://www.vivoscuola.it/content/view/full/29707;2024/2025;2;30;2
https://www.vivoscuola.it/content/view/full/29707;2024/2025;3;21;1
https://www.vivoscuola.it/content/view/full/29707;2024/2025;4;22;1
https://www.vivoscuola.it/content/view/full/29707;2024/2025;5;21;1
https://www.vivoscuola.it/content/view/full/29707;2023/2024;1;29;2
https://www.vivoscuola.it/content/view/full/29707;2023/2024;2;21;1
https://www.vivoscuola.it/content/view/full/29707;2023/2024;3;22;1
https://www.vivoscuola.it/content/view/full/29707;2023/2024;4;21;1
https://www.vivoscuola.it/content/view/full/29707;2023/2024;5;20;1
https://www.vivoscuola.it/content/view/full/29704;2025/2026;1;3;1
https://www.vivoscuola.it/content/view/full/29704;2025/2026;2;7;1
https://www.vivoscuola.it/content/view/full/29704;2025/2026;3;2;1
https://www.vivoscuola.it/content/view/full/29704;2025/2026;4;4;1
https://www.vivoscuola.it/content/view/full/29704;2025/2026;5;8;1
https://www.vivoscuola.it/content/view/full/29704;2024/2025;1;7;1
https://www.vivoscuola.it/content/view/full/29704;2024/2025;2;2;1
https://www.vivoscuola.it/content/view/full/29704;2024/2025;3;4;1
https://www.vivoscuola.it/content/view/full/29704;2024/2025;4;7;1
https://www.vivoscuola.it/content/view/full/29704;2024/2025;5;11;1
https://www.vivoscuola.it/content/view/full/29704;2023/2024;1;3;1
https://www.vivoscuola.it/content/view/full/29704;2023/2024;2;4;1
https://www.vivoscuola.it/content/view/full/29704;2023/2024;3;8;1
https://www.vivoscuola.it/content/view/full/29704;2023/2024;4;11;1
https://www.vivoscuola.it/content/view/full/29704;2023/2024;5;9;1
https://www.vivoscuola.it/content/view/full/29709;2025/2026;1;19;1
https://www.vivoscuola.it/content/view/full/29709;2025/2026;2;12;1
https://www.vivoscuola.it/content/view/full/29709;2025/2026;3;30;2
https://www.vivoscuola.it/content/view/full/29709;2025/2026;4;20;1
https://www.vivoscuola.it/content/view/full/29709;2025/2026;5;25;1
https://www.vivoscuola.it/content/view/full/29709;2024/2025;1;11;1
https://www.vivoscuola.it/content/view/full/29709;2024/2025;2;32;2
https://www.vivoscuola.it/content/view/full/29709;2024/2025;3;20;1
https://www.vivoscuola.it/content/view/full/29709;2024/2025;4;25;1
https://www.vivoscuola.it/content/view/full/29709;2024/2025;5;23;1
https://www.vivoscuola.it/content/view/full/29709;2023/2024;1;31;2
https://www.vivoscuola.it/content/view/full/29709;2023/2024;2;20;1
https://www.vivoscuola.it/content/view/full/29709;2023/2024;3;26;1
https://www.vivoscuola.it/content/view/full/29709;2023/2024;4;23;1
https://www.vivoscuola.it/content/view/full/29709;2023/2024;5;22;1
https://www.vivoscuola.it/content/view/full/29708;2025/2026;1;16;1
https://www.vivoscuola.it/content/view/full/29708;2025/2026;2;17;1
https://www.vivoscuola.it/content/view/full/29708;2025/2026;3;17;1
https://www.vivoscuola.it/content/view/full/29708;2025/2026;4;15;1
https://www.vivoscuola.it/content/view/full/29708;2025/2026;5;18;1
https://www.vivoscuola.it/content/view/full/29708;2024/2025;1;17;1
https://www.vivoscuola.it/content/view/full/29708;2024/2025;2;17;1
https://www.vivoscuola.it/content/view/full/29708;2024/2025;3;15;1
https://www.vivoscuola.it/content/view/full/29708;2024/2025;4;16;1
https://www.vivoscuola.it/content/view/full/29708;2024/2025;5;18;1
https://www.vivoscuola.it/content/view/full/29708;2023/2024;1;20;1
https://www.vivoscuola.it/content/view/full/29708;2023/2024;2;16;1
https://www.vivoscuola.it/content/view/full/29708;2023/2024;3;15;1
https://www.vivoscuola.it/content/view/full/29708;2023/2024;4;16;1
https://www.vivoscuola.it/content/view/full/29708;2023/2024;5;19;1
https://www.vivoscuola.it/content/view/full/30192;2025/2026;0;69;0
https://www.vivoscuola.it/content/view/full/30192;2024/2025;0;82;0
https://www.vivoscuola.it/content/view/full/30192;2023/2024;0;85;0
https://www.vivoscuola.it/content/view/full/29710;2025/2026;1;119;6
https://www.vivoscuola.it/content/view/full/29710;2025/2026;2;141;6
https://www.vivoscuola.it/content/view/full/29710;2025/2026;3;124;6
https://www.vivoscuola.it/content/view/full/29710;2024/2025;1;141;6
https://www.vivoscuola.it/content/view/full/29710;2024/2025;2;132;6
https://www.vivoscuola.it/content/view/full/29710;2024/2025;3;135;6
https://www.vivoscuola.it/content/view/full/29710;2023/2024;1;130;6
https://www.vivoscuola.it/content/view/full/29710;2023/2024;2;135;6
https://www.vivoscuola.it/content/view/full/29710;2023/2024;3;150;7
https://www.vivoscuola.it/content/view/full/30032;2025/2026;0;30;0
https://www.vivoscuola.it/content/view/full/30032;2024/2025;0;35;0
https://www.vivoscuola.it/content/view/full/30032;2023/2024;0;26;0
https://www.vivoscuola.it/content/view/full/30188;2025/2026;0;75;0
https://www.vivoscuola.it/content/view/full/30188;2024/2025;0;79;0
https://www.vivoscuola.it/content/view/full/30188;2023/2024;0;82;0
https://www.vivoscuola.it/content/view/full/29396;2025/2026;0;97;0
https://www.vivoscuola.it/content/view/full/29396;2024/2025;0;104;0
https://www.vivoscuola.it/content/view/full/29396;2023/2024;0;101;0
https://www.vivoscuola.it/content/view/full/122611;2025/2026;0;28;0
https://www.vivoscuola.it/content/view/full/122611;2024/2025;0;25;0
https://www.vivoscuola.it/content/view/full/122611;2023/2024;0;35;0
https://www.vivoscuola.it/content/view/full/29397;2025/2026;0;39;0
https://www.vivoscuola.it/content/view/full/29397;2024/2025;0;27;0
https://www.vivoscuola.it/content/view/full/29397;2023/2024;0;37;0
https://www.vivoscuola.it/content/view/full/29398;2025/2026;0;44;0
https://www.vivoscuola.it/content/view/full/29398;2024/2025;0;43;0
https://www.vivoscuola.it/content/view/full/29398;2023/2024;0;50;0
https://www.vivoscuola.it/content/view/full/29956;2025/2026;0;41;0
https://www.vivoscuola.it/content/view/full/29956;2024/2025;0;44;0
https://www.vivoscuola.it/content/view/full/29956;2023/2024;0;42;0
https://www.vivoscuola.it/content/view/full/29399;2025/2026;0;55;0
https://www.vivoscuola.it/content/view/full/29399;2024/2025;0;39;0
https://www.vivoscuola.it/content/view/full/29399;2023/2024;0;38;0
https://www.vivoscuola.it/content/view/full/29400;2025/2026;0;56;0
https://www.vivoscuola.it/content/view/full/29400;2024/2025;0;65;0
https://www.vivoscuola.it/content/view/full/29400;2023/2024;0;61;0
https://www.vivoscuola.it/content/view/full/29403;2025/2026;0;13;0
https://www.vivoscuola.it/content/view/full/29403;2024/2025;0;12;0
https://www.vivoscuola.it/content/view/full/29403;2023/2024;0;10;0
https://www.vivoscuola.it/content/view/full/29743;2025/2026;1;19;1
https://www.vivoscuola.it/content/view/full/29743;2025/2026;2;9;1
https://www.vivoscuola.it/content/view/full/29743;2025/2026;3;10;1
https://www.vivoscuola.it/content/view/full/29743;2025/2026;4;13;1
https://www.vivoscuola.it/content/view/full/29743;2025/2026;5;12;1
https://www.vivoscuola.it/content/view/full/29743;2024/2025;1;9;1
https://www.vivoscuola.it/content/view/full/29743;2024/2025;2;10;1
https://www.vivoscuola.it/content/view/full/29743;2024/2025;3;11;1
https://www.vivoscuola.it/content/view/full/29743;2024/2025;4;11;1
https://www.vivoscuola.it/content/view/full/29743;2024/2025;5;14;1
https://www.vivoscuola.it/content/view/full/29743;2023/2024;1;10;1
https://www.vivoscuola.it/content/view/full/29743;2023/2024;2;10;1
https://www.vivoscuola.it/content/view/full/29743;2023/2024;3;11;1
https://www.vivoscuola.it/content/view/full/29743;2023/2024;4;15;1
https://www.vivoscuola.it/content/view/full/29743;2023/2024;5;8;1
https://www.vivoscuola.it/content/view/full/29404;2025/2026;0;123;0
https://www.vivoscuola.it/content/view/full/29404;2024/2025;0;109;0
https://www.vivoscuola.it/content/view/full/29404;2023/2024;0;107;0
https://www.vivoscuola.it/content/view/full/29401;2025/2026;0;53;0
https://www.vivoscuola.it/content/view/full/29401;2024/2025;0;60;0
https://www.vivoscuola.it/content/view/full/29401;2023/2024;0;74;0
https://www.vivoscuola.it/content/view/full/29741;2025/2026;1;8;1
https://www.vivoscuola.it/content/view/full/29741;2025/2026;2;20;1
https://www.vivoscuola.it/content/view/full/29741;2025/2026;3;21;1
https://www.vivoscuola.it/content/view/full/29741;2025/2026;4;13;1
https://www.vivoscuola.it/content/view/full/29741;2025/2026;5;24;1
https://www.vivoscuola.it/content/view/full/29741;2024/2025;1;19;1
https://www.vivoscuola.it/content/view/full/29741;2024/2025;2;20;1
https://www.vivoscuola.it/content/view/full/29741;2024/2025;3;14;1
https://www.vivoscuola.it/content/view/full/29741;2024/2025;4;24;1
https://www.vivoscuola.it/content/view/full/29741;2024/2025;5;16;1
https://www.vivoscuola.it/content/view/full/29741;2023/2024;1;21;1
https://www.vivoscuola.it/content/view/full/29741;2023/2024;2;13;1
https://www.vivoscuola.it/content/view/full/29741;2023/2024;3;24;1
https://www.vivoscuola.it/content/view/full/29741;2023/2024;4;17;1
https://www.vivoscuola.it/content/view/full/29741;2023/2024;5;16;1
https://www.vivoscuola.it/content/view/full/29225;2025/2026;1;18;1
https://www.vivoscuola.it/content/view/full/29225;2025/2026;2;18;1
https://www.vivoscuola.it/content/view/full/29225;2025/2026;3;18;1
https://www.vivoscuola.it/content/view/full/29225;2025/2026;4;23;1
https://www.vivoscuola.it/content/view/full/29225;2025/2026;5;21;1
https://www.vivoscuola.it/content/view/full/29225;2024/2025;1;16;1
https://www.vivoscuola.it/content/view/full/29225;2024/2025;2;22;1
https://www.vivoscuola.it/content/view/full/29225;2024/2025;3;24;1
https://www.vivoscuola.it/content/view/full/29225;2024/2025;4;19;1
https://www.vivoscuola.it/content/view/full/29225;2024/2025;5;24;1
https://www.vivoscuola.it/content/view/full/29225;2023/2024;1;22;1
https://www.vivoscuola.it/content/view/full/29225;2023/2024;2;20;1
https://www.vivoscuola.it/content/view/full/29225;2023/2024;3;26;1
https://www.vivoscuola.it/content/view/full/29225;2023/2024;4;24;1
https://www.vivoscuola.it/content/view/full/29225;2023/2024;5;22;1
https://www.vivoscuola.it/content/view/full/29742;2025/2026;1;17;1
https://www.vivoscuola.it/content/view/full/29742;2025/2026;2;9;1
https://www.vivoscuola.it/content/view/full/29742;2025/2026;3;12;1
https://www.vivoscuola.it/content/view/full/29742;2025/2026;4;14;1
https://www.vivoscuola.it/content/view/full/29742;2025/2026;5;13;1
https://www.vivoscuola.it/content/view/full/29742;2024/2025;1;9;1
https://www.vivoscuola.it/content/view/full/29742;2024/2025;2;12;1
https://www.vivoscuola.it/content/view/full/29742;2024/2025;3;14;1
https://www.vivoscuola.it/content/view/full/29742;2024/2025;4;12;1
https://www.vivoscuola.it/content/view/full/29742;2024/2025;5;11;1
https://www.vivoscuola.it/content/view/full/29742;2023/2024;1;13;1
https://www.vivoscuola.it/content/view/full/29742;2023/2024;2;15;1
https://www.vivoscuola.it/content/view/full/29742;2023/2024;3;13;1
https://www.vivoscuola.it/content/view/full/29742;2023/2024;4;11;1
https://www.vivoscuola.it/content/view/full/29742;2023/2024;5;11;1
https://www.vivoscuola.it/content/view/full/29744;2025/2026;1;36;2
https://www.vivoscuola.it/content/view/full/29744;2025/2026;2;41;2
https://www.vivoscuola.it/content/view/full/29744;2025/2026;3;43;2
https://www.vivoscuola.it/content/view/full/29744;2024/2025;1;40;2
https://www.vivoscuola.it/content/view/full/29744;2024/2025;2;44;2
https://www.vivoscuola.it/content/view/full/29744;2024/2025;3;38;2
https://www.vivoscuola.it/content/view/full/29744;2023/2024;1;42;2
https://www.vivoscuola.it/content/view/full/29744;2023/2024;2;39;2
https://www.vivoscuola.it/content/view/full/29744;2023/2024;3;55;3
https://www.vivoscuola.it/content/view/full/29783;2025/2026;1;51;3
https://www.vivoscuola.it/content/view/full/29783;2025/2026;2;48;3
https://www.vivoscuola.it/content/view/full/29783;2025/2026;3;60;3
https://www.vivoscuola.it/content/view/full/29783;2025/2026;4;35;2
https://www.vivoscuola.it/content/view/full/29783;2025/2026;5;27;2
https://www.vivoscuola.it/content/view/full/29783;2024/2025;1;60;3
https://www.vivoscuola.it/content/view/full/29783;2024/2025;2;58;3
https://www.vivoscuola.it/content/view/full/29783;2024/2025;3;41;2
https://www.vivoscuola.it/content/view/full/29783;2024/2025;4;26;2
https://www.vivoscuola.it/content/view/full/29783;2024/2025;5;34;2
https://www.vivoscuola.it/content/view/full/29783;2023/2024;1;66;3
https://www.vivoscuola.it/content/view/full/29783;2023/2024;2;47;3
https://www.vivoscuola.it/content/view/full/29783;2023/2024;3;25;2
https://www.vivoscuola.it/content/view/full/29783;2023/2024;4;40;2
https://www.vivoscuola.it/content/view/full/29783;2023/2024;5;41;3
https://www.vivoscuola.it/content/view/full/29782;2025/2026;1;6;3
https://www.vivoscuola.it/content/view/full/29782;2025/2026;3;2;1
https://www.vivoscuola.it/content/view/full/29782;2025/2026;1;22;3
https://www.vivoscuola.it/content/view/full/29782;2025/2026;3;2;1
https://www.vivoscuola.it/content/view/full/29782;2024/2025;1;10;5
https://www.vivoscuola.it/content/view/full/29782;2024/2025;3;4;1
https://www.vivoscuola.it/content/view/full/29782;2024/2025;1;45;5
https://www.vivoscuola.it/content/view/full/29782;2024/2025;3;4;1
https://www.vivoscuola.it/content/view/full/29782;2023/2024;1;18;6
https://www.vivoscuola.it/content/view/full/29782;2023/2024;3;6;1
https://www.vivoscuola.it/content/view/full/29782;2023/2024;1;37;6
https://www.vivoscuola.it/content/view/full/29782;2023/2024;3;6;1
https://www.vivoscuola.it/content/view/full/148606;2025/2026;1;11;1
https://www.vivoscuola.it/content/view/full/148606;2025/2026;2;13;1
https://www.vivoscuola.it/content/view/full/148606;2025/2026;3;16;1
https://www.vivoscuola.it/content/view/full/148606;2025/2026;4;16;1
https://www.vivoscuola.it/content/view/full/148606;2025/2026;5;9;1
https://www.vivoscuola.it/content/view/full/148606;2024/2025;1;11;1
https://www.vivoscuola.it/content/view/full/148606;2024/2025;2;15;1
https://www.vivoscuola.it/content/view/full/148606;2024/2025;3;17;1
https://www.vivoscuola.it/content/view/full/148606;2024/2025;4;10;1
https://www.vivoscuola.it/content/view/full/148606;2023/2024;1;18;1
https://www.vivoscuola.it/content/view/full/148606;2023/2024;2;19;1
https://www.vivoscuola.it/content/view/full/148606;2023/2024;3;12;1
https://www.vivoscuola.it/content/view/full/29226;2025/2026;1;24;1
https://www.vivoscuola.it/content/view/full/29226;2025/2026;2;18;1
https://www.vivoscuola.it/content/view/full/29226;2025/2026;3;24;1
https://www.vivoscuola.it/content/view/full/29226;2024/2025;1;17;1
https://www.vivoscuola.it/content/view/full/29226;2024/2025;2;24;1
https://www.vivoscuola.it/content/view/full/29226;2024/2025;3;25;1
https://www.vivoscuola.it/content/view/full/29226;2023/2024;1;24;1
https://www.vivoscuola.it/content/view/full/29226;2023/2024;2;22;1
https://www.vivoscuola.it/content/view/full/29226;2023/2024;3;20;1
https://www.vivoscuola.it/content/view/full/29786;2025/2026;2;1;1
https://www.vivoscuola.it/content/view/full/29786;2025/2026;3;6;3
https://www.vivoscuola.it/content/view/full/29786;2025/2026;2;1;1
https://www.vivoscuola.it/content/view/full/29786;2025/2026;3;2;1
https://www.vivoscuola.it/content/view/full/29786;2025/2026;4;4;1
https://www.vivoscuola.it/content/view/full/29786;2025/2026;5;3;1
https://www.vivoscuola.it/content/view/full/29786;2024/2025;3;10;5
https://www.vivoscuola.it/content/view/full/29786;2024/2025;3;7;1
https://www.vivoscuola.it/content/view/full/29786;2024/2025;4;6;1
https://www.vivoscuola.it/content/view/full/29786;2024/2025;5;2;1
https://www.vivoscuola.it/content/view/full/29786;2023/2024;3;18;3
https://www.vivoscuola.it/content/view/full/29786;2023/2024;3;6;1
https://www.vivoscuola.it/content/view/full/29786;2023/2024;4;6;1
https://www.vivoscuola.it/content/view/full/29786;2023/2024;5;1;1
https://www.vivoscuola.it/content/view/full/29785;2025/2026;1;46;2
https://www.vivoscuola.it/content/view/full/29785;2025/2026;2;33;2
https://www.vivoscuola.it/content/view/full/29785;2025/2026;3;30;2
https://www.vivoscuola.it/content/view/full/29785;2025/2026;4;25;2
https://www.vivoscuola.it/content/view/full/29785;2025/2026;5;14;1
https://www.vivoscuola.it/content/view/full/29785;2024/2025;1;35;2
https://www.vivoscuola.it/content/view/full/29785;2024/2025;2;34;2
https://www.vivoscuola.it/content/view/full/29785;2024/2025;3;27;2
https://www.vivoscuola.it/content/view/full/29785;2024/2025;4;13;1
https://www.vivoscuola.it/content/view/full/29785;2024/2025;5;20;1
https://www.vivoscuola.it/content/view/full/29785;2023/2024;1;47;2
https://www.vivoscuola.it/content/view/full/29785;2023/2024;2;28;2
https://www.vivoscuola.it/content/view/full/29785;2023/2024;3;15;1
https://www.vivoscuola.it/content/view/full/29785;2023/2024;4;15;1
https://www.vivoscuola.it/content/view/full/29785;2023/2024;5;17;1
https://www.vivoscuola.it/content/view/full/29784;2025/2026;3;7;1
https://www.vivoscuola.it/content/view/full/29784;2025/2026;4;14;2
https://www.vivoscuola.it/content/view/full/29784;2025/2026;3;7;1
https://www.vivoscuola.it/content/view/full/29784;2025/2026;4;7;1
https://www.vivoscuola.it/content/view/full/29784;2025/2026;5;17;1
https://www.vivoscuola.it/content/view/full/29784;2024/2025;3;45;5
https://www.vivoscuola.it/content/view/full/29784;2024/2025;3;9;1
https://www.vivoscuola.it/content/view/full/29784;2024/2025;4;15;1
https://www.vivoscuola.it/content/view/full/29784;2024/2025;5;12;1
https://www.vivoscuola.it/content/view/full/29784;2023/2024;3;21;3
https://www.vivoscuola.it/content/view/full/29784;2023/2024;3;7;1
https://www.vivoscuola.it/content/view/full/29784;2023/2024;4;9;1
https://www.vivoscuola.it/content/view/full/29784;2023/2024;5;17;1
https://www.vivoscuola.it/content/view/full/29788;2025/2026;1;15;1
https://www.vivoscuola.it/content/view/full/29788;2025/2026;2;13;1
https://www.vivoscuola.it/content/view/full/29788;2025/2026;3;17;1
https://www.vivoscuola.it/content/view/full/29788;2025/2026;4;17;1
https://www.vivoscuola.it/content/view/full/29788;2025/2026;5;11;1
https://www.vivoscuola.it/content/view/full/29788;2024/2025;1;18;1
https://www.vivoscuola.it/content/view/full/29788;2024/2025;2;16;1
https://www.vivoscuola.it/content/view/full/29788;2024/2025;3;18;1
https://www.vivoscuola.it/content/view/full/29788;2024/2025;4;11;1
https://www.vivoscuola.it/content/view/full/29788;2024/2025;5;8;1
https://www.vivoscuola.it/content/view/full/29788;2023/2024;1;23;1
https://www.vivoscuola.it/content/view/full/29788;2023/2024;2;19;1
https://www.vivoscuola.it/content/view/full/29788;2023/2024;3;12;1
https://www.vivoscuola.it/content/view/full/29788;2023/2024;4;7;1
https://www.vivoscuola.it/content/view/full/29788;2023/2024;5;23;1
https://www.vivoscuola.it/content/view/full/29407;2025/2026;0;27;0
https://www.vivoscuola.it/content/view/full/29407;2024/2025;0;29;0
https://www.vivoscuola.it/content/view/full/29407;2023/2024;0;43;0
https://www.vivoscuola.it/content/view/full/65579;2025/2026;1;32;2
https://www.vivoscuola.it/content/view/full/65579;2025/2026;2;31;2
https://www.vivoscuola.it/content/view/full/65579;2025/2026;3;28;2
https://www.vivoscuola.it/content/view/full/65579;2025/2026;4;31;2
https://www.vivoscuola.it/content/view/full/65579;2025/2026;5;17;1
https://www.vivoscuola.it/content/view/full/65579;2024/2025;1;26;1
https://www.vivoscuola.it/content/view/full/65579;2024/2025;2;31;2
https://www.vivoscuola.it/content/view/full/65579;2024/2025;3;34;2
https://www.vivoscuola.it/content/view/full/65579;2024/2025;4;20;1
https://www.vivoscuola.it/content/view/full/65579;2024/2025;5;15;1
https://www.vivoscuola.it/content/view/full/65579;2023/2024;1;25;1
https://www.vivoscuola.it/content/view/full/65579;2023/2024;2;36;2
https://www.vivoscuola.it/content/view/full/65579;2023/2024;3;20;1
https://www.vivoscuola.it/content/view/full/65579;2023/2024;4;20;1
https://www.vivoscuola.it/content/view/full/29789;2025/2026;1;27;2
https://www.vivoscuola.it/content/view/full/29789;2025/2026;2;22;2
https://www.vivoscuola.it/content/view/full/29789;2025/2026;3;26;2
https://www.vivoscuola.it/content/view/full/29789;2025/2026;4;19;1
https://www.vivoscuola.it/content/view/full/29789;2025/2026;5;18;1
https://www.vivoscuola.it/content/view/full/29789;2024/2025;1;25;2
https://www.vivoscuola.it/content/view/full/29789;2024/2025;2;27;2
https://www.vivoscuola.it/content/view/full/29789;2024/2025;3;20;1
https://www.vivoscuola.it/content/view/full/29789;2024/2025;4;20;1
https://www.vivoscuola.it/content/view/full/29789;2024/2025;5;23;1
https://www.vivoscuola.it/content/view/full/29789;2023/2024;1;31;2
https://www.vivoscuola.it/content/view/full/29789;2023/2024;2;22;1
https://www.vivoscuola.it/content/view/full/29789;2023/2024;3;18;1
https://www.vivoscuola.it/content/view/full/29789;2023/2024;4;22;1
https://www.vivoscuola.it/content/view/full/29789;2023/2024;5;18;1
https://www.vivoscuola.it/content/view/full/29787;2023/2024;5;19;1
https://www.vivoscuola.it/content/view/full/29493;2025/2026;1;9;1
https://www.vivoscuola.it/content/view/full/29493;2025/2026;2;7;1
https://www.vivoscuola.it/content/view/full/29493;2025/2026;3;9;1
https://www.vivoscuola.it/content/view/full/29493;2025/2026;4;5;1
https://www.vivoscuola.it/content/view/full/29493;2025/2026;5;5;1
https://www.vivoscuola.it/content/view/full/29493;2024/2025;1;7;1
https://www.vivoscuola.it/content/view/full/29493;2024/2025;2;8;1
https://www.vivoscuola.it/content/view/full/29493;2024/2025;3;6;1
https://www.vivoscuola.it/content/view/full/29493;2024/2025;4;5;1
https://www.vivoscuola.it/content/view/full/29493;2024/2025;5;6;1
https://www.vivoscuola.it/content/view/full/29493;2023/2024;1;8;1
https://www.vivoscuola.it/content/view/full/29493;2023/2024;2;5;1
https://www.vivoscuola.it/content/view/full/29493;2023/2024;3;5;1
https://www.vivoscuola.it/content/view/full/29493;2023/2024;4;5;1
https://www.vivoscuola.it/content/view/full/29493;2023/2024;5;8;1
https://www.vivoscuola.it/content/view/full/29406;2025/2026;0;60;0
https://www.vivoscuola.it/content/view/full/29406;2024/2025;0;61;0
https://www.vivoscuola.it/content/view/full/29406;2023/2024;0;55;0
https://www.vivoscuola.it/content/view/full/29408;2025/2026;0;21;0
https://www.vivoscuola.it/content/view/full/29408;2024/2025;0;22;0
https://www.vivoscuola.it/content/view/full/29408;2023/2024;0;23;0
https://www.vivoscuola.it/content/view/full/29494;2025/2026;1;11;1
https://www.vivoscuola.it/content/view/full/29494;2025/2026;3;15;1
https://www.vivoscuola.it/content/view/full/29494;2025/2026;4;12;1
https://www.vivoscuola.it/content/view/full/29494;2025/2026;5;9;1
https://www.vivoscuola.it/content/view/full/29494;2024/2025;2;15;1
https://www.vivoscuola.it/content/view/full/29494;2024/2025;3;13;1
https://www.vivoscuola.it/content/view/full/29494;2024/2025;4;9;1
https://www.vivoscuola.it/content/view/full/29494;2024/2025;5;19;1
https://www.vivoscuola.it/content/view/full/29494;2023/2024;1;14;1
https://www.vivoscuola.it/content/view/full/29494;2023/2024;2;14;1
https://www.vivoscuola.it/content/view/full/29494;2023/2024;3;8;1
https://www.vivoscuola.it/content/view/full/29494;2023/2024;4;18;1
https://www.vivoscuola.it/content/view/full/29494;2023/2024;5;10;1
https://www.vivoscuola.it/content/view/full/29495;2025/2026;1;5;1
https://www.vivoscuola.it/content/view/full/29495;2025/2026;2;6;1
https://www.vivoscuola.it/content/view/full/29495;2025/2026;3;2;1
https://www.vivoscuola.it/content/view/full/29495;2025/2026;4;5;1
https://www.vivoscuola.it/content/view/full/29495;2025/2026;5;7;1
https://www.vivoscuola.it/content/view/full/29495;2024/2025;1;6;1
https://www.vivoscuola.it/content/view/full/29495;2024/2025;2;3;1
https://www.vivoscuola.it/content/view/full/29495;2024/2025;3;5;1
https://www.vivoscuola.it/content/view/full/29495;2024/2025;4;7;1
https://www.vivoscuola.it/content/view/full/29495;2024/2025;5;3;1
https://www.vivoscuola.it/content/view/full/29495;2023/2024;1;5;2
https://www.vivoscuola.it/content/view/full/29495;2023/2024;2;4;1
https://www.vivoscuola.it/content/view/full/29495;2023/2024;3;6;1
https://www.vivoscuola.it/content/view/full/29495;2023/2024;4;2;1
https://www.vivoscuola.it/content/view/full/29495;2023/2024;5;6;1
https://www.vivoscuola.it/content/view/full/29496;2025/2026;1;21;1
https://www.vivoscuola.it/content/view/full/29496;2025/2026;2;26;2
https://www.vivoscuola.it/content/view/full/29496;2025/2026;3;31;2
https://www.vivoscuola.it/content/view/full/29496;2025/2026;4;28;2
https://www.vivoscuola.it/content/view/full/29496;2025/2026;5;22;2
https://www.vivoscuola.it/content/view/full/29496;2024/2025;1;24;2
https://www.vivoscuola.it/content/view/full/29496;2024/2025;2;31;2
https://www.vivoscuola.it/content/view/full/29496;2024/2025;3;25;2
https://www.vivoscuola.it/content/view/full/29496;2024/2025;4;24;2
https://www.vivoscuola.it/content/view/full/29496;2024/2025;5;32;2
https://www.vivoscuola.it/content/view/full/29496;2023/2024;1;30;2
https://www.vivoscuola.it/content/view/full/29496;2023/2024;2;24;2
https://www.vivoscuola.it/content/view/full/29496;2023/2024;3;25;2
https://www.vivoscuola.it/content/view/full/29496;2023/2024;4;32;2
https://www.vivoscuola.it/content/view/full/29496;2023/2024;5;25;1
https://www.vivoscuola.it/content/view/full/29501;2025/2026;1;19;1
https://www.vivoscuola.it/content/view/full/29501;2025/2026;2;30;2
https://www.vivoscuola.it/content/view/full/29501;2025/2026;3;29;2
https://www.vivoscuola.it/content/view/full/29501;2024/2025;1;31;2
https://www.vivoscuola.it/content/view/full/29501;2024/2025;2;30;2
https://www.vivoscuola.it/content/view/full/29501;2024/2025;3;24;1
https://www.vivoscuola.it/content/view/full/29501;2023/2024;1;28;2
https://www.vivoscuola.it/content/view/full/29501;2023/2024;2;24;1
https://www.vivoscuola.it/content/view/full/29501;2023/2024;3;27;2
https://www.vivoscuola.it/content/view/full/29497;2025/2026;1;8;1
https://www.vivoscuola.it/content/view/full/29497;2025/2026;2;9;1
https://www.vivoscuola.it/content/view/full/29497;2025/2026;3;7;1
https://www.vivoscuola.it/content/view/full/29497;2025/2026;4;8;1
https://www.vivoscuola.it/content/view/full/29497;2025/2026;5;19;1
https://www.vivoscuola.it/content/view/full/29497;2024/2025;1;8;1
https://www.vivoscuola.it/content/view/full/29497;2024/2025;2;6;1
https://www.vivoscuola.it/content/view/full/29497;2024/2025;3;8;1
https://www.vivoscuola.it/content/view/full/29497;2024/2025;4;18;1
https://www.vivoscuola.it/content/view/full/29497;2024/2025;5;10;1
https://www.vivoscuola.it/content/view/full/29497;2023/2024;1;6;1
https://www.vivoscuola.it/content/view/full/29497;2023/2024;2;8;1
https://www.vivoscuola.it/content/view/full/29497;2023/2024;3;16;1
https://www.vivoscuola.it/content/view/full/29497;2023/2024;4;10;1
https://www.vivoscuola.it/content/view/full/29497;2023/2024;5;6;1
https://www.vivoscuola.it/content/view/full/29498;2025/2026;1;28;2
https://www.vivoscuola.it/content/view/full/29498;2025/2026;2;29;2
https://www.vivoscuola.it/content/view/full/29498;2025/2026;3;31;2
https://www.vivoscuola.it/content/view/full/29498;2025/2026;4;26;2
https://www.vivoscuola.it/content/view/full/29498;2025/2026;5;21;1
https://www.vivoscuola.it/content/view/full/29498;2024/2025;1;29;2
https://www.vivoscuola.it/content/view/full/29498;2024/2025;2;32;2
https://www.vivoscuola.it/content/view/full/29498;2024/2025;3;26;2
https://www.vivoscuola.it/content/view/full/29498;2024/2025;4;21;1
https://www.vivoscuola.it/content/view/full/29498;2024/2025;5;18;1
https://www.vivoscuola.it/content/view/full/29498;2023/2024;1;32;2
https://www.vivoscuola.it/content/view/full/29498;2023/2024;2;26;2
https://www.vivoscuola.it/content/view/full/29498;2023/2024;3;20;1
https://www.vivoscuola.it/content/view/full/29498;2023/2024;4;18;1
https://www.vivoscuola.it/content/view/full/29498;2023/2024;5;31;2
https://www.vivoscuola.it/content/view/full/29312;2025/2026;0;20;0
https://www.vivoscuola.it/content/view/full/29312;2024/2025;0;19;0
https://www.vivoscuola.it/content/view/full/29312;2023/2024;0;16;0
https://www.vivoscuola.it/content/view/full/29500;2025/2026;1;19;1
https://www.vivoscuola.it/content/view/full/29500;2025/2026;2;19;1
https://www.vivoscuola.it/content/view/full/29500;2025/2026;3;31;2
https://www.vivoscuola.it/content/view/full/29500;2024/2025;1;21;1
https://www.vivoscuola.it/content/view/full/29500;2024/2025;2;30;2
https://www.vivoscuola.it/content/view/full/29500;2024/2025;3;24;1
https://www.vivoscuola.it/content/view/full/29500;2023/2024;1;28;2
https://www.vivoscuola.it/content/view/full/29500;2023/2024;2;22;1
https://www.vivoscuola.it/content/view/full/29500;2023/2024;3;10;1
https://www.vivoscuola.it/content/view/full/29499;2025/2026;1;53;3
https://www.vivoscuola.it/content/view/full/29499;2025/2026;2;35;2
https://www.vivoscuola.it/content/view/full/29499;2025/2026;3;38;2
https://www.vivoscuola.it/content/view/full/29499;2024/2025;1;33;2
https://www.vivoscuola.it/content/view/full/29499;2024/2025;2;38;2
https://www.vivoscuola.it/content/view/full/29499;2024/2025;3;35;2
https://www.vivoscuola.it/content/view/full/29499;2023/2024;1;34;2
https://www.vivoscuola.it/content/view/full/29499;2023/2024;2;34;2
https://www.vivoscuola.it/content/view/full/29499;2023/2024;3;39;2
https://www.vivoscuola.it/content/view/full/29315;2025/2026;0;30;0
https://www.vivoscuola.it/content/view/full/29315;2024/2025;0;28;0
https://www.vivoscuola.it/content/view/full/29315;2023/2024;0;30;0
https://www.vivoscuola.it/content/view/full/29316;2025/2026;0;38;0
https://www.vivoscuola.it/content/view/full/29316;2024/2025;0;32;0
https://www.vivoscuola.it/content/view/full/29316;2023/2024;0;39;0
https://www.vivoscuola.it/content/view/full/29314;2025/2026;0;43;0
https://www.vivoscuola.it/content/view/full/29314;2024/2025;0;38;0
https://www.vivoscuola.it/content/view/full/29314;2023/2024;0;44;0
https://www.vivoscuola.it/content/view/full/29313;2025/2026;0;45;0
https://www.vivoscuola.it/content/view/full/29313;2024/2025;0;54;0
https://www.vivoscuola.it/content/view/full/29313;2023/2024;0;57;0
https://www.vivoscuola.it/content/view/full/29321;2025/2026;0;36;0
https://www.vivoscuola.it/content/view/full/29321;2024/2025;0;38;0
https://www.vivoscuola.it/content/view/full/29321;2023/2024;0;36;0
https://www.vivoscuola.it/content/view/full/29317;2025/2026;0;14;0
https://www.vivoscuola.it/content/view/full/29317;2024/2025;0;15;0
https://www.vivoscuola.it/content/view/full/29317;2023/2024;0;16;0
https://www.vivoscuola.it/content/view/full/29320;2025/2026;0;51;0
https://www.vivoscuola.it/content/view/full/29320;2024/2025;0;44;0
https://www.vivoscuola.it/content/view/full/29320;2023/2024;0;38;0
https://www.vivoscuola.it/content/view/full/29318;2025/2026;0;35;0
https://www.vivoscuola.it/content/view/full/29318;2024/2025;0;34;0
https://www.vivoscuola.it/content/view/full/29318;2023/2024;0;35;0
https://www.vivoscuola.it/content/view/full/29322;2025/2026;0;55;0
https://www.vivoscuola.it/content/view/full/29322;2024/2025;0;49;0
https://www.vivoscuola.it/content/view/full/29322;2023/2024;0;40;0
https://www.vivoscuola.it/content/view/full/29962;2025/2026;0;26;0
https://www.vivoscuola.it/content/view/full/29962;2024/2025;0;23;0
https://www.vivoscuola.it/content/view/full/29962;2023/2024;0;32;0
https://www.vivoscuola.it/content/view/full/29323;2025/2026;0;16;0
https://www.vivoscuola.it/content/view/full/29323;2024/2025;0;16;0
https://www.vivoscuola.it/content/view/full/29323;2023/2024;0;11;0
https://www.vivoscuola.it/content/view/full/29843;2025/2026;3;33;3
https://www.vivoscuola.it/content/view/full/29843;2025/2026;3;11;1
https://www.vivoscuola.it/content/view/full/29843;2025/2026;4;21;1
https://www.vivoscuola.it/content/view/full/29843;2025/2026;5;12;1
https://www.vivoscuola.it/content/view/full/29843;2024/2025;3;42;3
https://www.vivoscuola.it/content/view/full/29843;2024/2025;3;14;1
https://www.vivoscuola.it/content/view/full/29843;2024/2025;4;10;1
https://www.vivoscuola.it/content/view/full/29843;2024/2025;5;14;1
https://www.vivoscuola.it/content/view/full/29843;2023/2024;3;33;3
https://www.vivoscuola.it/content/view/full/29843;2023/2024;3;11;1
https://www.vivoscuola.it/content/view/full/29843;2023/2024;4;8;1
https://www.vivoscuola.it/content/view/full/29843;2023/2024;5;16;1
https://www.vivoscuola.it/content/view/full/29842;2025/2026;1;130;6
https://www.vivoscuola.it/content/view/full/29842;2025/2026;2;103;5
https://www.vivoscuola.it/content/view/full/29842;2025/2026;3;101;5
https://www.vivoscuola.it/content/view/full/29842;2025/2026;4;85;4
https://www.vivoscuola.it/content/view/full/29842;2025/2026;5;67;4
https://www.vivoscuola.it/content/view/full/29842;2024/2025;1;112;5
https://www.vivoscuola.it/content/view/full/29842;2024/2025;2;111;5
https://www.vivoscuola.it/content/view/full/29842;2024/2025;3;99;5
https://www.vivoscuola.it/content/view/full/29842;2024/2025;4;66;4
https://www.vivoscuola.it/content/view/full/29842;2024/2025;5;48;3
https://www.vivoscuola.it/content/view/full/29842;2023/2024;1;115;5
https://www.vivoscuola.it/content/view/full/29842;2023/2024;2;94;4
https://www.vivoscuola.it/content/view/full/29842;2023/2024;3;88;4
https://www.vivoscuola.it/content/view/full/29842;2023/2024;4;54;3
https://www.vivoscuola.it/content/view/full/29842;2023/2024;5;55;4
https://www.vivoscuola.it/content/view/full/29324;2025/2026;0;22;0
https://www.vivoscuola.it/content/view/full/29324;2024/2025;0;22;0
https://www.vivoscuola.it/content/view/full/29324;2023/2024;0;22;0
https://www.vivoscuola.it/content/view/full/29325;2025/2026;0;41;0
https://www.vivoscuola.it/content/view/full/29325;2024/2025;0;44;0
https://www.vivoscuola.it/content/view/full/29325;2023/2024;0;48;0
https://www.vivoscuola.it/content/view/full/29844;2025/2026;1;53;3
https://www.vivoscuola.it/content/view/full/29844;2025/2026;2;29;2
https://www.vivoscuola.it/content/view/full/29844;2025/2026;3;38;2
https://www.vivoscuola.it/content/view/full/29844;2025/2026;4;29;2
https://www.vivoscuola.it/content/view/full/29844;2025/2026;5;12;1
https://www.vivoscuola.it/content/view/full/29844;2024/2025;1;38;2
https://www.vivoscuola.it/content/view/full/29844;2024/2025;2;39;2
https://www.vivoscuola.it/content/view/full/29844;2024/2025;3;32;2
https://www.vivoscuola.it/content/view/full/29844;2024/2025;4;12;1
https://www.vivoscuola.it/content/view/full/29844;2024/2025;5;21;1
https://www.vivoscuola.it/content/view/full/29844;2023/2024;1;40;2
https://www.vivoscuola.it/content/view/full/29844;2023/2024;2;38;2
https://www.vivoscuola.it/content/view/full/29844;2023/2024;3;16;1
https://www.vivoscuola.it/content/view/full/29844;2023/2024;4;21;1
https://www.vivoscuola.it/content/view/full/29844;2023/2024;5;26;2
https://www.vivoscuola.it/content/view/full/29845;2025/2026;5;9;3
https://www.vivoscuola.it/content/view/full/29845;2025/2026;3;8;1
https://www.vivoscuola.it/content/view/full/29845;2025/2026;4;10;1
https://www.vivoscuola.it/content/view/full/29845;2025/2026;5;3;1
https://www.vivoscuola.it/content/view/full/29845;2024/2025;5;18;3
https://www.vivoscuola.it/content/view/full/29845;2024/2025;3;10;1
https://www.vivoscuola.it/content/view/full/29845;2024/2025;4;5;1
https://www.vivoscuola.it/content/view/full/29845;2024/2025;5;6;1
https://www.vivoscuola.it/content/view/full/29845;2023/2024;4;21;3
https://www.vivoscuola.it/content/view/full/29845;2023/2024;3;6;1
https://www.vivoscuola.it/content/view/full/29845;2023/2024;4;7;1
https://www.vivoscuola.it/content/view/full/29845;2023/2024;5;4;1
https://www.vivoscuola.it/content/view/full/29751;2025/2026;1;5;1
https://www.vivoscuola.it/content/view/full/29751;2025/2026;2;10;1
https://www.vivoscuola.it/content/view/full/29751;2025/2026;3;14;1
https://www.vivoscuola.it/content/view/full/29751;2025/2026;4;10;1
https://www.vivoscuola.it/content/view/full/29751;2025/2026;5;16;1
https://www.vivoscuola.it/content/view/full/29751;2024/2025;1;11;1
https://www.vivoscuola.it/content/view/full/29751;2024/2025;2;14;1
https://www.vivoscuola.it/content/view/full/29751;2024/2025;3;10;1
https://www.vivoscuola.it/content/view/full/29751;2024/2025;4;16;1
https://www.vivoscuola.it/content/view/full/29751;2024/2025;5;12;1
https://www.vivoscuola.it/content/view/full/29751;2023/2024;1;13;1
https://www.vivoscuola.it/content/view/full/29751;2023/2024;2;10;1
https://www.vivoscuola.it/content/view/full/29751;2023/2024;3;14;1
https://www.vivoscuola.it/content/view/full/29751;2023/2024;4;12;1
https://www.vivoscuola.it/content/view/full/29751;2023/2024;5;10;1
https://www.vivoscuola.it/content/view/full/29245;2025/2026;1;32;2
https://www.vivoscuola.it/content/view/full/29245;2025/2026;2;25;1
https://www.vivoscuola.it/content/view/full/29245;2025/2026;3;21;1
https://www.vivoscuola.it/content/view/full/29245;2025/2026;4;38;2
https://www.vivoscuola.it/content/view/full/29245;2025/2026;5;44;2
https://www.vivoscuola.it/content/view/full/29245;2024/2025;1;25;1
https://www.vivoscuola.it/content/view/full/29245;2024/2025;2;23;1
https://www.vivoscuola.it/content/view/full/29245;2024/2025;3;39;2
https://www.vivoscuola.it/content/view/full/29245;2024/2025;4;44;2
https://www.vivoscuola.it/content/view/full/29245;2024/2025;5;45;2
https://www.vivoscuola.it/content/view/full/29245;2023/2024;1;24;1
https://www.vivoscuola.it/content/view/full/29245;2023/2024;2;39;2
https://www.vivoscuola.it/content/view/full/29245;2023/2024;3;44;2
https://www.vivoscuola.it/content/view/full/29245;2023/2024;4;45;2
https://www.vivoscuola.it/content/view/full/29245;2023/2024;5;44;2
https://www.vivoscuola.it/content/view/full/29901;2025/2026;1;84;4
https://www.vivoscuola.it/content/view/full/29901;2025/2026;2;65;3
https://www.vivoscuola.it/content/view/full/29901;2025/2026;3;114;5
https://www.vivoscuola.it/content/view/full/29901;2025/2026;4;55;4
https://www.vivoscuola.it/content/view/full/29901;2025/2026;5;74;4
https://www.vivoscuola.it/content/view/full/29901;2024/2025;1;75;3
https://www.vivoscuola.it/content/view/full/29901;2024/2025;2;96;5
https://www.vivoscuola.it/content/view/full/29901;2024/2025;3;54;4
https://www.vivoscuola.it/content/view/full/29901;2024/2025;4;77;4
https://www.vivoscuola.it/content/view/full/29901;2024/2025;5;112;6
https://www.vivoscuola.it/content/view/full/29901;2023/2024;1;105;5
https://www.vivoscuola.it/content/view/full/29901;2023/2024;2;60;4
https://www.vivoscuola.it/content/view/full/29901;2023/2024;3;84;4
https://www.vivoscuola.it/content/view/full/29901;2023/2024;4;114;6
https://www.vivoscuola.it/content/view/full/29901;2023/2024;5;98;6
https://www.vivoscuola.it/content/view/full/29753;2025/2026;1;21;1
https://www.vivoscuola.it/content/view/full/29753;2025/2026;2;18;1
https://www.vivoscuola.it/content/view/full/29753;2025/2026;3;18;1
https://www.vivoscuola.it/content/view/full/29753;2025/2026;4;28;2
https://www.vivoscuola.it/content/view/full/29753;2025/2026;5;23;2
https://www.vivoscuola.it/content/view/full/29753;2024/2025;1;19;1
https://www.vivoscuola.it/content/view/full/29753;2024/2025;2;18;1
https://www.vivoscuola.it/content/view/full/29753;2024/2025;3;30;2
https://www.vivoscuola.it/content/view/full/29753;2024/2025;4;23;2
https://www.vivoscuola.it/content/view/full/29753;2024/2025;5;21;1
https://www.vivoscuola.it/content/view/full/29753;2023/2024;1;19;1
https://www.vivoscuola.it/content/view/full/29753;2023/2024;2;30;2
https://www.vivoscuola.it/content/view/full/29753;2023/2024;3;23;2
https://www.vivoscuola.it/content/view/full/29753;2023/2024;4;22;1
https://www.vivoscuola.it/content/view/full/29753;2023/2024;5;29;2
https://www.vivoscuola.it/content/view/full/29752;2025/2026;1;26;2
https://www.vivoscuola.it/content/view/full/29752;2025/2026;2;44;2
https://www.vivoscuola.it/content/view/full/29752;2025/2026;3;33;2
https://www.vivoscuola.it/content/view/full/29752;2025/2026;4;45;2
https://www.vivoscuola.it/content/view/full/29752;2025/2026;5;41;2
https://www.vivoscuola.it/content/view/full/29752;2024/2025;1;45;2
https://www.vivoscuola.it/content/view/full/29752;2024/2025;2;34;2
https://www.vivoscuola.it/content/view/full/29752;2024/2025;3;44;2
https://www.vivoscuola.it/content/view/full/29752;2024/2025;4;40;2
https://www.vivoscuola.it/content/view/full/29752;2024/2025;5;50;2
https://www.vivoscuola.it/content/view/full/29752;2023/2024;1;34;2
https://www.vivoscuola.it/content/view/full/29752;2023/2024;2;42;2
https://www.vivoscuola.it/content/view/full/29752;2023/2024;3;38;2
https://www.vivoscuola.it/content/view/full/29752;2023/2024;4;48;2
https://www.vivoscuola.it/content/view/full/29752;2023/2024;5;48;2
https://www.vivoscuola.it/content/view/full/29902;2025/2026;1;100;4
https://www.vivoscuola.it/content/view/full/29902;2025/2026;2;111;5
https://www.vivoscuola.it/content/view/full/29902;2025/2026;3;75;4
https://www.vivoscuola.it/content/view/full/29902;2025/2026;4;88;5
https://www.vivoscuola.it/content/view/full/29902;2025/2026;5;74;4
https://www.vivoscuola.it/content/view/full/29902;2024/2025;1;124;5
https://www.vivoscuola.it/content/view/full/29902;2024/2025;2;77;4
https://www.vivoscuola.it/content/view/full/29902;2024/2025;3;87;5
https://www.vivoscuola.it/content/view/full/29902;2024/2025;4;77;4
https://www.vivoscuola.it/content/view/full/29902;2024/2025;5;62;3
https://www.vivoscuola.it/content/view/full/29902;2023/2024;1;82;4
https://www.vivoscuola.it/content/view/full/29902;2023/2024;2;97;5
https://www.vivoscuola.it/content/view/full/29902;2023/2024;3;81;4
https://www.vivoscuola.it/content/view/full/29902;2023/2024;4;66;3
https://www.vivoscuola.it/content/view/full/29902;2023/2024;5;66;4
https://www.vivoscuola.it/content/view/full/30154;2025/2026;0;25;0
https://www.vivoscuola.it/content/view/full/30154;2024/2025;0;23;0
https://www.vivoscuola.it/content/view/full/30154;2023/2024;0;25;0
https://www.vivoscuola.it/content/view/full/29754;2025/2026;1;19;1
https://www.vivoscuola.it/content/view/full/29754;2025/2026;2;10;1
https://www.vivoscuola.it/content/view/full/29754;2025/2026;3;15;1
https://www.vivoscuola.it/content/view/full/29754;2025/2026;4;15;1
https://www.vivoscuola.it/content/view/full/29754;2025/2026;5;23;1
https://www.vivoscuola.it/content/view/full/29754;2024/2025;1;10;1
https://www.vivoscuola.it/content/view/full/29754;2024/2025;2;14;1
https://www.vivoscuola.it/content/view/full/29754;2024/2025;3;16;1
https://www.vivoscuola.it/content/view/full/29754;2024/2025;4;23;1
https://www.vivoscuola.it/content/view/full/29754;2024/2025;5;16;1
https://www.vivoscuola.it/content/view/full/29754;2023/2024;1;15;1
https://www.vivoscuola.it/content/view/full/29754;2023/2024;2;15;1
https://www.vivoscuola.it/content/view/full/29754;2023/2024;3;24;1
https://www.vivoscuola.it/content/view/full/29754;2023/2024;4;16;1
https://www.vivoscuola.it/content/view/full/29754;2023/2024;5;12;1
https://www.vivoscuola.it/content/view/full/29755;2025/2026;1;92;4
https://www.vivoscuola.it/content/view/full/29755;2025/2026;2;89;4
https://www.vivoscuola.it/content/view/full/29755;2025/2026;3;80;4
https://www.vivoscuola.it/content/view/full/29755;2024/2025;1;92;4
https://www.vivoscuola.it/content/view/full/29755;2024/2025;2;83;4
https://www.vivoscuola.it/content/view/full/29755;2024/2025;3;84;4
https://www.vivoscuola.it/content/view/full/29755;2023/2024;1;83;4
https://www.vivoscuola.it/content/view/full/29755;2023/2024;2;83;4
https://www.vivoscuola.it/content/view/full/29755;2023/2024;3;85;4
https://www.vivoscuola.it/content/view/full/29410;2025/2026;1;126;6
https://www.vivoscuola.it/content/view/full/29410;2025/2026;2;95;6
https://www.vivoscuola.it/content/view/full/29410;2025/2026;3;108;6
https://www.vivoscuola.it/content/view/full/29410;2025/2026;4;72;5
https://www.vivoscuola.it/content/view/full/29410;2025/2026;5;78;5
https://www.vivoscuola.it/content/view/full/29410;2025/2026;6;27;1
https://www.vivoscuola.it/content/view/full/29410;2024/2025;1;126;6
https://www.vivoscuola.it/content/view/full/29410;2024/2025;2;116;6
https://www.vivoscuola.it/content/view/full/29410;2024/2025;3;79;5
https://www.vivoscuola.it/content/view/full/29410;2024/2025;4;79;5
https://www.vivoscuola.it/content/view/full/29410;2024/2025;5;74;5
https://www.vivoscuola.it/content/view/full/29410;2024/2025;6;17;1
https://www.vivoscuola.it/content/view/full/29410;2023/2024;1;124;6
https://www.vivoscuola.it/content/view/full/29410;2023/2024;2;93;5
https://www.vivoscuola.it/content/view/full/29410;2023/2024;3;79;5
https://www.vivoscuola.it/content/view/full/29410;2023/2024;4;81;5
https://www.vivoscuola.it/content/view/full/29410;2023/2024;5;77;5
https://www.vivoscuola.it/content/view/full/29410;2023/2024;6;21;1
https://www.vivoscuola.it/content/view/full/170206;2025/2026;5;24;1
https://www.vivoscuola.it/content/view/full/170206;2024/2025;5;39;2
https://www.vivoscuola.it/content/view/full/29411;2025/2026;1;82;4
https://www.vivoscuola.it/content/view/full/29411;2025/2026;2;69;4
https://www.vivoscuola.it/content/view/full/29411;2025/2026;3;62;8
https://www.vivoscuola.it/content/view/full/29411;2025/2026;4;52;8
https://www.vivoscuola.it/content/view/full/29411;2024/2025;1;82;5
https://www.vivoscuola.it/content/view/full/29411;2024/2025;2;69;4
https://www.vivoscuola.it/content/view/full/29411;2024/2025;3;67;8
https://www.vivoscuola.it/content/view/full/29411;2024/2025;4;60;8
https://www.vivoscuola.it/content/view/full/29411;2023/2024;1;84;4
https://www.vivoscuola.it/content/view/full/29411;2023/2024;2;70;4
https://www.vivoscuola.it/content/view/full/29411;2023/2024;3;76;11
https://www.vivoscuola.it/content/view/full/29411;2023/2024;4;68;7
https://www.vivoscuola.it/content/view/full/29411;2023/2024;5;17;1
https://www.vivoscuola.it/content/view/full/29748;2025/2026;1;16;1
https://www.vivoscuola.it/content/view/full/29748;2025/2026;2;20;1
https://www.vivoscuola.it/content/view/full/29748;2025/2026;3;23;1
https://www.vivoscuola.it/content/view/full/29748;2025/2026;4;24;1
https://www.vivoscuola.it/content/view/full/29748;2025/2026;5;25;2
https://www.vivoscuola.it/content/view/full/29748;2024/2025;1;21;1
https://www.vivoscuola.it/content/view/full/29748;2024/2025;2;19;1
https://www.vivoscuola.it/content/view/full/29748;2024/2025;3;23;1
https://www.vivoscuola.it/content/view/full/29748;2024/2025;4;27;2
https://www.vivoscuola.it/content/view/full/29748;2024/2025;5;20;1
https://www.vivoscuola.it/content/view/full/29748;2023/2024;1;20;1
https://www.vivoscuola.it/content/view/full/29748;2023/2024;2;24;1
https://www.vivoscuola.it/content/view/full/29748;2023/2024;3;28;2
https://www.vivoscuola.it/content/view/full/29748;2023/2024;4;21;1
https://www.vivoscuola.it/content/view/full/29748;2023/2024;5;20;1
https://www.vivoscuola.it/content/view/full/30202;2025/2026;0;98;0
https://www.vivoscuola.it/content/view/full/30202;2024/2025;0;120;0
https://www.vivoscuola.it/content/view/full/30202;2023/2024;0;122;0
https://www.vivoscuola.it/content/view/full/29992;2025/2026;0;22;0
https://www.vivoscuola.it/content/view/full/29992;2024/2025;0;24;0
https://www.vivoscuola.it/content/view/full/29992;2023/2024;0;21;0
https://www.vivoscuola.it/content/view/full/29749;2025/2026;1;58;3
https://www.vivoscuola.it/content/view/full/29749;2025/2026;2;58;3
https://www.vivoscuola.it/content/view/full/29749;2025/2026;3;64;3
https://www.vivoscuola.it/content/view/full/29749;2024/2025;1;58;3
https://www.vivoscuola.it/content/view/full/29749;2024/2025;2;64;3
https://www.vivoscuola.it/content/view/full/29749;2024/2025;3;46;2
https://www.vivoscuola.it/content/view/full/29749;2023/2024;1;65;3
https://www.vivoscuola.it/content/view/full/29749;2023/2024;2;47;2
https://www.vivoscuola.it/content/view/full/29749;2023/2024;3;59;3
https://www.vivoscuola.it/content/view/full/30086;2025/2026;0;59;0
https://www.vivoscuola.it/content/view/full/30086;2024/2025;0;66;0
https://www.vivoscuola.it/content/view/full/30086;2023/2024;0;66;0
https://www.vivoscuola.it/content/view/full/29746;2025/2026;1;13;1
https://www.vivoscuola.it/content/view/full/29746;2025/2026;2;17;1
https://www.vivoscuola.it/content/view/full/29746;2025/2026;3;13;1
https://www.vivoscuola.it/content/view/full/29746;2025/2026;4;14;1
https://www.vivoscuola.it/content/view/full/29746;2025/2026;5;10;1
https://www.vivoscuola.it/content/view/full/29746;2024/2025;1;18;1
https://www.vivoscuola.it/content/view/full/29746;2024/2025;2;14;1
https://www.vivoscuola.it/content/view/full/29746;2024/2025;3;13;1
https://www.vivoscuola.it/content/view/full/29746;2024/2025;4;11;1
https://www.vivoscuola.it/content/view/full/29746;2024/2025;5;22;1
https://www.vivoscuola.it/content/view/full/29746;2023/2024;1;13;1
https://www.vivoscuola.it/content/view/full/29746;2023/2024;2;13;1
https://www.vivoscuola.it/content/view/full/29746;2023/2024;3;13;1
https://www.vivoscuola.it/content/view/full/29746;2023/2024;4;22;1
https://www.vivoscuola.it/content/view/full/29746;2023/2024;5;20;1
https://www.vivoscuola.it/content/view/full/29897;2025/2026;1;77;4
https://www.vivoscuola.it/content/view/full/29897;2025/2026;2;79;4
https://www.vivoscuola.it/content/view/full/29897;2025/2026;3;85;4
https://www.vivoscuola.it/content/view/full/29897;2025/2026;4;69;4
https://www.vivoscuola.it/content/view/full/29897;2025/2026;5;49;3
https://www.vivoscuola.it/content/view/full/29897;2024/2025;1;90;4
https://www.vivoscuola.it/content/view/full/29897;2024/2025;2;87;5
https://www.vivoscuola.it/content/view/full/29897;2024/2025;3;71;4
https://www.vivoscuola.it/content/view/full/29897;2024/2025;4;52;3
https://www.vivoscuola.it/content/view/full/29897;2024/2025;5;73;4
https://www.vivoscuola.it/content/view/full/29897;2023/2024;1;102;5
https://www.vivoscuola.it/content/view/full/29897;2023/2024;2;75;4
https://www.vivoscuola.it/content/view/full/29897;2023/2024;3;53;3
https://www.vivoscuola.it/content/view/full/29897;2023/2024;4;80;5
https://www.vivoscuola.it/content/view/full/29897;2023/2024;5;71;4
https://www.vivoscuola.it/content/view/full/29747;2025/2026;1;11;1
https://www.vivoscuola.it/content/view/full/29747;2025/2026;2;7;1
https://www.vivoscuola.it/content/view/full/29747;2025/2026;3;13;1
https://www.vivoscuola.it/content/view/full/29747;2025/2026;4;6;1
https://www.vivoscuola.it/content/view/full/29747;2025/2026;5;8;1
https://www.vivoscuola.it/content/view/full/29747;2024/2025;1;7;1
https://www.vivoscuola.it/content/view/full/29747;2024/2025;2;14;1
https://www.vivoscuola.it/content/view/full/29747;2024/2025;3;7;1
https://www.vivoscuola.it/content/view/full/29747;2024/2025;4;9;1
https://www.vivoscuola.it/content/view/full/29747;2024/2025;5;12;1
https://www.vivoscuola.it/content/view/full/29747;2023/2024;1;14;1
https://www.vivoscuola.it/content/view/full/29747;2023/2024;2;7;1
https://www.vivoscuola.it/content/view/full/29747;2023/2024;3;9;1
https://www.vivoscuola.it/content/view/full/29747;2023/2024;4;12;1
https://www.vivoscuola.it/content/view/full/29747;2023/2024;5;19;1
https://www.vivoscuola.it/content/view/full/29678;2025/2026;1;84;4
https://www.vivoscuola.it/content/view/full/29678;2025/2026;2;81;4
https://www.vivoscuola.it/content/view/full/29678;2025/2026;3;97;4
https://www.vivoscuola.it/content/view/full/29678;2024/2025;1;85;4
https://www.vivoscuola.it/content/view/full/29678;2024/2025;2;92;4
https://www.vivoscuola.it/content/view/full/29678;2024/2025;3;93;4
https://www.vivoscuola.it/content/view/full/29678;2023/2024;1;91;4
https://www.vivoscuola.it/content/view/full/29678;2023/2024;2;90;4
https://www.vivoscuola.it/content/view/full/29678;2023/2024;3;116;5
https://www.vivoscuola.it/content/view/full/29676;2025/2026;1;45;2
https://www.vivoscuola.it/content/view/full/29676;2025/2026;2;35;2
https://www.vivoscuola.it/content/view/full/29676;2025/2026;3;36;2
https://www.vivoscuola.it/content/view/full/29676;2025/2026;4;48;2
https://www.vivoscuola.it/content/view/full/29676;2025/2026;5;40;2
https://www.vivoscuola.it/content/view/full/29676;2024/2025;1;36;2
https://www.vivoscuola.it/content/view/full/29676;2024/2025;2;34;2
https://www.vivoscuola.it/content/view/full/29676;2024/2025;3;48;2
https://www.vivoscuola.it/content/view/full/29676;2024/2025;4;38;2
https://www.vivoscuola.it/content/view/full/29676;2024/2025;5;41;2
https://www.vivoscuola.it/content/view/full/29676;2023/2024;1;34;2
https://www.vivoscuola.it/content/view/full/29676;2023/2024;2;48;2
https://www.vivoscuola.it/content/view/full/29676;2023/2024;3;36;2
https://www.vivoscuola.it/content/view/full/29676;2023/2024;4;41;2
https://www.vivoscuola.it/content/view/full/29676;2023/2024;5;46;2
https://www.vivoscuola.it/content/view/full/30162;2025/2026;0;49;0
https://www.vivoscuola.it/content/view/full/30162;2024/2025;0;49;0
https://www.vivoscuola.it/content/view/full/30162;2023/2024;0;58;0
https://www.vivoscuola.it/content/view/full/29677;2025/2026;1;38;2
https://www.vivoscuola.it/content/view/full/29677;2025/2026;2;29;2
https://www.vivoscuola.it/content/view/full/29677;2025/2026;3;29;2
https://www.vivoscuola.it/content/view/full/29677;2025/2026;4;38;2
https://www.vivoscuola.it/content/view/full/29677;2025/2026;5;44;2
https://www.vivoscuola.it/content/view/full/29677;2024/2025;1;29;2
https://www.vivoscuola.it/content/view/full/29677;2024/2025;2;28;2
https://www.vivoscuola.it/content/view/full/29677;2024/2025;3;41;2
https://www.vivoscuola.it/content/view/full/29677;2024/2025;4;47;2
https://www.vivoscuola.it/content/view/full/29677;2024/2025;5;47;3
https://www.vivoscuola.it/content/view/full/29677;2023/2024;1;30;2
https://www.vivoscuola.it/content/view/full/29677;2023/2024;2;39;2
https://www.vivoscuola.it/content/view/full/29677;2023/2024;3;48;2
https://www.vivoscuola.it/content/view/full/29677;2023/2024;4;47;3
https://www.vivoscuola.it/content/view/full/29677;2023/2024;5;42;2
https://www.vivoscuola.it/content/view/full/29994;2025/2026;0;38;0
https://www.vivoscuola.it/content/view/full/29994;2024/2025;0;32;0
https://www.vivoscuola.it/content/view/full/29994;2023/2024;0;21;0
https://www.vivoscuola.it/content/view/full/29828;2025/2026;1;71;3
https://www.vivoscuola.it/content/view/full/29828;2025/2026;2;75;3
https://www.vivoscuola.it/content/view/full/29828;2025/2026;3;74;3
https://www.vivoscuola.it/content/view/full/29828;2024/2025;1;75;3
https://www.vivoscuola.it/content/view/full/29828;2024/2025;2;73;3
https://www.vivoscuola.it/content/view/full/29828;2024/2025;3;69;3
https://www.vivoscuola.it/content/view/full/29828;2023/2024;1;71;3
https://www.vivoscuola.it/content/view/full/29828;2023/2024;2;75;3
https://www.vivoscuola.it/content/view/full/29828;2023/2024;3;74;3
https://www.vivoscuola.it/content/view/full/30158;2025/2026;0;55;0
https://www.vivoscuola.it/content/view/full/30158;2024/2025;0;54;0
https://www.vivoscuola.it/content/view/full/30158;2023/2024;0;45;0
https://www.vivoscuola.it/content/view/full/29581;2025/2026;1;14;1
https://www.vivoscuola.it/content/view/full/29581;2025/2026;2;17;1
https://www.vivoscuola.it/content/view/full/29581;2025/2026;3;13;1
https://www.vivoscuola.it/content/view/full/29581;2025/2026;4;18;1
https://www.vivoscuola.it/content/view/full/29581;2025/2026;5;18;1
https://www.vivoscuola.it/content/view/full/29581;2024/2025;1;17;1
https://www.vivoscuola.it/content/view/full/29581;2024/2025;2;13;1
https://www.vivoscuola.it/content/view/full/29581;2024/2025;3;17;1
https://www.vivoscuola.it/content/view/full/29581;2024/2025;4;17;1
https://www.vivoscuola.it/content/view/full/29581;2024/2025;5;20;1
https://www.vivoscuola.it/content/view/full/29581;2023/2024;1;15;1
https://www.vivoscuola.it/content/view/full/29581;2023/2024;2;15;1
https://www.vivoscuola.it/content/view/full/29581;2023/2024;3;17;1
https://www.vivoscuola.it/content/view/full/29581;2023/2024;4;19;1
https://www.vivoscuola.it/content/view/full/29581;2023/2024;5;16;1
https://www.vivoscuola.it/content/view/full/170191;2025/2026;5;49;2
https://www.vivoscuola.it/content/view/full/170191;2024/2025;5;29;1
https://www.vivoscuola.it/content/view/full/29580;2025/2026;1;19;1
https://www.vivoscuola.it/content/view/full/29580;2025/2026;2;17;1
https://www.vivoscuola.it/content/view/full/29580;2025/2026;3;11;1
https://www.vivoscuola.it/content/view/full/29580;2025/2026;4;10;1
https://www.vivoscuola.it/content/view/full/29580;2025/2026;5;16;1
https://www.vivoscuola.it/content/view/full/29580;2024/2025;1;16;1
https://www.vivoscuola.it/content/view/full/29580;2024/2025;2;12;1
https://www.vivoscuola.it/content/view/full/29580;2024/2025;3;12;1
https://www.vivoscuola.it/content/view/full/29580;2024/2025;4;16;1
https://www.vivoscuola.it/content/view/full/29580;2024/2025;5;12;1
https://www.vivoscuola.it/content/view/full/29580;2023/2024;1;11;1
https://www.vivoscuola.it/content/view/full/29580;2023/2024;2;12;1
https://www.vivoscuola.it/content/view/full/29580;2023/2024;3;15;1
https://www.vivoscuola.it/content/view/full/29580;2023/2024;4;12;1
https://www.vivoscuola.it/content/view/full/29580;2023/2024;5;9;1
https://www.vivoscuola.it/content/view/full/29247;2025/2026;1;66;3
https://www.vivoscuola.it/content/view/full/29247;2025/2026;2;56;3
https://www.vivoscuola.it/content/view/full/29247;2025/2026;3;54;3
https://www.vivoscuola.it/content/view/full/29247;2025/2026;4;47;2
https://www.vivoscuola.it/content/view/full/29247;2024/2025;1;73;3
https://www.vivoscuola.it/content/view/full/29247;2024/2025;2;61;3
https://www.vivoscuola.it/content/view/full/29247;2024/2025;3;57;3
https://www.vivoscuola.it/content/view/full/29247;2024/2025;4;48;2
https://www.vivoscuola.it/content/view/full/29247;2023/2024;1;67;3
https://www.vivoscuola.it/content/view/full/29247;2023/2024;2;65;4
https://www.vivoscuola.it/content/view/full/29247;2023/2024;3;59;3
https://www.vivoscuola.it/content/view/full/29247;2023/2024;4;36;2
https://www.vivoscuola.it/content/view/full/29247;2023/2024;5;20;1
https://www.vivoscuola.it/content/view/full/29583;2025/2026;1;157;7
https://www.vivoscuola.it/content/view/full/29583;2025/2026;2;120;6
https://www.vivoscuola.it/content/view/full/29583;2025/2026;3;139;7
https://www.vivoscuola.it/content/view/full/29583;2024/2025;1;124;6
https://www.vivoscuola.it/content/view/full/29583;2024/2025;2;146;7
https://www.vivoscuola.it/content/view/full/29583;2024/2025;3;137;6
https://www.vivoscuola.it/content/view/full/29583;2023/2024;1;149;7
https://www.vivoscuola.it/content/view/full/29583;2023/2024;2;138;6
https://www.vivoscuola.it/content/view/full/29583;2023/2024;3;166;8
https://www.vivoscuola.it/content/view/full/29582;2025/2026;1;58;3
https://www.vivoscuola.it/content/view/full/29582;2025/2026;2;81;4
https://www.vivoscuola.it/content/view/full/29582;2025/2026;3;57;3
https://www.vivoscuola.it/content/view/full/29582;2025/2026;4;62;3
https://www.vivoscuola.it/content/view/full/29582;2025/2026;5;61;3
https://www.vivoscuola.it/content/view/full/29582;2024/2025;1;86;4
https://www.vivoscuola.it/content/view/full/29582;2024/2025;2;59;3
https://www.vivoscuola.it/content/view/full/29582;2024/2025;3;62;3
https://www.vivoscuola.it/content/view/full/29582;2024/2025;4;67;3
https://www.vivoscuola.it/content/view/full/29582;2024/2025;5;86;4
https://www.vivoscuola.it/content/view/full/29582;2023/2024;1;60;3
https://www.vivoscuola.it/content/view/full/29582;2023/2024;2;60;3
https://www.vivoscuola.it/content/view/full/29582;2023/2024;3;69;3
https://www.vivoscuola.it/content/view/full/29582;2023/2024;4;86;4
https://www.vivoscuola.it/content/view/full/29582;2023/2024;5;63;3
https://www.vivoscuola.it/content/view/full/29579;2025/2026;1;39;2
https://www.vivoscuola.it/content/view/full/29579;2025/2026;2;32;2
https://www.vivoscuola.it/content/view/full/29579;2025/2026;3;38;2
https://www.vivoscuola.it/content/view/full/29579;2025/2026;4;36;2
https://www.vivoscuola.it/content/view/full/29579;2025/2026;5;38;2
https://www.vivoscuola.it/content/view/full/29579;2024/2025;1;31;2
https://www.vivoscuola.it/content/view/full/29579;2024/2025;2;36;2
https://www.vivoscuola.it/content/view/full/29579;2024/2025;3;36;2
https://www.vivoscuola.it/content/view/full/29579;2024/2025;4;39;2
https://www.vivoscuola.it/content/view/full/29579;2024/2025;5;40;2
https://www.vivoscuola.it/content/view/full/29579;2023/2024;1;36;2
https://www.vivoscuola.it/content/view/full/29579;2023/2024;2;36;2
https://www.vivoscuola.it/content/view/full/29579;2023/2024;3;40;2
https://www.vivoscuola.it/content/view/full/29579;2023/2024;4;39;2
https://www.vivoscuola.it/content/view/full/29579;2023/2024;5;39;2
https://www.vivoscuola.it/content/view/full/29773;2025/2026;1;63;3
https://www.vivoscuola.it/content/view/full/29773;2025/2026;2;40;2
https://www.vivoscuola.it/content/view/full/29773;2025/2026;3;34;2
https://www.vivoscuola.it/content/view/full/29773;2025/2026;4;38;3
https://www.vivoscuola.it/content/view/full/29773;2025/2026;5;36;2
https://www.vivoscuola.it/content/view/full/29773;2024/2025;1;53;3
https://www.vivoscuola.it/content/view/full/29773;2024/2025;2;42;2
https://www.vivoscuola.it/content/view/full/29773;2024/2025;3;39;3
https://www.vivoscuola.it/content/view/full/29773;2024/2025;4;38;2
https://www.vivoscuola.it/content/view/full/29773;2024/2025;5;34;2
https://www.vivoscuola.it/content/view/full/29773;2023/2024;1;60;3
https://www.vivoscuola.it/content/view/full/29773;2023/2024;2;43;2
https://www.vivoscuola.it/content/view/full/29773;2023/2024;3;38;2
https://www.vivoscuola.it/content/view/full/29773;2023/2024;4;36;2
https://www.vivoscuola.it/content/view/full/29773;2023/2024;5;36;3
https://www.vivoscuola.it/content/view/full/29772;2025/2026;1;35;5
https://www.vivoscuola.it/content/view/full/29772;2025/2026;3;16;1
https://www.vivoscuola.it/content/view/full/29772;2025/2026;1;86;5
https://www.vivoscuola.it/content/view/full/29772;2025/2026;3;16;1
https://www.vivoscuola.it/content/view/full/29772;2024/2025;1;236;4
https://www.vivoscuola.it/content/view/full/29772;2024/2025;3;16;1
https://www.vivoscuola.it/content/view/full/29772;2024/2025;1;112;4
https://www.vivoscuola.it/content/view/full/29772;2024/2025;3;16;1
https://www.vivoscuola.it/content/view/full/29772;2023/2024;1;216;4
https://www.vivoscuola.it/content/view/full/29772;2023/2024;3;11;1
https://www.vivoscuola.it/content/view/full/29772;2023/2024;1;97;4
https://www.vivoscuola.it/content/view/full/29772;2023/2024;3;11;1
https://www.vivoscuola.it/content/view/full/29775;2025/2026;1;36;2
https://www.vivoscuola.it/content/view/full/29775;2025/2026;2;27;2
https://www.vivoscuola.it/content/view/full/29775;2025/2026;3;20;2
https://www.vivoscuola.it/content/view/full/29775;2025/2026;4;19;2
https://www.vivoscuola.it/content/view/full/29775;2025/2026;5;17;1
https://www.vivoscuola.it/content/view/full/29775;2024/2025;1;39;2
https://www.vivoscuola.it/content/view/full/29775;2024/2025;2;30;2
https://www.vivoscuola.it/content/view/full/29775;2024/2025;3;19;2
https://www.vivoscuola.it/content/view/full/29775;2024/2025;4;18;1
https://www.vivoscuola.it/content/view/full/29775;2024/2025;5;10;1
https://www.vivoscuola.it/content/view/full/29775;2023/2024;1;45;2
https://www.vivoscuola.it/content/view/full/29775;2023/2024;2;31;2
https://www.vivoscuola.it/content/view/full/29775;2023/2024;3;16;1
https://www.vivoscuola.it/content/view/full/29775;2023/2024;4;14;1
https://www.vivoscuola.it/content/view/full/29775;2023/2024;5;22;2
https://www.vivoscuola.it/content/view/full/30110;2025/2026;0;11;0
https://www.vivoscuola.it/content/view/full/30110;2024/2025;0;14;0
https://www.vivoscuola.it/content/view/full/30110;2023/2024;0;17;0
https://www.vivoscuola.it/content/view/full/29774;2025/2026;2;6;1
https://www.vivoscuola.it/content/view/full/29774;2025/2026;4;24;3
https://www.vivoscuola.it/content/view/full/29774;2025/2026;2;6;1
https://www.vivoscuola.it/content/view/full/29774;2025/2026;3;12;1
https://www.vivoscuola.it/content/view/full/29774;2025/2026;4;8;1
https://www.vivoscuola.it/content/view/full/29774;2025/2026;5;4;1
https://www.vivoscuola.it/content/view/full/29774;2024/2025;2;8;1
https://www.vivoscuola.it/content/view/full/29774;2024/2025;4;15;3
https://www.vivoscuola.it/content/view/full/29774;2024/2025;2;8;1
https://www.vivoscuola.it/content/view/full/29774;2024/2025;3;8;2
https://www.vivoscuola.it/content/view/full/29774;2024/2025;4;5;1
https://www.vivoscuola.it/content/view/full/29774;2024/2025;5;4;1
https://www.vivoscuola.it/content/view/full/29774;2023/2024;4;12;3
https://www.vivoscuola.it/content/view/full/29774;2023/2024;3;14;1
https://www.vivoscuola.it/content/view/full/29774;2023/2024;4;4;1
https://www.vivoscuola.it/content/view/full/29774;2023/2024;5;4;1
https://www.vivoscuola.it/content/view/full/29776;2025/2026;3;27;3
https://www.vivoscuola.it/content/view/full/29776;2025/2026;3;9;1
https://www.vivoscuola.it/content/view/full/29776;2025/2026;4;3;1
https://www.vivoscuola.it/content/view/full/29776;2025/2026;5;3;1
https://www.vivoscuola.it/content/view/full/29776;2024/2025;3;12;3
https://www.vivoscuola.it/content/view/full/29776;2024/2025;3;4;1
https://www.vivoscuola.it/content/view/full/29776;2024/2025;4;3;1
https://www.vivoscuola.it/content/view/full/29776;2024/2025;5;2;1
https://www.vivoscuola.it/content/view/full/29776;2023/2024;3;15;3
https://www.vivoscuola.it/content/view/full/29776;2023/2024;3;5;1
https://www.vivoscuola.it/content/view/full/29776;2023/2024;4;3;1
https://www.vivoscuola.it/content/view/full/29776;2023/2024;5;3;1
https://www.vivoscuola.it/content/view/full/29777;2025/2026;1;40;2
https://www.vivoscuola.it/content/view/full/29777;2025/2026;2;45;2
https://www.vivoscuola.it/content/view/full/29777;2025/2026;3;29;2
https://www.vivoscuola.it/content/view/full/29777;2025/2026;4;34;2
https://www.vivoscuola.it/content/view/full/29777;2025/2026;5;32;2
https://www.vivoscuola.it/content/view/full/29777;2024/2025;1;51;2
https://www.vivoscuola.it/content/view/full/29777;2024/2025;2;31;2
https://www.vivoscuola.it/content/view/full/29777;2024/2025;3;35;2
https://www.vivoscuola.it/content/view/full/29777;2024/2025;4;33;2
https://www.vivoscuola.it/content/view/full/29777;2024/2025;5;23;1
https://www.vivoscuola.it/content/view/full/29777;2023/2024;1;38;2
https://www.vivoscuola.it/content/view/full/29777;2023/2024;2;36;2
https://www.vivoscuola.it/content/view/full/29777;2023/2024;3;31;2
https://www.vivoscuola.it/content/view/full/29777;2023/2024;4;25;1
https://www.vivoscuola.it/content/view/full/29777;2023/2024;5;29;2
https://www.vivoscuola.it/content/view/full/29778;2025/2026;1;23;1
https://www.vivoscuola.it/content/view/full/29778;2025/2026;2;8;1
https://www.vivoscuola.it/content/view/full/29778;2025/2026;3;32;2
https://www.vivoscuola.it/content/view/full/29778;2025/2026;4;29;2
https://www.vivoscuola.it/content/view/full/29778;2025/2026;5;24;1
https://www.vivoscuola.it/content/view/full/29778;2024/2025;1;13;1
https://www.vivoscuola.it/content/view/full/29778;2024/2025;2;33;2
https://www.vivoscuola.it/content/view/full/29778;2024/2025;3;29;2
https://www.vivoscuola.it/content/view/full/29778;2024/2025;4;22;1
https://www.vivoscuola.it/content/view/full/29778;2024/2025;5;30;2
https://www.vivoscuola.it/content/view/full/29778;2023/2024;1;34;2
https://www.vivoscuola.it/content/view/full/29778;2023/2024;2;32;2
https://www.vivoscuola.it/content/view/full/29778;2023/2024;3;26;1
https://www.vivoscuola.it/content/view/full/29778;2023/2024;4;30;2
https://www.vivoscuola.it/content/view/full/29778;2023/2024;5;30;2
https://www.vivoscuola.it/content/view/full/29780;2025/2026;1;31;2
https://www.vivoscuola.it/content/view/full/29780;2025/2026;2;24;2
https://www.vivoscuola.it/content/view/full/29780;2025/2026;3;29;2
https://www.vivoscuola.it/content/view/full/29780;2025/2026;4;31;2
https://www.vivoscuola.it/content/view/full/29780;2025/2026;5;22;1
https://www.vivoscuola.it/content/view/full/29780;2024/2025;1;26;2
https://www.vivoscuola.it/content/view/full/29780;2024/2025;2;30;2
https://www.vivoscuola.it/content/view/full/29780;2024/2025;3;32;2
https://www.vivoscuola.it/content/view/full/29780;2024/2025;4;23;1
https://www.vivoscuola.it/content/view/full/29780;2024/2025;5;21;1
https://www.vivoscuola.it/content/view/full/29780;2023/2024;1;28;2
https://www.vivoscuola.it/content/view/full/29780;2023/2024;2;39;2
https://www.vivoscuola.it/content/view/full/29780;2023/2024;3;23;1
https://www.vivoscuola.it/content/view/full/29780;2023/2024;4;22;1
https://www.vivoscuola.it/content/view/full/29780;2023/2024;5;14;1
https://www.vivoscuola.it/content/view/full/29779;2025/2026;1;37;2
https://www.vivoscuola.it/content/view/full/29779;2025/2026;2;31;2
https://www.vivoscuola.it/content/view/full/29779;2025/2026;3;34;2
https://www.vivoscuola.it/content/view/full/29779;2025/2026;4;27;2
https://www.vivoscuola.it/content/view/full/29779;2025/2026;5;36;2
https://www.vivoscuola.it/content/view/full/29779;2024/2025;1;38;2
https://www.vivoscuola.it/content/view/full/29779;2024/2025;2;35;2
https://www.vivoscuola.it/content/view/full/29779;2024/2025;3;25;2
https://www.vivoscuola.it/content/view/full/29779;2024/2025;4;36;2
https://www.vivoscuola.it/content/view/full/29779;2024/2025;5;44;3
https://www.vivoscuola.it/content/view/full/29779;2023/2024;1;42;2
https://www.vivoscuola.it/content/view/full/29779;2023/2024;2;30;2
https://www.vivoscuola.it/content/view/full/29779;2023/2024;3;37;2
https://www.vivoscuola.it/content/view/full/29779;2023/2024;4;44;3
https://www.vivoscuola.it/content/view/full/29779;2023/2024;5;28;2
https://www.vivoscuola.it/content/view/full/29811;2025/2026;1;85;5
https://www.vivoscuola.it/content/view/full/29811;2025/2026;2;105;5
https://www.vivoscuola.it/content/view/full/29811;2025/2026;3;80;4
https://www.vivoscuola.it/content/view/full/29811;2025/2026;4;87;5
https://www.vivoscuola.it/content/view/full/29811;2025/2026;5;59;4
https://www.vivoscuola.it/content/view/full/29811;2024/2025;1;104;5
https://www.vivoscuola.it/content/view/full/29811;2024/2025;2;83;4
https://www.vivoscuola.it/content/view/full/29811;2024/2025;3;98;5
https://www.vivoscuola.it/content/view/full/29811;2024/2025;4;65;4
https://www.vivoscuola.it/content/view/full/29811;2024/2025;5;60;3
https://www.vivoscuola.it/content/view/full/29811;2023/2024;1;72;3
https://www.vivoscuola.it/content/view/full/29811;2023/2024;2;96;4
https://www.vivoscuola.it/content/view/full/29811;2023/2024;3;67;4
https://www.vivoscuola.it/content/view/full/29811;2023/2024;4;64;3
https://www.vivoscuola.it/content/view/full/29811;2023/2024;5;82;4
https://www.vivoscuola.it/content/view/full/29810;2025/2026;1;102;6
https://www.vivoscuola.it/content/view/full/29810;2025/2026;3;33;3
https://www.vivoscuola.it/content/view/full/29810;2025/2026;1;87;6
https://www.vivoscuola.it/content/view/full/29810;2025/2026;3;33;3
https://www.vivoscuola.it/content/view/full/29810;2024/2025;1;1099;19
https://www.vivoscuola.it/content/view/full/29810;2024/2025;1;588;15
https://www.vivoscuola.it/content/view/full/29810;2024/2025;3;63;3
https://www.vivoscuola.it/content/view/full/29810;2023/2024;1;552;12
https://www.vivoscuola.it/content/view/full/29810;2023/2024;3;66;3
https://www.vivoscuola.it/content/view/full/29810;2023/2024;1;520;11
https://www.vivoscuola.it/content/view/full/29810;2023/2024;3;65;3
https://www.vivoscuola.it/content/view/full/29812;2025/2026;1;30;5
https://www.vivoscuola.it/content/view/full/29812;2025/2026;1;6;1
https://www.vivoscuola.it/content/view/full/29812;2025/2026;2;1;1
https://www.vivoscuola.it/content/view/full/29812;2025/2026;3;13;1
https://www.vivoscuola.it/content/view/full/29812;2025/2026;4;20;1
https://www.vivoscuola.it/content/view/full/29812;2025/2026;5;15;1
https://www.vivoscuola.it/content/view/full/29812;2024/2025;1;15;5
https://www.vivoscuola.it/content/view/full/29812;2024/2025;1;3;1
https://www.vivoscuola.it/content/view/full/29812;2024/2025;2;4;1
https://www.vivoscuola.it/content/view/full/29812;2024/2025;3;19;1
https://www.vivoscuola.it/content/view/full/29812;2024/2025;4;21;1
https://www.vivoscuola.it/content/view/full/29812;2024/2025;5;11;1
https://www.vivoscuola.it/content/view/full/29812;2023/2024;1;10;5
https://www.vivoscuola.it/content/view/full/29812;2023/2024;1;2;1
https://www.vivoscuola.it/content/view/full/29812;2023/2024;2;3;1
https://www.vivoscuola.it/content/view/full/29812;2023/2024;3;20;1
https://www.vivoscuola.it/content/view/full/29812;2023/2024;4;28;1
https://www.vivoscuola.it/content/view/full/29812;2023/2024;5;12;1
https://www.vivoscuola.it/content/view/full/29813;2025/2026;1;61;3
https://www.vivoscuola.it/content/view/full/29813;2025/2026;2;54;3
https://www.vivoscuola.it/content/view/full/29813;2025/2026;3;42;3
https://www.vivoscuola.it/content/view/full/29813;2025/2026;4;51;3
https://www.vivoscuola.it/content/view/full/29813;2025/2026;5;45;3
https://www.vivoscuola.it/content/view/full/29813;2024/2025;1;59;3
https://www.vivoscuola.it/content/view/full/29813;2024/2025;2;55;3
https://www.vivoscuola.it/content/view/full/29813;2024/2025;3;51;3
https://www.vivoscuola.it/content/view/full/29813;2024/2025;4;49;3
https://www.vivoscuola.it/content/view/full/29813;2024/2025;5;40;3
https://www.vivoscuola.it/content/view/full/29813;2023/2024;1;68;3
https://www.vivoscuola.it/content/view/full/29813;2023/2024;2;59;3
https://www.vivoscuola.it/content/view/full/29813;2023/2024;3;52;3
https://www.vivoscuola.it/content/view/full/29813;2023/2024;4;40;3
https://www.vivoscuola.it/content/view/full/29813;2023/2024;5;82;4
https://www.vivoscuola.it/content/view/full/29814;2025/2026;1;4;2
https://www.vivoscuola.it/content/view/full/29814;2025/2026;3;30;3
https://www.vivoscuola.it/content/view/full/29814;2025/2026;1;2;1
https://www.vivoscuola.it/content/view/full/29814;2025/2026;2;2;1
https://www.vivoscuola.it/content/view/full/29814;2025/2026;3;10;1
https://www.vivoscuola.it/content/view/full/29814;2025/2026;4;9;1
https://www.vivoscuola.it/content/view/full/29814;2025/2026;5;6;1
https://www.vivoscuola.it/content/view/full/29814;2024/2025;1;10;2
https://www.vivoscuola.it/content/view/full/29814;2024/2025;3;30;3
https://www.vivoscuola.it/content/view/full/29814;2024/2025;1;5;1
https://www.vivoscuola.it/content/view/full/29814;2024/2025;2;4;1
https://www.vivoscuola.it/content/view/full/29814;2024/2025;3;10;1
https://www.vivoscuola.it/content/view/full/29814;2024/2025;4;13;1
https://www.vivoscuola.it/content/view/full/29814;2024/2025;5;5;1
https://www.vivoscuola.it/content/view/full/29814;2023/2024;1;10;2
https://www.vivoscuola.it/content/view/full/29814;2023/2024;3;45;3
https://www.vivoscuola.it/content/view/full/29814;2023/2024;1;5;1
https://www.vivoscuola.it/content/view/full/29814;2023/2024;2;3;1
https://www.vivoscuola.it/content/view/full/29814;2023/2024;3;15;1
https://www.vivoscuola.it/content/view/full/29814;2023/2024;4;13;1
https://www.vivoscuola.it/content/view/full/29814;2023/2024;5;3;1
https://www.vivoscuola.it/content/view/full/29668;2025/2026;1;13;1
https://www.vivoscuola.it/content/view/full/29668;2025/2026;2;18;1
https://www.vivoscuola.it/content/view/full/29668;2025/2026;3;15;1
https://www.vivoscuola.it/content/view/full/29668;2025/2026;4;20;1
https://www.vivoscuola.it/content/view/full/29668;2025/2026;5;14;1
https://www.vivoscuola.it/content/view/full/29668;2024/2025;1;18;1
https://www.vivoscuola.it/content/view/full/29668;2024/2025;2;12;1
https://www.vivoscuola.it/content/view/full/29668;2024/2025;3;21;1
https://www.vivoscuola.it/content/view/full/29668;2024/2025;4;13;1
https://www.vivoscuola.it/content/view/full/29668;2024/2025;5;12;1
https://www.vivoscuola.it/content/view/full/29668;2023/2024;1;13;1
https://www.vivoscuola.it/content/view/full/29668;2023/2024;2;18;1
https://www.vivoscuola.it/content/view/full/29668;2023/2024;3;14;1
https://www.vivoscuola.it/content/view/full/29668;2023/2024;4;12;1
https://www.vivoscuola.it/content/view/full/29668;2023/2024;5;18;1
https://www.vivoscuola.it/content/view/full/29670;2025/2026;1;6;1
https://www.vivoscuola.it/content/view/full/29670;2025/2026;2;4;1
https://www.vivoscuola.it/content/view/full/29670;2025/2026;3;11;1
https://www.vivoscuola.it/content/view/full/29670;2025/2026;4;7;1
https://www.vivoscuola.it/content/view/full/29670;2025/2026;5;11;1
https://www.vivoscuola.it/content/view/full/29670;2024/2025;1;4;1
https://www.vivoscuola.it/content/view/full/29670;2024/2025;2;12;1
https://www.vivoscuola.it/content/view/full/29670;2024/2025;3;7;1
https://www.vivoscuola.it/content/view/full/29670;2024/2025;4;13;1
https://www.vivoscuola.it/content/view/full/29670;2024/2025;5;8;1
https://www.vivoscuola.it/content/view/full/29670;2023/2024;1;11;1
https://www.vivoscuola.it/content/view/full/29670;2023/2024;2;8;1
https://www.vivoscuola.it/content/view/full/29670;2023/2024;3;13;1
https://www.vivoscuola.it/content/view/full/29670;2023/2024;4;8;1
https://www.vivoscuola.it/content/view/full/29670;2023/2024;5;13;1
https://www.vivoscuola.it/content/view/full/29671;2025/2026;1;25;2
https://www.vivoscuola.it/content/view/full/29671;2025/2026;2;25;2
https://www.vivoscuola.it/content/view/full/29671;2025/2026;3;40;2
https://www.vivoscuola.it/content/view/full/29671;2025/2026;4;30;2
https://www.vivoscuola.it/content/view/full/29671;2025/2026;5;39;2
https://www.vivoscuola.it/content/view/full/29671;2024/2025;1;26;2
https://www.vivoscuola.it/content/view/full/29671;2024/2025;2;39;2
https://www.vivoscuola.it/content/view/full/29671;2024/2025;3;29;2
https://www.vivoscuola.it/content/view/full/29671;2024/2025;4;37;2
https://www.vivoscuola.it/content/view/full/29671;2024/2025;5;36;2
https://www.vivoscuola.it/content/view/full/29671;2023/2024;1;41;2
https://www.vivoscuola.it/content/view/full/29671;2023/2024;2;30;2
https://www.vivoscuola.it/content/view/full/29671;2023/2024;3;37;2
https://www.vivoscuola.it/content/view/full/29671;2023/2024;4;34;2
https://www.vivoscuola.it/content/view/full/29671;2023/2024;5;34;2
https://www.vivoscuola.it/content/view/full/29669;2025/2026;1;12;1
https://www.vivoscuola.it/content/view/full/29669;2025/2026;2;11;1
https://www.vivoscuola.it/content/view/full/29669;2025/2026;3;16;1
https://www.vivoscuola.it/content/view/full/29669;2025/2026;4;15;1
https://www.vivoscuola.it/content/view/full/29669;2025/2026;5;21;1
https://www.vivoscuola.it/content/view/full/29669;2024/2025;1;11;1
https://www.vivoscuola.it/content/view/full/29669;2024/2025;2;17;1
https://www.vivoscuola.it/content/view/full/29669;2024/2025;3;16;1
https://www.vivoscuola.it/content/view/full/29669;2024/2025;4;22;1
https://www.vivoscuola.it/content/view/full/29669;2024/2025;5;15;1
https://www.vivoscuola.it/content/view/full/29669;2023/2024;1;17;1
https://www.vivoscuola.it/content/view/full/29669;2023/2024;2;17;1
https://www.vivoscuola.it/content/view/full/29669;2023/2024;3;21;1
https://www.vivoscuola.it/content/view/full/29669;2023/2024;4;15;1
https://www.vivoscuola.it/content/view/full/29669;2023/2024;5;17;1
https://www.vivoscuola.it/content/view/full/29674;2025/2026;1;28;2
https://www.vivoscuola.it/content/view/full/29674;2025/2026;2;31;2
https://www.vivoscuola.it/content/view/full/29674;2025/2026;3;26;1
https://www.vivoscuola.it/content/view/full/29674;2024/2025;1;31;2
https://www.vivoscuola.it/content/view/full/29674;2024/2025;2;26;1
https://www.vivoscuola.it/content/view/full/29674;2024/2025;3;25;1
https://www.vivoscuola.it/content/view/full/29674;2023/2024;1;25;1
https://www.vivoscuola.it/content/view/full/29674;2023/2024;2;25;1
https://www.vivoscuola.it/content/view/full/29674;2023/2024;3;19;1
https://www.vivoscuola.it/content/view/full/29673;2025/2026;1;57;3
https://www.vivoscuola.it/content/view/full/29673;2025/2026;2;61;3
https://www.vivoscuola.it/content/view/full/29673;2025/2026;3;68;3
https://www.vivoscuola.it/content/view/full/29673;2024/2025;1;66;3
https://www.vivoscuola.it/content/view/full/29673;2024/2025;2;68;3
https://www.vivoscuola.it/content/view/full/29673;2024/2025;3;71;3
https://www.vivoscuola.it/content/view/full/29673;2023/2024;1;69;3
https://www.vivoscuola.it/content/view/full/29673;2023/2024;2;67;3
https://www.vivoscuola.it/content/view/full/29673;2023/2024;3;73;3
https://www.vivoscuola.it/content/view/full/29672;2025/2026;1;8;1
https://www.vivoscuola.it/content/view/full/29672;2025/2026;2;16;1
https://www.vivoscuola.it/content/view/full/29672;2025/2026;3;15;1
https://www.vivoscuola.it/content/view/full/29672;2025/2026;4;16;1
https://www.vivoscuola.it/content/view/full/29672;2025/2026;5;13;1
https://www.vivoscuola.it/content/view/full/29672;2024/2025;1;16;1
https://www.vivoscuola.it/content/view/full/29672;2024/2025;2;15;1
https://www.vivoscuola.it/content/view/full/29672;2024/2025;3;16;1
https://www.vivoscuola.it/content/view/full/29672;2024/2025;4;14;1
https://www.vivoscuola.it/content/view/full/29672;2024/2025;5;10;1
https://www.vivoscuola.it/content/view/full/29672;2023/2024;1;16;1
https://www.vivoscuola.it/content/view/full/29672;2023/2024;2;17;1
https://www.vivoscuola.it/content/view/full/29672;2023/2024;3;15;1
https://www.vivoscuola.it/content/view/full/29672;2023/2024;4;10;1
https://www.vivoscuola.it/content/view/full/29672;2023/2024;5;12;1
https://www.vivoscuola.it/content/view/full/29269;2025/2026;1;51;3
https://www.vivoscuola.it/content/view/full/29269;2025/2026;2;51;2
https://www.vivoscuola.it/content/view/full/29269;2025/2026;3;61;4
https://www.vivoscuola.it/content/view/full/29269;2025/2026;4;35;2
https://www.vivoscuola.it/content/view/full/29269;2024/2025;1;52;2
https://www.vivoscuola.it/content/view/full/29269;2024/2025;2;63;4
https://www.vivoscuola.it/content/view/full/29269;2024/2025;3;44;2
https://www.vivoscuola.it/content/view/full/29269;2024/2025;4;25;2
https://www.vivoscuola.it/content/view/full/29269;2023/2024;1;66;3
https://www.vivoscuola.it/content/view/full/29269;2023/2024;2;41;2
https://www.vivoscuola.it/content/view/full/29269;2023/2024;3;55;3
https://www.vivoscuola.it/content/view/full/29269;2023/2024;4;36;2
https://www.vivoscuola.it/content/view/full/170205;2025/2026;5;32;2
https://www.vivoscuola.it/content/view/full/170205;2024/2025;5;51;2
https://www.vivoscuola.it/content/view/full/29604;2025/2026;1;90;4
https://www.vivoscuola.it/content/view/full/29604;2025/2026;2;91;4
https://www.vivoscuola.it/content/view/full/29604;2025/2026;3;90;4
https://www.vivoscuola.it/content/view/full/29604;2024/2025;1;90;4
https://www.vivoscuola.it/content/view/full/29604;2024/2025;2;89;4
https://www.vivoscuola.it/content/view/full/29604;2024/2025;3;89;4
https://www.vivoscuola.it/content/view/full/29604;2023/2024;1;89;4
https://www.vivoscuola.it/content/view/full/29604;2023/2024;2;85;4
https://www.vivoscuola.it/content/view/full/29604;2023/2024;3;118;5
https://www.vivoscuola.it/content/view/full/29284;2025/2026;4;17;3
https://www.vivoscuola.it/content/view/full/29284;2025/2026;2;23;3
https://www.vivoscuola.it/content/view/full/29284;2025/2026;3;22;3
https://www.vivoscuola.it/content/view/full/29284;2025/2026;2;27;3
https://www.vivoscuola.it/content/view/full/29284;2025/2026;3;22;3
https://www.vivoscuola.it/content/view/full/29284;2025/2026;4;17;3
https://www.vivoscuola.it/content/view/full/29284;2024/2025;3;58;6
https://www.vivoscuola.it/content/view/full/29284;2024/2025;3;57;6
https://www.vivoscuola.it/content/view/full/29284;2023/2024;3;72;6
https://www.vivoscuola.it/content/view/full/29284;2023/2024;3;64;6
https://www.vivoscuola.it/content/view/full/29602;2025/2026;1;80;4
https://www.vivoscuola.it/content/view/full/29602;2025/2026;2;69;3
https://www.vivoscuola.it/content/view/full/29602;2025/2026;3;88;4
https://www.vivoscuola.it/content/view/full/29602;2025/2026;4;76;3
https://www.vivoscuola.it/content/view/full/29602;2025/2026;5;88;4
https://www.vivoscuola.it/content/view/full/29602;2024/2025;1;69;3
https://www.vivoscuola.it/content/view/full/29602;2024/2025;2;85;4
https://www.vivoscuola.it/content/view/full/29602;2024/2025;3;76;3
https://www.vivoscuola.it/content/view/full/29602;2024/2025;4;89;4
https://www.vivoscuola.it/content/view/full/29602;2024/2025;5;86;4
https://www.vivoscuola.it/content/view/full/29602;2023/2024;1;84;4
https://www.vivoscuola.it/content/view/full/29602;2023/2024;2;77;3
https://www.vivoscuola.it/content/view/full/29602;2023/2024;3;87;4
https://www.vivoscuola.it/content/view/full/29602;2023/2024;4;84;4
https://www.vivoscuola.it/content/view/full/29602;2023/2024;5;81;4
https://www.vivoscuola.it/content/view/full/29283;2025/2026;1;60;3
https://www.vivoscuola.it/content/view/full/29283;2025/2026;2;82;4
https://www.vivoscuola.it/content/view/full/29283;2025/2026;3;80;4
https://www.vivoscuola.it/content/view/full/29283;2025/2026;4;52;2
https://www.vivoscuola.it/content/view/full/29283;2024/2025;1;93;4
https://www.vivoscuola.it/content/view/full/29283;2024/2025;2;94;4
https://www.vivoscuola.it/content/view/full/29283;2024/2025;3;79;4
https://www.vivoscuola.it/content/view/full/29283;2024/2025;4;46;3
https://www.vivoscuola.it/content/view/full/29283;2023/2024;1;118;5
https://www.vivoscuola.it/content/view/full/29283;2023/2024;2;89;4
https://www.vivoscuola.it/content/view/full/29283;2023/2024;3;78;4
https://www.vivoscuola.it/content/view/full/29283;2023/2024;4;61;3
https://www.vivoscuola.it/content/view/full/29283;2023/2024;5;44;2
https://www.vivoscuola.it/content/view/full/29441;2025/2026;1;30;2
https://www.vivoscuola.it/content/view/full/29441;2025/2026;2;23;2
https://www.vivoscuola.it/content/view/full/29441;2025/2026;3;18;1
https://www.vivoscuola.it/content/view/full/29441;2025/2026;4;26;1
https://www.vivoscuola.it/content/view/full/29441;2025/2026;5;19;1
https://www.vivoscuola.it/content/view/full/29441;2024/2025;1;24;2
https://www.vivoscuola.it/content/view/full/29441;2024/2025;2;17;1
https://www.vivoscuola.it/content/view/full/29441;2024/2025;3;26;1
https://www.vivoscuola.it/content/view/full/29441;2024/2025;4;19;1
https://www.vivoscuola.it/content/view/full/29441;2024/2025;5;19;1
https://www.vivoscuola.it/content/view/full/29441;2023/2024;1;16;1
https://www.vivoscuola.it/content/view/full/29441;2023/2024;2;27;1
https://www.vivoscuola.it/content/view/full/29441;2023/2024;3;19;1
https://www.vivoscuola.it/content/view/full/29441;2023/2024;4;19;1
https://www.vivoscuola.it/content/view/full/29441;2023/2024;5;25;2
https://www.vivoscuola.it/content/view/full/29954;2025/2026;0;17;0
https://www.vivoscuola.it/content/view/full/29954;2024/2025;0;22;0
https://www.vivoscuola.it/content/view/full/29954;2023/2024;0;18;0
https://www.vivoscuola.it/content/view/full/29603;2025/2026;1;18;1
https://www.vivoscuola.it/content/view/full/29603;2025/2026;2;11;1
https://www.vivoscuola.it/content/view/full/29603;2025/2026;3;16;1
https://www.vivoscuola.it/content/view/full/29603;2025/2026;4;15;1
https://www.vivoscuola.it/content/view/full/29603;2025/2026;5;16;1
https://www.vivoscuola.it/content/view/full/29603;2024/2025;1;11;1
https://www.vivoscuola.it/content/view/full/29603;2024/2025;2;17;1
https://www.vivoscuola.it/content/view/full/29603;2024/2025;3;15;1
https://www.vivoscuola.it/content/view/full/29603;2024/2025;4;16;1
https://www.vivoscuola.it/content/view/full/29603;2024/2025;5;13;1
https://www.vivoscuola.it/content/view/full/29603;2023/2024;1;17;1
https://www.vivoscuola.it/content/view/full/29603;2023/2024;2;13;1
https://www.vivoscuola.it/content/view/full/29603;2023/2024;3;15;1
https://www.vivoscuola.it/content/view/full/29603;2023/2024;4;13;1
https://www.vivoscuola.it/content/view/full/29603;2023/2024;5;11;1
https://www.vivoscuola.it/content/view/full/29442;2025/2026;1;26;2
https://www.vivoscuola.it/content/view/full/29442;2025/2026;2;27;2
https://www.vivoscuola.it/content/view/full/29442;2025/2026;3;19;1
https://www.vivoscuola.it/content/view/full/29442;2025/2026;4;19;1
https://www.vivoscuola.it/content/view/full/29442;2025/2026;5;23;2
https://www.vivoscuola.it/content/view/full/29442;2024/2025;1;25;2
https://www.vivoscuola.it/content/view/full/29442;2024/2025;2;20;1
https://www.vivoscuola.it/content/view/full/29442;2024/2025;3;20;1
https://www.vivoscuola.it/content/view/full/29442;2024/2025;4;25;2
https://www.vivoscuola.it/content/view/full/29442;2024/2025;5;30;2
https://www.vivoscuola.it/content/view/full/29442;2023/2024;1;16;1
https://www.vivoscuola.it/content/view/full/29442;2023/2024;2;19;1
https://www.vivoscuola.it/content/view/full/29442;2023/2024;3;26;2
https://www.vivoscuola.it/content/view/full/29442;2023/2024;4;29;2
https://www.vivoscuola.it/content/view/full/29442;2023/2024;5;26;2
https://www.vivoscuola.it/content/view/full/30132;2025/2026;0;36;0
https://www.vivoscuola.it/content/view/full/30132;2024/2025;0;28;0
https://www.vivoscuola.it/content/view/full/30132;2023/2024;0;29;0
https://www.vivoscuola.it/content/view/full/29340;2025/2026;0;83;0
https://www.vivoscuola.it/content/view/full/29340;2024/2025;0;85;0
https://www.vivoscuola.it/content/view/full/29340;2023/2024;0;90;0
https://www.vivoscuola.it/content/view/full/30062;2025/2026;0;28;0
https://www.vivoscuola.it/content/view/full/30062;2024/2025;0;44;0
https://www.vivoscuola.it/content/view/full/30062;2023/2024;0;54;0
https://www.vivoscuola.it/content/view/full/29443;2025/2026;1;31;2
https://www.vivoscuola.it/content/view/full/29443;2025/2026;2;30;2
https://www.vivoscuola.it/content/view/full/29443;2025/2026;3;32;2
https://www.vivoscuola.it/content/view/full/29443;2025/2026;4;20;1
https://www.vivoscuola.it/content/view/full/29443;2025/2026;5;27;2
https://www.vivoscuola.it/content/view/full/29443;2024/2025;1;29;2
https://www.vivoscuola.it/content/view/full/29443;2024/2025;2;32;2
https://www.vivoscuola.it/content/view/full/29443;2024/2025;3;22;1
https://www.vivoscuola.it/content/view/full/29443;2024/2025;4;29;2
https://www.vivoscuola.it/content/view/full/29443;2024/2025;5;36;2
https://www.vivoscuola.it/content/view/full/29443;2023/2024;1;32;2
https://www.vivoscuola.it/content/view/full/29443;2023/2024;2;21;1
https://www.vivoscuola.it/content/view/full/29443;2023/2024;3;28;2
https://www.vivoscuola.it/content/view/full/29443;2023/2024;4;35;2
https://www.vivoscuola.it/content/view/full/29443;2023/2024;5;21;1
https://www.vivoscuola.it/content/view/full/29444;2025/2026;1;79;4
https://www.vivoscuola.it/content/view/full/29444;2025/2026;2;64;3
https://www.vivoscuola.it/content/view/full/29444;2025/2026;3;81;4
https://www.vivoscuola.it/content/view/full/29444;2024/2025;1;62;3
https://www.vivoscuola.it/content/view/full/29444;2024/2025;2;79;4
https://www.vivoscuola.it/content/view/full/29444;2024/2025;3;55;3
https://www.vivoscuola.it/content/view/full/29444;2023/2024;1;79;4
https://www.vivoscuola.it/content/view/full/29444;2023/2024;2;54;3
https://www.vivoscuola.it/content/view/full/29444;2023/2024;3;76;4
https://www.vivoscuola.it/content/view/full/29342;2025/2026;0;45;0
https://www.vivoscuola.it/content/view/full/29342;2024/2025;0;39;0
https://www.vivoscuola.it/content/view/full/29342;2023/2024;0;37;0
https://www.vivoscuola.it/content/view/full/29346;2025/2026;0;62;0
https://www.vivoscuola.it/content/view/full/29346;2024/2025;0;66;0
https://www.vivoscuola.it/content/view/full/29346;2023/2024;0;66;0
https://www.vivoscuola.it/content/view/full/29341;2025/2026;0;58;0
https://www.vivoscuola.it/content/view/full/29341;2024/2025;0;50;0
https://www.vivoscuola.it/content/view/full/29341;2023/2024;0;52;0
https://www.vivoscuola.it/content/view/full/29343;2025/2026;0;40;0
https://www.vivoscuola.it/content/view/full/29343;2024/2025;0;38;0
https://www.vivoscuola.it/content/view/full/29343;2023/2024;0;48;0
https://www.vivoscuola.it/content/view/full/29344;2025/2026;0;68;0
https://www.vivoscuola.it/content/view/full/29344;2024/2025;0;66;0
https://www.vivoscuola.it/content/view/full/29344;2023/2024;0;72;0
https://www.vivoscuola.it/content/view/full/29345;2025/2026;0;53;0
https://www.vivoscuola.it/content/view/full/29345;2024/2025;0;81;0
https://www.vivoscuola.it/content/view/full/29345;2023/2024;0;88;0
https://www.vivoscuola.it/content/view/full/29347;2025/2026;0;64;0
https://www.vivoscuola.it/content/view/full/29347;2024/2025;0;69;0
https://www.vivoscuola.it/content/view/full/29347;2023/2024;0;64;0
https://www.vivoscuola.it/content/view/full/29791;2025/2026;1;156;13
https://www.vivoscuola.it/content/view/full/29791;2025/2026;3;25;1
https://www.vivoscuola.it/content/view/full/29791;2025/2026;1;130;12
https://www.vivoscuola.it/content/view/full/29791;2025/2026;3;25;1
https://www.vivoscuola.it/content/view/full/29791;2024/2025;1;336;6
https://www.vivoscuola.it/content/view/full/29791;2024/2025;3;25;1
https://www.vivoscuola.it/content/view/full/29791;2024/2025;1;235;5
https://www.vivoscuola.it/content/view/full/29791;2024/2025;3;25;1
https://www.vivoscuola.it/content/view/full/29791;2023/2024;1;205;5
https://www.vivoscuola.it/content/view/full/29791;2023/2024;3;20;1
https://www.vivoscuola.it/content/view/full/29791;2023/2024;1;222;5
https://www.vivoscuola.it/content/view/full/29791;2023/2024;3;20;1
https://www.vivoscuola.it/content/view/full/29794;2025/2026;4;18;3
https://www.vivoscuola.it/content/view/full/29794;2025/2026;3;5;1
https://www.vivoscuola.it/content/view/full/29794;2025/2026;4;6;1
https://www.vivoscuola.it/content/view/full/29794;2025/2026;5;5;1
https://www.vivoscuola.it/content/view/full/29794;2024/2025;4;30;3
https://www.vivoscuola.it/content/view/full/29794;2024/2025;3;13;2
https://www.vivoscuola.it/content/view/full/29794;2024/2025;4;10;3
https://www.vivoscuola.it/content/view/full/29794;2024/2025;5;2;1
https://www.vivoscuola.it/content/view/full/29794;2023/2024;4;21;3
https://www.vivoscuola.it/content/view/full/29794;2023/2024;3;19;1
https://www.vivoscuola.it/content/view/full/29794;2023/2024;4;7;2
https://www.vivoscuola.it/content/view/full/29794;2023/2024;5;8;1
https://www.vivoscuola.it/content/view/full/29792;2025/2026;1;19;1
https://www.vivoscuola.it/content/view/full/29792;2025/2026;2;18;1
https://www.vivoscuola.it/content/view/full/29792;2025/2026;3;19;1
https://www.vivoscuola.it/content/view/full/29792;2025/2026;4;11;1
https://www.vivoscuola.it/content/view/full/29792;2025/2026;5;7;1
https://www.vivoscuola.it/content/view/full/29792;2024/2025;1;19;1
https://www.vivoscuola.it/content/view/full/29792;2024/2025;2;23;1
https://www.vivoscuola.it/content/view/full/29792;2024/2025;3;12;1
https://www.vivoscuola.it/content/view/full/29792;2024/2025;4;8;1
https://www.vivoscuola.it/content/view/full/29792;2024/2025;5;14;1
https://www.vivoscuola.it/content/view/full/29792;2023/2024;1;22;1
https://www.vivoscuola.it/content/view/full/29792;2023/2024;2;16;1
https://www.vivoscuola.it/content/view/full/29792;2023/2024;3;8;1
https://www.vivoscuola.it/content/view/full/29792;2023/2024;4;13;1
https://www.vivoscuola.it/content/view/full/29792;2023/2024;5;17;1
https://www.vivoscuola.it/content/view/full/29793;2025/2026;1;33;2
https://www.vivoscuola.it/content/view/full/29793;2025/2026;2;18;1
https://www.vivoscuola.it/content/view/full/29793;2025/2026;3;27;1
https://www.vivoscuola.it/content/view/full/29793;2025/2026;4;19;1
https://www.vivoscuola.it/content/view/full/29793;2025/2026;5;18;1
https://www.vivoscuola.it/content/view/full/29793;2024/2025;1;21;1
https://www.vivoscuola.it/content/view/full/29793;2024/2025;2;26;1
https://www.vivoscuola.it/content/view/full/29793;2024/2025;3;22;1
https://www.vivoscuola.it/content/view/full/29793;2024/2025;4;17;1
https://www.vivoscuola.it/content/view/full/29793;2024/2025;5;22;1
https://www.vivoscuola.it/content/view/full/29793;2023/2024;1;27;1
https://www.vivoscuola.it/content/view/full/29793;2023/2024;2;24;1
https://www.vivoscuola.it/content/view/full/29793;2023/2024;3;17;1
https://www.vivoscuola.it/content/view/full/29793;2023/2024;4;23;1
https://www.vivoscuola.it/content/view/full/29793;2023/2024;5;21;2
https://www.vivoscuola.it/content/view/full/29795;2025/2026;1;51;2
https://www.vivoscuola.it/content/view/full/29795;2025/2026;2;38;2
https://www.vivoscuola.it/content/view/full/29795;2025/2026;3;37;2
https://www.vivoscuola.it/content/view/full/29795;2025/2026;4;32;2
https://www.vivoscuola.it/content/view/full/29795;2025/2026;5;26;2
https://www.vivoscuola.it/content/view/full/29795;2024/2025;1;52;2
https://www.vivoscuola.it/content/view/full/29795;2024/2025;2;34;2
https://www.vivoscuola.it/content/view/full/29795;2024/2025;3;37;2
https://www.vivoscuola.it/content/view/full/29795;2024/2025;4;28;2
https://www.vivoscuola.it/content/view/full/29795;2024/2025;5;25;2
https://www.vivoscuola.it/content/view/full/29795;2023/2024;1;52;2
https://www.vivoscuola.it/content/view/full/29795;2023/2024;2;39;2
https://www.vivoscuola.it/content/view/full/29795;2023/2024;3;36;2
https://www.vivoscuola.it/content/view/full/29795;2023/2024;4;31;2
https://www.vivoscuola.it/content/view/full/29795;2023/2024;5;35;2
https://www.vivoscuola.it/content/view/full/29796;2025/2026;2;9;1
https://www.vivoscuola.it/content/view/full/29796;2025/2026;3;39;3
https://www.vivoscuola.it/content/view/full/29796;2025/2026;2;9;1
https://www.vivoscuola.it/content/view/full/29796;2025/2026;3;13;1
https://www.vivoscuola.it/content/view/full/29796;2025/2026;4;6;1
https://www.vivoscuola.it/content/view/full/29796;2025/2026;5;3;1
https://www.vivoscuola.it/content/view/full/29796;2024/2025;2;11;1
https://www.vivoscuola.it/content/view/full/29796;2024/2025;3;36;3
https://www.vivoscuola.it/content/view/full/29796;2024/2025;2;11;1
https://www.vivoscuola.it/content/view/full/29796;2024/2025;3;12;1
https://www.vivoscuola.it/content/view/full/29796;2024/2025;4;6;1
https://www.vivoscuola.it/content/view/full/29796;2024/2025;5;2;1
https://www.vivoscuola.it/content/view/full/29796;2023/2024;3;24;3
https://www.vivoscuola.it/content/view/full/29796;2023/2024;3;8;1
https://www.vivoscuola.it/content/view/full/29796;2023/2024;4;4;2
https://www.vivoscuola.it/content/view/full/29796;2023/2024;5;1;1
https://www.vivoscuola.it/content/view/full/29800;2025/2026;1;11;1
https://www.vivoscuola.it/content/view/full/29800;2025/2026;2;21;1
https://www.vivoscuola.it/content/view/full/29800;2025/2026;3;19;1
https://www.vivoscuola.it/content/view/full/29800;2025/2026;4;20;1
https://www.vivoscuola.it/content/view/full/29800;2025/2026;5;15;1
https://www.vivoscuola.it/content/view/full/29800;2024/2025;1;20;1
https://www.vivoscuola.it/content/view/full/29800;2024/2025;2;19;1
https://www.vivoscuola.it/content/view/full/29800;2024/2025;3;20;1
https://www.vivoscuola.it/content/view/full/29800;2024/2025;4;14;1
https://www.vivoscuola.it/content/view/full/29800;2024/2025;5;11;1
https://www.vivoscuola.it/content/view/full/29800;2023/2024;1;27;1
https://www.vivoscuola.it/content/view/full/29800;2023/2024;2;22;1
https://www.vivoscuola.it/content/view/full/29800;2023/2024;3;14;1
https://www.vivoscuola.it/content/view/full/29800;2023/2024;4;10;1
https://www.vivoscuola.it/content/view/full/29800;2023/2024;5;13;1
https://www.vivoscuola.it/content/view/full/29798;2025/2026;1;40;2
https://www.vivoscuola.it/content/view/full/29798;2025/2026;2;45;2
https://www.vivoscuola.it/content/view/full/29798;2025/2026;3;25;1
https://www.vivoscuola.it/content/view/full/29798;2025/2026;4;18;1
https://www.vivoscuola.it/content/view/full/29798;2025/2026;5;24;1
https://www.vivoscuola.it/content/view/full/29798;2024/2025;1;47;2
https://www.vivoscuola.it/content/view/full/29798;2024/2025;2;23;1
https://www.vivoscuola.it/content/view/full/29798;2024/2025;3;20;1
https://www.vivoscuola.it/content/view/full/29798;2024/2025;4;22;1
https://www.vivoscuola.it/content/view/full/29798;2024/2025;5;21;1
https://www.vivoscuola.it/content/view/full/29798;2023/2024;1;23;1
https://www.vivoscuola.it/content/view/full/29798;2023/2024;2;20;1
https://www.vivoscuola.it/content/view/full/29798;2023/2024;3;24;1
https://www.vivoscuola.it/content/view/full/29798;2023/2024;4;23;1
https://www.vivoscuola.it/content/view/full/29798;2023/2024;5;35;2
https://www.vivoscuola.it/content/view/full/29797;2025/2026;1;27;2
https://www.vivoscuola.it/content/view/full/29797;2025/2026;2;21;1
https://www.vivoscuola.it/content/view/full/29797;2025/2026;3;28;2
https://www.vivoscuola.it/content/view/full/29797;2025/2026;4;26;2
https://www.vivoscuola.it/content/view/full/29797;2025/2026;5;18;1
https://www.vivoscuola.it/content/view/full/29797;2024/2025;1;22;1
https://www.vivoscuola.it/content/view/full/29797;2024/2025;2;31;2
https://www.vivoscuola.it/content/view/full/29797;2024/2025;3;27;2
https://www.vivoscuola.it/content/view/full/29797;2024/2025;4;18;1
https://www.vivoscuola.it/content/view/full/29797;2024/2025;5;23;2
https://www.vivoscuola.it/content/view/full/29797;2023/2024;1;34;2
https://www.vivoscuola.it/content/view/full/29797;2023/2024;2;30;2
https://www.vivoscuola.it/content/view/full/29797;2023/2024;3;19;1
https://www.vivoscuola.it/content/view/full/29797;2023/2024;4;24;2
https://www.vivoscuola.it/content/view/full/29797;2023/2024;5;13;1
https://www.vivoscuola.it/content/view/full/29799;2025/2026;1;33;2
https://www.vivoscuola.it/content/view/full/29799;2025/2026;2;32;2
https://www.vivoscuola.it/content/view/full/29799;2025/2026;3;39;2
https://www.vivoscuola.it/content/view/full/29799;2025/2026;4;25;1
https://www.vivoscuola.it/content/view/full/29799;2025/2026;5;18;1
https://www.vivoscuola.it/content/view/full/29799;2024/2025;1;36;2
https://www.vivoscuola.it/content/view/full/29799;2024/2025;2;40;2
https://www.vivoscuola.it/content/view/full/29799;2024/2025;3;24;1
https://www.vivoscuola.it/content/view/full/29799;2024/2025;4;18;1
https://www.vivoscuola.it/content/view/full/29799;2024/2025;5;19;1
https://www.vivoscuola.it/content/view/full/29799;2023/2024;1;38;2
https://www.vivoscuola.it/content/view/full/29799;2023/2024;2;25;1
https://www.vivoscuola.it/content/view/full/29799;2023/2024;3;20;1
https://www.vivoscuola.it/content/view/full/29799;2023/2024;4;20;1
https://www.vivoscuola.it/content/view/full/29799;2023/2024;5;17;1
https://www.vivoscuola.it/content/view/full/29833;2025/2026;1;276;13
https://www.vivoscuola.it/content/view/full/29833;2025/2026;2;251;12
https://www.vivoscuola.it/content/view/full/29833;2025/2026;3;196;11
https://www.vivoscuola.it/content/view/full/29833;2025/2026;4;182;11
https://www.vivoscuola.it/content/view/full/29833;2025/2026;5;150;9
https://www.vivoscuola.it/content/view/full/29833;2024/2025;1;278;12
https://www.vivoscuola.it/content/view/full/29833;2024/2025;2;204;10
https://www.vivoscuola.it/content/view/full/29833;2024/2025;3;186;11
https://www.vivoscuola.it/content/view/full/29833;2024/2025;4;168;9
https://www.vivoscuola.it/content/view/full/29833;2024/2025;5;125;8
https://www.vivoscuola.it/content/view/full/29833;2023/2024;1;226;10
https://www.vivoscuola.it/content/view/full/29833;2023/2024;2;201;10
https://www.vivoscuola.it/content/view/full/29833;2023/2024;3;172;9
https://www.vivoscuola.it/content/view/full/29833;2023/2024;4;153;8
https://www.vivoscuola.it/content/view/full/29833;2023/2024;5;128;9
https://www.vivoscuola.it/content/view/full/30046;2025/2026;0;207;0
https://www.vivoscuola.it/content/view/full/30046;2024/2025;0;216;0
https://www.vivoscuola.it/content/view/full/30046;2023/2024;0;214;0
https://www.vivoscuola.it/content/view/full/29428;2025/2026;1;59;3
https://www.vivoscuola.it/content/view/full/29428;2025/2026;2;47;2
https://www.vivoscuola.it/content/view/full/29428;2025/2026;3;52;3
https://www.vivoscuola.it/content/view/full/29428;2025/2026;4;58;3
https://www.vivoscuola.it/content/view/full/29428;2025/2026;5;57;3
https://www.vivoscuola.it/content/view/full/29428;2024/2025;1;46;2
https://www.vivoscuola.it/content/view/full/29428;2024/2025;2;52;3
https://www.vivoscuola.it/content/view/full/29428;2024/2025;3;58;3
https://www.vivoscuola.it/content/view/full/29428;2024/2025;4;57;3
https://www.vivoscuola.it/content/view/full/29428;2024/2025;5;65;3
https://www.vivoscuola.it/content/view/full/29428;2023/2024;1;57;3
https://www.vivoscuola.it/content/view/full/29428;2023/2024;2;63;3
https://www.vivoscuola.it/content/view/full/29428;2023/2024;3;58;3
https://www.vivoscuola.it/content/view/full/29428;2023/2024;4;67;3
https://www.vivoscuola.it/content/view/full/29428;2023/2024;5;64;3
https://www.vivoscuola.it/content/view/full/29426;2025/2026;1;33;2
https://www.vivoscuola.it/content/view/full/29426;2025/2026;2;20;1
https://www.vivoscuola.it/content/view/full/29426;2025/2026;3;37;2
https://www.vivoscuola.it/content/view/full/29426;2025/2026;4;29;2
https://www.vivoscuola.it/content/view/full/29426;2025/2026;5;36;2
https://www.vivoscuola.it/content/view/full/29426;2024/2025;1;21;1
https://www.vivoscuola.it/content/view/full/29426;2024/2025;2;38;2
https://www.vivoscuola.it/content/view/full/29426;2024/2025;3;30;2
https://www.vivoscuola.it/content/view/full/29426;2024/2025;4;37;2
https://www.vivoscuola.it/content/view/full/29426;2024/2025;5;39;2
https://www.vivoscuola.it/content/view/full/29426;2023/2024;1;37;2
https://www.vivoscuola.it/content/view/full/29426;2023/2024;2;28;2
https://www.vivoscuola.it/content/view/full/29426;2023/2024;3;37;2
https://www.vivoscuola.it/content/view/full/29426;2023/2024;4;36;2
https://www.vivoscuola.it/content/view/full/29426;2023/2024;5;36;2
https://www.vivoscuola.it/content/view/full/29834;2025/2026;1;42;3
https://www.vivoscuola.it/content/view/full/29834;2025/2026;3;160;9
https://www.vivoscuola.it/content/view/full/29834;2025/2026;1;14;1
https://www.vivoscuola.it/content/view/full/29834;2025/2026;2;11;2
https://www.vivoscuola.it/content/view/full/29834;2025/2026;3;37;3
https://www.vivoscuola.it/content/view/full/29834;2025/2026;4;25;3
https://www.vivoscuola.it/content/view/full/29834;2025/2026;5;16;2
https://www.vivoscuola.it/content/view/full/29834;2024/2025;1;30;2
https://www.vivoscuola.it/content/view/full/29834;2024/2025;3;129;6
https://www.vivoscuola.it/content/view/full/29834;2024/2025;1;15;1
https://www.vivoscuola.it/content/view/full/29834;2024/2025;2;15;1
https://www.vivoscuola.it/content/view/full/29834;2024/2025;3;43;2
https://www.vivoscuola.it/content/view/full/29834;2024/2025;4;36;2
https://www.vivoscuola.it/content/view/full/29834;2024/2025;5;23;2
https://www.vivoscuola.it/content/view/full/29834;2023/2024;1;16;2
https://www.vivoscuola.it/content/view/full/29834;2023/2024;3;140;7
https://www.vivoscuola.it/content/view/full/29834;2023/2024;1;8;1
https://www.vivoscuola.it/content/view/full/29834;2023/2024;2;14;1
https://www.vivoscuola.it/content/view/full/29834;2023/2024;3;43;2
https://www.vivoscuola.it/content/view/full/29834;2023/2024;4;40;2
https://www.vivoscuola.it/content/view/full/29834;2023/2024;5;17;2
https://www.vivoscuola.it/content/view/full/29427;2025/2026;1;9;1
https://www.vivoscuola.it/content/view/full/29427;2025/2026;2;6;1
https://www.vivoscuola.it/content/view/full/29427;2025/2026;3;9;1
https://www.vivoscuola.it/content/view/full/29427;2025/2026;4;9;1
https://www.vivoscuola.it/content/view/full/29427;2025/2026;5;11;1
https://www.vivoscuola.it/content/view/full/29427;2024/2025;1;7;1
https://www.vivoscuola.it/content/view/full/29427;2024/2025;2;9;1
https://www.vivoscuola.it/content/view/full/29427;2024/2025;3;10;1
https://www.vivoscuola.it/content/view/full/29427;2024/2025;4;11;1
https://www.vivoscuola.it/content/view/full/29427;2024/2025;5;7;1
https://www.vivoscuola.it/content/view/full/29427;2023/2024;1;10;1
https://www.vivoscuola.it/content/view/full/29427;2023/2024;2;10;1
https://www.vivoscuola.it/content/view/full/29427;2023/2024;3;12;1
https://www.vivoscuola.it/content/view/full/29427;2023/2024;4;8;1
https://www.vivoscuola.it/content/view/full/29427;2023/2024;5;12;1
https://www.vivoscuola.it/content/view/full/29429;2025/2026;1;7;1
https://www.vivoscuola.it/content/view/full/29429;2025/2026;2;15;1
https://www.vivoscuola.it/content/view/full/29429;2025/2026;3;15;1
https://www.vivoscuola.it/content/view/full/29429;2025/2026;4;10;1
https://www.vivoscuola.it/content/view/full/29429;2025/2026;5;12;1
https://www.vivoscuola.it/content/view/full/29429;2024/2025;1;16;1
https://www.vivoscuola.it/content/view/full/29429;2024/2025;2;18;1
https://www.vivoscuola.it/content/view/full/29429;2024/2025;3;9;1
https://www.vivoscuola.it/content/view/full/29429;2024/2025;4;13;1
https://www.vivoscuola.it/content/view/full/29429;2024/2025;5;15;1
https://www.vivoscuola.it/content/view/full/29429;2023/2024;1;19;1
https://www.vivoscuola.it/content/view/full/29429;2023/2024;2;10;1
https://www.vivoscuola.it/content/view/full/29429;2023/2024;3;15;1
https://www.vivoscuola.it/content/view/full/29429;2023/2024;4;16;1
https://www.vivoscuola.it/content/view/full/29429;2023/2024;5;13;1
https://www.vivoscuola.it/content/view/full/29430;2025/2026;1;77;4
https://www.vivoscuola.it/content/view/full/29430;2025/2026;2;83;4
https://www.vivoscuola.it/content/view/full/29430;2025/2026;3;74;3
https://www.vivoscuola.it/content/view/full/29430;2024/2025;1;80;4
https://www.vivoscuola.it/content/view/full/29430;2024/2025;2;75;3
https://www.vivoscuola.it/content/view/full/29430;2024/2025;3;84;4
https://www.vivoscuola.it/content/view/full/29430;2023/2024;1;76;3
https://www.vivoscuola.it/content/view/full/29430;2023/2024;2;85;4
https://www.vivoscuola.it/content/view/full/29430;2023/2024;3;91;4
https://www.vivoscuola.it/content/view/full/170194;2025/2026;5;12;1
https://www.vivoscuola.it/content/view/full/170194;2024/2025;5;12;1
https://www.vivoscuola.it/content/view/full/29431;2025/2026;1;43;2
https://www.vivoscuola.it/content/view/full/29431;2025/2026;2;51;3
https://www.vivoscuola.it/content/view/full/29431;2025/2026;3;36;2
https://www.vivoscuola.it/content/view/full/29431;2024/2025;1;51;3
https://www.vivoscuola.it/content/view/full/29431;2024/2025;2;36;2
https://www.vivoscuola.it/content/view/full/29431;2024/2025;3;39;2
https://www.vivoscuola.it/content/view/full/29431;2023/2024;1;33;2
https://www.vivoscuola.it/content/view/full/29431;2023/2024;2;41;2
https://www.vivoscuola.it/content/view/full/29431;2023/2024;3;36;2
https://www.vivoscuola.it/content/view/full/30198;2025/2026;0;44;0
https://www.vivoscuola.it/content/view/full/30198;2024/2025;0;44;0
https://www.vivoscuola.it/content/view/full/30198;2023/2024;0;47;0
https://www.vivoscuola.it/content/view/full/30190;2025/2026;0;53;0
https://www.vivoscuola.it/content/view/full/30190;2024/2025;0;52;0
https://www.vivoscuola.it/content/view/full/30190;2023/2024;0;58;0
https://www.vivoscuola.it/content/view/full/29256;2025/2026;1;18;1
https://www.vivoscuola.it/content/view/full/29256;2025/2026;2;18;2
https://www.vivoscuola.it/content/view/full/29256;2025/2026;3;33;2
https://www.vivoscuola.it/content/view/full/29256;2025/2026;4;16;2
https://www.vivoscuola.it/content/view/full/29256;2024/2025;1;17;1
https://www.vivoscuola.it/content/view/full/29256;2024/2025;2;37;2
https://www.vivoscuola.it/content/view/full/29256;2024/2025;3;21;2
https://www.vivoscuola.it/content/view/full/29256;2024/2025;4;18;2
https://www.vivoscuola.it/content/view/full/29256;2023/2024;1;34;2
https://www.vivoscuola.it/content/view/full/29256;2023/2024;2;21;2
https://www.vivoscuola.it/content/view/full/29256;2023/2024;3;23;2
https://www.vivoscuola.it/content/view/full/29256;2023/2024;4;15;2
https://www.vivoscuola.it/content/view/full/29638;2025/2026;1;6;1
https://www.vivoscuola.it/content/view/full/29638;2025/2026;2;16;1
https://www.vivoscuola.it/content/view/full/29638;2025/2026;3;10;1
https://www.vivoscuola.it/content/view/full/29638;2025/2026;4;11;1
https://www.vivoscuola.it/content/view/full/29638;2025/2026;5;6;1
https://www.vivoscuola.it/content/view/full/29638;2024/2025;1;18;1
https://www.vivoscuola.it/content/view/full/29638;2024/2025;2;10;1
https://www.vivoscuola.it/content/view/full/29638;2024/2025;3;10;1
https://www.vivoscuola.it/content/view/full/29638;2024/2025;4;6;1
https://www.vivoscuola.it/content/view/full/29638;2024/2025;5;6;1
https://www.vivoscuola.it/content/view/full/29638;2023/2024;1;10;1
https://www.vivoscuola.it/content/view/full/29638;2023/2024;2;9;1
https://www.vivoscuola.it/content/view/full/29638;2023/2024;3;6;1
https://www.vivoscuola.it/content/view/full/29638;2023/2024;4;7;1
https://www.vivoscuola.it/content/view/full/29638;2023/2024;5;13;1
https://www.vivoscuola.it/content/view/full/30070;2025/2026;0;11;0
https://www.vivoscuola.it/content/view/full/30070;2024/2025;0;17;0
https://www.vivoscuola.it/content/view/full/30070;2023/2024;0;22;0
https://www.vivoscuola.it/content/view/full/29640;2025/2026;1;72;4
https://www.vivoscuola.it/content/view/full/29640;2025/2026;2;83;4
https://www.vivoscuola.it/content/view/full/29640;2025/2026;3;75;4
https://www.vivoscuola.it/content/view/full/29640;2025/2026;4;77;4
https://www.vivoscuola.it/content/view/full/29640;2025/2026;5;74;4
https://www.vivoscuola.it/content/view/full/29640;2024/2025;1;90;4
https://www.vivoscuola.it/content/view/full/29640;2024/2025;2;75;4
https://www.vivoscuola.it/content/view/full/29640;2024/2025;3;75;4
https://www.vivoscuola.it/content/view/full/29640;2024/2025;4;77;4
https://www.vivoscuola.it/content/view/full/29640;2024/2025;5;77;4
https://www.vivoscuola.it/content/view/full/29640;2023/2024;1;75;4
https://www.vivoscuola.it/content/view/full/29640;2023/2024;2;78;4
https://www.vivoscuola.it/content/view/full/29640;2023/2024;3;74;4
https://www.vivoscuola.it/content/view/full/29640;2023/2024;4;79;4
https://www.vivoscuola.it/content/view/full/29640;2023/2024;5;76;4
https://www.vivoscuola.it/content/view/full/29641;2025/2026;1;7;1
https://www.vivoscuola.it/content/view/full/29641;2025/2026;2;13;1
https://www.vivoscuola.it/content/view/full/29641;2025/2026;3;11;1
https://www.vivoscuola.it/content/view/full/29641;2025/2026;4;7;1
https://www.vivoscuola.it/content/view/full/29641;2025/2026;5;4;1
https://www.vivoscuola.it/content/view/full/29641;2024/2025;1;12;1
https://www.vivoscuola.it/content/view/full/29641;2024/2025;2;11;1
https://www.vivoscuola.it/content/view/full/29641;2024/2025;3;7;1
https://www.vivoscuola.it/content/view/full/29641;2024/2025;4;3;1
https://www.vivoscuola.it/content/view/full/29641;2024/2025;5;15;1
https://www.vivoscuola.it/content/view/full/29641;2023/2024;1;11;1
https://www.vivoscuola.it/content/view/full/29641;2023/2024;2;8;2
https://www.vivoscuola.it/content/view/full/29641;2023/2024;3;3;1
https://www.vivoscuola.it/content/view/full/29641;2023/2024;4;15;1
https://www.vivoscuola.it/content/view/full/29641;2023/2024;5;8;1
https://www.vivoscuola.it/content/view/full/29639;2025/2026;1;1;1
https://www.vivoscuola.it/content/view/full/29639;2025/2026;2;6;1
https://www.vivoscuola.it/content/view/full/29639;2025/2026;3;4;1
https://www.vivoscuola.it/content/view/full/29639;2025/2026;4;3;1
https://www.vivoscuola.it/content/view/full/29639;2024/2025;1;4;1
https://www.vivoscuola.it/content/view/full/29639;2024/2025;2;4;1
https://www.vivoscuola.it/content/view/full/29639;2024/2025;3;3;1
https://www.vivoscuola.it/content/view/full/29639;2024/2025;5;5;1
https://www.vivoscuola.it/content/view/full/29639;2023/2024;1;3;1
https://www.vivoscuola.it/content/view/full/29639;2023/2024;2;3;1
https://www.vivoscuola.it/content/view/full/29639;2023/2024;4;4;1
https://www.vivoscuola.it/content/view/full/29639;2023/2024;5;2;1
https://www.vivoscuola.it/content/view/full/29642;2025/2026;1;97;5
https://www.vivoscuola.it/content/view/full/29642;2025/2026;2;106;5
https://www.vivoscuola.it/content/view/full/29642;2025/2026;3;109;5
https://www.vivoscuola.it/content/view/full/29642;2024/2025;1;100;5
https://www.vivoscuola.it/content/view/full/29642;2024/2025;2;113;5
https://www.vivoscuola.it/content/view/full/29642;2024/2025;3;95;5
https://www.vivoscuola.it/content/view/full/29642;2023/2024;1;108;5
https://www.vivoscuola.it/content/view/full/29642;2023/2024;2;100;5
https://www.vivoscuola.it/content/view/full/29642;2023/2024;3;104;5
https://www.vivoscuola.it/content/view/full/30170;2025/2026;0;21;0
https://www.vivoscuola.it/content/view/full/30170;2024/2025;0;28;0
https://www.vivoscuola.it/content/view/full/30170;2023/2024;0;26;0
https://www.vivoscuola.it/content/view/full/29944;2025/2026;0;129;0
https://www.vivoscuola.it/content/view/full/29944;2024/2025;0;125;0
https://www.vivoscuola.it/content/view/full/29944;2023/2024;0;121;0
https://www.vivoscuola.it/content/view/full/29570;2025/2026;1;58;3
https://www.vivoscuola.it/content/view/full/29570;2025/2026;2;90;4
https://www.vivoscuola.it/content/view/full/29570;2025/2026;3;63;3
https://www.vivoscuola.it/content/view/full/29570;2025/2026;4;83;4
https://www.vivoscuola.it/content/view/full/29570;2025/2026;5;83;4
https://www.vivoscuola.it/content/view/full/29570;2024/2025;1;93;4
https://www.vivoscuola.it/content/view/full/29570;2024/2025;2;65;3
https://www.vivoscuola.it/content/view/full/29570;2024/2025;3;87;4
https://www.vivoscuola.it/content/view/full/29570;2024/2025;4;84;4
https://www.vivoscuola.it/content/view/full/29570;2024/2025;5;69;4
https://www.vivoscuola.it/content/view/full/29570;2023/2024;1;69;3
https://www.vivoscuola.it/content/view/full/29570;2023/2024;2;85;4
https://www.vivoscuola.it/content/view/full/29570;2023/2024;3;82;4
https://www.vivoscuola.it/content/view/full/29570;2023/2024;4;69;4
https://www.vivoscuola.it/content/view/full/29570;2023/2024;5;102;5
https://www.vivoscuola.it/content/view/full/30016;2025/2026;0;238;0
https://www.vivoscuola.it/content/view/full/30016;2024/2025;0;226;0
https://www.vivoscuola.it/content/view/full/30016;2023/2024;0;230;0
https://www.vivoscuola.it/content/view/full/29571;2025/2026;1;25;2
https://www.vivoscuola.it/content/view/full/29571;2025/2026;2;19;1
https://www.vivoscuola.it/content/view/full/29571;2025/2026;3;24;1
https://www.vivoscuola.it/content/view/full/29571;2025/2026;4;26;2
https://www.vivoscuola.it/content/view/full/29571;2025/2026;5;23;1
https://www.vivoscuola.it/content/view/full/29571;2024/2025;1;19;1
https://www.vivoscuola.it/content/view/full/29571;2024/2025;2;22;1
https://www.vivoscuola.it/content/view/full/29571;2024/2025;3;26;1
https://www.vivoscuola.it/content/view/full/29571;2024/2025;4;23;1
https://www.vivoscuola.it/content/view/full/29571;2024/2025;5;28;2
https://www.vivoscuola.it/content/view/full/29571;2023/2024;1;23;1
https://www.vivoscuola.it/content/view/full/29571;2023/2024;2;25;1
https://www.vivoscuola.it/content/view/full/29571;2023/2024;3;24;1
https://www.vivoscuola.it/content/view/full/29571;2023/2024;4;28;2
https://www.vivoscuola.it/content/view/full/29571;2023/2024;5;33;2
https://www.vivoscuola.it/content/view/full/29950;2025/2026;0;26;0
https://www.vivoscuola.it/content/view/full/29950;2024/2025;0;34;0
https://www.vivoscuola.it/content/view/full/29950;2023/2024;0;37;0
https://www.vivoscuola.it/content/view/full/30106;2025/2026;0;84;0
https://www.vivoscuola.it/content/view/full/30106;2024/2025;0;79;0
https://www.vivoscuola.it/content/view/full/30106;2023/2024;0;73;0
https://www.vivoscuola.it/content/view/full/30182;2025/2026;0;134;0
https://www.vivoscuola.it/content/view/full/30182;2024/2025;0;130;0
https://www.vivoscuola.it/content/view/full/30182;2023/2024;0;135;0
https://www.vivoscuola.it/content/view/full/29572;2025/2026;1;85;4
https://www.vivoscuola.it/content/view/full/29572;2025/2026;2;119;6
https://www.vivoscuola.it/content/view/full/29572;2025/2026;3;100;5
https://www.vivoscuola.it/content/view/full/29572;2024/2025;1;117;6
https://www.vivoscuola.it/content/view/full/29572;2024/2025;2;101;5
https://www.vivoscuola.it/content/view/full/29572;2024/2025;3;111;5
https://www.vivoscuola.it/content/view/full/29572;2023/2024;1;100;5
https://www.vivoscuola.it/content/view/full/29572;2023/2024;2;109;5
https://www.vivoscuola.it/content/view/full/29572;2023/2024;3;117;5
https://www.vivoscuola.it/content/view/full/29816;2025/2026;1;83;4
https://www.vivoscuola.it/content/view/full/29816;2025/2026;2;90;5
https://www.vivoscuola.it/content/view/full/29816;2025/2026;3;92;4
https://www.vivoscuola.it/content/view/full/29816;2025/2026;4;63;3
https://www.vivoscuola.it/content/view/full/29816;2025/2026;5;78;5
https://www.vivoscuola.it/content/view/full/29816;2024/2025;1;95;5
https://www.vivoscuola.it/content/view/full/29816;2024/2025;2;106;5
https://www.vivoscuola.it/content/view/full/29816;2024/2025;3;70;3
https://www.vivoscuola.it/content/view/full/29816;2024/2025;4;82;4
https://www.vivoscuola.it/content/view/full/29816;2024/2025;5;57;3
https://www.vivoscuola.it/content/view/full/29816;2023/2024;1;114;6
https://www.vivoscuola.it/content/view/full/29816;2023/2024;2;77;4
https://www.vivoscuola.it/content/view/full/29816;2023/2024;3;84;4
https://www.vivoscuola.it/content/view/full/29816;2023/2024;4;61;3
https://www.vivoscuola.it/content/view/full/29816;2023/2024;5;62;4
https://www.vivoscuola.it/content/view/full/29817;2025/2026;1;122;6
https://www.vivoscuola.it/content/view/full/29817;2025/2026;2;111;6
https://www.vivoscuola.it/content/view/full/29817;2025/2026;3;130;7
https://www.vivoscuola.it/content/view/full/29817;2025/2026;4;139;8
https://www.vivoscuola.it/content/view/full/29817;2025/2026;5;122;9
https://www.vivoscuola.it/content/view/full/29817;2024/2025;1;125;6
https://www.vivoscuola.it/content/view/full/29817;2024/2025;2;127;6
https://www.vivoscuola.it/content/view/full/29817;2024/2025;3;151;8
https://www.vivoscuola.it/content/view/full/29817;2024/2025;4;129;7
https://www.vivoscuola.it/content/view/full/29817;2024/2025;5;113;7
https://www.vivoscuola.it/content/view/full/29817;2023/2024;1;130;6
https://www.vivoscuola.it/content/view/full/29817;2023/2024;2;139;7
https://www.vivoscuola.it/content/view/full/29817;2023/2024;3;161;8
https://www.vivoscuola.it/content/view/full/29817;2023/2024;4;123;7
https://www.vivoscuola.it/content/view/full/29817;2023/2024;5;117;7
https://www.vivoscuola.it/content/view/full/92008;2025/2026;0;19;0
https://www.vivoscuola.it/content/view/full/92008;2024/2025;0;23;0
https://www.vivoscuola.it/content/view/full/92008;2023/2024;0;17;0
https://www.vivoscuola.it/content/view/full/29984;2025/2026;0;58;0
https://www.vivoscuola.it/content/view/full/29984;2024/2025;0;57;0
https://www.vivoscuola.it/content/view/full/29984;2023/2024;0;65;0
https://www.vivoscuola.it/content/view/full/29819;2025/2026;1;53;3
https://www.vivoscuola.it/content/view/full/29819;2025/2026;2;45;3
https://www.vivoscuola.it/content/view/full/29819;2025/2026;3;40;3
https://www.vivoscuola.it/content/view/full/29819;2025/2026;4;37;3
https://www.vivoscuola.it/content/view/full/29819;2025/2026;5;44;3
https://www.vivoscuola.it/content/view/full/29819;2024/2025;1;47;3
https://www.vivoscuola.it/content/view/full/29819;2024/2025;2;44;3
https://www.vivoscuola.it/content/view/full/29819;2024/2025;3;38;3
https://www.vivoscuola.it/content/view/full/29819;2024/2025;4;45;3
https://www.vivoscuola.it/content/view/full/29819;2024/2025;5;44;3
https://www.vivoscuola.it/content/view/full/29819;2023/2024;1;46;3
https://www.vivoscuola.it/content/view/full/29819;2023/2024;2;41;3
https://www.vivoscuola.it/content/view/full/29819;2023/2024;3;45;3
https://www.vivoscuola.it/content/view/full/29819;2023/2024;4;45;3
https://www.vivoscuola.it/content/view/full/29819;2023/2024;5;43;3
https://www.vivoscuola.it/content/view/full/29686;2025/2026;1;53;3
https://www.vivoscuola.it/content/view/full/29686;2025/2026;2;42;2
https://www.vivoscuola.it/content/view/full/29686;2025/2026;3;56;3
https://www.vivoscuola.it/content/view/full/29686;2025/2026;4;45;2
https://www.vivoscuola.it/content/view/full/29686;2025/2026;5;37;2
https://www.vivoscuola.it/content/view/full/29686;2024/2025;1;38;2
https://www.vivoscuola.it/content/view/full/29686;2024/2025;2;58;3
https://www.vivoscuola.it/content/view/full/29686;2024/2025;3;45;2
https://www.vivoscuola.it/content/view/full/29686;2024/2025;4;36;2
https://www.vivoscuola.it/content/view/full/29686;2024/2025;5;47;3
https://www.vivoscuola.it/content/view/full/29686;2023/2024;1;60;3
https://www.vivoscuola.it/content/view/full/29686;2023/2024;2;43;2
https://www.vivoscuola.it/content/view/full/29686;2023/2024;3;33;2
https://www.vivoscuola.it/content/view/full/29686;2023/2024;4;50;3
https://www.vivoscuola.it/content/view/full/29686;2023/2024;5;49;3
https://www.vivoscuola.it/content/view/full/29687;2025/2026;2;15;1
https://www.vivoscuola.it/content/view/full/29687;2025/2026;3;14;1
https://www.vivoscuola.it/content/view/full/29687;2025/2026;4;18;1
https://www.vivoscuola.it/content/view/full/29687;2025/2026;5;20;1
https://www.vivoscuola.it/content/view/full/29687;2024/2025;1;18;1
https://www.vivoscuola.it/content/view/full/29687;2024/2025;2;16;1
https://www.vivoscuola.it/content/view/full/29687;2024/2025;3;18;1
https://www.vivoscuola.it/content/view/full/29687;2024/2025;4;20;1
https://www.vivoscuola.it/content/view/full/29687;2024/2025;5;29;2
https://www.vivoscuola.it/content/view/full/29687;2023/2024;1;17;1
https://www.vivoscuola.it/content/view/full/29687;2023/2024;2;18;1
https://www.vivoscuola.it/content/view/full/29687;2023/2024;3;20;1
https://www.vivoscuola.it/content/view/full/29687;2023/2024;4;29;2
https://www.vivoscuola.it/content/view/full/29687;2023/2024;5;23;1
https://www.vivoscuola.it/content/view/full/29690;2025/2026;1;114;6
https://www.vivoscuola.it/content/view/full/29690;2025/2026;2;127;6
https://www.vivoscuola.it/content/view/full/29690;2025/2026;3;136;6
https://www.vivoscuola.it/content/view/full/29690;2024/2025;1;126;6
https://www.vivoscuola.it/content/view/full/29690;2024/2025;2;133;6
https://www.vivoscuola.it/content/view/full/29690;2024/2025;3;135;6
https://www.vivoscuola.it/content/view/full/29690;2023/2024;1;132;6
https://www.vivoscuola.it/content/view/full/29690;2023/2024;2;136;6
https://www.vivoscuola.it/content/view/full/29690;2023/2024;3;139;7
https://www.vivoscuola.it/content/view/full/29688;2025/2026;1;50;3
https://www.vivoscuola.it/content/view/full/29688;2025/2026;2;39;2
https://www.vivoscuola.it/content/view/full/29688;2025/2026;3;57;3
https://www.vivoscuola.it/content/view/full/29688;2025/2026;4;42;2
https://www.vivoscuola.it/content/view/full/29688;2025/2026;5;40;2
https://www.vivoscuola.it/content/view/full/29688;2024/2025;1;41;2
https://www.vivoscuola.it/content/view/full/29688;2024/2025;2;59;3
https://www.vivoscuola.it/content/view/full/29688;2024/2025;3;43;2
https://www.vivoscuola.it/content/view/full/29688;2024/2025;4;42;2
https://www.vivoscuola.it/content/view/full/29688;2024/2025;5;30;2
https://www.vivoscuola.it/content/view/full/29688;2023/2024;1;57;3
https://www.vivoscuola.it/content/view/full/29688;2023/2024;2;42;2
https://www.vivoscuola.it/content/view/full/29688;2023/2024;3;41;2
https://www.vivoscuola.it/content/view/full/29688;2023/2024;4;28;2
https://www.vivoscuola.it/content/view/full/29688;2023/2024;5;45;2
https://www.vivoscuola.it/content/view/full/29689;2025/2026;1;39;2
https://www.vivoscuola.it/content/view/full/29689;2025/2026;2;25;2
https://www.vivoscuola.it/content/view/full/29689;2025/2026;3;35;2
https://www.vivoscuola.it/content/view/full/29689;2025/2026;4;27;2
https://www.vivoscuola.it/content/view/full/29689;2025/2026;5;37;2
https://www.vivoscuola.it/content/view/full/29689;2024/2025;1;29;2
https://www.vivoscuola.it/content/view/full/29689;2024/2025;2;34;2
https://www.vivoscuola.it/content/view/full/29689;2024/2025;3;27;2
https://www.vivoscuola.it/content/view/full/29689;2024/2025;4;38;2
https://www.vivoscuola.it/content/view/full/29689;2024/2025;5;22;1
https://www.vivoscuola.it/content/view/full/29689;2023/2024;1;34;2
https://www.vivoscuola.it/content/view/full/29689;2023/2024;2;26;2
https://www.vivoscuola.it/content/view/full/29689;2023/2024;3;40;2
https://www.vivoscuola.it/content/view/full/29689;2023/2024;4;21;1
https://www.vivoscuola.it/content/view/full/29689;2023/2024;5;25;2
https://www.vivoscuola.it/content/view/full/29519;2025/2026;1;5;1
https://www.vivoscuola.it/content/view/full/29519;2025/2026;2;6;1
https://www.vivoscuola.it/content/view/full/29519;2025/2026;3;3;1
https://www.vivoscuola.it/content/view/full/29519;2025/2026;4;3;1
https://www.vivoscuola.it/content/view/full/29519;2025/2026;5;7;1
https://www.vivoscuola.it/content/view/full/29519;2024/2025;1;6;1
https://www.vivoscuola.it/content/view/full/29519;2024/2025;2;3;1
https://www.vivoscuola.it/content/view/full/29519;2024/2025;3;3;1
https://www.vivoscuola.it/content/view/full/29519;2024/2025;4;7;1
https://www.vivoscuola.it/content/view/full/29519;2024/2025;5;2;1
https://www.vivoscuola.it/content/view/full/29519;2023/2024;1;3;1
https://www.vivoscuola.it/content/view/full/29519;2023/2024;2;4;1
https://www.vivoscuola.it/content/view/full/29519;2023/2024;3;7;1
https://www.vivoscuola.it/content/view/full/29519;2023/2024;4;2;1
https://www.vivoscuola.it/content/view/full/29519;2023/2024;5;3;1
https://www.vivoscuola.it/content/view/full/29522;2025/2026;1;89;4
https://www.vivoscuola.it/content/view/full/29522;2025/2026;2;93;5
https://www.vivoscuola.it/content/view/full/29522;2025/2026;3;120;5
https://www.vivoscuola.it/content/view/full/29522;2024/2025;1;95;5
https://www.vivoscuola.it/content/view/full/29522;2024/2025;2;121;5
https://www.vivoscuola.it/content/view/full/29522;2024/2025;3;86;4
https://www.vivoscuola.it/content/view/full/29522;2023/2024;1;116;5
https://www.vivoscuola.it/content/view/full/29522;2023/2024;2;86;4
https://www.vivoscuola.it/content/view/full/29522;2023/2024;3;87;4
https://www.vivoscuola.it/content/view/full/29521;2025/2026;1;10;1
https://www.vivoscuola.it/content/view/full/29521;2025/2026;2;7;1
https://www.vivoscuola.it/content/view/full/29521;2025/2026;3;6;1
https://www.vivoscuola.it/content/view/full/29521;2025/2026;4;8;1
https://www.vivoscuola.it/content/view/full/29521;2025/2026;5;11;1
https://www.vivoscuola.it/content/view/full/29521;2024/2025;1;7;1
https://www.vivoscuola.it/content/view/full/29521;2024/2025;2;5;1
https://www.vivoscuola.it/content/view/full/29521;2024/2025;3;8;1
https://www.vivoscuola.it/content/view/full/29521;2024/2025;4;11;1
https://www.vivoscuola.it/content/view/full/29521;2024/2025;5;13;1
https://www.vivoscuola.it/content/view/full/29521;2023/2024;1;5;1
https://www.vivoscuola.it/content/view/full/29521;2023/2024;2;8;1
https://www.vivoscuola.it/content/view/full/29521;2023/2024;3;10;1
https://www.vivoscuola.it/content/view/full/29521;2023/2024;4;13;1
https://www.vivoscuola.it/content/view/full/29521;2023/2024;5;11;1
https://www.vivoscuola.it/content/view/full/29520;2025/2026;1;62;3
https://www.vivoscuola.it/content/view/full/29520;2025/2026;2;71;3
https://www.vivoscuola.it/content/view/full/29520;2025/2026;3;63;3
https://www.vivoscuola.it/content/view/full/29520;2025/2026;4;71;4
https://www.vivoscuola.it/content/view/full/29520;2025/2026;5;57;3
https://www.vivoscuola.it/content/view/full/29520;2024/2025;1;71;3
https://www.vivoscuola.it/content/view/full/29520;2024/2025;2;63;3
https://www.vivoscuola.it/content/view/full/29520;2024/2025;3;71;4
https://www.vivoscuola.it/content/view/full/29520;2024/2025;4;57;3
https://www.vivoscuola.it/content/view/full/29520;2024/2025;5;72;3
https://www.vivoscuola.it/content/view/full/29520;2023/2024;1;60;3
https://www.vivoscuola.it/content/view/full/29520;2023/2024;2;73;4
https://www.vivoscuola.it/content/view/full/29520;2023/2024;3;58;3
https://www.vivoscuola.it/content/view/full/29520;2023/2024;4;72;3
https://www.vivoscuola.it/content/view/full/29520;2023/2024;5;84;4
https://www.vivoscuola.it/content/view/full/29871;2025/2026;1;51;2
https://www.vivoscuola.it/content/view/full/29871;2025/2026;2;40;2
https://www.vivoscuola.it/content/view/full/29871;2025/2026;3;39;2
https://www.vivoscuola.it/content/view/full/29871;2025/2026;4;56;3
https://www.vivoscuola.it/content/view/full/29871;2025/2026;5;27;2
https://www.vivoscuola.it/content/view/full/29871;2024/2025;1;46;2
https://www.vivoscuola.it/content/view/full/29871;2024/2025;2;40;2
https://www.vivoscuola.it/content/view/full/29871;2024/2025;3;61;3
https://www.vivoscuola.it/content/view/full/29871;2024/2025;4;30;2
https://www.vivoscuola.it/content/view/full/29871;2024/2025;5;47;2
https://www.vivoscuola.it/content/view/full/29871;2023/2024;1;45;2
https://www.vivoscuola.it/content/view/full/29871;2023/2024;2;61;3
https://www.vivoscuola.it/content/view/full/29871;2023/2024;3;27;2
https://www.vivoscuola.it/content/view/full/29871;2023/2024;4;45;2
https://www.vivoscuola.it/content/view/full/29871;2023/2024;5;43;2
https://www.vivoscuola.it/content/view/full/29873;2025/2026;1;10;1
https://www.vivoscuola.it/content/view/full/29873;2025/2026;2;19;1
https://www.vivoscuola.it/content/view/full/29873;2025/2026;3;13;1
https://www.vivoscuola.it/content/view/full/29873;2025/2026;5;7;1
https://www.vivoscuola.it/content/view/full/29873;2024/2025;1;19;1
https://www.vivoscuola.it/content/view/full/29873;2024/2025;2;15;1
https://www.vivoscuola.it/content/view/full/29873;2024/2025;4;7;1
https://www.vivoscuola.it/content/view/full/29873;2024/2025;5;8;1
https://www.vivoscuola.it/content/view/full/29873;2023/2024;1;17;1
https://www.vivoscuola.it/content/view/full/29873;2023/2024;3;8;1
https://www.vivoscuola.it/content/view/full/29873;2023/2024;4;8;1
https://www.vivoscuola.it/content/view/full/29873;2023/2024;5;2;1
https://www.vivoscuola.it/content/view/full/29872;2025/2026;1;51;2
https://www.vivoscuola.it/content/view/full/29872;2025/2026;2;56;3
https://www.vivoscuola.it/content/view/full/29872;2025/2026;3;34;2
https://www.vivoscuola.it/content/view/full/29872;2025/2026;4;38;2
https://www.vivoscuola.it/content/view/full/29872;2025/2026;5;35;2
https://www.vivoscuola.it/content/view/full/29872;2024/2025;1;56;3
https://www.vivoscuola.it/content/view/full/29872;2024/2025;2;34;2
https://www.vivoscuola.it/content/view/full/29872;2024/2025;3;38;2
https://www.vivoscuola.it/content/view/full/29872;2024/2025;4;37;2
https://www.vivoscuola.it/content/view/full/29872;2024/2025;5;32;2
https://www.vivoscuola.it/content/view/full/29872;2023/2024;1;41;2
https://www.vivoscuola.it/content/view/full/29872;2023/2024;2;34;2
https://www.vivoscuola.it/content/view/full/29872;2023/2024;3;44;3
https://www.vivoscuola.it/content/view/full/29872;2023/2024;4;33;2
https://www.vivoscuola.it/content/view/full/29872;2023/2024;5;14;1
https://www.vivoscuola.it/content/view/full/29870;2025/2026;1;10;1
https://www.vivoscuola.it/content/view/full/29870;2025/2026;2;16;1
https://www.vivoscuola.it/content/view/full/29870;2025/2026;3;20;1
https://www.vivoscuola.it/content/view/full/29870;2025/2026;4;20;1
https://www.vivoscuola.it/content/view/full/29870;2025/2026;5;20;1
https://www.vivoscuola.it/content/view/full/29870;2024/2025;1;20;1
https://www.vivoscuola.it/content/view/full/29870;2024/2025;2;21;1
https://www.vivoscuola.it/content/view/full/29870;2024/2025;3;22;1
https://www.vivoscuola.it/content/view/full/29870;2024/2025;4;20;1
https://www.vivoscuola.it/content/view/full/29870;2024/2025;5;15;1
https://www.vivoscuola.it/content/view/full/29870;2023/2024;1;24;1
https://www.vivoscuola.it/content/view/full/29870;2023/2024;2;21;1
https://www.vivoscuola.it/content/view/full/29870;2023/2024;3;20;1
https://www.vivoscuola.it/content/view/full/29870;2023/2024;4;15;1
https://www.vivoscuola.it/content/view/full/29870;2023/2024;5;15;1
https://www.vivoscuola.it/content/view/full/29457;2025/2026;1;27;2
https://www.vivoscuola.it/content/view/full/29457;2025/2026;2;24;2
https://www.vivoscuola.it/content/view/full/29457;2025/2026;3;19;1
https://www.vivoscuola.it/content/view/full/29457;2025/2026;4;22;1
https://www.vivoscuola.it/content/view/full/29457;2025/2026;5;27;1
https://www.vivoscuola.it/content/view/full/29457;2024/2025;1;26;2
https://www.vivoscuola.it/content/view/full/29457;2024/2025;2;20;1
https://www.vivoscuola.it/content/view/full/29457;2024/2025;3;23;1
https://www.vivoscuola.it/content/view/full/29457;2024/2025;4;27;1
https://www.vivoscuola.it/content/view/full/29457;2024/2025;5;23;1
https://www.vivoscuola.it/content/view/full/29457;2023/2024;1;21;1
https://www.vivoscuola.it/content/view/full/29457;2023/2024;2;21;1
https://www.vivoscuola.it/content/view/full/29457;2023/2024;3;25;1
https://www.vivoscuola.it/content/view/full/29457;2023/2024;4;23;1
https://www.vivoscuola.it/content/view/full/29457;2023/2024;5;26;1
https://www.vivoscuola.it/content/view/full/29875;2025/2026;1;55;3
https://www.vivoscuola.it/content/view/full/29875;2025/2026;2;60;3
https://www.vivoscuola.it/content/view/full/29875;2025/2026;3;30;2
https://www.vivoscuola.it/content/view/full/29875;2025/2026;4;36;2
https://www.vivoscuola.it/content/view/full/29875;2025/2026;5;34;2
https://www.vivoscuola.it/content/view/full/29875;2024/2025;1;65;3
https://www.vivoscuola.it/content/view/full/29875;2024/2025;2;34;2
https://www.vivoscuola.it/content/view/full/29875;2024/2025;3;39;2
https://www.vivoscuola.it/content/view/full/29875;2024/2025;4;35;2
https://www.vivoscuola.it/content/view/full/29875;2024/2025;5;17;1
https://www.vivoscuola.it/content/view/full/29875;2023/2024;1;44;2
https://www.vivoscuola.it/content/view/full/29875;2023/2024;2;43;3
https://www.vivoscuola.it/content/view/full/29875;2023/2024;3;37;2
https://www.vivoscuola.it/content/view/full/29875;2023/2024;4;16;1
https://www.vivoscuola.it/content/view/full/29875;2023/2024;5;43;2
https://www.vivoscuola.it/content/view/full/29459;2025/2026;1;36;2
https://www.vivoscuola.it/content/view/full/29459;2025/2026;2;41;2
https://www.vivoscuola.it/content/view/full/29459;2025/2026;3;42;2
https://www.vivoscuola.it/content/view/full/29459;2024/2025;1;42;2
https://www.vivoscuola.it/content/view/full/29459;2024/2025;2;42;2
https://www.vivoscuola.it/content/view/full/29459;2024/2025;3;44;2
https://www.vivoscuola.it/content/view/full/29459;2023/2024;1;42;2
https://www.vivoscuola.it/content/view/full/29459;2023/2024;2;44;2
https://www.vivoscuola.it/content/view/full/29459;2023/2024;3;51;2
https://www.vivoscuola.it/content/view/full/29874;2025/2026;1;49;2
https://www.vivoscuola.it/content/view/full/29874;2025/2026;2;48;3
https://www.vivoscuola.it/content/view/full/29874;2025/2026;3;54;3
https://www.vivoscuola.it/content/view/full/29874;2025/2026;4;37;2
https://www.vivoscuola.it/content/view/full/29874;2025/2026;5;51;3
https://www.vivoscuola.it/content/view/full/29874;2024/2025;1;54;3
https://www.vivoscuola.it/content/view/full/29874;2024/2025;2;59;3
https://www.vivoscuola.it/content/view/full/29874;2024/2025;3;42;2
https://www.vivoscuola.it/content/view/full/29874;2024/2025;4;57;3
https://www.vivoscuola.it/content/view/full/29874;2024/2025;5;56;3
https://www.vivoscuola.it/content/view/full/29874;2023/2024;1;64;3
https://www.vivoscuola.it/content/view/full/29874;2023/2024;2;42;2
https://www.vivoscuola.it/content/view/full/29874;2023/2024;3;63;3
https://www.vivoscuola.it/content/view/full/29874;2023/2024;4;57;3
https://www.vivoscuola.it/content/view/full/29874;2023/2024;5;54;3
https://www.vivoscuola.it/content/view/full/29458;2025/2026;1;19;1
https://www.vivoscuola.it/content/view/full/29458;2025/2026;2;8;1
https://www.vivoscuola.it/content/view/full/29458;2025/2026;3;16;1
https://www.vivoscuola.it/content/view/full/29458;2025/2026;4;22;1
https://www.vivoscuola.it/content/view/full/29458;2025/2026;5;22;1
https://www.vivoscuola.it/content/view/full/29458;2024/2025;1;8;1
https://www.vivoscuola.it/content/view/full/29458;2024/2025;2;15;1
https://www.vivoscuola.it/content/view/full/29458;2024/2025;3;22;1
https://www.vivoscuola.it/content/view/full/29458;2024/2025;4;22;1
https://www.vivoscuola.it/content/view/full/29458;2024/2025;5;14;1
https://www.vivoscuola.it/content/view/full/29458;2023/2024;1;16;1
https://www.vivoscuola.it/content/view/full/29458;2023/2024;2;23;1
https://www.vivoscuola.it/content/view/full/29458;2023/2024;3;21;1
https://www.vivoscuola.it/content/view/full/29458;2023/2024;4;14;1
https://www.vivoscuola.it/content/view/full/29458;2023/2024;5;14;1
https://www.vivoscuola.it/content/view/full/30094;2025/2026;0;91;0
https://www.vivoscuola.it/content/view/full/30094;2024/2025;0;95;0
https://www.vivoscuola.it/content/view/full/30094;2023/2024;0;87;0
https://www.vivoscuola.it/content/view/full/30124;2025/2026;0;42;0
https://www.vivoscuola.it/content/view/full/30124;2024/2025;0;45;0
https://www.vivoscuola.it/content/view/full/30124;2023/2024;0;38;0
https://www.vivoscuola.it/content/view/full/30114;2025/2026;0;53;0
https://www.vivoscuola.it/content/view/full/30114;2024/2025;0;50;0
https://www.vivoscuola.it/content/view/full/30114;2023/2024;0;49;0
https://www.vivoscuola.it/content/view/full/30028;2025/2026;0;46;0
https://www.vivoscuola.it/content/view/full/30028;2024/2025;0;51;0
https://www.vivoscuola.it/content/view/full/30028;2023/2024;0;64;0
https://www.vivoscuola.it/content/view/full/29231;2025/2026;1;25;1
https://www.vivoscuola.it/content/view/full/29231;2025/2026;2;9;1
https://www.vivoscuola.it/content/view/full/29231;2025/2026;3;12;1
https://www.vivoscuola.it/content/view/full/29231;2025/2026;4;20;1
https://www.vivoscuola.it/content/view/full/29231;2025/2026;5;15;1
https://www.vivoscuola.it/content/view/full/29231;2024/2025;1;13;1
https://www.vivoscuola.it/content/view/full/29231;2024/2025;2;10;1
https://www.vivoscuola.it/content/view/full/29231;2024/2025;3;23;1
https://www.vivoscuola.it/content/view/full/29231;2024/2025;4;17;1
https://www.vivoscuola.it/content/view/full/29231;2024/2025;5;17;1
https://www.vivoscuola.it/content/view/full/29231;2023/2024;1;15;1
https://www.vivoscuola.it/content/view/full/29231;2023/2024;2;21;1
https://www.vivoscuola.it/content/view/full/29231;2023/2024;3;16;1
https://www.vivoscuola.it/content/view/full/29231;2023/2024;4;18;1
https://www.vivoscuola.it/content/view/full/29231;2023/2024;5;17;1
https://www.vivoscuola.it/content/view/full/29230;2025/2026;1;10;1
https://www.vivoscuola.it/content/view/full/29230;2025/2026;2;18;1
https://www.vivoscuola.it/content/view/full/29230;2025/2026;3;11;1
https://www.vivoscuola.it/content/view/full/29230;2025/2026;4;10;1
https://www.vivoscuola.it/content/view/full/29230;2025/2026;5;9;1
https://www.vivoscuola.it/content/view/full/29230;2024/2025;1;17;1
https://www.vivoscuola.it/content/view/full/29230;2024/2025;2;10;1
https://www.vivoscuola.it/content/view/full/29230;2024/2025;3;13;1
https://www.vivoscuola.it/content/view/full/29230;2024/2025;4;11;1
https://www.vivoscuola.it/content/view/full/29230;2024/2025;5;13;1
https://www.vivoscuola.it/content/view/full/29230;2023/2024;1;7;1
https://www.vivoscuola.it/content/view/full/29230;2023/2024;2;17;1
https://www.vivoscuola.it/content/view/full/29230;2023/2024;3;13;1
https://www.vivoscuola.it/content/view/full/29230;2023/2024;4;11;1
https://www.vivoscuola.it/content/view/full/29230;2023/2024;5;16;1
https://www.vivoscuola.it/content/view/full/29232;2025/2026;1;22;1
https://www.vivoscuola.it/content/view/full/29232;2025/2026;2;13;1
https://www.vivoscuola.it/content/view/full/29232;2025/2026;3;10;1
https://www.vivoscuola.it/content/view/full/29232;2025/2026;4;17;1
https://www.vivoscuola.it/content/view/full/29232;2025/2026;5;12;1
https://www.vivoscuola.it/content/view/full/29232;2024/2025;1;15;1
https://www.vivoscuola.it/content/view/full/29232;2024/2025;2;7;1
https://www.vivoscuola.it/content/view/full/29232;2024/2025;3;15;1
https://www.vivoscuola.it/content/view/full/29232;2024/2025;4;13;1
https://www.vivoscuola.it/content/view/full/29232;2024/2025;5;10;1
https://www.vivoscuola.it/content/view/full/29232;2023/2024;1;7;1
https://www.vivoscuola.it/content/view/full/29232;2023/2024;2;15;1
https://www.vivoscuola.it/content/view/full/29232;2023/2024;3;11;1
https://www.vivoscuola.it/content/view/full/29232;2023/2024;4;10;1
https://www.vivoscuola.it/content/view/full/29236;2025/2026;1;76;4
https://www.vivoscuola.it/content/view/full/29236;2025/2026;2;93;4
https://www.vivoscuola.it/content/view/full/29236;2025/2026;3;76;3
https://www.vivoscuola.it/content/view/full/29236;2024/2025;1;91;4
https://www.vivoscuola.it/content/view/full/29236;2024/2025;2;77;3
https://www.vivoscuola.it/content/view/full/29236;2024/2025;3;106;4
https://www.vivoscuola.it/content/view/full/29236;2023/2024;1;75;3
https://www.vivoscuola.it/content/view/full/29236;2023/2024;2;105;4
https://www.vivoscuola.it/content/view/full/29236;2023/2024;3;107;4
https://www.vivoscuola.it/content/view/full/29235;2025/2026;1;19;1
https://www.vivoscuola.it/content/view/full/29235;2025/2026;2;26;1
https://www.vivoscuola.it/content/view/full/29235;2025/2026;3;27;1
https://www.vivoscuola.it/content/view/full/29235;2025/2026;4;17;1
https://www.vivoscuola.it/content/view/full/29235;2025/2026;5;27;1
https://www.vivoscuola.it/content/view/full/29235;2024/2025;1;27;1
https://www.vivoscuola.it/content/view/full/29235;2024/2025;2;27;1
https://www.vivoscuola.it/content/view/full/29235;2024/2025;3;19;1
https://www.vivoscuola.it/content/view/full/29235;2024/2025;4;26;1
https://www.vivoscuola.it/content/view/full/29235;2024/2025;5;26;1
https://www.vivoscuola.it/content/view/full/29235;2023/2024;1;27;1
https://www.vivoscuola.it/content/view/full/29235;2023/2024;2;15;1
https://www.vivoscuola.it/content/view/full/29235;2023/2024;3;27;1
https://www.vivoscuola.it/content/view/full/29235;2023/2024;4;26;1
https://www.vivoscuola.it/content/view/full/29235;2023/2024;5;23;1
https://www.vivoscuola.it/content/view/full/29413;2025/2026;1;27;2
https://www.vivoscuola.it/content/view/full/29413;2025/2026;2;13;1
https://www.vivoscuola.it/content/view/full/29413;2025/2026;3;21;1
https://www.vivoscuola.it/content/view/full/29413;2025/2026;4;24;1
https://www.vivoscuola.it/content/view/full/29413;2025/2026;5;12;1
https://www.vivoscuola.it/content/view/full/29413;2024/2025;1;16;1
https://www.vivoscuola.it/content/view/full/29413;2024/2025;2;20;1
https://www.vivoscuola.it/content/view/full/29413;2024/2025;3;22;1
https://www.vivoscuola.it/content/view/full/29413;2024/2025;4;13;1
https://www.vivoscuola.it/content/view/full/29413;2024/2025;5;16;1
https://www.vivoscuola.it/content/view/full/29413;2023/2024;1;18;1
https://www.vivoscuola.it/content/view/full/29413;2023/2024;2;24;1
https://www.vivoscuola.it/content/view/full/29413;2023/2024;3;14;1
https://www.vivoscuola.it/content/view/full/29413;2023/2024;4;17;1
https://www.vivoscuola.it/content/view/full/29413;2023/2024;5;17;1
https://www.vivoscuola.it/content/view/full/29234;2025/2026;1;36;2
https://www.vivoscuola.it/content/view/full/29234;2025/2026;2;37;2
https://www.vivoscuola.it/content/view/full/29234;2025/2026;3;45;2
https://www.vivoscuola.it/content/view/full/29234;2025/2026;4;45;2
https://www.vivoscuola.it/content/view/full/29234;2025/2026;5;32;2
https://www.vivoscuola.it/content/view/full/29234;2024/2025;1;35;2
https://www.vivoscuola.it/content/view/full/29234;2024/2025;2;44;2
https://www.vivoscuola.it/content/view/full/29234;2024/2025;3;47;2
https://www.vivoscuola.it/content/view/full/29234;2024/2025;4;33;2
https://www.vivoscuola.it/content/view/full/29234;2024/2025;5;19;1
https://www.vivoscuola.it/content/view/full/29234;2023/2024;1;46;2
https://www.vivoscuola.it/content/view/full/29234;2023/2024;2;46;2
https://www.vivoscuola.it/content/view/full/29234;2023/2024;3;28;2
https://www.vivoscuola.it/content/view/full/29234;2023/2024;4;18;1
https://www.vivoscuola.it/content/view/full/29234;2023/2024;5;27;1
https://www.vivoscuola.it/content/view/full/29415;2025/2026;1;7;1
https://www.vivoscuola.it/content/view/full/29415;2025/2026;3;14;1
https://www.vivoscuola.it/content/view/full/29415;2025/2026;4;6;1
https://www.vivoscuola.it/content/view/full/29415;2025/2026;5;17;1
https://www.vivoscuola.it/content/view/full/29415;2024/2025;2;13;1
https://www.vivoscuola.it/content/view/full/29415;2024/2025;3;6;1
https://www.vivoscuola.it/content/view/full/29415;2024/2025;4;17;1
https://www.vivoscuola.it/content/view/full/29415;2024/2025;5;13;1
https://www.vivoscuola.it/content/view/full/29415;2023/2024;1;15;1
https://www.vivoscuola.it/content/view/full/29415;2023/2024;2;9;1
https://www.vivoscuola.it/content/view/full/29415;2023/2024;3;17;1
https://www.vivoscuola.it/content/view/full/29415;2023/2024;4;13;1
https://www.vivoscuola.it/content/view/full/29415;2023/2024;5;25;2
https://www.vivoscuola.it/content/view/full/134612;2025/2026;1;18;1
https://www.vivoscuola.it/content/view/full/134612;2025/2026;2;17;1
https://www.vivoscuola.it/content/view/full/134612;2025/2026;3;14;1
https://www.vivoscuola.it/content/view/full/134612;2025/2026;4;13;1
https://www.vivoscuola.it/content/view/full/134612;2024/2025;1;14;1
https://www.vivoscuola.it/content/view/full/134612;2024/2025;2;16;1
https://www.vivoscuola.it/content/view/full/134612;2024/2025;3;13;1
https://www.vivoscuola.it/content/view/full/134612;2023/2024;1;16;1
https://www.vivoscuola.it/content/view/full/134612;2023/2024;2;15;1
https://www.vivoscuola.it/content/view/full/29416;2025/2026;1;28;2
https://www.vivoscuola.it/content/view/full/29416;2025/2026;2;35;2
https://www.vivoscuola.it/content/view/full/29416;2025/2026;3;39;2
https://www.vivoscuola.it/content/view/full/29416;2024/2025;1;32;2
https://www.vivoscuola.it/content/view/full/29416;2024/2025;2;37;2
https://www.vivoscuola.it/content/view/full/29416;2024/2025;3;42;2
https://www.vivoscuola.it/content/view/full/29416;2023/2024;1;37;2
https://www.vivoscuola.it/content/view/full/29416;2023/2024;2;40;2
https://www.vivoscuola.it/content/view/full/29416;2023/2024;3;41;2
https://www.vivoscuola.it/content/view/full/29414;2025/2026;1;16;1
https://www.vivoscuola.it/content/view/full/29414;2025/2026;2;7;1
https://www.vivoscuola.it/content/view/full/29414;2025/2026;3;21;1
https://www.vivoscuola.it/content/view/full/29414;2025/2026;4;18;1
https://www.vivoscuola.it/content/view/full/29414;2025/2026;5;16;1
https://www.vivoscuola.it/content/view/full/29414;2024/2025;1;12;1
https://www.vivoscuola.it/content/view/full/29414;2024/2025;2;20;1
https://www.vivoscuola.it/content/view/full/29414;2024/2025;3;15;1
https://www.vivoscuola.it/content/view/full/29414;2024/2025;4;15;1
https://www.vivoscuola.it/content/view/full/29414;2024/2025;5;15;1
https://www.vivoscuola.it/content/view/full/29414;2023/2024;1;19;1
https://www.vivoscuola.it/content/view/full/29414;2023/2024;2;13;1
https://www.vivoscuola.it/content/view/full/29414;2023/2024;3;15;1
https://www.vivoscuola.it/content/view/full/29414;2023/2024;4;13;1
https://www.vivoscuola.it/content/view/full/29414;2023/2024;5;12;1
https://www.vivoscuola.it/content/view/full/29863;2025/2026;1;10;1
https://www.vivoscuola.it/content/view/full/29863;2025/2026;2;11;2
https://www.vivoscuola.it/content/view/full/29863;2025/2026;3;17;2
https://www.vivoscuola.it/content/view/full/29863;2025/2026;1;10;1
https://www.vivoscuola.it/content/view/full/29863;2025/2026;2;11;2
https://www.vivoscuola.it/content/view/full/29863;2025/2026;3;17;2
https://www.vivoscuola.it/content/view/full/29863;2024/2025;1;17;1
https://www.vivoscuola.it/content/view/full/29863;2024/2025;2;15;2
https://www.vivoscuola.it/content/view/full/29863;2024/2025;3;11;2
https://www.vivoscuola.it/content/view/full/29863;2024/2025;1;17;1
https://www.vivoscuola.it/content/view/full/29863;2024/2025;2;15;2
https://www.vivoscuola.it/content/view/full/29863;2024/2025;3;11;2
https://www.vivoscuola.it/content/view/full/29863;2023/2024;3;15;2
https://www.vivoscuola.it/content/view/full/29863;2023/2024;1;16;1
https://www.vivoscuola.it/content/view/full/29863;2023/2024;2;18;2
https://www.vivoscuola.it/content/view/full/29863;2023/2024;1;16;1
https://www.vivoscuola.it/content/view/full/29863;2023/2024;2;18;2
https://www.vivoscuola.it/content/view/full/29863;2023/2024;3;15;2
https://www.vivoscuola.it/content/view/full/170209;2025/2026;5;23;1
https://www.vivoscuola.it/content/view/full/170209;2024/2025;5;25;1
https://www.vivoscuola.it/content/view/full/30026;2025/2026;0;36;0
https://www.vivoscuola.it/content/view/full/30026;2024/2025;0;45;0
https://www.vivoscuola.it/content/view/full/30026;2023/2024;0;44;0
https://www.vivoscuola.it/content/view/full/92004;2025/2026;1;29;2
https://www.vivoscuola.it/content/view/full/92004;2025/2026;2;25;1
https://www.vivoscuola.it/content/view/full/92004;2025/2026;3;26;2
https://www.vivoscuola.it/content/view/full/92004;2025/2026;4;20;1
https://www.vivoscuola.it/content/view/full/92004;2024/2025;1;34;2
https://www.vivoscuola.it/content/view/full/92004;2024/2025;2;30;2
https://www.vivoscuola.it/content/view/full/92004;2024/2025;3;23;1
https://www.vivoscuola.it/content/view/full/92004;2024/2025;4;15;1
https://www.vivoscuola.it/content/view/full/92004;2023/2024;1;35;2
https://www.vivoscuola.it/content/view/full/92004;2023/2024;2;20;1
https://www.vivoscuola.it/content/view/full/92004;2023/2024;3;16;1
https://www.vivoscuola.it/content/view/full/92004;2023/2024;4;17;1
https://www.vivoscuola.it/content/view/full/29271;2025/2026;1;146;7
https://www.vivoscuola.it/content/view/full/29271;2025/2026;2;115;6
https://www.vivoscuola.it/content/view/full/29271;2025/2026;3;90;5
https://www.vivoscuola.it/content/view/full/29271;2025/2026;4;62;4
https://www.vivoscuola.it/content/view/full/29271;2024/2025;1;134;6
https://www.vivoscuola.it/content/view/full/29271;2024/2025;2;105;5
https://www.vivoscuola.it/content/view/full/29271;2024/2025;3;97;5
https://www.vivoscuola.it/content/view/full/29271;2024/2025;4;58;4
https://www.vivoscuola.it/content/view/full/29271;2023/2024;1;118;5
https://www.vivoscuola.it/content/view/full/29271;2023/2024;2;101;5
https://www.vivoscuola.it/content/view/full/29271;2023/2024;3;103;6
https://www.vivoscuola.it/content/view/full/29271;2023/2024;4;60;4
https://www.vivoscuola.it/content/view/full/29271;2023/2024;5;21;1
https://www.vivoscuola.it/content/view/full/29968;2025/2026;0;41;0
https://www.vivoscuola.it/content/view/full/29968;2024/2025;0;40;0
https://www.vivoscuola.it/content/view/full/29968;2023/2024;0;38;0
https://www.vivoscuola.it/content/view/full/29862;2025/2026;1;62;3
https://www.vivoscuola.it/content/view/full/29862;2025/2026;2;66;3
https://www.vivoscuola.it/content/view/full/29862;2025/2026;3;54;3
https://www.vivoscuola.it/content/view/full/29862;2025/2026;4;38;2
https://www.vivoscuola.it/content/view/full/29862;2024/2025;1;66;3
https://www.vivoscuola.it/content/view/full/29862;2024/2025;2;71;3
https://www.vivoscuola.it/content/view/full/29862;2024/2025;3;50;3
https://www.vivoscuola.it/content/view/full/29862;2024/2025;4;34;2
https://www.vivoscuola.it/content/view/full/29862;2023/2024;1;76;3
https://www.vivoscuola.it/content/view/full/29862;2023/2024;2;66;4
https://www.vivoscuola.it/content/view/full/29862;2023/2024;3;56;3
https://www.vivoscuola.it/content/view/full/29862;2023/2024;4;31;2
https://www.vivoscuola.it/content/view/full/29879;2025/2026;1;80;4
https://www.vivoscuola.it/content/view/full/29879;2025/2026;2;72;4
https://www.vivoscuola.it/content/view/full/29879;2025/2026;3;74;4
https://www.vivoscuola.it/content/view/full/29879;2025/2026;4;63;4
https://www.vivoscuola.it/content/view/full/29879;2025/2026;5;96;5
https://www.vivoscuola.it/content/view/full/29879;2024/2025;1;76;4
https://www.vivoscuola.it/content/view/full/29879;2024/2025;2;79;4
https://www.vivoscuola.it/content/view/full/29879;2024/2025;3;69;4
https://www.vivoscuola.it/content/view/full/29879;2024/2025;4;97;5
https://www.vivoscuola.it/content/view/full/29879;2024/2025;5;58;3
https://www.vivoscuola.it/content/view/full/29879;2023/2024;1;88;4
https://www.vivoscuola.it/content/view/full/29879;2023/2024;2;69;4
https://www.vivoscuola.it/content/view/full/29879;2023/2024;3;106;5
https://www.vivoscuola.it/content/view/full/29879;2023/2024;4;60;3
https://www.vivoscuola.it/content/view/full/29879;2023/2024;5;81;5
https://www.vivoscuola.it/content/view/full/170200;2025/2026;5;35;3
https://www.vivoscuola.it/content/view/full/170200;2024/2025;5;38;3
https://www.vivoscuola.it/content/view/full/30186;2025/2026;0;77;0
https://www.vivoscuola.it/content/view/full/30186;2024/2025;0;80;0
https://www.vivoscuola.it/content/view/full/30186;2023/2024;0;80;0
https://www.vivoscuola.it/content/view/full/29878;2025/2026;1;48;2
https://www.vivoscuola.it/content/view/full/29878;2025/2026;2;46;2
https://www.vivoscuola.it/content/view/full/29878;2025/2026;3;41;2
https://www.vivoscuola.it/content/view/full/29878;2025/2026;4;40;2
https://www.vivoscuola.it/content/view/full/29878;2025/2026;5;42;2
https://www.vivoscuola.it/content/view/full/29878;2024/2025;1;47;2
https://www.vivoscuola.it/content/view/full/29878;2024/2025;2;38;2
https://www.vivoscuola.it/content/view/full/29878;2024/2025;3;43;2
https://www.vivoscuola.it/content/view/full/29878;2024/2025;4;44;2
https://www.vivoscuola.it/content/view/full/29878;2024/2025;5;36;2
https://www.vivoscuola.it/content/view/full/29878;2023/2024;1;46;2
https://www.vivoscuola.it/content/view/full/29878;2023/2024;2;45;2
https://www.vivoscuola.it/content/view/full/29878;2023/2024;3;45;2
https://www.vivoscuola.it/content/view/full/29878;2023/2024;4;35;2
https://www.vivoscuola.it/content/view/full/29878;2023/2024;5;52;3
https://www.vivoscuola.it/content/view/full/29877;2025/2026;1;17;1
https://www.vivoscuola.it/content/view/full/29877;2025/2026;2;11;1
https://www.vivoscuola.it/content/view/full/29877;2025/2026;3;17;1
https://www.vivoscuola.it/content/view/full/29877;2025/2026;4;17;1
https://www.vivoscuola.it/content/view/full/29877;2025/2026;5;21;1
https://www.vivoscuola.it/content/view/full/29877;2024/2025;1;15;1
https://www.vivoscuola.it/content/view/full/29877;2024/2025;2;15;1
https://www.vivoscuola.it/content/view/full/29877;2024/2025;3;19;1
https://www.vivoscuola.it/content/view/full/29877;2024/2025;4;21;1
https://www.vivoscuola.it/content/view/full/29877;2024/2025;5;10;1
https://www.vivoscuola.it/content/view/full/29877;2023/2024;1;15;1
https://www.vivoscuola.it/content/view/full/29877;2023/2024;2;19;1
https://www.vivoscuola.it/content/view/full/29877;2023/2024;3;22;1
https://www.vivoscuola.it/content/view/full/29877;2023/2024;4;10;1
https://www.vivoscuola.it/content/view/full/29877;2023/2024;5;18;1
https://www.vivoscuola.it/content/view/full/30216;2025/2026;0;30;0
https://www.vivoscuola.it/content/view/full/30216;2024/2025;0;31;0
https://www.vivoscuola.it/content/view/full/30216;2023/2024;0;34;0
https://www.vivoscuola.it/content/view/full/30018;2025/2026;0;52;0
https://www.vivoscuola.it/content/view/full/30018;2024/2025;0;59;0
https://www.vivoscuola.it/content/view/full/30018;2023/2024;0;63;0
https://www.vivoscuola.it/content/view/full/29880;2025/2026;1;61;3
https://www.vivoscuola.it/content/view/full/29880;2025/2026;2;46;3
https://www.vivoscuola.it/content/view/full/29880;2025/2026;3;62;3
https://www.vivoscuola.it/content/view/full/29880;2025/2026;4;57;3
https://www.vivoscuola.it/content/view/full/29880;2025/2026;5;47;3
https://www.vivoscuola.it/content/view/full/29880;2024/2025;1;56;3
https://www.vivoscuola.it/content/view/full/29880;2024/2025;2;68;3
https://www.vivoscuola.it/content/view/full/29880;2024/2025;3;58;3
https://www.vivoscuola.it/content/view/full/29880;2024/2025;4;50;3
https://www.vivoscuola.it/content/view/full/29880;2024/2025;5;58;3
https://www.vivoscuola.it/content/view/full/29880;2023/2024;1;76;3
https://www.vivoscuola.it/content/view/full/29880;2023/2024;2;62;3
https://www.vivoscuola.it/content/view/full/29880;2023/2024;3;58;3
https://www.vivoscuola.it/content/view/full/29880;2023/2024;4;59;3
https://www.vivoscuola.it/content/view/full/29880;2023/2024;5;48;3
https://www.vivoscuola.it/content/view/full/29531;2025/2026;1;35;2
https://www.vivoscuola.it/content/view/full/29531;2025/2026;2;32;2
https://www.vivoscuola.it/content/view/full/29531;2025/2026;3;19;2
https://www.vivoscuola.it/content/view/full/29531;2025/2026;4;17;2
https://www.vivoscuola.it/content/view/full/29531;2025/2026;5;13;2
https://www.vivoscuola.it/content/view/full/29531;2024/2025;1;40;2
https://www.vivoscuola.it/content/view/full/29531;2024/2025;2;26;1
https://www.vivoscuola.it/content/view/full/29531;2024/2025;3;19;3
https://www.vivoscuola.it/content/view/full/29531;2024/2025;4;14;2
https://www.vivoscuola.it/content/view/full/29531;2024/2025;5;16;2
https://www.vivoscuola.it/content/view/full/29531;2023/2024;1;28;1
https://www.vivoscuola.it/content/view/full/29531;2023/2024;2;17;1
https://www.vivoscuola.it/content/view/full/29531;2023/2024;3;19;2
https://www.vivoscuola.it/content/view/full/29531;2023/2024;4;17;2
https://www.vivoscuola.it/content/view/full/29531;2023/2024;5;25;2
https://www.vivoscuola.it/content/view/full/29532;2025/2026;1;18;1
https://www.vivoscuola.it/content/view/full/29532;2025/2026;2;14;1
https://www.vivoscuola.it/content/view/full/29532;2025/2026;3;6;2
https://www.vivoscuola.it/content/view/full/29532;2025/2026;4;7;2
https://www.vivoscuola.it/content/view/full/29532;2025/2026;5;6;1
https://www.vivoscuola.it/content/view/full/29532;2024/2025;1;17;1
https://www.vivoscuola.it/content/view/full/29532;2024/2025;2;5;1
https://www.vivoscuola.it/content/view/full/29532;2024/2025;3;7;1
https://www.vivoscuola.it/content/view/full/29532;2024/2025;4;4;1
https://www.vivoscuola.it/content/view/full/29532;2024/2025;5;24;1
https://www.vivoscuola.it/content/view/full/29532;2023/2024;1;12;1
https://www.vivoscuola.it/content/view/full/29532;2023/2024;2;10;1
https://www.vivoscuola.it/content/view/full/29532;2023/2024;3;5;1
https://www.vivoscuola.it/content/view/full/29532;2023/2024;4;25;1
https://www.vivoscuola.it/content/view/full/29532;2023/2024;5;16;1
https://www.vivoscuola.it/content/view/full/29534;2025/2026;1;11;1
https://www.vivoscuola.it/content/view/full/29534;2025/2026;2;25;1
https://www.vivoscuola.it/content/view/full/29534;2025/2026;3;14;1
https://www.vivoscuola.it/content/view/full/29534;2025/2026;4;11;1
https://www.vivoscuola.it/content/view/full/29534;2025/2026;5;18;1
https://www.vivoscuola.it/content/view/full/29534;2024/2025;1;24;1
https://www.vivoscuola.it/content/view/full/29534;2024/2025;2;15;1
https://www.vivoscuola.it/content/view/full/29534;2024/2025;3;11;1
https://www.vivoscuola.it/content/view/full/29534;2024/2025;4;18;1
https://www.vivoscuola.it/content/view/full/29534;2024/2025;5;22;1
https://www.vivoscuola.it/content/view/full/29534;2023/2024;1;13;1
https://www.vivoscuola.it/content/view/full/29534;2023/2024;2;17;1
https://www.vivoscuola.it/content/view/full/29534;2023/2024;3;16;1
https://www.vivoscuola.it/content/view/full/29534;2023/2024;4;22;1
https://www.vivoscuola.it/content/view/full/29534;2023/2024;5;14;1
https://www.vivoscuola.it/content/view/full/29535;2025/2026;1;6;1
https://www.vivoscuola.it/content/view/full/29535;2025/2026;2;3;1
https://www.vivoscuola.it/content/view/full/29535;2025/2026;3;4;1
https://www.vivoscuola.it/content/view/full/29535;2025/2026;4;3;1
https://www.vivoscuola.it/content/view/full/29535;2025/2026;5;3;1
https://www.vivoscuola.it/content/view/full/29535;2024/2025;1;4;1
https://www.vivoscuola.it/content/view/full/29535;2024/2025;2;4;1
https://www.vivoscuola.it/content/view/full/29535;2024/2025;3;2;1
https://www.vivoscuola.it/content/view/full/29535;2024/2025;4;4;2
https://www.vivoscuola.it/content/view/full/29535;2023/2024;1;3;1
https://www.vivoscuola.it/content/view/full/29535;2023/2024;2;2;1
https://www.vivoscuola.it/content/view/full/29535;2023/2024;3;4;2
https://www.vivoscuola.it/content/view/full/29535;2023/2024;4;1;1
https://www.vivoscuola.it/content/view/full/29535;2023/2024;5;4;2
https://www.vivoscuola.it/content/view/full/29536;2025/2026;1;23;1
https://www.vivoscuola.it/content/view/full/29536;2025/2026;2;28;2
https://www.vivoscuola.it/content/view/full/29536;2025/2026;3;25;2
https://www.vivoscuola.it/content/view/full/29536;2025/2026;4;24;1
https://www.vivoscuola.it/content/view/full/29536;2025/2026;5;32;2
https://www.vivoscuola.it/content/view/full/29536;2024/2025;1;27;2
https://www.vivoscuola.it/content/view/full/29536;2024/2025;2;25;2
https://www.vivoscuola.it/content/view/full/29536;2024/2025;3;24;1
https://www.vivoscuola.it/content/view/full/29536;2024/2025;4;34;2
https://www.vivoscuola.it/content/view/full/29536;2024/2025;5;28;2
https://www.vivoscuola.it/content/view/full/29536;2023/2024;1;26;2
https://www.vivoscuola.it/content/view/full/29536;2023/2024;2;24;1
https://www.vivoscuola.it/content/view/full/29536;2023/2024;3;33;2
https://www.vivoscuola.it/content/view/full/29536;2023/2024;4;26;2
https://www.vivoscuola.it/content/view/full/29536;2023/2024;5;55;3
https://www.vivoscuola.it/content/view/full/29537;2025/2026;1;15;1
https://www.vivoscuola.it/content/view/full/29537;2025/2026;2;10;1
https://www.vivoscuola.it/content/view/full/29537;2025/2026;3;16;1
https://www.vivoscuola.it/content/view/full/29537;2025/2026;4;9;1
https://www.vivoscuola.it/content/view/full/29537;2025/2026;5;19;1
https://www.vivoscuola.it/content/view/full/29537;2024/2025;1;10;1
https://www.vivoscuola.it/content/view/full/29537;2024/2025;2;16;1
https://www.vivoscuola.it/content/view/full/29537;2024/2025;3;9;1
https://www.vivoscuola.it/content/view/full/29537;2024/2025;4;19;1
https://www.vivoscuola.it/content/view/full/29537;2024/2025;5;17;1
https://www.vivoscuola.it/content/view/full/29537;2023/2024;1;15;1
https://www.vivoscuola.it/content/view/full/29537;2023/2024;2;9;1
https://www.vivoscuola.it/content/view/full/29537;2023/2024;3;17;1
https://www.vivoscuola.it/content/view/full/29537;2023/2024;4;17;1
https://www.vivoscuola.it/content/view/full/29537;2023/2024;5;21;1
https://www.vivoscuola.it/content/view/full/29539;2025/2026;1;41;2
https://www.vivoscuola.it/content/view/full/29539;2025/2026;2;68;3
https://www.vivoscuola.it/content/view/full/29539;2025/2026;3;47;2
https://www.vivoscuola.it/content/view/full/29539;2024/2025;1;70;3
https://www.vivoscuola.it/content/view/full/29539;2024/2025;2;48;2
https://www.vivoscuola.it/content/view/full/29539;2024/2025;3;55;3
https://www.vivoscuola.it/content/view/full/29539;2023/2024;1;46;2
https://www.vivoscuola.it/content/view/full/29539;2023/2024;2;56;3
https://www.vivoscuola.it/content/view/full/29539;2023/2024;3;62;3
https://www.vivoscuola.it/content/view/full/29538;2025/2026;1;9;1
https://www.vivoscuola.it/content/view/full/29538;2025/2026;2;19;1
https://www.vivoscuola.it/content/view/full/29538;2025/2026;3;13;1
https://www.vivoscuola.it/content/view/full/29538;2025/2026;4;19;1
https://www.vivoscuola.it/content/view/full/29538;2025/2026;5;16;1
https://www.vivoscuola.it/content/view/full/29538;2024/2025;1;19;1
https://www.vivoscuola.it/content/view/full/29538;2024/2025;2;13;1
https://www.vivoscuola.it/content/view/full/29538;2024/2025;3;20;1
https://www.vivoscuola.it/content/view/full/29538;2024/2025;4;16;1
https://www.vivoscuola.it/content/view/full/29538;2024/2025;5;23;2
https://www.vivoscuola.it/content/view/full/29538;2023/2024;1;15;1
https://www.vivoscuola.it/content/view/full/29538;2023/2024;2;20;1
https://www.vivoscuola.it/content/view/full/29538;2023/2024;3;16;1
https://www.vivoscuola.it/content/view/full/29538;2023/2024;4;24;2
https://www.vivoscuola.it/content/view/full/29538;2023/2024;5;18;1
https://www.vivoscuola.it/content/view/full/29540;2025/2026;1;17;1
https://www.vivoscuola.it/content/view/full/29540;2025/2026;2;21;1
https://www.vivoscuola.it/content/view/full/29540;2025/2026;3;19;1
https://www.vivoscuola.it/content/view/full/29540;2024/2025;1;21;1
https://www.vivoscuola.it/content/view/full/29540;2024/2025;2;19;1
https://www.vivoscuola.it/content/view/full/29540;2024/2025;3;20;1
https://www.vivoscuola.it/content/view/full/29540;2023/2024;1;19;1
https://www.vivoscuola.it/content/view/full/29540;2023/2024;2;21;1
https://www.vivoscuola.it/content/view/full/29540;2023/2024;3;21;1
https://www.vivoscuola.it/content/view/full/30222;2025/2026;0;106;0
https://www.vivoscuola.it/content/view/full/30222;2024/2025;0;110;0
https://www.vivoscuola.it/content/view/full/30222;2023/2024;0;104;0
https://www.vivoscuola.it/content/view/full/29243;2025/2026;1;36;2
https://www.vivoscuola.it/content/view/full/29243;2025/2026;2;47;2
https://www.vivoscuola.it/content/view/full/29243;2025/2026;3;38;2
https://www.vivoscuola.it/content/view/full/29243;2024/2025;1;46;2
https://www.vivoscuola.it/content/view/full/29243;2024/2025;2;41;2
https://www.vivoscuola.it/content/view/full/29243;2024/2025;3;39;2
https://www.vivoscuola.it/content/view/full/29243;2023/2024;1;41;2
https://www.vivoscuola.it/content/view/full/29243;2023/2024;2;39;2
https://www.vivoscuola.it/content/view/full/29243;2023/2024;3;24;1
https://www.vivoscuola.it/content/view/full/29562;2025/2026;1;11;1
https://www.vivoscuola.it/content/view/full/29562;2025/2026;2;9;1
https://www.vivoscuola.it/content/view/full/29562;2025/2026;3;19;1
https://www.vivoscuola.it/content/view/full/29562;2025/2026;4;7;1
https://www.vivoscuola.it/content/view/full/29562;2025/2026;5;8;1
https://www.vivoscuola.it/content/view/full/29562;2024/2025;1;10;1
https://www.vivoscuola.it/content/view/full/29562;2024/2025;2;18;1
https://www.vivoscuola.it/content/view/full/29562;2024/2025;3;7;1
https://www.vivoscuola.it/content/view/full/29562;2024/2025;4;8;1
https://www.vivoscuola.it/content/view/full/29562;2024/2025;5;11;1
https://www.vivoscuola.it/content/view/full/29562;2023/2024;1;18;1
https://www.vivoscuola.it/content/view/full/29562;2023/2024;2;7;1
https://www.vivoscuola.it/content/view/full/29562;2023/2024;3;8;1
https://www.vivoscuola.it/content/view/full/29562;2023/2024;4;11;1
https://www.vivoscuola.it/content/view/full/29562;2023/2024;5;6;1
https://www.vivoscuola.it/content/view/full/29242;2025/2026;1;24;1
https://www.vivoscuola.it/content/view/full/29242;2025/2026;2;34;2
https://www.vivoscuola.it/content/view/full/29242;2025/2026;3;18;1
https://www.vivoscuola.it/content/view/full/29242;2025/2026;4;39;2
https://www.vivoscuola.it/content/view/full/29242;2025/2026;5;25;1
https://www.vivoscuola.it/content/view/full/29242;2024/2025;1;34;2
https://www.vivoscuola.it/content/view/full/29242;2024/2025;2;19;1
https://www.vivoscuola.it/content/view/full/29242;2024/2025;3;38;2
https://www.vivoscuola.it/content/view/full/29242;2024/2025;4;25;1
https://www.vivoscuola.it/content/view/full/29242;2024/2025;5;18;1
https://www.vivoscuola.it/content/view/full/29242;2023/2024;1;16;1
https://www.vivoscuola.it/content/view/full/29242;2023/2024;2;38;2
https://www.vivoscuola.it/content/view/full/29242;2023/2024;3;25;1
https://www.vivoscuola.it/content/view/full/29242;2023/2024;4;15;1
https://www.vivoscuola.it/content/view/full/29242;2023/2024;5;27;1
https://www.vivoscuola.it/content/view/full/29563;2025/2026;1;16;1
https://www.vivoscuola.it/content/view/full/29563;2025/2026;2;10;1
https://www.vivoscuola.it/content/view/full/29563;2025/2026;3;13;1
https://www.vivoscuola.it/content/view/full/29563;2025/2026;4;19;1
https://www.vivoscuola.it/content/view/full/29563;2025/2026;5;12;1
https://www.vivoscuola.it/content/view/full/29563;2024/2025;1;10;1
https://www.vivoscuola.it/content/view/full/29563;2024/2025;2;13;1
https://www.vivoscuola.it/content/view/full/29563;2024/2025;3;17;1
https://www.vivoscuola.it/content/view/full/29563;2024/2025;4;12;1
https://www.vivoscuola.it/content/view/full/29563;2024/2025;5;9;1
https://www.vivoscuola.it/content/view/full/29563;2023/2024;1;12;1
https://www.vivoscuola.it/content/view/full/29563;2023/2024;2;18;1
https://www.vivoscuola.it/content/view/full/29563;2023/2024;3;12;1
https://www.vivoscuola.it/content/view/full/29563;2023/2024;4;10;1
https://www.vivoscuola.it/content/view/full/29563;2023/2024;5;13;1
https://www.vivoscuola.it/content/view/full/29565;2025/2026;1;14;1
https://www.vivoscuola.it/content/view/full/29565;2025/2026;2;4;1
https://www.vivoscuola.it/content/view/full/29565;2025/2026;3;7;1
https://www.vivoscuola.it/content/view/full/29565;2025/2026;4;9;1
https://www.vivoscuola.it/content/view/full/29565;2025/2026;5;7;1
https://www.vivoscuola.it/content/view/full/29565;2024/2025;1;4;1
https://www.vivoscuola.it/content/view/full/29565;2024/2025;2;6;1
https://www.vivoscuola.it/content/view/full/29565;2024/2025;3;9;1
https://www.vivoscuola.it/content/view/full/29565;2024/2025;4;7;1
https://www.vivoscuola.it/content/view/full/29565;2024/2025;5;15;1
https://www.vivoscuola.it/content/view/full/29565;2023/2024;1;6;1
https://www.vivoscuola.it/content/view/full/29565;2023/2024;2;9;1
https://www.vivoscuola.it/content/view/full/29565;2023/2024;3;8;1
https://www.vivoscuola.it/content/view/full/29565;2023/2024;4;15;1
https://www.vivoscuola.it/content/view/full/29565;2023/2024;5;12;1
https://www.vivoscuola.it/content/view/full/29564;2025/2026;1;20;1
https://www.vivoscuola.it/content/view/full/29564;2025/2026;2;40;2
https://www.vivoscuola.it/content/view/full/29564;2025/2026;3;20;1
https://www.vivoscuola.it/content/view/full/29564;2025/2026;4;30;2
https://www.vivoscuola.it/content/view/full/29564;2025/2026;5;30;2
https://www.vivoscuola.it/content/view/full/29564;2024/2025;1;38;2
https://www.vivoscuola.it/content/view/full/29564;2024/2025;2;23;1
https://www.vivoscuola.it/content/view/full/29564;2024/2025;3;30;2
https://www.vivoscuola.it/content/view/full/29564;2024/2025;4;30;2
https://www.vivoscuola.it/content/view/full/29564;2024/2025;5;24;1
https://www.vivoscuola.it/content/view/full/29564;2023/2024;1;23;1
https://www.vivoscuola.it/content/view/full/29564;2023/2024;2;29;2
https://www.vivoscuola.it/content/view/full/29564;2023/2024;3;29;2
https://www.vivoscuola.it/content/view/full/29564;2023/2024;4;23;1
https://www.vivoscuola.it/content/view/full/29564;2023/2024;5;32;2
https://www.vivoscuola.it/content/view/full/30020;2025/2026;0;40;0
https://www.vivoscuola.it/content/view/full/30020;2024/2025;0;36;0
https://www.vivoscuola.it/content/view/full/30020;2023/2024;0;32;0
https://www.vivoscuola.it/content/view/full/29566;2025/2026;1;21;1
https://www.vivoscuola.it/content/view/full/29566;2025/2026;2;9;1
https://www.vivoscuola.it/content/view/full/29566;2025/2026;3;14;1
https://www.vivoscuola.it/content/view/full/29566;2025/2026;4;25;1
https://www.vivoscuola.it/content/view/full/29566;2025/2026;5;12;1
https://www.vivoscuola.it/content/view/full/29566;2024/2025;1;8;1
https://www.vivoscuola.it/content/view/full/29566;2024/2025;2;15;1
https://www.vivoscuola.it/content/view/full/29566;2024/2025;3;25;1
https://www.vivoscuola.it/content/view/full/29566;2024/2025;4;13;1
https://www.vivoscuola.it/content/view/full/29566;2024/2025;5;20;1
https://www.vivoscuola.it/content/view/full/29566;2023/2024;1;14;1
https://www.vivoscuola.it/content/view/full/29566;2023/2024;2;25;1
https://www.vivoscuola.it/content/view/full/29566;2023/2024;3;12;1
https://www.vivoscuola.it/content/view/full/29566;2023/2024;4;20;1
https://www.vivoscuola.it/content/view/full/29566;2023/2024;5;15;1
https://www.vivoscuola.it/content/view/full/29823;2025/2026;1;25;1
https://www.vivoscuola.it/content/view/full/29823;2025/2026;2;22;1
https://www.vivoscuola.it/content/view/full/29823;2025/2026;3;21;1
https://www.vivoscuola.it/content/view/full/29823;2025/2026;4;21;1
https://www.vivoscuola.it/content/view/full/29823;2025/2026;5;22;1
https://www.vivoscuola.it/content/view/full/29823;2024/2025;1;23;1
https://www.vivoscuola.it/content/view/full/29823;2024/2025;2;22;1
https://www.vivoscuola.it/content/view/full/29823;2024/2025;3;21;1
https://www.vivoscuola.it/content/view/full/29823;2024/2025;4;22;1
https://www.vivoscuola.it/content/view/full/29823;2024/2025;5;19;1
https://www.vivoscuola.it/content/view/full/29823;2023/2024;1;23;1
https://www.vivoscuola.it/content/view/full/29823;2023/2024;2;24;1
https://www.vivoscuola.it/content/view/full/29823;2023/2024;3;22;1
https://www.vivoscuola.it/content/view/full/29823;2023/2024;4;20;1
https://www.vivoscuola.it/content/view/full/29823;2023/2024;5;19;1
https://www.vivoscuola.it/content/view/full/29567;2025/2026;1;86;4
https://www.vivoscuola.it/content/view/full/29567;2025/2026;2;80;4
https://www.vivoscuola.it/content/view/full/29567;2025/2026;3;87;4
https://www.vivoscuola.it/content/view/full/29567;2024/2025;1;80;4
https://www.vivoscuola.it/content/view/full/29567;2024/2025;2;87;4
https://www.vivoscuola.it/content/view/full/29567;2024/2025;3;86;4
https://www.vivoscuola.it/content/view/full/29567;2023/2024;1;90;4
https://www.vivoscuola.it/content/view/full/29567;2023/2024;2;86;4
https://www.vivoscuola.it/content/view/full/29567;2023/2024;3;79;4
https://www.vivoscuola.it/content/view/full/170207;2025/2026;1;16;1
https://www.vivoscuola.it/content/view/full/170207;2025/2026;2;21;1
https://www.vivoscuola.it/content/view/full/170207;2024/2025;1;21;1
https://www.vivoscuola.it/content/view/full/29976;2025/2026;0;26;0
https://www.vivoscuola.it/content/view/full/29976;2024/2025;0;31;0
https://www.vivoscuola.it/content/view/full/29976;2023/2024;0;23;0
https://www.vivoscuola.it/content/view/full/29824;2025/2026;1;17;1
https://www.vivoscuola.it/content/view/full/29824;2025/2026;2;16;1
https://www.vivoscuola.it/content/view/full/29824;2025/2026;3;18;1
https://www.vivoscuola.it/content/view/full/29824;2025/2026;4;18;1
https://www.vivoscuola.it/content/view/full/29824;2024/2025;1;17;1
https://www.vivoscuola.it/content/view/full/29824;2024/2025;2;18;1
https://www.vivoscuola.it/content/view/full/29824;2024/2025;3;19;1
https://www.vivoscuola.it/content/view/full/29824;2024/2025;4;20;1
https://www.vivoscuola.it/content/view/full/29824;2023/2024;1;20;1
https://www.vivoscuola.it/content/view/full/29824;2023/2024;2;19;1
https://www.vivoscuola.it/content/view/full/29824;2023/2024;3;20;1
https://www.vivoscuola.it/content/view/full/29824;2023/2024;4;20;1
https://www.vivoscuola.it/content/view/full/29825;2025/2026;1;46;2
https://www.vivoscuola.it/content/view/full/29825;2025/2026;2;36;2
https://www.vivoscuola.it/content/view/full/29825;2025/2026;3;48;2
https://www.vivoscuola.it/content/view/full/29825;2025/2026;4;42;2
https://www.vivoscuola.it/content/view/full/29825;2025/2026;5;46;2
https://www.vivoscuola.it/content/view/full/29825;2024/2025;1;37;2
https://www.vivoscuola.it/content/view/full/29825;2024/2025;2;46;2
https://www.vivoscuola.it/content/view/full/29825;2024/2025;3;41;2
https://www.vivoscuola.it/content/view/full/29825;2024/2025;4;44;2
https://www.vivoscuola.it/content/view/full/29825;2024/2025;5;47;2
https://www.vivoscuola.it/content/view/full/29825;2023/2024;1;46;2
https://www.vivoscuola.it/content/view/full/29825;2023/2024;2;38;2
https://www.vivoscuola.it/content/view/full/29825;2023/2024;3;43;2
https://www.vivoscuola.it/content/view/full/29825;2023/2024;4;44;2
https://www.vivoscuola.it/content/view/full/29825;2023/2024;5;41;2
https://www.vivoscuola.it/content/view/full/29826;2025/2026;1;67;3
https://www.vivoscuola.it/content/view/full/29826;2025/2026;2;65;3
https://www.vivoscuola.it/content/view/full/29826;2025/2026;3;59;3
https://www.vivoscuola.it/content/view/full/29826;2024/2025;1;67;3
https://www.vivoscuola.it/content/view/full/29826;2024/2025;2;59;3
https://www.vivoscuola.it/content/view/full/29826;2024/2025;3;59;3
https://www.vivoscuola.it/content/view/full/29826;2023/2024;1;61;3
https://www.vivoscuola.it/content/view/full/29826;2023/2024;2;62;3
https://www.vivoscuola.it/content/view/full/29826;2023/2024;3;65;3
https://www.vivoscuola.it/content/view/full/30148;2025/2026;0;63;0
https://www.vivoscuola.it/content/view/full/30148;2024/2025;0;60;0
https://www.vivoscuola.it/content/view/full/30148;2023/2024;0;58;0
https://www.vivoscuola.it/content/view/full/29804;2025/2026;2;12;1
https://www.vivoscuola.it/content/view/full/29804;2025/2026;3;27;3
https://www.vivoscuola.it/content/view/full/29804;2025/2026;2;12;1
https://www.vivoscuola.it/content/view/full/29804;2025/2026;3;9;1
https://www.vivoscuola.it/content/view/full/29804;2025/2026;4;6;1
https://www.vivoscuola.it/content/view/full/29804;2025/2026;5;9;1
https://www.vivoscuola.it/content/view/full/29804;2024/2025;2;11;1
https://www.vivoscuola.it/content/view/full/29804;2024/2025;3;24;3
https://www.vivoscuola.it/content/view/full/29804;2024/2025;2;11;1
https://www.vivoscuola.it/content/view/full/29804;2024/2025;3;8;1
https://www.vivoscuola.it/content/view/full/29804;2024/2025;4;11;1
https://www.vivoscuola.it/content/view/full/29804;2024/2025;5;6;1
https://www.vivoscuola.it/content/view/full/29804;2023/2024;2;8;1
https://www.vivoscuola.it/content/view/full/29804;2023/2024;3;27;3
https://www.vivoscuola.it/content/view/full/29804;2023/2024;2;8;1
https://www.vivoscuola.it/content/view/full/29804;2023/2024;3;9;1
https://www.vivoscuola.it/content/view/full/29804;2023/2024;4;13;1
https://www.vivoscuola.it/content/view/full/29804;2023/2024;5;12;1
https://www.vivoscuola.it/content/view/full/29802;2025/2026;1;82;1
https://www.vivoscuola.it/content/view/full/29802;2025/2026;3;44;2
https://www.vivoscuola.it/content/view/full/29802;2025/2026;1;82;1
https://www.vivoscuola.it/content/view/full/29802;2025/2026;3;39;2
https://www.vivoscuola.it/content/view/full/29802;2024/2025;1;111;1
https://www.vivoscuola.it/content/view/full/29802;2024/2025;3;75;3
https://www.vivoscuola.it/content/view/full/29802;2024/2025;1;111;1
https://www.vivoscuola.it/content/view/full/29802;2024/2025;3;51;3
https://www.vivoscuola.it/content/view/full/29802;2023/2024;1;100;1
https://www.vivoscuola.it/content/view/full/29802;2023/2024;3;40;2
https://www.vivoscuola.it/content/view/full/29802;2023/2024;1;100;1
https://www.vivoscuola.it/content/view/full/29802;2023/2024;3;39;2
https://www.vivoscuola.it/content/view/full/29803;2025/2026;1;86;4
https://www.vivoscuola.it/content/view/full/29803;2025/2026;2;70;4
https://www.vivoscuola.it/content/view/full/29803;2025/2026;3;62;4
https://www.vivoscuola.it/content/view/full/29803;2025/2026;4;43;2
https://www.vivoscuola.it/content/view/full/29803;2025/2026;5;58;3
https://www.vivoscuola.it/content/view/full/29803;2024/2025;1;85;4
https://www.vivoscuola.it/content/view/full/29803;2024/2025;2;68;4
https://www.vivoscuola.it/content/view/full/29803;2024/2025;3;49;3
https://www.vivoscuola.it/content/view/full/29803;2024/2025;4;61;3
https://www.vivoscuola.it/content/view/full/29803;2024/2025;5;62;3
https://www.vivoscuola.it/content/view/full/29803;2023/2024;1;84;4
https://www.vivoscuola.it/content/view/full/29803;2023/2024;2;65;3
https://www.vivoscuola.it/content/view/full/29803;2023/2024;3;67;3
https://www.vivoscuola.it/content/view/full/29803;2023/2024;4;64;3
https://www.vivoscuola.it/content/view/full/29803;2023/2024;5;45;3
https://www.vivoscuola.it/content/view/full/29807;2025/2026;1;32;2
https://www.vivoscuola.it/content/view/full/29807;2025/2026;2;43;2
https://www.vivoscuola.it/content/view/full/29807;2025/2026;3;32;2
https://www.vivoscuola.it/content/view/full/29807;2025/2026;4;35;2
https://www.vivoscuola.it/content/view/full/29807;2025/2026;5;27;2
https://www.vivoscuola.it/content/view/full/29807;2024/2025;1;44;2
https://www.vivoscuola.it/content/view/full/29807;2024/2025;2;37;2
https://www.vivoscuola.it/content/view/full/29807;2024/2025;3;37;2
https://www.vivoscuola.it/content/view/full/29807;2024/2025;4;28;2
https://www.vivoscuola.it/content/view/full/29807;2024/2025;5;44;2
https://www.vivoscuola.it/content/view/full/29807;2023/2024;1;40;2
https://www.vivoscuola.it/content/view/full/29807;2023/2024;2;39;2
https://www.vivoscuola.it/content/view/full/29807;2023/2024;3;28;2
https://www.vivoscuola.it/content/view/full/29807;2023/2024;4;42;2
https://www.vivoscuola.it/content/view/full/29807;2023/2024;5;35;2
https://www.vivoscuola.it/content/view/full/29805;2025/2026;1;52;3
https://www.vivoscuola.it/content/view/full/29805;2025/2026;2;37;2
https://www.vivoscuola.it/content/view/full/29805;2025/2026;3;28;2
https://www.vivoscuola.it/content/view/full/29805;2025/2026;4;24;2
https://www.vivoscuola.it/content/view/full/29805;2025/2026;5;24;2
https://www.vivoscuola.it/content/view/full/29805;2024/2025;1;49;2
https://www.vivoscuola.it/content/view/full/29805;2024/2025;2;34;2
https://www.vivoscuola.it/content/view/full/29805;2024/2025;3;28;2
https://www.vivoscuola.it/content/view/full/29805;2024/2025;4;26;2
https://www.vivoscuola.it/content/view/full/29805;2024/2025;5;24;2
https://www.vivoscuola.it/content/view/full/29805;2023/2024;1;46;2
https://www.vivoscuola.it/content/view/full/29805;2023/2024;2;31;2
https://www.vivoscuola.it/content/view/full/29805;2023/2024;3;30;2
https://www.vivoscuola.it/content/view/full/29805;2023/2024;4;32;2
https://www.vivoscuola.it/content/view/full/29805;2023/2024;5;13;2
https://www.vivoscuola.it/content/view/full/29806;2025/2026;1;59;3
https://www.vivoscuola.it/content/view/full/29806;2025/2026;2;46;2
https://www.vivoscuola.it/content/view/full/29806;2025/2026;3;35;2
https://www.vivoscuola.it/content/view/full/29806;2025/2026;4;46;2
https://www.vivoscuola.it/content/view/full/29806;2025/2026;5;42;2
https://www.vivoscuola.it/content/view/full/29806;2024/2025;1;51;2
https://www.vivoscuola.it/content/view/full/29806;2024/2025;2;31;2
https://www.vivoscuola.it/content/view/full/29806;2024/2025;3;48;2
https://www.vivoscuola.it/content/view/full/29806;2024/2025;4;40;2
https://www.vivoscuola.it/content/view/full/29806;2024/2025;5;35;2
https://www.vivoscuola.it/content/view/full/29806;2023/2024;1;37;2
https://www.vivoscuola.it/content/view/full/29806;2023/2024;2;46;2
https://www.vivoscuola.it/content/view/full/29806;2023/2024;3;39;2
https://www.vivoscuola.it/content/view/full/29806;2023/2024;4;37;2
https://www.vivoscuola.it/content/view/full/29806;2023/2024;5;39;2
https://www.vivoscuola.it/content/view/full/29663;2025/2026;1;22;1
https://www.vivoscuola.it/content/view/full/29663;2025/2026;2;30;2
https://www.vivoscuola.it/content/view/full/29663;2025/2026;3;30;2
https://www.vivoscuola.it/content/view/full/29663;2025/2026;4;30;2
https://www.vivoscuola.it/content/view/full/29663;2025/2026;5;36;2
https://www.vivoscuola.it/content/view/full/29663;2024/2025;1;31;2
https://www.vivoscuola.it/content/view/full/29663;2024/2025;2;30;2
https://www.vivoscuola.it/content/view/full/29663;2024/2025;3;32;2
https://www.vivoscuola.it/content/view/full/29663;2024/2025;4;37;2
https://www.vivoscuola.it/content/view/full/29663;2024/2025;5;27;2
https://www.vivoscuola.it/content/view/full/29663;2023/2024;1;28;2
https://www.vivoscuola.it/content/view/full/29663;2023/2024;2;31;2
https://www.vivoscuola.it/content/view/full/29663;2023/2024;3;37;2
https://www.vivoscuola.it/content/view/full/29663;2023/2024;4;25;2
https://www.vivoscuola.it/content/view/full/29663;2023/2024;5;22;1
https://www.vivoscuola.it/content/view/full/29808;2025/2026;1;54;3
https://www.vivoscuola.it/content/view/full/29808;2025/2026;2;54;3
https://www.vivoscuola.it/content/view/full/29808;2025/2026;3;25;2
https://www.vivoscuola.it/content/view/full/29808;2025/2026;4;48;3
https://www.vivoscuola.it/content/view/full/29808;2025/2026;5;24;2
https://www.vivoscuola.it/content/view/full/29808;2024/2025;1;65;3
https://www.vivoscuola.it/content/view/full/29808;2024/2025;2;29;2
https://www.vivoscuola.it/content/view/full/29808;2024/2025;3;47;3
https://www.vivoscuola.it/content/view/full/29808;2024/2025;4;35;3
https://www.vivoscuola.it/content/view/full/29808;2024/2025;5;22;1
https://www.vivoscuola.it/content/view/full/29808;2023/2024;1;35;2
https://www.vivoscuola.it/content/view/full/29808;2023/2024;2;50;3
https://www.vivoscuola.it/content/view/full/29808;2023/2024;3;40;3
https://www.vivoscuola.it/content/view/full/29808;2023/2024;4;34;2
https://www.vivoscuola.it/content/view/full/29808;2023/2024;5;18;1
https://www.vivoscuola.it/content/view/full/439666;2025/2026;1;7;1
https://www.vivoscuola.it/content/view/full/29662;2025/2026;1;8;1
https://www.vivoscuola.it/content/view/full/29662;2025/2026;2;14;1
https://www.vivoscuola.it/content/view/full/29662;2025/2026;3;8;1
https://www.vivoscuola.it/content/view/full/29662;2025/2026;4;21;1
https://www.vivoscuola.it/content/view/full/29662;2025/2026;5;10;1
https://www.vivoscuola.it/content/view/full/29662;2024/2025;1;14;1
https://www.vivoscuola.it/content/view/full/29662;2024/2025;2;8;1
https://www.vivoscuola.it/content/view/full/29662;2024/2025;3;21;1
https://www.vivoscuola.it/content/view/full/29662;2024/2025;4;10;1
https://www.vivoscuola.it/content/view/full/29662;2024/2025;5;13;1
https://www.vivoscuola.it/content/view/full/29662;2023/2024;1;8;1
https://www.vivoscuola.it/content/view/full/29662;2023/2024;2;21;1
https://www.vivoscuola.it/content/view/full/29662;2023/2024;3;12;1
https://www.vivoscuola.it/content/view/full/29662;2023/2024;4;12;1
https://www.vivoscuola.it/content/view/full/29662;2023/2024;5;11;1
https://www.vivoscuola.it/content/view/full/30138;2025/2026;0;20;0
https://www.vivoscuola.it/content/view/full/30138;2024/2025;0;23;0
https://www.vivoscuola.it/content/view/full/30138;2023/2024;0;25;0
https://www.vivoscuola.it/content/view/full/29666;2025/2026;1;39;2
https://www.vivoscuola.it/content/view/full/29666;2025/2026;2;44;2
https://www.vivoscuola.it/content/view/full/29666;2025/2026;3;54;3
https://www.vivoscuola.it/content/view/full/29666;2024/2025;1;44;2
https://www.vivoscuola.it/content/view/full/29666;2024/2025;2;53;3
https://www.vivoscuola.it/content/view/full/29666;2024/2025;3;50;3
https://www.vivoscuola.it/content/view/full/29666;2023/2024;1;51;3
https://www.vivoscuola.it/content/view/full/29666;2023/2024;2;50;3
https://www.vivoscuola.it/content/view/full/29666;2023/2024;3;50;3
https://www.vivoscuola.it/content/view/full/29664;2025/2026;1;25;2
https://www.vivoscuola.it/content/view/full/29664;2025/2026;2;39;2
https://www.vivoscuola.it/content/view/full/29664;2025/2026;3;44;2
https://www.vivoscuola.it/content/view/full/29664;2025/2026;4;35;2
https://www.vivoscuola.it/content/view/full/29664;2025/2026;5;37;2
https://www.vivoscuola.it/content/view/full/29664;2024/2025;1;39;2
https://www.vivoscuola.it/content/view/full/29664;2024/2025;2;44;2
https://www.vivoscuola.it/content/view/full/29664;2024/2025;3;35;2
https://www.vivoscuola.it/content/view/full/29664;2024/2025;4;35;2
https://www.vivoscuola.it/content/view/full/29664;2024/2025;5;27;2
https://www.vivoscuola.it/content/view/full/29664;2023/2024;1;42;2
https://www.vivoscuola.it/content/view/full/29664;2023/2024;2;35;2
https://www.vivoscuola.it/content/view/full/29664;2023/2024;3;34;2
https://www.vivoscuola.it/content/view/full/29664;2023/2024;4;26;2
https://www.vivoscuola.it/content/view/full/29664;2023/2024;5;30;2
https://www.vivoscuola.it/content/view/full/29865;2025/2026;1;33;2
https://www.vivoscuola.it/content/view/full/29865;2025/2026;2;23;2
https://www.vivoscuola.it/content/view/full/29865;2025/2026;3;23;2
https://www.vivoscuola.it/content/view/full/29865;2025/2026;4;15;1
https://www.vivoscuola.it/content/view/full/29865;2024/2025;1;32;2
https://www.vivoscuola.it/content/view/full/29865;2024/2025;2;25;2
https://www.vivoscuola.it/content/view/full/29865;2024/2025;3;25;2
https://www.vivoscuola.it/content/view/full/29865;2024/2025;4;16;1
https://www.vivoscuola.it/content/view/full/29865;2023/2024;1;30;2
https://www.vivoscuola.it/content/view/full/29865;2023/2024;2;25;2
https://www.vivoscuola.it/content/view/full/29865;2023/2024;3;29;2
https://www.vivoscuola.it/content/view/full/29865;2023/2024;4;20;1
https://www.vivoscuola.it/content/view/full/170210;2025/2026;5;19;1
https://www.vivoscuola.it/content/view/full/170210;2024/2025;5;15;1
https://www.vivoscuola.it/content/view/full/29867;2025/2026;1;93;6
https://www.vivoscuola.it/content/view/full/29867;2025/2026;2;73;4
https://www.vivoscuola.it/content/view/full/29867;2025/2026;3;47;3
https://www.vivoscuola.it/content/view/full/29867;2025/2026;4;35;2
https://www.vivoscuola.it/content/view/full/29867;2024/2025;1;87;5
https://www.vivoscuola.it/content/view/full/29867;2024/2025;2;48;3
https://www.vivoscuola.it/content/view/full/29867;2024/2025;3;48;3
https://www.vivoscuola.it/content/view/full/29867;2024/2025;4;40;2
https://www.vivoscuola.it/content/view/full/29867;2023/2024;1;79;4
https://www.vivoscuola.it/content/view/full/29867;2023/2024;2;57;3
https://www.vivoscuola.it/content/view/full/29867;2023/2024;3;64;4
https://www.vivoscuola.it/content/view/full/29867;2023/2024;4;35;4
https://www.vivoscuola.it/content/view/full/29867;2023/2024;5;8;0
https://www.vivoscuola.it/content/view/full/29866;2025/2026;1;42;2
https://www.vivoscuola.it/content/view/full/29866;2025/2026;1;21;1
https://www.vivoscuola.it/content/view/full/29866;2025/2026;2;19;1
https://www.vivoscuola.it/content/view/full/29866;2024/2025;1;42;2
https://www.vivoscuola.it/content/view/full/29866;2024/2025;1;23;1
https://www.vivoscuola.it/content/view/full/30014;2025/2026;0;44;0
https://www.vivoscuola.it/content/view/full/30014;2024/2025;0;55;0
https://www.vivoscuola.it/content/view/full/30014;2023/2024;0;56;0
https://www.vivoscuola.it/content/view/full/29868;2025/2026;1;68;4
https://www.vivoscuola.it/content/view/full/29868;2025/2026;2;32;3
https://www.vivoscuola.it/content/view/full/29868;2025/2026;3;8;4
https://www.vivoscuola.it/content/view/full/29868;2025/2026;4;13;1
https://www.vivoscuola.it/content/view/full/29868;2025/2026;1;46;3
https://www.vivoscuola.it/content/view/full/29868;2025/2026;2;29;3
https://www.vivoscuola.it/content/view/full/29868;2025/2026;3;9;3
https://www.vivoscuola.it/content/view/full/29868;2025/2026;4;13;1
https://www.vivoscuola.it/content/view/full/29868;2024/2025;1;60;4
https://www.vivoscuola.it/content/view/full/29868;2024/2025;2;18;2
https://www.vivoscuola.it/content/view/full/29868;2024/2025;3;23;2
https://www.vivoscuola.it/content/view/full/29868;2024/2025;4;30;2
https://www.vivoscuola.it/content/view/full/29868;2024/2025;1;47;4
https://www.vivoscuola.it/content/view/full/29868;2024/2025;2;18;2
https://www.vivoscuola.it/content/view/full/29868;2024/2025;3;23;2
https://www.vivoscuola.it/content/view/full/29868;2024/2025;4;30;2
https://www.vivoscuola.it/content/view/full/29868;2023/2024;4;17;1
https://www.vivoscuola.it/content/view/full/29868;2023/2024;1;4;4
https://www.vivoscuola.it/content/view/full/29868;2023/2024;3;68;5
https://www.vivoscuola.it/content/view/full/29868;2023/2024;4;21;1
https://www.vivoscuola.it/content/view/full/29868;2023/2024;1;29;3
https://www.vivoscuola.it/content/view/full/29868;2023/2024;3;67;5
https://www.vivoscuola.it/content/view/full/29868;2023/2024;4;38;2
https://www.vivoscuola.it/content/view/full/30176;2025/2026;0;39;0
https://www.vivoscuola.it/content/view/full/30176;2024/2025;0;32;0
https://www.vivoscuola.it/content/view/full/30176;2023/2024;0;29;0
https://www.vivoscuola.it/content/view/full/149208;2025/2026;0;117;0
https://www.vivoscuola.it/content/view/full/149208;2024/2025;0;120;0
https://www.vivoscuola.it/content/view/full/149208;2023/2024;0;128;0
https://www.vivoscuola.it/content/view/full/30006;2025/2026;0;26;0
https://www.vivoscuola.it/content/view/full/30006;2024/2025;0;37;0
https://www.vivoscuola.it/content/view/full/30006;2023/2024;0;37;0
https://www.vivoscuola.it/content/view/full/29472;2025/2026;1;22;1
https://www.vivoscuola.it/content/view/full/29472;2025/2026;2;21;1
https://www.vivoscuola.it/content/view/full/29472;2025/2026;3;22;2
https://www.vivoscuola.it/content/view/full/29472;2025/2026;4;21;1
https://www.vivoscuola.it/content/view/full/29472;2025/2026;5;25;2
https://www.vivoscuola.it/content/view/full/29472;2024/2025;1;21;1
https://www.vivoscuola.it/content/view/full/29472;2024/2025;2;24;2
https://www.vivoscuola.it/content/view/full/29472;2024/2025;3;21;1
https://www.vivoscuola.it/content/view/full/29472;2024/2025;4;27;2
https://www.vivoscuola.it/content/view/full/29472;2024/2025;5;19;1
https://www.vivoscuola.it/content/view/full/29472;2023/2024;1;25;2
https://www.vivoscuola.it/content/view/full/29472;2023/2024;2;22;1
https://www.vivoscuola.it/content/view/full/29472;2023/2024;3;28;2
https://www.vivoscuola.it/content/view/full/29472;2023/2024;4;21;1
https://www.vivoscuola.it/content/view/full/29472;2023/2024;5;28;2
https://www.vivoscuola.it/content/view/full/30022;2025/2026;0;13;0
https://www.vivoscuola.it/content/view/full/30022;2024/2025;0;20;0
https://www.vivoscuola.it/content/view/full/30022;2023/2024;0;22;0
https://www.vivoscuola.it/content/view/full/29471;2025/2026;1;6;1
https://www.vivoscuola.it/content/view/full/29471;2025/2026;2;9;1
https://www.vivoscuola.it/content/view/full/29471;2025/2026;3;7;1
https://www.vivoscuola.it/content/view/full/29471;2025/2026;4;12;1
https://www.vivoscuola.it/content/view/full/29471;2025/2026;5;10;1
https://www.vivoscuola.it/content/view/full/29471;2024/2025;1;10;1
https://www.vivoscuola.it/content/view/full/29471;2024/2025;2;7;1
https://www.vivoscuola.it/content/view/full/29471;2024/2025;3;12;1
https://www.vivoscuola.it/content/view/full/29471;2024/2025;4;10;1
https://www.vivoscuola.it/content/view/full/29471;2024/2025;5;11;1
https://www.vivoscuola.it/content/view/full/29471;2023/2024;1;11;1
https://www.vivoscuola.it/content/view/full/29471;2023/2024;2;17;1
https://www.vivoscuola.it/content/view/full/29471;2023/2024;3;14;1
https://www.vivoscuola.it/content/view/full/29471;2023/2024;4;15;1
https://www.vivoscuola.it/content/view/full/29471;2023/2024;5;12;1
https://www.vivoscuola.it/content/view/full/29473;2025/2026;1;7;1
https://www.vivoscuola.it/content/view/full/29473;2025/2026;2;7;1
https://www.vivoscuola.it/content/view/full/29473;2025/2026;3;12;1
https://www.vivoscuola.it/content/view/full/29473;2025/2026;4;15;1
https://www.vivoscuola.it/content/view/full/29473;2025/2026;5;11;1
https://www.vivoscuola.it/content/view/full/29473;2024/2025;1;7;1
https://www.vivoscuola.it/content/view/full/29473;2024/2025;2;12;1
https://www.vivoscuola.it/content/view/full/29473;2024/2025;3;15;1
https://www.vivoscuola.it/content/view/full/29473;2024/2025;4;11;1
https://www.vivoscuola.it/content/view/full/29473;2024/2025;5;14;1
https://www.vivoscuola.it/content/view/full/29473;2023/2024;1;13;1
https://www.vivoscuola.it/content/view/full/29473;2023/2024;2;14;1
https://www.vivoscuola.it/content/view/full/29473;2023/2024;3;10;1
https://www.vivoscuola.it/content/view/full/29473;2023/2024;4;14;1
https://www.vivoscuola.it/content/view/full/29473;2023/2024;5;8;1
https://www.vivoscuola.it/content/view/full/29665;2025/2026;1;28;2
https://www.vivoscuola.it/content/view/full/29665;2025/2026;2;25;2
https://www.vivoscuola.it/content/view/full/29665;2025/2026;3;31;2
https://www.vivoscuola.it/content/view/full/29665;2024/2025;1;26;2
https://www.vivoscuola.it/content/view/full/29665;2024/2025;2;29;2
https://www.vivoscuola.it/content/view/full/29665;2024/2025;3;38;2
https://www.vivoscuola.it/content/view/full/29665;2023/2024;1;29;2
https://www.vivoscuola.it/content/view/full/29665;2023/2024;2;40;2
https://www.vivoscuola.it/content/view/full/29665;2023/2024;3;27;2
https://www.vivoscuola.it/content/view/full/29474;2025/2026;1;27;2
https://www.vivoscuola.it/content/view/full/29474;2025/2026;2;18;1
https://www.vivoscuola.it/content/view/full/29474;2025/2026;3;17;1
https://www.vivoscuola.it/content/view/full/29474;2025/2026;4;17;1
https://www.vivoscuola.it/content/view/full/29474;2025/2026;5;16;1
https://www.vivoscuola.it/content/view/full/29474;2024/2025;1;19;1
https://www.vivoscuola.it/content/view/full/29474;2024/2025;2;16;1
https://www.vivoscuola.it/content/view/full/29474;2024/2025;3;18;1
https://www.vivoscuola.it/content/view/full/29474;2024/2025;4;16;1
https://www.vivoscuola.it/content/view/full/29474;2024/2025;5;13;1
https://www.vivoscuola.it/content/view/full/29474;2023/2024;1;12;1
https://www.vivoscuola.it/content/view/full/29474;2023/2024;2;12;1
https://www.vivoscuola.it/content/view/full/29474;2023/2024;3;12;1
https://www.vivoscuola.it/content/view/full/29474;2023/2024;4;9;1
https://www.vivoscuola.it/content/view/full/29474;2023/2024;5;12;1
https://www.vivoscuola.it/content/view/full/29475;2025/2026;1;14;1
https://www.vivoscuola.it/content/view/full/29475;2025/2026;2;8;1
https://www.vivoscuola.it/content/view/full/29475;2025/2026;3;15;1
https://www.vivoscuola.it/content/view/full/29475;2025/2026;4;10;1
https://www.vivoscuola.it/content/view/full/29475;2025/2026;5;8;1
https://www.vivoscuola.it/content/view/full/29475;2024/2025;1;8;1
https://www.vivoscuola.it/content/view/full/29475;2024/2025;2;15;1
https://www.vivoscuola.it/content/view/full/29475;2024/2025;3;10;1
https://www.vivoscuola.it/content/view/full/29475;2024/2025;4;8;1
https://www.vivoscuola.it/content/view/full/29475;2024/2025;5;9;1
https://www.vivoscuola.it/content/view/full/29475;2023/2024;1;14;1
https://www.vivoscuola.it/content/view/full/29475;2023/2024;2;10;1
https://www.vivoscuola.it/content/view/full/29475;2023/2024;3;8;1
https://www.vivoscuola.it/content/view/full/29475;2023/2024;4;9;1
https://www.vivoscuola.it/content/view/full/29475;2023/2024;5;12;1
https://www.vivoscuola.it/content/view/full/29476;2025/2026;1;71;4
https://www.vivoscuola.it/content/view/full/29476;2025/2026;2;69;4
https://www.vivoscuola.it/content/view/full/29476;2025/2026;3;63;3
https://www.vivoscuola.it/content/view/full/29476;2024/2025;1;72;4
https://www.vivoscuola.it/content/view/full/29476;2024/2025;2;63;3
https://www.vivoscuola.it/content/view/full/29476;2024/2025;3;92;4
https://www.vivoscuola.it/content/view/full/29476;2023/2024;1;65;3
https://www.vivoscuola.it/content/view/full/29476;2023/2024;2;89;4
https://www.vivoscuola.it/content/view/full/29476;2023/2024;3;75;4
https://www.vivoscuola.it/content/view/full/29857;2025/2026;3;135;9
https://www.vivoscuola.it/content/view/full/29857;2025/2026;3;45;3
https://www.vivoscuola.it/content/view/full/29857;2025/2026;4;20;3
https://www.vivoscuola.it/content/view/full/29857;2025/2026;5;17;3
https://www.vivoscuola.it/content/view/full/29857;2024/2025;3;165;9
https://www.vivoscuola.it/content/view/full/29857;2024/2025;3;55;3
https://www.vivoscuola.it/content/view/full/29857;2024/2025;4;25;4
https://www.vivoscuola.it/content/view/full/29857;2024/2025;5;16;3
https://www.vivoscuola.it/content/view/full/29857;2023/2024;3;153;9
https://www.vivoscuola.it/content/view/full/29857;2023/2024;3;51;3
https://www.vivoscuola.it/content/view/full/29857;2023/2024;4;19;4
https://www.vivoscuola.it/content/view/full/29857;2023/2024;5;19;3
https://www.vivoscuola.it/content/view/full/29856;2025/2026;1;353;18
https://www.vivoscuola.it/content/view/full/29856;2025/2026;2;330;17
https://www.vivoscuola.it/content/view/full/29856;2025/2026;3;359;20
https://www.vivoscuola.it/content/view/full/29856;2025/2026;4;366;20
https://www.vivoscuola.it/content/view/full/29856;2025/2026;5;326;20
https://www.vivoscuola.it/content/view/full/29856;2024/2025;1;380;18
https://www.vivoscuola.it/content/view/full/29856;2024/2025;2;348;18
https://www.vivoscuola.it/content/view/full/29856;2024/2025;3;405;20
https://www.vivoscuola.it/content/view/full/29856;2024/2025;4;347;20
https://www.vivoscuola.it/content/view/full/29856;2024/2025;5;318;18
https://www.vivoscuola.it/content/view/full/29856;2023/2024;1;392;18
https://www.vivoscuola.it/content/view/full/29856;2023/2024;2;376;18
https://www.vivoscuola.it/content/view/full/29856;2023/2024;3;381;20
https://www.vivoscuola.it/content/view/full/29856;2023/2024;4;342;19
https://www.vivoscuola.it/content/view/full/29856;2023/2024;5;305;17
https://www.vivoscuola.it/content/view/full/30004;2025/2026;0;38;0
https://www.vivoscuola.it/content/view/full/30004;2024/2025;0;36;0
https://www.vivoscuola.it/content/view/full/30004;2023/2024;0;39;0
https://www.vivoscuola.it/content/view/full/29681;2025/2026;1;18;1
https://www.vivoscuola.it/content/view/full/29681;2025/2026;2;13;1
https://www.vivoscuola.it/content/view/full/29681;2025/2026;3;8;1
https://www.vivoscuola.it/content/view/full/29681;2025/2026;4;20;1
https://www.vivoscuola.it/content/view/full/29681;2025/2026;5;15;1
https://www.vivoscuola.it/content/view/full/29681;2024/2025;1;12;1
https://www.vivoscuola.it/content/view/full/29681;2024/2025;2;8;1
https://www.vivoscuola.it/content/view/full/29681;2024/2025;3;20;1
https://www.vivoscuola.it/content/view/full/29681;2024/2025;4;13;1
https://www.vivoscuola.it/content/view/full/29681;2024/2025;5;20;1
https://www.vivoscuola.it/content/view/full/29681;2023/2024;1;8;1
https://www.vivoscuola.it/content/view/full/29681;2023/2024;2;20;1
https://www.vivoscuola.it/content/view/full/29681;2023/2024;3;12;1
https://www.vivoscuola.it/content/view/full/29681;2023/2024;4;19;1
https://www.vivoscuola.it/content/view/full/29681;2023/2024;5;17;1
https://www.vivoscuola.it/content/view/full/29998;2025/2026;0;20;0
https://www.vivoscuola.it/content/view/full/29998;2024/2025;0;18;0
https://www.vivoscuola.it/content/view/full/29998;2023/2024;0;14;0
https://www.vivoscuola.it/content/view/full/29684;2025/2026;1;123;6
https://www.vivoscuola.it/content/view/full/29684;2025/2026;2;122;6
https://www.vivoscuola.it/content/view/full/29684;2025/2026;3;120;5
https://www.vivoscuola.it/content/view/full/29684;2024/2025;1;121;6
https://www.vivoscuola.it/content/view/full/29684;2024/2025;2;116;5
https://www.vivoscuola.it/content/view/full/29684;2024/2025;3;129;6
https://www.vivoscuola.it/content/view/full/29684;2023/2024;1;111;5
https://www.vivoscuola.it/content/view/full/29684;2023/2024;2;125;6
https://www.vivoscuola.it/content/view/full/29684;2023/2024;3;110;6
https://www.vivoscuola.it/content/view/full/30064;2025/2026;0;39;0
https://www.vivoscuola.it/content/view/full/30064;2024/2025;0;37;0
https://www.vivoscuola.it/content/view/full/30064;2023/2024;0;31;0
https://www.vivoscuola.it/content/view/full/29682;2025/2026;1;38;2
https://www.vivoscuola.it/content/view/full/29682;2025/2026;2;31;2
https://www.vivoscuola.it/content/view/full/29682;2025/2026;3;35;2
https://www.vivoscuola.it/content/view/full/29682;2025/2026;4;37;2
https://www.vivoscuola.it/content/view/full/29682;2025/2026;5;32;2
https://www.vivoscuola.it/content/view/full/29682;2024/2025;1;32;2
https://www.vivoscuola.it/content/view/full/29682;2024/2025;2;35;2
https://www.vivoscuola.it/content/view/full/29682;2024/2025;3;37;2
https://www.vivoscuola.it/content/view/full/29682;2024/2025;4;30;2
https://www.vivoscuola.it/content/view/full/29682;2024/2025;5;46;3
https://www.vivoscuola.it/content/view/full/29682;2023/2024;1;33;2
https://www.vivoscuola.it/content/view/full/29682;2023/2024;2;37;2
https://www.vivoscuola.it/content/view/full/29682;2023/2024;3;30;2
https://www.vivoscuola.it/content/view/full/29682;2023/2024;4;46;3
https://www.vivoscuola.it/content/view/full/29682;2023/2024;5;43;2
https://www.vivoscuola.it/content/view/full/29680;2025/2026;1;60;3
https://www.vivoscuola.it/content/view/full/29680;2025/2026;2;57;3
https://www.vivoscuola.it/content/view/full/29680;2025/2026;3;53;3
https://www.vivoscuola.it/content/view/full/29680;2025/2026;4;67;4
https://www.vivoscuola.it/content/view/full/29680;2025/2026;5;58;3
https://www.vivoscuola.it/content/view/full/29680;2024/2025;1;57;3
https://www.vivoscuola.it/content/view/full/29680;2024/2025;2;53;3
https://www.vivoscuola.it/content/view/full/29680;2024/2025;3;69;4
https://www.vivoscuola.it/content/view/full/29680;2024/2025;4;58;3
https://www.vivoscuola.it/content/view/full/29680;2024/2025;5;56;3
https://www.vivoscuola.it/content/view/full/29680;2023/2024;1;53;3
https://www.vivoscuola.it/content/view/full/29680;2023/2024;2;71;4
https://www.vivoscuola.it/content/view/full/29680;2023/2024;3;58;3
https://www.vivoscuola.it/content/view/full/29680;2023/2024;4;59;3
https://www.vivoscuola.it/content/view/full/29680;2023/2024;5;64;3
https://www.vivoscuola.it/content/view/full/29928;2025/2026;0;44;0
https://www.vivoscuola.it/content/view/full/29928;2024/2025;0;45;0
https://www.vivoscuola.it/content/view/full/29928;2023/2024;0;38;0
https://www.vivoscuola.it/content/view/full/29964;2025/2026;0;19;0
https://www.vivoscuola.it/content/view/full/29964;2024/2025;0;13;0
https://www.vivoscuola.it/content/view/full/29964;2023/2024;0;14;0
https://www.vivoscuola.it/content/view/full/92006;2025/2026;0;60;0
https://www.vivoscuola.it/content/view/full/92006;2024/2025;0;71;0
https://www.vivoscuola.it/content/view/full/92006;2023/2024;0;65;0
https://www.vivoscuola.it/content/view/full/170195;2024/2025;5;15;1
https://www.vivoscuola.it/content/view/full/29258;2025/2026;1;32;2
https://www.vivoscuola.it/content/view/full/29258;2025/2026;2;28;2
https://www.vivoscuola.it/content/view/full/29258;2025/2026;3;32;2
https://www.vivoscuola.it/content/view/full/29258;2025/2026;4;7;1
https://www.vivoscuola.it/content/view/full/29258;2024/2025;1;32;2
https://www.vivoscuola.it/content/view/full/29258;2024/2025;2;35;2
https://www.vivoscuola.it/content/view/full/29258;2024/2025;3;16;2
https://www.vivoscuola.it/content/view/full/29258;2024/2025;4;17;1
https://www.vivoscuola.it/content/view/full/29258;2023/2024;1;38;2
https://www.vivoscuola.it/content/view/full/29258;2023/2024;2;20;1
https://www.vivoscuola.it/content/view/full/29258;2023/2024;3;20;2
https://www.vivoscuola.it/content/view/full/29258;2023/2024;4;20;1
https://www.vivoscuola.it/content/view/full/30178;2025/2026;0;38;0
https://www.vivoscuola.it/content/view/full/30178;2024/2025;0;38;0
https://www.vivoscuola.it/content/view/full/30178;2023/2024;0;33;0
https://www.vivoscuola.it/content/view/full/29451;2025/2026;1;38;2
https://www.vivoscuola.it/content/view/full/29451;2025/2026;2;46;2
https://www.vivoscuola.it/content/view/full/29451;2025/2026;3;57;3
https://www.vivoscuola.it/content/view/full/29451;2025/2026;4;45;2
https://www.vivoscuola.it/content/view/full/29451;2025/2026;5;72;3
https://www.vivoscuola.it/content/view/full/29451;2024/2025;1;49;2
https://www.vivoscuola.it/content/view/full/29451;2024/2025;2;61;3
https://www.vivoscuola.it/content/view/full/29451;2024/2025;3;46;2
https://www.vivoscuola.it/content/view/full/29451;2024/2025;4;74;3
https://www.vivoscuola.it/content/view/full/29451;2024/2025;5;60;3
https://www.vivoscuola.it/content/view/full/29451;2023/2024;1;66;3
https://www.vivoscuola.it/content/view/full/29451;2023/2024;2;44;2
https://www.vivoscuola.it/content/view/full/29451;2023/2024;3;71;3
https://www.vivoscuola.it/content/view/full/29451;2023/2024;4;64;3
https://www.vivoscuola.it/content/view/full/29451;2023/2024;5;64;3
https://www.vivoscuola.it/content/view/full/29452;2025/2026;1;25;2
https://www.vivoscuola.it/content/view/full/29452;2025/2026;2;24;1
https://www.vivoscuola.it/content/view/full/29452;2025/2026;3;30;2
https://www.vivoscuola.it/content/view/full/29452;2025/2026;4;40;2
https://www.vivoscuola.it/content/view/full/29452;2025/2026;5;38;2
https://www.vivoscuola.it/content/view/full/29452;2024/2025;1;24;1
https://www.vivoscuola.it/content/view/full/29452;2024/2025;2;31;2
https://www.vivoscuola.it/content/view/full/29452;2024/2025;3;42;2
https://www.vivoscuola.it/content/view/full/29452;2024/2025;4;38;2
https://www.vivoscuola.it/content/view/full/29452;2024/2025;5;37;2
https://www.vivoscuola.it/content/view/full/29452;2023/2024;1;32;2
https://www.vivoscuola.it/content/view/full/29452;2023/2024;2;42;2
https://www.vivoscuola.it/content/view/full/29452;2023/2024;3;40;2
https://www.vivoscuola.it/content/view/full/29452;2023/2024;4;38;2
https://www.vivoscuola.it/content/view/full/29452;2023/2024;5;35;2
https://www.vivoscuola.it/content/view/full/29454;2025/2026;1;38;2
https://www.vivoscuola.it/content/view/full/29454;2025/2026;2;42;2
https://www.vivoscuola.it/content/view/full/29454;2025/2026;3;41;2
https://www.vivoscuola.it/content/view/full/29454;2025/2026;4;42;2
https://www.vivoscuola.it/content/view/full/29454;2025/2026;5;36;2
https://www.vivoscuola.it/content/view/full/29454;2024/2025;1;41;2
https://www.vivoscuola.it/content/view/full/29454;2024/2025;2;42;2
https://www.vivoscuola.it/content/view/full/29454;2024/2025;3;42;2
https://www.vivoscuola.it/content/view/full/29454;2024/2025;4;37;2
https://www.vivoscuola.it/content/view/full/29454;2024/2025;5;52;3
https://www.vivoscuola.it/content/view/full/29454;2023/2024;1;39;2
https://www.vivoscuola.it/content/view/full/29454;2023/2024;2;40;2
https://www.vivoscuola.it/content/view/full/29454;2023/2024;3;36;2
https://www.vivoscuola.it/content/view/full/29454;2023/2024;4;51;3
https://www.vivoscuola.it/content/view/full/29454;2023/2024;5;48;3
https://www.vivoscuola.it/content/view/full/29453;2025/2026;1;13;1
https://www.vivoscuola.it/content/view/full/29453;2025/2026;2;20;1
https://www.vivoscuola.it/content/view/full/29453;2025/2026;3;16;1
https://www.vivoscuola.it/content/view/full/29453;2025/2026;4;22;1
https://www.vivoscuola.it/content/view/full/29453;2025/2026;5;20;1
https://www.vivoscuola.it/content/view/full/29453;2024/2025;1;21;1
https://www.vivoscuola.it/content/view/full/29453;2024/2025;2;17;1
https://www.vivoscuola.it/content/view/full/29453;2024/2025;3;22;1
https://www.vivoscuola.it/content/view/full/29453;2024/2025;4;19;1
https://www.vivoscuola.it/content/view/full/29453;2024/2025;5;20;1
https://www.vivoscuola.it/content/view/full/29453;2023/2024;1;17;1
https://www.vivoscuola.it/content/view/full/29453;2023/2024;2;21;1
https://www.vivoscuola.it/content/view/full/29453;2023/2024;3;19;1
https://www.vivoscuola.it/content/view/full/29453;2023/2024;4;21;1
https://www.vivoscuola.it/content/view/full/29453;2023/2024;5;24;1
https://www.vivoscuola.it/content/view/full/29648;2025/2026;1;22;1
https://www.vivoscuola.it/content/view/full/29648;2025/2026;2;28;2
https://www.vivoscuola.it/content/view/full/29648;2025/2026;3;25;2
https://www.vivoscuola.it/content/view/full/29648;2025/2026;4;22;1
https://www.vivoscuola.it/content/view/full/29648;2025/2026;5;40;2
https://www.vivoscuola.it/content/view/full/29648;2024/2025;1;29;2
https://www.vivoscuola.it/content/view/full/29648;2024/2025;2;25;2
https://www.vivoscuola.it/content/view/full/29648;2024/2025;3;23;1
https://www.vivoscuola.it/content/view/full/29648;2024/2025;4;40;2
https://www.vivoscuola.it/content/view/full/29648;2024/2025;5;18;1
https://www.vivoscuola.it/content/view/full/29648;2023/2024;1;25;2
https://www.vivoscuola.it/content/view/full/29648;2023/2024;2;23;1
https://www.vivoscuola.it/content/view/full/29648;2023/2024;3;40;2
https://www.vivoscuola.it/content/view/full/29648;2023/2024;4;18;1
https://www.vivoscuola.it/content/view/full/29648;2023/2024;5;34;2
https://www.vivoscuola.it/content/view/full/29455;2025/2026;1;156;7
https://www.vivoscuola.it/content/view/full/29455;2025/2026;2;153;7
https://www.vivoscuola.it/content/view/full/29455;2025/2026;3;166;7
https://www.vivoscuola.it/content/view/full/29455;2024/2025;1;158;7
https://www.vivoscuola.it/content/view/full/29455;2024/2025;2;167;7
https://www.vivoscuola.it/content/view/full/29455;2024/2025;3;171;7
https://www.vivoscuola.it/content/view/full/29455;2023/2024;1;160;7
https://www.vivoscuola.it/content/view/full/29455;2023/2024;2;177;7
https://www.vivoscuola.it/content/view/full/29455;2023/2024;3;161;7
https://www.vivoscuola.it/content/view/full/29259;2025/2026;1;23;1
https://www.vivoscuola.it/content/view/full/29259;2025/2026;2;44;3
https://www.vivoscuola.it/content/view/full/29259;2025/2026;3;25;2
https://www.vivoscuola.it/content/view/full/29259;2025/2026;4;19;2
https://www.vivoscuola.it/content/view/full/29259;2024/2025;1;44;2
https://www.vivoscuola.it/content/view/full/29259;2024/2025;2;35;2
https://www.vivoscuola.it/content/view/full/29259;2024/2025;3;25;2
https://www.vivoscuola.it/content/view/full/29259;2024/2025;4;15;2
https://www.vivoscuola.it/content/view/full/29259;2023/2024;1;42;2
https://www.vivoscuola.it/content/view/full/29259;2023/2024;2;32;2
https://www.vivoscuola.it/content/view/full/29259;2023/2024;3;27;2
https://www.vivoscuola.it/content/view/full/29259;2023/2024;4;21;2
https://www.vivoscuola.it/content/view/full/29650;2025/2026;1;15;1
https://www.vivoscuola.it/content/view/full/29650;2025/2026;2;31;2
https://www.vivoscuola.it/content/view/full/29650;2025/2026;3;27;2
https://www.vivoscuola.it/content/view/full/29650;2025/2026;4;30;2
https://www.vivoscuola.it/content/view/full/29650;2025/2026;5;24;1
https://www.vivoscuola.it/content/view/full/29650;2024/2025;1;32;2
https://www.vivoscuola.it/content/view/full/29650;2024/2025;2;26;2
https://www.vivoscuola.it/content/view/full/29650;2024/2025;3;29;2
https://www.vivoscuola.it/content/view/full/29650;2024/2025;4;24;1
https://www.vivoscuola.it/content/view/full/29650;2024/2025;5;34;2
https://www.vivoscuola.it/content/view/full/29650;2023/2024;1;30;2
https://www.vivoscuola.it/content/view/full/29650;2023/2024;2;27;2
https://www.vivoscuola.it/content/view/full/29650;2023/2024;3;25;1
https://www.vivoscuola.it/content/view/full/29650;2023/2024;4;34;2
https://www.vivoscuola.it/content/view/full/29650;2023/2024;5;34;2
https://www.vivoscuola.it/content/view/full/29649;2025/2026;1;47;2
https://www.vivoscuola.it/content/view/full/29649;2025/2026;2;50;3
https://www.vivoscuola.it/content/view/full/29649;2025/2026;3;42;2
https://www.vivoscuola.it/content/view/full/29649;2025/2026;4;48;2
https://www.vivoscuola.it/content/view/full/29649;2025/2026;5;58;3
https://www.vivoscuola.it/content/view/full/29649;2024/2025;1;51;3
https://www.vivoscuola.it/content/view/full/29649;2024/2025;2;43;2
https://www.vivoscuola.it/content/view/full/29649;2024/2025;3;50;2
https://www.vivoscuola.it/content/view/full/29649;2024/2025;4;60;3
https://www.vivoscuola.it/content/view/full/29649;2024/2025;5;60;3
https://www.vivoscuola.it/content/view/full/29649;2023/2024;1;43;2
https://www.vivoscuola.it/content/view/full/29649;2023/2024;2;47;2
https://www.vivoscuola.it/content/view/full/29649;2023/2024;3;56;3
https://www.vivoscuola.it/content/view/full/29649;2023/2024;4;58;3
https://www.vivoscuola.it/content/view/full/29649;2023/2024;5;60;3
https://www.vivoscuola.it/content/view/full/29651;2025/2026;1;98;5
https://www.vivoscuola.it/content/view/full/29651;2025/2026;2;110;5
https://www.vivoscuola.it/content/view/full/29651;2025/2026;3;114;6
https://www.vivoscuola.it/content/view/full/29651;2024/2025;1;110;5
https://www.vivoscuola.it/content/view/full/29651;2024/2025;2;112;6
https://www.vivoscuola.it/content/view/full/29651;2024/2025;3;137;6
https://www.vivoscuola.it/content/view/full/29651;2023/2024;1;115;6
https://www.vivoscuola.it/content/view/full/29651;2023/2024;2;137;6
https://www.vivoscuola.it/content/view/full/29651;2023/2024;3;109;5
https://www.vivoscuola.it/content/view/full/29906;2025/2026;1;151;7
https://www.vivoscuola.it/content/view/full/29906;2025/2026;2;169;8
https://www.vivoscuola.it/content/view/full/29906;2025/2026;3;156;8
https://www.vivoscuola.it/content/view/full/29906;2025/2026;4;163;10
https://www.vivoscuola.it/content/view/full/29906;2025/2026;5;169;9
https://www.vivoscuola.it/content/view/full/29906;2024/2025;1;187;8
https://www.vivoscuola.it/content/view/full/29906;2024/2025;2;161;9
https://www.vivoscuola.it/content/view/full/29906;2024/2025;3;181;10
https://www.vivoscuola.it/content/view/full/29906;2024/2025;4;177;9
https://www.vivoscuola.it/content/view/full/29906;2024/2025;5;126;8
https://www.vivoscuola.it/content/view/full/29906;2023/2024;1;178;9
https://www.vivoscuola.it/content/view/full/29906;2023/2024;2;201;10
https://www.vivoscuola.it/content/view/full/29906;2023/2024;3;198;9
https://www.vivoscuola.it/content/view/full/29906;2023/2024;4;137;8
https://www.vivoscuola.it/content/view/full/29906;2023/2024;5;150;8
https://www.vivoscuola.it/content/view/full/29905;2025/2026;1;113;6
https://www.vivoscuola.it/content/view/full/29905;2025/2026;2;115;7
https://www.vivoscuola.it/content/view/full/29905;2025/2026;3;123;7
https://www.vivoscuola.it/content/view/full/29905;2025/2026;4;103;6
https://www.vivoscuola.it/content/view/full/29905;2025/2026;5;117;6
https://www.vivoscuola.it/content/view/full/29905;2024/2025;1;139;7
https://www.vivoscuola.it/content/view/full/29905;2024/2025;2;133;7
https://www.vivoscuola.it/content/view/full/29905;2024/2025;3;113;6
https://www.vivoscuola.it/content/view/full/29905;2024/2025;4;118;6
https://www.vivoscuola.it/content/view/full/29905;2024/2025;5;119;7
https://www.vivoscuola.it/content/view/full/29905;2023/2024;1;155;7
https://www.vivoscuola.it/content/view/full/29905;2023/2024;2;116;6
https://www.vivoscuola.it/content/view/full/29905;2023/2024;3;121;6
https://www.vivoscuola.it/content/view/full/29905;2023/2024;4;126;7
https://www.vivoscuola.it/content/view/full/29905;2023/2024;5;97;6
https://www.vivoscuola.it/content/view/full/61888;2025/2026;0;97;0
https://www.vivoscuola.it/content/view/full/61888;2024/2025;0;91;0
https://www.vivoscuola.it/content/view/full/61888;2023/2024;0;102;0
https://www.vivoscuola.it/content/view/full/29654;2025/2026;1;6;1
https://www.vivoscuola.it/content/view/full/29654;2025/2026;2;6;1
https://www.vivoscuola.it/content/view/full/29654;2025/2026;3;8;1
https://www.vivoscuola.it/content/view/full/29654;2025/2026;4;5;1
https://www.vivoscuola.it/content/view/full/29654;2025/2026;5;4;1
https://www.vivoscuola.it/content/view/full/29654;2024/2025;1;5;1
https://www.vivoscuola.it/content/view/full/29654;2024/2025;2;8;1
https://www.vivoscuola.it/content/view/full/29654;2024/2025;3;5;1
https://www.vivoscuola.it/content/view/full/29654;2024/2025;4;4;1
https://www.vivoscuola.it/content/view/full/29654;2024/2025;5;1;1
https://www.vivoscuola.it/content/view/full/29654;2023/2024;1;8;1
https://www.vivoscuola.it/content/view/full/29654;2023/2024;2;5;1
https://www.vivoscuola.it/content/view/full/29654;2023/2024;3;4;1
https://www.vivoscuola.it/content/view/full/29654;2023/2024;4;1;1
https://www.vivoscuola.it/content/view/full/29654;2023/2024;5;7;1
https://www.vivoscuola.it/content/view/full/29655;2025/2026;1;8;2
https://www.vivoscuola.it/content/view/full/29655;2025/2026;2;7;1
https://www.vivoscuola.it/content/view/full/29655;2025/2026;3;7;1
https://www.vivoscuola.it/content/view/full/29655;2025/2026;4;6;1
https://www.vivoscuola.it/content/view/full/29655;2025/2026;5;9;1
https://www.vivoscuola.it/content/view/full/29655;2024/2025;1;7;1
https://www.vivoscuola.it/content/view/full/29655;2024/2025;2;7;1
https://www.vivoscuola.it/content/view/full/29655;2024/2025;3;6;1
https://www.vivoscuola.it/content/view/full/29655;2024/2025;4;9;1
https://www.vivoscuola.it/content/view/full/29655;2024/2025;5;6;1
https://www.vivoscuola.it/content/view/full/29655;2023/2024;1;7;1
https://www.vivoscuola.it/content/view/full/29655;2023/2024;2;6;1
https://www.vivoscuola.it/content/view/full/29655;2023/2024;3;9;1
https://www.vivoscuola.it/content/view/full/29655;2023/2024;4;5;1
https://www.vivoscuola.it/content/view/full/29655;2023/2024;5;7;1
https://www.vivoscuola.it/content/view/full/29653;2025/2026;1;10;1
https://www.vivoscuola.it/content/view/full/29653;2025/2026;2;19;1
https://www.vivoscuola.it/content/view/full/29653;2025/2026;3;12;1
https://www.vivoscuola.it/content/view/full/29653;2025/2026;4;15;1
https://www.vivoscuola.it/content/view/full/29653;2025/2026;5;15;1
https://www.vivoscuola.it/content/view/full/29653;2024/2025;1;18;1
https://www.vivoscuola.it/content/view/full/29653;2024/2025;2;12;1
https://www.vivoscuola.it/content/view/full/29653;2024/2025;3;15;1
https://www.vivoscuola.it/content/view/full/29653;2024/2025;4;15;1
https://www.vivoscuola.it/content/view/full/29653;2024/2025;5;14;1
https://www.vivoscuola.it/content/view/full/29653;2023/2024;1;14;1
https://www.vivoscuola.it/content/view/full/29653;2023/2024;2;16;1
https://www.vivoscuola.it/content/view/full/29653;2023/2024;3;21;1
https://www.vivoscuola.it/content/view/full/29653;2023/2024;4;16;1
https://www.vivoscuola.it/content/view/full/29653;2023/2024;5;10;1
https://www.vivoscuola.it/content/view/full/29656;2025/2026;1;15;1
https://www.vivoscuola.it/content/view/full/29656;2025/2026;2;14;1
https://www.vivoscuola.it/content/view/full/29656;2025/2026;3;21;1
https://www.vivoscuola.it/content/view/full/29656;2025/2026;4;17;1
https://www.vivoscuola.it/content/view/full/29656;2025/2026;5;14;1
https://www.vivoscuola.it/content/view/full/29656;2024/2025;1;14;1
https://www.vivoscuola.it/content/view/full/29656;2024/2025;2;21;1
https://www.vivoscuola.it/content/view/full/29656;2024/2025;3;17;1
https://www.vivoscuola.it/content/view/full/29656;2024/2025;4;14;1
https://www.vivoscuola.it/content/view/full/29656;2024/2025;5;16;1
https://www.vivoscuola.it/content/view/full/29656;2023/2024;1;16;1
https://www.vivoscuola.it/content/view/full/29656;2023/2024;2;16;1
https://www.vivoscuola.it/content/view/full/29656;2023/2024;3;13;1
https://www.vivoscuola.it/content/view/full/29656;2023/2024;4;16;1
https://www.vivoscuola.it/content/view/full/29656;2023/2024;5;12;1
https://www.vivoscuola.it/content/view/full/29658;2025/2026;1;14;1
https://www.vivoscuola.it/content/view/full/29658;2025/2026;2;14;1
https://www.vivoscuola.it/content/view/full/29658;2025/2026;3;11;2
https://www.vivoscuola.it/content/view/full/29658;2025/2026;4;2;1
https://www.vivoscuola.it/content/view/full/29658;2025/2026;5;18;1
https://www.vivoscuola.it/content/view/full/29658;2024/2025;1;15;1
https://www.vivoscuola.it/content/view/full/29658;2024/2025;2;10;1
https://www.vivoscuola.it/content/view/full/29658;2024/2025;3;2;1
https://www.vivoscuola.it/content/view/full/29658;2024/2025;4;17;1
https://www.vivoscuola.it/content/view/full/29658;2024/2025;5;8;1
https://www.vivoscuola.it/content/view/full/29658;2023/2024;1;11;1
https://www.vivoscuola.it/content/view/full/29658;2023/2024;2;2;1
https://www.vivoscuola.it/content/view/full/29658;2023/2024;3;18;1
https://www.vivoscuola.it/content/view/full/29658;2023/2024;4;8;1
https://www.vivoscuola.it/content/view/full/29658;2023/2024;5;11;1
https://www.vivoscuola.it/content/view/full/29657;2025/2026;1;19;1
https://www.vivoscuola.it/content/view/full/29657;2025/2026;2;10;1
https://www.vivoscuola.it/content/view/full/29657;2025/2026;3;23;1
https://www.vivoscuola.it/content/view/full/29657;2025/2026;4;18;1
https://www.vivoscuola.it/content/view/full/29657;2025/2026;5;15;1
https://www.vivoscuola.it/content/view/full/29657;2024/2025;1;8;1
https://www.vivoscuola.it/content/view/full/29657;2024/2025;2;23;1
https://www.vivoscuola.it/content/view/full/29657;2024/2025;3;19;1
https://www.vivoscuola.it/content/view/full/29657;2024/2025;4;14;1
https://www.vivoscuola.it/content/view/full/29657;2024/2025;5;12;1
https://www.vivoscuola.it/content/view/full/29657;2023/2024;1;24;1
https://www.vivoscuola.it/content/view/full/29657;2023/2024;2;19;1
https://www.vivoscuola.it/content/view/full/29657;2023/2024;3;12;1
https://www.vivoscuola.it/content/view/full/29657;2023/2024;4;11;1
https://www.vivoscuola.it/content/view/full/29657;2023/2024;5;15;1
https://www.vivoscuola.it/content/view/full/29659;2025/2026;1;43;2
https://www.vivoscuola.it/content/view/full/29659;2025/2026;2;59;3
https://www.vivoscuola.it/content/view/full/29659;2025/2026;3;67;3
https://www.vivoscuola.it/content/view/full/29659;2024/2025;1;55;3
https://www.vivoscuola.it/content/view/full/29659;2024/2025;2;69;3
https://www.vivoscuola.it/content/view/full/29659;2024/2025;3;60;3
https://www.vivoscuola.it/content/view/full/29659;2023/2024;1;67;3
https://www.vivoscuola.it/content/view/full/29659;2023/2024;2;61;3
https://www.vivoscuola.it/content/view/full/29659;2023/2024;3;64;3
https://www.vivoscuola.it/content/view/full/29616;2025/2026;1;22;1
https://www.vivoscuola.it/content/view/full/29616;2025/2026;2;17;1
https://www.vivoscuola.it/content/view/full/29616;2025/2026;3;7;1
https://www.vivoscuola.it/content/view/full/29616;2025/2026;4;18;1
https://www.vivoscuola.it/content/view/full/29616;2025/2026;5;15;1
https://www.vivoscuola.it/content/view/full/29616;2024/2025;1;16;1
https://www.vivoscuola.it/content/view/full/29616;2024/2025;2;7;1
https://www.vivoscuola.it/content/view/full/29616;2024/2025;3;17;1
https://www.vivoscuola.it/content/view/full/29616;2024/2025;4;15;1
https://www.vivoscuola.it/content/view/full/29616;2024/2025;5;18;1
https://www.vivoscuola.it/content/view/full/29616;2023/2024;1;9;1
https://www.vivoscuola.it/content/view/full/29616;2023/2024;2;16;1
https://www.vivoscuola.it/content/view/full/29616;2023/2024;3;14;1
https://www.vivoscuola.it/content/view/full/29616;2023/2024;4;20;1
https://www.vivoscuola.it/content/view/full/29616;2023/2024;5;22;2
https://www.vivoscuola.it/content/view/full/29660;2025/2026;1;12;1
https://www.vivoscuola.it/content/view/full/29660;2025/2026;2;9;1
https://www.vivoscuola.it/content/view/full/29660;2025/2026;3;15;1
https://www.vivoscuola.it/content/view/full/29660;2024/2025;1;9;1
https://www.vivoscuola.it/content/view/full/29660;2024/2025;2;15;1
https://www.vivoscuola.it/content/view/full/29660;2024/2025;3;14;1
https://www.vivoscuola.it/content/view/full/29660;2023/2024;1;16;1
https://www.vivoscuola.it/content/view/full/29660;2023/2024;2;12;1
https://www.vivoscuola.it/content/view/full/29660;2023/2024;3;10;1
https://www.vivoscuola.it/content/view/full/29617;2025/2026;1;13;1
https://www.vivoscuola.it/content/view/full/29617;2025/2026;2;19;1
https://www.vivoscuola.it/content/view/full/29617;2025/2026;3;15;1
https://www.vivoscuola.it/content/view/full/29617;2025/2026;4;14;1
https://www.vivoscuola.it/content/view/full/29617;2025/2026;5;16;1
https://www.vivoscuola.it/content/view/full/29617;2024/2025;1;18;1
https://www.vivoscuola.it/content/view/full/29617;2024/2025;2;15;1
https://www.vivoscuola.it/content/view/full/29617;2024/2025;3;14;1
https://www.vivoscuola.it/content/view/full/29617;2024/2025;4;17;1
https://www.vivoscuola.it/content/view/full/29617;2024/2025;5;18;1
https://www.vivoscuola.it/content/view/full/29617;2023/2024;1;15;1
https://www.vivoscuola.it/content/view/full/29617;2023/2024;2;14;1
https://www.vivoscuola.it/content/view/full/29617;2023/2024;3;16;1
https://www.vivoscuola.it/content/view/full/29617;2023/2024;4;17;1
https://www.vivoscuola.it/content/view/full/29617;2023/2024;5;26;2
https://www.vivoscuola.it/content/view/full/29614;2025/2026;1;56;3
https://www.vivoscuola.it/content/view/full/29614;2025/2026;2;53;3
https://www.vivoscuola.it/content/view/full/29614;2025/2026;3;75;4
https://www.vivoscuola.it/content/view/full/29614;2025/2026;4;63;3
https://www.vivoscuola.it/content/view/full/29614;2025/2026;5;76;4
https://www.vivoscuola.it/content/view/full/29614;2024/2025;1;56;3
https://www.vivoscuola.it/content/view/full/29614;2024/2025;2;78;4
https://www.vivoscuola.it/content/view/full/29614;2024/2025;3;65;3
https://www.vivoscuola.it/content/view/full/29614;2024/2025;4;76;4
https://www.vivoscuola.it/content/view/full/29614;2024/2025;5;60;3
https://www.vivoscuola.it/content/view/full/29614;2023/2024;1;84;4
https://www.vivoscuola.it/content/view/full/29614;2023/2024;2;65;3
https://www.vivoscuola.it/content/view/full/29614;2023/2024;3;78;4
https://www.vivoscuola.it/content/view/full/29614;2023/2024;4;63;3
https://www.vivoscuola.it/content/view/full/29614;2023/2024;5;59;3
https://www.vivoscuola.it/content/view/full/30008;2025/2026;0;91;0
https://www.vivoscuola.it/content/view/full/30008;2024/2025;0;105;0
https://www.vivoscuola.it/content/view/full/30008;2023/2024;0;104;0
https://www.vivoscuola.it/content/view/full/29618;2025/2026;1;107;5
https://www.vivoscuola.it/content/view/full/29618;2025/2026;2;136;7
https://www.vivoscuola.it/content/view/full/29618;2025/2026;3;124;6
https://www.vivoscuola.it/content/view/full/29618;2024/2025;1;140;7
https://www.vivoscuola.it/content/view/full/29618;2024/2025;2;126;6
https://www.vivoscuola.it/content/view/full/29618;2024/2025;3;116;5
https://www.vivoscuola.it/content/view/full/29618;2023/2024;1;131;6
https://www.vivoscuola.it/content/view/full/29618;2023/2024;2;117;5
https://www.vivoscuola.it/content/view/full/29618;2023/2024;3;164;7
https://www.vivoscuola.it/content/view/full/29936;2025/2026;0;74;0
https://www.vivoscuola.it/content/view/full/29936;2024/2025;0;85;0
https://www.vivoscuola.it/content/view/full/29936;2023/2024;0;74;0
https://www.vivoscuola.it/content/view/full/29615;2025/2026;1;19;1
https://www.vivoscuola.it/content/view/full/29615;2025/2026;2;14;1
https://www.vivoscuola.it/content/view/full/29615;2025/2026;3;13;1
https://www.vivoscuola.it/content/view/full/29615;2025/2026;4;28;2
https://www.vivoscuola.it/content/view/full/29615;2025/2026;5;17;1
https://www.vivoscuola.it/content/view/full/29615;2024/2025;1;15;1
https://www.vivoscuola.it/content/view/full/29615;2024/2025;2;14;1
https://www.vivoscuola.it/content/view/full/29615;2024/2025;3;29;2
https://www.vivoscuola.it/content/view/full/29615;2024/2025;4;17;1
https://www.vivoscuola.it/content/view/full/29615;2024/2025;5;28;2
https://www.vivoscuola.it/content/view/full/29615;2023/2024;1;14;1
https://www.vivoscuola.it/content/view/full/29615;2023/2024;2;28;2
https://www.vivoscuola.it/content/view/full/29615;2023/2024;3;17;1
https://www.vivoscuola.it/content/view/full/29615;2023/2024;4;28;2
https://www.vivoscuola.it/content/view/full/29615;2023/2024;5;19;1
https://www.vivoscuola.it/content/view/full/29254;2025/2026;1;41;2
https://www.vivoscuola.it/content/view/full/29254;2025/2026;2;70;4
https://www.vivoscuola.it/content/view/full/29254;2025/2026;3;48;3
https://www.vivoscuola.it/content/view/full/29254;2025/2026;4;20;2
https://www.vivoscuola.it/content/view/full/29254;2024/2025;1;66;3
https://www.vivoscuola.it/content/view/full/29254;2024/2025;2;55;3
https://www.vivoscuola.it/content/view/full/29254;2024/2025;3;41;3
https://www.vivoscuola.it/content/view/full/29254;2024/2025;4;28;2
https://www.vivoscuola.it/content/view/full/29254;2023/2024;1;59;3
https://www.vivoscuola.it/content/view/full/29254;2023/2024;2;48;3
https://www.vivoscuola.it/content/view/full/29254;2023/2024;3;50;3
https://www.vivoscuola.it/content/view/full/29254;2023/2024;4;15;1
https://www.vivoscuola.it/content/view/full/29463;2025/2026;1;15;1
https://www.vivoscuola.it/content/view/full/29463;2025/2026;2;10;1
https://www.vivoscuola.it/content/view/full/29463;2025/2026;3;13;1
https://www.vivoscuola.it/content/view/full/29463;2025/2026;4;13;1
https://www.vivoscuola.it/content/view/full/29463;2025/2026;5;21;1
https://www.vivoscuola.it/content/view/full/29463;2024/2025;1;10;1
https://www.vivoscuola.it/content/view/full/29463;2024/2025;2;15;1
https://www.vivoscuola.it/content/view/full/29463;2024/2025;3;14;1
https://www.vivoscuola.it/content/view/full/29463;2024/2025;4;22;1
https://www.vivoscuola.it/content/view/full/29463;2024/2025;5;12;1
https://www.vivoscuola.it/content/view/full/29463;2023/2024;1;15;1
https://www.vivoscuola.it/content/view/full/29463;2023/2024;2;15;1
https://www.vivoscuola.it/content/view/full/29463;2023/2024;3;22;1
https://www.vivoscuola.it/content/view/full/29463;2023/2024;4;12;1
https://www.vivoscuola.it/content/view/full/29463;2023/2024;5;22;1
https://www.vivoscuola.it/content/view/full/29287;2025/2026;1;10;1
https://www.vivoscuola.it/content/view/full/29287;2025/2026;2;14;2
https://www.vivoscuola.it/content/view/full/29287;2025/2026;3;12;2
https://www.vivoscuola.it/content/view/full/29287;2025/2026;4;7;4
https://www.vivoscuola.it/content/view/full/29287;2024/2025;1;16;1
https://www.vivoscuola.it/content/view/full/29287;2024/2025;2;12;2
https://www.vivoscuola.it/content/view/full/29287;2024/2025;3;13;2
https://www.vivoscuola.it/content/view/full/29287;2024/2025;4;7;2
https://www.vivoscuola.it/content/view/full/29287;2023/2024;1;8;1
https://www.vivoscuola.it/content/view/full/29287;2023/2024;2;15;2
https://www.vivoscuola.it/content/view/full/29287;2023/2024;3;14;2
https://www.vivoscuola.it/content/view/full/29287;2023/2024;4;5;2
https://www.vivoscuola.it/content/view/full/29464;2025/2026;1;23;1
https://www.vivoscuola.it/content/view/full/29464;2025/2026;2;29;2
https://www.vivoscuola.it/content/view/full/29464;2025/2026;3;20;1
https://www.vivoscuola.it/content/view/full/29464;2025/2026;4;21;1
https://www.vivoscuola.it/content/view/full/29464;2025/2026;5;22;1
https://www.vivoscuola.it/content/view/full/29464;2024/2025;1;27;2
https://www.vivoscuola.it/content/view/full/29464;2024/2025;2;20;1
https://www.vivoscuola.it/content/view/full/29464;2024/2025;3;21;1
https://www.vivoscuola.it/content/view/full/29464;2024/2025;4;21;1
https://www.vivoscuola.it/content/view/full/29464;2024/2025;5;27;2
https://www.vivoscuola.it/content/view/full/29464;2023/2024;1;21;1
https://www.vivoscuola.it/content/view/full/29464;2023/2024;2;19;1
https://www.vivoscuola.it/content/view/full/29464;2023/2024;3;22;1
https://www.vivoscuola.it/content/view/full/29464;2023/2024;4;28;2
https://www.vivoscuola.it/content/view/full/29464;2023/2024;5;32;2
https://www.vivoscuola.it/content/view/full/29286;2025/2026;1;10;1
https://www.vivoscuola.it/content/view/full/29286;2025/2026;4;5;1
https://www.vivoscuola.it/content/view/full/29286;2024/2025;3;9;1
https://www.vivoscuola.it/content/view/full/29286;2024/2025;4;4;1
https://www.vivoscuola.it/content/view/full/29286;2023/2024;2;12;1
https://www.vivoscuola.it/content/view/full/29286;2023/2024;3;8;1
https://www.vivoscuola.it/content/view/full/29286;2023/2024;4;4;1
https://www.vivoscuola.it/content/view/full/29467;2025/2026;1;7;1
https://www.vivoscuola.it/content/view/full/29467;2025/2026;2;10;1
https://www.vivoscuola.it/content/view/full/29467;2025/2026;3;14;1
https://www.vivoscuola.it/content/view/full/29467;2025/2026;4;10;2
https://www.vivoscuola.it/content/view/full/29467;2025/2026;5;11;1
https://www.vivoscuola.it/content/view/full/29467;2024/2025;1;9;1
https://www.vivoscuola.it/content/view/full/29467;2024/2025;2;13;1
https://www.vivoscuola.it/content/view/full/29467;2024/2025;3;9;1
https://www.vivoscuola.it/content/view/full/29467;2024/2025;4;13;1
https://www.vivoscuola.it/content/view/full/29467;2024/2025;5;11;1
https://www.vivoscuola.it/content/view/full/29467;2023/2024;1;14;1
https://www.vivoscuola.it/content/view/full/29467;2023/2024;2;8;1
https://www.vivoscuola.it/content/view/full/29467;2023/2024;3;13;1
https://www.vivoscuola.it/content/view/full/29467;2023/2024;4;13;1
https://www.vivoscuola.it/content/view/full/29467;2023/2024;5;8;1
https://www.vivoscuola.it/content/view/full/29462;2025/2026;1;13;1
https://www.vivoscuola.it/content/view/full/29462;2025/2026;2;16;1
https://www.vivoscuola.it/content/view/full/29462;2025/2026;3;16;1
https://www.vivoscuola.it/content/view/full/29462;2025/2026;4;12;1
https://www.vivoscuola.it/content/view/full/29462;2025/2026;5;10;1
https://www.vivoscuola.it/content/view/full/29462;2024/2025;1;16;1
https://www.vivoscuola.it/content/view/full/29462;2024/2025;2;15;1
https://www.vivoscuola.it/content/view/full/29462;2024/2025;3;12;1
https://www.vivoscuola.it/content/view/full/29462;2024/2025;4;10;1
https://www.vivoscuola.it/content/view/full/29462;2024/2025;5;15;1
https://www.vivoscuola.it/content/view/full/29462;2023/2024;1;15;1
https://www.vivoscuola.it/content/view/full/29462;2023/2024;2;12;1
https://www.vivoscuola.it/content/view/full/29462;2023/2024;3;10;1
https://www.vivoscuola.it/content/view/full/29462;2023/2024;4;15;1
https://www.vivoscuola.it/content/view/full/29462;2023/2024;5;13;1
https://www.vivoscuola.it/content/view/full/29465;2025/2026;1;8;1
https://www.vivoscuola.it/content/view/full/29465;2025/2026;2;8;1
https://www.vivoscuola.it/content/view/full/29465;2025/2026;3;6;1
https://www.vivoscuola.it/content/view/full/29465;2025/2026;4;10;1
https://www.vivoscuola.it/content/view/full/29465;2025/2026;5;3;1
https://www.vivoscuola.it/content/view/full/29465;2024/2025;1;8;1
https://www.vivoscuola.it/content/view/full/29465;2024/2025;2;8;1
https://www.vivoscuola.it/content/view/full/29465;2024/2025;3;10;1
https://www.vivoscuola.it/content/view/full/29465;2024/2025;4;4;1
https://www.vivoscuola.it/content/view/full/29465;2024/2025;5;13;1
https://www.vivoscuola.it/content/view/full/29465;2023/2024;1;8;1
https://www.vivoscuola.it/content/view/full/29465;2023/2024;2;11;1
https://www.vivoscuola.it/content/view/full/29465;2023/2024;3;5;1
https://www.vivoscuola.it/content/view/full/29465;2023/2024;4;14;1
https://www.vivoscuola.it/content/view/full/29465;2023/2024;5;6;1
https://www.vivoscuola.it/content/view/full/29468;2025/2026;1;33;2
https://www.vivoscuola.it/content/view/full/29468;2025/2026;2;48;3
https://www.vivoscuola.it/content/view/full/29468;2025/2026;3;33;2
https://www.vivoscuola.it/content/view/full/29468;2024/2025;1;52;3
https://www.vivoscuola.it/content/view/full/29468;2024/2025;2;34;2
https://www.vivoscuola.it/content/view/full/29468;2024/2025;3;35;2
https://www.vivoscuola.it/content/view/full/29468;2023/2024;1;34;2
https://www.vivoscuola.it/content/view/full/29468;2023/2024;2;35;2
https://www.vivoscuola.it/content/view/full/29468;2023/2024;3;35;2
https://www.vivoscuola.it/content/view/full/30108;2025/2026;0;46;0
https://www.vivoscuola.it/content/view/full/30108;2024/2025;0;41;0
https://www.vivoscuola.it/content/view/full/30108;2023/2024;0;41;0
https://www.vivoscuola.it/content/view/full/29469;2025/2026;1;54;3
https://www.vivoscuola.it/content/view/full/29469;2025/2026;2;46;3
https://www.vivoscuola.it/content/view/full/29469;2025/2026;3;64;3
https://www.vivoscuola.it/content/view/full/29469;2024/2025;1;48;3
https://www.vivoscuola.it/content/view/full/29469;2024/2025;2;63;3
https://www.vivoscuola.it/content/view/full/29469;2024/2025;3;54;3
https://www.vivoscuola.it/content/view/full/29469;2023/2024;1;62;3
https://www.vivoscuola.it/content/view/full/29469;2023/2024;2;55;3
https://www.vivoscuola.it/content/view/full/29469;2023/2024;3;68;3
https://www.vivoscuola.it/content/view/full/29466;2025/2026;1;13;1
https://www.vivoscuola.it/content/view/full/29466;2025/2026;2;12;1
https://www.vivoscuola.it/content/view/full/29466;2025/2026;3;12;1
https://www.vivoscuola.it/content/view/full/29466;2025/2026;4;15;1
https://www.vivoscuola.it/content/view/full/29466;2025/2026;5;10;1
https://www.vivoscuola.it/content/view/full/29466;2024/2025;1;11;1
https://www.vivoscuola.it/content/view/full/29466;2024/2025;2;12;1
https://www.vivoscuola.it/content/view/full/29466;2024/2025;3;15;1
https://www.vivoscuola.it/content/view/full/29466;2024/2025;4;10;1
https://www.vivoscuola.it/content/view/full/29466;2024/2025;5;9;1
https://www.vivoscuola.it/content/view/full/29466;2023/2024;1;12;1
https://www.vivoscuola.it/content/view/full/29466;2023/2024;2;15;1
https://www.vivoscuola.it/content/view/full/29466;2023/2024;3;9;1
https://www.vivoscuola.it/content/view/full/29466;2023/2024;4;9;1
https://www.vivoscuola.it/content/view/full/29466;2023/2024;5;21;1
https://www.vivoscuola.it/content/view/full/30076;2025/2026;0;290;0
https://www.vivoscuola.it/content/view/full/30076;2024/2025;0;310;0
https://www.vivoscuola.it/content/view/full/30076;2023/2024;0;332;0
https://www.vivoscuola.it/content/view/full/439664;2025/2026;5;14;1
https://www.vivoscuola.it/content/view/full/29279;2025/2026;1;31;2
https://www.vivoscuola.it/content/view/full/29279;2025/2026;2;42;2
https://www.vivoscuola.it/content/view/full/29279;2025/2026;3;32;2
https://www.vivoscuola.it/content/view/full/29279;2025/2026;4;30;2
https://www.vivoscuola.it/content/view/full/29279;2024/2025;1;42;2
https://www.vivoscuola.it/content/view/full/29279;2024/2025;2;42;2
https://www.vivoscuola.it/content/view/full/29279;2024/2025;3;35;2
https://www.vivoscuola.it/content/view/full/29279;2024/2025;4;27;2
https://www.vivoscuola.it/content/view/full/29279;2023/2024;1;29;2
https://www.vivoscuola.it/content/view/full/29279;2023/2024;2;29;2
https://www.vivoscuola.it/content/view/full/29279;2023/2024;3;30;2
https://www.vivoscuola.it/content/view/full/29279;2023/2024;4;21;2
https://www.vivoscuola.it/content/view/full/170203;2025/2026;5;22;1
https://www.vivoscuola.it/content/view/full/170203;2024/2025;5;19;1
https://www.vivoscuola.it/content/view/full/30156;2025/2026;0;55;0
https://www.vivoscuola.it/content/view/full/30156;2024/2025;0;64;0
https://www.vivoscuola.it/content/view/full/30156;2023/2024;0;69;0
https://www.vivoscuola.it/content/view/full/29277;2025/2026;1;25;1
https://www.vivoscuola.it/content/view/full/29277;2025/2026;2;50;3
https://www.vivoscuola.it/content/view/full/29277;2025/2026;3;34;2
https://www.vivoscuola.it/content/view/full/29277;2025/2026;4;27;2
https://www.vivoscuola.it/content/view/full/29277;2024/2025;1;45;2
https://www.vivoscuola.it/content/view/full/29277;2024/2025;2;32;2
https://www.vivoscuola.it/content/view/full/29277;2024/2025;3;44;2
https://www.vivoscuola.it/content/view/full/29277;2024/2025;4;23;2
https://www.vivoscuola.it/content/view/full/29277;2023/2024;1;26;1
https://www.vivoscuola.it/content/view/full/29277;2023/2024;2;29;2
https://www.vivoscuola.it/content/view/full/29277;2023/2024;3;40;2
https://www.vivoscuola.it/content/view/full/29277;2023/2024;4;21;2
https://www.vivoscuola.it/content/view/full/29837;2025/2026;1;50;3
https://www.vivoscuola.it/content/view/full/29837;2025/2026;2;47;2
https://www.vivoscuola.it/content/view/full/29837;2025/2026;3;53;4
https://www.vivoscuola.it/content/view/full/29837;2025/2026;4;41;3
https://www.vivoscuola.it/content/view/full/29837;2025/2026;5;54;4
https://www.vivoscuola.it/content/view/full/29837;2024/2025;1;50;2
https://www.vivoscuola.it/content/view/full/29837;2024/2025;2;54;3
https://www.vivoscuola.it/content/view/full/29837;2024/2025;3;45;3
https://www.vivoscuola.it/content/view/full/29837;2024/2025;4;58;4
https://www.vivoscuola.it/content/view/full/29837;2024/2025;5;40;4
https://www.vivoscuola.it/content/view/full/29837;2023/2024;1;67;3
https://www.vivoscuola.it/content/view/full/29837;2023/2024;2;43;2
https://www.vivoscuola.it/content/view/full/29837;2023/2024;3;63;4
https://www.vivoscuola.it/content/view/full/29837;2023/2024;4;41;4
https://www.vivoscuola.it/content/view/full/29837;2023/2024;5;45;3
https://www.vivoscuola.it/content/view/full/29836;2025/2026;1;154;11
https://www.vivoscuola.it/content/view/full/29836;2025/2026;3;4;1
https://www.vivoscuola.it/content/view/full/29836;2025/2026;1;91;10
https://www.vivoscuola.it/content/view/full/29836;2025/2026;3;4;1
https://www.vivoscuola.it/content/view/full/29836;2024/2025;1;66;11
https://www.vivoscuola.it/content/view/full/29836;2024/2025;3;22;1
https://www.vivoscuola.it/content/view/full/29836;2024/2025;1;138;10
https://www.vivoscuola.it/content/view/full/29836;2024/2025;3;22;1
https://www.vivoscuola.it/content/view/full/29836;2023/2024;1;160;10
https://www.vivoscuola.it/content/view/full/29836;2023/2024;3;4;2
https://www.vivoscuola.it/content/view/full/29836;2023/2024;1;146;9
https://www.vivoscuola.it/content/view/full/29836;2023/2024;3;18;2
https://www.vivoscuola.it/content/view/full/29840;2025/2026;3;6;3
https://www.vivoscuola.it/content/view/full/29840;2025/2026;3;2;1
https://www.vivoscuola.it/content/view/full/29840;2025/2026;4;4;2
https://www.vivoscuola.it/content/view/full/29840;2025/2026;5;3;1
https://www.vivoscuola.it/content/view/full/29840;2024/2025;3;15;3
https://www.vivoscuola.it/content/view/full/29840;2024/2025;3;5;2
https://www.vivoscuola.it/content/view/full/29840;2024/2025;4;3;2
https://www.vivoscuola.it/content/view/full/29840;2024/2025;5;3;1
https://www.vivoscuola.it/content/view/full/29840;2023/2024;3;18;3
https://www.vivoscuola.it/content/view/full/29840;2023/2024;3;6;1
https://www.vivoscuola.it/content/view/full/29840;2023/2024;4;6;1
https://www.vivoscuola.it/content/view/full/29840;2023/2024;5;4;1
https://www.vivoscuola.it/content/view/full/29838;2025/2026;3;18;3
https://www.vivoscuola.it/content/view/full/29838;2025/2026;3;6;1
https://www.vivoscuola.it/content/view/full/29838;2025/2026;4;4;2
https://www.vivoscuola.it/content/view/full/29838;2025/2026;5;12;2
https://www.vivoscuola.it/content/view/full/29838;2024/2025;3;12;3
https://www.vivoscuola.it/content/view/full/29838;2024/2025;3;4;1
https://www.vivoscuola.it/content/view/full/29838;2024/2025;4;12;2
https://www.vivoscuola.it/content/view/full/29838;2024/2025;5;9;1
https://www.vivoscuola.it/content/view/full/29838;2023/2024;3;42;3
https://www.vivoscuola.it/content/view/full/29838;2023/2024;3;14;2
https://www.vivoscuola.it/content/view/full/29838;2023/2024;4;5;1
https://www.vivoscuola.it/content/view/full/29838;2023/2024;5;9;1
https://www.vivoscuola.it/content/view/full/29525;2025/2026;1;23;2
https://www.vivoscuola.it/content/view/full/29525;2025/2026;2;18;1
https://www.vivoscuola.it/content/view/full/29525;2025/2026;3;19;1
https://www.vivoscuola.it/content/view/full/29525;2025/2026;4;31;2
https://www.vivoscuola.it/content/view/full/29525;2025/2026;5;23;1
https://www.vivoscuola.it/content/view/full/29525;2024/2025;1;21;1
https://www.vivoscuola.it/content/view/full/29525;2024/2025;2;20;1
https://www.vivoscuola.it/content/view/full/29525;2024/2025;3;31;2
https://www.vivoscuola.it/content/view/full/29525;2024/2025;4;22;1
https://www.vivoscuola.it/content/view/full/29525;2024/2025;5;30;2
https://www.vivoscuola.it/content/view/full/29525;2023/2024;1;19;1
https://www.vivoscuola.it/content/view/full/29525;2023/2024;2;32;2
https://www.vivoscuola.it/content/view/full/29525;2023/2024;3;22;1
https://www.vivoscuola.it/content/view/full/29525;2023/2024;4;29;2
https://www.vivoscuola.it/content/view/full/29525;2023/2024;5;40;2
https://www.vivoscuola.it/content/view/full/29839;2025/2026;1;87;4
https://www.vivoscuola.it/content/view/full/29839;2025/2026;2;83;4
https://www.vivoscuola.it/content/view/full/29839;2025/2026;3;79;4
https://www.vivoscuola.it/content/view/full/29839;2025/2026;4;77;4
https://www.vivoscuola.it/content/view/full/29839;2025/2026;5;74;4
https://www.vivoscuola.it/content/view/full/29839;2024/2025;1;100;4
https://www.vivoscuola.it/content/view/full/29839;2024/2025;2;81;5
https://www.vivoscuola.it/content/view/full/29839;2024/2025;3;82;4
https://www.vivoscuola.it/content/view/full/29839;2024/2025;4;80;4
https://www.vivoscuola.it/content/view/full/29839;2024/2025;5;86;5
https://www.vivoscuola.it/content/view/full/29839;2023/2024;1;105;5
https://www.vivoscuola.it/content/view/full/29839;2023/2024;2;84;4
https://www.vivoscuola.it/content/view/full/29839;2023/2024;3;80;4
https://www.vivoscuola.it/content/view/full/29839;2023/2024;4;93;5
https://www.vivoscuola.it/content/view/full/29839;2023/2024;5;96;6
https://www.vivoscuola.it/content/view/full/29524;2025/2026;1;13;1
https://www.vivoscuola.it/content/view/full/29524;2025/2026;2;20;1
https://www.vivoscuola.it/content/view/full/29524;2025/2026;3;19;1
https://www.vivoscuola.it/content/view/full/29524;2025/2026;4;19;1
https://www.vivoscuola.it/content/view/full/29524;2025/2026;5;14;1
https://www.vivoscuola.it/content/view/full/29524;2024/2025;1;21;1
https://www.vivoscuola.it/content/view/full/29524;2024/2025;2;19;1
https://www.vivoscuola.it/content/view/full/29524;2024/2025;3;19;1
https://www.vivoscuola.it/content/view/full/29524;2024/2025;4;14;1
https://www.vivoscuola.it/content/view/full/29524;2024/2025;5;17;2
https://www.vivoscuola.it/content/view/full/29524;2023/2024;1;19;1
https://www.vivoscuola.it/content/view/full/29524;2023/2024;2;20;1
https://www.vivoscuola.it/content/view/full/29524;2023/2024;3;13;1
https://www.vivoscuola.it/content/view/full/29524;2023/2024;4;17;2
https://www.vivoscuola.it/content/view/full/29524;2023/2024;5;25;1
https://www.vivoscuola.it/content/view/full/29526;2025/2026;1;25;2
https://www.vivoscuola.it/content/view/full/29526;2025/2026;2;19;1
https://www.vivoscuola.it/content/view/full/29526;2025/2026;3;13;1
https://www.vivoscuola.it/content/view/full/29526;2025/2026;4;21;1
https://www.vivoscuola.it/content/view/full/29526;2025/2026;5;30;2
https://www.vivoscuola.it/content/view/full/29526;2024/2025;1;19;1
https://www.vivoscuola.it/content/view/full/29526;2024/2025;2;13;1
https://www.vivoscuola.it/content/view/full/29526;2024/2025;3;21;1
https://www.vivoscuola.it/content/view/full/29526;2024/2025;4;29;2
https://www.vivoscuola.it/content/view/full/29526;2024/2025;5;16;1
https://www.vivoscuola.it/content/view/full/29526;2023/2024;1;13;1
https://www.vivoscuola.it/content/view/full/29526;2023/2024;2;20;1
https://www.vivoscuola.it/content/view/full/29526;2023/2024;3;29;2
https://www.vivoscuola.it/content/view/full/29526;2023/2024;4;16;1
https://www.vivoscuola.it/content/view/full/29526;2023/2024;5;21;1
https://www.vivoscuola.it/content/view/full/29528;2025/2026;1;48;3
https://www.vivoscuola.it/content/view/full/29528;2025/2026;2;63;3
https://www.vivoscuola.it/content/view/full/29528;2025/2026;3;49;2
https://www.vivoscuola.it/content/view/full/29528;2024/2025;1;63;3
https://www.vivoscuola.it/content/view/full/29528;2024/2025;2;50;2
https://www.vivoscuola.it/content/view/full/29528;2024/2025;3;67;3
https://www.vivoscuola.it/content/view/full/29528;2023/2024;1;50;2
https://www.vivoscuola.it/content/view/full/29528;2023/2024;2;64;3
https://www.vivoscuola.it/content/view/full/29528;2023/2024;3;62;3
https://www.vivoscuola.it/content/view/full/29529;2025/2026;1;32;2
https://www.vivoscuola.it/content/view/full/29529;2025/2026;2;44;2
https://www.vivoscuola.it/content/view/full/29529;2025/2026;3;49;2
https://www.vivoscuola.it/content/view/full/29529;2024/2025;1;44;2
https://www.vivoscuola.it/content/view/full/29529;2024/2025;2;47;2
https://www.vivoscuola.it/content/view/full/29529;2024/2025;3;51;2
https://www.vivoscuola.it/content/view/full/29529;2023/2024;1;45;2
https://www.vivoscuola.it/content/view/full/29529;2023/2024;2;49;2
https://www.vivoscuola.it/content/view/full/29529;2023/2024;3;38;2
https://www.vivoscuola.it/content/view/full/30194;2025/2026;0;64;0
https://www.vivoscuola.it/content/view/full/30194;2024/2025;0;86;0
https://www.vivoscuola.it/content/view/full/30194;2023/2024;0;84;0
https://www.vivoscuola.it/content/view/full/30038;2025/2026;0;46;0
https://www.vivoscuola.it/content/view/full/30038;2024/2025;0;44;0
https://www.vivoscuola.it/content/view/full/30038;2023/2024;0;43;0
https://www.vivoscuola.it/content/view/full/29908;2025/2026;1;30;2
https://www.vivoscuola.it/content/view/full/29908;2025/2026;2;38;2
https://www.vivoscuola.it/content/view/full/29908;2025/2026;3;34;2
https://www.vivoscuola.it/content/view/full/29908;2025/2026;4;35;2
https://www.vivoscuola.it/content/view/full/29908;2025/2026;5;29;2
https://www.vivoscuola.it/content/view/full/29908;2024/2025;1;50;2
https://www.vivoscuola.it/content/view/full/29908;2024/2025;2;38;2
https://www.vivoscuola.it/content/view/full/29908;2024/2025;3;34;2
https://www.vivoscuola.it/content/view/full/29908;2024/2025;4;30;2
https://www.vivoscuola.it/content/view/full/29908;2024/2025;5;31;2
https://www.vivoscuola.it/content/view/full/29908;2023/2024;1;44;2
https://www.vivoscuola.it/content/view/full/29908;2023/2024;2;40;3
https://www.vivoscuola.it/content/view/full/29908;2023/2024;3;31;2
https://www.vivoscuola.it/content/view/full/29908;2023/2024;4;31;2
https://www.vivoscuola.it/content/view/full/29908;2023/2024;5;36;2
https://www.vivoscuola.it/content/view/full/29527;2025/2026;1;12;1
https://www.vivoscuola.it/content/view/full/29527;2025/2026;2;17;1
https://www.vivoscuola.it/content/view/full/29527;2025/2026;3;21;1
https://www.vivoscuola.it/content/view/full/29527;2025/2026;4;18;1
https://www.vivoscuola.it/content/view/full/29527;2025/2026;5;12;1
https://www.vivoscuola.it/content/view/full/29527;2024/2025;1;17;1
https://www.vivoscuola.it/content/view/full/29527;2024/2025;2;21;1
https://www.vivoscuola.it/content/view/full/29527;2024/2025;3;18;1
https://www.vivoscuola.it/content/view/full/29527;2024/2025;4;11;1
https://www.vivoscuola.it/content/view/full/29527;2024/2025;5;17;1
https://www.vivoscuola.it/content/view/full/29527;2023/2024;1;20;1
https://www.vivoscuola.it/content/view/full/29527;2023/2024;2;18;1
https://www.vivoscuola.it/content/view/full/29527;2023/2024;3;11;1
https://www.vivoscuola.it/content/view/full/29527;2023/2024;4;17;1
https://www.vivoscuola.it/content/view/full/29527;2023/2024;5;21;1
https://www.vivoscuola.it/content/view/full/30196;2025/2026;0;74;0
https://www.vivoscuola.it/content/view/full/30196;2024/2025;0;69;0
https://www.vivoscuola.it/content/view/full/30196;2023/2024;0;56;0
https://www.vivoscuola.it/content/view/full/29910;2025/2026;1;16;1
https://www.vivoscuola.it/content/view/full/29910;2025/2026;2;18;1
https://www.vivoscuola.it/content/view/full/29910;2025/2026;3;18;1
https://www.vivoscuola.it/content/view/full/29910;2025/2026;4;18;1
https://www.vivoscuola.it/content/view/full/29910;2025/2026;5;24;2
https://www.vivoscuola.it/content/view/full/29910;2024/2025;1;21;1
https://www.vivoscuola.it/content/view/full/29910;2024/2025;2;17;1
https://www.vivoscuola.it/content/view/full/29910;2024/2025;3;18;1
https://www.vivoscuola.it/content/view/full/29910;2024/2025;4;26;2
https://www.vivoscuola.it/content/view/full/29910;2024/2025;5;18;1
https://www.vivoscuola.it/content/view/full/29910;2023/2024;1;19;1
https://www.vivoscuola.it/content/view/full/29910;2023/2024;2;21;1
https://www.vivoscuola.it/content/view/full/29910;2023/2024;3;27;2
https://www.vivoscuola.it/content/view/full/29910;2023/2024;4;19;1
https://www.vivoscuola.it/content/view/full/29910;2023/2024;5;30;2
https://www.vivoscuola.it/content/view/full/29909;2025/2026;1;20;1
https://www.vivoscuola.it/content/view/full/29909;2025/2026;2;25;2
https://www.vivoscuola.it/content/view/full/29909;2025/2026;3;18;1
https://www.vivoscuola.it/content/view/full/29909;2025/2026;4;28;2
https://www.vivoscuola.it/content/view/full/29909;2025/2026;5;30;2
https://www.vivoscuola.it/content/view/full/29909;2024/2025;1;28;2
https://www.vivoscuola.it/content/view/full/29909;2024/2025;2;18;1
https://www.vivoscuola.it/content/view/full/29909;2024/2025;3;30;2
https://www.vivoscuola.it/content/view/full/29909;2024/2025;4;31;2
https://www.vivoscuola.it/content/view/full/29909;2024/2025;5;33;2
https://www.vivoscuola.it/content/view/full/29909;2023/2024;1;24;1
https://www.vivoscuola.it/content/view/full/29909;2023/2024;2;32;2
https://www.vivoscuola.it/content/view/full/29909;2023/2024;3;33;2
https://www.vivoscuola.it/content/view/full/29909;2023/2024;4;31;2
https://www.vivoscuola.it/content/view/full/29909;2023/2024;5;31;2
https://www.vivoscuola.it/content/view/full/29913;2025/2026;1;19;1
https://www.vivoscuola.it/content/view/full/29913;2025/2026;2;21;1
https://www.vivoscuola.it/content/view/full/29913;2025/2026;3;24;2
https://www.vivoscuola.it/content/view/full/29913;2025/2026;4;25;2
https://www.vivoscuola.it/content/view/full/29913;2025/2026;5;24;2
https://www.vivoscuola.it/content/view/full/29913;2024/2025;1;21;1
https://www.vivoscuola.it/content/view/full/29913;2024/2025;2;25;2
https://www.vivoscuola.it/content/view/full/29913;2024/2025;3;26;2
https://www.vivoscuola.it/content/view/full/29913;2024/2025;4;26;2
https://www.vivoscuola.it/content/view/full/29913;2024/2025;5;30;2
https://www.vivoscuola.it/content/view/full/29913;2023/2024;1;27;2
https://www.vivoscuola.it/content/view/full/29913;2023/2024;2;26;2
https://www.vivoscuola.it/content/view/full/29913;2023/2024;3;25;2
https://www.vivoscuola.it/content/view/full/29913;2023/2024;4;31;2
https://www.vivoscuola.it/content/view/full/29913;2023/2024;5;25;2
https://www.vivoscuola.it/content/view/full/29911;2025/2026;1;7;1
https://www.vivoscuola.it/content/view/full/29911;2025/2026;2;9;1
https://www.vivoscuola.it/content/view/full/29911;2025/2026;3;7;1
https://www.vivoscuola.it/content/view/full/29911;2025/2026;4;5;1
https://www.vivoscuola.it/content/view/full/29911;2025/2026;5;8;1
https://www.vivoscuola.it/content/view/full/29911;2024/2025;1;8;1
https://www.vivoscuola.it/content/view/full/29911;2024/2025;2;7;1
https://www.vivoscuola.it/content/view/full/29911;2024/2025;3;5;1
https://www.vivoscuola.it/content/view/full/29911;2024/2025;4;7;1
https://www.vivoscuola.it/content/view/full/29911;2024/2025;5;6;1
https://www.vivoscuola.it/content/view/full/29911;2023/2024;1;8;1
https://www.vivoscuola.it/content/view/full/29911;2023/2024;2;5;1
https://www.vivoscuola.it/content/view/full/29911;2023/2024;3;6;1
https://www.vivoscuola.it/content/view/full/29911;2023/2024;4;6;1
https://www.vivoscuola.it/content/view/full/29911;2023/2024;5;9;1
https://www.vivoscuola.it/content/view/full/29914;2025/2026;1;23;1
https://www.vivoscuola.it/content/view/full/29914;2025/2026;2;17;1
https://www.vivoscuola.it/content/view/full/29914;2025/2026;3;26;1
https://www.vivoscuola.it/content/view/full/29914;2025/2026;4;23;1
https://www.vivoscuola.it/content/view/full/29914;2025/2026;5;19;1
https://www.vivoscuola.it/content/view/full/29914;2024/2025;1;17;1
https://www.vivoscuola.it/content/view/full/29914;2024/2025;2;25;1
https://www.vivoscuola.it/content/view/full/29914;2024/2025;3;23;1
https://www.vivoscuola.it/content/view/full/29914;2024/2025;4;21;1
https://www.vivoscuola.it/content/view/full/29914;2024/2025;5;30;2
https://www.vivoscuola.it/content/view/full/29914;2023/2024;1;24;1
https://www.vivoscuola.it/content/view/full/29914;2023/2024;2;23;1
https://www.vivoscuola.it/content/view/full/29914;2023/2024;3;21;1
https://www.vivoscuola.it/content/view/full/29914;2023/2024;4;30;2
https://www.vivoscuola.it/content/view/full/29914;2023/2024;5;26;2
https://www.vivoscuola.it/content/view/full/29916;2025/2026;1;28;2
https://www.vivoscuola.it/content/view/full/29916;2025/2026;2;26;2
https://www.vivoscuola.it/content/view/full/29916;2025/2026;3;28;2
https://www.vivoscuola.it/content/view/full/29916;2024/2025;1;25;2
https://www.vivoscuola.it/content/view/full/29916;2024/2025;2;28;2
https://www.vivoscuola.it/content/view/full/29916;2024/2025;3;23;2
https://www.vivoscuola.it/content/view/full/29916;2023/2024;1;27;2
https://www.vivoscuola.it/content/view/full/29916;2023/2024;2;23;2
https://www.vivoscuola.it/content/view/full/29916;2023/2024;3;30;2
https://www.vivoscuola.it/content/view/full/29912;2025/2026;1;23;1
https://www.vivoscuola.it/content/view/full/29912;2025/2026;2;21;1
https://www.vivoscuola.it/content/view/full/29912;2025/2026;3;27;2
https://www.vivoscuola.it/content/view/full/29912;2025/2026;4;30;2
https://www.vivoscuola.it/content/view/full/29912;2025/2026;5;30;2
https://www.vivoscuola.it/content/view/full/29912;2024/2025;1;23;1
https://www.vivoscuola.it/content/view/full/29912;2024/2025;2;28;2
https://www.vivoscuola.it/content/view/full/29912;2024/2025;3;30;2
https://www.vivoscuola.it/content/view/full/29912;2024/2025;4;31;2
https://www.vivoscuola.it/content/view/full/29912;2024/2025;5;26;1
https://www.vivoscuola.it/content/view/full/29912;2023/2024;1;28;2
https://www.vivoscuola.it/content/view/full/29912;2023/2024;2;29;2
https://www.vivoscuola.it/content/view/full/29912;2023/2024;3;28;2
https://www.vivoscuola.it/content/view/full/29912;2023/2024;4;26;1
https://www.vivoscuola.it/content/view/full/29912;2023/2024;5;25;2
https://www.vivoscuola.it/content/view/full/29917;2025/2026;1;33;2
https://www.vivoscuola.it/content/view/full/29917;2025/2026;2;34;2
https://www.vivoscuola.it/content/view/full/29917;2025/2026;3;47;2
https://www.vivoscuola.it/content/view/full/29917;2024/2025;1;34;2
https://www.vivoscuola.it/content/view/full/29917;2024/2025;2;47;2
https://www.vivoscuola.it/content/view/full/29917;2024/2025;3;40;2
https://www.vivoscuola.it/content/view/full/29917;2023/2024;1;49;2
https://www.vivoscuola.it/content/view/full/29917;2023/2024;2;40;2
https://www.vivoscuola.it/content/view/full/29917;2023/2024;3;58;3
https://www.vivoscuola.it/content/view/full/29915;2025/2026;1;30;2
https://www.vivoscuola.it/content/view/full/29915;2025/2026;2;24;1
https://www.vivoscuola.it/content/view/full/29915;2025/2026;3;30;2
https://www.vivoscuola.it/content/view/full/29915;2024/2025;1;25;1
https://www.vivoscuola.it/content/view/full/29915;2024/2025;2;30;2
https://www.vivoscuola.it/content/view/full/29915;2024/2025;3;29;2
https://www.vivoscuola.it/content/view/full/29915;2023/2024;1;31;2
https://www.vivoscuola.it/content/view/full/29915;2023/2024;2;29;2
https://www.vivoscuola.it/content/view/full/29915;2023/2024;3;28;2
https://www.vivoscuola.it/content/view/full/29924;2025/2026;0;42;0
https://www.vivoscuola.it/content/view/full/29924;2024/2025;0;39;0
https://www.vivoscuola.it/content/view/full/29924;2023/2024;0;44;0
https://www.vivoscuola.it/content/view/full/30200;2025/2026;0;70;0
https://www.vivoscuola.it/content/view/full/30200;2024/2025;0;61;0
https://www.vivoscuola.it/content/view/full/30200;2023/2024;0;77;0
https://www.vivoscuola.it/content/view/full/29357;2025/2026;0;28;0
https://www.vivoscuola.it/content/view/full/29357;2024/2025;0;34;0
https://www.vivoscuola.it/content/view/full/29357;2023/2024;0;37;0
https://www.vivoscuola.it/content/view/full/29356;2025/2026;0;15;0
https://www.vivoscuola.it/content/view/full/29356;2024/2025;0;16;0
https://www.vivoscuola.it/content/view/full/29356;2023/2024;0;20;0
https://www.vivoscuola.it/content/view/full/122610;2025/2026;1;14;1
https://www.vivoscuola.it/content/view/full/122610;2025/2026;2;20;1
https://www.vivoscuola.it/content/view/full/122610;2025/2026;3;20;1
https://www.vivoscuola.it/content/view/full/122610;2025/2026;4;15;1
https://www.vivoscuola.it/content/view/full/122610;2024/2025;1;21;1
https://www.vivoscuola.it/content/view/full/122610;2024/2025;2;20;1
https://www.vivoscuola.it/content/view/full/122610;2024/2025;3;15;1
https://www.vivoscuola.it/content/view/full/122610;2023/2024;1;18;1
https://www.vivoscuola.it/content/view/full/122610;2023/2024;2;16;1
https://www.vivoscuola.it/content/view/full/29361;2025/2026;0;117;0
https://www.vivoscuola.it/content/view/full/29361;2024/2025;0;127;0
https://www.vivoscuola.it/content/view/full/29361;2023/2024;0;139;0
https://www.vivoscuola.it/content/view/full/29360;2025/2026;0;21;0
https://www.vivoscuola.it/content/view/full/29360;2024/2025;0;20;0
https://www.vivoscuola.it/content/view/full/29360;2023/2024;0;23;0
https://www.vivoscuola.it/content/view/full/29359;2025/2026;0;48;0
https://www.vivoscuola.it/content/view/full/29359;2024/2025;0;53;0
https://www.vivoscuola.it/content/view/full/29359;2023/2024;0;54;0
https://www.vivoscuola.it/content/view/full/29363;2025/2026;0;92;0
https://www.vivoscuola.it/content/view/full/29363;2024/2025;0;96;0
https://www.vivoscuola.it/content/view/full/29363;2023/2024;0;99;0
https://www.vivoscuola.it/content/view/full/29358;2025/2026;0;50;0
https://www.vivoscuola.it/content/view/full/29358;2024/2025;0;50;0
https://www.vivoscuola.it/content/view/full/29358;2023/2024;0;43;0
https://www.vivoscuola.it/content/view/full/29362;2025/2026;0;45;0
https://www.vivoscuola.it/content/view/full/29362;2024/2025;0;52;0
https://www.vivoscuola.it/content/view/full/29362;2023/2024;0;63;0
https://www.vivoscuola.it/content/view/full/30060;2025/2026;0;35;0
https://www.vivoscuola.it/content/view/full/30060;2024/2025;0;34;0
https://www.vivoscuola.it/content/view/full/30060;2023/2024;0;39;0
https://www.vivoscuola.it/content/view/full/30164;2025/2026;0;47;0
https://www.vivoscuola.it/content/view/full/30164;2024/2025;0;50;0
https://www.vivoscuola.it/content/view/full/30164;2023/2024;0;51;0
https://www.vivoscuola.it/content/view/full/29887;2025/2026;1;17;1
https://www.vivoscuola.it/content/view/full/29887;2025/2026;2;13;1
https://www.vivoscuola.it/content/view/full/29887;2025/2026;3;21;1
https://www.vivoscuola.it/content/view/full/29887;2025/2026;4;16;1
https://www.vivoscuola.it/content/view/full/29887;2025/2026;5;11;1
https://www.vivoscuola.it/content/view/full/29887;2024/2025;1;15;1
https://www.vivoscuola.it/content/view/full/29887;2024/2025;2;21;1
https://www.vivoscuola.it/content/view/full/29887;2024/2025;3;16;1
https://www.vivoscuola.it/content/view/full/29887;2024/2025;4;11;1
https://www.vivoscuola.it/content/view/full/29887;2024/2025;5;13;1
https://www.vivoscuola.it/content/view/full/29887;2023/2024;1;25;1
https://www.vivoscuola.it/content/view/full/29887;2023/2024;2;17;1
https://www.vivoscuola.it/content/view/full/29887;2023/2024;3;10;1
https://www.vivoscuola.it/content/view/full/29887;2023/2024;4;12;1
https://www.vivoscuola.it/content/view/full/29887;2023/2024;5;15;1
https://www.vivoscuola.it/content/view/full/29889;2025/2026;1;14;1
https://www.vivoscuola.it/content/view/full/29889;2025/2026;2;15;1
https://www.vivoscuola.it/content/view/full/29889;2025/2026;3;16;1
https://www.vivoscuola.it/content/view/full/29889;2025/2026;4;11;1
https://www.vivoscuola.it/content/view/full/29889;2025/2026;5;9;1
https://www.vivoscuola.it/content/view/full/29889;2024/2025;1;16;1
https://www.vivoscuola.it/content/view/full/29889;2024/2025;2;14;1
https://www.vivoscuola.it/content/view/full/29889;2024/2025;3;11;1
https://www.vivoscuola.it/content/view/full/29889;2024/2025;4;9;1
https://www.vivoscuola.it/content/view/full/29889;2024/2025;5;14;1
https://www.vivoscuola.it/content/view/full/29889;2023/2024;1;32;1
https://www.vivoscuola.it/content/view/full/29889;2023/2024;2;34;1
https://www.vivoscuola.it/content/view/full/29889;2023/2024;3;19;1
https://www.vivoscuola.it/content/view/full/29889;2023/2024;4;14;1
https://www.vivoscuola.it/content/view/full/29889;2023/2024;5;16;1
https://www.vivoscuola.it/content/view/full/29892;2025/2026;1;39;2
https://www.vivoscuola.it/content/view/full/29892;2025/2026;2;34;2
https://www.vivoscuola.it/content/view/full/29892;2025/2026;3;25;2
https://www.vivoscuola.it/content/view/full/29892;2025/2026;4;22;2
https://www.vivoscuola.it/content/view/full/29892;2025/2026;5;30;2
https://www.vivoscuola.it/content/view/full/29892;2024/2025;1;39;2
https://www.vivoscuola.it/content/view/full/29892;2024/2025;2;26;2
https://www.vivoscuola.it/content/view/full/29892;2024/2025;3;27;2
https://www.vivoscuola.it/content/view/full/29892;2024/2025;4;27;2
https://www.vivoscuola.it/content/view/full/29892;2024/2025;5;31;2
https://www.vivoscuola.it/content/view/full/29892;2023/2024;1;29;2
https://www.vivoscuola.it/content/view/full/29892;2023/2024;2;32;2
https://www.vivoscuola.it/content/view/full/29892;2023/2024;3;30;2
https://www.vivoscuola.it/content/view/full/29892;2023/2024;4;35;2
https://www.vivoscuola.it/content/view/full/29892;2023/2024;5;31;2
https://www.vivoscuola.it/content/view/full/29891;2025/2026;1;44;2
https://www.vivoscuola.it/content/view/full/29891;2025/2026;2;40;2
https://www.vivoscuola.it/content/view/full/29891;2025/2026;3;38;3
https://www.vivoscuola.it/content/view/full/29891;2025/2026;4;34;3
https://www.vivoscuola.it/content/view/full/29891;2025/2026;5;36;3
https://www.vivoscuola.it/content/view/full/29891;2024/2025;1;46;2
https://www.vivoscuola.it/content/view/full/29891;2024/2025;2;38;3
https://www.vivoscuola.it/content/view/full/29891;2024/2025;3;37;3
https://www.vivoscuola.it/content/view/full/29891;2024/2025;4;41;3
https://www.vivoscuola.it/content/view/full/29891;2024/2025;5;49;3
https://www.vivoscuola.it/content/view/full/29891;2023/2024;1;46;3
https://www.vivoscuola.it/content/view/full/29891;2023/2024;2;37;3
https://www.vivoscuola.it/content/view/full/29891;2023/2024;3;42;3
https://www.vivoscuola.it/content/view/full/29891;2023/2024;4;52;3
https://www.vivoscuola.it/content/view/full/29891;2023/2024;5;30;2
https://www.vivoscuola.it/content/view/full/29890;2025/2026;1;33;2
https://www.vivoscuola.it/content/view/full/29890;2025/2026;2;32;2
https://www.vivoscuola.it/content/view/full/29890;2025/2026;3;45;2
https://www.vivoscuola.it/content/view/full/29890;2025/2026;4;34;2
https://www.vivoscuola.it/content/view/full/29890;2025/2026;5;29;2
https://www.vivoscuola.it/content/view/full/29890;2024/2025;1;37;2
https://www.vivoscuola.it/content/view/full/29890;2024/2025;2;51;2
https://www.vivoscuola.it/content/view/full/29890;2024/2025;3;37;2
https://www.vivoscuola.it/content/view/full/29890;2024/2025;4;29;2
https://www.vivoscuola.it/content/view/full/29890;2024/2025;5;31;2
https://www.vivoscuola.it/content/view/full/29890;2023/2024;1;47;2
https://www.vivoscuola.it/content/view/full/29890;2023/2024;2;36;2
https://www.vivoscuola.it/content/view/full/29890;2023/2024;3;32;2
https://www.vivoscuola.it/content/view/full/29890;2023/2024;4;31;2
https://www.vivoscuola.it/content/view/full/29890;2023/2024;5;28;2
https://www.vivoscuola.it/content/view/full/29988;2025/2026;0;42;0
https://www.vivoscuola.it/content/view/full/29988;2024/2025;0;50;0
https://www.vivoscuola.it/content/view/full/29988;2023/2024;0;50;0
https://www.vivoscuola.it/content/view/full/29888;2025/2026;1;41;2
https://www.vivoscuola.it/content/view/full/29888;2025/2026;2;31;2
https://www.vivoscuola.it/content/view/full/29888;2025/2026;3;38;2
https://www.vivoscuola.it/content/view/full/29888;2025/2026;4;26;1
https://www.vivoscuola.it/content/view/full/29888;2025/2026;5;44;2
https://www.vivoscuola.it/content/view/full/29888;2024/2025;1;35;2
https://www.vivoscuola.it/content/view/full/29888;2024/2025;2;38;2
https://www.vivoscuola.it/content/view/full/29888;2024/2025;3;24;1
https://www.vivoscuola.it/content/view/full/29888;2024/2025;4;42;2
https://www.vivoscuola.it/content/view/full/29888;2024/2025;5;28;2
https://www.vivoscuola.it/content/view/full/29888;2023/2024;1;46;2
https://www.vivoscuola.it/content/view/full/29888;2023/2024;2;22;1
https://www.vivoscuola.it/content/view/full/29888;2023/2024;3;41;2
https://www.vivoscuola.it/content/view/full/29888;2023/2024;4;28;2
https://www.vivoscuola.it/content/view/full/29888;2023/2024;5;26;2
https://www.vivoscuola.it/content/view/full/29695;2025/2026;1;89;4
https://www.vivoscuola.it/content/view/full/29695;2025/2026;2;76;4
https://www.vivoscuola.it/content/view/full/29695;2025/2026;3;87;4
https://www.vivoscuola.it/content/view/full/29695;2024/2025;1;75;4
https://www.vivoscuola.it/content/view/full/29695;2024/2025;2;93;4
https://www.vivoscuola.it/content/view/full/29695;2024/2025;3;92;4
https://www.vivoscuola.it/content/view/full/29695;2023/2024;1;96;4
https://www.vivoscuola.it/content/view/full/29695;2023/2024;2;88;4
https://www.vivoscuola.it/content/view/full/29695;2023/2024;3;92;4
https://www.vivoscuola.it/content/view/full/29692;2025/2026;1;53;3
https://www.vivoscuola.it/content/view/full/29692;2025/2026;2;58;3
https://www.vivoscuola.it/content/view/full/29692;2025/2026;3;47;2
https://www.vivoscuola.it/content/view/full/29692;2025/2026;4;69;3
https://www.vivoscuola.it/content/view/full/29692;2025/2026;5;50;3
https://www.vivoscuola.it/content/view/full/29692;2024/2025;1;58;3
https://www.vivoscuola.it/content/view/full/29692;2024/2025;2;47;2
https://www.vivoscuola.it/content/view/full/29692;2024/2025;3;67;3
https://www.vivoscuola.it/content/view/full/29692;2024/2025;4;52;3
https://www.vivoscuola.it/content/view/full/29692;2024/2025;5;59;3
https://www.vivoscuola.it/content/view/full/29692;2023/2024;1;48;2
https://www.vivoscuola.it/content/view/full/29692;2023/2024;2;64;3
https://www.vivoscuola.it/content/view/full/29692;2023/2024;3;51;3
https://www.vivoscuola.it/content/view/full/29692;2023/2024;4;58;3
https://www.vivoscuola.it/content/view/full/29692;2023/2024;5;52;3
https://www.vivoscuola.it/content/view/full/29693;2025/2026;1;32;2
https://www.vivoscuola.it/content/view/full/29693;2025/2026;2;33;2
https://www.vivoscuola.it/content/view/full/29693;2025/2026;3;35;2
https://www.vivoscuola.it/content/view/full/29693;2025/2026;4;40;2
https://www.vivoscuola.it/content/view/full/29693;2025/2026;5;22;1
https://www.vivoscuola.it/content/view/full/29693;2024/2025;1;36;2
https://www.vivoscuola.it/content/view/full/29693;2024/2025;2;34;2
https://www.vivoscuola.it/content/view/full/29693;2024/2025;3;37;2
https://www.vivoscuola.it/content/view/full/29693;2024/2025;4;21;1
https://www.vivoscuola.it/content/view/full/29693;2024/2025;5;38;2
https://www.vivoscuola.it/content/view/full/29693;2023/2024;1;32;2
https://www.vivoscuola.it/content/view/full/29693;2023/2024;2;38;2
https://www.vivoscuola.it/content/view/full/29693;2023/2024;3;21;1
https://www.vivoscuola.it/content/view/full/29693;2023/2024;4;40;2
https://www.vivoscuola.it/content/view/full/29693;2023/2024;5;27;2
https://www.vivoscuola.it/content/view/full/30078;2025/2026;0;44;0
https://www.vivoscuola.it/content/view/full/30078;2024/2025;0;40;0
https://www.vivoscuola.it/content/view/full/30078;2023/2024;0;43;0
https://www.vivoscuola.it/content/view/full/29479;2025/2026;1;18;1
https://www.vivoscuola.it/content/view/full/29479;2025/2026;2;11;1
https://www.vivoscuola.it/content/view/full/29479;2025/2026;3;16;1
https://www.vivoscuola.it/content/view/full/29479;2025/2026;4;21;1
https://www.vivoscuola.it/content/view/full/29479;2025/2026;5;10;1
https://www.vivoscuola.it/content/view/full/29479;2024/2025;1;11;1
https://www.vivoscuola.it/content/view/full/29479;2024/2025;2;15;1
https://www.vivoscuola.it/content/view/full/29479;2024/2025;3;21;1
https://www.vivoscuola.it/content/view/full/29479;2024/2025;4;11;1
https://www.vivoscuola.it/content/view/full/29479;2024/2025;5;12;1
https://www.vivoscuola.it/content/view/full/29479;2023/2024;1;15;1
https://www.vivoscuola.it/content/view/full/29479;2023/2024;2;22;1
https://www.vivoscuola.it/content/view/full/29479;2023/2024;3;11;1
https://www.vivoscuola.it/content/view/full/29479;2023/2024;4;11;1
https://www.vivoscuola.it/content/view/full/29479;2023/2024;5;15;1
https://www.vivoscuola.it/content/view/full/29481;2025/2026;1;14;1
https://www.vivoscuola.it/content/view/full/29481;2025/2026;2;14;1
https://www.vivoscuola.it/content/view/full/29481;2025/2026;3;20;1
https://www.vivoscuola.it/content/view/full/29481;2024/2025;1;14;1
https://www.vivoscuola.it/content/view/full/29481;2024/2025;2;20;1
https://www.vivoscuola.it/content/view/full/29481;2024/2025;3;19;1
https://www.vivoscuola.it/content/view/full/29481;2023/2024;1;20;1
https://www.vivoscuola.it/content/view/full/29481;2023/2024;2;20;1
https://www.vivoscuola.it/content/view/full/29481;2023/2024;3;17;1
https://www.vivoscuola.it/content/view/full/29478;2025/2026;1;59;3
https://www.vivoscuola.it/content/view/full/29478;2025/2026;2;62;3
https://www.vivoscuola.it/content/view/full/29478;2025/2026;3;62;3
https://www.vivoscuola.it/content/view/full/29478;2025/2026;4;52;3
https://www.vivoscuola.it/content/view/full/29478;2025/2026;5;60;3
https://www.vivoscuola.it/content/view/full/29478;2024/2025;1;62;3
https://www.vivoscuola.it/content/view/full/29478;2024/2025;2;65;3
https://www.vivoscuola.it/content/view/full/29478;2024/2025;3;50;2
https://www.vivoscuola.it/content/view/full/29478;2024/2025;4;60;3
https://www.vivoscuola.it/content/view/full/29478;2024/2025;5;64;3
https://www.vivoscuola.it/content/view/full/29478;2023/2024;1;63;3
https://www.vivoscuola.it/content/view/full/29478;2023/2024;2;49;2
https://www.vivoscuola.it/content/view/full/29478;2023/2024;3;60;3
https://www.vivoscuola.it/content/view/full/29478;2023/2024;4;59;3
https://www.vivoscuola.it/content/view/full/29478;2023/2024;5;56;3
https://www.vivoscuola.it/content/view/full/29480;2025/2026;1;66;3
https://www.vivoscuola.it/content/view/full/29480;2025/2026;2;63;3
https://www.vivoscuola.it/content/view/full/29480;2025/2026;3;55;3
https://www.vivoscuola.it/content/view/full/29480;2024/2025;1;60;3
https://www.vivoscuola.it/content/view/full/29480;2024/2025;2;54;3
https://www.vivoscuola.it/content/view/full/29480;2024/2025;3;73;3
https://www.vivoscuola.it/content/view/full/29480;2023/2024;1;54;3
https://www.vivoscuola.it/content/view/full/29480;2023/2024;2;70;3
https://www.vivoscuola.it/content/view/full/29480;2023/2024;3;71;3
https://www.vivoscuola.it/content/view/full/30180;2025/2026;0;46;0
https://www.vivoscuola.it/content/view/full/30180;2024/2025;0;47;0
https://www.vivoscuola.it/content/view/full/30180;2023/2024;0;52;0
https://www.vivoscuola.it/content/view/full/30150;2025/2026;0;115;0
https://www.vivoscuola.it/content/view/full/30150;2024/2025;0;119;0
https://www.vivoscuola.it/content/view/full/30150;2023/2024;0;115;0
https://www.vivoscuola.it/content/view/full/30002;2025/2026;0;32;0
https://www.vivoscuola.it/content/view/full/30002;2024/2025;0;40;0
https://www.vivoscuola.it/content/view/full/30002;2023/2024;0;34;0
https://www.vivoscuola.it/content/view/full/29942;2025/2026;0;7;0
https://www.vivoscuola.it/content/view/full/29942;2024/2025;0;7;0
https://www.vivoscuola.it/content/view/full/29942;2023/2024;0;11;0
https://www.vivoscuola.it/content/view/full/29930;2025/2026;0;112;0
https://www.vivoscuola.it/content/view/full/29930;2024/2025;0;123;0
https://www.vivoscuola.it/content/view/full/29930;2023/2024;0;99;0
https://www.vivoscuola.it/content/view/full/29273;2025/2026;1;62;1
https://www.vivoscuola.it/content/view/full/29273;2025/2026;2;63;1
https://www.vivoscuola.it/content/view/full/29273;2025/2026;3;74;1
https://www.vivoscuola.it/content/view/full/29273;2025/2026;4;54;2
https://www.vivoscuola.it/content/view/full/29273;2024/2025;1;63;1
https://www.vivoscuola.it/content/view/full/29273;2024/2025;2;60;1
https://www.vivoscuola.it/content/view/full/29273;2024/2025;3;73;1
https://www.vivoscuola.it/content/view/full/29273;2024/2025;4;56;2
https://www.vivoscuola.it/content/view/full/29273;2023/2024;1;57;1
https://www.vivoscuola.it/content/view/full/29273;2023/2024;2;68;1
https://www.vivoscuola.it/content/view/full/29273;2023/2024;3;65;1
https://www.vivoscuola.it/content/view/full/29273;2023/2024;4;51;2
https://www.vivoscuola.it/content/view/full/29273;2023/2024;5;52;2
https://www.vivoscuola.it/content/view/full/170201;2025/2026;5;50;2
https://www.vivoscuola.it/content/view/full/170201;2024/2025;5;57;2
https://www.vivoscuola.it/content/view/full/170198;2025/2026;5;37;2
https://www.vivoscuola.it/content/view/full/170198;2024/2025;5;34;2
https://www.vivoscuola.it/content/view/full/30160;2025/2026;0;36;0
https://www.vivoscuola.it/content/view/full/30160;2024/2025;0;44;0
https://www.vivoscuola.it/content/view/full/30160;2023/2024;0;53;0
https://www.vivoscuola.it/content/view/full/29264;2025/2026;1;86;4
https://www.vivoscuola.it/content/view/full/29264;2025/2026;2;89;5
https://www.vivoscuola.it/content/view/full/29264;2025/2026;3;77;5
https://www.vivoscuola.it/content/view/full/29264;2025/2026;4;68;4
https://www.vivoscuola.it/content/view/full/29264;2024/2025;1;109;4
https://www.vivoscuola.it/content/view/full/29264;2024/2025;2;83;5
https://www.vivoscuola.it/content/view/full/29264;2024/2025;3;101;5
https://www.vivoscuola.it/content/view/full/29264;2024/2025;4;45;2
https://www.vivoscuola.it/content/view/full/29264;2023/2024;1;91;4
https://www.vivoscuola.it/content/view/full/29264;2023/2024;2;100;6
https://www.vivoscuola.it/content/view/full/29264;2023/2024;3;73;4
https://www.vivoscuola.it/content/view/full/29264;2023/2024;4;43;2
https://www.vivoscuola.it/content/view/full/29264;2023/2024;5;25;2
https://www.vivoscuola.it/content/view/full/29261;2025/2026;1;36;2
https://www.vivoscuola.it/content/view/full/29261;2025/2026;2;46;3
https://www.vivoscuola.it/content/view/full/29261;2025/2026;3;32;2
https://www.vivoscuola.it/content/view/full/29261;2025/2026;4;26;2
https://www.vivoscuola.it/content/view/full/29261;2024/2025;1;51;3
https://www.vivoscuola.it/content/view/full/29261;2024/2025;2;25;2
https://www.vivoscuola.it/content/view/full/29261;2024/2025;3;41;3
https://www.vivoscuola.it/content/view/full/29261;2024/2025;4;24;1
https://www.vivoscuola.it/content/view/full/29261;2023/2024;1;41;2
https://www.vivoscuola.it/content/view/full/29261;2023/2024;2;47;3
https://www.vivoscuola.it/content/view/full/29261;2023/2024;3;45;3
https://www.vivoscuola.it/content/view/full/29261;2023/2024;4;36;2
https://www.vivoscuola.it/content/view/full/30042;2025/2026;0;55;0
https://www.vivoscuola.it/content/view/full/30042;2024/2025;0;50;0
https://www.vivoscuola.it/content/view/full/30042;2023/2024;0;48;0
https://www.vivoscuola.it/content/view/full/170196;2025/2026;5;19;1
https://www.vivoscuola.it/content/view/full/170196;2024/2025;5;17;2
https://www.vivoscuola.it/content/view/full/170197;2025/2026;5;21;1
https://www.vivoscuola.it/content/view/full/170197;2024/2025;5;21;1
https://www.vivoscuola.it/content/view/full/30040;2025/2026;0;55;0
https://www.vivoscuola.it/content/view/full/30040;2024/2025;0;53;0
https://www.vivoscuola.it/content/view/full/30040;2023/2024;0;56;0
https://www.vivoscuola.it/content/view/full/29262;2025/2026;1;21;1
https://www.vivoscuola.it/content/view/full/29262;2025/2026;2;26;2
https://www.vivoscuola.it/content/view/full/29262;2025/2026;3;28;2
https://www.vivoscuola.it/content/view/full/29262;2025/2026;4;26;2
https://www.vivoscuola.it/content/view/full/29262;2024/2025;1;34;2
https://www.vivoscuola.it/content/view/full/29262;2024/2025;2;24;2
https://www.vivoscuola.it/content/view/full/29262;2024/2025;3;28;2
https://www.vivoscuola.it/content/view/full/29262;2024/2025;4;26;2
https://www.vivoscuola.it/content/view/full/29262;2023/2024;1;43;2
https://www.vivoscuola.it/content/view/full/29262;2023/2024;2;30;2
https://www.vivoscuola.it/content/view/full/29262;2023/2024;3;30;2
https://www.vivoscuola.it/content/view/full/29262;2023/2024;4;28;2
https://www.vivoscuola.it/content/view/full/29262;2023/2024;5;6;0
https://www.vivoscuola.it/content/view/full/180181;2025/2026;0;116;0
https://www.vivoscuola.it/content/view/full/180181;2024/2025;0;114;0
https://www.vivoscuola.it/content/view/full/29328;2025/2026;0;35;0
https://www.vivoscuola.it/content/view/full/29328;2024/2025;0;44;0
https://www.vivoscuola.it/content/view/full/29328;2023/2024;0;44;0
https://www.vivoscuola.it/content/view/full/29331;2025/2026;0;21;0
https://www.vivoscuola.it/content/view/full/29331;2024/2025;0;20;0
https://www.vivoscuola.it/content/view/full/29331;2023/2024;0;23;0
https://www.vivoscuola.it/content/view/full/29327;2025/2026;0;20;0
https://www.vivoscuola.it/content/view/full/29327;2024/2025;0;20;0
https://www.vivoscuola.it/content/view/full/29327;2023/2024;0;22;0
https://www.vivoscuola.it/content/view/full/29330;2025/2026;0;22;0
https://www.vivoscuola.it/content/view/full/29330;2024/2025;0;17;0
https://www.vivoscuola.it/content/view/full/29330;2023/2024;0;26;0
https://www.vivoscuola.it/content/view/full/29329;2025/2026;0;42;0
https://www.vivoscuola.it/content/view/full/29329;2024/2025;0;50;0
https://www.vivoscuola.it/content/view/full/29329;2023/2024;0;33;0
https://www.vivoscuola.it/content/view/full/29332;2025/2026;0;18;0
https://www.vivoscuola.it/content/view/full/29332;2024/2025;0;19;0
https://www.vivoscuola.it/content/view/full/29332;2023/2024;0;24;0
https://www.vivoscuola.it/content/view/full/29336;2025/2026;0;25;0
https://www.vivoscuola.it/content/view/full/29336;2024/2025;0;26;0
https://www.vivoscuola.it/content/view/full/29336;2023/2024;0;30;0
https://www.vivoscuola.it/content/view/full/29334;2025/2026;0;29;0
https://www.vivoscuola.it/content/view/full/29334;2024/2025;0;35;0
https://www.vivoscuola.it/content/view/full/29334;2023/2024;0;35;0
https://www.vivoscuola.it/content/view/full/29333;2025/2026;0;166;0
https://www.vivoscuola.it/content/view/full/29333;2024/2025;0;159;0
https://www.vivoscuola.it/content/view/full/29333;2023/2024;0;192;0
https://www.vivoscuola.it/content/view/full/29337;2025/2026;0;31;0
https://www.vivoscuola.it/content/view/full/29337;2024/2025;0;41;0
https://www.vivoscuola.it/content/view/full/29337;2023/2024;0;51;0
https://www.vivoscuola.it/content/view/full/29335;2025/2026;0;37;0
https://www.vivoscuola.it/content/view/full/29335;2024/2025;0;39;0
https://www.vivoscuola.it/content/view/full/29335;2023/2024;0;42;0
https://www.vivoscuola.it/content/view/full/29338;2025/2026;0;32;0
https://www.vivoscuola.it/content/view/full/29338;2024/2025;0;32;0
https://www.vivoscuola.it/content/view/full/29338;2023/2024;0;36;0
https://www.vivoscuola.it/content/view/full/30044;2025/2026;0;148;0
https://www.vivoscuola.it/content/view/full/30044;2024/2025;0;155;0
https://www.vivoscuola.it/content/view/full/30044;2023/2024;0;178;0
https://www.vivoscuola.it/content/view/full/29926;2025/2026;0;125;0
https://www.vivoscuola.it/content/view/full/29926;2024/2025;0;128;0
https://www.vivoscuola.it/content/view/full/29926;2023/2024;0;131;0
https://www.vivoscuola.it/content/view/full/30226;2025/2026;0;60;0
https://www.vivoscuola.it/content/view/full/30226;2024/2025;0;58;0
https://www.vivoscuola.it/content/view/full/30226;2023/2024;0;58;0
https://www.vivoscuola.it/content/view/full/29448;2025/2026;1;14;1
https://www.vivoscuola.it/content/view/full/29448;2025/2026;2;19;1
https://www.vivoscuola.it/content/view/full/29448;2025/2026;3;14;1
https://www.vivoscuola.it/content/view/full/29448;2025/2026;4;19;1
https://www.vivoscuola.it/content/view/full/29448;2025/2026;5;19;1
https://www.vivoscuola.it/content/view/full/29448;2024/2025;1;18;1
https://www.vivoscuola.it/content/view/full/29448;2024/2025;2;14;1
https://www.vivoscuola.it/content/view/full/29448;2024/2025;3;19;1
https://www.vivoscuola.it/content/view/full/29448;2024/2025;4;19;1
https://www.vivoscuola.it/content/view/full/29448;2024/2025;5;10;1
https://www.vivoscuola.it/content/view/full/29448;2023/2024;1;12;1
https://www.vivoscuola.it/content/view/full/29448;2023/2024;2;19;1
https://www.vivoscuola.it/content/view/full/29448;2023/2024;3;20;1
https://www.vivoscuola.it/content/view/full/29448;2023/2024;4;11;1
https://www.vivoscuola.it/content/view/full/29448;2023/2024;5;16;1
https://www.vivoscuola.it/content/view/full/29446;2025/2026;1;14;1
https://www.vivoscuola.it/content/view/full/29446;2025/2026;2;8;1
https://www.vivoscuola.it/content/view/full/29446;2025/2026;3;14;1
https://www.vivoscuola.it/content/view/full/29446;2025/2026;4;14;1
https://www.vivoscuola.it/content/view/full/29446;2025/2026;5;13;1
https://www.vivoscuola.it/content/view/full/29446;2024/2025;1;9;1
https://www.vivoscuola.it/content/view/full/29446;2024/2025;2;12;1
https://www.vivoscuola.it/content/view/full/29446;2024/2025;3;15;1
https://www.vivoscuola.it/content/view/full/29446;2024/2025;4;13;1
https://www.vivoscuola.it/content/view/full/29446;2024/2025;5;11;1
https://www.vivoscuola.it/content/view/full/29446;2023/2024;1;12;1
https://www.vivoscuola.it/content/view/full/29446;2023/2024;2;16;1
https://www.vivoscuola.it/content/view/full/29446;2023/2024;3;13;1
https://www.vivoscuola.it/content/view/full/29446;2023/2024;4;12;1
https://www.vivoscuola.it/content/view/full/29446;2023/2024;5;8;1
https://www.vivoscuola.it/content/view/full/29447;2025/2026;1;31;2
https://www.vivoscuola.it/content/view/full/29447;2025/2026;2;29;2
https://www.vivoscuola.it/content/view/full/29447;2025/2026;3;30;2
https://www.vivoscuola.it/content/view/full/29447;2025/2026;4;31;2
https://www.vivoscuola.it/content/view/full/29447;2025/2026;5;36;2
https://www.vivoscuola.it/content/view/full/29447;2024/2025;1;29;2
https://www.vivoscuola.it/content/view/full/29447;2024/2025;2;30;2
https://www.vivoscuola.it/content/view/full/29447;2024/2025;3;29;2
https://www.vivoscuola.it/content/view/full/29447;2024/2025;4;36;2
https://www.vivoscuola.it/content/view/full/29447;2024/2025;5;28;2
https://www.vivoscuola.it/content/view/full/29447;2023/2024;1;30;2
https://www.vivoscuola.it/content/view/full/29447;2023/2024;2;28;2
https://www.vivoscuola.it/content/view/full/29447;2023/2024;3;35;2
https://www.vivoscuola.it/content/view/full/29447;2023/2024;4;25;2
https://www.vivoscuola.it/content/view/full/29447;2023/2024;5;37;2
https://www.vivoscuola.it/content/view/full/29449;2025/2026;1;50;3
https://www.vivoscuola.it/content/view/full/29449;2025/2026;2;65;3
https://www.vivoscuola.it/content/view/full/29449;2025/2026;3;81;4
https://www.vivoscuola.it/content/view/full/29449;2024/2025;1;65;3
https://www.vivoscuola.it/content/view/full/29449;2024/2025;2;82;4
https://www.vivoscuola.it/content/view/full/29449;2024/2025;3;58;3
https://www.vivoscuola.it/content/view/full/29449;2023/2024;1;80;4
https://www.vivoscuola.it/content/view/full/29449;2023/2024;2;59;3
https://www.vivoscuola.it/content/view/full/29449;2023/2024;3;76;3
https://www.vivoscuola.it/content/view/full/29627;2025/2026;1;13;1
https://www.vivoscuola.it/content/view/full/29627;2025/2026;2;27;2
https://www.vivoscuola.it/content/view/full/29627;2025/2026;3;16;1
https://www.vivoscuola.it/content/view/full/29627;2025/2026;4;25;1
https://www.vivoscuola.it/content/view/full/29627;2025/2026;5;21;1
https://www.vivoscuola.it/content/view/full/29627;2024/2025;1;27;2
https://www.vivoscuola.it/content/view/full/29627;2024/2025;2;15;1
https://www.vivoscuola.it/content/view/full/29627;2024/2025;3;25;1
https://www.vivoscuola.it/content/view/full/29627;2024/2025;4;19;1
https://www.vivoscuola.it/content/view/full/29627;2024/2025;5;22;1
https://www.vivoscuola.it/content/view/full/29627;2023/2024;1;16;1
https://www.vivoscuola.it/content/view/full/29627;2023/2024;2;25;1
https://www.vivoscuola.it/content/view/full/29627;2023/2024;3;20;1
https://www.vivoscuola.it/content/view/full/29627;2023/2024;4;23;1
https://www.vivoscuola.it/content/view/full/29627;2023/2024;5;31;2
https://www.vivoscuola.it/content/view/full/29626;2025/2026;1;30;2
https://www.vivoscuola.it/content/view/full/29626;2025/2026;2;37;2
https://www.vivoscuola.it/content/view/full/29626;2025/2026;3;53;3
https://www.vivoscuola.it/content/view/full/29626;2025/2026;4;53;3
https://www.vivoscuola.it/content/view/full/29626;2025/2026;5;62;3
https://www.vivoscuola.it/content/view/full/29626;2024/2025;1;38;2
https://www.vivoscuola.it/content/view/full/29626;2024/2025;2;54;3
https://www.vivoscuola.it/content/view/full/29626;2024/2025;3;50;3
https://www.vivoscuola.it/content/view/full/29626;2024/2025;4;65;3
https://www.vivoscuola.it/content/view/full/29626;2024/2025;5;53;3
https://www.vivoscuola.it/content/view/full/29626;2023/2024;1;59;3
https://www.vivoscuola.it/content/view/full/29626;2023/2024;2;54;3
https://www.vivoscuola.it/content/view/full/29626;2023/2024;3;67;3
https://www.vivoscuola.it/content/view/full/29626;2023/2024;4;55;3
https://www.vivoscuola.it/content/view/full/29626;2023/2024;5;67;3
https://www.vivoscuola.it/content/view/full/29628;2025/2026;1;23;1
https://www.vivoscuola.it/content/view/full/29628;2025/2026;2;27;2
https://www.vivoscuola.it/content/view/full/29628;2025/2026;3;36;2
https://www.vivoscuola.it/content/view/full/29628;2025/2026;4;24;1
https://www.vivoscuola.it/content/view/full/29628;2025/2026;5;21;1
https://www.vivoscuola.it/content/view/full/29628;2024/2025;1;28;2
https://www.vivoscuola.it/content/view/full/29628;2024/2025;2;36;2
https://www.vivoscuola.it/content/view/full/29628;2024/2025;3;24;1
https://www.vivoscuola.it/content/view/full/29628;2024/2025;4;22;1
https://www.vivoscuola.it/content/view/full/29628;2024/2025;5;32;2
https://www.vivoscuola.it/content/view/full/29628;2023/2024;1;38;2
https://www.vivoscuola.it/content/view/full/29628;2023/2024;2;23;1
https://www.vivoscuola.it/content/view/full/29628;2023/2024;3;22;1
https://www.vivoscuola.it/content/view/full/29628;2023/2024;4;32;2
https://www.vivoscuola.it/content/view/full/29628;2023/2024;5;35;2
https://www.vivoscuola.it/content/view/full/29940;2025/2026;0;80;0
https://www.vivoscuola.it/content/view/full/29940;2024/2025;0;93;0
https://www.vivoscuola.it/content/view/full/29940;2023/2024;0;93;0
https://www.vivoscuola.it/content/view/full/29718;2025/2026;1;12;1
https://www.vivoscuola.it/content/view/full/29718;2025/2026;2;9;1
https://www.vivoscuola.it/content/view/full/29718;2025/2026;3;13;1
https://www.vivoscuola.it/content/view/full/29718;2025/2026;4;9;1
https://www.vivoscuola.it/content/view/full/29718;2025/2026;5;16;1
https://www.vivoscuola.it/content/view/full/29718;2024/2025;1;9;1
https://www.vivoscuola.it/content/view/full/29718;2024/2025;2;13;1
https://www.vivoscuola.it/content/view/full/29718;2024/2025;3;10;1
https://www.vivoscuola.it/content/view/full/29718;2024/2025;4;16;1
https://www.vivoscuola.it/content/view/full/29718;2024/2025;5;9;1
https://www.vivoscuola.it/content/view/full/29718;2023/2024;1;12;1
https://www.vivoscuola.it/content/view/full/29718;2023/2024;2;10;1
https://www.vivoscuola.it/content/view/full/29718;2023/2024;3;16;1
https://www.vivoscuola.it/content/view/full/29718;2023/2024;4;9;1
https://www.vivoscuola.it/content/view/full/29718;2023/2024;5;7;1
https://www.vivoscuola.it/content/view/full/29630;2025/2026;1;114;5
https://www.vivoscuola.it/content/view/full/29630;2025/2026;2;157;7
https://www.vivoscuola.it/content/view/full/29630;2025/2026;3;150;7
https://www.vivoscuola.it/content/view/full/29630;2024/2025;1;158;7
https://www.vivoscuola.it/content/view/full/29630;2024/2025;2;153;7
https://www.vivoscuola.it/content/view/full/29630;2024/2025;3;120;5
https://www.vivoscuola.it/content/view/full/29630;2023/2024;1;156;7
https://www.vivoscuola.it/content/view/full/29630;2023/2024;2;121;5
https://www.vivoscuola.it/content/view/full/29630;2023/2024;3;162;7
https://www.vivoscuola.it/content/view/full/30172;2025/2026;0;43;0
https://www.vivoscuola.it/content/view/full/30172;2024/2025;0;43;0
https://www.vivoscuola.it/content/view/full/30172;2023/2024;0;49;0
https://www.vivoscuola.it/content/view/full/29719;2025/2026;1;9;1
https://www.vivoscuola.it/content/view/full/29719;2025/2026;2;11;1
https://www.vivoscuola.it/content/view/full/29719;2025/2026;3;18;1
https://www.vivoscuola.it/content/view/full/29719;2025/2026;4;14;1
https://www.vivoscuola.it/content/view/full/29719;2025/2026;5;15;1
https://www.vivoscuola.it/content/view/full/29719;2024/2025;1;11;1
https://www.vivoscuola.it/content/view/full/29719;2024/2025;2;18;1
https://www.vivoscuola.it/content/view/full/29719;2024/2025;3;15;1
https://www.vivoscuola.it/content/view/full/29719;2024/2025;4;15;1
https://www.vivoscuola.it/content/view/full/29719;2024/2025;5;11;1
https://www.vivoscuola.it/content/view/full/29719;2023/2024;1;19;1
https://www.vivoscuola.it/content/view/full/29719;2023/2024;2;16;1
https://www.vivoscuola.it/content/view/full/29719;2023/2024;3;16;1
https://www.vivoscuola.it/content/view/full/29719;2023/2024;4;11;1
https://www.vivoscuola.it/content/view/full/29719;2023/2024;5;17;1
https://www.vivoscuola.it/content/view/full/29720;2025/2026;1;8;1
https://www.vivoscuola.it/content/view/full/29720;2025/2026;2;19;1
https://www.vivoscuola.it/content/view/full/29720;2025/2026;3;8;1
https://www.vivoscuola.it/content/view/full/29720;2025/2026;4;5;1
https://www.vivoscuola.it/content/view/full/29720;2025/2026;5;15;1
https://www.vivoscuola.it/content/view/full/29720;2024/2025;1;19;1
https://www.vivoscuola.it/content/view/full/29720;2024/2025;2;8;1
https://www.vivoscuola.it/content/view/full/29720;2024/2025;3;5;1
https://www.vivoscuola.it/content/view/full/29720;2024/2025;4;17;1
https://www.vivoscuola.it/content/view/full/29720;2024/2025;5;11;1
https://www.vivoscuola.it/content/view/full/29720;2023/2024;1;7;1
https://www.vivoscuola.it/content/view/full/29720;2023/2024;2;5;1
https://www.vivoscuola.it/content/view/full/29720;2023/2024;3;15;1
https://www.vivoscuola.it/content/view/full/29720;2023/2024;4;13;2
https://www.vivoscuola.it/content/view/full/29720;2023/2024;5;11;1
https://www.vivoscuola.it/content/view/full/29722;2025/2026;1;12;1
https://www.vivoscuola.it/content/view/full/29722;2025/2026;2;11;1
https://www.vivoscuola.it/content/view/full/29722;2025/2026;3;6;1
https://www.vivoscuola.it/content/view/full/29722;2025/2026;4;10;1
https://www.vivoscuola.it/content/view/full/29722;2025/2026;5;7;1
https://www.vivoscuola.it/content/view/full/29722;2024/2025;1;11;1
https://www.vivoscuola.it/content/view/full/29722;2024/2025;2;6;1
https://www.vivoscuola.it/content/view/full/29722;2024/2025;3;11;1
https://www.vivoscuola.it/content/view/full/29722;2024/2025;4;7;1
https://www.vivoscuola.it/content/view/full/29722;2024/2025;5;9;1
https://www.vivoscuola.it/content/view/full/29722;2023/2024;1;6;1
https://www.vivoscuola.it/content/view/full/29722;2023/2024;2;10;1
https://www.vivoscuola.it/content/view/full/29722;2023/2024;3;8;1
https://www.vivoscuola.it/content/view/full/29722;2023/2024;4;9;1
https://www.vivoscuola.it/content/view/full/29722;2023/2024;5;8;1
https://www.vivoscuola.it/content/view/full/29721;2025/2026;1;13;1
https://www.vivoscuola.it/content/view/full/29721;2025/2026;2;9;1
https://www.vivoscuola.it/content/view/full/29721;2025/2026;3;13;1
https://www.vivoscuola.it/content/view/full/29721;2025/2026;4;15;1
https://www.vivoscuola.it/content/view/full/29721;2025/2026;5;11;1
https://www.vivoscuola.it/content/view/full/29721;2024/2025;1;8;1
https://www.vivoscuola.it/content/view/full/29721;2024/2025;2;13;1
https://www.vivoscuola.it/content/view/full/29721;2024/2025;3;18;1
https://www.vivoscuola.it/content/view/full/29721;2024/2025;4;11;1
https://www.vivoscuola.it/content/view/full/29721;2024/2025;5;11;1
https://www.vivoscuola.it/content/view/full/29721;2023/2024;1;12;1
https://www.vivoscuola.it/content/view/full/29721;2023/2024;2;17;1
https://www.vivoscuola.it/content/view/full/29721;2023/2024;3;11;1
https://www.vivoscuola.it/content/view/full/29721;2023/2024;4;10;1
https://www.vivoscuola.it/content/view/full/29721;2023/2024;5;10;1
https://www.vivoscuola.it/content/view/full/29724;2025/2026;1;16;1
https://www.vivoscuola.it/content/view/full/29724;2025/2026;2;12;1
https://www.vivoscuola.it/content/view/full/29724;2025/2026;3;16;1
https://www.vivoscuola.it/content/view/full/29724;2025/2026;4;24;2
https://www.vivoscuola.it/content/view/full/29724;2025/2026;5;19;1
https://www.vivoscuola.it/content/view/full/29724;2024/2025;1;12;1
https://www.vivoscuola.it/content/view/full/29724;2024/2025;2;16;1
https://www.vivoscuola.it/content/view/full/29724;2024/2025;3;24;2
https://www.vivoscuola.it/content/view/full/29724;2024/2025;4;19;1
https://www.vivoscuola.it/content/view/full/29724;2024/2025;5;23;1
https://www.vivoscuola.it/content/view/full/29724;2023/2024;1;15;1
https://www.vivoscuola.it/content/view/full/29724;2023/2024;2;24;2
https://www.vivoscuola.it/content/view/full/29724;2023/2024;3;18;1
https://www.vivoscuola.it/content/view/full/29724;2023/2024;4;23;1
https://www.vivoscuola.it/content/view/full/29724;2023/2024;5;18;1
https://www.vivoscuola.it/content/view/full/29725;2025/2026;1;46;3
https://www.vivoscuola.it/content/view/full/29725;2025/2026;2;38;2
https://www.vivoscuola.it/content/view/full/29725;2025/2026;3;45;2
https://www.vivoscuola.it/content/view/full/29725;2024/2025;1;38;2
https://www.vivoscuola.it/content/view/full/29725;2024/2025;2;45;2
https://www.vivoscuola.it/content/view/full/29725;2024/2025;3;50;3
https://www.vivoscuola.it/content/view/full/29725;2023/2024;1;44;2
https://www.vivoscuola.it/content/view/full/29725;2023/2024;2;52;3
https://www.vivoscuola.it/content/view/full/29725;2023/2024;3;46;3
https://www.vivoscuola.it/content/view/full/92010;2025/2026;0;77;0
https://www.vivoscuola.it/content/view/full/92010;2024/2025;0;81;0
https://www.vivoscuola.it/content/view/full/92010;2023/2024;0;85;0
https://www.vivoscuola.it/content/view/full/29723;2025/2026;1;16;1
https://www.vivoscuola.it/content/view/full/29723;2025/2026;2;4;1
https://www.vivoscuola.it/content/view/full/29723;2025/2026;3;16;1
https://www.vivoscuola.it/content/view/full/29723;2025/2026;4;5;1
https://www.vivoscuola.it/content/view/full/29723;2025/2026;5;16;1
https://www.vivoscuola.it/content/view/full/29723;2024/2025;1;4;1
https://www.vivoscuola.it/content/view/full/29723;2024/2025;2;16;1
https://www.vivoscuola.it/content/view/full/29723;2024/2025;3;5;1
https://www.vivoscuola.it/content/view/full/29723;2024/2025;4;16;1
https://www.vivoscuola.it/content/view/full/29723;2024/2025;5;11;1
https://www.vivoscuola.it/content/view/full/29723;2023/2024;1;16;1
https://www.vivoscuola.it/content/view/full/29723;2023/2024;2;6;1
https://www.vivoscuola.it/content/view/full/29723;2023/2024;3;16;1
https://www.vivoscuola.it/content/view/full/29723;2023/2024;4;12;1
https://www.vivoscuola.it/content/view/full/29723;2023/2024;5;17;1
https://www.vivoscuola.it/content/view/full/29726;2025/2026;1;8;1
https://www.vivoscuola.it/content/view/full/29726;2025/2026;2;9;1
https://www.vivoscuola.it/content/view/full/29726;2025/2026;3;7;1
https://www.vivoscuola.it/content/view/full/29726;2024/2025;1;8;1
https://www.vivoscuola.it/content/view/full/29726;2024/2025;2;7;1
https://www.vivoscuola.it/content/view/full/29726;2024/2025;3;18;1
https://www.vivoscuola.it/content/view/full/29726;2023/2024;1;8;1
https://www.vivoscuola.it/content/view/full/29726;2023/2024;2;17;1
https://www.vivoscuola.it/content/view/full/29726;2023/2024;3;2;1
https://www.vivoscuola.it/content/view/full/29727;2025/2026;1;31;2
https://www.vivoscuola.it/content/view/full/29727;2025/2026;2;39;2
https://www.vivoscuola.it/content/view/full/29727;2025/2026;3;32;2
https://www.vivoscuola.it/content/view/full/29727;2024/2025;1;41;2
https://www.vivoscuola.it/content/view/full/29727;2024/2025;2;33;2
https://www.vivoscuola.it/content/view/full/29727;2024/2025;3;34;2
https://www.vivoscuola.it/content/view/full/29727;2023/2024;1;33;2
https://www.vivoscuola.it/content/view/full/29727;2023/2024;2;34;2
https://www.vivoscuola.it/content/view/full/29727;2023/2024;3;35;2
https://www.vivoscuola.it/content/view/full/29622;2025/2026;1;24;1
https://www.vivoscuola.it/content/view/full/29622;2025/2026;2;40;2
https://www.vivoscuola.it/content/view/full/29622;2025/2026;3;34;2
https://www.vivoscuola.it/content/view/full/29622;2025/2026;4;33;2
https://www.vivoscuola.it/content/view/full/29622;2025/2026;5;31;2
https://www.vivoscuola.it/content/view/full/29622;2024/2025;1;40;2
https://www.vivoscuola.it/content/view/full/29622;2024/2025;2;34;2
https://www.vivoscuola.it/content/view/full/29622;2024/2025;3;35;2
https://www.vivoscuola.it/content/view/full/29622;2024/2025;4;32;2
https://www.vivoscuola.it/content/view/full/29622;2024/2025;5;32;2
https://www.vivoscuola.it/content/view/full/29622;2023/2024;1;34;2
https://www.vivoscuola.it/content/view/full/29622;2023/2024;2;34;2
https://www.vivoscuola.it/content/view/full/29622;2023/2024;3;32;2
https://www.vivoscuola.it/content/view/full/29622;2023/2024;4;31;2
https://www.vivoscuola.it/content/view/full/29622;2023/2024;5;30;2
https://www.vivoscuola.it/content/view/full/29621;2025/2026;1;20;1
https://www.vivoscuola.it/content/view/full/29621;2025/2026;2;19;1
https://www.vivoscuola.it/content/view/full/29621;2025/2026;3;15;1
https://www.vivoscuola.it/content/view/full/29621;2025/2026;4;14;1
https://www.vivoscuola.it/content/view/full/29621;2025/2026;5;16;1
https://www.vivoscuola.it/content/view/full/29621;2024/2025;1;19;1
https://www.vivoscuola.it/content/view/full/29621;2024/2025;2;15;1
https://www.vivoscuola.it/content/view/full/29621;2024/2025;3;14;1
https://www.vivoscuola.it/content/view/full/29621;2024/2025;4;16;1
https://www.vivoscuola.it/content/view/full/29621;2024/2025;5;14;1
https://www.vivoscuola.it/content/view/full/29621;2023/2024;1;16;1
https://www.vivoscuola.it/content/view/full/29621;2023/2024;2;14;1
https://www.vivoscuola.it/content/view/full/29621;2023/2024;3;16;1
https://www.vivoscuola.it/content/view/full/29621;2023/2024;4;14;1
https://www.vivoscuola.it/content/view/full/29621;2023/2024;5;25;1
https://www.vivoscuola.it/content/view/full/29620;2025/2026;1;25;2
https://www.vivoscuola.it/content/view/full/29620;2025/2026;2;29;2
https://www.vivoscuola.it/content/view/full/29620;2025/2026;3;29;1
https://www.vivoscuola.it/content/view/full/29620;2025/2026;4;41;2
https://www.vivoscuola.it/content/view/full/29620;2025/2026;5;31;2
https://www.vivoscuola.it/content/view/full/29620;2024/2025;1;30;2
https://www.vivoscuola.it/content/view/full/29620;2024/2025;2;29;1
https://www.vivoscuola.it/content/view/full/29620;2024/2025;3;40;2
https://www.vivoscuola.it/content/view/full/29620;2024/2025;4;30;2
https://www.vivoscuola.it/content/view/full/29620;2024/2025;5;37;2
https://www.vivoscuola.it/content/view/full/29620;2023/2024;1;28;1
https://www.vivoscuola.it/content/view/full/29620;2023/2024;2;39;2
https://www.vivoscuola.it/content/view/full/29620;2023/2024;3;31;2
https://www.vivoscuola.it/content/view/full/29620;2023/2024;4;37;2
https://www.vivoscuola.it/content/view/full/29620;2023/2024;5;40;2
https://www.vivoscuola.it/content/view/full/30220;2025/2026;0;48;0
https://www.vivoscuola.it/content/view/full/30220;2024/2025;0;47;0
https://www.vivoscuola.it/content/view/full/30220;2023/2024;0;39;0
https://www.vivoscuola.it/content/view/full/170202;2025/2026;5;17;1
https://www.vivoscuola.it/content/view/full/170202;2024/2025;5;18;1
https://www.vivoscuola.it/content/view/full/29623;2025/2026;1;37;2
https://www.vivoscuola.it/content/view/full/29623;2025/2026;2;43;2
https://www.vivoscuola.it/content/view/full/29623;2025/2026;3;34;2
https://www.vivoscuola.it/content/view/full/29623;2024/2025;1;43;2
https://www.vivoscuola.it/content/view/full/29623;2024/2025;2;34;2
https://www.vivoscuola.it/content/view/full/29623;2024/2025;3;33;2
https://www.vivoscuola.it/content/view/full/29623;2023/2024;1;33;2
https://www.vivoscuola.it/content/view/full/29623;2023/2024;2;39;2
https://www.vivoscuola.it/content/view/full/29623;2023/2024;3;44;2
https://www.vivoscuola.it/content/view/full/29624;2025/2026;1;46;2
https://www.vivoscuola.it/content/view/full/29624;2025/2026;2;57;3
https://www.vivoscuola.it/content/view/full/29624;2025/2026;3;52;3
https://www.vivoscuola.it/content/view/full/29624;2024/2025;1;56;3
https://www.vivoscuola.it/content/view/full/29624;2024/2025;2;53;3
https://www.vivoscuola.it/content/view/full/29624;2024/2025;3;51;3
https://www.vivoscuola.it/content/view/full/29624;2023/2024;1;54;3
https://www.vivoscuola.it/content/view/full/29624;2023/2024;2;52;3
https://www.vivoscuola.it/content/view/full/29624;2023/2024;3;64;3
https://www.vivoscuola.it/content/view/full/30098;2025/2026;0;35;0
https://www.vivoscuola.it/content/view/full/30098;2024/2025;0;45;0
https://www.vivoscuola.it/content/view/full/30098;2023/2024;0;36;0
https://www.vivoscuola.it/content/view/full/29966;2025/2026;0;42;0
https://www.vivoscuola.it/content/view/full/29966;2024/2025;0;34;0
https://www.vivoscuola.it/content/view/full/29966;2023/2024;0;42;0
https://www.vivoscuola.it/content/view/full/29275;2025/2026;1;27;1
https://www.vivoscuola.it/content/view/full/29275;2025/2026;2;37;2
https://www.vivoscuola.it/content/view/full/29275;2025/2026;3;48;3
https://www.vivoscuola.it/content/view/full/29275;2025/2026;4;27;2
https://www.vivoscuola.it/content/view/full/29275;2024/2025;1;39;2
https://www.vivoscuola.it/content/view/full/29275;2024/2025;2;41;2
https://www.vivoscuola.it/content/view/full/29275;2024/2025;3;48;2
https://www.vivoscuola.it/content/view/full/29275;2024/2025;4;35;2
https://www.vivoscuola.it/content/view/full/29275;2023/2024;1;45;2
https://www.vivoscuola.it/content/view/full/29275;2023/2024;2;47;3
https://www.vivoscuola.it/content/view/full/29275;2023/2024;3;53;3
https://www.vivoscuola.it/content/view/full/29275;2023/2024;4;28;2
https://www.vivoscuola.it/content/view/full/29919;2025/2026;1;22;1
https://www.vivoscuola.it/content/view/full/29919;2025/2026;2;26;1
https://www.vivoscuola.it/content/view/full/29919;2025/2026;3;20;1
https://www.vivoscuola.it/content/view/full/29919;2025/2026;4;21;1
https://www.vivoscuola.it/content/view/full/29919;2025/2026;5;17;1
https://www.vivoscuola.it/content/view/full/29919;2024/2025;1;23;1
https://www.vivoscuola.it/content/view/full/29919;2024/2025;2;24;1
https://www.vivoscuola.it/content/view/full/29919;2024/2025;3;24;1
https://www.vivoscuola.it/content/view/full/29919;2024/2025;4;19;1
https://www.vivoscuola.it/content/view/full/29919;2024/2025;5;18;1
https://www.vivoscuola.it/content/view/full/29919;2023/2024;1;23;1
https://www.vivoscuola.it/content/view/full/29919;2023/2024;2;22;1
https://www.vivoscuola.it/content/view/full/29919;2023/2024;3;23;1
https://www.vivoscuola.it/content/view/full/29919;2023/2024;4;20;1
https://www.vivoscuola.it/content/view/full/29919;2023/2024;5;17;1
https://www.vivoscuola.it/content/view/full/29920;2025/2026;1;22;1
https://www.vivoscuola.it/content/view/full/29920;2025/2026;2;23;1
https://www.vivoscuola.it/content/view/full/29920;2025/2026;3;18;1
https://www.vivoscuola.it/content/view/full/29920;2025/2026;4;27;1
https://www.vivoscuola.it/content/view/full/29920;2025/2026;5;36;2
https://www.vivoscuola.it/content/view/full/29920;2024/2025;1;22;1
https://www.vivoscuola.it/content/view/full/29920;2024/2025;2;20;1
https://www.vivoscuola.it/content/view/full/29920;2024/2025;3;26;1
https://www.vivoscuola.it/content/view/full/29920;2024/2025;4;22;1
https://www.vivoscuola.it/content/view/full/29920;2024/2025;5;40;2
https://www.vivoscuola.it/content/view/full/29920;2023/2024;1;23;1
https://www.vivoscuola.it/content/view/full/29920;2023/2024;2;23;1
https://www.vivoscuola.it/content/view/full/29920;2023/2024;3;22;1
https://www.vivoscuola.it/content/view/full/29920;2023/2024;4;24;1
https://www.vivoscuola.it/content/view/full/29920;2023/2024;5;40;2
https://www.vivoscuola.it/content/view/full/29922;2025/2026;1;25;1
https://www.vivoscuola.it/content/view/full/29922;2025/2026;2;24;1
https://www.vivoscuola.it/content/view/full/29922;2025/2026;3;21;1
https://www.vivoscuola.it/content/view/full/29922;2025/2026;4;19;1
https://www.vivoscuola.it/content/view/full/29922;2024/2025;1;26;1
https://www.vivoscuola.it/content/view/full/29922;2024/2025;2;23;1
https://www.vivoscuola.it/content/view/full/29922;2024/2025;3;18;1
https://www.vivoscuola.it/content/view/full/29922;2024/2025;4;21;1
https://www.vivoscuola.it/content/view/full/29922;2023/2024;1;25;1
https://www.vivoscuola.it/content/view/full/29922;2023/2024;2;21;1
https://www.vivoscuola.it/content/view/full/29922;2023/2024;3;22;1
https://www.vivoscuola.it/content/view/full/29922;2023/2024;4;20;1
https://www.vivoscuola.it/content/view/full/29921;2025/2026;1;22;1
https://www.vivoscuola.it/content/view/full/29921;2025/2026;2;23;1
https://www.vivoscuola.it/content/view/full/29921;2025/2026;3;20;1
https://www.vivoscuola.it/content/view/full/29921;2025/2026;4;22;1
https://www.vivoscuola.it/content/view/full/29921;2025/2026;5;23;1
https://www.vivoscuola.it/content/view/full/29921;2024/2025;1;22;1
https://www.vivoscuola.it/content/view/full/29921;2024/2025;2;23;1
https://www.vivoscuola.it/content/view/full/29921;2024/2025;3;25;1
https://www.vivoscuola.it/content/view/full/29921;2024/2025;4;24;1
https://www.vivoscuola.it/content/view/full/29921;2024/2025;5;22;1
https://www.vivoscuola.it/content/view/full/29921;2023/2024;1;23;1
https://www.vivoscuola.it/content/view/full/29921;2023/2024;2;19;1
https://www.vivoscuola.it/content/view/full/29921;2023/2024;3;24;1
https://www.vivoscuola.it/content/view/full/29921;2023/2024;4;21;1
https://www.vivoscuola.it/content/view/full/29921;2023/2024;5;21;1
https://www.vivoscuola.it/content/view/full/29607;2025/2026;1;49;3
https://www.vivoscuola.it/content/view/full/29607;2025/2026;2;42;2
https://www.vivoscuola.it/content/view/full/29607;2025/2026;3;42;2
https://www.vivoscuola.it/content/view/full/29607;2025/2026;4;50;3
https://www.vivoscuola.it/content/view/full/29607;2025/2026;5;44;2
https://www.vivoscuola.it/content/view/full/29607;2024/2025;1;42;2
https://www.vivoscuola.it/content/view/full/29607;2024/2025;2;41;2
https://www.vivoscuola.it/content/view/full/29607;2024/2025;3;52;3
https://www.vivoscuola.it/content/view/full/29607;2024/2025;4;42;2
https://www.vivoscuola.it/content/view/full/29607;2024/2025;5;69;3
https://www.vivoscuola.it/content/view/full/29607;2023/2024;1;41;2
https://www.vivoscuola.it/content/view/full/29607;2023/2024;2;53;3
https://www.vivoscuola.it/content/view/full/29607;2023/2024;3;42;2
https://www.vivoscuola.it/content/view/full/29607;2023/2024;4;71;3
https://www.vivoscuola.it/content/view/full/29607;2023/2024;5;55;3
https://www.vivoscuola.it/content/view/full/170192;2025/2026;5;16;1
https://www.vivoscuola.it/content/view/full/170192;2024/2025;5;12;1
https://www.vivoscuola.it/content/view/full/29611;2025/2026;1;18;1
https://www.vivoscuola.it/content/view/full/29611;2025/2026;2;13;1
https://www.vivoscuola.it/content/view/full/29611;2025/2026;3;19;1
https://www.vivoscuola.it/content/view/full/29611;2025/2026;4;17;1
https://www.vivoscuola.it/content/view/full/29611;2025/2026;5;22;1
https://www.vivoscuola.it/content/view/full/29611;2024/2025;1;13;1
https://www.vivoscuola.it/content/view/full/29611;2024/2025;2;19;1
https://www.vivoscuola.it/content/view/full/29611;2024/2025;3;19;1
https://www.vivoscuola.it/content/view/full/29611;2024/2025;4;22;1
https://www.vivoscuola.it/content/view/full/29611;2024/2025;5;23;1
https://www.vivoscuola.it/content/view/full/29611;2023/2024;1;20;1
https://www.vivoscuola.it/content/view/full/29611;2023/2024;2;19;1
https://www.vivoscuola.it/content/view/full/29611;2023/2024;3;23;1
https://www.vivoscuola.it/content/view/full/29611;2023/2024;4;22;1
https://www.vivoscuola.it/content/view/full/29611;2023/2024;5;22;1
https://www.vivoscuola.it/content/view/full/29608;2025/2026;1;22;1
https://www.vivoscuola.it/content/view/full/29608;2025/2026;2;12;1
https://www.vivoscuola.it/content/view/full/29608;2025/2026;3;16;1
https://www.vivoscuola.it/content/view/full/29608;2025/2026;4;12;1
https://www.vivoscuola.it/content/view/full/29608;2025/2026;5;19;1
https://www.vivoscuola.it/content/view/full/29608;2024/2025;1;11;1
https://www.vivoscuola.it/content/view/full/29608;2024/2025;2;16;1
https://www.vivoscuola.it/content/view/full/29608;2024/2025;3;12;1
https://www.vivoscuola.it/content/view/full/29608;2024/2025;4;19;1
https://www.vivoscuola.it/content/view/full/29608;2024/2025;5;19;1
https://www.vivoscuola.it/content/view/full/29608;2023/2024;1;16;1
https://www.vivoscuola.it/content/view/full/29608;2023/2024;2;13;1
https://www.vivoscuola.it/content/view/full/29608;2023/2024;3;21;1
https://www.vivoscuola.it/content/view/full/29608;2023/2024;4;19;1
https://www.vivoscuola.it/content/view/full/29608;2023/2024;5;21;1
https://www.vivoscuola.it/content/view/full/29612;2025/2026;1;126;6
https://www.vivoscuola.it/content/view/full/29612;2025/2026;2;102;5
https://www.vivoscuola.it/content/view/full/29612;2025/2026;3;98;5
https://www.vivoscuola.it/content/view/full/29612;2024/2025;1;103;5
https://www.vivoscuola.it/content/view/full/29612;2024/2025;2;101;5
https://www.vivoscuola.it/content/view/full/29612;2024/2025;3;115;5
https://www.vivoscuola.it/content/view/full/29612;2023/2024;1;104;5
https://www.vivoscuola.it/content/view/full/29612;2023/2024;2;114;5
https://www.vivoscuola.it/content/view/full/29612;2023/2024;3;123;6
https://www.vivoscuola.it/content/view/full/29609;2025/2026;1;5;1
https://www.vivoscuola.it/content/view/full/29609;2025/2026;2;6;1
https://www.vivoscuola.it/content/view/full/29609;2025/2026;3;8;1
https://www.vivoscuola.it/content/view/full/29609;2025/2026;4;10;1
https://www.vivoscuola.it/content/view/full/29609;2025/2026;5;8;1
https://www.vivoscuola.it/content/view/full/29609;2024/2025;1;6;1
https://www.vivoscuola.it/content/view/full/29609;2024/2025;2;8;1
https://www.vivoscuola.it/content/view/full/29609;2024/2025;3;9;1
https://www.vivoscuola.it/content/view/full/29609;2024/2025;4;8;1
https://www.vivoscuola.it/content/view/full/29609;2024/2025;5;5;1
https://www.vivoscuola.it/content/view/full/29609;2023/2024;1;8;1
https://www.vivoscuola.it/content/view/full/29609;2023/2024;2;9;1
https://www.vivoscuola.it/content/view/full/29609;2023/2024;3;8;1
https://www.vivoscuola.it/content/view/full/29609;2023/2024;4;5;1
https://www.vivoscuola.it/content/view/full/29609;2023/2024;5;5;1
https://www.vivoscuola.it/content/view/full/29249;2025/2026;1;53;3
https://www.vivoscuola.it/content/view/full/29249;2025/2026;2;45;3
https://www.vivoscuola.it/content/view/full/29249;2025/2026;3;66;4
https://www.vivoscuola.it/content/view/full/29249;2025/2026;4;25;2
https://www.vivoscuola.it/content/view/full/29249;2024/2025;1;60;3
https://www.vivoscuola.it/content/view/full/29249;2024/2025;2;74;4
https://www.vivoscuola.it/content/view/full/29249;2024/2025;3;53;3
https://www.vivoscuola.it/content/view/full/29249;2024/2025;4;19;1
https://www.vivoscuola.it/content/view/full/29249;2023/2024;1;67;3
https://www.vivoscuola.it/content/view/full/29249;2023/2024;2;51;3
https://www.vivoscuola.it/content/view/full/29249;2023/2024;3;47;3
https://www.vivoscuola.it/content/view/full/29249;2023/2024;4;23;1
https://www.vivoscuola.it/content/view/full/30080;2025/2026;0;25;0
https://www.vivoscuola.it/content/view/full/30080;2024/2025;0;24;0
https://www.vivoscuola.it/content/view/full/30080;2023/2024;0;32;0
https://www.vivoscuola.it/content/view/full/29610;2025/2026;1;12;1
https://www.vivoscuola.it/content/view/full/29610;2025/2026;2;9;1
https://www.vivoscuola.it/content/view/full/29610;2025/2026;3;7;1
https://www.vivoscuola.it/content/view/full/29610;2025/2026;4;11;1
https://www.vivoscuola.it/content/view/full/29610;2025/2026;5;5;1
https://www.vivoscuola.it/content/view/full/29610;2024/2025;1;10;2
https://www.vivoscuola.it/content/view/full/29610;2024/2025;2;7;1
https://www.vivoscuola.it/content/view/full/29610;2024/2025;3;12;1
https://www.vivoscuola.it/content/view/full/29610;2024/2025;4;5;1
https://www.vivoscuola.it/content/view/full/29610;2024/2025;5;4;1
https://www.vivoscuola.it/content/view/full/29610;2023/2024;1;7;1
https://www.vivoscuola.it/content/view/full/29610;2023/2024;2;11;1
https://www.vivoscuola.it/content/view/full/29610;2023/2024;3;6;1
https://www.vivoscuola.it/content/view/full/29610;2023/2024;4;4;1
https://www.vivoscuola.it/content/view/full/29610;2023/2024;5;9;1
https://www.vivoscuola.it/content/view/full/30116;2025/2026;0;41;0
https://www.vivoscuola.it/content/view/full/30116;2024/2025;0;42;0
https://www.vivoscuola.it/content/view/full/30116;2023/2024;0;43;0
https://www.vivoscuola.it/content/view/full/30096;2025/2026;0;63;0
https://www.vivoscuola.it/content/view/full/30096;2024/2025;0;52;0
https://www.vivoscuola.it/content/view/full/30096;2023/2024;0;54;0
https://www.vivoscuola.it/content/view/full/61886;2025/2026;0;50;0
https://www.vivoscuola.it/content/view/full/61886;2024/2025;0;43;0
https://www.vivoscuola.it/content/view/full/61886;2023/2024;0;44;0
https://www.vivoscuola.it/content/view/full/29932;2025/2026;0;29;0
https://www.vivoscuola.it/content/view/full/29932;2024/2025;0;33;0
https://www.vivoscuola.it/content/view/full/29932;2023/2024;0;40;0
https://www.vivoscuola.it/content/view/full/29228;2025/2026;0;27;0
https://www.vivoscuola.it/content/view/full/29228;2024/2025;0;27;0
https://www.vivoscuola.it/content/view/full/29228;2023/2024;0;35;0
https://www.vivoscuola.it/content/view/full/29853;2025/2026;1;144;7
https://www.vivoscuola.it/content/view/full/29853;2025/2026;2;187;10
https://www.vivoscuola.it/content/view/full/29853;2025/2026;3;174;9
https://www.vivoscuola.it/content/view/full/29853;2025/2026;4;154;9
https://www.vivoscuola.it/content/view/full/29853;2025/2026;5;160;10
https://www.vivoscuola.it/content/view/full/29853;2024/2025;1;212;10
https://www.vivoscuola.it/content/view/full/29853;2024/2025;2;176;9
https://www.vivoscuola.it/content/view/full/29853;2024/2025;3;189;9
https://www.vivoscuola.it/content/view/full/29853;2024/2025;4;173;10
https://www.vivoscuola.it/content/view/full/29853;2024/2025;5;151;9
https://www.vivoscuola.it/content/view/full/29853;2023/2024;1;197;9
https://www.vivoscuola.it/content/view/full/29853;2023/2024;2;202;11
https://www.vivoscuola.it/content/view/full/29853;2023/2024;3;197;10
https://www.vivoscuola.it/content/view/full/29853;2023/2024;4;166;9
https://www.vivoscuola.it/content/view/full/29853;2023/2024;5;187;11
https://www.vivoscuola.it/content/view/full/30208;2025/2026;0;29;0
https://www.vivoscuola.it/content/view/full/30208;2024/2025;0;25;0
https://www.vivoscuola.it/content/view/full/30208;2023/2024;0;30;0
https://www.vivoscuola.it/content/view/full/29854;2025/2026;3;48;6
https://www.vivoscuola.it/content/view/full/29854;2025/2026;4;9;3
https://www.vivoscuola.it/content/view/full/29854;2025/2026;3;25;3
https://www.vivoscuola.it/content/view/full/29854;2025/2026;4;14;3
https://www.vivoscuola.it/content/view/full/29854;2025/2026;5;18;3
https://www.vivoscuola.it/content/view/full/29854;2024/2025;3;54;6
https://www.vivoscuola.it/content/view/full/29854;2024/2025;4;15;3
https://www.vivoscuola.it/content/view/full/29854;2024/2025;3;27;3
https://www.vivoscuola.it/content/view/full/29854;2024/2025;4;15;5
https://www.vivoscuola.it/content/view/full/29854;2024/2025;5;11;4
https://www.vivoscuola.it/content/view/full/29854;2023/2024;3;30;6
https://www.vivoscuola.it/content/view/full/29854;2023/2024;4;9;3
https://www.vivoscuola.it/content/view/full/29854;2023/2024;3;18;3
https://www.vivoscuola.it/content/view/full/29854;2023/2024;4;14;3
https://www.vivoscuola.it/content/view/full/29854;2023/2024;5;16;3
https://www.vivoscuola.it/content/view/full/30112;2025/2026;0;52;0
https://www.vivoscuola.it/content/view/full/30112;2024/2025;0;52;0
https://www.vivoscuola.it/content/view/full/30112;2023/2024;0;42;0
https://www.vivoscuola.it/content/view/full/30168;2025/2026;0;56;0
https://www.vivoscuola.it/content/view/full/30168;2024/2025;0;68;0
https://www.vivoscuola.it/content/view/full/30168;2023/2024;0;67;0
https://www.vivoscuola.it/content/view/full/30102;2025/2026;0;93;0
https://www.vivoscuola.it/content/view/full/30102;2024/2025;0;104;0
https://www.vivoscuola.it/content/view/full/30102;2023/2024;0;123;0
https://www.vivoscuola.it/content/view/full/29895;2025/2026;1;54;3
https://www.vivoscuola.it/content/view/full/29895;2025/2026;2;53;3
https://www.vivoscuola.it/content/view/full/29895;2025/2026;3;65;3
https://www.vivoscuola.it/content/view/full/29895;2025/2026;4;69;3
https://www.vivoscuola.it/content/view/full/29895;2025/2026;5;48;3
https://www.vivoscuola.it/content/view/full/29895;2024/2025;1;54;3
https://www.vivoscuola.it/content/view/full/29895;2024/2025;2;66;3
https://www.vivoscuola.it/content/view/full/29895;2024/2025;3;70;3
https://www.vivoscuola.it/content/view/full/29895;2024/2025;4;47;3
https://www.vivoscuola.it/content/view/full/29895;2024/2025;5;58;3
https://www.vivoscuola.it/content/view/full/29895;2023/2024;1;56;3
https://www.vivoscuola.it/content/view/full/29895;2023/2024;2;65;3
https://www.vivoscuola.it/content/view/full/29895;2023/2024;3;52;3
https://www.vivoscuola.it/content/view/full/29895;2023/2024;4;62;3
https://www.vivoscuola.it/content/view/full/29895;2023/2024;5;52;3
https://www.vivoscuola.it/content/view/full/29290;2025/2026;0;13;0
https://www.vivoscuola.it/content/view/full/29290;2024/2025;0;12;0
https://www.vivoscuola.it/content/view/full/29290;2023/2024;0;11;0
https://www.vivoscuola.it/content/view/full/30024;2025/2026;0;29;0
https://www.vivoscuola.it/content/view/full/30024;2024/2025;0;36;0
https://www.vivoscuola.it/content/view/full/30024;2023/2024;0;39;0
https://www.vivoscuola.it/content/view/full/180180;2025/2026;0;23;0
https://www.vivoscuola.it/content/view/full/180180;2024/2025;0;27;0
https://www.vivoscuola.it/content/view/full/29894;2025/2026;1;91;4
https://www.vivoscuola.it/content/view/full/29894;2025/2026;2;89;4
https://www.vivoscuola.it/content/view/full/29894;2025/2026;3;70;4
https://www.vivoscuola.it/content/view/full/29894;2025/2026;4;76;4
https://www.vivoscuola.it/content/view/full/29894;2025/2026;5;77;4
https://www.vivoscuola.it/content/view/full/29894;2024/2025;1;95;4
https://www.vivoscuola.it/content/view/full/29894;2024/2025;2;75;4
https://www.vivoscuola.it/content/view/full/29894;2024/2025;3;79;4
https://www.vivoscuola.it/content/view/full/29894;2024/2025;4;79;4
https://www.vivoscuola.it/content/view/full/29894;2024/2025;5;69;4
https://www.vivoscuola.it/content/view/full/29894;2023/2024;1;81;4
https://www.vivoscuola.it/content/view/full/29894;2023/2024;2;80;4
https://www.vivoscuola.it/content/view/full/29894;2023/2024;3;78;4
https://www.vivoscuola.it/content/view/full/29894;2023/2024;4;74;4
https://www.vivoscuola.it/content/view/full/29894;2023/2024;5;84;4
https://www.vivoscuola.it/content/view/full/29289;2025/2026;0;58;0
https://www.vivoscuola.it/content/view/full/29289;2024/2025;0;75;0
https://www.vivoscuola.it/content/view/full/29289;2023/2024;0;66;0
https://www.vivoscuola.it/content/view/full/29291;2025/2026;0;13;0
https://www.vivoscuola.it/content/view/full/29291;2024/2025;0;9;0
https://www.vivoscuola.it/content/view/full/29291;2023/2024;0;10;0
https://www.vivoscuola.it/content/view/full/29292;2025/2026;0;54;0
https://www.vivoscuola.it/content/view/full/29292;2024/2025;0;67;0
https://www.vivoscuola.it/content/view/full/29292;2023/2024;0;72;0
https://www.vivoscuola.it/content/view/full/29294;2025/2026;0;12;0
https://www.vivoscuola.it/content/view/full/29294;2024/2025;0;13;0
https://www.vivoscuola.it/content/view/full/29294;2023/2024;0;15;0
https://www.vivoscuola.it/content/view/full/29297;2025/2026;0;39;0
https://www.vivoscuola.it/content/view/full/29297;2024/2025;0;38;0
https://www.vivoscuola.it/content/view/full/29297;2023/2024;0;34;0
https://www.vivoscuola.it/content/view/full/29295;2025/2026;0;47;0
https://www.vivoscuola.it/content/view/full/29295;2024/2025;0;45;0
https://www.vivoscuola.it/content/view/full/29295;2023/2024;0;48;0
https://www.vivoscuola.it/content/view/full/29982;2025/2026;0;36;0
https://www.vivoscuola.it/content/view/full/29982;2024/2025;0;40;0
https://www.vivoscuola.it/content/view/full/29982;2023/2024;0;32;0
https://www.vivoscuola.it/content/view/full/29296;2025/2026;0;23;0
https://www.vivoscuola.it/content/view/full/29296;2024/2025;0;27;0
https://www.vivoscuola.it/content/view/full/29296;2023/2024;0;26;0
https://www.vivoscuola.it/content/view/full/29298;2025/2026;0;23;0
https://www.vivoscuola.it/content/view/full/29298;2024/2025;0;23;0
https://www.vivoscuola.it/content/view/full/29298;2023/2024;0;24;0
https://www.vivoscuola.it/content/view/full/29299;2025/2026;0;27;0
https://www.vivoscuola.it/content/view/full/29299;2024/2025;0;27;0
https://www.vivoscuola.it/content/view/full/29299;2023/2024;0;25;0
https://www.vivoscuola.it/content/view/full/29300;2025/2026;0;44;0
https://www.vivoscuola.it/content/view/full/29300;2024/2025;0;46;0
https://www.vivoscuola.it/content/view/full/29300;2023/2024;0;37;0
https://www.vivoscuola.it/content/view/full/29418;2025/2026;1;40;2
https://www.vivoscuola.it/content/view/full/29418;2025/2026;2;58;2
https://www.vivoscuola.it/content/view/full/29418;2025/2026;3;42;2
https://www.vivoscuola.it/content/view/full/29418;2025/2026;4;34;2
https://www.vivoscuola.it/content/view/full/29418;2024/2025;1;56;2
https://www.vivoscuola.it/content/view/full/29418;2024/2025;2;43;2
https://www.vivoscuola.it/content/view/full/29418;2024/2025;3;37;2
https://www.vivoscuola.it/content/view/full/29418;2024/2025;4;33;2
https://www.vivoscuola.it/content/view/full/29418;2023/2024;1;42;2
https://www.vivoscuola.it/content/view/full/29418;2023/2024;2;41;3
https://www.vivoscuola.it/content/view/full/29418;2023/2024;3;34;2
https://www.vivoscuola.it/content/view/full/29418;2023/2024;4;24;1
https://www.vivoscuola.it/content/view/full/170211;2025/2026;5;67;4
https://www.vivoscuola.it/content/view/full/170211;2024/2025;5;73;3
https://www.vivoscuola.it/content/view/full/29419;2025/2026;1;97;5
https://www.vivoscuola.it/content/view/full/29419;2025/2026;2;130;5
https://www.vivoscuola.it/content/view/full/29419;2025/2026;3;126;7
https://www.vivoscuola.it/content/view/full/29419;2025/2026;4;107;7
https://www.vivoscuola.it/content/view/full/29419;2024/2025;1;110;5
https://www.vivoscuola.it/content/view/full/29419;2024/2025;2;128;6
https://www.vivoscuola.it/content/view/full/29419;2024/2025;3;122;7
https://www.vivoscuola.it/content/view/full/29419;2024/2025;4;105;5
https://www.vivoscuola.it/content/view/full/29419;2023/2024;1;108;4
https://www.vivoscuola.it/content/view/full/29419;2023/2024;2;134;7
https://www.vivoscuola.it/content/view/full/29419;2023/2024;3;136;7
https://www.vivoscuola.it/content/view/full/29419;2023/2024;4;100;4
https://www.vivoscuola.it/content/view/full/29419;2023/2024;5;39;2
https://www.vivoscuola.it/content/view/full/29420;2025/2026;4;17;1
https://www.vivoscuola.it/content/view/full/29420;2025/2026;2;15;2
https://www.vivoscuola.it/content/view/full/29420;2025/2026;3;4;2
https://www.vivoscuola.it/content/view/full/29420;2025/2026;2;15;2
https://www.vivoscuola.it/content/view/full/29420;2025/2026;3;4;2
https://www.vivoscuola.it/content/view/full/29420;2025/2026;4;17;1
https://www.vivoscuola.it/content/view/full/29420;2024/2025;2;17;2
https://www.vivoscuola.it/content/view/full/29420;2024/2025;3;11;2
https://www.vivoscuola.it/content/view/full/29420;2024/2025;2;17;2
https://www.vivoscuola.it/content/view/full/29420;2024/2025;3;11;2
https://www.vivoscuola.it/content/view/full/29420;2023/2024;2;28;2
https://www.vivoscuola.it/content/view/full/29420;2023/2024;3;26;3
https://www.vivoscuola.it/content/view/full/29420;2023/2024;2;28;2
https://www.vivoscuola.it/content/view/full/29420;2023/2024;3;17;2
https://www.vivoscuola.it/content/view/full/29645;2025/2026;1;49;3
https://www.vivoscuola.it/content/view/full/29645;2025/2026;2;50;3
https://www.vivoscuola.it/content/view/full/29645;2025/2026;3;53;3
https://www.vivoscuola.it/content/view/full/29645;2025/2026;4;56;3
https://www.vivoscuola.it/content/view/full/29645;2025/2026;5;67;3
https://www.vivoscuola.it/content/view/full/29645;2024/2025;1;50;3
https://www.vivoscuola.it/content/view/full/29645;2024/2025;2;48;3
https://www.vivoscuola.it/content/view/full/29645;2024/2025;3;55;3
https://www.vivoscuola.it/content/view/full/29645;2024/2025;4;69;3
https://www.vivoscuola.it/content/view/full/29645;2024/2025;5;69;3
https://www.vivoscuola.it/content/view/full/29645;2023/2024;1;47;3
https://www.vivoscuola.it/content/view/full/29645;2023/2024;2;51;3
https://www.vivoscuola.it/content/view/full/29645;2023/2024;3;65;3
https://www.vivoscuola.it/content/view/full/29645;2023/2024;4;70;3
https://www.vivoscuola.it/content/view/full/29645;2023/2024;5;64;3
https://www.vivoscuola.it/content/view/full/29934;2025/2026;0;139;0
https://www.vivoscuola.it/content/view/full/29934;2024/2025;0;133;0
https://www.vivoscuola.it/content/view/full/29934;2023/2024;0;139;0
https://www.vivoscuola.it/content/view/full/29644;2025/2026;1;10;1
https://www.vivoscuola.it/content/view/full/29644;2025/2026;2;16;1
https://www.vivoscuola.it/content/view/full/29644;2025/2026;3;21;1
https://www.vivoscuola.it/content/view/full/29644;2025/2026;4;15;1
https://www.vivoscuola.it/content/view/full/29644;2025/2026;5;22;1
https://www.vivoscuola.it/content/view/full/29644;2024/2025;1;16;1
https://www.vivoscuola.it/content/view/full/29644;2024/2025;2;21;1
https://www.vivoscuola.it/content/view/full/29644;2024/2025;3;16;1
https://www.vivoscuola.it/content/view/full/29644;2024/2025;4;20;1
https://www.vivoscuola.it/content/view/full/29644;2024/2025;5;20;1
https://www.vivoscuola.it/content/view/full/29644;2023/2024;1;21;1
https://www.vivoscuola.it/content/view/full/29644;2023/2024;2;16;1
https://www.vivoscuola.it/content/view/full/29644;2023/2024;3;20;1
https://www.vivoscuola.it/content/view/full/29644;2023/2024;4;20;1
https://www.vivoscuola.it/content/view/full/29644;2023/2024;5;20;1
https://www.vivoscuola.it/content/view/full/29646;2025/2026;1;106;5
https://www.vivoscuola.it/content/view/full/29646;2025/2026;2;109;5
https://www.vivoscuola.it/content/view/full/29646;2025/2026;3;113;5
https://www.vivoscuola.it/content/view/full/29646;2024/2025;1;109;5
https://www.vivoscuola.it/content/view/full/29646;2024/2025;2;117;5
https://www.vivoscuola.it/content/view/full/29646;2024/2025;3;115;5
https://www.vivoscuola.it/content/view/full/29646;2023/2024;1;112;5
https://www.vivoscuola.it/content/view/full/29646;2023/2024;2;118;5
https://www.vivoscuola.it/content/view/full/29646;2023/2024;3;112;5
https://www.vivoscuola.it/content/view/full/29303;2025/2026;0;81;0
https://www.vivoscuola.it/content/view/full/29303;2024/2025;0;94;0
https://www.vivoscuola.it/content/view/full/29303;2023/2024;0;97;0
https://www.vivoscuola.it/content/view/full/29304;2025/2026;0;48;0
https://www.vivoscuola.it/content/view/full/29304;2024/2025;0;63;0
https://www.vivoscuola.it/content/view/full/29304;2023/2024;0;75;0
https://www.vivoscuola.it/content/view/full/29305;2025/2026;0;53;0
https://www.vivoscuola.it/content/view/full/29305;2024/2025;0;76;0
https://www.vivoscuola.it/content/view/full/29305;2023/2024;0;67;0
https://www.vivoscuola.it/content/view/full/29306;2025/2026;0;38;0
https://www.vivoscuola.it/content/view/full/29306;2024/2025;0;44;0
https://www.vivoscuola.it/content/view/full/29306;2023/2024;0;48;0
https://www.vivoscuola.it/content/view/full/29307;2025/2026;0;55;0
https://www.vivoscuola.it/content/view/full/29307;2024/2025;0;60;0
https://www.vivoscuola.it/content/view/full/29307;2023/2024;0;60;0
https://www.vivoscuola.it/content/view/full/29308;2025/2026;0;26;0
https://www.vivoscuola.it/content/view/full/29308;2024/2025;0;23;0
https://www.vivoscuola.it/content/view/full/29308;2023/2024;0;17;0
https://www.vivoscuola.it/content/view/full/29309;2025/2026;0;72;0
https://www.vivoscuola.it/content/view/full/29309;2024/2025;0;74;0
https://www.vivoscuola.it/content/view/full/29309;2023/2024;0;81;0
https://www.vivoscuola.it/content/view/full/29310;2025/2026;0;71;0
https://www.vivoscuola.it/content/view/full/29310;2024/2025;0;75;0
https://www.vivoscuola.it/content/view/full/29310;2023/2024;0;76;0
https://www.vivoscuola.it/content/view/full/30146;2025/2026;0;27;0
https://www.vivoscuola.it/content/view/full/30146;2024/2025;0;31;0
https://www.vivoscuola.it/content/view/full/30146;2023/2024;0;26;0
https://www.vivoscuola.it/content/view/full/29585;2025/2026;1;51;3
https://www.vivoscuola.it/content/view/full/29585;2025/2026;2;58;3
https://www.vivoscuola.it/content/view/full/29585;2025/2026;3;53;3
https://www.vivoscuola.it/content/view/full/29585;2025/2026;4;63;3
https://www.vivoscuola.it/content/view/full/29585;2025/2026;5;52;3
https://www.vivoscuola.it/content/view/full/29585;2024/2025;1;58;3
https://www.vivoscuola.it/content/view/full/29585;2024/2025;2;54;3
https://www.vivoscuola.it/content/view/full/29585;2024/2025;3;66;3
https://www.vivoscuola.it/content/view/full/29585;2024/2025;4;52;3
https://www.vivoscuola.it/content/view/full/29585;2024/2025;5;63;3
https://www.vivoscuola.it/content/view/full/29585;2023/2024;1;52;3
https://www.vivoscuola.it/content/view/full/29585;2023/2024;2;66;3
https://www.vivoscuola.it/content/view/full/29585;2023/2024;3;55;3
https://www.vivoscuola.it/content/view/full/29585;2023/2024;4;61;3
https://www.vivoscuola.it/content/view/full/29585;2023/2024;5;60;3
https://www.vivoscuola.it/content/view/full/29587;2025/2026;1;14;1
https://www.vivoscuola.it/content/view/full/29587;2025/2026;2;7;1
https://www.vivoscuola.it/content/view/full/29587;2025/2026;3;14;1
https://www.vivoscuola.it/content/view/full/29587;2025/2026;4;16;1
https://www.vivoscuola.it/content/view/full/29587;2025/2026;5;8;1
https://www.vivoscuola.it/content/view/full/29587;2024/2025;1;8;1
https://www.vivoscuola.it/content/view/full/29587;2024/2025;2;14;1
https://www.vivoscuola.it/content/view/full/29587;2024/2025;3;16;1
https://www.vivoscuola.it/content/view/full/29587;2024/2025;4;8;1
https://www.vivoscuola.it/content/view/full/29587;2024/2025;5;16;1
https://www.vivoscuola.it/content/view/full/29587;2023/2024;1;16;1
https://www.vivoscuola.it/content/view/full/29587;2023/2024;2;15;1
https://www.vivoscuola.it/content/view/full/29587;2023/2024;3;8;1
https://www.vivoscuola.it/content/view/full/29587;2023/2024;4;17;1
https://www.vivoscuola.it/content/view/full/29587;2023/2024;5;9;1
https://www.vivoscuola.it/content/view/full/29589;2025/2026;1;118;6
https://www.vivoscuola.it/content/view/full/29589;2025/2026;2;112;5
https://www.vivoscuola.it/content/view/full/29589;2025/2026;3;132;6
https://www.vivoscuola.it/content/view/full/29589;2024/2025;1;116;5
https://www.vivoscuola.it/content/view/full/29589;2024/2025;2;135;6
https://www.vivoscuola.it/content/view/full/29589;2024/2025;3;112;5
https://www.vivoscuola.it/content/view/full/29589;2023/2024;1;138;6
https://www.vivoscuola.it/content/view/full/29589;2023/2024;2;113;5
https://www.vivoscuola.it/content/view/full/29589;2023/2024;3;121;5
https://www.vivoscuola.it/content/view/full/29586;2025/2026;1;23;1
https://www.vivoscuola.it/content/view/full/29586;2025/2026;2;21;1
https://www.vivoscuola.it/content/view/full/29586;2025/2026;3;26;2
https://www.vivoscuola.it/content/view/full/29586;2025/2026;4;27;2
https://www.vivoscuola.it/content/view/full/29586;2025/2026;5;30;2
https://www.vivoscuola.it/content/view/full/29586;2024/2025;1;22;1
https://www.vivoscuola.it/content/view/full/29586;2024/2025;2;26;2
https://www.vivoscuola.it/content/view/full/29586;2024/2025;3;28;2
https://www.vivoscuola.it/content/view/full/29586;2024/2025;4;29;2
https://www.vivoscuola.it/content/view/full/29586;2024/2025;5;22;1
https://www.vivoscuola.it/content/view/full/29586;2023/2024;1;26;2
https://www.vivoscuola.it/content/view/full/29586;2023/2024;2;27;2
https://www.vivoscuola.it/content/view/full/29586;2023/2024;3;30;2
https://www.vivoscuola.it/content/view/full/29586;2023/2024;4;22;1
https://www.vivoscuola.it/content/view/full/29586;2023/2024;5;22;1
https://www.vivoscuola.it/content/view/full/30130;2025/2026;0;10;0
https://www.vivoscuola.it/content/view/full/30130;2024/2025;0;13;0
https://www.vivoscuola.it/content/view/full/30130;2023/2024;0;15;0
https://www.vivoscuola.it/content/view/full/76225;2025/2026;2;26;1
https://www.vivoscuola.it/content/view/full/76225;2025/2026;3;18;1
https://www.vivoscuola.it/content/view/full/76225;2025/2026;2;26;1
https://www.vivoscuola.it/content/view/full/76225;2025/2026;3;18;1
https://www.vivoscuola.it/content/view/full/76225;2024/2025;2;40;2
https://www.vivoscuola.it/content/view/full/76225;2024/2025;3;22;1
https://www.vivoscuola.it/content/view/full/76225;2024/2025;2;36;2
https://www.vivoscuola.it/content/view/full/76225;2024/2025;3;22;1
https://www.vivoscuola.it/content/view/full/76225;2023/2024;3;17;1
https://www.vivoscuola.it/content/view/full/76225;2023/2024;2;92;4
https://www.vivoscuola.it/content/view/full/76225;2023/2024;2;42;3
https://www.vivoscuola.it/content/view/full/76225;2023/2024;3;17;1
https://www.vivoscuola.it/content/view/full/29588;2025/2026;1;13;1
https://www.vivoscuola.it/content/view/full/29588;2025/2026;2;8;1
https://www.vivoscuola.it/content/view/full/29588;2025/2026;3;14;1
https://www.vivoscuola.it/content/view/full/29588;2025/2026;4;16;1
https://www.vivoscuola.it/content/view/full/29588;2025/2026;5;19;1
https://www.vivoscuola.it/content/view/full/29588;2024/2025;1;9;1
https://www.vivoscuola.it/content/view/full/29588;2024/2025;2;14;1
https://www.vivoscuola.it/content/view/full/29588;2024/2025;3;17;1
https://www.vivoscuola.it/content/view/full/29588;2024/2025;4;18;1
https://www.vivoscuola.it/content/view/full/29588;2024/2025;5;20;1
https://www.vivoscuola.it/content/view/full/29588;2023/2024;1;14;1
https://www.vivoscuola.it/content/view/full/29588;2023/2024;2;17;1
https://www.vivoscuola.it/content/view/full/29588;2023/2024;3;20;1
https://www.vivoscuola.it/content/view/full/29588;2023/2024;4;20;1
https://www.vivoscuola.it/content/view/full/29588;2023/2024;5;17;1
https://www.vivoscuola.it/content/view/full/122612;2025/2026;1;13;1
https://www.vivoscuola.it/content/view/full/122612;2025/2026;3;10;1
https://www.vivoscuola.it/content/view/full/122612;2024/2025;2;12;1
https://www.vivoscuola.it/content/view/full/122612;2024/2025;3;15;1
https://www.vivoscuola.it/content/view/full/122612;2023/2024;1;20;1
https://www.vivoscuola.it/content/view/full/122612;2023/2024;2;17;1
https://www.vivoscuola.it/content/view/full/122612;2023/2024;3;19;1
https://www.vivoscuola.it/content/view/full/170208;2025/2026;5;13;1
https://www.vivoscuola.it/content/view/full/170208;2024/2025;5;21;1
https://www.vivoscuola.it/content/view/full/29859;2025/2026;1;59;4
https://www.vivoscuola.it/content/view/full/29859;2025/2026;2;73;4
https://www.vivoscuola.it/content/view/full/29859;2025/2026;3;55;4
https://www.vivoscuola.it/content/view/full/29859;2025/2026;4;26;2
https://www.vivoscuola.it/content/view/full/29859;2024/2025;1;99;5
https://www.vivoscuola.it/content/view/full/29859;2024/2025;2;64;3
https://www.vivoscuola.it/content/view/full/29859;2024/2025;3;48;3
https://www.vivoscuola.it/content/view/full/29859;2024/2025;4;16;2
https://www.vivoscuola.it/content/view/full/29859;2023/2024;1;90;5
https://www.vivoscuola.it/content/view/full/29859;2023/2024;2;50;3
https://www.vivoscuola.it/content/view/full/29859;2023/2024;3;34;2
https://www.vivoscuola.it/content/view/full/29859;2023/2024;4;36;3
https://www.vivoscuola.it/content/view/full/29859;2023/2024;5;16;2
https://www.vivoscuola.it/content/view/full/29484;2025/2026;1;9;1
https://www.vivoscuola.it/content/view/full/29484;2025/2026;2;5;1
https://www.vivoscuola.it/content/view/full/29484;2025/2026;3;11;1
https://www.vivoscuola.it/content/view/full/29484;2025/2026;4;9;1
https://www.vivoscuola.it/content/view/full/29484;2025/2026;5;6;1
https://www.vivoscuola.it/content/view/full/29484;2024/2025;1;5;1
https://www.vivoscuola.it/content/view/full/29484;2024/2025;2;11;1
https://www.vivoscuola.it/content/view/full/29484;2024/2025;3;9;1
https://www.vivoscuola.it/content/view/full/29484;2024/2025;4;8;1
https://www.vivoscuola.it/content/view/full/29484;2024/2025;5;11;1
https://www.vivoscuola.it/content/view/full/29484;2023/2024;1;12;1
https://www.vivoscuola.it/content/view/full/29484;2023/2024;2;9;1
https://www.vivoscuola.it/content/view/full/29484;2023/2024;3;7;1
https://www.vivoscuola.it/content/view/full/29484;2023/2024;4;11;1
https://www.vivoscuola.it/content/view/full/29484;2023/2024;5;9;1
https://www.vivoscuola.it/content/view/full/29483;2025/2026;2;3;1
https://www.vivoscuola.it/content/view/full/29483;2025/2026;3;7;1
https://www.vivoscuola.it/content/view/full/29483;2025/2026;4;1;1
https://www.vivoscuola.it/content/view/full/29483;2025/2026;5;3;1
https://www.vivoscuola.it/content/view/full/29483;2024/2025;1;3;1
https://www.vivoscuola.it/content/view/full/29483;2024/2025;2;7;1
https://www.vivoscuola.it/content/view/full/29483;2024/2025;3;1;1
https://www.vivoscuola.it/content/view/full/29483;2024/2025;4;2;1
https://www.vivoscuola.it/content/view/full/29483;2024/2025;5;6;1
https://www.vivoscuola.it/content/view/full/29483;2023/2024;1;7;1
https://www.vivoscuola.it/content/view/full/29483;2023/2024;2;1;1
https://www.vivoscuola.it/content/view/full/29483;2023/2024;3;2;1
https://www.vivoscuola.it/content/view/full/29483;2023/2024;4;6;1
https://www.vivoscuola.it/content/view/full/29483;2023/2024;5;2;1
https://www.vivoscuola.it/content/view/full/29486;2025/2026;1;10;1
https://www.vivoscuola.it/content/view/full/29486;2025/2026;2;14;1
https://www.vivoscuola.it/content/view/full/29486;2025/2026;3;18;1
https://www.vivoscuola.it/content/view/full/29486;2025/2026;4;10;1
https://www.vivoscuola.it/content/view/full/29486;2025/2026;5;11;1
https://www.vivoscuola.it/content/view/full/29486;2024/2025;1;14;1
https://www.vivoscuola.it/content/view/full/29486;2024/2025;2;19;1
https://www.vivoscuola.it/content/view/full/29486;2024/2025;3;10;1
https://www.vivoscuola.it/content/view/full/29486;2024/2025;4;11;1
https://www.vivoscuola.it/content/view/full/29486;2024/2025;5;21;1
https://www.vivoscuola.it/content/view/full/29486;2023/2024;1;19;1
https://www.vivoscuola.it/content/view/full/29486;2023/2024;2;10;1
https://www.vivoscuola.it/content/view/full/29486;2023/2024;3;12;1
https://www.vivoscuola.it/content/view/full/29486;2023/2024;4;21;1
https://www.vivoscuola.it/content/view/full/29486;2023/2024;5;14;1
https://www.vivoscuola.it/content/view/full/29485;2025/2026;1;1;1
https://www.vivoscuola.it/content/view/full/29485;2025/2026;2;5;1
https://www.vivoscuola.it/content/view/full/29485;2025/2026;3;3;1
https://www.vivoscuola.it/content/view/full/29485;2025/2026;4;2;1
https://www.vivoscuola.it/content/view/full/29485;2025/2026;5;3;1
https://www.vivoscuola.it/content/view/full/29485;2024/2025;1;5;1
https://www.vivoscuola.it/content/view/full/29485;2024/2025;2;3;1
https://www.vivoscuola.it/content/view/full/29485;2024/2025;3;2;1
https://www.vivoscuola.it/content/view/full/29485;2024/2025;4;3;1
https://www.vivoscuola.it/content/view/full/29485;2024/2025;5;4;1
https://www.vivoscuola.it/content/view/full/29485;2023/2024;1;3;1
https://www.vivoscuola.it/content/view/full/29485;2023/2024;2;3;1
https://www.vivoscuola.it/content/view/full/29485;2023/2024;3;4;1
https://www.vivoscuola.it/content/view/full/29485;2023/2024;4;3;1
https://www.vivoscuola.it/content/view/full/29485;2023/2024;5;4;1
https://www.vivoscuola.it/content/view/full/29488;2025/2026;1;7;1
https://www.vivoscuola.it/content/view/full/29488;2025/2026;2;7;1
https://www.vivoscuola.it/content/view/full/29488;2025/2026;3;6;1
https://www.vivoscuola.it/content/view/full/29488;2025/2026;4;5;1
https://www.vivoscuola.it/content/view/full/29488;2025/2026;5;5;1
https://www.vivoscuola.it/content/view/full/29488;2024/2025;1;7;1
https://www.vivoscuola.it/content/view/full/29488;2024/2025;2;6;1
https://www.vivoscuola.it/content/view/full/29488;2024/2025;3;5;1
https://www.vivoscuola.it/content/view/full/29488;2024/2025;4;5;1
https://www.vivoscuola.it/content/view/full/29488;2024/2025;5;3;1
https://www.vivoscuola.it/content/view/full/29488;2023/2024;1;6;1
https://www.vivoscuola.it/content/view/full/29488;2023/2024;2;5;1
https://www.vivoscuola.it/content/view/full/29488;2023/2024;3;5;1
https://www.vivoscuola.it/content/view/full/29488;2023/2024;4;4;1
https://www.vivoscuola.it/content/view/full/29488;2023/2024;5;10;1
https://www.vivoscuola.it/content/view/full/29490;2025/2026;1;11;1
https://www.vivoscuola.it/content/view/full/29490;2025/2026;2;10;1
https://www.vivoscuola.it/content/view/full/29490;2025/2026;3;9;1
https://www.vivoscuola.it/content/view/full/29490;2025/2026;4;9;1
https://www.vivoscuola.it/content/view/full/29490;2025/2026;5;9;1
https://www.vivoscuola.it/content/view/full/29490;2024/2025;1;9;1
https://www.vivoscuola.it/content/view/full/29490;2024/2025;2;9;1
https://www.vivoscuola.it/content/view/full/29490;2024/2025;3;9;1
https://www.vivoscuola.it/content/view/full/29490;2024/2025;4;9;1
https://www.vivoscuola.it/content/view/full/29490;2024/2025;5;17;1
https://www.vivoscuola.it/content/view/full/29490;2023/2024;1;9;1
https://www.vivoscuola.it/content/view/full/29490;2023/2024;2;8;1
https://www.vivoscuola.it/content/view/full/29490;2023/2024;3;9;1
https://www.vivoscuola.it/content/view/full/29490;2023/2024;4;16;1
https://www.vivoscuola.it/content/view/full/29490;2023/2024;5;19;1
https://www.vivoscuola.it/content/view/full/29350;2025/2026;0;53;0
https://www.vivoscuola.it/content/view/full/29350;2024/2025;0;52;0
https://www.vivoscuola.it/content/view/full/29350;2023/2024;0;51;0
https://www.vivoscuola.it/content/view/full/30204;2025/2026;0;35;0
https://www.vivoscuola.it/content/view/full/30204;2024/2025;0;37;0
https://www.vivoscuola.it/content/view/full/30204;2023/2024;0;43;0
https://www.vivoscuola.it/content/view/full/29487;2025/2026;1;23;1
https://www.vivoscuola.it/content/view/full/29487;2025/2026;2;16;1
https://www.vivoscuola.it/content/view/full/29487;2025/2026;3;15;1
https://www.vivoscuola.it/content/view/full/29487;2025/2026;4;25;2
https://www.vivoscuola.it/content/view/full/29487;2025/2026;5;27;2
https://www.vivoscuola.it/content/view/full/29487;2024/2025;1;17;1
https://www.vivoscuola.it/content/view/full/29487;2024/2025;2;15;1
https://www.vivoscuola.it/content/view/full/29487;2024/2025;3;27;2
https://www.vivoscuola.it/content/view/full/29487;2024/2025;4;28;2
https://www.vivoscuola.it/content/view/full/29487;2024/2025;5;28;2
https://www.vivoscuola.it/content/view/full/29487;2023/2024;1;15;1
https://www.vivoscuola.it/content/view/full/29487;2023/2024;2;28;2
https://www.vivoscuola.it/content/view/full/29487;2023/2024;3;28;2
https://www.vivoscuola.it/content/view/full/29487;2023/2024;4;28;2
https://www.vivoscuola.it/content/view/full/29487;2023/2024;5;31;2
https://www.vivoscuola.it/content/view/full/29489;2025/2026;1;11;1
https://www.vivoscuola.it/content/view/full/29489;2025/2026;2;10;1
https://www.vivoscuola.it/content/view/full/29489;2025/2026;3;3;1
https://www.vivoscuola.it/content/view/full/29489;2025/2026;4;11;1
https://www.vivoscuola.it/content/view/full/29489;2025/2026;5;10;1
https://www.vivoscuola.it/content/view/full/29489;2024/2025;1;10;1
https://www.vivoscuola.it/content/view/full/29489;2024/2025;2;3;1
https://www.vivoscuola.it/content/view/full/29489;2024/2025;3;9;1
https://www.vivoscuola.it/content/view/full/29489;2024/2025;4;11;1
https://www.vivoscuola.it/content/view/full/29489;2024/2025;5;9;1
https://www.vivoscuola.it/content/view/full/29489;2023/2024;1;3;1
https://www.vivoscuola.it/content/view/full/29489;2023/2024;2;10;1
https://www.vivoscuola.it/content/view/full/29489;2023/2024;3;11;1
https://www.vivoscuola.it/content/view/full/29489;2023/2024;4;9;1
https://www.vivoscuola.it/content/view/full/29489;2023/2024;5;11;1
https://www.vivoscuola.it/content/view/full/29349;2025/2026;0;29;0
https://www.vivoscuola.it/content/view/full/29349;2024/2025;0;31;0
https://www.vivoscuola.it/content/view/full/29349;2023/2024;0;22;0
https://www.vivoscuola.it/content/view/full/29351;2025/2026;0;149;0
https://www.vivoscuola.it/content/view/full/29351;2024/2025;0;170;0
https://www.vivoscuola.it/content/view/full/29351;2023/2024;0;173;0
https://www.vivoscuola.it/content/view/full/29354;2025/2026;0;141;0
https://www.vivoscuola.it/content/view/full/29354;2024/2025;0;118;0
https://www.vivoscuola.it/content/view/full/29354;2023/2024;0;130;0
https://www.vivoscuola.it/content/view/full/29491;2025/2026;1;99;5
https://www.vivoscuola.it/content/view/full/29491;2025/2026;2;99;5
https://www.vivoscuola.it/content/view/full/29491;2025/2026;3;103;5
https://www.vivoscuola.it/content/view/full/29491;2024/2025;1;98;5
https://www.vivoscuola.it/content/view/full/29491;2024/2025;2;103;5
https://www.vivoscuola.it/content/view/full/29491;2024/2025;3;92;4
https://www.vivoscuola.it/content/view/full/29491;2023/2024;1;101;5
https://www.vivoscuola.it/content/view/full/29491;2023/2024;2;99;4
https://www.vivoscuola.it/content/view/full/29491;2023/2024;3;85;4
https://www.vivoscuola.it/content/view/full/30066;2025/2026;0;24;0
https://www.vivoscuola.it/content/view/full/30066;2024/2025;0;21;0
https://www.vivoscuola.it/content/view/full/30066;2023/2024;0;21;0
https://www.vivoscuola.it/content/view/full/29352;2025/2026;0;85;0
https://www.vivoscuola.it/content/view/full/29352;2024/2025;0;99;0
https://www.vivoscuola.it/content/view/full/29352;2023/2024;0;90;0
https://www.vivoscuola.it/content/view/full/29353;2025/2026;0;48;0
https://www.vivoscuola.it/content/view/full/29353;2024/2025;0;40;0
https://www.vivoscuola.it/content/view/full/29353;2023/2024;0;43;0
