"Istituto Principale";Scuola;"Tipo Istituto";"Tipo Gestione";Dirigente;Direttore;"Coordinatore Pedagogico";Indirizzo;Comune;Telefono;Fax;"Email istituto";"Email dirigenza";"Email segreteria";"Sito web";"Codice MIUR"
"ASSOCIAZIONE RUDOLF STEINER PER LA PEDAGOGIA APS - ROVERETO";"Asilo Colle Fiorito";;Paritaria/equiparata;;;;"Via Stazione Mori, 10 38068";ROVERETO;"0464 434899";;;;;;
"Circolo di coordinamento n. 4";"Scuola dell'Infanzia di Cimone ""Mamma Teresa""";;"A carattere statale/provinciale";;;"RITA FERENZENA";"Frazione Petrolli, 37 38060";CIMONE;0461/855216;0461/496950;scuolainfanzia.cimone@scuole.provincia.tn.it;;circolo.coordinamento04@provincia.tn.it;;
"Circolo di coordinamento n. 4";"Scuola dell'Infanzia di Trento  ""Torrione""";;"A carattere statale/provinciale";;;"RITA FERENZENA";"Via Al Torrione, 10 38122";TRENTO;0461/232554;0461/496950;scuolainfanzia.torrione@scuole.provincia.tn.it;;circolo.coordinamento04@provincia.tn.it;;
"Circolo di coordinamento n. 4";"Scuola dell'Infanzia di Trento  Mattarello  ""Il Castello""";;"A carattere statale/provinciale";;;"RITA FERENZENA";"Via Del Castel, 1/A 38123";TRENTO;0461/945095;0461/496950;scuolainfanzia.mattarello@scuole.provincia.tn.it;;circolo.coordinamento04@provincia.tn.it;;
"Scuola dell'infanzia di Vigo di Fassa";"Scuola dell'Infanzia di Vigo di Fassa";;Paritaria/equiparata;;;"SARA DE ZOLT";"Strada Giuseppe Soraperra - Pozza di Fassa, 4 38036";"SAN GIOVANNI DI FASSA - SEN JAN";0462-763194;;vigo.fassa.presidente@fpsm.tn.it;;vigo.fassa.segretario@fpsm.tn.it;;
"Scuola dell'infanzia di Vigo di Ton";;"Scuola dell'infanzia";Paritaria/equiparata;;;"ELENA RICCI";"Piazza Guardi, 7 38010";TON;0461-657897;;vigo.ton.segretario@fpsm.tn.it;;vigo.ton.segretario@fpsm.tn.it;;
"Scuola dell'infanzia di Vigo di Ton";"Scuola dell'Infanzia di Vigo di Ton";;Paritaria/equiparata;;;"ELENA RICCI";"Piazza Guardi, 7 38010";TON;0461-657897;;vigo.ton.segretario@fpsm.tn.it;;vigo.ton.segretario@fpsm.tn.it;;
"Scuola dell'infanzia di Villamontagna";;"Scuola dell'infanzia";Paritaria/equiparata;;;"CARMEN FATTORI";"Via dei Carli, 16 38121";TRENTO;0461-209045;;villamontagna.segretario@fpsm.tn.it;;villamontagna.segretario@fpsm.tn.it;;
"Scuola dell'infanzia di Villamontagna";"Scuola dell'Infanzia di Villamontagna";;Paritaria/equiparata;;;"CARMEN FATTORI";"Via dei Carli, 16 38121";TRENTO;0461-209045;;villamontagna.segretario@fpsm.tn.it;;villamontagna.segretario@fpsm.tn.it;;
"Scuola dell'infanzia di Villazzano";;"Scuola dell'infanzia";Paritaria/equiparata;;;"IVANA LEONARDELLI";"Via Giordano, 15 38123";TRENTO;0461-920382;;villazzano.segretario@fpsm.tn.it;;villazzano.segretario@fpsm.tn.it;;
"Scuola dell'infanzia di Volano";;"Scuola dell'infanzia";Paritaria/equiparata;;;"SILVANO MEDVES";"Via S Maria, 13 38060";VOLANO;0464-411516;;volano.segretario@fpsm.tn.it;;volano.segretario@fpsm.tn.it;;
"Scuola dell'infanzia di Volano";"Scuola dell'Infanzia di Volano";;Paritaria/equiparata;;;"SILVANO MEDVES";"Via S Maria, 13 38060";VOLANO;0464-411516;;volano.segretario@fpsm.tn.it;;volano.segretario@fpsm.tn.it;;
"Scuola dell'infanzia di Aldeno";"Scuola dell'Infanzia di Aldeno";;Paritaria/equiparata;;;"SANDRA CIAPPI";"Via XXV Aprile, 5 38060";ALDENO;0461-842597;;aldeno.presidente@fpsm.tn.it;;aldeno.segretario@fpsm.tn.it;;
"Scuola dell'infanzia di Andalo";;"Scuola dell'infanzia";Paritaria/equiparata;;;"ELENA RICCI";"Via Paganella, 5 38010";ANDALO;0461-585898;;andalo.presidente@fpsm.tn.it;;andalo.segretario@fpsm.tn.it;;
"Scuola dell'infanzia di Andalo";"Scuola dell'Infanzia di Andalo";;Paritaria/equiparata;;;"ELENA RICCI";"Via Paganella, 5 38010";ANDALO;0461-585898;;andalo.presidente@fpsm.tn.it;;andalo.segretario@fpsm.tn.it;;
"Scuola dell'infanzia di Arco";;"Scuola dell'infanzia";Paritaria/equiparata;;;"GIANNA ANGELI";"Viale Capitelli, 16 38062";ARCO;0464-516369;;arco.segretario@fpsm.tn.it;;arco.segretario@fpsm.tn.it;;
"Scuola dell'infanzia di Arco";"Scuola dell'Infanzia di Arco";;Paritaria/equiparata;;;"GIANNA ANGELI";"Viale Capitelli, 16 38062";ARCO;0464-516369;;arco.segretario@fpsm.tn.it;;arco.segretario@fpsm.tn.it;;
"Scuola dell'infanzia di Avio";;"Scuola dell'infanzia";Paritaria/equiparata;;;"FRANCESCA VARESCHI";"Via Dante, 5 38063";AVIO;0464-684102;;avio.presidente@fpsm.tn.it;;avio.segretario@fpsm.tn.it;;
"Scuola dell'infanzia di Avio";"Scuola dell'Infanzia di Avio";;Paritaria/equiparata;;;"FRANCESCA VARESCHI";"Via Dante, 5 38063";AVIO;0464-684102;;avio.presidente@fpsm.tn.it;;avio.segretario@fpsm.tn.it;;
"Scuola dell'infanzia di Barco di Levico";;"Scuola dell'infanzia";Paritaria/equiparata;;;"MARIANGELA SIMONCINI";"Via di S Taddeo, 8 38056";"LEVICO TERME";0461-707295;;barco.presidente@fpsm.tn.it;;barco.segretario@fpsm.tn.it;;
"Scuola dell'infanzia di Barco di Levico";"Scuola dell'Infanzia di Barco di Levico";;Paritaria/equiparata;;;"MARIANGELA SIMONCINI";"Via di S Taddeo, 8 38056";"LEVICO TERME";0461-707295;;barco.presidente@fpsm.tn.it;;barco.segretario@fpsm.tn.it;;
"Scuola dell'infanzia di Bolognano";;"Scuola dell'infanzia";Paritaria/equiparata;;;"GIANNA ANGELI";"Piazza Vittoria, 1 38062";ARCO;0464-516315;;bolognano.presidente@fpsm.tn.it;;bolognano.segretario@fpsm.tn.it;;
"Scuola dell'infanzia di Bolognano";"Scuola dell'Infanzia di Bolognano";;Paritaria/equiparata;;;"GIANNA ANGELI";"Piazza Vittoria, 1 38062";ARCO;0464-516315;;bolognano.presidente@fpsm.tn.it;;bolognano.segretario@fpsm.tn.it;;
"Scuola dell'infanzia di Borgo Sacco";;"Scuola dell'infanzia";Paritaria/equiparata;;;"ROBERTA MEDEGHINI";"Via Fedrigotti, 9 38068";ROVERETO;0464-430541;;borgo.sacco.presidente@fpsm.tn.it;;borgo.sacco.segretario@fpsm.tn.it;;
"Scuola dell'infanzia di Borgo Sacco";"Scuola dell'Infanzia di Borgo Sacco";;Paritaria/equiparata;;;"ROBERTA MEDEGHINI";"Via Fedrigotti, 9 38068";ROVERETO;0464-430541;;borgo.sacco.presidente@fpsm.tn.it;;borgo.sacco.segretario@fpsm.tn.it;;
"Scuola dell'infanzia di Borgo Valsugana";;"Scuola dell'infanzia";Paritaria/equiparata;;;"PAOLA SANGIORGI";"Piazza Romani, 8 38051";"BORGO VALSUGANA";0461-754771;;borgo.valsugana.presidente@fpsm.tn.it;;borgo.valsugana.segretario@fpsm.tn.it;;
"Scuola dell'infanzia di Borgo Valsugana";"Scuola dell'Infanzia di Borgo Valsugana";;Paritaria/equiparata;;;"PAOLA SANGIORGI";"Piazza Romani, 8 38051";"BORGO VALSUGANA";0461-754771;;borgo.valsugana.presidente@fpsm.tn.it;;borgo.valsugana.segretario@fpsm.tn.it;;
"Scuola dell'infanzia di Brentonico";;"Scuola dell'infanzia";Paritaria/equiparata;;;"FRANCESCA VARESCHI";"Via Mantova, 5 38060";BRENTONICO;0464-395628;;brentonico.segretario@fpsm.tn.it;;brentonico.segretario@fpsm.tn.it;;
"Scuola dell'infanzia di Brentonico";"Scuola dell'Infanzia di Brentonico";;Paritaria/equiparata;;;"FRANCESCA VARESCHI";"Via Mantova, 5 38060";BRENTONICO;0464-395628;;brentonico.segretario@fpsm.tn.it;;brentonico.segretario@fpsm.tn.it;;
"Scuola dell'infanzia di Calceranica";;"Scuola dell'infanzia";Paritaria/equiparata;;;"MARIANGELA SIMONCINI";"Via Cavour, 2 38050";"CALCERANICA AL LAGO";0461-723325;;calceranica.contabile@fpsm.tn.it;;calceranica.segretario@fpsm.tn.it;;
"Scuola dell'infanzia di Calceranica";"Scuola dell'Infanzia di Calceranica";;Paritaria/equiparata;;;"MARIANGELA SIMONCINI";"Via Cavour, 2 38050";"CALCERANICA AL LAGO";0461-723325;;calceranica.contabile@fpsm.tn.it;;calceranica.segretario@fpsm.tn.it;;
"Scuola dell'infanzia di Campitello di Fassa";;"Scuola dell'infanzia";Paritaria/equiparata;;;"SARA DE ZOLT";"Strèda sènc Felip e Giacum, 9 38031";"CAMPITELLO DI FASSA - CIAMPEDEL";0462-750470;;campitello.presidente@fpsm.tn.it;;campitello.segretario@fpsm.tn.it;;
"Scuola dell'infanzia di Campitello di Fassa";"Scuola dell'Infanzia di Campitello di Fassa";;Paritaria/equiparata;;;"SARA DE ZOLT";"Strèda sènc Felip e Giacum, 9 38031";"CAMPITELLO DI FASSA - CIAMPEDEL";0462-750470;;campitello.presidente@fpsm.tn.it;;campitello.segretario@fpsm.tn.it;;
"Scuola dell'infanzia di Campodenno";;"Scuola dell'infanzia";Paritaria/equiparata;;;"UTE PANCHER";"Via S Maurizio, 3 38010";CAMPODENNO;0461-655166;;campodenno.presidente@fpsm.tn.it;;campodenno.segretario@fpsm.tn.it;;
"Scuola dell'infanzia di Campodenno";"Scuola dell'Infanzia di Campodenno";;Paritaria/equiparata;;;"UTE PANCHER";"Via S Maurizio, 3 38010";CAMPODENNO;0461-655166;;campodenno.presidente@fpsm.tn.it;;campodenno.segretario@fpsm.tn.it;;
"Scuola dell'infanzia di Carano";;"Scuola dell'infanzia";Paritaria/equiparata;;;"TIZIANA CEOL";"Via Giovanelli, 40 38033";"VILLE DI FIEMME";0462-341759;;carano.presidente@fpsm.tn.it;;carano.segretario@fpsm.tn.it;;
"Scuola dell'infanzia di Nave San Rocco";"Scuola dell'Infanzia di Nave San Rocco";;Paritaria/equiparata;;;"PAMELA TOMASELLI";"Via IV Novembre, 34/A 38010";"TERRE D'ADIGE";0461-870656;;nave.presidente@fpsm.tn.it;;nave.segretario@fpsm.tn.it;;
"Scuola dell'infanzia di Nomi";;"Scuola dell'infanzia";Paritaria/equiparata;;;"ROBERTA MEDEGHINI";"Via Baroni Del Moll, 2 38060";NOMI;0464-835294;;nomi.segretario@fpsm.tn.it;;nomi.segretario@fpsm.tn.it;;
"Scuola dell'infanzia di Nomi";"Scuola dell'Infanzia di Nomi";;Paritaria/equiparata;;;"ROBERTA MEDEGHINI";"Via Baroni Del Moll, 2 38060";NOMI;0464-835294;;nomi.segretario@fpsm.tn.it;;nomi.segretario@fpsm.tn.it;;
"Scuola dell'infanzia di Padergnone";;"Scuola dell'infanzia";Paritaria/equiparata;;;"SANDRA CIAPPI";"Via alle Cime - Padergnone, 14 38070";VALLELAGHI;0461-864358;;padergnone.presidente@fpsm.tn.it;;padergnone.segretario@fpsm.tn.it;;
"Scuola dell'infanzia di Padergnone";"Scuola dell'Infanzia di Padergnone";;Paritaria/equiparata;;;"SANDRA CIAPPI";"Via alle Cime - Padergnone, 14 38070";VALLELAGHI;0461-864358;;padergnone.presidente@fpsm.tn.it;;padergnone.segretario@fpsm.tn.it;;
"Scuola dell'infanzia di Pedersano";;"Scuola dell'infanzia";Paritaria/equiparata;;;"ROBERTA MEDEGHINI";"Via S Antonio, 1 38060";"VILLA LAGARINA";0464-412151;;pedersano.presidente@fpsm.tn.it;;pedersano.segretario@fpsm.tn.it;;
"Scuola dell'infanzia di Pedersano";"Scuola dell'Infanzia di Pedersano";;Paritaria/equiparata;;;"ROBERTA MEDEGHINI";"Via S Antonio, 1 38060";"VILLA LAGARINA";0464-412151;;pedersano.presidente@fpsm.tn.it;;pedersano.segretario@fpsm.tn.it;;
"Scuola dell'infanzia di Pietramurata";;"Scuola dell'infanzia";Paritaria/equiparata;;;"GIANNA ANGELI";"Piazza Mercato, 11 38074";DRO;0464-507142;;pietramurata.presidente@fpsm.tn.it;;pietramurata.segretario@fpsm.tn.it;;
"Scuola dell'infanzia di Pietramurata";"Scuola dell'Infanzia di Pietramurata";;Paritaria/equiparata;;;"GIANNA ANGELI";"Piazza Mercato, 11 38074";DRO;0464-507142;;pietramurata.presidente@fpsm.tn.it;;pietramurata.segretario@fpsm.tn.it;;
"Scuola dell'infanzia di Pieve Tesino";;"Scuola dell'infanzia";Paritaria/equiparata;;;"DANIELA DALCASTAGNE'";"Via Fratelli Rizza', 14 38050";"PIEVE TESINO";0461-594733;;pieve.tesino.presidente@fpsm.tn.it;;pieve.tesino.segretario@fpsm.tn.it;;
"Scuola dell'infanzia di Pieve Tesino";"Scuola dell'Infanzia di Pieve Tesino";;Paritaria/equiparata;;;"DANIELA DALCASTAGNE'";"Via Fratelli Rizza', 14 38050";"PIEVE TESINO";0461-594733;;pieve.tesino.presidente@fpsm.tn.it;;pieve.tesino.segretario@fpsm.tn.it;;
"Scuola dell'infanzia di Pieve di Bono";;"Scuola dell'infanzia";Paritaria/equiparata;;;"ALESSANDRA POMILIO";"Via Fiera - Creto - Pieve di Bono, 9/B 38085";"PIEVE DI BONO-PREZZO";0465-674083;;pieve.bono.presidente@fpsm.tn.it;;pieve.bono.segretario@fpsm.tn.it;;
"Scuola dell'infanzia di Pieve di Bono";"Scuola dell'Infanzia di Pieve di Bono";;Paritaria/equiparata;;;"ALESSANDRA POMILIO";"Via Fiera - Creto - Pieve di Bono, 9/B 38085";"PIEVE DI BONO-PREZZO";0465-674083;;pieve.bono.presidente@fpsm.tn.it;;pieve.bono.segretario@fpsm.tn.it;;
"Scuola dell'infanzia di Pilcante";;"Scuola dell'infanzia";Paritaria/equiparata;;;"FRANCESCA VARESCHI";"Piazza Vittorio Veneto - Pilcante, 19 38061";ALA;0464-672588;;pilcante.presidente@fpsm.tn.it;;pilcante.segretario@fpsm.tn.it;;
"Scuola dell'infanzia di Pilcante";"Scuola dell'Infanzia di Pilcante";;Paritaria/equiparata;;;"FRANCESCA VARESCHI";"Piazza Vittorio Veneto - Pilcante, 19 38061";ALA;0464-672588;;pilcante.presidente@fpsm.tn.it;;pilcante.segretario@fpsm.tn.it;;
"Scuola dell'infanzia di Pinzolo";;"Scuola dell'infanzia";Paritaria/equiparata;;;"ALESSANDRA POMILIO";"Via Al Sole, 43 38086";PINZOLO;0465-501019;;pinzolo.presidente@fpsm.tn.it;;pinzolo.segretario@fpsm.tn.it;;
"Scuola dell'infanzia di Pinzolo";"Scuola dell'Infanzia di Pinzolo";;Paritaria/equiparata;;;"ALESSANDRA POMILIO";"Via Al Sole, 43 38086";PINZOLO;0465-501019;;pinzolo.presidente@fpsm.tn.it;;pinzolo.segretario@fpsm.tn.it;;
"Scuola dell'infanzia di Ponte Arche";;"Scuola dell'infanzia";Paritaria/equiparata;;;"LORENZO SANTORUM";"Via S Giovanni Bosco - Ponte Arche - Bleggio Inferiore, 7 38070";"COMANO TERME";0465-702422;;ponte.arche.presidente@fpsm.tn.it;;ponte.arche.segretario@fpsm.tn.it;;
"Scuola dell'infanzia di Ponte Arche";"Scuola dell'Infanzia di Ponte Arche";;Paritaria/equiparata;;;"LORENZO SANTORUM";"Via S Giovanni Bosco - Ponte Arche - Bleggio Inferiore, 7 38070";"COMANO TERME";0465-702422;;ponte.arche.presidente@fpsm.tn.it;;ponte.arche.segretario@fpsm.tn.it;;
"Scuola dell'infanzia di Povo";;"Scuola dell'infanzia";Paritaria/equiparata;;;"IVANA LEONARDELLI";"Via Pante', 1 38123";TRENTO;0461-810049;;povo.presidente@fpsm.tn.it;;povo.segretario@fpsm.tn.it;;
"Scuola dell'infanzia di Povo";"Scuola dell'Infanzia di Povo";;Paritaria/equiparata;;;"IVANA LEONARDELLI";"Via Pante', 1 38123";TRENTO;0461-810049;;povo.presidente@fpsm.tn.it;;povo.segretario@fpsm.tn.it;;
"Scuola dell'infanzia di Pozza di Trambileno";;"Scuola dell'infanzia";Paritaria/equiparata;;;"ROBERTA MEDEGHINI";"Frazione Vanza, 50 38068";TRAMBILENO;0464-868074;;trambileno.presidente@fpsm.tn.it;;trambileno.segretario@fpsm.tn.it;;
"Scuola dell'infanzia di Pozza di Trambileno";"Scuola dell'Infanzia di Pozza di Trambileno";;Paritaria/equiparata;;;"ROBERTA MEDEGHINI";"Frazione Vanza, 50 38068";TRAMBILENO;0464-868074;;trambileno.presidente@fpsm.tn.it;;trambileno.segretario@fpsm.tn.it;;
"Scuola dell'infanzia di Pressano";;"Scuola dell'infanzia";Paritaria/equiparata;;;"PAMELA TOMASELLI";"Via Pilati, 16 38015";LAVIS;0461-240394;;pressano.presidente@fpsm.tn.it;;pressano.segretario@fpsm.tn.it;;
"Scuola dell'infanzia di Pressano";"Scuola dell'Infanzia di Pressano";;Paritaria/equiparata;;;"PAMELA TOMASELLI";"Via Pilati, 16 38015";LAVIS;0461-240394;;pressano.presidente@fpsm.tn.it;;pressano.segretario@fpsm.tn.it;;
"Scuola dell'infanzia di Quadra - Cavrasto";;"Scuola dell'infanzia";Paritaria/equiparata;;;"LORENZO SANTORUM";"Frazione Larido, 10 38071";"BLEGGIO SUPERIORE";0465-779575;;quadra.cavrasto.presidente@fpsm.tn.it;;quadra.cavrasto.segretario@fpsm.tn.it;;
"Scuola dell'infanzia di Quadra - Cavrasto";"Scuola dell'Infanzia di Quadra - Cavrasto";;Paritaria/equiparata;;;"LORENZO SANTORUM";"Frazione Larido, 10 38071";"BLEGGIO SUPERIORE";0465-779575;;quadra.cavrasto.presidente@fpsm.tn.it;;quadra.cavrasto.segretario@fpsm.tn.it;;
"Scuola dell'infanzia di Riva ""Degasperi""";;"Scuola dell'infanzia";Paritaria/equiparata;;;"LUISA FONTANARI";"Largo Caduti delle Foibe, 2 38066";"RIVA DEL GARDA";0464-553578;;riva.rione.presidente@fpsm.tn.it;;riva.rione.segretario@fpsm.tn.it;;
"Scuola dell'infanzia di Riva ""Degasperi""";"Scuola dell'Infanzia di Riva  ""Degasperi""";;Paritaria/equiparata;;;"LUISA FONTANARI";"Largo Caduti delle Foibe, 2 38066";"RIVA DEL GARDA";0464-553578;;riva.rione.presidente@fpsm.tn.it;;riva.rione.segretario@fpsm.tn.it;;
"Scuola dell'infanzia di Riva del Garda  ""S. Alessandro""";;"Scuola dell'infanzia";Paritaria/equiparata;;;"LUISA FONTANARI";"Via S Alessandro, 10 38066";"RIVA DEL GARDA";0464-554051;;s.alessandro.presidente@fpsm.tn.it;;s.alessandro.segretario@fpsm.tn.it;;
"Scuola dell'infanzia di Riva del Garda  ""S. Alessandro""";"Scuola dell'Infanzia di Riva del Garda  ""S. Alessandro""";;Paritaria/equiparata;;;"LUISA FONTANARI";"Via S Alessandro, 10 38066";"RIVA DEL GARDA";0464-554051;;s.alessandro.presidente@fpsm.tn.it;;s.alessandro.segretario@fpsm.tn.it;;
"Scuola dell'infanzia di Roncegno";;"Scuola dell'infanzia";Paritaria/equiparata;;;"PAOLA SANGIORGI";"Via Baldessari, 15 38050";"RONCEGNO TERME";0461-764199;;roncegno.presidente@fpsm.tn.it;;roncegno.segretario@fpsm.tn.it;;
"Scuola dell'infanzia di Roncegno";"Scuola dell'Infanzia di Roncegno";;Paritaria/equiparata;;;"PAOLA SANGIORGI";"Via Baldessari, 15 38050";"RONCEGNO TERME";0461-764199;;roncegno.presidente@fpsm.tn.it;;roncegno.segretario@fpsm.tn.it;;
"Scuola dell'infanzia di Ronchi Valsugana";;"Scuola dell'infanzia";Paritaria/equiparata;;;"PAOLA SANGIORGI";"Via Marchi, 14 38050";"RONCHI VALSUGANA";0461-773197;;ronchi.valsugana.presidente@fpsm.tn.it;;ronchi.valsugana.segretario@fpsm.tn.it;;
"Scuola dell'infanzia di Ronchi Valsugana";"Scuola dell'Infanzia di Ronchi Valsugana";;Paritaria/equiparata;;;"PAOLA SANGIORGI";"Via Marchi, 14 38050";"RONCHI VALSUGANA";0461-773197;;ronchi.valsugana.presidente@fpsm.tn.it;;ronchi.valsugana.segretario@fpsm.tn.it;;
"Scuola dell'infanzia di Telve";;"Scuola dell'infanzia";Paritaria/equiparata;;;"PAOLA SANGIORGI";"Via Paradiso, 1 38050";TELVE;0461-766315;;telve.presidente@fpsm.tn.it;;telve.segretario@fpsm.tn.it;;
"Scuola dell'infanzia di Telve";"Scuola dell'Infanzia di Telve";;Paritaria/equiparata;;;"PAOLA SANGIORGI";"Via Paradiso, 1 38050";TELVE;0461-766315;;telve.presidente@fpsm.tn.it;;telve.segretario@fpsm.tn.it;;
"Scuola dell'infanzia di Tenno";;"Scuola dell'infanzia";Paritaria/equiparata;;;"LUISA FONTANARI";"Via Brocchetti, 53 38060";TENNO;0464-503034;;tenno.presidente@fpsm.tn.it;;tenno.segretario@fpsm.tn.it;;
"Scuola dell'infanzia di Tenno";"Scuola dell'Infanzia di Tenno";;Paritaria/equiparata;;;"LUISA FONTANARI";"Via Brocchetti, 53 38060";TENNO;0464-503034;;tenno.presidente@fpsm.tn.it;;tenno.segretario@fpsm.tn.it;;
"Scuola dell'infanzia di Tezze Valsugana";;"Scuola dell'infanzia";Paritaria/equiparata;;;"DANIELA DALCASTAGNE'";"Via Marconi, 8/A 38055";GRIGNO;0461-769192;;tezze.presidente@fpsm.tn.it;;tezze.segretario@fpsm.tn.it;;
"Scuola dell'infanzia di Tezze Valsugana";"Scuola dell'Infanzia di Tezze Valsugana";;Paritaria/equiparata;;;"DANIELA DALCASTAGNE'";"Via Marconi, 8/A 38055";GRIGNO;0461-769192;;tezze.presidente@fpsm.tn.it;;tezze.segretario@fpsm.tn.it;;
"Scuola dell'infanzia di Tonadico";;"Scuola dell'infanzia";Paritaria/equiparata;;;"DANIELA DALCASTAGNE'";"Via Fuganti - Tonadico, 8 38054";"PRIMIERO SAN MARTINO DI CASTROZZA";0439-762062;;tonadico.segretario@fpsm.tn.it;;tonadico.segretario@fpsm.tn.it;;
"Scuola dell'infanzia di Tonadico";"Scuola dell'Infanzia di Tonadico";;Paritaria/equiparata;;;"DANIELA DALCASTAGNE'";"Via Fuganti - Tonadico, 8 38054";"PRIMIERO SAN MARTINO DI CASTROZZA";0439-762062;;tonadico.segretario@fpsm.tn.it;;tonadico.segretario@fpsm.tn.it;;
"Scuola dell'infanzia di Torbole";;"Scuola dell'infanzia";Paritaria/equiparata;;;"LUISA FONTANARI";"Via Don Davide Gioppi, 72 38069";NAGO-TORBOLE;0464-505159;;torbole.presidente@fpsm.tn.it;;torbole.segretario@fpsm.tn.it;;
"Scuola dell'infanzia di Torbole";"Scuola dell'Infanzia di Torbole";;Paritaria/equiparata;;;"LUISA FONTANARI";"Via Don Davide Gioppi, 72 38069";NAGO-TORBOLE;0464-505159;;torbole.presidente@fpsm.tn.it;;torbole.segretario@fpsm.tn.it;;
"Scuola dell'infanzia di Transacqua";;"Scuola dell'infanzia";Paritaria/equiparata;;;"DANIELA DALCASTAGNE'";"Piazza Municipio - Transacqua, 11 38054";"PRIMIERO SAN MARTINO DI CASTROZZA";0439-62313;;transacqua.presidente@fpsm.tn.it;;transacqua.segretario@fpsm.tn.it;;
"Scuola dell'infanzia di Transacqua";"Scuola dell'Infanzia di Transacqua";;Paritaria/equiparata;;;"DANIELA DALCASTAGNE'";"Piazza Municipio - Transacqua, 11 38054";"PRIMIERO SAN MARTINO DI CASTROZZA";0439-62313;;transacqua.presidente@fpsm.tn.it;;transacqua.segretario@fpsm.tn.it;;
"Scuola dell'infanzia di Trento  ""Pedrotti""";;"Scuola dell'infanzia";Paritaria/equiparata;;;"SANDRA CIAPPI";"Via Asilo Pedrotti, 2 38122";TRENTO;0461-914039;;trento.pedrotti.presidente@fpsm.tn.it;;trento.pedrotti.segretario@fpsm.tn.it;;
"Scuola dell'infanzia di Trento  ""Pedrotti""";"Scuola dell'Infanzia di Trento  ""Pedrotti""";;Paritaria/equiparata;;;"SANDRA CIAPPI";"Via Asilo Pedrotti, 2 38122";TRENTO;0461-914039;;trento.pedrotti.presidente@fpsm.tn.it;;trento.pedrotti.segretario@fpsm.tn.it;;
"Scuola dell'infanzia di Trento  S. Bartolomeo";;"Scuola dell'infanzia";Paritaria/equiparata;;;"SANDRA CIAPPI";"Viale Dei Tigli, 9/1 38123";TRENTO;0461-924555;;trento.s.bartolomeo.segretario@fpsm.tn.it;;trento.s.bartolomeo.segretario@fpsm.tn.it;;
"Scuola dell'infanzia di Trento  S. Bartolomeo";"Scuola dell'Infanzia di Trento  S. Bartolomeo";;Paritaria/equiparata;;;"SANDRA CIAPPI";"Viale Dei Tigli, 9/1 38123";TRENTO;0461-924555;;trento.s.bartolomeo.segretario@fpsm.tn.it;;trento.s.bartolomeo.segretario@fpsm.tn.it;;
"Scuola dell'infanzia di Trento Cognola  ""B. Kofler""";;"Scuola dell'infanzia";Paritaria/equiparata;;;"IVANA LEONARDELLI";"Via Kofler, 10 38121";TRENTO;"0461 235069";"0461 983903";cognola.segretario@fpsm.tn.it;;cognola.segretario@fpsm.tn.it;;
"Scuola dell'infanzia di Trento Cognola  ""B. Kofler""";"Scuola dell'Infanzia di Trento Cognola ""B. Kofler""";;Paritaria/equiparata;;;"IVANA LEONARDELLI";"Via Kofler, 10 38121";TRENTO;"0461 235069";"0461 983903";cognola.segretario@fpsm.tn.it;;cognola.segretario@fpsm.tn.it;;
"Scuola dell'infanzia di Trento La Clarina";;"Scuola dell'infanzia";Paritaria/equiparata;;;"SANDRA CIAPPI";"Via Einaudi, 66 38123";TRENTO;0461-923464;;trento.clarina.presidente@fpsm.tn.it;;trento.clarina.segretario@fpsm.tn.it;;
"Scuola dell'infanzia di Trento La Clarina";"Scuola dell'Infanzia di Trento La Clarina";;Paritaria/equiparata;;;"SANDRA CIAPPI";"Via Einaudi, 66 38123";TRENTO;0461-923464;;trento.clarina.presidente@fpsm.tn.it;;trento.clarina.segretario@fpsm.tn.it;;
"Scuola dell'infanzia di Trento San Donà ""B. Kofler""";;"Scuola dell'infanzia";Paritaria/equiparata;;;"IVANA LEONARDELLI";"Via per Cognola, 43 38122";TRENTO;"0461 260977";"0461 983903";cognola.segretario@fpsm.tn.it;;trento.san.dona.segretario@fpsm.tn.it;;
"Scuola dell'infanzia di Trento San Donà ""B. Kofler""";"Scuola dell'Infanzia di Trento San Donà ""B. Kofler""";;Paritaria/equiparata;;;"IVANA LEONARDELLI";"Via per Cognola, 43 38122";TRENTO;"0461 260977";"0461 983903";cognola.segretario@fpsm.tn.it;;trento.san.dona.segretario@fpsm.tn.it;;
"Scuola dell'infanzia di Varone";;"Scuola dell'infanzia";Paritaria/equiparata;;;"LUISA FONTANARI";"Via Sega, 5 38066";"RIVA DEL GARDA";0464-521350;;varone.presidente@fpsm.tn.it;;varone.segretario@fpsm.tn.it;;
"Scuola dell'infanzia di Varone";"Scuola dell'Infanzia di Varone";;Paritaria/equiparata;;;"LUISA FONTANARI";"Via Sega, 5 38066";"RIVA DEL GARDA";0464-521350;;varone.presidente@fpsm.tn.it;;varone.segretario@fpsm.tn.it;;
"Scuola dell'infanzia di Vermiglio";;"Scuola dell'infanzia";Paritaria/equiparata;;;"ROBERTA BERTOLAS";"Via di S Pietro, 26 38029";VERMIGLIO;0463-758141;;vermiglio.presidente@fpsm.tn.it;;vermiglio.segretario@fpsm.tn.it;;
"Scuola dell'infanzia di Vermiglio";"Scuola dell'Infanzia di Vermiglio";;Paritaria/equiparata;;;"ROBERTA BERTOLAS";"Via di S Pietro, 26 38029";VERMIGLIO;0463-758141;;vermiglio.presidente@fpsm.tn.it;;vermiglio.segretario@fpsm.tn.it;;
"Scuola dell'infanzia di Vezzano";;"Scuola dell'infanzia";Paritaria/equiparata;;;"SANDRA CIAPPI";"Via Dante - Vezzano, 24 38070";VALLELAGHI;0461-864918;;vezzano.presidente@fpsm.tn.it;;vezzano.segretario@fpsm.tn.it;;
"Scuola dell'infanzia di Vezzano";"Scuola dell'Infanzia di Vezzano";;Paritaria/equiparata;;;"SANDRA CIAPPI";"Via Dante - Vezzano, 24 38070";VALLELAGHI;0461-864918;;vezzano.presidente@fpsm.tn.it;;vezzano.segretario@fpsm.tn.it;;
"Scuola dell'infanzia di Vigo Cavedine";;"Scuola dell'infanzia";Paritaria/equiparata;;;"GIANNA ANGELI";"Via Scuola Materna, 1 38073";CAVEDINE;0461-566061;;vigo.cavedine.presidente@fpsm.tn.it;;vigo.cavedine.segretario@fpsm.tn.it;;
"Scuola dell'infanzia di Vigo Cavedine";"Scuola dell'Infanzia di Vigo Cavedine";;Paritaria/equiparata;;;"GIANNA ANGELI";"Via Scuola Materna, 1 38073";CAVEDINE;0461-566061;;vigo.cavedine.presidente@fpsm.tn.it;;vigo.cavedine.segretario@fpsm.tn.it;;
"Scuola dell'infanzia di Vigo Lomaso";;"Scuola dell'infanzia";Paritaria/equiparata;;;"LORENZO SANTORUM";"Frazione Vigo Lomaso - Lomaso, 1 38070";"COMANO TERME";0465-701249;;vigo.lomaso.presidente@fpsm.tn.it;;vigo.lomaso.segretario@fpsm.tn.it;;
"Scuola dell'infanzia di Vigo Lomaso";"Scuola dell'Infanzia di Vigo Lomaso";;Paritaria/equiparata;;;"LORENZO SANTORUM";"Frazione Vigo Lomaso - Lomaso, 1 38070";"COMANO TERME";0465-701249;;vigo.lomaso.presidente@fpsm.tn.it;;vigo.lomaso.segretario@fpsm.tn.it;;
"Scuola dell'infanzia di Vigo di Fassa";;"Scuola dell'infanzia";Paritaria/equiparata;;;"SARA DE ZOLT";"Strada Giuseppe Soraperra - Pozza di Fassa, 4 38036";"SAN GIOVANNI DI FASSA - SEN JAN";0462-763194;;vigo.fassa.presidente@fpsm.tn.it;;vigo.fassa.segretario@fpsm.tn.it;;
"Scuola dell'infanzia di Ghiaie di Gardolo";"Scuola dell'Infanzia di Ghiaie di Gardolo";;Paritaria/equiparata;;;"CARMEN FATTORI";"Via del Loghét, 69 38121";TRENTO;0461-990050;;ghiaie.segretario@fpsm.tn.it;;ghiaie.segretario@fpsm.tn.it;;
"Scuola dell'infanzia di Grigno";;"Scuola dell'infanzia";Paritaria/equiparata;;;"DANIELA DALCASTAGNE'";"Via Nazario Sauro, 25 38055";GRIGNO;0461-765333;;grigno.presidente@fpsm.tn.it;;grigno.segretario@fpsm.tn.it;;
"Scuola dell'infanzia di Grigno";"Scuola dell'Infanzia di Grigno";;Paritaria/equiparata;;;"DANIELA DALCASTAGNE'";"Via Nazario Sauro, 25 38055";GRIGNO;0461-765333;;grigno.presidente@fpsm.tn.it;;grigno.segretario@fpsm.tn.it;;
"Scuola dell'infanzia di Ischia di Pergine";;"Scuola dell'infanzia";Paritaria/equiparata;;;"MARIANGELA SIMONCINI";"Piazza delle Nogare, 2 38057";"PERGINE VALSUGANA";0461-532285;;ischia.presidente@fpsm.tn.it;;ischia.segretario@fpsm.tn.it;;
"Scuola dell'infanzia di Ischia di Pergine";"Scuola dell'Infanzia di Ischia di Pergine";;Paritaria/equiparata;;;"MARIANGELA SIMONCINI";"Piazza delle Nogare, 2 38057";"PERGINE VALSUGANA";0461-532285;;ischia.presidente@fpsm.tn.it;;ischia.segretario@fpsm.tn.it;;
"Scuola dell'infanzia di Lona";;"Scuola dell'infanzia";Paritaria/equiparata;;;"PAMELA TOMASELLI";"Via S Rocco, 14 38040";LONA-LASES;0461-697101;;lona.presidente@fpsm.tn.it;;lona.segretario@fpsm.tn.it;;
"Scuola dell'infanzia di Lona";"Scuola dell'Infanzia di Lona";;Paritaria/equiparata;;;"PAMELA TOMASELLI";"Via S Rocco, 14 38040";LONA-LASES;0461-697101;;lona.presidente@fpsm.tn.it;;lona.segretario@fpsm.tn.it;;
"Scuola dell'infanzia di Madonna di Campiglio";;"Scuola dell'infanzia";Paritaria/equiparata;;;"ALESSANDRA POMILIO";"Via Serafini - Madonna di Campiglio, 13 38070";"TRE VILLE";0465-442779;"0465 442779";madonna.campiglio.segretario@fpsm.tn.it;;madonna.campiglio.segretario@fpsm.tn.it;;
"Scuola dell'infanzia di Madonna di Campiglio";"Scuola dell'Infanzia di Madonna di Campiglio";;Paritaria/equiparata;;;"ALESSANDRA POMILIO";"Via Serafini - Madonna di Campiglio, 13 38070";"TRE VILLE";0465-442779;"0465 442779";madonna.campiglio.segretario@fpsm.tn.it;;madonna.campiglio.segretario@fpsm.tn.it;;
"Scuola dell'infanzia di Madrano";;"Scuola dell'infanzia";Paritaria/equiparata;;;"MARIANGELA SIMONCINI";"Via D Oltrefersina, 54 38057";"PERGINE VALSUGANA";0461-552109;;madrano.segretario@fpsm.tn.it;;madrano.segretario@fpsm.tn.it;;
"Scuola dell'infanzia di Madrano";"Scuola dell'Infanzia di Madrano";;Paritaria/equiparata;;;"MARIANGELA SIMONCINI";"Via D Oltrefersina, 54 38057";"PERGINE VALSUGANA";0461-552109;;madrano.segretario@fpsm.tn.it;;madrano.segretario@fpsm.tn.it;;
"Scuola dell'infanzia di Malè";;"Scuola dell'infanzia";Paritaria/equiparata;;;"ROBERTA BERTOLAS";"Via Don Rauzi, 6 38027";MALE';0463-901925;;male.presidente@fpsm.tn.it;;male.segretario@fpsm.tn.it;;
"Scuola dell'infanzia di Malè";"Scuola dell'Infanzia di Malè";;Paritaria/equiparata;;;"ROBERTA BERTOLAS";"Via Don Rauzi, 6 38027";MALE';0463-901925;;male.presidente@fpsm.tn.it;;male.segretario@fpsm.tn.it;;
"Scuola dell'infanzia di Marter";;"Scuola dell'infanzia";Paritaria/equiparata;;;"PAOLA SANGIORGI";"Piazza S Margherita, 2 38050";"RONCEGNO TERME";0461-764505;;marter.segretario@fpsm.tn.it;;marter.segretario@fpsm.tn.it;;
"Scuola dell'infanzia di Marter";"Scuola dell'Infanzia di Marter";;Paritaria/equiparata;;;"PAOLA SANGIORGI";"Piazza S Margherita, 2 38050";"RONCEGNO TERME";0461-764505;;marter.segretario@fpsm.tn.it;;marter.segretario@fpsm.tn.it;;
"Scuola dell'infanzia di Martignano ""D. Leone Serafini""";;"Scuola dell'infanzia";Paritaria/equiparata;;;"CARMEN FATTORI";"Via Sabbionare, 3 38121";TRENTO;0461-820233;;martignano.segretario@fpsm.tn.it;;martignano.segretario@fpsm.tn.it;;
"Scuola dell'infanzia di Martignano ""D. Leone Serafini""";"Scuola dell'Infanzia di Martignano";;Paritaria/equiparata;;;"CARMEN FATTORI";"Via Sabbionare, 3 38121";TRENTO;0461-820233;;martignano.segretario@fpsm.tn.it;;martignano.segretario@fpsm.tn.it;;
"Scuola dell'infanzia di Massone";;"Scuola dell'infanzia";Paritaria/equiparata;;;"GIANNA ANGELI";"Via Maffei - San Martino, 2 38062";ARCO;0464-517719;;massone.presidente@fpsm.tn.it;;massone.segretario@fpsm.tn.it;;
"Scuola dell'infanzia di Massone";"Scuola dell'Infanzia di Massone";;Paritaria/equiparata;;;"GIANNA ANGELI";"Via Maffei - San Martino, 2 38062";ARCO;0464-517719;;massone.presidente@fpsm.tn.it;;massone.segretario@fpsm.tn.it;;
"Scuola dell'infanzia di Mechel";;"Scuola dell'infanzia";Paritaria/equiparata;;;"ILARIA MANCINI";"Via Don Luigi Borghesi, 35 38023";CLES;0463-421247;;mechel.presidente@fpsm.tn.it;;mechel.segretario@fpsm.tn.it;;
"Scuola dell'infanzia di Mechel";"Scuola dell'Infanzia di Mechel";;Paritaria/equiparata;;;"ILARIA MANCINI";"Via Don Luigi Borghesi, 35 38023";CLES;0463-421247;;mechel.presidente@fpsm.tn.it;;mechel.segretario@fpsm.tn.it;;
"Scuola dell'infanzia di Mezzano";;"Scuola dell'infanzia";Paritaria/equiparata;;;"DANIELA DALCASTAGNE'";"Via IV Novembre, 16 38050";MEZZANO;0439-67027;;mezzano.contabile@fpsm.tn.it;;mezzano.segretario@fpsm.tn.it;;
"Scuola dell'infanzia di Mezzano";"Scuola dell'Infanzia di Mezzano";;Paritaria/equiparata;;;"DANIELA DALCASTAGNE'";"Via IV Novembre, 16 38050";MEZZANO;0439-67027;;mezzano.contabile@fpsm.tn.it;;mezzano.segretario@fpsm.tn.it;;
"Scuola dell'infanzia di Mezzocorona";;"Scuola dell'infanzia";Paritaria/equiparata;;;"ELENA RICCI";"Via S Giovanni Bosco, 4 38016";MEZZOCORONA;0461-603933;;mezzocorona.presidente@fpsm.tn.it;;mezzocorona.segretario@fpsm.tn.it;;
"Scuola dell'infanzia di Mezzocorona";"Scuola dell'Infanzia di Mezzocorona";;Paritaria/equiparata;;;"ELENA RICCI";"Via S Giovanni Bosco, 4 38016";MEZZOCORONA;0461-603933;;mezzocorona.presidente@fpsm.tn.it;;mezzocorona.segretario@fpsm.tn.it;;
"Scuola dell'infanzia di Mezzolombardo";;"Scuola dell'infanzia";Paritaria/equiparata;;;"ELENA RICCI";"Corso del Popolo, 34/B 38017";MEZZOLOMBARDO;0461-601324;;mezzolombardo.presidente@fpsm.tn.it;;mezzolombardo.segretario@fpsm.tn.it;;
"Scuola dell'infanzia di Mezzolombardo";"Scuola dell'Infanzia di Mezzolombardo";;Paritaria/equiparata;;;"ELENA RICCI";"Corso del Popolo, 34/B 38017";MEZZOLOMBARDO;0461-601324;;mezzolombardo.presidente@fpsm.tn.it;;mezzolombardo.segretario@fpsm.tn.it;;
"Scuola dell'infanzia di Moena";;"Scuola dell'infanzia";Paritaria/equiparata;;;"SARA DE ZOLT";"Strada don Giovanni Jori, 10 38035";"MOENA - MOENA";0462-573277;;moena.presidente@fpsm.tn.it;;moena.segretario@fpsm.tn.it;;
"Scuola dell'infanzia di Moena";"Scuola dell'Infanzia di Moena";;Paritaria/equiparata;;;"SARA DE ZOLT";"Strada don Giovanni Jori, 10 38035";"MOENA - MOENA";0462-573277;;moena.presidente@fpsm.tn.it;;moena.segretario@fpsm.tn.it;;
"Scuola dell'infanzia di Mollaro";;"Scuola dell'infanzia";Paritaria/equiparata;;;"UTE PANCHER";"Via Della Pausa - Mollaro, 1 38012";PREDAIA;0463-469224;;mollaro.contabile@fpsm.tn.it;;mollaro.segretario@fpsm.tn.it;;
"Scuola dell'infanzia di Mollaro";"Scuola dell'Infanzia di Mollaro";;Paritaria/equiparata;;;"UTE PANCHER";"Via Della Pausa - Mollaro, 1 38012";PREDAIA;0463-469224;;mollaro.contabile@fpsm.tn.it;;mollaro.segretario@fpsm.tn.it;;
"Scuola dell'infanzia di Molveno";;"Scuola dell'infanzia";Paritaria/equiparata;;;"ELENA RICCI";"Piazza S Carlo, 20 38018";MOLVENO;0461-586969;;molveno.presidente@fpsm.tn.it;;molveno.segretario@fpsm.tn.it;;
"Scuola dell'infanzia di Molveno";"Scuola dell'Infanzia di Molveno";;Paritaria/equiparata;;;"ELENA RICCI";"Piazza S Carlo, 20 38018";MOLVENO;0461-586969;;molveno.presidente@fpsm.tn.it;;molveno.segretario@fpsm.tn.it;;
"Scuola dell'infanzia di Montesover";;"Scuola dell'infanzia";Paritaria/equiparata;;;"PAMELA TOMASELLI";"Via Capitano Santuari, 1 38048";SOVER;0461-698351;;sover.presidente@fpsm.tn.it;;sover.segretario@fpsm.tn.it;;
"Scuola dell'infanzia di Montesover";"Scuola dell'Infanzia di Montesover";;Paritaria/equiparata;;;"PAMELA TOMASELLI";"Via Capitano Santuari, 1 38048";SOVER;0461-698351;;sover.presidente@fpsm.tn.it;;sover.segretario@fpsm.tn.it;;
"Scuola dell'infanzia di Mori";;"Scuola dell'infanzia";Paritaria/equiparata;;;"SILVANO MEDVES";"Via Scuole, 3 38065";MORI;0464-918156;;mori.segretario@fpsm.tn.it;;mori.segretario@fpsm.tn.it;;
"Scuola dell'infanzia di Mori";"Scuola dell'Infanzia di Mori";;Paritaria/equiparata;;;"SILVANO MEDVES";"Via Scuole, 3 38065";MORI;0464-918156;;mori.segretario@fpsm.tn.it;;mori.segretario@fpsm.tn.it;;
"Scuola dell'infanzia di Nago";;"Scuola dell'infanzia";Paritaria/equiparata;;;"LUISA FONTANARI";"Localita Tezze - Nago,   38069";NAGO-TORBOLE;0464-506097;;nago.segretario@fpsm.tn.it;;nago.segretario@fpsm.tn.it;;
"Scuola dell'infanzia di Nago";"Scuola dell'Infanzia di Nago";;Paritaria/equiparata;;;"LUISA FONTANARI";"Localita Tezze - Nago,   38069";NAGO-TORBOLE;0464-506097;;nago.segretario@fpsm.tn.it;;nago.segretario@fpsm.tn.it;;
"Scuola dell'infanzia di Nave San Rocco";;"Scuola dell'infanzia";Paritaria/equiparata;;;"PAMELA TOMASELLI";"Via IV Novembre, 34/A 38010";"TERRE D'ADIGE";0461-870656;;nave.presidente@fpsm.tn.it;;nave.segretario@fpsm.tn.it;;
"Scuola dell'infanzia di Ronzo-Chienis";;"Scuola dell'infanzia";Paritaria/equiparata;;;"SILVANO MEDVES";"Via Del Car, 40 38060";RONZO-CHIENIS;0464-802944;;ronzo.chienis.presidente@fpsm.tn.it;;ronzo.chienis.segretario@fpsm.tn.it;;
"Scuola dell'infanzia di Ronzo-Chienis";"Scuola dell'Infanzia di Ronzo-Chienis";;Paritaria/equiparata;;;"SILVANO MEDVES";"Via Del Car, 40 38060";RONZO-CHIENIS;0464-802944;;ronzo.chienis.presidente@fpsm.tn.it;;ronzo.chienis.segretario@fpsm.tn.it;;
"Scuola dell'infanzia di Rovereto ""Rosmini""";;"Scuola dell'infanzia";Paritaria/equiparata;;;"ROBERTA MEDEGHINI";"Corso Rosmini, 3 38068";ROVERETO;0464-421541;;rovereto.rosmini.presidente@fpsm.tn.it;;rovereto.rosmini.segretario@fpsm.tn.it;;
"Scuola dell'infanzia di S. Croce Bleggio";;"Scuola dell'infanzia";Paritaria/equiparata;;;"LORENZO SANTORUM";"Frazione Santa Croce di Bleggio Inferiore, 7 38070";"COMANO TERME";0465-779900;;s.croce.presidente@fpsm.tn.it;;s.croce.segretario@fpsm.tn.it;;
"Scuola dell'infanzia di S. Croce Bleggio";"Scuola dell'Infanzia di S. Croce Bleggio";;Paritaria/equiparata;;;"LORENZO SANTORUM";"Frazione Santa Croce di Bleggio Inferiore, 7 38070";"COMANO TERME";0465-779900;;s.croce.presidente@fpsm.tn.it;;s.croce.segretario@fpsm.tn.it;;
"Scuola dell'infanzia di S. Lorenzo in Banale";;"Scuola dell'infanzia";Paritaria/equiparata;;;"LORENZO SANTORUM";"Strada del Toat - San Lorenzo, 4 38078";"SAN LORENZO DORSINO";0465-734005;;san.lorenzo.banale.segretario@fpsm.tn.it;;san.lorenzo.banale.segretario@fpsm.tn.it;;
"Scuola dell'infanzia di S. Lorenzo in Banale";"Scuola dell'Infanzia di S. Lorenzo In Banale";;Paritaria/equiparata;;;"LORENZO SANTORUM";"Strada del Toat - San Lorenzo, 4 38078";"SAN LORENZO DORSINO";0465-734005;;san.lorenzo.banale.segretario@fpsm.tn.it;;san.lorenzo.banale.segretario@fpsm.tn.it;;
"Scuola dell'infanzia di S. Margherita di Ala";;"Scuola dell'infanzia";Paritaria/equiparata;;;"FRANCESCA VARESCHI";"Via Gazzoletti - Santa Margherita, 35 38061";ALA;0464-696494;;s.margherita.presidente@fpsm.tn.it;;s.margherita.segretario@fpsm.tn.it;;
"Scuola dell'infanzia di S. Margherita di Ala";"Scuola dell'Infanzia di S. Margherita di Ala";;Paritaria/equiparata;;;"FRANCESCA VARESCHI";"Via Gazzoletti - Santa Margherita, 35 38061";ALA;0464-696494;;s.margherita.presidente@fpsm.tn.it;;s.margherita.segretario@fpsm.tn.it;;
"Scuola dell'infanzia di Sabbionara";;"Scuola dell'infanzia";Paritaria/equiparata;;;"FRANCESCA VARESCHI";"Piazza Conciliazione, 3/B 38063";AVIO;0464-683225;;sabbionara.presidente@fpsm.tn.it;;sabbionara.segretario@fpsm.tn.it;;
"Scuola dell'infanzia di Sabbionara";"Scuola dell'Infanzia di Sabbionara";;Paritaria/equiparata;;;"FRANCESCA VARESCHI";"Piazza Conciliazione, 3/B 38063";AVIO;0464-683225;;sabbionara.presidente@fpsm.tn.it;;sabbionara.segretario@fpsm.tn.it;;
"Scuola dell'infanzia di San Martino di C.";;"Scuola dell'infanzia";Paritaria/equiparata;;;"DANIELA DALCASTAGNE'";"Via Laghetto - San Martino Di Castrozza, 30 38054";"PRIMIERO SAN MARTINO DI CASTROZZA";0439-768666;;s.martino.castrozza.presidente@fpsm.tn.it;;s.martino.castrozza.segretario@fpsm.tn.it;;
"Scuola dell'infanzia di San Martino di C.";"Scuola dell'Infanzia di San Martino di C.";;Paritaria/equiparata;;;"DANIELA DALCASTAGNE'";"Via Laghetto - San Martino Di Castrozza, 30 38054";"PRIMIERO SAN MARTINO DI CASTROZZA";0439-768666;;s.martino.castrozza.presidente@fpsm.tn.it;;s.martino.castrozza.segretario@fpsm.tn.it;;
"Scuola dell'infanzia di Sarche";;"Scuola dell'infanzia";Paritaria/equiparata;;;"GIANNA ANGELI";"Via Caffaro - Sarche - Calavino, 6 38076";MADRUZZO;0461-564028;;sarche.presidente@fpsm.tn.it;;sarche.segretario@fpsm.tn.it;;
"Scuola dell'infanzia di Sarche";"Scuola dell'Infanzia di Sarche";;Paritaria/equiparata;;;"GIANNA ANGELI";"Via Caffaro - Sarche - Calavino, 6 38076";MADRUZZO;0461-564028;;sarche.presidente@fpsm.tn.it;;sarche.segretario@fpsm.tn.it;;
"Scuola dell'infanzia di Scurelle";;"Scuola dell'infanzia";Paritaria/equiparata;;;"PAOLA SANGIORGI";"Via Visintainer, 15 38050";SCURELLE;0461-762268;;scurelle.presidente@fpsm.tn.it;;scurelle.segretario@fpsm.tn.it;;
"Scuola dell'infanzia di Scurelle";"Scuola dell'Infanzia di Scurelle";;Paritaria/equiparata;;;"PAOLA SANGIORGI";"Via Visintainer, 15 38050";SCURELLE;0461-762268;;scurelle.presidente@fpsm.tn.it;;scurelle.segretario@fpsm.tn.it;;
"Scuola dell'infanzia di Segno";;"Scuola dell'infanzia";Paritaria/equiparata;;;"UTE PANCHER";"Via Sonora - Segno - Taio, 18 38012";PREDAIA;0463-468064;;segno.presidente@fpsm.tn.it;;segno.segretario@fpsm.tn.it;;
"Scuola dell'infanzia di Segno";"Scuola dell'Infanzia di Segno";;Paritaria/equiparata;;;"UTE PANCHER";"Via Sonora - Segno - Taio, 18 38012";PREDAIA;0463-468064;;segno.presidente@fpsm.tn.it;;segno.segretario@fpsm.tn.it;;
"Scuola dell'infanzia di Segonzano";;"Scuola dell'infanzia";Paritaria/equiparata;;;"PAMELA TOMASELLI";"Frazione Stedro, 80 38047";SEGONZANO;327-3311981;;segonzano.presidente@fpsm.tn.it;;segonzano.segretario@fpsm.tn.it;;
"Scuola dell'infanzia di Segonzano";"Scuola dell'Infanzia di Segonzano";;Paritaria/equiparata;;;"PAMELA TOMASELLI";"Frazione Stedro, 80 38047";SEGONZANO;327-3311981;;segonzano.presidente@fpsm.tn.it;;segonzano.segretario@fpsm.tn.it;;
"Scuola dell'infanzia di Serravalle";;"Scuola dell'infanzia";Paritaria/equiparata;;;"FRANCESCA VARESCHI";"Via Ingenger Tomasi - Serravalle, 5 38061";ALA;0464-696304;;serravalle.presidente@fpsm.tn.it;;serravalle.segretario@fpsm.tn.it;;
"Scuola dell'infanzia di Serravalle";"Scuola dell'Infanzia di Serravalle";;Paritaria/equiparata;;;"FRANCESCA VARESCHI";"Via Ingenger Tomasi - Serravalle, 5 38061";ALA;0464-696304;;serravalle.presidente@fpsm.tn.it;;serravalle.segretario@fpsm.tn.it;;
"Scuola dell'infanzia di Smarano";;"Scuola dell'infanzia";Paritaria/equiparata;;;"ILARIA MANCINI";"Via Torre - Smarano, 6 38012";PREDAIA;0463-536702;;smarano.presidente@fpsm.tn.it;;smarano.segretario@fpsm.tn.it;;
"Scuola dell'infanzia di Smarano";"Scuola dell'Infanzia di Smarano";;Paritaria/equiparata;;;"ILARIA MANCINI";"Via Torre - Smarano, 6 38012";PREDAIA;0463-536702;;smarano.presidente@fpsm.tn.it;;smarano.segretario@fpsm.tn.it;;
"Scuola dell'infanzia di Sopramonte";;"Scuola dell'infanzia";Paritaria/equiparata;;;"CARMEN FATTORI";"Via Canelli - Sopramonte, 5 38123";TRENTO;0461-867021;;sopramonte.presidente@fpsm.tn.it;;sopramonte.segretario@fpsm.tn.it;;
"Scuola dell'infanzia di Sopramonte";"Scuola dell'Infanzia di Sopramonte";;Paritaria/equiparata;;;"CARMEN FATTORI";"Via Canelli - Sopramonte, 5 38123";TRENTO;0461-867021;;sopramonte.presidente@fpsm.tn.it;;sopramonte.segretario@fpsm.tn.it;;
"Scuola dell'infanzia di Spiazzo Rendena";;"Scuola dell'infanzia";Paritaria/equiparata;;;"ALESSANDRA POMILIO";"Via S Vigilio, 5 38088";SPIAZZO;0465-801326;;spiazzo.rendena.contabile@fpsm.tn.it;;spiazzo.rendena.segretario@fpsm.tn.it;;
"Scuola dell'infanzia di Spiazzo Rendena";"Scuola dell'Infanzia di Spiazzo Rendena";;Paritaria/equiparata;;;"ALESSANDRA POMILIO";"Via S Vigilio, 5 38088";SPIAZZO;0465-801326;;spiazzo.rendena.contabile@fpsm.tn.it;;spiazzo.rendena.segretario@fpsm.tn.it;;
"Scuola dell'infanzia di Stenico";;"Scuola dell'infanzia";Paritaria/equiparata;;;"LORENZO SANTORUM";"Piazza Dante, 15 38070";STENICO;0465-771019;;stenico.presidente@fpsm.tn.it;;stenico.segretario@fpsm.tn.it;;
"Scuola dell'infanzia di Stenico";"Scuola dell'Infanzia di Stenico";;Paritaria/equiparata;;;"LORENZO SANTORUM";"Piazza Dante, 15 38070";STENICO;0465-771019;;stenico.presidente@fpsm.tn.it;;stenico.segretario@fpsm.tn.it;;
"Scuola dell'infanzia di Strigno";;"Scuola dell'infanzia";Paritaria/equiparata;;;"DANIELA DALCASTAGNE'";"Piazza IV Novembre - Strigno, 11 38059";"CASTEL IVANO";0461-762327;;strigno.presidente@fpsm.tn.it;;strigno.segretario@fpsm.tn.it;;
"Scuola dell'infanzia di Strigno";"Scuola dell'Infanzia di Strigno";;Paritaria/equiparata;;;"DANIELA DALCASTAGNE'";"Piazza IV Novembre - Strigno, 11 38059";"CASTEL IVANO";0461-762327;;strigno.presidente@fpsm.tn.it;;strigno.segretario@fpsm.tn.it;;
"Scuola dell'infanzia di Susà";;"Scuola dell'infanzia";Paritaria/equiparata;;;"MARIANGELA SIMONCINI";"Via Dell Asilo, 5 38057";"PERGINE VALSUGANA";0461-538471;;susa.presidente@fpsm.tn.it;;susa.segretario@fpsm.tn.it;;
"Scuola dell'infanzia di Susà";"Scuola dell'Infanzia di Susà";;Paritaria/equiparata;;;"MARIANGELA SIMONCINI";"Via Dell Asilo, 5 38057";"PERGINE VALSUGANA";0461-538471;;susa.presidente@fpsm.tn.it;;susa.segretario@fpsm.tn.it;;
"Scuola dell'infanzia di Carano";"Scuola dell'Infanzia di Carano";;Paritaria/equiparata;;;"TIZIANA CEOL";"Via Giovanelli, 40 38033";"VILLE DI FIEMME";0462-341759;;carano.presidente@fpsm.tn.it;;carano.segretario@fpsm.tn.it;;
"Scuola dell'infanzia di Carisolo";;"Scuola dell'infanzia";Paritaria/equiparata;;;"ALESSANDRA POMILIO";"Viale Trento, 4 38080";CARISOLO;0465-501433;;carisolo.presidente@fpsm.tn.it;;carisolo.segretario@fpsm.tn.it;;
"Scuola dell'infanzia di Carisolo";"Scuola dell'Infanzia di Carisolo";;Paritaria/equiparata;;;"ALESSANDRA POMILIO";"Viale Trento, 4 38080";CARISOLO;0465-501433;;carisolo.presidente@fpsm.tn.it;;carisolo.segretario@fpsm.tn.it;;
"Scuola dell'infanzia di Casez";;"Scuola dell'infanzia";Paritaria/equiparata;;;"ILARIA MANCINI";"Via della Pontara - Casez, 10 38010";SANZENO;0463-434219;;casez.presidente@fpsm.tn.it;;casez.segretario@fpsm.tn.it;;
"Scuola dell'infanzia di Casez";"Scuola dell'Infanzia di Casez";;Paritaria/equiparata;;;"ILARIA MANCINI";"Via della Pontara - Casez, 10 38010";SANZENO;0463-434219;;casez.presidente@fpsm.tn.it;;casez.segretario@fpsm.tn.it;;
"Scuola dell'infanzia di Castellano";;"Scuola dell'infanzia";Paritaria/equiparata;;;"ROBERTA MEDEGHINI";"Via Caduti, 1 38060";"VILLA LAGARINA";0464-801242;;castellano.presidente@fpsm.tn.it;;castellano.segretario@fpsm.tn.it;;
"Scuola dell'infanzia di Castellano";"Scuola dell'Infanzia di Castellano";;Paritaria/equiparata;;;"ROBERTA MEDEGHINI";"Via Caduti, 1 38060";"VILLA LAGARINA";0464-801242;;castellano.presidente@fpsm.tn.it;;castellano.segretario@fpsm.tn.it;;
"Scuola dell'infanzia di Castello Di Fiemme";;"Scuola dell'infanzia";Paritaria/equiparata;;;"TIZIANA CEOL";"Via Latemar, 2 38030";"CASTELLO-MOLINA DI FIEMME";0462-341153;;castello.fiemme.segretario@fpsm.tn.it;;castello.fiemme.segretario@fpsm.tn.it;;
"Scuola dell'infanzia di Castello Di Fiemme";"Scuola dell'Infanzia di Castello Di Fiemme";;Paritaria/equiparata;;;"TIZIANA CEOL";"Via Latemar, 2 38030";"CASTELLO-MOLINA DI FIEMME";0462-341153;;castello.fiemme.segretario@fpsm.tn.it;;castello.fiemme.segretario@fpsm.tn.it;;
"Scuola dell'infanzia di Cavedine";;"Scuola dell'infanzia";Paritaria/equiparata;;;"GIANNA ANGELI";"Via IV Novembre, 19 38073";CAVEDINE;0461-568548;;cavedine.presidente@fpsm.tn.it;;cavedine.segretario@fpsm.tn.it;;
"Scuola dell'infanzia di Cavedine";"Scuola dell'Infanzia di Cavedine";;Paritaria/equiparata;;;"GIANNA ANGELI";"Via IV Novembre, 19 38073";CAVEDINE;0461-568548;;cavedine.presidente@fpsm.tn.it;;cavedine.segretario@fpsm.tn.it;;
"Scuola dell'infanzia di Cembra";;"Scuola dell'infanzia";Paritaria/equiparata;;;"PAMELA TOMASELLI";"Piazza Zanotelli - Cembra, 1 38034";"CEMBRA LISIGNAGO";0461-680173;;cembra.presidente@fpsm.tn.it;;cembra.segretario@fpsm.tn.it;;
"Scuola dell'infanzia di Cembra";"Scuola dell'Infanzia di Cembra";;Paritaria/equiparata;;;"PAMELA TOMASELLI";"Piazza Zanotelli - Cembra, 1 38034";"CEMBRA LISIGNAGO";0461-680173;;cembra.presidente@fpsm.tn.it;;cembra.segretario@fpsm.tn.it;;
"Scuola dell'infanzia di Chizzola";;"Scuola dell'infanzia";Paritaria/equiparata;;;"FRANCESCA VARESCHI";"Via Canestrini - Chizzola, 1 38061";ALA;0464-696397;;chizzola.presidente@fpsm.tn.it;;chizzola.segretario@fpsm.tn.it;;
"Scuola dell'infanzia di Chizzola";"Scuola dell'Infanzia di Chizzola";;Paritaria/equiparata;;;"FRANCESCA VARESCHI";"Via Canestrini - Chizzola, 1 38061";ALA;0464-696397;;chizzola.presidente@fpsm.tn.it;;chizzola.segretario@fpsm.tn.it;;
"Scuola dell'infanzia di Cles";;"Scuola dell'infanzia";Paritaria/equiparata;;;"ILARIA MANCINI";"Via Mattioli, 13 38023";CLES;0463-625164;;cles.presidente@fpsm.tn.it;;cles.segretario@fpsm.tn.it;;
"Scuola dell'infanzia di Cles";"Scuola dell'Infanzia di Cles";;Paritaria/equiparata;;;"ILARIA MANCINI";"Via Mattioli, 13 38023";CLES;0463-625164;;cles.presidente@fpsm.tn.it;;cles.segretario@fpsm.tn.it;;
"Scuola dell'infanzia di Cloz e Brez";;"Scuola dell'infanzia";Paritaria/equiparata;;;"ILARIA MANCINI";"Via di S Stefano, 2/A 38028";NOVELLA;0463-1980632;;cloz.brez.presidente@fpsm.tn.it;;cloz.brez.segretario@fpsm.tn.it;;
"Scuola dell'infanzia di Cloz e Brez";"Scuola dell'Infanzia di Cloz e Brez";;Paritaria/equiparata;;;"ILARIA MANCINI";"Via di S Stefano, 2/A 38028";NOVELLA;0463-1980632;;cloz.brez.presidente@fpsm.tn.it;;cloz.brez.segretario@fpsm.tn.it;;
"Scuola dell'infanzia di Condino";;"Scuola dell'infanzia";Paritaria/equiparata;;;"ALESSANDRA POMILIO";"Via Roma - Condino, 37 38083";"BORGO CHIESE";0465-621009;;condino.presidente@fpsm.tn.it;;condino.segretario@fpsm.tn.it;;
"Scuola dell'infanzia di Condino";"Scuola dell'Infanzia di Condino";;Paritaria/equiparata;;;"ALESSANDRA POMILIO";"Via Roma - Condino, 37 38083";"BORGO CHIESE";0465-621009;;condino.presidente@fpsm.tn.it;;condino.segretario@fpsm.tn.it;;
"Scuola dell'infanzia di Coredo";;"Scuola dell'infanzia";Paritaria/equiparata;;;"ILARIA MANCINI";"Via delle antiche fontane - Coredo, 20 38012";PREDAIA;0463-536416;;coredo.segretario@fpsm.tn.it;;coredo.segretario@fpsm.tn.it;;
"Scuola dell'infanzia di Coredo";"Scuola dell'Infanzia di Coredo";;Paritaria/equiparata;;;"ILARIA MANCINI";"Via delle antiche fontane - Coredo, 20 38012";PREDAIA;0463-536416;;coredo.segretario@fpsm.tn.it;;coredo.segretario@fpsm.tn.it;;
"Scuola dell'infanzia di Cristo Re -Trento";;"Scuola dell'infanzia";Paritaria/equiparata;;;"CARMEN FATTORI";"Via Bresadola, 6 38121";TRENTO;0461-823359;;trento.cristore.segretario@fpsm.tn.it;;trento.cristore.segretario@fpsm.tn.it;;
"Scuola dell'infanzia di Cristo Re -Trento";"Scuola dell'Infanzia di Cristo Re -Trento";;Paritaria/equiparata;;;"CARMEN FATTORI";"Via Bresadola, 6 38121";TRENTO;0461-823359;;trento.cristore.segretario@fpsm.tn.it;;trento.cristore.segretario@fpsm.tn.it;;
"Scuola dell'infanzia di Crosano";;"Scuola dell'infanzia";Paritaria/equiparata;;;"SILVANO MEDVES";"Via S Biagio, 30 38060";BRENTONICO;0464-395693;;crosano.segretario@fpsm.tn.it;;crosano.segretario@fpsm.tn.it;;
"Scuola dell'infanzia di Crosano";"Scuola dell'Infanzia di Crosano";;Paritaria/equiparata;;;"SILVANO MEDVES";"Via S Biagio, 30 38060";BRENTONICO;0464-395693;;crosano.segretario@fpsm.tn.it;;crosano.segretario@fpsm.tn.it;;
"Scuola dell'infanzia di Dimaro";;"Scuola dell'infanzia";Paritaria/equiparata;;;"ROBERTA BERTOLAS";"Via Alla Chiesa - Dimaro, 26 38025";"DIMARO FOLGARIDA";0463-974301;;dimaro.contabile@fpsm.tn.it;;dimaro.segretario@fpsm.tn.it;;
"Scuola dell'infanzia di Dimaro";"Scuola dell'Infanzia di Dimaro";;Paritaria/equiparata;;;"ROBERTA BERTOLAS";"Via Alla Chiesa - Dimaro, 26 38025";"DIMARO FOLGARIDA";0463-974301;;dimaro.contabile@fpsm.tn.it;;dimaro.segretario@fpsm.tn.it;;
"Scuola dell'infanzia di Faver";;"Scuola dell'infanzia";Paritaria/equiparata;;;"PAMELA TOMASELLI";"Via Perlaia - Faver, 17 38030";ALTAVALLE;"328 7310914";;faver.presidente@fpsm.tn.it;;faver.segretario@fpsm.tn.it;;
"Scuola dell'infanzia di Faver";"Scuola dell'Infanzia di Faver";;Paritaria/equiparata;;;"PAMELA TOMASELLI";"Via Perlaia - Faver, 17 38030";ALTAVALLE;"328 7310914";;faver.presidente@fpsm.tn.it;;faver.segretario@fpsm.tn.it;;
"Scuola dell'infanzia di Fiavè";;"Scuola dell'infanzia";Paritaria/equiparata;;;"LORENZO SANTORUM";"Piazza S Sebastiano, 24 38075";FIAVE';0465-735129;;fiave.contabile@fpsm.tn.it;;fiave.segretario@fpsm.tn.it;;
"Scuola dell'infanzia di Fiavè";"Scuola dell'Infanzia di Fiavè";;Paritaria/equiparata;;;"LORENZO SANTORUM";"Piazza S Sebastiano, 24 38075";FIAVE';0465-735129;;fiave.contabile@fpsm.tn.it;;fiave.segretario@fpsm.tn.it;;
"Scuola dell'infanzia di Fiera di Primiero";;"Scuola dell'infanzia";Paritaria/equiparata;;;"DANIELA DALCASTAGNE'";"Viale Marconi - Pieve, 1 38054";"PRIMIERO SAN MARTINO DI CASTROZZA";0439-762196;0439764911;fiera.presidente@fpsm.tn.it;;fiera.segretario@fpsm.tn.it;;
"Scuola dell'infanzia di Fiera di Primiero";"Scuola dell'Infanzia di Fiera di Primiero";;Paritaria/equiparata;;;"DANIELA DALCASTAGNE'";"Viale Marconi - Pieve, 1 38054";"PRIMIERO SAN MARTINO DI CASTROZZA";0439-762196;0439764911;fiera.presidente@fpsm.tn.it;;fiera.segretario@fpsm.tn.it;;
"Scuola dell'infanzia di Fornace";;"Scuola dell'infanzia";Paritaria/equiparata;;;"MARIANGELA SIMONCINI";"Via Del Borgolet, 16 38040";FORNACE;0461-849351;;fornace.presidente@fpsm.tn.it;;fornace.segretario@fpsm.tn.it;;
"Scuola dell'infanzia di Fornace";"Scuola dell'Infanzia di Fornace";;Paritaria/equiparata;;;"MARIANGELA SIMONCINI";"Via Del Borgolet, 16 38040";FORNACE;0461-849351;;fornace.presidente@fpsm.tn.it;;fornace.segretario@fpsm.tn.it;;
"Scuola dell'infanzia di Gardolo";;"Scuola dell'infanzia";Paritaria/equiparata;;;"CARMEN FATTORI";"Via S Anna, 9 38121";TRENTO;0461-990296;;gardolo.segretario@fpsm.tn.it;;gardolo.segretario@fpsm.tn.it;;
"Scuola dell'infanzia di Gardolo";"Scuola dell'Infanzia di Gardolo";;Paritaria/equiparata;;;"CARMEN FATTORI";"Via S Anna, 9 38121";TRENTO;0461-990296;;gardolo.segretario@fpsm.tn.it;;gardolo.segretario@fpsm.tn.it;;
"Scuola dell'infanzia di Ghiaie di Gardolo";;"Scuola dell'infanzia";Paritaria/equiparata;;;"CARMEN FATTORI";"Via del Loghét, 69 38121";TRENTO;0461-990050;;ghiaie.segretario@fpsm.tn.it;;ghiaie.segretario@fpsm.tn.it;;
"Coordinamento pedagogico scuole provinciali dell'infanzia ladine";"Scuola dell'Infanzia di Canazei ""Don Simone Micheluzzi de Ciciol""";;"A carattere statale/provinciale";;;"TATIANA SORAPERRA";"Via de Magoa, 24 38032";"CANAZEI - CIANACEI";0462/601631;0462/760001;scuolainfanzia.canazei@scuole.provincia.tn.it;;coordinamento.scuoleladine@provincia.tn.it;;
"Coordinamento pedagogico scuole provinciali dell'infanzia ladine";"Scuola dell'Infanzia di Soraga";;"A carattere statale/provinciale";;;"TATIANA SORAPERRA";"Strada Dolomites, 19 38030";"SORAGA - SORAGA";0462/768277;0462/760001;scuolainfanzia.soraga@scuole.provincia.tn.it;;coordinamento.scuoleladine@provincia.tn.it;;
"Circolo di coordinamento n. 4";"Scuola dell'Infanzia di Trento  Ravina  ""Girotondo""";;"A carattere statale/provinciale";;;"RITA FERENZENA";"Via Per Belvedere, 8 38123";TRENTO;0461/922216;0461/496950;scuolainfanzia.ravina@scuole.provincia.tn.it;;circolo.coordinamento04@provincia.tn.it;;
"Circolo di coordinamento n. 4";"Scuola dell'Infanzia di Trento  Romagnano  ""Gli Gnomi del Bosco""";;"A carattere statale/provinciale";;;"RITA FERENZENA";"Via Delle Prede, 2 38123";TRENTO;0461/349153;0461/496950;scuolainfanzia.romagnano@scuole.provincia.tn.it;;circolo.coordinamento04@provincia.tn.it;;
"Circolo di coordinamento n. 7";;"Circolo di coordinamento pedagogico";"A carattere statale/provinciale";;;"LAURA BERTOLDI";"Via Filos, 2 38017";MEZZOLOMBARDO;0461/494331;0461/494334;circolo.coordinamento07@provincia.tn.it;;circolo.coordinamento07@provincia.tn.it;;
"Circolo di coordinamento n. 7";"Scuola dell'Infanzia di Cavedago  ""L'albero azzurro""";;"A carattere statale/provinciale";;;"LAURA BERTOLDI";"Piazza S Lorenzo, 2 38010";CAVEDAGO;0461/654340;0461/494334;scuolainfanzia.cavedago@scuole.provincia.tn.it;;circolo.coordinamento07@provincia.tn.it;;
"Circolo di coordinamento n. 7";"Scuola dell'Infanzia di Cles  ""Casa del sole""";;"A carattere statale/provinciale";;;"LAURA BERTOLDI";"Via Dallafior, 36 38023";CLES;0463/421760;0461/494334;scuolainfanzia.cles@scuole.provincia.tn.it;;circolo.coordinamento07@provincia.tn.it;;
"Circolo di coordinamento n. 7";"Scuola dell'Infanzia di Cunevo";;"A carattere statale/provinciale";;;"LAURA BERTOLDI";"Via Delle Scuole - Cunevo, 6 38010";CONTÁ;0461/652520;0461/494334;scuolainfanzia.cunevo@scuole.provincia.tn.it;;circolo.coordinamento07@provincia.tn.it;;
"Circolo di coordinamento n. 7";"Scuola dell'Infanzia di Fai Paganella";;"A carattere statale/provinciale";;;"LAURA BERTOLDI";"Via Villa, 43 38010";"FAI DELLA PAGANELLA";0461/583360;0461/494334;scuolainfanzia.fai@scuole.provincia.tn.it;;circolo.coordinamento07@provincia.tn.it;;
"Circolo di coordinamento n. 7";"Scuola dell'Infanzia di Rallo di Tassullo  ""Nuovo germoglio""";;"A carattere statale/provinciale";;;"LAURA BERTOLDI";"Via Fratelli Pinamonti - Rallo - Tassullo,   38019";"VILLE D'ANAUNIA";0463/451568;0461/494334;scuolainfanzia.rallo@scuole.provincia.tn.it;;circolo.coordinamento07@provincia.tn.it;;
"Circolo di coordinamento n. 7";"Scuola dell'Infanzia di Revò ""I girasoli""";;"A carattere statale/provinciale";;;"LAURA BERTOLDI";"Via Canestrini, 9/A 38028";NOVELLA;0463/431044;0461/494334;scuolainfanzia.revo@scuole.provincia.tn.it;;circolo.coordinamento07@provincia.tn.it;;
"Circolo di coordinamento n. 7";"Scuola dell'Infanzia di Roverè della Luna";;"A carattere statale/provinciale";;;"LAURA BERTOLDI";"Via Villotta, 10 38030";"ROVERE' DELLA LUNA";0461/658519;0461/494334;scuolainfanzia.roveredellaluna@scuole.provincia.tn.it;;circolo.coordinamento07@provincia.tn.it;;
"Circolo di coordinamento n. 7";"Scuola dell'Infanzia di Sporminore ""Fratelli Remondini""";;"A carattere statale/provinciale";;;"LAURA BERTOLDI";"Piazza Anaunia, 2 38010";SPORMINORE;0461/641186;0461/494334;scuolainfanzia.sporminore@scuole.provincia.tn.it;;circolo.coordinamento07@provincia.tn.it;;
"Circolo di coordinamento n. 7";"Scuola dell'Infanzia di Vervò  ""Il bosco degli gnomi""";;"A carattere statale/provinciale";;;"LAURA BERTOLDI";"Via Castel Vervassium - Vervo, 7 38012";PREDAIA;0463/463314;0461/494334;scuolainfanzia.vervo@scuole.provincia.tn.it;;circolo.coordinamento07@provincia.tn.it;;
"Circolo di coordinamento n. 11";"Scuola dell'Infanzia di Pellizzano ""Antonio Bontempelli""";;"A carattere statale/provinciale";;;"SIMONETTA ERRIGO";"Via Dei Baschenis, 3 38020";PELLIZZANO;"0463 751953";0461/491940;scuolainfanzia.pellizzano@scuole.provincia.tn.it;;circolo.coordinamento11@provincia.tn.it;;
"ISTITUTO COMPRENSIVO BORGO VALSUGANA";"SCUOLA PRIMARIA ""RITA LEVI MONTALCINI"" BORGO VALSUGANA";;"A carattere statale/provinciale";"LUIGI VITULLO";;;"Via Temanza, 13/C 38051";"BORGO VALSUGANA";0461/753179;0461/754131;ic.borgovalsugana@pec.provincia.tn.it;dir.ic.borgovalsugana@scuole.provincia.tn.it;segr.ic.borgovalsugana@scuole.provincia.tn.it;http://www.icborgovalsugana.edu.it/;TNEE812046
"Scuola dell'infanzia di Spormaggiore";;"Scuola dell'infanzia";Paritaria/equiparata;;;"UTE PANCHER";"Via dell Asilo, 2 38010";SPORMAGGIORE;" 0461 1827171";;spormaggiore.contabile@fpsm.tn.it;;spormaggiore.segretario@fpsm.tn.it;;
"Scuola dell'infanzia di Spormaggiore";"Scuola dell'Infanzia di Spormaggiore";;Paritaria/equiparata;;;"UTE PANCHER";"Via dell Asilo, 2 38010";SPORMAGGIORE;" 0461 1827171";;spormaggiore.contabile@fpsm.tn.it;;spormaggiore.segretario@fpsm.tn.it;;
"Circolo di coordinamento n. 11";"Scuola dell'Infanzia di Livo ""Battito d'ali""";;"A carattere statale/provinciale";;;"SIMONETTA ERRIGO";"Via Marconi, 17 38020";LIVO;0463/533522;0461/491940;scuolainfanzia.livo@scuole.provincia.tn.it;;circolo.coordinamento11@provincia.tn.it;;
"Circolo di coordinamento n. 10";"Scuola dell'Infanzia di Nogaredo";;"A carattere statale/provinciale";;;"GINEVRA RELLA";"Via Verdi, 38 38060";NOGAREDO;0464/411244;0464/493115;scuolainfanzia.nogaredo@scuole.provincia.tn.it;;circolo.coordinamento10@provincia.tn.it;;
"Circolo di coordinamento n. 10";"Scuola dell'Infanzia di Calliano ""Matite colorate""";;"A carattere statale/provinciale";;;"GINEVRA RELLA";"Via III Novembre, 33 38060";CALLIANO;0464/835165;0464/493115;scuolainfanzia.calliano@scuole.provincia.tn.it;;circolo.coordinamento10@provincia.tn.it;;
"Circolo di coordinamento n. 10";"Scuola dell'Infanzia di Rovereto Rione Nord ""Mille colori""";;"A carattere statale/provinciale";;;"GINEVRA RELLA";"Via Chiocchetti, 1 38068";ROVERETO;0464/435355;0464/493115;scuolainfanzia.rionenord@scuole.provincia.tn.it;;circolo.coordinamento10@provincia.tn.it;;
"Circolo di coordinamento n. 10";;"Circolo di coordinamento pedagogico";"A carattere statale/provinciale";;;"GINEVRA RELLA";"Viale Trento, 37/E 38068";ROVERETO;0464/493114;0464/493115;circolo.coordinamento10@provincia.tn.it;;circolo.coordinamento10@provincia.tn.it;;
"Circolo di coordinamento n. 10";"Scuola dell'Infanzia di Rovereto  S.Ilario ""Amici della scuola""";;"A carattere statale/provinciale";;;"GINEVRA RELLA";"Via Monti, 4A 38068";ROVERETO;0464/411901;0464/493115;scuolainfanzia.santilario@scuole.provincia.tn.it;;circolo.coordinamento10@provincia.tn.it;;
"Circolo di coordinamento n. 11";"Scuola dell'Infanzia di Monclassico";;"A carattere statale/provinciale";;;"SIMONETTA ERRIGO";"Via Berera - Monclassico, 6 38025";"DIMARO FOLGARIDA";0463/974606;0461/491940;scuolainfanzia.monclassico@scuole.provincia.tn.it;;circolo.coordinamento11@provincia.tn.it;;
"Circolo di coordinamento n. 11";"Scuola dell'Infanzia di Rabbi";;"A carattere statale/provinciale";;;"SIMONETTA ERRIGO";"Frazione Pracorno, 98/B 38020";RABBI;0463/902652;0461/491940;scuolainfanzia.rabbi@scuole.provincia.tn.it;;circolo.coordinamento11@provincia.tn.it;;
"Circolo di coordinamento n. 3";"Scuola dell'Infanzia di Trento  ""Crosina Sartori""";;"A carattere statale/provinciale";;;"CHIARA NADALON";"Via Gocciadoro, 84 38122";TRENTO;0461/925679;0461/497257;scuolainfanzia.crosina@scuole.provincia.tn.it;;circolo.coordinamento03@provincia.tn.it;;
"Circolo di coordinamento n. 10";"Scuola dell'Infanzia di Besenello";;"A carattere statale/provinciale";;;"GINEVRA RELLA";"Via Vanzetti, 3 38060";BESENELLO;0464/834946;0464/493115;scuolainfanzia.besenello@scuole.provincia.tn.it;;circolo.coordinamento10@provincia.tn.it;;
"Circolo di coordinamento n. 11";"Scuola dell'Infanzia di Terzolas ""Caterina Graifenberg""";;"A carattere statale/provinciale";;;"SIMONETTA ERRIGO";"Via Kessler, 23 38027";TERZOLAS;0463/901977;0461/491940;scuolainfanzia.terzolas@scuole.provincia.tn.it;;circolo.coordinamento11@provincia.tn.it;;
"Circolo di coordinamento n. 11";"Scuola dell'Infanzia di Romeno  ""Città della gioia""";;"A carattere statale/provinciale";;;"SIMONETTA ERRIGO";"Via Monsignor Rosati, 6 38010";ROMENO;0463/875195;0461/491940;scuolainfanzia.romeno@scuole.provincia.tn.it;;circolo.coordinamento11@provincia.tn.it;;
"Circolo di coordinamento n. 10";"Scuola dell'Infanzia di Rovereto Brione";;"A carattere statale/provinciale";;;"GINEVRA RELLA";"Via Puccini, 26 38068";ROVERETO;0464/412892;0464/493115;scuolainfanzia.brione@scuole.provincia.tn.it;;circolo.coordinamento10@provincia.tn.it;;
"Circolo di coordinamento n. 11";"Scuola dell'Infanzia di Castelfondo";;"A carattere statale/provinciale";;;"SIMONETTA ERRIGO";"Via Madonna Pellegrina, 5 38020";"BORGO D'ANAUNIA";0463/889189;0461/491940;scuolainfanzia.castelfondo@scuole.provincia.tn.it;;circolo.coordinamento11@provincia.tn.it;;
"Circolo di coordinamento n. 11";"Scuola dell'Infanzia di Mione Rumo";;"A carattere statale/provinciale";;;"SIMONETTA ERRIGO";"Frazione Mione, 54 38020";RUMO;0463/530420;0461/491940;scuolainfanzia.rumo@scuole.provincia.tn.it;;circolo.coordinamento11@provincia.tn.it;;
"Circolo di coordinamento n. 3";"Scuola dell'Infanzia di Trento  Povo ""M.C. Conotter""";;"A carattere statale/provinciale";;;"CHIARA NADALON";"Via Della Resistenza, 48 38123";TRENTO;0461/810574;0461/497257;scuolainfanzia.povo@scuole.provincia.tn.it;;circolo.coordinamento03@provincia.tn.it;;
"Circolo di coordinamento n. 3";"Scuola dell'Infanzia di Trento S.Martino";;"A carattere statale/provinciale";;;"CHIARA NADALON";"Via della Predara, 16 38121";TRENTO;0461/237516;0461/497257;scuolainfanzia.sanmartino@scuole.provincia.tn.it;;circolo.coordinamento03@provincia.tn.it;;
"Circolo di coordinamento n. 11";"Scuola dell'Infanzia di Mezzana ""A. Ravelli""";;"A carattere statale/provinciale";;;"SIMONETTA ERRIGO";"Via Manzoni, 22 38020";MEZZANA;0463/756018;0461/491940;scuolainfanzia.mezzana@scuole.provincia.tn.it;;circolo.coordinamento11@provincia.tn.it;;
"Circolo di coordinamento n. 3";"Scuola dell'Infanzia di Trento  ""Gianni Rodari""";;"A carattere statale/provinciale";;;"CHIARA NADALON";"Via Giovanelli, 6 38122";TRENTO;0461/986198;0461/497257;scuolainfanzia.rodari@scuole.provincia.tn.it;;circolo.coordinamento03@provincia.tn.it;;
"Circolo di coordinamento n. 11";"Scuola dell'Infanzia di Ruffrè";;"A carattere statale/provinciale";;;"SIMONETTA ERRIGO";"Maso Lana, 3 38010";"RUFFRE' - MENDOLA";0463/870011;0461/491940;scuolainfanzia.ruffre@scuole.provincia.tn.it;;circolo.coordinamento11@provincia.tn.it;;
"Circolo di coordinamento n. 11";"Scuola dell'Infanzia di Cogolo";;"A carattere statale/provinciale";;;"SIMONETTA ERRIGO";"Via Roma, 83 38024";PEIO;0463/754108;0461/491940;scuolainfanzia.cogolo@scuole.provincia.tn.it;;circolo.coordinamento11@provincia.tn.it;;
"Circolo di coordinamento n. 11";"Scuola dell'Infanzia di Sarnonico ""Giardino dei sogni""";;"A carattere statale/provinciale";;;"SIMONETTA ERRIGO";"Viale S Lorenzo, 6 38011";SARNONICO;0463/831603;0461/491940;scuolainfanzia.sarnonico@scuole.provincia.tn.it;;circolo.coordinamento11@provincia.tn.it;;
"Circolo di coordinamento n. 3";"Scuola dell'Infanzia di Trento Clarina   ""Piccolo mondo""";;"A carattere statale/provinciale";;;"CHIARA NADALON";"Via Gramsci, 11 38123";TRENTO;0461/925726;0461/497257;scuolainfanzia.piccolomondo@scuole.provincia.tn.it;;circolo.coordinamento03@provincia.tn.it;;
"Scuola dell'infanzia di Predazzo";;"Scuola dell'infanzia";Paritaria/equiparata;;;"SARA DE ZOLT";"Via Gabrielli, 1 38037";PREDAZZO;0462-501312;;predazzo.presidente@fpsm.tn.it;;predazzo.segretario@fpsm.tn.it;;
"Scuola dell'infanzia di Predazzo";"Scuola dell'Infanzia di Predazzo";;Paritaria/equiparata;;;"SARA DE ZOLT";"Via Gabrielli, 1 38037";PREDAZZO;0462-501312;;predazzo.presidente@fpsm.tn.it;;predazzo.segretario@fpsm.tn.it;;
"Scuola dell'infanzia di Trento ""G. B. Zanella ODV""";;"Scuola dell'infanzia";Paritaria/equiparata;;;"ALESSANDRA BIANCHI";"Via Gar, 1 38122";TRENTO;0461-233744;0461-233744;segreteria@gbzanella.it;;;;
"Scuola dell'infanzia di Cavalese";;"Scuola dell'infanzia";Paritaria/equiparata;;;"TIZIANA CEOL";"Via Regolani, 4 38033";CAVALESE;0462-341673;;cavalese.segretario@fpsm.tn.it;;cavalese.presidente@fpsm.tn.it;;
"Scuola dell'infanzia di Cavalese";"Scuola dell'Infanzia di Cavalese";;Paritaria/equiparata;;;"TIZIANA CEOL";"Via Regolani, 4 38033";CAVALESE;0462-341673;;cavalese.segretario@fpsm.tn.it;;cavalese.presidente@fpsm.tn.it;;
"Scuola dell'infanzia di Ziano di Fiemme";;"Scuola dell'infanzia";Paritaria/equiparata;;;"SARA DE ZOLT";"Piazza Italia, 8 38030";"ZIANO DI FIEMME";3703621992;;ziano.presidente@fpsm.tn.it;;ziano.segretario@fpsm.tn.it;;
"Scuola dell'infanzia di Ziano di Fiemme";"Scuola dell'Infanzia di Ziano di Fiemme";;Paritaria/equiparata;;;"SARA DE ZOLT";"Piazza Italia, 8 38030";"ZIANO DI FIEMME";3703621992;;ziano.presidente@fpsm.tn.it;;ziano.segretario@fpsm.tn.it;;
"ISTITUTO COMPRENSIVO BORGO VALSUGANA";"SCUOLA SECONDARIA DI PRIMO GRADO ""ORA E VEGLIA"" BORGO VALSUGANA";;"A carattere statale/provinciale";"LUIGI VITULLO";;;"Via Spagolla, 1 38051";"BORGO VALSUGANA";0461/753179;0461/754131;ic.borgovalsugana@pec.provincia.tn.it;dir.ic.borgovalsugana@scuole.provincia.tn.it;segr.ic.borgovalsugana@scuole.provincia.tn.it;http://www.icborgovalsugana.edu.it/;TNMM812012
"ISTITUTO COMPRENSIVO BORGO VALSUGANA";"SCUOLA SECONDARIA DI PRIMO GRADO ""S. FANTE"" GRIGNO";;"A carattere statale/provinciale";"LUIGI VITULLO";;;"Viale Trento,   38055";GRIGNO;0461/753179;0461/754131;ic.borgovalsugana@pec.provincia.tn.it;dir.ic.borgovalsugana@scuole.provincia.tn.it;segr.ic.borgovalsugana@scuole.provincia.tn.it;http://www.icborgovalsugana.edu.it/;TNMM812023
"ISTITUTO COMPRENSIVO BORGO VALSUGANA";"SCUOLA PRIMARIA GRIGNO";;"A carattere statale/provinciale";"LUIGI VITULLO";;;"Viale Trento, 2 38055";GRIGNO;0461/753179;0461/754131;ic.borgovalsugana@pec.provincia.tn.it;dir.ic.borgovalsugana@scuole.provincia.tn.it;segr.ic.borgovalsugana@scuole.provincia.tn.it;http://www.icborgovalsugana.edu.it/;TNEE812024
"Scuola dell'infanzia di Pergine  ""G.B. Chimelli""";;"Scuola dell'infanzia";Paritaria/equiparata;;"FRANCESCA PAROLARI";;"Piazza Garbari, 5 38057";"PERGINE VALSUGANA";0461-502351;;asifchimelli@pec.it;;;;
"Scuola dell'infanzia di Pergine  ""G.B. Chimelli""";"Scuola dell'Infanzia di Pergine  ""G.B. Chimelli""";;Paritaria/equiparata;;"FRANCESCA PAROLARI";;"Piazza Garbari, 5 38057";"PERGINE VALSUGANA";0461-502351;;asifchimelli@pec.it;;;;
"Scuola dell'infanzia di Roncogno di Pergine";"Scuola dell'Infanzia di Roncogno di Pergine";;Paritaria/equiparata;;"FRANCESCA PAROLARI";;"Piazza di S Anna, 3 38057";"PERGINE VALSUGANA";"0461 502351";;asifchimelli@pec.it;;;;
"Scuola dell'infanzia di Roncogno di Pergine";;"Scuola dell'infanzia";Paritaria/equiparata;;"FRANCESCA PAROLARI";;"Piazza di S Anna, 3 38057";"PERGINE VALSUGANA";"0461 502351";;asifchimelli@pec.it;;;;
"Scuola dell'infanzia di Ospedaletto";;"Scuola dell'infanzia";Paritaria/equiparata;;;"DANIELA DALCASTAGNE'";"Via  Don Tosi, 14 38050";OSPEDALETTO;"347 0362437";;ospedaletto.presidente@fpsm.tn.it;;ospedaletto.segretario@fpsm.tn.it;;
"Scuola dell'infanzia di Castelnuovo";"Scuola dell'Infanzia di Castelnuovo";;Paritaria/equiparata;;;"PAOLA SANGIORGI";"Piazza Municipio, 2 38050";CASTELNUOVO;0461-753637;;entesantamargherita@gmail.com;;castelnuovo.segretario@fpsm.tn.it;;
"Scuola dell'infanzia di Ospedaletto";"Scuola dell'Infanzia di Ospedaletto";;Paritaria/equiparata;;;"DANIELA DALCASTAGNE'";"Via  Don Tosi, 14 38050";OSPEDALETTO;"347 0362437";;ospedaletto.presidente@fpsm.tn.it;;ospedaletto.segretario@fpsm.tn.it;;
"Scuola dell'infanzia di Tuenno";;"Scuola dell'infanzia";Paritaria/equiparata;;;"UTE PANCHER";"Via Marconi - Tuenno, 2 38019";"VILLE D'ANAUNIA";0463-451238;;tuenno.segretario@fpsm.tn.it;;tuenno.segretario@fpsm.tn.it;;
"Scuola dell'infanzia di Castelnuovo";;"Scuola dell'infanzia";Paritaria/equiparata;;;"PAOLA SANGIORGI";"Piazza Municipio, 2 38050";CASTELNUOVO;0461-753637;;entesantamargherita@gmail.com;;castelnuovo.segretario@fpsm.tn.it;;
"Scuola dell'infanzia di Tuenno";"Scuola dell'Infanzia di Tuenno";;Paritaria/equiparata;;;"UTE PANCHER";"Via Marconi - Tuenno, 2 38019";"VILLE D'ANAUNIA";0463-451238;;tuenno.segretario@fpsm.tn.it;;tuenno.segretario@fpsm.tn.it;;
"Circolo di coordinamento n. 5";"Scuola dell'Infanzia di Trento Gardolo Paludi  ""Biancaneve""";;"A carattere statale/provinciale";;;"MARTINA BASSETTI";"Via Paludi, 9/1 38121";TRENTO;0461/992128;0461/497257;scuolainfanzia.gardolo@scuole.provincia.tn.it;;circolo.coordinamento05@provincia.tn.it;;
"Circolo di coordinamento n. 5";"Scuola dell'Infanzia di Trento Roncafort  ""Margit Levinson""";;"A carattere statale/provinciale";;;"MARTINA BASSETTI";"Via Dell Asilo, 8 38121";TRENTO;0461/960422;0461/497257;scuolainfanzia.roncafort@scuole.provincia.tn.it;;circolo.coordinamento05@provincia.tn.it;;
"Circolo di coordinamento n. 5";"Scuola dell'Infanzia di Terlago";;"A carattere statale/provinciale";;;"MARTINA BASSETTI";"Via Degasperi - Terlago, 7 38070";VALLELAGHI;0461/860304;0461/497257;scuolainfanzia.terlago@scuole.provincia.tn.it;;circolo.coordinamento05@provincia.tn.it;;
"Circolo di coordinamento n. 5";"Scuola dell'Infanzia di Trento  Sardagna";;"A carattere statale/provinciale";;;"MARTINA BASSETTI";"Via dei Caduti di Sardagna, 8 38123";TRENTO;0461/234186;0461/497257;scuolainfanzia.sardagna@scuole.provincia.tn.it;;circolo.coordinamento05@provincia.tn.it;;
"Circolo di coordinamento n. 5";"Scuola dell'Infanzia di Trento  Cadine  ""Il Melograno""";;"A carattere statale/provinciale";;;"MARTINA BASSETTI";"Via di Coltura, 3 38123";TRENTO;0461/866302;0461/497257;scuolainfanzia.cadine@scuole.provincia.tn.it;;circolo.coordinamento05@provincia.tn.it;;
"Circolo di coordinamento n. 5";"Scuola dell'Infanzia di Lasino";;"A carattere statale/provinciale";;;"MARTINA BASSETTI";"Via Lagolo - Lasino, 47 38076";MADRUZZO;0461/564600;0461/497257;scuolainfanzia.lasino@scuole.provincia.tn.it;;circolo.coordinamento05@provincia.tn.it;;
"Circolo di coordinamento n. 5";"Scuola dell'Infanzia di Calavino";;"A carattere statale/provinciale";;;"MARTINA BASSETTI";"Via Pedrini - Calavino, 28 38076";MADRUZZO;0461/564630;0461/497257;scuolainfanzia.calavino@scuole.provincia.tn.it;;circolo.coordinamento05@provincia.tn.it;;
"ASSOCIAZIONE PEDAGOGICA STEINERIANA - TRENTO";"ASSOCIAZIONE R. STEINER - PRIMARIA";;Paritaria/equiparata;"Carlo Musio";;;"Via Conci, 86 38123";TRENTO;0461/930658;;associazione@pec.scuolasteiner-trento.it;;segreteria@scuolasteiner-trento.it;https://www.scuolasteiner-trento.it;TN1E00900D
"Centro Formazione Professionale ENAIP - Tesero";"SETTORE INDUSTRIA E ARTIGIANATO";;Paritaria/equiparata;;"Dino Moser";;"Via Caltrezza, 13 38038";TESERO;0462/813133;0462/813145;cfp.tesero@pec.it;;cfp.tesero@enaip.tn.it;https://tesero.enaiptrentino.it/;TNFP254STA
"ASSOCIAZIONE PEDAGOGICA STEINERIANA - TRENTO";"ASSOCIAZIONE R. STEINER - SECONDARIA I GRADO";;Paritaria/equiparata;"Carlo Musio";;;"Via Conci, 86 38123";TRENTO;0461/930658;;associazione@pec.scuolasteiner-trento.it;;segreteria@scuolasteiner-trento.it;https://www.scuolasteiner-trento.it;TN1M007003
"Centro Formazione Professionale ENAIP - Tesero";"SETTORE SERVIZI";;Paritaria/equiparata;;"Dino Moser";;"Via Caltrezza, 13 38038";TESERO;0462/813133;0462/813145;cfp.tesero@pec.it;;cfp.tesero@enaip.tn.it;https://tesero.enaiptrentino.it/;TNFP254STA
"Centro Formazione Professionale ENAIP - Primiero";"SETTORE SERVIZI";;Paritaria/equiparata;;"Fausto Eccher";;"Via Forno - Transacqua, 12 38054";"PRIMIERO SAN MARTINO DI CASTROZZA";0439/762057;0439/762833;cfp.primiero@pec.it;;cfp.primiero@enaip.tn.it;https://primiero.enaiptrentino.it/;TNFP253STA
"Centro Formazione Professionale ENAIP - Villazzano";"SETTORE INDUSTRIA E ARTIGIANATO SERALE";;Paritaria/equiparata;;"Paola Coccia";;"Via Asiago, 14 38123";TRENTO;0461/920386;0461/914935;cfp.villazzano@pec.it;;cfp.villazzano@enaip.tn.it;https://villazzano.enaiptrentino.it/;
"ASSOCIAZIONE RUDOLF STEINER PER LA PEDAGOGIA APS - ROVERETO";;"Scuola dell'infanzia";Paritaria/equiparata;;;;"Via Stazione Mori, 10 38068";ROVERETO;;;;;;;
"Circolo di coordinamento n. 3";"Scuola dell'Infanzia di Trento Madonna Bianca ""L'albero del sole""";;"A carattere statale/provinciale";;;"CHIARA NADALON";"Via Bettini, 3 38123";TRENTO;0461/922124;0461/497257;scuolainfanzia.madonnabianca@scuole.provincia.tn.it;;circolo.coordinamento03@provincia.tn.it;;
"SCUOLA LADINA DI FASSA - SCOLA LADINA DE FASCIA";"SCUOLA PRIMARIA ""G. RIZZI"" CANAZEI";;"A carattere statale/provinciale";"FEDERICO CORRADINI";;;"Via de Magoa, 15 38032";"CANAZEI - CIANACEI";0462/763702;0462/760001;scuolaladinadifassa@pec.provincia.tn.it;dir.scuolaladinadifassa@scuole.provincia.tn.it;segr.scuolaladinadifassa@scuole.provincia.tn.it;https://www.scuolaladina.com/;TNEE85001T
"SCUOLA LADINA DI FASSA - SCOLA LADINA DE FASCIA";"SCUOLA PRIMARIA ""PADRE E. CHIOCCHETTI"" MOENA";;"A carattere statale/provinciale";"FEDERICO CORRADINI";;;"Strada don Giovanni Iori, 19 38035";"MOENA - MOENA";0462/763702;0462/760001;scuolaladinadifassa@pec.provincia.tn.it;dir.scuolaladinadifassa@scuole.provincia.tn.it;segr.scuolaladinadifassa@scuole.provincia.tn.it;https://www.scuolaladina.com/;TNEE85002V
"SCUOLA LADINA DI FASSA - SCOLA LADINA DE FASCIA";"SCUOLA SECONDARIA DI PRIMO GRADO POZZA DI FASSA";;"A carattere statale/provinciale";"FEDERICO CORRADINI";;;"Strada Dolomites - Pozza di Fassa, 67 38036";"SAN GIOVANNI DI FASSA - SEN JAN";0462/763702;0462/760001;scuolaladinadifassa@pec.provincia.tn.it;dir.scuolaladinadifassa@scuole.provincia.tn.it;segr.scuolaladinadifassa@scuole.provincia.tn.it;https://www.scuolaladina.com/;TNMM85003V
"SCUOLA LADINA DI FASSA - SCOLA LADINA DE FASCIA";"LICEO LADINO DELLE LINGUE";;"A carattere statale/provinciale";"FEDERICO CORRADINI";;;"Strada de pra del Monech, 6 38036";"SAN GIOVANNI DI FASSA - SEN JAN";0462/763702;0462/760001;scuolaladinadifassa@pec.provincia.tn.it;dir.scuolaladinadifassa@scuole.provincia.tn.it;segr.scuolaladinadifassa@scuole.provincia.tn.it;https://www.scuolaladina.com/;TNPS09000Q
"SCUOLA LADINA DI FASSA - SCOLA LADINA DE FASCIA";"SCUOLA SECONDARIA DI PRIMO GRADO ""T. SORARUF"" CAMPITELLO DI FASSA";;"A carattere statale/provinciale";"FEDERICO CORRADINI";;;"Strèda de Marin, 3/A 38031";"CAMPITELLO DI FASSA - CIAMPEDEL";0462/763702;0462/760001;scuolaladinadifassa@pec.provincia.tn.it;dir.scuolaladinadifassa@scuole.provincia.tn.it;segr.scuolaladinadifassa@scuole.provincia.tn.it;https://www.scuolaladina.com/;TNMM85001R
"SCUOLA LADINA DI FASSA - SCOLA LADINA DE FASCIA";"SCUOLA PRIMARIA ""DON G. B. MASSAR"" VIGO DI FASSA";;"A carattere statale/provinciale";"FEDERICO CORRADINI";;;"Piaz Jan Batista Massar - Vigo di Fassa, 14 38039";"SAN GIOVANNI DI FASSA - SEN JAN";0462/763702;0462/760001;scuolaladinadifassa@pec.provincia.tn.it;dir.scuolaladinadifassa@scuole.provincia.tn.it;segr.scuolaladinadifassa@scuole.provincia.tn.it;https://www.scuolaladina.com/;TNEE850063
"SCUOLA LADINA DI FASSA - SCOLA LADINA DE FASCIA";"SCUOLA SECONDARIA DI PRIMO GRADO ""DON G. JORI"" MOENA";;"A carattere statale/provinciale";"FEDERICO CORRADINI";;;"Strada don Giovanni Iori, 19 38035";"MOENA - MOENA";0462/763702;0462/760001;scuolaladinadifassa@pec.provincia.tn.it;dir.scuolaladinadifassa@scuole.provincia.tn.it;segr.scuolaladinadifassa@scuole.provincia.tn.it;https://www.scuolaladina.com/;TNMM85002T
"SCUOLA LADINA DI FASSA - SCOLA LADINA DE FASCIA";"SCUOLA PRIMARIA ""DON L. GROSS"" POZZA DI FASSA";;"A carattere statale/provinciale";"FEDERICO CORRADINI";;;"Strada De Bagnes - Pozza di Fassa, 10 38036";"SAN GIOVANNI DI FASSA - SEN JAN";0462/763702;0462/760001;scuolaladinadifassa@pec.provincia.tn.it;dir.scuolaladinadifassa@scuole.provincia.tn.it;segr.scuolaladinadifassa@scuole.provincia.tn.it;https://www.scuolaladina.com/;TNEE85003X
"SCUOLA LADINA DI FASSA - SCOLA LADINA DE FASCIA";"LICEO SCIENTIFICO";;"A carattere statale/provinciale";"FEDERICO CORRADINI";;;"Strada de pra del Monech, 6 38036";"SAN GIOVANNI DI FASSA - SEN JAN";0462/763702;0462/760001;scuolaladinadifassa@pec.provincia.tn.it;dir.scuolaladinadifassa@scuole.provincia.tn.it;segr.scuolaladinadifassa@scuole.provincia.tn.it;https://www.scuolaladina.com/;TNPS09000Q
"ISTITUTO COMPRENSIVO VILLA LAGARINA";;"Istituzione scolastica e formativa";"A carattere statale/provinciale";"TIZIANA CHEMOTTI";;;"Via Stockstadt Am Rhein, 3 38060";"VILLA LAGARINA";0464/411312;0464/411705;ic.villalagarina@pec.provincia.tn.it;dir.ic.villalagarina@scuole.provincia.tn.it;segr.ic.villalagarina@scuole.provincia.tn.it;https://www.icvillalagarina.it;TNIC846004
"ISTITUTO COMPRENSIVO MORI";"SCUOLA PRIMARIA MORI";;"A carattere statale/provinciale";"MASSIMILIANO LATINO";;;"Via Scuole, 21 38065";MORI;0464/918669;;ic.mori@pec.provincia.tn.it;dir.ic.mori@scuole.provincia.tn.it;segr.ic.mori@scuole.provincia.tn.it;https://www.icmori.it/;TNEE84901N
"ISTITUTO DI ISTRUZIONE ""M. Curie"" - PERGINE VALSUGANA";"ISTITUTO TECNICO PER IL SETTORE ECONOMICO - PERGINE";;"A carattere statale/provinciale";"TIZIANA GULLI";;;"VIA SAN PIETRO, 4 38057";"PERGINE VALSUGANA";0461/511397;0461/531743;curie@pec.provincia.tn.it;dir.curie.pergine@scuole.provincia.tn.it;segr.curie.pergine@scuole.provincia.tn.it;https://www.curiepergine.it;TNTD00401C
"ISTITUTO COMPRENSIVO CAVALESE";"SCUOLA PRIMARIA CASTELLO DI FIEMME";;"A carattere statale/provinciale";"ROBERTO TROLLI";;;"Via Roma, 40 38030";"CASTELLO-MOLINA DI FIEMME";0462/340314;0462/342294;ic.cavalese@pec.provincia.tn.it;dir.cavalese@scuole.provincia.tn.it;segr.cavalese@scuole.provincia.tn.it;https://www.iccavalese.it;TNEE809039
"ISTITUTO COMPRENSIVO CAVALESE";"SCUOLA PRIMARIA CAVALESE";;"A carattere statale/provinciale";"ROBERTO TROLLI";;;"Largo Bosin, 2 38033";CAVALESE;0462/340314;0462/342294;ic.cavalese@pec.provincia.tn.it;dir.cavalese@scuole.provincia.tn.it;segr.cavalese@scuole.provincia.tn.it;https://www.iccavalese.it;TNEE80905B
"ISTITUTO COMPRENSIVO MEZZOLOMBARDO - PAGANELLA";;"Istituzione scolastica e formativa";"A carattere statale/provinciale";"CINZIA CASNA";;;"Via Degli Alpini, 17 38017";MEZZOLOMBARDO;0461/601125;0461/601125;ic.mezzolombardo@pec.provincia.tn.it;dir.ic.mezzolombardo@scuole.provincia.tn.it;segr.ic.mezzolombardo@scuole.provincia.tn.it;https://icmezzolombardopaganella.edu.it;TNIC824007
"ISTITUTO COMPRENSIVO ROVERETO NORD";"SCUOLA SECONDARIA DI PRIMO GRADO ""L. NEGRELLI"" ROVERETO";;"A carattere statale/provinciale";"TIZIANA CHIARA PASQUINI";;;"Corso Bettini, 67 38068";ROVERETO;0464/420759;0464/480415;ic.roveretonord@pec.provincia.tn.it;dir.ic.roveretonord@scuole.provincia.tn.it;segr.ic.roveretonord@scuole.provincia.tn.it;https://www.icroveretonord.it;TNMM859017
"ISTITUTO COMPRENSIVO DEL CHIESE ""Don L. Milani""";"SCUOLA PRIMARIA PIEVE DI BONO - CRETO";;"A carattere statale/provinciale";"ROMEO COLLINI";;;"Via Fiera - Creto - Pieve di Bono, 1 38085";"PIEVE DI BONO-PREZZO";0465/674049;0465/687076;ic.chiese-storo@pec.provincia.tn.it;dir.ic.chiese@scuole.provincia.tn.it;segr.ic.chiese@scuole.provincia.tn.it;https://www.istitutodelchiese.it;TNEE83808E
"ISTITUTO TECNICO ECONOMICO E TECNOLOGICO ""C.A. Pilati"" - CLES";"EDUCAZIONE PER ADULTI RELATIVA AL PRIMO CICLO";;"A carattere statale/provinciale";"ALFREDO ROMANTINI";;;"Via IV Novembre, 35 38023";CLES;0463/421695;0463/421477;pilati@pec.provincia.tn.it;dir.itetpilati@scuole.provincia.tn.it;segr.itetpilati@scuole.provincia.tn.it;https://www.istitutopilati.it;TNCT709002
"ISTITUTO COMPRENSIVO LAVIS";"SCUOLA PRIMARIA ""DON G. GRAZIOLI"" LAVIS";;"A carattere statale/provinciale";"FRANCESCA LASARACINA";;;"Via Degasperi, 18 38015";LAVIS;0461/246535;0461/242955;ic.lavis@pec.provincia.tn.it;dir.ic.lavis@scuole.provincia.tn.it;segr.ic.lavis@scuole.provincia.tn.it;https://www.iclavis.it;TNEE825015
"ISTITUTO TECNICO ECONOMICO E TECNOLOGICO ""C.A. Pilati"" - CLES";"ISTITUTO TECNICO PER IL SETTORE TECNOLOGICO";;"A carattere statale/provinciale";"ALFREDO ROMANTINI";;;"Via IV Novembre, 35 38023";CLES;0463/421695;0463/421477;pilati@pec.provincia.tn.it;dir.itetpilati@scuole.provincia.tn.it;segr.itetpilati@scuole.provincia.tn.it;https://www.istitutopilati.it;TNTD100001
"ISTITUTO COMPRENSIVO VALLE DEI LAGHI - DRO";;"Istituzione scolastica e formativa";"A carattere statale/provinciale";"ALESSANDRO FABRIS";;;"Via Roma - Vezzano, 3 38070";VALLELAGHI;0461/864026;0461/340648;ic.valledeilaghi@pec.provincia.tn.it;dir.ic.valledeilaghi@scuole.provincia.tn.it;segr.ic.valledeilaghi@scuole.provincia.tn.it;https://www.icvalledeilaghidro.it;TNIC84400C
"ISTITUTO DI ISTRUZIONE ""L. Guetti"" - TIONE DI TRENTO";"ISTITUTO TECNICO PER IL SETTORE TECNOLOGICO";;"A carattere statale/provinciale";"RENATO PAOLI";;;"Via Durone, 53 38079";"TIONE DI TRENTO";0465/321735;0465/322811;guetti@pec.provincia.tn.it;dir.guetti@scuole.provincia.tn.it;segr.guetti@scuole.provincia.tn.it;https://www.guetti.tn.it;TNTD00701X
"ISTITUTO DI ISTRUZIONE ""M. Curie"" - PERGINE VALSUGANA";"EDUCAZIONE PER ADULTI RELATIVA AL PRIMO CICLO";;"A carattere statale/provinciale";"TIZIANA GULLI";;;"Via S Pietro, 4 38057";"PERGINE VALSUGANA";0461/511397;0461/531743;curie@pec.provincia.tn.it;dir.curie.pergine@scuole.provincia.tn.it;segr.curie.pergine@scuole.provincia.tn.it;https://www.curiepergine.it;TNCT703003
"ISTITUTO COMPRENSIVO TAIO";"SCUOLA PRIMARIA ""MONS. A. NEGRI"" TRES";;"A carattere statale/provinciale";"MAURA ZINI";;;"Via Nazionale -Tres, 12 38012";PREDAIA;0463/468193;0463/467616;ic.taio@pec.provincia.tn.it;dir.ictaio@scuole.provincia.tn.it;segr.ictaio@scuole.provincia.tn.it;https://www.ictaio.it;TNEE826055
"ISTITUTO COMPRENSIVO MEZZOLOMBARDO - PAGANELLA";"SCUOLA SECONDARIA DI PRIMO GRADO ""C. Battisti"" ANDALO";;"A carattere statale/provinciale";"CINZIA CASNA";;;"Piazza S Vito, 1 38010";ANDALO;0461/601125;0461/601125;ic.mezzolombardo@pec.provincia.tn.it;dir.ic.mezzolombardo@scuole.provincia.tn.it;segr.ic.mezzolombardo@scuole.provincia.tn.it;https://icmezzolombardopaganella.edu.it;TNMM82403A
"ISTITUTO COMPRENSIVO CIVEZZANO";"SCUOLA PRIMARIA SEREGNANO CIVEZZANO";;"A carattere statale/provinciale";"VENERA MUNAFO'";;;"Frazione Cogatti,   38045";CIVEZZANO;0461/858485;0461/858901;ic.civezzano@pec.provincia.tn.it;dir.i.c.civezzano@scuole.provincia.tn.it;segr.i.c.civezzano@scuole.provincia.tn.it;https://www.iccivezzano.eu;TNEE817027
"LICEO ""A. Rosmini"" - ROVERETO";"LICEO CLASSICO";;"A carattere statale/provinciale";"PAOLO PENDENZA";;;"Corso Bettini, 86 38068";ROVERETO;0464/437700;0464/420025;rosmini.rovereto@pec.provincia.tn.it;dir.liceorosmini@scuole.provincia.tn.it;segr.liceorosmini@scuole.provincia.tn.it;https://www.liceorosmini.eu;TNPC02000A
"ISTITUTO COMPRENSIVO ALTA VAL DI SOLE";"SCUOLA PRIMARIA ""E. BEZZI"" OSSANA";;"A carattere statale/provinciale";"FRANCO VANIN";;;"Via Di S Antonio, 21 38026";OSSANA;0463/751261;0463/750043;ic.altavaldisole@pec.provincia.tn.it;dir.icaltavaldisole@scuole.provincia.tn.it;segr.icaltavaldisole@scuole.provincia.tn.it;https://www.icaltavaldisole.it;TNEE832029
"ISTITUTO COMPRENSIVO GIUDICARIE ESTERIORI";"SCUOLA PRIMARIA CAMPO LOMASO";;"A carattere statale/provinciale";"BRUNO GENTILINI";;;"Frazione Campo Lomaso - Lomaso,  1 38070";"COMANO TERME";0465/701472;0465/702452;ic.giudicarieesteriori@pec.provincia.tn.it;dir.ic.pontearche@scuole.provincia.tn.it;segr.ic.pontearche@scuole.provincia.tn.it;https://www.giudicariescuola.it;TNEE83704E
"ISTITUTO DI ISTRUZIONE ""La Rosa Bianca"" - CAVALESE";;"Istituzione scolastica e formativa";"A carattere statale/provinciale";"MARCO FELICETTI";;;"Via Gandhi, 1 38033";CAVALESE;0462/341449;0462/248071;weisserose@pec.provincia.tn.it;dir.iicavalese@scuole.provincia.tn.it;segr.iicavalese@scuole.provincia.tn.it;https://www.scuolefiemme.tn.it;TNIS00100P
"ISTITUTO COMPRENSIVO MEZZOLOMBARDO - PAGANELLA";"SCUOLA SECONDARIA DI PRIMO GRADO ""A. ECCHER DALL'ECO"" MEZZOLOMBARDO";;"A carattere statale/provinciale";"CINZIA CASNA";;;"Via Degli Alpini, 17 38017";MEZZOLOMBARDO;0461/601125;0461/601125;ic.mezzolombardo@pec.provincia.tn.it;dir.ic.mezzolombardo@scuole.provincia.tn.it;segr.ic.mezzolombardo@scuole.provincia.tn.it;https://icmezzolombardopaganella.edu.it;TNMM824018
"ISTITUTO COMPRENSIVO MEZZOCORONA";"SCUOLA PRIMARIA ""F.LLI BRONZETTI"" ROVERE' DELLA LUNA";;"A carattere statale/provinciale";"PAOLA SIGMUND";;;"Via Rosmini, 5/A 38030";"ROVERE' DELLA LUNA";0461/605409;0461/605142;ic.mezzocorona@pec.provincia.tn.it;dir.ic.mezzocorona@scuole.provincia.tn.it;segr.ic.mezzocorona@scuole.provincia.tn.it;https://www.icmezzocorona.it;TNEE82305N
"ISTITUTO DI ISTRUZIONE ""A. Degasperi"" - BORGO VALSUGANA";"ISTITUTO TECNICO PER IL SETTORE ECONOMICO SERALE";;"A carattere statale/provinciale";"GIULIO BERTOLDI";;;"Via XXIV Maggio, 7 38051";"BORGO VALSUGANA";0461/753647;0461/753364;degasperi@pec.provincia.tn.it;dir.istalcidedegasperi@scuole.provincia.tn.it;segr.istalcidedegasperi@scuole.provincia.tn.it;https://www.istalcidedegasperi.it;TNTD002505
"ISTITUTO COMPRENSIVO CEMBRA";;"Istituzione scolastica e formativa";"A carattere statale/provinciale";"STEFANO CHESINI";;;"Via Negritelle - Cembra, 1 38034";"CEMBRA LISIGNAGO";0461/683006;0461/682166;ic.cembra@pec.provincia.tn.it;dir.cembra@scuole.provincia.tn.it;segr.cembra@scuole.provincia.tn.it;https://www.iccembra.it;TNIC82200G
"ISTITUTO COMPRENSIVO STRIGNO E TESINO";"SCUOLA PRIMARIA SAMONE";;"A carattere statale/provinciale";"GIULIANA SIGHEL";;;"Via delle Praele, 21 38059";SAMONE;0461/762046;0461/763409;ic.strignotesino@pec.provincia.tn.it;dir.ic.strignoetesino@scuole.provincia.tn.it;segr.ic.strignoetesino@scuole.provincia.tn.it;https://www.icstrignoetesino.it;TNEE80104Q
"ISTITUTO COMPRENSIVO TAIO";"SCUOLA SECONDARIA DI PRIMO GRADO ""F. BARBACOVI"" TAIO";;"A carattere statale/provinciale";"MAURA ZINI";;;"Via Degli Alpini - Taio, 17 38012";PREDAIA;0463/468193;0463/467616;ic.taio@pec.provincia.tn.it;dir.ictaio@scuole.provincia.tn.it;segr.ictaio@scuole.provincia.tn.it;https://www.ictaio.it;TNMM82601X
"ISTITUTO COMPRENSIVO TRENTO 6";"SCUOLA PRIMARIA ""SAN VIGILIO"" VELA";;"A carattere statale/provinciale";"CHIARA GHETTA";;;"Localita La Vela, 3 38121";TRENTO;0461/236214;0461/230583;ic.trento6@pec.provincia.tn.it;dir.ic.tn6@scuole.provincia.tn.it;segr.ic.tn6@scuole.provincia.tn.it;https://www.ictrento6.it;TNEE85803E
"LICEO LINGUISTICO ""S. M. Scholl"" - TRENTO";"LICEO LINGUISTICO";;"A carattere statale/provinciale";"CHIARA MOTTER";;;"Via Mattioli, 8 38122";TRENTO;0461914499;0461915472;linguisticotrento@pec.provincia.tn.it;dir.linguisticotrento@scuole.provincia.tn.it;segr.linguisticotrento@scuole.provincia.tn.it;https://www.linguisticotrento.it;TNPS11000Q
"ISTITUTO COMPRENSIVO CENTRO VALSUGANA";"SCUOLA PRIMARIA ""P. MARTINELLI"" RONCEGNO TERME";;"A carattere statale/provinciale";"LOREDANA MONTANARO";;;"Via Baldessari, 15 38050";"RONCEGNO TERME";0461/764581;0461/771046;ic.centrovalsugana@pec.provincia.tn.it;dir.ic.centrovalsugana@scuole.provincia.tn.it;segr.ic.centrovalsugana@scuole.provincia.tn.it;https://www.iccentrovalsugana.it;TNEE813075
"ISTITUTO COMPRENSIVO RIVA 1";"SCUOLA PRIMARIA ""N. PERNICI"" RIVA DEL GARDA";;"A carattere statale/provinciale";"PAOLA BORTOLOTTI";;;"Viale Pernici, 21 38066";"RIVA DEL GARDA";0464/553088;0464/553088;riva1@pec.provincia.tn.it;dir.riva1@scuole.provincia.tn.it;segr.riva1@scuole.provincia.tn.it;https://www.riva1.it;TNEE841013
"ISTITUTO COMPRENSIVO PERGINE 2 ""C. Freinet""";"SCUOLA PRIMARIA ""G. RODARI"" PERGINE VALSUGANA";;"A carattere statale/provinciale";"STEFANO MORELATO";;;"Via Chimelli, 10 38057";"PERGINE VALSUGANA";0461/512312;0461/530043;ic.pergine2@pec.provincia.tn.it;dir.freinet@scuole.provincia.tn.it;segr.freinet@scuole.provincia.tn.it;https://www.icpergine2.it;TNEE81501E
"LICEO ""A. Rosmini"" - ROVERETO";"LICEO LINGUISTICO";;"A carattere statale/provinciale";"PAOLO PENDENZA";;;"Corso Bettini, 86 38068";ROVERETO;0464/437700;0464/420025;rosmini.rovereto@pec.provincia.tn.it;dir.liceorosmini@scuole.provincia.tn.it;segr.liceorosmini@scuole.provincia.tn.it;https://www.liceorosmini.eu;TNPC02000A
"ISTITUTO COMPRENSIVO CEMBRA";"SCUOLA PRIMARIA ""DON L. MILANI"" LASES";;"A carattere statale/provinciale";"STEFANO CHESINI";;;"Via Principale, 43 38040";LONA-LASES;0461/683006;0461/682166;ic.cembra@pec.provincia.tn.it;dir.cembra@scuole.provincia.tn.it;segr.cembra@scuole.provincia.tn.it;https://www.iccembra.it;TNEE82206V
"ISTITUTO TECNICO ECONOMICO E TECNOLOGICO ""C.A. Pilati"" - CLES";"ISTITUTO TECNICO PER IL SETTORE ECONOMICO SERALE";;"A carattere statale/provinciale";"ALFREDO ROMANTINI";;;"Via IV Novembre, 35 38023";CLES;0463/421695;0463/421477;pilati@pec.provincia.tn.it;dir.itetpilati@scuole.provincia.tn.it;segr.itetpilati@scuole.provincia.tn.it;https://www.istitutopilati.it;TNTD10050A
"ISTITUTO COMPRENSIVO MEZZOCORONA";"SCUOLA PRIMARIA ""A. DEGASPERI"" MEZZOCORONA";;"A carattere statale/provinciale";"PAOLA SIGMUND";;;"Via Dante, 9 38016";MEZZOCORONA;0461/605409;0461/605142;ic.mezzocorona@pec.provincia.tn.it;dir.ic.mezzocorona@scuole.provincia.tn.it;segr.ic.mezzocorona@scuole.provincia.tn.it;https://www.icmezzocorona.it;TNEE82304L
"ISTITUTO COMPRENSIVO CIVEZZANO";"SCUOLA PRIMARIA ""A. GIRARDI"" FORNACE";;"A carattere statale/provinciale";"VENERA MUNAFO'";;;"Via Dei Mori, 2 38040";FORNACE;0461/858485;0461/858901;ic.civezzano@pec.provincia.tn.it;dir.i.c.civezzano@scuole.provincia.tn.it;segr.i.c.civezzano@scuole.provincia.tn.it;https://www.iccivezzano.eu;TNEE817038
"ISTITUTO COMPRENSIVO GIUDICARIE ESTERIORI";"SCUOLA PRIMARIA RANGO BLEGGIO SUPERIORE";;"A carattere statale/provinciale";"BRUNO GENTILINI";;;"Frazione Rango,   38071";"BLEGGIO SUPERIORE";0465/701472;0465/702452;ic.giudicarieesteriori@pec.provincia.tn.it;dir.ic.pontearche@scuole.provincia.tn.it;segr.ic.pontearche@scuole.provincia.tn.it;https://www.giudicariescuola.it;TNEE83702C
"ISTITUTO DI ISTRUZIONE ""M. Martini"" - MEZZOLOMBARDO";"LICEO SCIENTIFICO OPZIONE SCIENZE APPLICATE";;"A carattere statale/provinciale";"VALENTINA ZANOLLA";;;"Via Perlasca, 4 38017";MEZZOLOMBARDO;0461/601122;0461/601470;martini@pec.provincia.tn.it;dir.martini.mezzolombardo@scuole.provincia.tn.it;segr.martini.mezzolombardo@scuole.provincia.tn.it;https://www.martinomartini.eu;TNPS00301R
"ISTITUTO COMPRENSIVO MEZZOLOMBARDO - PAGANELLA";"SCUOLA PRIMARIA ""Don L. Rossi"" FAI DELLA PAGANELLA";;"A carattere statale/provinciale";"CINZIA CASNA";;;"Via Villa, 21 38010";"FAI DELLA PAGANELLA";0461/601125;0461/601125;ic.mezzolombardo@pec.provincia.tn.it;dir.ic.mezzolombardo@scuole.provincia.tn.it;segr.ic.mezzolombardo@scuole.provincia.tn.it;https://icmezzolombardopaganella.edu.it;TNEE82405D
"ISTITUTO COMPRENSIVO CIVEZZANO";"SCUOLA SECONDARIA DI PRIMO GRADO ALBIANO";;"A carattere statale/provinciale";"VENERA MUNAFO'";;;"Via Manzoni, 10 38041";ALBIANO;0461/858485;0461/858901;ic.civezzano@pec.provincia.tn.it;dir.i.c.civezzano@scuole.provincia.tn.it;segr.i.c.civezzano@scuole.provincia.tn.it;https://www.iccivezzano.eu;TNMM817026
"ISTITUTO COMPRENSIVO CAVALESE";"SCUOLA PRIMARIA MOLINA DI FIEMME";;"A carattere statale/provinciale";"ROBERTO TROLLI";;;"Via Segherie, 64/B 38030";"CASTELLO-MOLINA DI FIEMME";0462/340314;0462/342294;ic.cavalese@pec.provincia.tn.it;dir.cavalese@scuole.provincia.tn.it;segr.cavalese@scuole.provincia.tn.it;https://www.iccavalese.it;TNEE80904A
"ISTITUTO DI ISTRUZIONE ""M. Martini"" - MEZZOLOMBARDO";"ISTITUTO TECNICO PER IL SETTORE TECNOLOGICO";;"A carattere statale/provinciale";"VALENTINA ZANOLLA";;;"Via Perlasca, 4 38017";MEZZOLOMBARDO;0461/601122;0461/601470;martini@pec.provincia.tn.it;dir.martini.mezzolombardo@scuole.provincia.tn.it;segr.martini.mezzolombardo@scuole.provincia.tn.it;https://www.martinomartini.eu;TNTD00301L
"ISTITUTO COMPRENSIVO ROVERETO EST";"SCUOLA PRIMARIA ""N. VALDUGA"" TERRAGNOLO";;"A carattere statale/provinciale";"MICHELE ROSA";;;"Frazione Piazza di Terragnolo, 18 38060";TERRAGNOLO;0464/433709;0464/450456;ic.roveretoest@pec.provincia.tn.it;dir.ic.roveretoest@scuole.provincia.tn.it;segr.ic.roveretoest@scuole.provincia.tn.it;https://www.roveretoest.it;TNEE85304C
"ISTITUTO COMPRENSIVO TAIO";"SCUOLA SECONDARIA DI PRIMO GRADO ""F. BARBACOVI"" COREDO";;"A carattere statale/provinciale";"MAURA ZINI";;;"Via delle Scuole - Coredo,  6 38012";PREDAIA;0463/468193;0463/467616;ic.taio@pec.provincia.tn.it;dir.ictaio@scuole.provincia.tn.it;segr.ictaio@scuole.provincia.tn.it;https://www.ictaio.it;TNMM826021
"COLLEGIO ARCIVESCOVILE C.ENDRICI - TRENTO";"ISTITUTO TECNICO PER IL SETTORE ECONOMICO";;Paritaria/equiparata;"CHRISTIAN BONAZZA";"BRUNO DAVES";;"Via Monsignor  Endrici, 23 38122";TRENTO;0461/1731200;0461/1731288;collegioarcivescovile@pec.it;collegioarcivescovile@arcivescoviletrento.it;didatticatn@arcivescoviletrento.it;https://www.arcivescoviletrento.it;TNTD37500F
"ISTITUTO COMPRENSIVO RIVA 1";"SCUOLA SECONDARIA DI PRIMO GRADO ""D. CHIESA"" RIVA DEL GARDA";;"A carattere statale/provinciale";"PAOLA BORTOLOTTI";;;"Viale Damiano Chiesa, 10 38066";"RIVA DEL GARDA";0464/553088;0464/553088;riva1@pec.provincia.tn.it;dir.riva1@scuole.provincia.tn.it;segr.riva1@scuole.provincia.tn.it;https://www.riva1.it;TNMM841012
"ISTITUTO DI ISTRUZIONE ""A. Degasperi"" - BORGO VALSUGANA";"ISTITUTO TECNICO PER IL SETTORE TECNOLOGICO";;"A carattere statale/provinciale";"GIULIO BERTOLDI";;;"Via XXIV Maggio, 7 38051";"BORGO VALSUGANA";0461/753647;0461/753364;degasperi@pec.provincia.tn.it;dir.istalcidedegasperi@scuole.provincia.tn.it;segr.istalcidedegasperi@scuole.provincia.tn.it;https://www.istalcidedegasperi.it;TNTD00201R
"ISTITUTO COMPRENSIVO STRIGNO E TESINO";"SCUOLA PRIMARIA STRIGNO";;"A carattere statale/provinciale";"GIULIANA SIGHEL";;;"Piazza IV Novembre - Strigno, 12/A 38059";"CASTEL IVANO";0461/762046;0461/763409;ic.strignotesino@pec.provincia.tn.it;dir.ic.strignoetesino@scuole.provincia.tn.it;segr.ic.strignoetesino@scuole.provincia.tn.it;https://www.icstrignoetesino.it;TNEE80106T
"ISTITUTO COMPRENSIVO VALLE DEI LAGHI - DRO";"SCUOLA PRIMARIA PIETRAMURATA";;"A carattere statale/provinciale";"ALESSANDRO FABRIS";;;"Piazza Mercato,   38074";DRO;0461/864026;0461/340648;ic.valledeilaghi@pec.provincia.tn.it;dir.ic.valledeilaghi@scuole.provincia.tn.it;segr.ic.valledeilaghi@scuole.provincia.tn.it;https://www.icvalledeilaghidro.it;TNEE844101
"ISTITUTO SALESIANO MARIA AUSILIATRICE - TRENTO";"SCUOLA SECONDARIA DI PRIMO GRADO MARIA AUSILIATRICE TRENTO";;Paritaria/equiparata;"LARA PISETTA";;;"Via Barbacovi, 22 38122";TRENTO;0461/885555;;sdbtrento@pcert.postecert.it;;segreteria@sdbtrento.it;https://www.sdbtrento.it;TN1M00500B
"ISTITUTO DI ISTRUZIONE ""L. Guetti"" - TIONE DI TRENTO";"LICEO SCIENTIFICO";;"A carattere statale/provinciale";"RENATO PAOLI";;;"Via Durone, 53 38079";"TIONE DI TRENTO";0465/321735;0465/322811;guetti@pec.provincia.tn.it;dir.guetti@scuole.provincia.tn.it;segr.guetti@scuole.provincia.tn.it;https://www.guetti.tn.it;TNPS007014
"ISTITUTO COMPRENSIVO CENTRO VALSUGANA";"SCUOLA PRIMARIA RONCHI VALSUGANA";;"A carattere statale/provinciale";"LOREDANA MONTANARO";;;"Via Marchi, 14 38050";"RONCHI VALSUGANA";0461/764581;0461/771046;ic.centrovalsugana@pec.provincia.tn.it;dir.ic.centrovalsugana@scuole.provincia.tn.it;segr.ic.centrovalsugana@scuole.provincia.tn.it;https://www.iccentrovalsugana.it;TNEE813109
"ISTITUTO COMPRENSIVO RIVA 1";"SCUOLA PRIMARIA S. ALESSANDRO RIVA DEL GARDA";;"A carattere statale/provinciale";"PAOLA BORTOLOTTI";;;"Via S Alessandro, 11 38066";"RIVA DEL GARDA";0464/553088;0464/553088;riva1@pec.provincia.tn.it;dir.riva1@scuole.provincia.tn.it;segr.riva1@scuole.provincia.tn.it;https://www.riva1.it;TNEE841057
"ISTITUTO COMPRENSIVO LAVIS";"SCUOLA PRIMARIA PRESSANO LAVIS";;"A carattere statale/provinciale";"FRANCESCA LASARACINA";;;"Via Pilati, 31 38015";LAVIS;0461/246535;0461/242955;ic.lavis@pec.provincia.tn.it;dir.ic.lavis@scuole.provincia.tn.it;segr.ic.lavis@scuole.provincia.tn.it;https://www.iclavis.it;TNEE825026
"ISTITUTO DI ISTRUZIONE ""L. Guetti"" - TIONE DI TRENTO";"EDUCAZIONE PER ADULTI RELATIVA AL PRIMO CICLO";;"A carattere statale/provinciale";"RENATO PAOLI";;;"Via Durone, 53 38079";"TIONE DI TRENTO";0465/321735;0465/322811;guetti@pec.provincia.tn.it;dir.guetti@scuole.provincia.tn.it;segr.guetti@scuole.provincia.tn.it;https://www.guetti.tn.it;TNCT711002
"ISTITUTO COMPRENSIVO BASSA ANAUNIA - TUENNO";"SCUOLA PRIMARIA TASSULLO";;"A carattere statale/provinciale";"LICIA CAMPI";;;"Piazza Pilati - Tassullo, 6 38019";"VILLE D'ANAUNIA";0461/655783;0461/655783;ic.bassaanaunia@pec.provincia.tn.it;dir.ic.bassaanauniatuenno@scuole.provincia.tn.it;segr.ic.denno@scuole.provincia.tn.it;https://www.icbassaanauniatuenno.it;TNEE82908Q
"ISTITUTO COMPRENSIVO DI SCUOLA PRIMARIA E SECONDARIA DI PRIMIERO";;"Istituzione scolastica e formativa";"A carattere statale/provinciale";"MARIA PRODI";;;"Via Delle Fonti - Transacqua, 10 38054";"PRIMIERO SAN MARTINO DI CASTROZZA";0439/62435;0439/762466;ic.primiero@pec.provincia.tn.it;dir.icprimiero@scuole.provincia.tn.it;segr.icprimiero@scuole.provincia.tn.it;https://www.scuoleprimiero.it;TNIC810009
"ISTITUTO COMPRENSIVO RIVA 2 ""L. Pizzini""";"SCUOLA SECONDARIA DI PRIMO GRADO ""S. SIGHELE"" RIVA DEL GARDA";;"A carattere statale/provinciale";"MAURIZIO CAPRONI";;;"Piazza Contini, 8 38066";"RIVA DEL GARDA";0464/552170;0464/520789;ic.riva2@pec.provincia.tn.it;dir.ic.riva2@scuole.provincia.tn.it;segr.ic.riva2@scuole.provincia.tn.it;https://www.riva2.it;TNMM84201T
"ISTITUTO COMPRENSIVO VALLE DEI LAGHI - DRO";"SCUOLA PRIMARIA CAVEDINE";;"A carattere statale/provinciale";"ALESSANDRO FABRIS";;;"Via Don Negri, 21 38073";CAVEDINE;0461/864026;0461/340648;ic.valledeilaghi@pec.provincia.tn.it;dir.ic.valledeilaghi@scuole.provincia.tn.it;segr.ic.valledeilaghi@scuole.provincia.tn.it;https://www.icvalledeilaghidro.it;TNEE84406Q
"ISTITUTO COMPRENSIVO PERGINE 1";"SCUOLA SECONDARIA DI PRIMO GRADO ""C. ANDREATTA"" PERGINE VALSUGANA";;"A carattere statale/provinciale";"DANIELA FRUET";;;"Via Caduti, 39 38057";"PERGINE VALSUGANA";0461/532261;0461/533167;ic.pergine1@pec.provincia.tn.it;dir.ic.pergine1@scuole.provincia.tn.it;segr.ic.pergine1@scuole.provincia.tn.it;https://www.icpergine1.it/;TNMM81401N
"COOPERATIVA SOCIALE SACRA FAMIGLIA ONLUS";"SCUOLA PRIMARIA SACRA FAMIGLIA TRENTO";;Paritaria/equiparata;"MARCELLO SOTTOPIETRA";;;"Via Della Saluga, 7 38121";TRENTO;0461/080041;;cooperativasacrafamiglia@pec.it;segreteria@sacrafamigliatrento.it;segreteria@sacrafamigliatrento.it;https://www.sacrafamigliatrento.it;TN1E005006
"ISTITUTO COMPRENSIVO MEZZOCORONA";"SCUOLA PRIMARIA ""F. BIASI"" S.MICHELE ALL'ADIGE";;"A carattere statale/provinciale";"PAOLA SIGMUND";;;"Via Biasi, 1 38010";"SAN MICHELE ALL'ADIGE";0461/605409;0461/605142;ic.mezzocorona@pec.provincia.tn.it;dir.ic.mezzocorona@scuole.provincia.tn.it;segr.ic.mezzocorona@scuole.provincia.tn.it;https://www.icmezzocorona.it;TNEE82302E
"ISTITUTO COMPRENSIVO ALTA VAL DI SOLE";"SCUOLA PRIMARIA COGOLO DI PEIO";;"A carattere statale/provinciale";"FRANCO VANIN";;;"Via Rosmini, 6 38024";PEIO;0463/754498;0463/750043;ic.altavaldisole@pec.provincia.tn.it;dir.icaltavaldisole@scuole.provincia.tn.it;segr.icaltavaldisole@scuole.provincia.tn.it;https://www.icaltavaldisole.it;TNEE83204B
"ISTITUTO COMPRENSIVO VALLE DEI LAGHI - DRO";"SCUOLA PRIMARIA SARCHE CALAVINO";;"A carattere statale/provinciale";"ALESSANDRO FABRIS";;;"Via Caffaro - Sarche - Calavino, 2 38076";MADRUZZO;0461/864026;0461/340648;ic.valledeilaghi@pec.provincia.tn.it;dir.ic.valledeilaghi@scuole.provincia.tn.it;segr.ic.valledeilaghi@scuole.provincia.tn.it;https://www.icvalledeilaghidro.it;TNEE84401E
"ISTITUTO COMPRENSIVO LEVICO TERME";"SCUOLA SECONDARIA DI PRIMO GRADO ""G. B. DE GASPARIS"" LEVICO TERME";;"A carattere statale/provinciale";"EZIO MONTIBELLER";;;"Via della Pace, 5 38056";"LEVICO TERME";0461/706146;0461/706099;ic.levicoterme@pec.provincia.tn.it;dir.ic.levico@scuole.provincia.tn.it;segr.ic.levico@scuole.provincia.tn.it;https://www.iclevico.eu;TNMM818011
"ISTITUTO COMPRENSIVO ALTA VAL DI SOLE";;"Istituzione scolastica e formativa";"A carattere statale/provinciale";"FRANCO VANIN";;;"Via S Michele, 11 38026";OSSANA;0463/751129;0463/750043;ic.altavaldisole@pec.provincia.tn.it;dir.icaltavaldisole@scuole.provincia.tn.it;segr.icaltavaldisole@scuole.provincia.tn.it;https://www.icaltavaldisole.it;TNIC832006
"SOCIETA' COOPERATIVA A R.L. ""I. DE CARNERI"" OXFORD CIVEZZANO";"ISTITUTO TECNICO PER IL SETTORE TECNOLOGICO";;Paritaria/equiparata;"GIOVANNI SCALFI";"CLAUDIO MARCH";;"Via Murialdo, 30 38045";CIVEZZANO;0461/857003;0461/857284;oxford@pec.cooperazionetrentina.it;;info@istitutodecarneri.it;https://www.istitutodecarneri.it;TNTE045005
"ISTITUTO DI ISTRUZIONE ""La Rosa Bianca"" - CAVALESE";"ISTITUTO TECNICO PER IL SETTORE TECNOLOGICO";;"A carattere statale/provinciale";"MARCO FELICETTI";;;"Via Gandhi, 1 38033";CAVALESE;0462/341449;0462/248071;weisserose@pec.provincia.tn.it;dir.iicavalese@scuole.provincia.tn.it;segr.iicavalese@scuole.provincia.tn.it;https://www.scuolefiemme.tn.it;TNTL00101B
"ISTITUTO COMPRENSIVO CAVALESE";"SCUOLA SECONDARIA DI PRIMO GRADO ""G. SEGANTINI"" CAVALESE";;"A carattere statale/provinciale";"ROBERTO TROLLI";;;"Piazza Verdi, 6 38033";CAVALESE;0462/340314;0462/342294;ic.cavalese@pec.provincia.tn.it;dir.cavalese@scuole.provincia.tn.it;segr.cavalese@scuole.provincia.tn.it;https://www.iccavalese.it;TNMM809016
"LICEO ""A. Rosmini"" - ROVERETO";;"Istituzione scolastica e formativa";"A carattere statale/provinciale";"PAOLO PENDENZA";;;"Corso Bettini, 86 38068";ROVERETO;0464/437700;0464/420025;rosmini.rovereto@pec.provincia.tn.it;dir.liceorosmini@scuole.provincia.tn.it;segr.liceorosmini@scuole.provincia.tn.it;https://www.liceorosmini.eu;TNPC02000A
"ISTITUTO COMPRENSIVO PERGINE 2 ""C. Freinet""";;"Istituzione scolastica e formativa";"A carattere statale/provinciale";"STEFANO MORELATO";;;"Via Amstetten, 4 38057";"PERGINE VALSUGANA";0461/512312;0461/530043;ic.pergine2@pec.provincia.tn.it;dir.freinet@scuole.provincia.tn.it;segr.freinet@scuole.provincia.tn.it;https://www.icpergine2.it;TNIC81500C
"ISTITUTO COMPRENSIVO STRIGNO E TESINO";"SCUOLA SECONDARIA DI PRIMO GRADO CASTELLO TESINO";;"A carattere statale/provinciale";"GIULIANA SIGHEL";;;"Via Battisti, 2 38053";"CASTELLO TESINO";0461/762046;0461/763409;ic.strignotesino@pec.provincia.tn.it;dir.ic.strignoetesino@scuole.provincia.tn.it;segr.ic.strignoetesino@scuole.provincia.tn.it;https://www.icstrignoetesino.it;TNMM80101G
"ISTITUTO DI ISTRUZIONE ""M. Curie"" - PERGINE VALSUGANA";"LICEO DELLE SCIENZE UMANE";;"A carattere statale/provinciale";"TIZIANA GULLI";;;"Via S Pietro, 4 38057";"PERGINE VALSUGANA";0461/511397;0461/531743;curie@pec.provincia.tn.it;dir.curie.pergine@scuole.provincia.tn.it;segr.curie.pergine@scuole.provincia.tn.it;https://www.curiepergine.it;TNPS00401L
"ISTITUTO COMPRENSIVO DEL CHIESE ""Don L. Milani""";"SCUOLA PRIMARIA ""PADRE C. GNESOTTI"" STORO";;"A carattere statale/provinciale";"ROMEO COLLINI";;;"Via Papaleoni, 5 38089";STORO;0465/686039;0465/687076;ic.chiese-storo@pec.provincia.tn.it;dir.ic.chiese@scuole.provincia.tn.it;segr.ic.chiese@scuole.provincia.tn.it;https://www.istitutodelchiese.it;TNEE83804A
"ISTITUTO COMPRENSIVO BASSA ANAUNIA - TUENNO";"SCUOLA PRIMARIA FLAVON";;"A carattere statale/provinciale";"LICIA CAMPI";;;"Via Nazionale - Flavon,   38010";CONTÁ;0461/655783;0461/655783;ic.bassaanaunia@pec.provincia.tn.it;dir.ic.bassaanauniatuenno@scuole.provincia.tn.it;segr.ic.denno@scuole.provincia.tn.it;https://www.icbassaanauniatuenno.it;TNEE82906N
"ISTITUTO COMPRENSIVO RIVA 1";"SCUOLA PRIMARIA NAGO TORBOLE";;"A carattere statale/provinciale";"PAOLA BORTOLOTTI";;;"Via De Bonetti,   38069";NAGO-TORBOLE;0464/553088;0464/553088;riva1@pec.provincia.tn.it;dir.riva1@scuole.provincia.tn.it;segr.riva1@scuole.provincia.tn.it;https://www.riva1.it;TNEE841035
"ISTITUTO COMPRENSIVO CLES ""B. Clesio""";"SCUOLA PRIMARIA ""O.Focherini M.Marchesi"" MIONE RUMO";;"A carattere statale/provinciale";"MASSIMO GABURRO";;;"Via di Ronco - Mione, 17 38020";RUMO;0463/421457;0463/424830;ic.cles@pec.provincia.tn.it;dir.ic.cles@scuole.provincia.tn.it;segr.ic.cles@scuole.provincia.tn.it;https://www.iccles.it;TNEE83103E
"ISTITUTO COMPRENSIVO GIUDICARIE ESTERIORI";;"Istituzione scolastica e formativa";"A carattere statale/provinciale";"BRUNO GENTILINI";;;"Via S Giovanni Bosco - Ponte Arche - Bleggio Inferiore, 14 38070";"COMANO TERME";0465/701472;0465/702452;ic.giudicarieesteriori@pec.provincia.tn.it;dir.ic.pontearche@scuole.provincia.tn.it;segr.ic.pontearche@scuole.provincia.tn.it;https://www.giudicariescuola.it;TNIC837009
"ISTITUTO DI ISTRUZIONE ""A. Degasperi"" - BORGO VALSUGANA";"LICEO SCIENTIFICO";;"A carattere statale/provinciale";"GIULIO BERTOLDI";;;"Via XXIV Maggio, 7 38051";"BORGO VALSUGANA";0461/753647;0461/753364;degasperi@pec.provincia.tn.it;dir.istalcidedegasperi@scuole.provincia.tn.it;segr.istalcidedegasperi@scuole.provincia.tn.it;https://www.istalcidedegasperi.it;TNPS002011
"LICEO ""A. Rosmini"" - ROVERETO";"LICEO SCIENTIFICO OPZIONE SCIENZE APPLICATE";;"A carattere statale/provinciale";"PAOLO PENDENZA";;;"Corso Bettini, 86 38068";ROVERETO;0464/437700;0464/420025;rosmini.rovereto@pec.provincia.tn.it;dir.liceorosmini@scuole.provincia.tn.it;segr.liceorosmini@scuole.provincia.tn.it;https://www.liceorosmini.eu;TNPC02000A
"ISTITUTO COMPRENSIVO PERGINE 1";"SCUOLA PRIMARIA CANEZZA";;"A carattere statale/provinciale";"DANIELA FRUET";;;"Via Delle Scuole, 4 38057";"PERGINE VALSUGANA";0461/532261;0461/533167;ic.pergine1@pec.provincia.tn.it;dir.ic.pergine1@scuole.provincia.tn.it;segr.ic.pergine1@scuole.provincia.tn.it;https://www.icpergine1.it/;TNEE81403R
"Centro Formazione Professionale Opera Armida Barelli - Levico";"SETTORE SERVIZI";;Paritaria/equiparata;"BERNARDO ZANONER";"MICHELE LINARDI";;"Viale Roma, 61 38056";"LEVICO TERME";0461/706145;0461/701940;cfplevico@pec.operaarmidabarelli.org;;cfplevico@operaarmidabarelli.org;https://www.operaarmidabarelli.org;TNFP272STA
"ISTITUTO COMPRENSIVO PERGINE 1";"SCUOLA PRIMARIA S.FELICE FIEROZZO";;"A carattere statale/provinciale";"DANIELA FRUET";;;"Maso Ronca, 1 38050";"FIEROZZO - VLARÖTZ";0461/532261;0461/533167;ic.pergine1@pec.provincia.tn.it;dir.ic.pergine1@scuole.provincia.tn.it;segr.ic.pergine1@scuole.provincia.tn.it;https://www.icpergine1.it/;TNEE81401P
"ISTITUTO COMPRENSIVO MEZZOLOMBARDO - PAGANELLA";"SCUOLA PRIMARIA ANDALO";;"A carattere statale/provinciale";"CINZIA CASNA";;;"Piazza S Vito, 1 38010";ANDALO;0461/601125;0461/601125;ic.mezzolombardo@pec.provincia.tn.it;dir.ic.mezzolombardo@scuole.provincia.tn.it;segr.ic.mezzolombardo@scuole.provincia.tn.it;https://icmezzolombardopaganella.edu.it;TNEE82406E
"ISTITUTO COMPRENSIVO CLES ""B. Clesio""";"SCUOLA SECONDARIA DI PRIMO GRADO ""V. Inama"" CLES";;"A carattere statale/provinciale";"MASSIMO GABURRO";;;"Via Chini, 31 38023";CLES;0463/421457;0463/424830;ic.cles@pec.provincia.tn.it;dir.ic.cles@scuole.provincia.tn.it;segr.ic.cles@scuole.provincia.tn.it;https://www.iccles.it;TNMM83101B
"ISTITUTO COMPRENSIVO STRIGNO E TESINO";"SCUOLA PRIMARIA ""A. DEGASPERI"" PIEVE TESINO";;"A carattere statale/provinciale";"GIULIANA SIGHEL";;;"Via Brigata Abruzzi, 6 38050";"PIEVE TESINO";0461/762046;0461/763409;ic.strignotesino@pec.provincia.tn.it;dir.ic.strignoetesino@scuole.provincia.tn.it;segr.ic.strignoetesino@scuole.provincia.tn.it;https://www.icstrignoetesino.it;TNEE80102N
"ISTITUTO COMPRENSIVO DEL CHIESE ""Don L. Milani""";;"Istituzione scolastica e formativa";"A carattere statale/provinciale";"ROMEO COLLINI";;;"Via Papaleoni, 5 38089";STORO;0465/686039;0465/687076;ic.chiese-storo@pec.provincia.tn.it;dir.ic.chiese@scuole.provincia.tn.it;segr.ic.chiese@scuole.provincia.tn.it;https://www.istitutodelchiese.it;TNIC838005
"SOCIETA' COOPERATIVA A R.L. ""I. DE CARNERI"" OXFORD CIVEZZANO";"SETTORE SERVIZI";;Paritaria/equiparata;"GIOVANNI SCALFI";"CLAUDIO MARCH";;"Via Murialdo, 30 38045";CIVEZZANO;0461/857003;0461/857284;oxford@pec.cooperazionetrentina.it;;info@istitutodecarneri.it;https://www.istitutodecarneri.it;TNFP269STA
"ISTITUTO COMPRENSIVO ALTA VAL DI SOLE";"SCUOLA PRIMARIA COMMEZZADURA";;"A carattere statale/provinciale";"FRANCO VANIN";;;"Via Del Comun, 5 38020";COMMEZZADURA;0463/751129;0463/750043;ic.altavaldisole@pec.provincia.tn.it;dir.icaltavaldisole@scuole.provincia.tn.it;segr.icaltavaldisole@scuole.provincia.tn.it;https://www.icaltavaldisole.it;TNEE83208G
"LICEO SCIENTIFICO ""G. Galilei"" - TRENTO";;"Istituzione scolastica e formativa";"A carattere statale/provinciale";"ELENA RUGGIERI";;;"Viale Bolognini, 88 38122";TRENTO;0461/913479;0461/913367;galilei@pec.provincia.tn.it;dir.liceogalilei@scuole.provincia.tn.it;segr.liceogalilei@scuole.provincia.tn.it;https://www.lsgalilei.org/;TNPS01000V
"ISTITUTO COMPRENSIVO ALDENO MATTARELLO";"SCUOLA PRIMARIA CIMONE";;"A carattere statale/provinciale";"MICHELE RUELE";;;"Frazione Petrolli, 37 38060";CIMONE;0461/855215;0464/946007;ic.aldeno-mattarello@pec.provincia.tn.it;dir.aldeno.mattarello@scuole.provincia.tn.it;segr.aldeno.mattarello@scuole.provincia.tn.it;https://www.icaldenomattarello.it;TNEE82103X
"ISTITUTO COMPRENSIVO TRENTO 6";"SCUOLA PRIMARIA ""A. SCHMID"" CRISTO RE TRENTO";;"A carattere statale/provinciale";"CHIARA GHETTA";;;"Via Schmid, 4 38121";TRENTO;0461/236214;0461/230583;ic.trento6@pec.provincia.tn.it;dir.ic.tn6@scuole.provincia.tn.it;segr.ic.tn6@scuole.provincia.tn.it;https://www.ictrento6.it;TNEE85802D
"ISTITUTO COMPRENSIVO ALA ""Antonio Bresciani""";"SCUOLA PRIMARIA ""A. BETTA"" ALA";;"A carattere statale/provinciale";"MAURA MAINO";;;"Via Betta, 9 38061";ALA;0464/671027;0464/674138;ic.ala@pec.provincia.tn.it;dir.ic.ala@scuole.provincia.tn.it;segr.ic.ala@scuole.provincia.tn.it;https://www.istitutocomprensivoala.it;TNEE84801T
"ISTITUTO DI ISTRUZIONE ""La Rosa Bianca"" - CAVALESE";"ISTITUTO TECNICO PER IL SETTORE ECONOMICO - PREDAZZO";;"A carattere statale/provinciale";"MARCO FELICETTI";;;"Corso Degasperi, 14 38037";PREDAZZO;0462/341449;0462/248071;weisserose@pec.provincia.tn.it;dir.iicavalese@scuole.provincia.tn.it;segr.iicavalese@scuole.provincia.tn.it;https://www.scuolefiemme.tn.it;TNTD001011
"ISTITUTO COMPRENSIVO TRENTO 2 ""J. A. Comenius""";;"Istituzione scolastica e formativa";"A carattere statale/provinciale";"CARLO ZANETTI";;;"Via Ponte Alto, 2/1 38121";TRENTO;0461/982113;0461/237554;ic.comenius@pec.provincia.tn.it;dir.ictn2@scuole.provincia.tn.it;segr.ictn2@scuole.provincia.tn.it;https://www.icomenius.it;TNIC82000X
"ISTITUTO DI ISTRUZIONE ""A. Degasperi"" - BORGO VALSUGANA";"ISTITUTO TECNICO PER IL SETTORE TECNOLOGICO SERALE";;"A carattere statale/provinciale";"GIULIO BERTOLDI";;;"Via XXIV Maggio, 7 38051";"BORGO VALSUGANA";0461/753647;0461/753364;degasperi@pec.provincia.tn.it;dir.istalcidedegasperi@scuole.provincia.tn.it;segr.istalcidedegasperi@scuole.provincia.tn.it;https://www.istalcidedegasperi.it;TNTD002505
"ISTITUTO TECNICO ECONOMICO E TECNOLOGICO ""G. Floriani"" - RIVA DEL GARDA";"ISTITUTO TECNICO PER IL SETTORE TECNOLOGICO";;"A carattere statale/provinciale";"PAOLO CHINCARINI";;;"Viale Dei Tigli, 43 38066";"RIVA DEL GARDA";0464/578511;0464/578555;floriani@pec.provincia.tn.it;dir.istitutofloriani@scuole.provincia.tn.it;segr.istitutofloriani@scuole.provincia.tn.it;https://www.g-floriani.it;TNTD00801Q
"ISTITUTO COMPRENSIVO VILLA LAGARINA";"SCUOLA PRIMARIA ""L. VICENTINI"" NOMI";;"A carattere statale/provinciale";"TIZIANA CHEMOTTI";;;"Via Romani, 12 38060";NOMI;0464/411312;0464/411705;ic.villalagarina@pec.provincia.tn.it;dir.ic.villalagarina@scuole.provincia.tn.it;segr.ic.villalagarina@scuole.provincia.tn.it;https://www.icvillalagarina.it;TNEE84606B
"ISTITUTO COMPRENSIVO DI SCUOLA PRIMARIA E SECONDARIA DI PRIMIERO";"SCUOLA PRIMARIA ""F. LOSS"" CANAL SAN BOVO";;"A carattere statale/provinciale";"MARIA PRODI";;;"Localita Lausen, 14 38050";"CANAL SAN BOVO";0439/62435;0439/762466;ic.primiero@pec.provincia.tn.it;dir.icprimiero@scuole.provincia.tn.it;segr.icprimiero@scuole.provincia.tn.it;https://www.scuoleprimiero.it;TNEE81001B
"ISTITUTO COMPRENSIVO RIVA 2 ""L. Pizzini""";;"Istituzione scolastica e formativa";"A carattere statale/provinciale";"MAURIZIO CAPRONI";;;"Piazza Contini, 8 38066";"RIVA DEL GARDA";0464/552170;0464/520789;ic.riva2@pec.provincia.tn.it;dir.ic.riva2@scuole.provincia.tn.it;segr.ic.riva2@scuole.provincia.tn.it;https://www.riva2.it;TNIC84200R
"ISTITUTO COMPRENSIVO LAVIS";"SCUOLA PRIMARIA ""A. FRANK"" ZAMBANA";;"A carattere statale/provinciale";"FRANCESCA LASARACINA";;;"Piazza SS Filippo e Giacomo, 1 38010";"TERRE D'ADIGE";0461/246535;0461/242955;ic.lavis@pec.provincia.tn.it;dir.ic.lavis@scuole.provincia.tn.it;segr.ic.lavis@scuole.provincia.tn.it;https://www.iclavis.it;TNEE825037
"ISTITUTO COMPRENSIVO STRIGNO E TESINO";"SCUOLA PRIMARIA VILLA AGNEDO";;"A carattere statale/provinciale";"GIULIANA SIGHEL";;;"Via Dei Molini - Agnedo, 36 38059";"CASTEL IVANO";0461/762046;0461/763409;ic.strignotesino@pec.provincia.tn.it;dir.ic.strignoetesino@scuole.provincia.tn.it;segr.ic.strignoetesino@scuole.provincia.tn.it;https://www.icstrignoetesino.it;TNEE80107V
"ISTITUTO COMPRENSIVO MEZZOLOMBARDO - PAGANELLA";"SCUOLA SECONDARIA DI PRIMO GRADO SPORMAGGIORE";;"A carattere statale/provinciale";"CINZIA CASNA";;;"Via Alt Spaur, 5 38010";SPORMAGGIORE;0461/601125;0461/601125;ic.mezzolombardo@pec.provincia.tn.it;dir.ic.mezzolombardo@scuole.provincia.tn.it;segr.ic.mezzolombardo@scuole.provincia.tn.it;https://icmezzolombardopaganella.edu.it;TNMM82404B
"ISTITUTO COMPRENSIVO DI SCUOLA PRIMARIA E SECONDARIA DI PRIMIERO";"ISTITUTO TECNICO PER IL SETTORE TECNOLOGICO";;"A carattere statale/provinciale";"MARIA PRODI";;;"Via Delle Fonti - Transacqua, 10 38054";"PRIMIERO SAN MARTINO DI CASTROZZA";0439/62435;0439/762466;ic.primiero@pec.provincia.tn.it;dir.icprimiero@scuole.provincia.tn.it;segr.icprimiero@scuole.provincia.tn.it;https://www.scuoleprimiero.it;TNTD170007
"ISTITUTO DI ISTRUZIONE ""M. Martini"" - MEZZOLOMBARDO";"EDUCAZIONE PER ADULTI RELATIVA AL PRIMO CICLO";;"A carattere statale/provinciale";"VALENTINA ZANOLLA";;;"Via Perlasca, 4 38017";MEZZOLOMBARDO;0461/601122;0461/601470;martini@pec.provincia.tn.it;dir.martini.mezzolombardo@scuole.provincia.tn.it;segr.martini.mezzolombardo@scuole.provincia.tn.it;https://www.martinomartini.eu;TNCT70400V
"ISTITUTO COMPRENSIVO TRENTO 6";;"Istituzione scolastica e formativa";"A carattere statale/provinciale";"CHIARA GHETTA";;;"Corso Buonarroti, 50 38122";TRENTO;0461/236214;0461/230583;ic.trento6@pec.provincia.tn.it;dir.ic.tn6@scuole.provincia.tn.it;segr.ic.tn6@scuole.provincia.tn.it;https://www.ictrento6.it;TNIC85800A
"ISTITUTO COMPRENSIVO MORI";"SCUOLA PRIMARIA RONZO CHIENIS";;"A carattere statale/provinciale";"MASSIMILIANO LATINO";;;"Via Del Car, 38 38060";RONZO-CHIENIS;0464/918669;;ic.mori@pec.provincia.tn.it;dir.ic.mori@scuole.provincia.tn.it;segr.ic.mori@scuole.provincia.tn.it;https://www.icmori.it/;TNEE84903Q
"ISTITUTO COMPRENSIVO TRENTO 2 ""J. A. Comenius""";"SCUOLA SECONDARIA DI PRIMO GRADO ""ARGENTARIO"" TRENTO";;"A carattere statale/provinciale";"CARLO ZANETTI";;;"Via Ponte Alto, 2/1 38121";TRENTO;0461/982113;0461/237554;ic.comenius@pec.provincia.tn.it;dir.ictn2@scuole.provincia.tn.it;segr.ictn2@scuole.provincia.tn.it;https://www.icomenius.it;TNMM820011
"ISTITUTO COMPRENSIVO CAVALESE";;"Istituzione scolastica e formativa";"A carattere statale/provinciale";"ROBERTO TROLLI";;;"Piazza Verdi, 6 38033";CAVALESE;0462/340314;0462/342294;ic.cavalese@pec.provincia.tn.it;dir.cavalese@scuole.provincia.tn.it;segr.cavalese@scuole.provincia.tn.it;https://www.iccavalese.it;TNIC809005
"ISTITUTO COMPRENSIVO VIGOLO VATTARO";"SCUOLA PRIMARIA ""A. FOGAZZARO"" VATTARO";;"A carattere statale/provinciale";"GABRIELLA VITALE";;;"Via Venezia - Bosentino, 12/A 38049";"ALTOPIANO DELLA VIGOLANA";0461/848878;0461/845217;ic.vigolovattaro@pec.provincia.tn.it;dir.vigolovattaro@scuole.provincia.tn.it;segr.vigolovattaro@scuole.provincia.tn.it;https://www.icvigolovattaro.it;TNEE803029
"ISTITUTO COMPRENSIVO DI SCUOLA PRIMARIA E SECONDARIA DI PRIMIERO";"SCUOLA PRIMARIA ""B. ZANETEL"" S.MARTINO DI CASTROZZA";;"A carattere statale/provinciale";"MARIA PRODI";;;"Via Laghetto - San Martino Di Castrozza, 28 38054";"PRIMIERO SAN MARTINO DI CASTROZZA";0439/62435;0439/762466;ic.primiero@pec.provincia.tn.it;dir.icprimiero@scuole.provincia.tn.it;segr.icprimiero@scuole.provincia.tn.it;https://www.scuoleprimiero.it;TNEE81006L
"ISTITUTO DI ISTRUZIONE ""La Rosa Bianca"" - CAVALESE";"LICEO SCIENTIFICO";;"A carattere statale/provinciale";"MARCO FELICETTI";;;"Via Gandhi, 1 38033";CAVALESE;0462/341449;0462/248071;weisserose@pec.provincia.tn.it;dir.iicavalese@scuole.provincia.tn.it;segr.iicavalese@scuole.provincia.tn.it;https://www.scuolefiemme.tn.it;TNPS001015
"ISTITUTO COMPRENSIVO CEMBRA";"SCUOLA PRIMARIA ""P. MARCONI"" FAVER";;"A carattere statale/provinciale";"STEFANO CHESINI";;;"Via Campagna - Faver, 1 38030";ALTAVALLE;0461/683006;0461/682166;ic.cembra@pec.provincia.tn.it;dir.cembra@scuole.provincia.tn.it;segr.cembra@scuole.provincia.tn.it;https://www.iccembra.it;TNEE82202P
"ISTITUTO COMPRENSIVO GIUDICARIE ESTERIORI";"SCUOLA PRIMARIA FIAVE'";;"A carattere statale/provinciale";"BRUNO GENTILINI";;;"Via De Gasperi,   38075";FIAVE';0465/701472;0465/702452;ic.giudicarieesteriori@pec.provincia.tn.it;dir.ic.pontearche@scuole.provincia.tn.it;segr.ic.pontearche@scuole.provincia.tn.it;https://www.giudicariescuola.it;TNEE83703D
"ISTITUTO DI ISTRUZIONE ""A. Degasperi"" - BORGO VALSUGANA";"ISTITUTO TECNICO PER IL SETTORE ECONOMICO";;"A carattere statale/provinciale";"GIULIO BERTOLDI";;;"Via XXIV Maggio, 7 38051";"BORGO VALSUGANA";0461/753647;0461/753364;degasperi@pec.provincia.tn.it;dir.istalcidedegasperi@scuole.provincia.tn.it;segr.istalcidedegasperi@scuole.provincia.tn.it;https://www.istalcidedegasperi.it;TNTD00201R
"ISTITUTO COMPRENSIVO GIUDICARIE ESTERIORI";"SCUOLA SECONDARIA DI PRIMO GRADO ""G. PRATI"" PONTE ARCHE";;"A carattere statale/provinciale";"BRUNO GENTILINI";;;"Via S Giovanni Bosco - Ponte Arche - Bleggio Inferiore, 14 38070";"COMANO TERME";0465/701472;0465/702452;ic.giudicarieesteriori@pec.provincia.tn.it;dir.ic.pontearche@scuole.provincia.tn.it;segr.ic.pontearche@scuole.provincia.tn.it;https://www.giudicariescuola.it;TNMM83701A
"ISTITUTO COMPRENSIVO VALLE DEI LAGHI - DRO";"SCUOLA PRIMARIA TERLAGO";;"A carattere statale/provinciale";"ALESSANDRO FABRIS";;;"Via Degasperi - Terlago, 5 38070";VALLELAGHI;0461/864026;0461/340648;ic.valledeilaghi@pec.provincia.tn.it;dir.ic.valledeilaghi@scuole.provincia.tn.it;segr.ic.valledeilaghi@scuole.provincia.tn.it;https://www.icvalledeilaghidro.it;TNEE84402G
"ISTITUTO COMPRENSIVO PERGINE 2 ""C. Freinet""";"SCUOLA PRIMARIA SUSA'";;"A carattere statale/provinciale";"STEFANO MORELATO";;;"Via Don Sopperra, 61 38057";"PERGINE VALSUGANA";0461/512312;0461/530043;ic.pergine2@pec.provincia.tn.it;dir.freinet@scuole.provincia.tn.it;segr.freinet@scuole.provincia.tn.it;https://www.icpergine2.it;TNEE81503L
"ISTITUTO COMPRENSIVO PERGINE 1";"SCUOLA PRIMARIA ZIVIGNAGO";;"A carattere statale/provinciale";"DANIELA FRUET";;;"Via Dei Spiazzi, 3 38057";"PERGINE VALSUGANA";0461/532261;0461/533167;ic.pergine1@pec.provincia.tn.it;dir.ic.pergine1@scuole.provincia.tn.it;segr.ic.pergine1@scuole.provincia.tn.it;https://www.icpergine1.it/;TNEE814071
"ISTITUTO COMPRENSIVO VILLA LAGARINA";"SCUOLA SECONDARIA DI PRIMO GRADO ""A. FRANK"" VILLA LAGARINA";;"A carattere statale/provinciale";"TIZIANA CHEMOTTI";;;"Via Stockstadt Am Rhein, 3 38060";"VILLA LAGARINA";0464/411312;0464/411705;ic.villalagarina@pec.provincia.tn.it;dir.ic.villalagarina@scuole.provincia.tn.it;segr.ic.villalagarina@scuole.provincia.tn.it;https://www.icvillalagarina.it;TNMM846015
"ISTITUTO COMPRENSIVO CENTRO VALSUGANA";"SCUOLA SECONDARIA DI PRIMO GRADO ""M. POLA"" RONCEGNO TERME";;"A carattere statale/provinciale";"LOREDANA MONTANARO";;;"Via Don Meggio, 2/A 38050";"RONCEGNO TERME";0461/764581;0461/771046;ic.centrovalsugana@pec.provincia.tn.it;dir.ic.centrovalsugana@scuole.provincia.tn.it;segr.ic.centrovalsugana@scuole.provincia.tn.it;https://www.iccentrovalsugana.it;TNMM81302V
"ISTITUTO COMPRENSIVO GIUDICARIE ESTERIORI";"SCUOLA PRIMARIA ""SAN G. BOSCO"" S.LORENZO IN BANALE";;"A carattere statale/provinciale";"BRUNO GENTILINI";;;"Via di Prato - San Lorenzo, 15/A 38078";"SAN LORENZO DORSINO";0465/701472;0465/702452;ic.giudicarieesteriori@pec.provincia.tn.it;dir.ic.pontearche@scuole.provincia.tn.it;segr.ic.pontearche@scuole.provincia.tn.it;https://www.giudicariescuola.it;TNEE83705G
"ISTITUTO TECNICO TECNOLOGICO ""G. Marconi"" - ROVERETO";"ISTITUTO TECNICO PER IL SETTORE TECNOLOGICO";;"A carattere statale/provinciale";"DANIELA DEPENTORI";;;"Via Monti, 1 38068";ROVERETO;0464/411400;0464/419130;marconi@pec.provincia.tn.it;dir.itimarconi@scuole.provincia.tn.it;segr.itimarconi@scuole.provincia.tn.it;https://www.marconirovereto.it;TNTF02000G
"ISTITUTO COMPRENSIVO LAVIS";"SCUOLA SECONDARIA DI PRIMO GRADO ""A. STAINER"" LAVIS";;"A carattere statale/provinciale";"FRANCESCA LASARACINA";;;"Via Sette, 13/A 38015";LAVIS;0461/246535;0461/242955;ic.lavis@pec.provincia.tn.it;dir.ic.lavis@scuole.provincia.tn.it;segr.ic.lavis@scuole.provincia.tn.it;https://www.iclavis.it;TNMM825014
"ISTITUTO DI ISTRUZIONE ""M. Martini"" - MEZZOLOMBARDO";"ISTITUTO TECNICO PER IL SETTORE ECONOMICO";;"A carattere statale/provinciale";"VALENTINA ZANOLLA";;;"Via Perlasca, 4 38017";MEZZOLOMBARDO;0461/601122;0461/601470;martini@pec.provincia.tn.it;dir.martini.mezzolombardo@scuole.provincia.tn.it;segr.martini.mezzolombardo@scuole.provincia.tn.it;https://www.martinomartini.eu;TNTD00301L
"ISTITUTO COMPRENSIVO TRENTO 6";"SCUOLA PRIMARIA CADINE";;"A carattere statale/provinciale";"CHIARA GHETTA";;;"Via di Coltura, 7 38123";TRENTO;0461/236214;0461/230583;ic.trento6@pec.provincia.tn.it;dir.ic.tn6@scuole.provincia.tn.it;segr.ic.tn6@scuole.provincia.tn.it;https://www.ictrento6.it;TNEE85804G
"ISTITUTO TECNICO TECNOLOGICO ""G. Marconi"" - ROVERETO";;"Istituzione scolastica e formativa";"A carattere statale/provinciale";"DANIELA DEPENTORI";;;"Via Monti, 1 38068";ROVERETO;0464/411400;0464/419130;marconi@pec.provincia.tn.it;dir.itimarconi@scuole.provincia.tn.it;segr.itimarconi@scuole.provincia.tn.it;https://www.marconirovereto.it;TNTF02000G
"ISTITUTO COMPRENSIVO PERGINE 2 ""C. Freinet""";"SCUOLA SECONDARIA DI PRIMO GRADO ""T. GARBARI"" PERGINE VALSUGANA";;"A carattere statale/provinciale";"STEFANO MORELATO";;;"Via Amstetten, 4 38057";"PERGINE VALSUGANA";0461/512312;0461/530043;ic.pergine2@pec.provincia.tn.it;dir.freinet@scuole.provincia.tn.it;segr.freinet@scuole.provincia.tn.it;https://www.icpergine2.it;TNMM81501D
"ISTITUTO COMPRENSIVO ALTA VAL DI SOLE";"SCUOLA PRIMARIA PASSO TONALE";;"A carattere statale/provinciale";"FRANCO VANIN";;;"Via Nazionale, 12/C 38029";VERMIGLIO;0364/903859;0463/750043;ic.altavaldisole@pec.provincia.tn.it;dir.icaltavaldisole@scuole.provincia.tn.it;segr.icaltavaldisole@scuole.provincia.tn.it;https://www.icaltavaldisole.it;TNEE83207E
"ISTITUTO COMPRENSIVO CENTRO VALSUGANA";"SCUOLA PRIMARIA MARTER";;"A carattere statale/provinciale";"LOREDANA MONTANARO";;;"Via Della Chiesa, 14 38050";"RONCEGNO TERME";0461/764581;0461/771046;ic.centrovalsugana@pec.provincia.tn.it;dir.ic.centrovalsugana@scuole.provincia.tn.it;segr.ic.centrovalsugana@scuole.provincia.tn.it;https://www.iccentrovalsugana.it;TNEE813086
"COLLEGIO ARCIVESCOVILE DAME INGLESI - ROVERETO";"SCUOLA SECONDARIA DI PRIMO GRADO ARCIVESCOVILE DAME INGLESI ROVERETO";;Paritaria/equiparata;"CHRISTIAN BONAZZA";"BRUNO DAVES";;"Corso Bettini, 31 38068";ROVERETO;0464/406000;0464/406077;collegioarcivescovile@pec.it;dameinglesi@arcivescoviletrento.it;lia@arcivescoviletrento.it;https://www.arcivescoviletrento.it;TN1M00200X
"ISTITUTO COMPRENSIVO TRENTO 6";"SCUOLA SECONDARIA DI PRIMO GRADO ""A. MANZONI"" TRENTO";;"A carattere statale/provinciale";"CHIARA GHETTA";;;"Corso Buonarroti, 50 38122";TRENTO;0461/236214;0461/230583;ic.trento6@pec.provincia.tn.it;dir.ic.tn6@scuole.provincia.tn.it;segr.ic.tn6@scuole.provincia.tn.it;https://www.ictrento6.it;TNMM85801B
"ISTITUTO COMPRENSIVO VIGOLO VATTARO";"SCUOLA PRIMARIA ""DON T. SEGNANA"" CENTA SAN NICOLO'";;"A carattere statale/provinciale";"GABRIELLA VITALE";;;"Via Don Rossi - Centa San Nicolo, 4 38049";"ALTOPIANO DELLA VIGOLANA";0461/848878;0461/845217;ic.vigolovattaro@pec.provincia.tn.it;dir.vigolovattaro@scuole.provincia.tn.it;segr.vigolovattaro@scuole.provincia.tn.it;https://www.icvigolovattaro.it;TNEE80303A
"ISTITUTO COMPRENSIVO CEMBRA";"SCUOLA PRIMARIA ""P. SARTORI"" SOVER";;"A carattere statale/provinciale";"STEFANO CHESINI";;;"Piazza S Lorenzo, 10 38048";SOVER;0461/683006;0461/682166;ic.cembra@pec.provincia.tn.it;dir.cembra@scuole.provincia.tn.it;segr.cembra@scuole.provincia.tn.it;https://www.iccembra.it;TNEE822081
"ISTITUTO COMPRENSIVO CEMBRA";"SCUOLA SECONDARIA DI PRIMO GRADO ""A. VIELMETTI"" CEMBRA";;"A carattere statale/provinciale";"STEFANO CHESINI";;;"Via Negritelle - Cembra, 1 38034";"CEMBRA LISIGNAGO";0461/683006;0461/682166;ic.cembra@pec.provincia.tn.it;dir.cembra@scuole.provincia.tn.it;segr.cembra@scuole.provincia.tn.it;https://www.iccembra.it;TNMM82201L
"ISTITUTO COMPRENSIVO BASSA ANAUNIA - TUENNO";"SCUOLA SECONDARIA DI PRIMO GRADO ""V. VIELMETTI"" DENNO";;"A carattere statale/provinciale";"LICIA CAMPI";;;"Via Colle Verde, 3 38010";DENNO;0461/655783;0461/655783;ic.bassaanaunia@pec.provincia.tn.it;dir.ic.bassaanauniatuenno@scuole.provincia.tn.it;segr.ic.denno@scuole.provincia.tn.it;https://www.icbassaanauniatuenno.it;TNMM82901B
"ISTITUTO TECNICO ECONOMICO E TECNOLOGICO ""F. e G. Fontana"" - ROVERETO";"ISTITUTO TECNICO PER IL SETTORE ECONOMICO";;"A carattere statale/provinciale";"GIUSEPPE SANTOLI";;;"Via Del Teatro, 4 38068";ROVERETO;0464/436100;0464/434116;fontana@pec.provincia.tn.it;dir.fontana@scuole.provincia.tn.it;segr.fontana@scuole.provincia.tn.it;https://www.fgfontana.eu;TNTD020009
"LICEO ""A. Rosmini"" - TRENTO";"EDUCAZIONE PER ADULTI RELATIVA AL PRIMO CICLO";;"A carattere statale/provinciale";"PATRIZIA VISCONTI";;;"Via Malfatti, 2 38122";TRENTO;0461/914400;0461/914498;rosmini.trento@pec.provincia.tn.it;dir.rosmini.tn@scuole.provincia.tn.it;segr.rosmini.tn@scuole.provincia.tn.it;https://www.rosmini.eu;TNCT70500P
"ISTITUTO COMPRENSIVO PERGINE 2 ""C. Freinet""";"SCUOLA PRIMARIA MADRANO";;"A carattere statale/provinciale";"STEFANO MORELATO";;;"Via D Oltrefersina, 149 38057";"PERGINE VALSUGANA";0461/512312;0461/530043;ic.pergine2@pec.provincia.tn.it;dir.freinet@scuole.provincia.tn.it;segr.freinet@scuole.provincia.tn.it;https://www.icpergine2.it;TNEE81504N
"ISTITUTO COMPRENSIVO TRENTO 2 ""J. A. Comenius""";"SCUOLA PRIMARIA CASA SERENA";;"A carattere statale/provinciale";"CARLO ZANETTI";;;"Via Alle Campanelle, 23 38121";TRENTO;0461/982113;0461/237554;ic.comenius@pec.provincia.tn.it;dir.ictn2@scuole.provincia.tn.it;segr.ictn2@scuole.provincia.tn.it;https://www.icomenius.it;TNEE820023
"COLLEGIO ARCIVESCOVILE DAME INGLESI - ROVERETO";"SCUOLA PRIMARIA ARCIVESCOVILE DAME INGLESI ROVERETO";;Paritaria/equiparata;"CHRISTIAN BONAZZA";"BRUNO DAVES";;"Corso Bettini, 31 38068";ROVERETO;0464/406000;0464/406077;collegioarcivescovile@pec.it;dameinglesi@arcivescoviletrento.it;lia@arcivescoviletrento.it;https://www.arcivescoviletrento.it;TN1E006002
"ISTITUTO COMPRENSIVO MEZZOCORONA";"SCUOLA PRIMARIA GRUMO";;"A carattere statale/provinciale";"PAOLA SIGMUND";;;"Via Marconi, 65 38010";"SAN MICHELE ALL'ADIGE";0461/605409;0461/605142;ic.mezzocorona@pec.provincia.tn.it;dir.ic.mezzocorona@scuole.provincia.tn.it;segr.ic.mezzocorona@scuole.provincia.tn.it;https://www.icmezzocorona.it;TNEE82301D
"ISTITUTO COMPRENSIVO ROVERETO EST";"SCUOLA PRIMARIA ""REGINA ELENA"" ROVERETO";;"A carattere statale/provinciale";"MICHELE ROSA";;;"Via Dante, 41 38068";ROVERETO;0464/433709;0464/450456;ic.roveretoest@pec.provincia.tn.it;dir.ic.roveretoest@scuole.provincia.tn.it;segr.ic.roveretoest@scuole.provincia.tn.it;https://www.roveretoest.it;TNEE85302A
"ISTITUTO COMPRENSIVO VIGOLO VATTARO";"SCUOLA SECONDARIA DI PRIMO GRADO VIGOLO VATTARO";;"A carattere statale/provinciale";"GABRIELLA VITALE";;;"Via Garibaldi - Vigolo Vattaro, 8 38049";"ALTOPIANO DELLA VIGOLANA";0461/848878;0461/845217;ic.vigolovattaro@pec.provincia.tn.it;dir.vigolovattaro@scuole.provincia.tn.it;segr.vigolovattaro@scuole.provincia.tn.it;https://www.icvigolovattaro.it;TNMM803017
"COLLEGIO ARCIVESCOVILE C.ENDRICI - TRENTO";"ISTITUTO TECNICO PER IL SETTORE TECNOLOGICO";;Paritaria/equiparata;"CHRISTIAN BONAZZA";"BRUNO DAVES";;"Via Monsignor  Endrici, 23 38122";TRENTO;0461/1731200;0461/1731288;collegioarcivescovile@pec.it;collegioarcivescovile@arcivescoviletrento.it;didatticatn@arcivescoviletrento.it;https://www.arcivescoviletrento.it;TNTD37500F
"ISTITUTO COMPRENSIVO TRENTO 2 ""J. A. Comenius""";"SCUOLA PRIMARIA ""E. BERNARDI"" COGNOLA";;"A carattere statale/provinciale";"CARLO ZANETTI";;;"Via Ponte Alto, 2/1 38121";TRENTO;0461/982113;0461/237554;ic.comenius@pec.provincia.tn.it;dir.ictn2@scuole.provincia.tn.it;segr.ictn2@scuole.provincia.tn.it;https://www.icomenius.it;TNEE820012
"ISTITUTO COMPRENSIVO BASSA ANAUNIA - TUENNO";"SCUOLA PRIMARIA VIGO TON";;"A carattere statale/provinciale";"LICIA CAMPI";;;"Piazza Guardi, 7 38010";TON;0461/655783;0461/655783;ic.bassaanaunia@pec.provincia.tn.it;dir.ic.bassaanauniatuenno@scuole.provincia.tn.it;segr.ic.denno@scuole.provincia.tn.it;https://www.icbassaanauniatuenno.it;TNEE82905L
"ISTITUTO COMPRENSIVO MEZZOCORONA";;"Istituzione scolastica e formativa";"A carattere statale/provinciale";"PAOLA SIGMUND";;;"Via Fornai, 1 38016";MEZZOCORONA;0461/605409;0461/605142;ic.mezzocorona@pec.provincia.tn.it;dir.ic.mezzocorona@scuole.provincia.tn.it;segr.ic.mezzocorona@scuole.provincia.tn.it;https://www.icmezzocorona.it;TNIC82300B
"ISTITUTO DI ISTRUZIONE ""La Rosa Bianca"" - CAVALESE";"EDUCAZIONE PER ADULTI RELATIVA AL PRIMO CICLO";;"A carattere statale/provinciale";"MARCO FELICETTI";;;"Via Gandhi, 1 38033";CAVALESE;0462/341449;0462/248071;weisserose@pec.provincia.tn.it;dir.iicavalese@scuole.provincia.tn.it;segr.iicavalese@scuole.provincia.tn.it;https://www.scuolefiemme.tn.it;TNCT710006
"ISTITUTO COMPRENSIVO RIVA 2 ""L. Pizzini""";"SCUOLA PRIMARIA ""O. LUCCHI"" TENNO";;"A carattere statale/provinciale";"MAURIZIO CAPRONI";;;"Via dei laghi, 47 38060";TENNO;0464/552170;0464/520789;ic.riva2@pec.provincia.tn.it;dir.ic.riva2@scuole.provincia.tn.it;segr.ic.riva2@scuole.provincia.tn.it;https://www.riva2.it;TNEE84202X
"ISTITUTO DI ISTRUZIONE ""M. Martini"" - MEZZOLOMBARDO";"LICEO DELLE SCIENZE UMANE OPZIONE ECONOMICO SOCIALE";;"A carattere statale/provinciale";"VALENTINA ZANOLLA";;;"Via Perlasca, 4 38017";MEZZOLOMBARDO;0461/601122;0461/601470;martini@pec.provincia.tn.it;dir.martini.mezzolombardo@scuole.provincia.tn.it;segr.martini.mezzolombardo@scuole.provincia.tn.it;https://www.martinomartini.eu;TNPS00301R
"ISTITUTO TECNICO ECONOMICO E TECNOLOGICO ""F. e G. Fontana"" - ROVERETO";"ISTITUTO TECNICO PER IL SETTORE ECONOMICO SERALE";;"A carattere statale/provinciale";"GIUSEPPE SANTOLI";;;"Via Del Teatro, 4 38068";ROVERETO;0464/436100;0464/434116;fontana@pec.provincia.tn.it;dir.fontana@scuole.provincia.tn.it;segr.fontana@scuole.provincia.tn.it;https://www.fgfontana.eu;TNTD02050P
"ISTITUTO DI ISTRUZIONE ""A. Degasperi"" - BORGO VALSUGANA";"LICEO SCIENTIFICO OPZIONE SCIENZE APPLICATE";;"A carattere statale/provinciale";"GIULIO BERTOLDI";;;"Via XXIV Maggio, 7 38051";"BORGO VALSUGANA";0461/753647;0461/753364;degasperi@pec.provincia.tn.it;dir.istalcidedegasperi@scuole.provincia.tn.it;segr.istalcidedegasperi@scuole.provincia.tn.it;https://www.istalcidedegasperi.it;TNPS002011
"ISTITUTO COMPRENSIVO DI SCUOLA PRIMARIA E SECONDARIA DI PRIMIERO";"ISTITUTO TECNICO PER IL SETTORE ECONOMICO";;"A carattere statale/provinciale";"MARIA PRODI";;;"Via Delle Fonti - Transacqua, 10 38054";"PRIMIERO SAN MARTINO DI CASTROZZA";0439/62435;0439/762466;ic.primiero@pec.provincia.tn.it;dir.icprimiero@scuole.provincia.tn.it;segr.icprimiero@scuole.provincia.tn.it;https://www.scuoleprimiero.it;TNTD170007
"ISTITUTO TECNICO ECONOMICO E TECNOLOGICO ""G. Floriani"" - RIVA DEL GARDA";"ISTITUTO TECNICO PER IL SETTORE ECONOMICO SERALE";;"A carattere statale/provinciale";"PAOLO CHINCARINI";;;"Viale Dei Tigli, 43 38066";"RIVA DEL GARDA";0464/578511;0464/578555;floriani@pec.provincia.tn.it;dir.istitutofloriani@scuole.provincia.tn.it;segr.istitutofloriani@scuole.provincia.tn.it;https://www.g-floriani.it;TNTD008515
"ISTITUTO COMPRENSIVO RIVA 2 ""L. Pizzini""";"SCUOLA PRIMARIA ""G. FEDRIGONI"" VARONE RIVA DEL GARDA";;"A carattere statale/provinciale";"MAURIZIO CAPRONI";;;"Piazza della Chiesa, 13 38066";"RIVA DEL GARDA";0464/552170;0464/520789;ic.riva2@pec.provincia.tn.it;dir.ic.riva2@scuole.provincia.tn.it;segr.ic.riva2@scuole.provincia.tn.it;https://www.riva2.it;TNEE842031
"ISTITUTO COMPRENSIVO CIVEZZANO";"SCUOLA SECONDARIA DI PRIMO GRADO ""G. ALESSANDRINI"" CIVEZZANO";;"A carattere statale/provinciale";"VENERA MUNAFO'";;;"Via Murialdo, 27 38045";CIVEZZANO;0461/858485;0461/858901;ic.civezzano@pec.provincia.tn.it;dir.i.c.civezzano@scuole.provincia.tn.it;segr.i.c.civezzano@scuole.provincia.tn.it;https://www.iccivezzano.eu;TNMM817015
"COLLEGIO ARCIVESCOVILE C.ENDRICI - TRENTO";"SCUOLA SECONDARIA DI PRIMO GRADO ARCIVESCOVILE TRENTO";;Paritaria/equiparata;"CHRISTIAN BONAZZA";"BRUNO DAVES";;"Via Monsignor  Endrici, 23 38122";TRENTO;0461/1731200;0461/1731288;collegioarcivescovile@pec.it;collegioarcivescovile@arcivescoviletrento.it;didatticatn@arcivescoviletrento.it;https://www.arcivescoviletrento.it;TN1M00400G
"ISTITUTO COMPRENSIVO DI SCUOLA PRIMARIA E SECONDARIA DI PRIMIERO";"SCUOLA PRIMARIA MEZZANO";;"A carattere statale/provinciale";"MARIA PRODI";;;"Via Iv Novembre, 13 38050";MEZZANO;0439/62435;0439/762466;ic.primiero@pec.provincia.tn.it;dir.icprimiero@scuole.provincia.tn.it;segr.icprimiero@scuole.provincia.tn.it;https://www.scuoleprimiero.it;TNEE81003D
"ISTITUTO COMPRENSIVO BASSA ANAUNIA - TUENNO";"SCUOLA PRIMARIA ""M. PEZZI"" CAMPODENNO";;"A carattere statale/provinciale";"LICIA CAMPI";;;"Via S Maurizio, 3 38010";CAMPODENNO;0461/655783;0461/655783;ic.bassaanaunia@pec.provincia.tn.it;dir.ic.bassaanauniatuenno@scuole.provincia.tn.it;segr.ic.denno@scuole.provincia.tn.it;https://www.icbassaanauniatuenno.it;TNEE82901C
"ISTITUTO DI ISTRUZIONE ""L. Guetti"" - TIONE DI TRENTO";"LICEO DELLE SCIENZE UMANE";;"A carattere statale/provinciale";"RENATO PAOLI";;;"Via Durone, 53 38079";"TIONE DI TRENTO";0465/321735;0465/322811;guetti@pec.provincia.tn.it;dir.guetti@scuole.provincia.tn.it;segr.guetti@scuole.provincia.tn.it;https://www.guetti.tn.it;TNPS007014
"ISTITUTO COMPRENSIVO RIVA 1";;"Istituzione scolastica e formativa";"A carattere statale/provinciale";"PAOLA BORTOLOTTI";;;"Viale Damiano Chiesa, 10 38066";"RIVA DEL GARDA";0464/553088;0464/553088;riva1@pec.provincia.tn.it;dir.riva1@scuole.provincia.tn.it;segr.riva1@scuole.provincia.tn.it;https://www.riva1.it;TNIC841001
"FONDAZIONE EDMUND MACH - ISTITUTO AGRARIO SAN MICHELE ALL'ADIGE";"ISTITUTO TECNICO PER IL SETTORE TECNOLOGICO";;Paritaria/equiparata;"MANUEL PENASA";"CLAUDIA BISOGNIN";;"Via Mach, 1 38098";"SAN MICHELE ALL'ADIGE";0461/615213;0461/615273;amministrazione.cif@pec.iasma.it;;segreteria.scuola@fmach.it;https://www.fmach.it;TNTA01500B
"ISTITUTO DI ISTRUZIONE ""La Rosa Bianca"" - CAVALESE";"LICEO DELLE SCIENZE UMANE OPZIONE ECONOMICO SOCIALE";;"A carattere statale/provinciale";"MARCO FELICETTI";;;"Via Gandhi, 1 38033";CAVALESE;0462/341449;0462/248071;weisserose@pec.provincia.tn.it;dir.iicavalese@scuole.provincia.tn.it;segr.iicavalese@scuole.provincia.tn.it;https://www.scuolefiemme.tn.it;TNPS001015
"ISTITUTO COMPRENSIVO ROVERETO NORD";"SCUOLA PRIMARIA ""D. CHIESA"" NORIGLIO";;"A carattere statale/provinciale";"TIZIANA CHIARA PASQUINI";;;"Via Romani,  42/1 38068";ROVERETO;0464/420759;0464/480415;ic.roveretonord@pec.provincia.tn.it;dir.ic.roveretonord@scuole.provincia.tn.it;segr.ic.roveretonord@scuole.provincia.tn.it;https://www.icroveretonord.it;TNEE85905C
"ISTITUTO COMPRENSIVO STRIGNO E TESINO";;"Istituzione scolastica e formativa";"A carattere statale/provinciale";"GIULIANA SIGHEL";;;"Via Roma - Strigno, 14 38059";"CASTEL IVANO";0461/762046;0461/763409;ic.strignotesino@pec.provincia.tn.it;dir.ic.strignoetesino@scuole.provincia.tn.it;segr.ic.strignoetesino@scuole.provincia.tn.it;https://www.icstrignoetesino.it;TNIC80100E
"ISTITUTO COMPRENSIVO VIGOLO VATTARO";"SCUOLA PRIMARIA VIGOLO VATTARO";;"A carattere statale/provinciale";"GABRIELLA VITALE";;;"Via Garibaldi - Vigolo Vattaro, 8 38049";"ALTOPIANO DELLA VIGOLANA";0461/848878;0461/845217;ic.vigolovattaro@pec.provincia.tn.it;dir.vigolovattaro@scuole.provincia.tn.it;segr.vigolovattaro@scuole.provincia.tn.it;https://www.icvigolovattaro.it;TNEE803018
"ISTITUTO COMPRENSIVO CAVALESE";"SCUOLA PRIMARIA CARANO";;"A carattere statale/provinciale";"ROBERTO TROLLI";;;"Via Giovanelli, 2 38033";"VILLE DI FIEMME";0462/340314;0462/342294;ic.cavalese@pec.provincia.tn.it;dir.cavalese@scuole.provincia.tn.it;segr.cavalese@scuole.provincia.tn.it;https://www.iccavalese.it;TNEE809028
"ISTITUTO COMPRENSIVO STRIGNO E TESINO";"SCUOLA SECONDARIA DI PRIMO GRADO ""O. BRENTARI"" STRIGNO";;"A carattere statale/provinciale";"GIULIANA SIGHEL";;;"Via Roma - Strigno, 14 38059";"CASTEL IVANO";0461/762046;0461/763409;ic.strignotesino@pec.provincia.tn.it;dir.ic.strignoetesino@scuole.provincia.tn.it;segr.ic.strignoetesino@scuole.provincia.tn.it;https://www.icstrignoetesino.it;TNMM80102L
"ISTITUTO COMPRENSIVO LEVICO TERME";;"Istituzione scolastica e formativa";"A carattere statale/provinciale";"EZIO MONTIBELLER";;;"Via della Pace, 5 38056";"LEVICO TERME";0461/706146;0461/706099;ic.levicoterme@pec.provincia.tn.it;dir.ic.levico@scuole.provincia.tn.it;segr.ic.levico@scuole.provincia.tn.it;https://www.iclevico.eu;TNIC81800X
"ISTITUTO DI ISTRUZIONE ""M. Curie"" - PERGINE VALSUGANA";;"Istituzione scolastica e formativa";"A carattere statale/provinciale";"TIZIANA GULLI";;;"Via S Pietro, 4 38057";"PERGINE VALSUGANA";0461/511397;0461/531743;curie@pec.provincia.tn.it;dir.curie.pergine@scuole.provincia.tn.it;segr.curie.pergine@scuole.provincia.tn.it;https://www.curiepergine.it;TNIS004006
"COLLEGIO ARCIVESCOVILE C.ENDRICI - TRENTO";"LICEO SCIENTIFICO ARCIVESCOVILE - TRENTO";;Paritaria/equiparata;"CHRISTIAN BONAZZA";"BRUNO DAVES";;"Via Monsignor  Endrici, 23 38122";TRENTO;0461/1731200;0461/1731288;collegioarcivescovile@pec.it;collegioarcivescovile@arcivescoviletrento.it;didatticatn@arcivescoviletrento.it;https://www.arcivescoviletrento.it;TNPS015002
"LICEO ""A. Rosmini"" - TRENTO";"LICEO DELLE SCIENZE UMANE OPZIONE ECONOMICO SOCIALE";;"A carattere statale/provinciale";"PATRIZIA VISCONTI";;;"Via Malfatti, 2 38122";TRENTO;0461/914400;0461/914498;rosmini.trento@pec.provincia.tn.it;dir.rosmini.tn@scuole.provincia.tn.it;segr.rosmini.tn@scuole.provincia.tn.it;https://www.rosmini.eu;TNPM01000X
"ISTITUTO COMPRENSIVO CIVEZZANO";"SCUOLA PRIMARIA ALBIANO";;"A carattere statale/provinciale";"VENERA MUNAFO'";;;"Via Manzoni, 4 38041";ALBIANO;0461/858485;0461/858901;ic.civezzano@pec.provincia.tn.it;dir.i.c.civezzano@scuole.provincia.tn.it;segr.i.c.civezzano@scuole.provincia.tn.it;https://www.iccivezzano.eu;TNEE817049
"ISTITUTO TECNICO ECONOMICO E TECNOLOGICO ""G. Floriani"" - RIVA DEL GARDA";"ISTITUTO TECNICO PER IL SETTORE TECNOLOGICO SERALE";;"A carattere statale/provinciale";"PAOLO CHINCARINI";;;"Viale Dei Tigli, 43 38066";"RIVA DEL GARDA";0464/578511;0464/578555;floriani@pec.provincia.tn.it;dir.istitutofloriani@scuole.provincia.tn.it;segr.istitutofloriani@scuole.provincia.tn.it;https://www.g-floriani.it;TNTD008515
"ISTITUTO COMPRENSIVO TRENTO 6";"SCUOLA PRIMARIA ""S. PERTINI"" SOPRAMONTE";;"A carattere statale/provinciale";"CHIARA GHETTA";;;"Via Canelli - Sopramonte, 1 38123";TRENTO;0461/236214;0461/230583;ic.trento6@pec.provincia.tn.it;dir.ic.tn6@scuole.provincia.tn.it;segr.ic.tn6@scuole.provincia.tn.it;https://www.ictrento6.it;TNEE85805L
"ISTITUTO COMPRENSIVO CEMBRA";"SCUOLA PRIMARIA CEMBRA";;"A carattere statale/provinciale";"STEFANO CHESINI";;;"Via dei Ciclamini - Cembra, 1/1 38034";"CEMBRA LISIGNAGO";0461/683006;0461/682166;ic.cembra@pec.provincia.tn.it;dir.cembra@scuole.provincia.tn.it;segr.cembra@scuole.provincia.tn.it;https://www.iccembra.it;TNEE82201N
"ISTITUTO COMPRENSIVO VIGOLO VATTARO";;"Istituzione scolastica e formativa";"A carattere statale/provinciale";"GABRIELLA VITALE";;;"Via Garibaldi - Vigolo Vattaro, 8 38049";"ALTOPIANO DELLA VIGOLANA";0461/848878;0461/845217;ic.vigolovattaro@pec.provincia.tn.it;dir.vigolovattaro@scuole.provincia.tn.it;segr.vigolovattaro@scuole.provincia.tn.it;https://www.icvigolovattaro.it;TNIC803006
"ISTITUTO COMPRENSIVO CLES ""B. Clesio""";"SCUOLA PRIMARIA CLES";;"A carattere statale/provinciale";"MASSIMO GABURRO";;;"Via Dei Campi Neri, 1 38023";CLES;0463/421457;0463/424830;ic.cles@pec.provincia.tn.it;dir.ic.cles@scuole.provincia.tn.it;segr.ic.cles@scuole.provincia.tn.it;https://www.iccles.it;TNEE83101C
"ISTITUTO DI ISTRUZIONE ""L. Guetti"" - TIONE DI TRENTO";"ISTITUTO TECNICO PER IL SETTORE ECONOMICO";;"A carattere statale/provinciale";"RENATO PAOLI";;;"Via Durone, 53 38079";"TIONE DI TRENTO";0465/321735;0465/322811;guetti@pec.provincia.tn.it;dir.guetti@scuole.provincia.tn.it;segr.guetti@scuole.provincia.tn.it;https://www.guetti.tn.it;TNTD00701X
"ISTITUTO COMPRENSIVO TAIO";;"Istituzione scolastica e formativa";"A carattere statale/provinciale";"MAURA ZINI";;;"Via Degli Alpini - Taio, 17 38012";PREDAIA;0463/468193;0463/467616;ic.taio@pec.provincia.tn.it;dir.ictaio@scuole.provincia.tn.it;segr.ictaio@scuole.provincia.tn.it;https://www.ictaio.it;TNIC82600V
"ISTITUTO COMPRENSIVO ALTA VAL DI SOLE";"SCUOLA SECONDARIA DI PRIMO GRADO ""C. ZANELLA"" FUCINE DI OSSANA";;"A carattere statale/provinciale";"FRANCO VANIN";;;"Via S Michele, 11 38026";OSSANA;0463/751129;0463/750043;ic.altavaldisole@pec.provincia.tn.it;dir.icaltavaldisole@scuole.provincia.tn.it;segr.icaltavaldisole@scuole.provincia.tn.it;https://www.icaltavaldisole.it;TNMM832017
"ISTITUTO DI ISTRUZIONE ""M. Curie"" - PERGINE VALSUGANA";"LICEO SCIENTIFICO";;"A carattere statale/provinciale";"TIZIANA GULLI";;;"Via S Pietro, 4 38057";"PERGINE VALSUGANA";0461/511397;0461/531743;curie@pec.provincia.tn.it;dir.curie.pergine@scuole.provincia.tn.it;segr.curie.pergine@scuole.provincia.tn.it;https://www.curiepergine.it;TNPS00401L
"ISTITUTO COMPRENSIVO VALLE DEI LAGHI - DRO";"SCUOLA PRIMARIA DRO";;"A carattere statale/provinciale";"ALESSANDRO FABRIS";;;"Piazza Repubblica,  1 38074";DRO;0461/864026;0461/340648;ic.valledeilaghi@pec.provincia.tn.it;dir.ic.valledeilaghi@scuole.provincia.tn.it;segr.ic.valledeilaghi@scuole.provincia.tn.it;https://www.icvalledeilaghidro.it;TNEE84409V
"ISTITUTO COMPRENSIVO CIVEZZANO";;"Istituzione scolastica e formativa";"A carattere statale/provinciale";"VENERA MUNAFO'";;;"Via Murialdo, 27 38045";CIVEZZANO;0461/858485;0461/858901;ic.civezzano@pec.provincia.tn.it;dir.i.c.civezzano@scuole.provincia.tn.it;segr.i.c.civezzano@scuole.provincia.tn.it;https://www.iccivezzano.eu;TNIC817004
"ISTITUTO COMPRENSIVO CLES ""B. Clesio""";;"Istituzione scolastica e formativa";"A carattere statale/provinciale";"MASSIMO GABURRO";;;"Via Chini, 31 38023";CLES;0463/421457;0463/424830;ic.cles@pec.provincia.tn.it;dir.ic.cles@scuole.provincia.tn.it;segr.ic.cles@scuole.provincia.tn.it;https://www.iccles.it;TNIC83100A
"ISTITUTO COMPRENSIVO VALLE DEI LAGHI - DRO";"SCUOLA SECONDARIA DI PRIMO GRADO ""C. MADRUZZO"" CAVEDINE";;"A carattere statale/provinciale";"ALESSANDRO FABRIS";;;"Via XXV Aprile, 7 38073";CAVEDINE;0461/864026;0461/340648;ic.valledeilaghi@pec.provincia.tn.it;dir.ic.valledeilaghi@scuole.provincia.tn.it;segr.ic.valledeilaghi@scuole.provincia.tn.it;https://www.icvalledeilaghidro.it;TNMM84402E
"ISTITUTO COMPRENSIVO VILLA LAGARINA";"SCUOLA PRIMARIA ""R. GALVAGNI"" POMAROLO";;"A carattere statale/provinciale";"TIZIANA CHEMOTTI";;;"Piazzale Colonello Angheben, 5 38060";POMAROLO;0464/411312;0464/411705;ic.villalagarina@pec.provincia.tn.it;dir.ic.villalagarina@scuole.provincia.tn.it;segr.ic.villalagarina@scuole.provincia.tn.it;https://www.icvillalagarina.it;TNEE846027
"ISTITUTO COMPRENSIVO PERGINE 1";"SCUOLA PRIMARIA ""DON L. MILANI"" PERGINE VALSUGANA";;"A carattere statale/provinciale";"DANIELA FRUET";;;"Via Monte Cristallo, 2 38057";"PERGINE VALSUGANA";0461/532261;0461/533167;ic.pergine1@pec.provincia.tn.it;dir.ic.pergine1@scuole.provincia.tn.it;segr.ic.pergine1@scuole.provincia.tn.it;https://www.icpergine1.it/;TNEE81402Q
"ISTITUTO TECNICO ECONOMICO E TECNOLOGICO ""C.A. Pilati"" - CLES";"ISTITUTO TECNICO PER IL SETTORE ECONOMICO";;"A carattere statale/provinciale";"ALFREDO ROMANTINI";;;"Via IV Novembre, 35 38023";CLES;0463/421695;0463/421477;pilati@pec.provincia.tn.it;dir.itetpilati@scuole.provincia.tn.it;segr.itetpilati@scuole.provincia.tn.it;https://www.istitutopilati.it;TNTD100001
"ISTITUTO COMPRENSIVO DI SCUOLA PRIMARIA E SECONDARIA DI PRIMIERO";"LICEO SCIENTIFICO OPZIONE SCIENZE APPLICATE";;"A carattere statale/provinciale";"MARIA PRODI";;;"Via Delle Fonti - Transacqua, 10 38054";"PRIMIERO SAN MARTINO DI CASTROZZA";0439/62435;0439/762466;ic.primiero@pec.provincia.tn.it;dir.icprimiero@scuole.provincia.tn.it;segr.icprimiero@scuole.provincia.tn.it;https://www.scuoleprimiero.it;TNPS100005
"ISTITUTO COMPRENSIVO TRENTO 2 ""J. A. Comenius""";"SCUOLA PRIMARIA ""R. BELENZANI"" S.VITO";;"A carattere statale/provinciale";"CARLO ZANETTI";;;"Via S Vito, 169 38121";TRENTO;0461/982113;0461/237554;ic.comenius@pec.provincia.tn.it;dir.ictn2@scuole.provincia.tn.it;segr.ictn2@scuole.provincia.tn.it;https://www.icomenius.it;TNEE820045
"ISTITUTO DI ISTRUZIONE ""L. Guetti"" - TIONE DI TRENTO";"ISTITUTO TECNICO PER IL SETTORE TECNOLOGICO SERALE";;"A carattere statale/provinciale";"RENATO PAOLI";;;"Via Durone, 53 38079";"TIONE DI TRENTO";0465/321735;0465/322811;guetti@pec.provincia.tn.it;dir.guetti@scuole.provincia.tn.it;segr.guetti@scuole.provincia.tn.it;https://www.guetti.tn.it;TNTD007519
"ISTITUTO COMPRENSIVO MEZZOLOMBARDO - PAGANELLA";"SCUOLA PRIMARIA NAVE SAN ROCCO";;"A carattere statale/provinciale";"CINZIA CASNA";;;"Piazza S Rocco, 15 38010";"TERRE D'ADIGE";0461/601125;0461/601125;ic.mezzolombardo@pec.provincia.tn.it;dir.ic.mezzolombardo@scuole.provincia.tn.it;segr.ic.mezzolombardo@scuole.provincia.tn.it;https://icmezzolombardopaganella.edu.it;TNEE82403B
"LICEO SCIENTIFICO ""G. Galilei"" - TRENTO";"LICEO SCIENTIFICO";;"A carattere statale/provinciale";"ELENA RUGGIERI";;;"Viale Bolognini, 88 38122";TRENTO;0461/913479;0461/913367;galilei@pec.provincia.tn.it;dir.liceogalilei@scuole.provincia.tn.it;segr.liceogalilei@scuole.provincia.tn.it;https://www.lsgalilei.org/;TNPS01000V
"Centro Formazione Professionale Opera Armida Barelli - Rovereto";"SETTORE SERVIZI";;Paritaria/equiparata;"BERNARDO ZANONER";"CAMILLA CESTARI";;"Via Setaioli, 5 38068";ROVERETO;0464/433771;0464/431711;cfprovereto@pec.operaarmidabarelli.org;;cfprovereto@operaarmidabarelli.org;https://www.operaarmidabarelli.org;TNCF005001
"ISTITUTO COMPRENSIVO DEL CHIESE ""Don L. Milani""";"SCUOLA SECONDARIA DI PRIMO GRADO ""G. LEOPARDI"" STORO";;"A carattere statale/provinciale";"ROMEO COLLINI";;;"Via Papaleoni, 5 38089";STORO;0465/686039;0465/687076;ic.chiese-storo@pec.provincia.tn.it;dir.ic.chiese@scuole.provincia.tn.it;segr.ic.chiese@scuole.provincia.tn.it;https://www.istitutodelchiese.it;TNMM838016
"ISTITUTO COMPRENSIVO CEMBRA";"SCUOLA SECONDARIA DI PRIMO GRADO VERLA GIOVO";;"A carattere statale/provinciale";"STEFANO CHESINI";;;"Via Al Grec, 2 38030";GIOVO;0461/683006;0461/682166;ic.cembra@pec.provincia.tn.it;dir.cembra@scuole.provincia.tn.it;segr.cembra@scuole.provincia.tn.it;https://www.iccembra.it;TNMM82203P
"ISTITUTO COMPRENSIVO CAVALESE";"SCUOLA PRIMARIA CAPRIANA";;"A carattere statale/provinciale";"ROBERTO TROLLI";;;"Piazza Scuole, 1 38030";CAPRIANA;0462/340314;0462/342294;ic.cavalese@pec.provincia.tn.it;dir.cavalese@scuole.provincia.tn.it;segr.cavalese@scuole.provincia.tn.it;https://www.iccavalese.it;TNEE809017
"ISTITUTO COMPRENSIVO BASSA ANAUNIA - TUENNO";"SCUOLA PRIMARIA ""MONS. S. WEBER"" DENNO";;"A carattere statale/provinciale";"LICIA CAMPI";;;"Via Colle Verde, 3 38010";DENNO;0461/655783;0461/655783;ic.bassaanaunia@pec.provincia.tn.it;dir.ic.bassaanauniatuenno@scuole.provincia.tn.it;segr.ic.denno@scuole.provincia.tn.it;https://www.icbassaanauniatuenno.it;TNEE82903E
"ISTITUTO COMPRENSIVO ROVERETO EST";"SCUOLA PRIMARIA ""F. CAVALLIN"" VALLARSA RAOSSI";;"A carattere statale/provinciale";"MICHELE ROSA";;;"Frazione Raossi,   38060";VALLARSA;0464/433709;0464/450456;ic.roveretoest@pec.provincia.tn.it;dir.ic.roveretoest@scuole.provincia.tn.it;segr.ic.roveretoest@scuole.provincia.tn.it;https://www.roveretoest.it;TNEE85306E
"ISTITUTO COMPRENSIVO CENTRO VALSUGANA";"SCUOLA SECONDARIA DI PRIMO GRADO ""DON L. MILANI"" TELVE";;"A carattere statale/provinciale";"LOREDANA MONTANARO";;;"Via Borgo, 2/A 38050";TELVE;0461/764581;0461/771046;ic.centrovalsugana@pec.provincia.tn.it;dir.ic.centrovalsugana@scuole.provincia.tn.it;segr.ic.centrovalsugana@scuole.provincia.tn.it;https://www.iccentrovalsugana.it;TNMM81301T
"ISTITUTO COMPRENSIVO ROVERETO EST";"SCUOLA SECONDARIA DI PRIMO GRADO ""D. CHIESA"" ROVERETO";;"A carattere statale/provinciale";"MICHELE ROSA";;;"Corso Rosmini, 86 38068";ROVERETO;0464/433709;0464/450456;ic.roveretoest@pec.provincia.tn.it;dir.ic.roveretoest@scuole.provincia.tn.it;segr.ic.roveretoest@scuole.provincia.tn.it;https://www.roveretoest.it;TNMM853018
"ISTITUTO COMPRENSIVO PERGINE 2 ""C. Freinet""";"SCUOLA PRIMARIA CANALE";;"A carattere statale/provinciale";"STEFANO MORELATO";;;"Viale delle Nazioni Unite, 44 38057";"PERGINE VALSUGANA";0461/512312;0461/530043;ic.pergine2@pec.provincia.tn.it;dir.freinet@scuole.provincia.tn.it;segr.freinet@scuole.provincia.tn.it;https://www.icpergine2.it;TNEE81502G
"ISTITUTO COMPRENSIVO DEL CHIESE ""Don L. Milani""";"SCUOLA PRIMARIA STORO - LODRONE";;"A carattere statale/provinciale";"ROMEO COLLINI";;;"Via XXIV Maggio, 115 38089";STORO;0465/686039;0465/687076;ic.chiese-storo@pec.provincia.tn.it;dir.ic.chiese@scuole.provincia.tn.it;segr.ic.chiese@scuole.provincia.tn.it;https://www.istitutodelchiese.it;TNEE83806C
"ISTITUTO DI ISTRUZIONE ""M. Curie"" - PERGINE VALSUGANA";"ISTITUTO TECNICO PER IL SETTORE ECONOMICO - LEVICO";;"A carattere statale/provinciale";"TIZIANA GULLI";;;"Viale Vittorio Emanuele, 5 38056";"LEVICO TERME";0461/706012;0461/531743;curie@pec.provincia.tn.it;dir.curie.pergine@scuole.provincia.tn.it;segr.curie.pergine@scuole.provincia.tn.it;https://www.curiepergine.it;TNRC004015
"ISTITUTO COMPRENSIVO CENTRO VALSUGANA";"SCUOLA PRIMARIA ""T. V. GOZZER"" CASTELNUOVO";;"A carattere statale/provinciale";"LOREDANA MONTANARO";;;"Piazza Municipio, 4 38050";CASTELNUOVO;0461/764581;0461/771046;ic.centrovalsugana@pec.provincia.tn.it;dir.ic.centrovalsugana@scuole.provincia.tn.it;segr.ic.centrovalsugana@scuole.provincia.tn.it;https://www.iccentrovalsugana.it;TNEE81301V
"LICEO CLASSICO ""G. Prati"" - TRENTO";"LICEO CLASSICO";;"A carattere statale/provinciale";"PAOLA BARATTER";;;"Via S Trinita, 38 38122";TRENTO;0461/980190;0461/980747;prati@pec.provincia.tn.it;dir.liceoprati@scuole.provincia.tn.it;segr.liceoprati@scuole.provincia.tn.it;https://www.liceoprati.it;TNPC04000G
"ISTITUTO DI ISTRUZIONE ""La Rosa Bianca"" - CAVALESE";"ISTITUTO TECNICO PER IL SETTORE TECNOLOGICO SERALE - PREDAZZO";;"A carattere statale/provinciale";"MARCO FELICETTI";;;"Corso Degasperi, 14 38037";PREDAZZO;0462/341449;0462/248071;weisserose@pec.provincia.tn.it;dir.iicavalese@scuole.provincia.tn.it;segr.iicavalese@scuole.provincia.tn.it;https://www.scuolefiemme.tn.it;TNTD001509
"ISTITUTO COMPRENSIVO LEVICO TERME";"SCUOLA PRIMARIA ""C. CHIESA"" CALDONAZZO";;"A carattere statale/provinciale";"EZIO MONTIBELLER";;;"Via Asilo, 3 38052";CALDONAZZO;0461/706146;0461/706099;ic.levicoterme@pec.provincia.tn.it;dir.ic.levico@scuole.provincia.tn.it;segr.ic.levico@scuole.provincia.tn.it;https://www.iclevico.eu;TNEE818023
"ISTITUTO COMPRENSIVO CAVALESE";"SCUOLA PRIMARIA CASATTA VALFLORIANA";;"A carattere statale/provinciale";"ROBERTO TROLLI";;;"Frazione Casatta, 18/A 38040";VALFLORIANA;0462/340314;0462/342294;ic.cavalese@pec.provincia.tn.it;dir.cavalese@scuole.provincia.tn.it;segr.cavalese@scuole.provincia.tn.it;https://www.iccavalese.it;TNEE80908E
"ISTITUTO COMPRENSIVO DEL CHIESE ""Don L. Milani""";"SCUOLA PRIMARIA ""G. PAPALEONI"" CONDINO";;"A carattere statale/provinciale";"ROMEO COLLINI";;;"Via La Marmora - Condino, 13 38083";"BORGO CHIESE";0465/686039;0465/687076;ic.chiese-storo@pec.provincia.tn.it;dir.ic.chiese@scuole.provincia.tn.it;segr.ic.chiese@scuole.provincia.tn.it;https://www.istitutodelchiese.it;TNEE838039
"ISTITUTO COMPRENSIVO ALA ""Antonio Bresciani""";;"Istituzione scolastica e formativa";"A carattere statale/provinciale";"MAURA MAINO";;;"Via Don Anzelini, 2 38061";ALA;0464/671119;0464/674138;ic.ala@pec.provincia.tn.it;dir.ic.ala@scuole.provincia.tn.it;segr.ic.ala@scuole.provincia.tn.it;https://www.istitutocomprensivoala.it;TNIC84800Q
"ISTITUTO COMPRENSIVO ALDENO MATTARELLO";"SCUOLA PRIMARIA ROMAGNANO TRENTO";;"A carattere statale/provinciale";"MICHELE RUELE";;;"Via Ai Comuni, 6 38123";TRENTO;0461/349119;0464/946007;ic.aldeno-mattarello@pec.provincia.tn.it;dir.aldeno.mattarello@scuole.provincia.tn.it;segr.aldeno.mattarello@scuole.provincia.tn.it;https://www.icaldenomattarello.it;TNEE82101T
"ISTITUTO COMPRENSIVO CENTRO VALSUGANA";"SCUOLA PRIMARIA TELVE";;"A carattere statale/provinciale";"LOREDANA MONTANARO";;;"Via Giusti, 5 38050";TELVE;0461/764581;0461/771046;ic.centrovalsugana@pec.provincia.tn.it;dir.ic.centrovalsugana@scuole.provincia.tn.it;segr.ic.centrovalsugana@scuole.provincia.tn.it;https://www.iccentrovalsugana.it;TNEE81302X
"ISTITUTO TECNICO ECONOMICO E TECNOLOGICO ""C.A. Pilati"" - CLES";"ISTITUTO TECNICO PER IL SETTORE TECNOLOGICO SERALE";;"A carattere statale/provinciale";"ALFREDO ROMANTINI";;;"Via IV Novembre, 35 38023";CLES;0463/421695;0463/421477;pilati@pec.provincia.tn.it;dir.itetpilati@scuole.provincia.tn.it;segr.itetpilati@scuole.provincia.tn.it;https://www.istitutopilati.it;TNTD10050A
"ISTITUTO COMPRENSIVO DI SCUOLA PRIMARIA E SECONDARIA DI PRIMIERO";"SCUOLA SECONDARIA DI PRIMO GRADO ""L. NEGRELLI""  - FIERA DI PRIMIERO";;"A carattere statale/provinciale";"MARIA PRODI";;;"Viale Monte Grappa - Fiera di Primiero, 12 38054";"PRIMIERO SAN MARTINO DI CASTROZZA";0439/62435;0439/762466;ic.primiero@pec.provincia.tn.it;dir.icprimiero@scuole.provincia.tn.it;segr.icprimiero@scuole.provincia.tn.it;https://www.scuoleprimiero.it;TNMM81002B
"ISTITUTO COMPRENSIVO CEMBRA";"SCUOLA PRIMARIA VERLA GIOVO";;"A carattere statale/provinciale";"STEFANO CHESINI";;;"Via Dell Oratorio, 15 38030";GIOVO;0461/683006;0461/682166;ic.cembra@pec.provincia.tn.it;dir.cembra@scuole.provincia.tn.it;segr.cembra@scuole.provincia.tn.it;https://www.iccembra.it;TNEE82203Q
"ISTITUTO COMPRENSIVO CAVALESE";"SCUOLA PRIMARIA MASI CAVALESE";;"A carattere statale/provinciale";"ROBERTO TROLLI";;;"Via Damiano Chiesa, 110 38033";CAVALESE;0462/340314;0462/342294;ic.cavalese@pec.provincia.tn.it;dir.cavalese@scuole.provincia.tn.it;segr.cavalese@scuole.provincia.tn.it;https://www.iccavalese.it;TNEE80906C
"ISTITUTO COMPRENSIVO CENTRO VALSUGANA";"SCUOLA PRIMARIA ""C. CORRADI"" NOVALEDO";;"A carattere statale/provinciale";"LOREDANA MONTANARO";;;"Piazza Municipio, 5 38050";NOVALEDO;0461/764581;0461/771046;ic.centrovalsugana@pec.provincia.tn.it;dir.ic.centrovalsugana@scuole.provincia.tn.it;segr.ic.centrovalsugana@scuole.provincia.tn.it;https://www.iccentrovalsugana.it;TNEE813064
"ISTITUTO COMPRENSIVO CENTRO VALSUGANA";"SCUOLA PRIMARIA TELVE DI SOPRA";;"A carattere statale/provinciale";"LOREDANA MONTANARO";;;"Via delle Scuole, 19 38050";"TELVE DI SOPRA";0461/764581;0461/771046;ic.centrovalsugana@pec.provincia.tn.it;dir.ic.centrovalsugana@scuole.provincia.tn.it;segr.ic.centrovalsugana@scuole.provincia.tn.it;https://www.iccentrovalsugana.it;TNEE813031
"ISTITUTO DI ISTRUZIONE ""L. Guetti"" - TIONE DI TRENTO";"LICEO SCIENTIFICO OPZIONE SCIENZE APPLICATE";;"A carattere statale/provinciale";"RENATO PAOLI";;;"Via Durone, 53 38079";"TIONE DI TRENTO";0465/321735;0465/322811;guetti@pec.provincia.tn.it;dir.guetti@scuole.provincia.tn.it;segr.guetti@scuole.provincia.tn.it;https://www.guetti.tn.it;TNPS007014
"ISTITUTO DI ISTRUZIONE ""M. Curie"" - PERGINE VALSUGANA";"LICEO LINGUISTICO";;"A carattere statale/provinciale";"TIZIANA GULLI";;;"Via S Pietro, 4 38057";"PERGINE VALSUGANA";0461/511397;0461/531743;curie@pec.provincia.tn.it;dir.curie.pergine@scuole.provincia.tn.it;segr.curie.pergine@scuole.provincia.tn.it;https://www.curiepergine.it;TNPS00401L
"ISTITUTO DI ISTRUZIONE ""La Rosa Bianca"" - CAVALESE";"LICEO DELLE SCIENZE UMANE";;"A carattere statale/provinciale";"MARCO FELICETTI";;;"Via Gandhi, 1 38033";CAVALESE;0462/341449;0462/248071;weisserose@pec.provincia.tn.it;dir.iicavalese@scuole.provincia.tn.it;segr.iicavalese@scuole.provincia.tn.it;https://www.scuolefiemme.tn.it;TNPS001015
"ISTITUTO COMPRENSIVO VALLE DEI LAGHI - DRO";"SCUOLA SECONDARIA DI PRIMO GRADO ""S. BELLESINI"" VEZZANO";;"A carattere statale/provinciale";"ALESSANDRO FABRIS";;;"Via Roma - Vezzano, 3 38070";VALLELAGHI;0461/864026;0461/340648;ic.valledeilaghi@pec.provincia.tn.it;dir.ic.valledeilaghi@scuole.provincia.tn.it;segr.ic.valledeilaghi@scuole.provincia.tn.it;https://www.icvalledeilaghidro.it;TNMM84401D
"ISTITUTO COMPRENSIVO DI SCUOLA PRIMARIA E SECONDARIA DI PRIMIERO";"SCUOLA SECONDARIA DI PRIMO GRADO CANAL SAN BOVO";;"A carattere statale/provinciale";"MARIA PRODI";;;"Localita Lausen, 13/Z 38050";"CANAL SAN BOVO";0439/62435;0439/762466;ic.primiero@pec.provincia.tn.it;dir.icprimiero@scuole.provincia.tn.it;segr.icprimiero@scuole.provincia.tn.it;https://www.scuoleprimiero.it;TNMM81001A
"ISTITUTO DI ISTRUZIONE ""La Rosa Bianca"" - CAVALESE";"LICEO LINGUISTICO";;"A carattere statale/provinciale";"MARCO FELICETTI";;;"Via Gandhi, 1 38033";CAVALESE;0462/341449;0462/248071;weisserose@pec.provincia.tn.it;dir.iicavalese@scuole.provincia.tn.it;segr.iicavalese@scuole.provincia.tn.it;https://www.scuolefiemme.tn.it;TNPS001015
"ISTITUTO COMPRENSIVO VALLE DEI LAGHI - DRO";"SCUOLA PRIMARIA VIGO CAVEDINE";;"A carattere statale/provinciale";"ALESSANDRO FABRIS";;;"Via Don Negri, 21 38073";CAVEDINE;0461/864026;0461/340648;ic.valledeilaghi@pec.provincia.tn.it;dir.ic.valledeilaghi@scuole.provincia.tn.it;segr.ic.valledeilaghi@scuole.provincia.tn.it;https://www.icvalledeilaghidro.it;TNEE84407R
"ISTITUTO COMPRENSIVO ROVERETO NORD";"SCUOLA PRIMARIA ""M. K. GANDHI"" ROVERETO";;"A carattere statale/provinciale";"TIZIANA CHIARA PASQUINI";;;"Via Puccini, 22 38068";ROVERETO;0464/420759;0464/480415;ic.roveretonord@pec.provincia.tn.it;dir.ic.roveretonord@scuole.provincia.tn.it;segr.ic.roveretonord@scuole.provincia.tn.it;https://www.icroveretonord.it;TNEE85903A
"ISTITUTO DI ISTRUZIONE ""L. Guetti"" - TIONE DI TRENTO";"ISTITUTO TECNICO PER IL SETTORE ECONOMICO SERALE";;"A carattere statale/provinciale";"RENATO PAOLI";;;"Via Durone, 53 38079";"TIONE DI TRENTO";0465/321735;0465/322811;guetti@pec.provincia.tn.it;dir.guetti@scuole.provincia.tn.it;segr.guetti@scuole.provincia.tn.it;https://www.guetti.tn.it;TNTD007519
"ISTITUTO DI ISTRUZIONE ""M. Martini"" - MEZZOLOMBARDO";"ISTITUTO TECNICO PER IL SETTORE ECONOMICO SERALE";;"A carattere statale/provinciale";"VALENTINA ZANOLLA";;;"Via Perlasca, 4 38017";MEZZOLOMBARDO;0461/601122;0461/601470;martini@pec.provincia.tn.it;dir.martini.mezzolombardo@scuole.provincia.tn.it;segr.martini.mezzolombardo@scuole.provincia.tn.it;https://www.martinomartini.eu;TNRC00350N
"ISTITUTO TECNICO ECONOMICO E TECNOLOGICO ""G. Floriani"" - RIVA DEL GARDA";"ISTITUTO TECNICO PER IL SETTORE ECONOMICO";;"A carattere statale/provinciale";"PAOLO CHINCARINI";;;"Viale Dei Tigli, 43 38066";"RIVA DEL GARDA";0464/578511;0464/578555;floriani@pec.provincia.tn.it;dir.istitutofloriani@scuole.provincia.tn.it;segr.istitutofloriani@scuole.provincia.tn.it;https://www.g-floriani.it;TNTD00801Q
"ISTITUTO COMPRENSIVO MORI";"SCUOLA SECONDARIA DI PRIMO GRADO ""B. MALFATTI"" MORI";;"A carattere statale/provinciale";"MASSIMILIANO LATINO";;;"Via Giovanni XXIII, 64 38065";MORI;0464/918669;;ic.mori@pec.provincia.tn.it;dir.ic.mori@scuole.provincia.tn.it;segr.ic.mori@scuole.provincia.tn.it;https://www.icmori.it/;TNMM84901L
"ISTITUTO COMPRENSIVO TRENTO 4";"SCUOLA PRIMARIA LOCALITA' MADONNA BIANCA TRENTO";;"A carattere statale/provinciale";"ELENA  VALDUGA";;;"Piazzale Europa, 4 38123";TRENTO;0461/920316;0461/922030;ic.trento4@pec.provincia.tn.it;dir.ictn4@scuole.provincia.tn.it;segr.ictn4@scuole.provincia.tn.it;https://www.ictrento4.it;TNEE85702N
"ISTITUTO COMPRENSIVO TRENTO 6";"SCUOLA PRIMARIA ""BEATO S. BELLESINI"" TRENTO";;"A carattere statale/provinciale";"CHIARA GHETTA";;;"Via Stoppani, 3 38121";TRENTO;0461/236214;0461/230583;ic.trento6@pec.provincia.tn.it;dir.ic.tn6@scuole.provincia.tn.it;segr.ic.tn6@scuole.provincia.tn.it;https://www.ictrento6.it;TNEE85801C
"ISTITUTO COMPRENSIVO ISERA - ROVERETO";"SCUOLA SECONDARIA DI PRIMO GRADO ""A. DEGASPERI"" ROVERETO";;"A carattere statale/provinciale";"FRANCESCA BORROI";;;"Viale Della Vittoria, 43 38068";ROVERETO;0464/431515;0464/489616;ic.isera-rovereto@pec.provincia.tn.it;dir.ic.isera_rovereto@scuole.provincia.tn.it;segr.ic.isera_rovereto@scuole.provincia.tn.it;https://www.isera-rovereto.it;TNMM845019
"ISTITUTO COMPRENSIVO TRENTO 6";"SCUOLA PRIMARIA ""A. DEGASPERI"" SARDAGNA";;"A carattere statale/provinciale";"CHIARA GHETTA";;;"Via della Toresèla, 1 38123";TRENTO;0461/236214;0461/230583;ic.trento6@pec.provincia.tn.it;dir.ic.tn6@scuole.provincia.tn.it;segr.ic.tn6@scuole.provincia.tn.it;https://www.ictrento6.it;TNEE85806N
"LICEO CLASSICO ""G. Prati"" - TRENTO";;"Istituzione scolastica e formativa";"A carattere statale/provinciale";"PAOLA BARATTER";;;"Via S Trinita, 38 38122";TRENTO;0461/980190;0461/980747;prati@pec.provincia.tn.it;dir.liceoprati@scuole.provincia.tn.it;segr.liceoprati@scuole.provincia.tn.it;https://www.liceoprati.it;TNPC04000G
"ISTITUTO COMPRENSIVO PERGINE 1";;"Istituzione scolastica e formativa";"A carattere statale/provinciale";"DANIELA FRUET";;;"Via Monte Cristallo, 2 38057";"PERGINE VALSUGANA";0461/532261;0461/533167;ic.pergine1@pec.provincia.tn.it;dir.ic.pergine1@scuole.provincia.tn.it;segr.ic.pergine1@scuole.provincia.tn.it;https://www.icpergine1.it/;TNIC81400L
"ISTITUTO COMPRENSIVO TRENTO 4";"SCUOLA PRIMARIA CLARINA TRENTO";;"A carattere statale/provinciale";"ELENA  VALDUGA";;;"Via Einaudi, 13 38123";TRENTO;0461/920316;0461/922030;ic.trento4@pec.provincia.tn.it;dir.ictn4@scuole.provincia.tn.it;segr.ictn4@scuole.provincia.tn.it;https://www.ictrento4.it;TNEE85701L
"SOCIETA' COOPERATIVA A R.L. ""I. DE CARNERI"" OXFORD CIVEZZANO";"ISTITUTO PROFESSIONALE PER IL SETTORE DEI SERVIZI";;Paritaria/equiparata;"GIOVANNI SCALFI";"CLAUDIO MARCH";;"Via Murialdo, 30 38045";CIVEZZANO;0461/857003;0461/857284;oxford@pec.cooperazionetrentina.it;;info@istitutodecarneri.it;https://www.istitutodecarneri.it;TNRI015007
"ISTITUTO COMPRENSIVO MEZZOLOMBARDO - PAGANELLA";"SCUOLA PRIMARIA ""San G. Bosco"" SPORMAGGIORE";;"A carattere statale/provinciale";"CINZIA CASNA";;;"Via Alt Spaur, 5 38010";SPORMAGGIORE;0461/601125;0461/601125;ic.mezzolombardo@pec.provincia.tn.it;dir.ic.mezzolombardo@scuole.provincia.tn.it;segr.ic.mezzolombardo@scuole.provincia.tn.it;https://icmezzolombardopaganella.edu.it;TNEE82408L
"ISTITUTO COMPRENSIVO PERGINE 1";"SCUOLA PRIMARIA SANT'ORSOLA";;"A carattere statale/provinciale";"DANIELA FRUET";;;"Localita Pintarei, 21 38050";"SANT'ORSOLA TERME";0461/532261;0461/533167;ic.pergine1@pec.provincia.tn.it;dir.ic.pergine1@scuole.provincia.tn.it;segr.ic.pergine1@scuole.provincia.tn.it;https://www.icpergine1.it/;TNEE81406X
"ISTITUTO COMPRENSIVO STRIGNO E TESINO";"SCUOLA PRIMARIA OSPEDALETTO";;"A carattere statale/provinciale";"GIULIANA SIGHEL";;;"Via Roma, 52 38050";OSPEDALETTO;0461/762046;0461/763409;ic.strignotesino@pec.provincia.tn.it;dir.ic.strignoetesino@scuole.provincia.tn.it;segr.ic.strignoetesino@scuole.provincia.tn.it;https://www.icstrignoetesino.it;TNEE80108X
"ISTITUTO COMPRENSIVO ALA ""Antonio Bresciani""";"SCUOLA PRIMARIA ""M.T. di Calcutta"" SERRAVALLE";;"A carattere statale/provinciale";"MAURA MAINO";;;"Via Negrelli - Serravalle, 10 38061";ALA;0464/696606;0464/674138;ic.ala@pec.provincia.tn.it;dir.ic.ala@scuole.provincia.tn.it;segr.ic.ala@scuole.provincia.tn.it;https://www.istitutocomprensivoala.it;TNEE84802V
"ISTITUTO COMPRENSIVO ALDENO MATTARELLO";;"Istituzione scolastica e formativa";"A carattere statale/provinciale";"MICHELE RUELE";;;"Via Della Torre Franca, 1 38123";TRENTO;0461/945237;0464/946007;ic.aldeno-mattarello@pec.provincia.tn.it;dir.aldeno.mattarello@scuole.provincia.tn.it;segr.aldeno.mattarello@scuole.provincia.tn.it;https://www.icaldenomattarello.it;TNIC82100Q
"ISTITUTO COMPRENSIVO VILLA LAGARINA";"SCUOLA PRIMARIA NOGAREDO";;"A carattere statale/provinciale";"TIZIANA CHEMOTTI";;;"Via Verdi, 44 38060";NOGAREDO;0464/411312;0464/411705;ic.villalagarina@pec.provincia.tn.it;dir.ic.villalagarina@scuole.provincia.tn.it;segr.ic.villalagarina@scuole.provincia.tn.it;https://www.icvillalagarina.it;TNEE846016
"SOCIETA' COOPERATIVA A R.L. ""I. DE CARNERI"" OXFORD CIVEZZANO";"ISTITUTO TECNICO PER IL SETTORE ECONOMICO";;Paritaria/equiparata;"GIOVANNI SCALFI";"CLAUDIO MARCH";;"Via Murialdo, 30 38045";CIVEZZANO;0461/857003;0461/857284;oxford@pec.cooperazionetrentina.it;;info@istitutodecarneri.it;https://www.istitutodecarneri.it;TNTN01500Q
"ISTITUTO COMPRENSIVO GIUDICARIE ESTERIORI";"SCUOLA PRIMARIA ""G. GRAFFER"" STENICO";;"A carattere statale/provinciale";"BRUNO GENTILINI";;;"Via Risorgimento, 11/A 38070";STENICO;0465/701472;0465/702452;ic.giudicarieesteriori@pec.provincia.tn.it;dir.ic.pontearche@scuole.provincia.tn.it;segr.ic.pontearche@scuole.provincia.tn.it;https://www.giudicariescuola.it;TNEE83706L
"ISTITUTO DI ISTRUZIONE ""A. Degasperi"" - BORGO VALSUGANA";"LICEO DELLE SCIENZE UMANE";;"A carattere statale/provinciale";"GIULIO BERTOLDI";;;"Via XXIV Maggio, 7 38051";"BORGO VALSUGANA";0461/753647;0461/753364;degasperi@pec.provincia.tn.it;dir.istalcidedegasperi@scuole.provincia.tn.it;segr.istalcidedegasperi@scuole.provincia.tn.it;https://www.istalcidedegasperi.it;TNPS002011
"ISTITUTO COMPRENSIVO VALLE DEI LAGHI - DRO";"SCUOLA PRIMARIA CALAVINO";;"A carattere statale/provinciale";"ALESSANDRO FABRIS";;;"Piazza Maria Assunta - Calavino, 1 38076";MADRUZZO;0461/864026;0461/340648;ic.valledeilaghi@pec.provincia.tn.it;dir.ic.valledeilaghi@scuole.provincia.tn.it;segr.ic.valledeilaghi@scuole.provincia.tn.it;https://www.icvalledeilaghidro.it;TNEE84405P
"ISTITUTO COMPRENSIVO VALLE DEI LAGHI - DRO";"SCUOLA SECONDARIA DI PRIMO GRADO ""NUOVA EUROPA"" DRO";;"A carattere statale/provinciale";"ALESSANDRO FABRIS";;;"Via S Antonio, 17 38074";DRO;0461/864026;0461/340648;ic.valledeilaghi@pec.provincia.tn.it;dir.ic.valledeilaghi@scuole.provincia.tn.it;segr.ic.valledeilaghi@scuole.provincia.tn.it;https://www.icvalledeilaghidro.it;TNMM84403G
"ISTITUTO COMPRENSIVO ALTA VAL DI SOLE";"SCUOLA PRIMARIA VERMIGLIO";;"A carattere statale/provinciale";"FRANCO VANIN";;;"Via Senatore Kessler, 5 38029";VERMIGLIO;0463/758373;0463/750043;ic.altavaldisole@pec.provincia.tn.it;dir.icaltavaldisole@scuole.provincia.tn.it;segr.icaltavaldisole@scuole.provincia.tn.it;https://www.icaltavaldisole.it;TNEE83206D
"ISTITUTO COMPRENSIVO CEMBRA";"SCUOLA SECONDARIA DI PRIMO GRADO STEDRO SEGONZANO";;"A carattere statale/provinciale";"STEFANO CHESINI";;;"Frazione Scancio, 69 38047";SEGONZANO;0461/683006;0461/682166;ic.cembra@pec.provincia.tn.it;dir.cembra@scuole.provincia.tn.it;segr.cembra@scuole.provincia.tn.it;https://www.iccembra.it;TNMM82202N
"ISTITUTO COMPRENSIVO VILLA LAGARINA";"SCUOLA PRIMARIA ""P. LODRON"" VILLA LAGARINA";;"A carattere statale/provinciale";"TIZIANA CHEMOTTI";;;"Via Stockstadt Am Rhein, 9 38060";"VILLA LAGARINA";0464/411312;0464/411705;ic.villalagarina@pec.provincia.tn.it;dir.ic.villalagarina@scuole.provincia.tn.it;segr.ic.villalagarina@scuole.provincia.tn.it;https://www.icvillalagarina.it;TNEE846038
"ISTITUTO DI ISTRUZIONE ""L. Guetti"" - TIONE DI TRENTO";"LICEO LINGUISTICO";;"A carattere statale/provinciale";"RENATO PAOLI";;;"Via Durone, 53 38079";"TIONE DI TRENTO";0465/321735;0465/322811;guetti@pec.provincia.tn.it;dir.guetti@scuole.provincia.tn.it;segr.guetti@scuole.provincia.tn.it;https://www.guetti.tn.it;TNPS007014
"ISTITUTO COMPRENSIVO ISERA - ROVERETO";"SCUOLA PRIMARIA ""F.lli FILZI"" ROVERETO";;"A carattere statale/provinciale";"FRANCESCA BORROI";;;"Via Unione, 23 38068";ROVERETO;0464/431515;0464/489616;ic.isera-rovereto@pec.provincia.tn.it;dir.ic.isera_rovereto@scuole.provincia.tn.it;segr.ic.isera_rovereto@scuole.provincia.tn.it;https://www.isera-rovereto.it;TNEE84502B
"COLLEGIO ARCIVESCOVILE C.ENDRICI - TRENTO";"SCUOLA PRIMARIA ARCIVESCOVILE TRENTO";;Paritaria/equiparata;"CHRISTIAN BONAZZA";"BRUNO DAVES";;"Via Monsignor  Endrici, 23 38122";TRENTO;0461/1731200;0461/1731288;collegioarcivescovile@pec.it;collegioarcivescovile@arcivescoviletrento.it;didatticatn@arcivescoviletrento.it;https://www.arcivescoviletrento.it;TN1E00100V
"ISTITUTO DI ISTRUZIONE ""M. Curie"" - PERGINE VALSUGANA";"LICEO DELLE SCIENZE UMANE OPZIONE ECONOMICO SOCIALE";;"A carattere statale/provinciale";"TIZIANA GULLI";;;"VIA SAN PIETRO, 4 38057";"PERGINE VALSUGANA";0461/511397;0461/531743;curie@pec.provincia.tn.it;dir.curie.pergine@scuole.provincia.tn.it;segr.curie.pergine@scuole.provincia.tn.it;https://www.curiepergine.it;TNPS00401L
"ISTITUTO TECNICO ECONOMICO ""A. Tambosi"" - TRENTO";"ISTITUTO TECNICO PER IL SETTORE ECONOMICO SERALE";;"A carattere statale/provinciale";"ANDREA BEZZI";;;"Via Brigata Acqui, 19 38122";TRENTO;0461239955;0461230175;tambosibattisti@pec.provincia.tn.it;dir.tambositn@scuole.provincia.tn.it;segr.tambositn@scuole.provincia.tn.it;https://tambosi.tn.it;TNTD180507
"ISTITUTO TECNICO ECONOMICO ""A. Tambosi"" - TRENTO";;"Istituzione scolastica e formativa";"A carattere statale/provinciale";"ANDREA BEZZI";;;"Via Brigata Acqui, 19 38122";TRENTO;0461239955;0461230175;tambosibattisti@pec.provincia.tn.it;dir.tambositn@scuole.provincia.tn.it;segr.tambositn@scuole.provincia.tn.it;https://tambosi.tn.it;TNTD18000T
"ISTITUTO TECNICO ECONOMICO ""A. Tambosi"" - TRENTO";"ISTITUTO TECNICO PER IL SETTORE ECONOMICO";;"A carattere statale/provinciale";"ANDREA BEZZI";;;"Via Brigata Acqui, 19 38122";TRENTO;0461239955;0461230175;tambosibattisti@pec.provincia.tn.it;dir.tambositn@scuole.provincia.tn.it;segr.tambositn@scuole.provincia.tn.it;https://tambosi.tn.it;TNTD18000T
"ISTITUTO COMPRENSIVO BASSA ANAUNIA - TUENNO";"SCUOLA PRIMARIA ""V. Maistrelli"" TUENNO";;"A carattere statale/provinciale";"LICIA CAMPI";;;"Via Maistrelli - Tuenno, 11 38019";"VILLE D'ANAUNIA";0461/655783;0461/655783;ic.bassaanaunia@pec.provincia.tn.it;dir.ic.bassaanauniatuenno@scuole.provincia.tn.it;segr.ic.denno@scuole.provincia.tn.it;https://www.icbassaanauniatuenno.it;TNEE82907P
"ISTITUTO COMPRENSIVO ALDENO MATTARELLO";"SCUOLA PRIMARIA MATTARELLO";;"A carattere statale/provinciale";"MICHELE RUELE";;;"Via Poli, 11 38123";TRENTO;0461/945376;0464/946007;ic.aldeno-mattarello@pec.provincia.tn.it;dir.aldeno.mattarello@scuole.provincia.tn.it;segr.aldeno.mattarello@scuole.provincia.tn.it;https://www.icaldenomattarello.it;TNEE821041
"ISTITUTO TECNICO ECONOMICO E TECNOLOGICO ""F. e G. Fontana"" - ROVERETO";"ISTITUTO TECNICO PER IL SETTORE TECNOLOGICO SERALE";;"A carattere statale/provinciale";"GIUSEPPE SANTOLI";;;"Via Del Teatro, 4 38068";ROVERETO;0464/436100;0464/434116;fontana@pec.provincia.tn.it;dir.fontana@scuole.provincia.tn.it;segr.fontana@scuole.provincia.tn.it;https://www.fgfontana.eu;TNTD02050P
"ISTITUTO TECNICO TECNOLOGICO ""G. Marconi"" - ROVERETO";"ISTITUTO TECNICO PER IL SETTORE TECNOLOGICO SERALE";;"A carattere statale/provinciale";"DANIELA DEPENTORI";;;"Via Monti, 1 38068";ROVERETO;0464/411400;0464/419130;marconi@pec.provincia.tn.it;dir.itimarconi@scuole.provincia.tn.it;segr.itimarconi@scuole.provincia.tn.it;https://www.marconirovereto.it;TNTF020501
"ISTITUTO COMPRENSIVO TRENTO 4";"SCUOLA PRIMARIA OSPEDALE INFANTILE TRENTO";;"A carattere statale/provinciale";"ELENA  VALDUGA";;;"Largo Medaglie D Oro, 9 38122";TRENTO;0461/920316;0461/922030;ic.trento4@pec.provincia.tn.it;dir.ictn4@scuole.provincia.tn.it;segr.ictn4@scuole.provincia.tn.it;https://www.ictrento4.it;TNEE85703P
"ISTITUTO COMPRENSIVO RIVA 2 ""L. Pizzini""";"SCUOLA PRIMARIA ""A. ZADRA"" RIONE DEGASPERI RIVA DEL GARDA";;"A carattere statale/provinciale";"MAURIZIO CAPRONI";;;"Largo Caduti delle Foibe, 3 38066";"RIVA DEL GARDA";0464/552170;0464/520789;ic.riva2@pec.provincia.tn.it;dir.ic.riva2@scuole.provincia.tn.it;segr.ic.riva2@scuole.provincia.tn.it;https://www.riva2.it;TNEE84201V
"ISTITUTO COMPRENSIVO DEL CHIESE ""Don L. Milani""";"SCUOLA SECONDARIA DI PRIMO GRADO ""G. PASCOLI"" PIEVE DI BONO";;"A carattere statale/provinciale";"ROMEO COLLINI";;;"Via Fiera - Creto - Pieve di Bono, 1 38085";"PIEVE DI BONO-PREZZO";0465/674049;0465/687076;ic.chiese-storo@pec.provincia.tn.it;dir.ic.chiese@scuole.provincia.tn.it;segr.ic.chiese@scuole.provincia.tn.it;https://www.istitutodelchiese.it;TNMM838027
"ISTITUTO COMPRENSIVO MEZZOLOMBARDO - PAGANELLA";"SCUOLA PRIMARIA ""C. DARWIN"" MEZZOLOMBARDO";;"A carattere statale/provinciale";"CINZIA CASNA";;;"Via Filos, 3 38017";MEZZOLOMBARDO;0461/601125;0461/601125;ic.mezzolombardo@pec.provincia.tn.it;dir.ic.mezzolombardo@scuole.provincia.tn.it;segr.ic.mezzolombardo@scuole.provincia.tn.it;https://icmezzolombardopaganella.edu.it;TNEE824019
"LICEO ""A. Rosmini"" - TRENTO";"LICEO DELLE SCIENZE UMANE";;"A carattere statale/provinciale";"PATRIZIA VISCONTI";;;"Via Malfatti, 2 38122";TRENTO;0461/914400;0461/914498;rosmini.trento@pec.provincia.tn.it;dir.rosmini.tn@scuole.provincia.tn.it;segr.rosmini.tn@scuole.provincia.tn.it;https://www.rosmini.eu;TNPM01000X
"ISTITUTO COMPRENSIVO STRIGNO E TESINO";"SCUOLA PRIMARIA SCURELLE";;"A carattere statale/provinciale";"GIULIANA SIGHEL";;;"Via XV Agosto, 68 38050";SCURELLE;0461/762046;0461/763409;ic.strignotesino@pec.provincia.tn.it;dir.ic.strignoetesino@scuole.provincia.tn.it;segr.ic.strignoetesino@scuole.provincia.tn.it;https://www.icstrignoetesino.it;TNEE80105R
"ISTITUTO COMPRENSIVO MEZZOCORONA";"SCUOLA SECONDARIA DI PRIMO GRADO ""E. CHINI"" MEZZOCORONA";;"A carattere statale/provinciale";"PAOLA SIGMUND";;;"Via Dante, 9 38016";MEZZOCORONA;0461/605409;0461/605142;ic.mezzocorona@pec.provincia.tn.it;dir.ic.mezzocorona@scuole.provincia.tn.it;segr.ic.mezzocorona@scuole.provincia.tn.it;https://www.icmezzocorona.it;TNMM82301C
"ISTITUTO DI ISTRUZIONE ""A. Degasperi"" - BORGO VALSUGANA";"EDUCAZIONE PER ADULTI RELATIVA AL PRIMO CICLO";;"A carattere statale/provinciale";"GIULIO BERTOLDI";;;"Via XXIV Maggio, 7 38051";"BORGO VALSUGANA";0461/753647;0461/753364;degasperi@pec.provincia.tn.it;dir.istalcidedegasperi@scuole.provincia.tn.it;segr.istalcidedegasperi@scuole.provincia.tn.it;https://www.istalcidedegasperi.it;TNCT708006
"LICEO ""A. Rosmini"" - TRENTO";;"Istituzione scolastica e formativa";"A carattere statale/provinciale";"PATRIZIA VISCONTI";;;"Via Malfatti, 2 38122";TRENTO;0461/914400;0461/914498;rosmini.trento@pec.provincia.tn.it;dir.rosmini.tn@scuole.provincia.tn.it;segr.rosmini.tn@scuole.provincia.tn.it;https://www.rosmini.eu;TNPM01000X
"ISTITUTO COMPRENSIVO TRENTO 4";"SCUOLA SECONDARIA DI PRIMO GRADO ""O. WINKLER"" TRENTO";;"A carattere statale/provinciale";"ELENA  VALDUGA";;;"Viale Degli Olmi, 22 38123";TRENTO;0461/920316;0461/922030;ic.trento4@pec.provincia.tn.it;dir.ictn4@scuole.provincia.tn.it;segr.ictn4@scuole.provincia.tn.it;https://www.ictrento4.it;TNMM85701G
"ISTITUTO COMPRENSIVO LEVICO TERME";"SCUOLA PRIMARIA ""PADRE B. MARTINELLI"" CALCERANICA AL LAGO";;"A carattere statale/provinciale";"EZIO MONTIBELLER";;;"Via della Scuola, 2 38050";"CALCERANICA AL LAGO";0461/706146;0461/706099;ic.levicoterme@pec.provincia.tn.it;dir.ic.levico@scuole.provincia.tn.it;segr.ic.levico@scuole.provincia.tn.it;https://www.iclevico.eu;TNEE818012
"COLLEGIO ARCIVESCOVILE DAME INGLESI - ROVERETO";"LICEO LINGUISTICO ARCIVESCOVILE DAME INGLESI - ROVERETO";;Paritaria/equiparata;"CHRISTIAN BONAZZA";"BRUNO DAVES";;"Corso Bettini, 71 38068";ROVERETO;0464/406000;0464/406077;collegioarcivescovile@pec.it;dameinglesi@arcivescoviletrento.it;lia@arcivescoviletrento.it;https://www.arcivescoviletrento.it;TNPL005006
"ISTITUTO COMPRENSIVO TRENTO 2 ""J. A. Comenius""";"SCUOLA PRIMARIA ""R. ZANDONAI"" MARTIGNANO";;"A carattere statale/provinciale";"CARLO ZANETTI";;;"Piazza Menghin,  1 38121";TRENTO;0461/982113;0461/237554;ic.comenius@pec.provincia.tn.it;dir.ictn2@scuole.provincia.tn.it;segr.ictn2@scuole.provincia.tn.it;https://www.icomenius.it;TNEE820034
"ISTITUTO COMPRENSIVO ALA ""Antonio Bresciani""";"SCUOLA SECONDARIA DI PRIMO GRADO ""C. BATTISTI"" ALA";;"A carattere statale/provinciale";"MAURA MAINO";;;"Via Don Anzelini, 2 38061";ALA;0464/671119;0464/674138;ic.ala@pec.provincia.tn.it;dir.ic.ala@scuole.provincia.tn.it;segr.ic.ala@scuole.provincia.tn.it;https://www.istitutocomprensivoala.it;TNMM84801R
"ISTITUTO COMPRENSIVO LEVICO TERME";"SCUOLA PRIMARIA LEVICO TERME";;"A carattere statale/provinciale";"EZIO MONTIBELLER";;;"Via della Pace, 5 38056";"LEVICO TERME";0461/706146;0461/706099;ic.levicoterme@pec.provincia.tn.it;dir.ic.levico@scuole.provincia.tn.it;segr.ic.levico@scuole.provincia.tn.it;https://www.iclevico.eu;TNEE818034
"LICEO SCIENTIFICO ""G. Galilei"" - TRENTO";"LICEO SCIENTIFICO OPZIONE SCIENZE APPLICATE";;"A carattere statale/provinciale";"ELENA RUGGIERI";;;"Viale Bolognini, 88 38122";TRENTO;0461/913479;0461/913367;galilei@pec.provincia.tn.it;dir.liceogalilei@scuole.provincia.tn.it;segr.liceogalilei@scuole.provincia.tn.it;https://www.lsgalilei.org/;TNPS01000V
"ISTITUTO COMPRENSIVO DI SCUOLA PRIMARIA E SECONDARIA DI PRIMIERO";"SCUOLA PRIMARIA ""CARD. J. BERNARDIN"" TONADICO";;"A carattere statale/provinciale";"MARIA PRODI";;;"Via Sorelle Lucian - Tonadico, 8 38054";"PRIMIERO SAN MARTINO DI CASTROZZA";0439/62435;0439/762466;ic.primiero@pec.provincia.tn.it;dir.icprimiero@scuole.provincia.tn.it;segr.icprimiero@scuole.provincia.tn.it;https://www.scuoleprimiero.it;TNEE81007N
"ISTITUTO COMPRENSIVO VALLE DEI LAGHI - DRO";"SCUOLA PRIMARIA VEZZANO";;"A carattere statale/provinciale";"ALESSANDRO FABRIS";;;"Via Roma - Vezzano, 3 38070";VALLELAGHI;0461/864026;0461/340648;ic.valledeilaghi@pec.provincia.tn.it;dir.ic.valledeilaghi@scuole.provincia.tn.it;segr.ic.valledeilaghi@scuole.provincia.tn.it;https://www.icvalledeilaghidro.it;TNEE84403L
"ISTITUTO COMPRENSIVO ALDENO MATTARELLO";"SCUOLA SECONDARIA DI PRIMO GRADO ""A. FOGAZZARO"" MATTARELLO";;"A carattere statale/provinciale";"MICHELE RUELE";;;"Via Della Torre Franca, 1 38123";TRENTO;0461/945237;0464/946007;ic.aldeno-mattarello@pec.provincia.tn.it;dir.aldeno.mattarello@scuole.provincia.tn.it;segr.aldeno.mattarello@scuole.provincia.tn.it;https://www.icaldenomattarello.it;TNMM82102T
"ISTITUTO DI ISTRUZIONE ""M. Curie"" - PERGINE VALSUGANA";"ISTITUTO TECNICO PER IL SETTORE TECNOLOGICO SERALE";;"A carattere statale/provinciale";"TIZIANA GULLI";;;"Via S Pietro, 4 38057";"PERGINE VALSUGANA";0461/511397;0461/531743;curie@pec.provincia.tn.it;dir.curie.pergine@scuole.provincia.tn.it;segr.curie.pergine@scuole.provincia.tn.it;https://www.curiepergine.it;TNTD00450R
"LICEO ""A. Rosmini"" - ROVERETO";"LICEO SCIENTIFICO";;"A carattere statale/provinciale";"PAOLO PENDENZA";;;"Corso Bettini, 86 38068";ROVERETO;0464/437700;0464/420025;rosmini.rovereto@pec.provincia.tn.it;dir.liceorosmini@scuole.provincia.tn.it;segr.liceorosmini@scuole.provincia.tn.it;https://www.liceorosmini.eu;TNPC02000A
"ISTITUTO DI ISTRUZIONE ""M. Curie"" - PERGINE VALSUGANA";"ISTITUTO TECNICO PER IL SETTORE TECNOLOGICO";;"A carattere statale/provinciale";"TIZIANA GULLI";;;"Via S Pietro, 4 38057";"PERGINE VALSUGANA";0461/511397;0461/531743;curie@pec.provincia.tn.it;dir.curie.pergine@scuole.provincia.tn.it;segr.curie.pergine@scuole.provincia.tn.it;https://www.curiepergine.it;TNTD00401C
"ISTITUTO COMPRENSIVO BASSA ANAUNIA - TUENNO";"SCUOLA SECONDARIA DI PRIMO GRADO ""E. Leonardi"" TUENNO";;"A carattere statale/provinciale";"LICIA CAMPI";;;"Via Maistrelli - Tuenno, 11 38019";"VILLE D'ANAUNIA";0461/655783;0461/655783;ic.bassaanaunia@pec.provincia.tn.it;dir.ic.bassaanauniatuenno@scuole.provincia.tn.it;segr.ic.denno@scuole.provincia.tn.it;https://www.icbassaanauniatuenno.it;TNMM82902C
"ISTITUTO TECNICO ECONOMICO E TECNOLOGICO ""G. Floriani"" - RIVA DEL GARDA";"EDUCAZIONE PER ADULTI RELATIVA AL PRIMO CICLO";;"A carattere statale/provinciale";"PAOLO CHINCARINI";;;"Viale Dei Tigli, 43 38066";"RIVA DEL GARDA";0464/578511;0464/578555;floriani@pec.provincia.tn.it;dir.istitutofloriani@scuole.provincia.tn.it;segr.istitutofloriani@scuole.provincia.tn.it;https://www.g-floriani.it;TNCT702007
"COLLEGIO ARCIVESCOVILE C.ENDRICI - TRENTO";"LICEO CLASSICO ARCIVESCOVILE - TRENTO";;Paritaria/equiparata;"CHRISTIAN BONAZZA";"BRUNO DAVES";;"Via Monsignor  Endrici, 23 38122";TRENTO;0461/1731200;0461/1731288;collegioarcivescovile@pec.it;collegioarcivescovile@arcivescoviletrento.it;didatticatn@arcivescoviletrento.it;https://www.arcivescoviletrento.it;TNPC01500V
"ISTITUTO DI ISTRUZIONE ""M. Martini"" - MEZZOLOMBARDO";"LICEO SCIENTIFICO";;"A carattere statale/provinciale";"VALENTINA ZANOLLA";;;"Via Perlasca, 4 38017";MEZZOLOMBARDO;0461/601122;0461/601470;martini@pec.provincia.tn.it;dir.martini.mezzolombardo@scuole.provincia.tn.it;segr.martini.mezzolombardo@scuole.provincia.tn.it;https://www.martinomartini.eu;TNPS00301R
"ISTITUTO COMPRENSIVO ROVERETO EST";"SCUOLA PRIMARIA MOSCHERI TRAMBILENO";;"A carattere statale/provinciale";"MICHELE ROSA";;;"Frazione Moscheri,   38068";TRAMBILENO;0464/433709;0464/450456;ic.roveretoest@pec.provincia.tn.it;dir.ic.roveretoest@scuole.provincia.tn.it;segr.ic.roveretoest@scuole.provincia.tn.it;https://www.roveretoest.it;TNEE85305D
"ISTITUTO COMPRENSIVO TAIO";"SCUOLA PRIMARIA COREDO";;"A carattere statale/provinciale";"MAURA ZINI";;;"Via delle Scuole - Coredo,  6 38012";PREDAIA;0463/468193;0463/467616;ic.taio@pec.provincia.tn.it;dir.ictaio@scuole.provincia.tn.it;segr.ictaio@scuole.provincia.tn.it;https://www.ictaio.it;TNEE826011
"ISTITUTO COMPRENSIVO BRENTONICO";"SCUOLA SECONDARIA DI PRIMO GRADO BRENTONICO";;"A carattere statale/provinciale";"ENRICA RIGOTTI";;;"Via Calzolari - Localita Fontana, 2 38060";BRENTONICO;0464/395189;0464/392710;ic.brentonico@pec.provincia.tn.it;dir.ic.brentonico@scuole.provincia.tn.it;segr.ic.brentonico@scuole.provincia.tn.it;https://www.icbrentonico.it/;TNMM861017
"ISTITUTO COMPRENSIVO BRENTONICO";;"Istituzione scolastica e formativa";"A carattere statale/provinciale";"ENRICA RIGOTTI";;;"Via Calzolari - Localita Fontana, 2 38060";BRENTONICO;0464/395189;0464/392710;ic.brentonico@pec.provincia.tn.it;dir.ic.brentonico@scuole.provincia.tn.it;segr.ic.brentonico@scuole.provincia.tn.it;https://www.icbrentonico.it/;TNIC861006
"ISTITUTO COMPRENSIVO BRENTONICO";"SCUOLA PRIMARIA BRENTONICO";;"A carattere statale/provinciale";"ENRICA RIGOTTI";;;"Via Calzolari - Localita Fontana, 2 38060";BRENTONICO;0464/395189;0464/392710;ic.brentonico@pec.provincia.tn.it;dir.ic.brentonico@scuole.provincia.tn.it;segr.ic.brentonico@scuole.provincia.tn.it;https://www.icbrentonico.it/;TNEE861018
"Scuola dell'infanzia di Rovereto ""Rosmini""";"Scuola dell'Infanzia di Rovereto ""Rosmini""";;Paritaria/equiparata;;;"ROBERTA MEDEGHINI";"Corso Rosmini, 3 38068";ROVERETO;0464-421541;;rovereto.rosmini.presidente@fpsm.tn.it;;rovereto.rosmini.segretario@fpsm.tn.it;;
"Circolo di coordinamento n. 10";"Scuola dell'Infanzia di Pomarolo  ""Don Rainoldi""";;"A carattere statale/provinciale";;;"GINEVRA RELLA";"Via G.B. Adami, 10 38060";POMAROLO;0464/410211;0464/493115;scuolainfanzia.pomarolo@scuole.provincia.tn.it;;circolo.coordinamento10@provincia.tn.it;;
"ISTITUTO COMPRENSIVO BORGO VALSUGANA";;"Istituzione scolastica e formativa";"A carattere statale/provinciale";"LUIGI VITULLO";;;"Via Spagolla, 1 38051";"BORGO VALSUGANA";0461/753179;0461/754131;ic.borgovalsugana@pec.provincia.tn.it;dir.ic.borgovalsugana@scuole.provincia.tn.it;segr.ic.borgovalsugana@scuole.provincia.tn.it;http://www.icborgovalsugana.edu.it/;TNIC812001
"Circolo di coordinamento n. 1";"Scuola dell'Infanzia di Baselga di Piné";;"A carattere statale/provinciale";;;"KATIA PEGORETTI";"Via del Municipio Vecchio, 2 38042";"BASELGA DI PINE'";0461/557640;0461/493495;scuolainfanzia.baselgadipine@scuole.provincia.tn.it;;circolo.coordinamento01@provincia.tn.it;;
"Circolo di coordinamento n. 2";"Scuola dell'Infanzia di Vigolo Vattaro ""Giardino dell'Amicizia""";;"A carattere statale/provinciale";;;"HELENE GIACOMELLI";"Via Al Castello - Vigolo Vattaro, 10 38049";"ALTOPIANO DELLA VIGOLANA";0461/848577;"0461 491976";scuolainfanzia.vigolovattaro@scuole.provincia.tn.it;;circolo.coordinamento02@provincia.tn.it;;
"Circolo di coordinamento n. 1";"Scuola dell'Infanzia di Miola di Pinè";;"A carattere statale/provinciale";;;"KATIA PEGORETTI";"Via del Dos di Miola, 13 38042";"BASELGA DI PINE'";0461/557950;0461/493495;scuolainfanzia.miola@scuole.provincia.tn.it;;circolo.coordinamento01@provincia.tn.it;;
"Circolo di coordinamento n. 1";"Scuola dell'Infanzia di Seregnano ""Arcobaleno""";;"A carattere statale/provinciale";;;"KATIA PEGORETTI";"Via Alla Villa Wolf - Rovere, 4 38045";CIVEZZANO;0461/858736;0461/493495;scuolainfanzia.seregnano@scuole.provincia.tn.it;;circolo.coordinamento01@provincia.tn.it;;
"Circolo di coordinamento n. 6";"Scuola dell'Infanzia di Zambana ""Girotondo""";;"A carattere statale/provinciale";;;"VALENTINA RIZZON";"Via Conti Spaur, 2 38010";"TERRE D'ADIGE";0461/241060;0461/499283;scuolainfanzia.zambana@scuole.provincia.tn.it;;circolo.coordinamento06@provincia.tn.it;;
"Circolo di coordinamento n. 2";"Scuola dell'Infanzia di Canal San Bovo ""Lausen""";;"A carattere statale/provinciale";;;"HELENE GIACOMELLI";"Localita Lausen, 13 38050";"CANAL SAN BOVO";0439/718979;"0461 491976";scuolainfanzia.canalsanbovo@scuole.provincia.tn.it;;circolo.coordinamento02@provincia.tn.it;;
"Circolo di coordinamento n. 1";"Scuola dell'Infanzia di Rizzolaga di Pinè ""Raggio di sole""";;"A carattere statale/provinciale";;;"KATIA PEGORETTI";"Frazione Rizzolaga, 94 38042";"BASELGA DI PINE'";0461/557629;0461/493495;scuolainfanzia.rizzolaga@scuole.provincia.tn.it;;circolo.coordinamento01@provincia.tn.it;;
"Circolo di coordinamento n. 6";"Scuola dell'Infanzia di Trento  Meano  ""M. R. Giobatta Partelloni""";;"A carattere statale/provinciale";;;"VALENTINA RIZZON";"Via Delle Sugarine, 38 38121";TRENTO;0461/991187;0461/499283;scuolainfanzia.meano@scuole.provincia.tn.it;;circolo.coordinamento06@provincia.tn.it;;
"Circolo di coordinamento n. 2";"Scuola dell'Infanzia di Centa San Nicolò";;"A carattere statale/provinciale";;;"HELENE GIACOMELLI";"Via dei Campi - Centa San Nicolo, 14 38049";"ALTOPIANO DELLA VIGOLANA";0461/722120;"0461 491976";scuolainfanzia.centa@scuole.provincia.tn.it;;circolo.coordinamento02@provincia.tn.it;;
"Circolo di coordinamento n. 2";"Scuola dell'Infanzia di Tenna ""Il sentiero""";;"A carattere statale/provinciale";;;"HELENE GIACOMELLI";"Via Venezia, 1 38050";TENNA;0461/707635;"0461 491976";scuolainfanzia.tenna@scuole.provincia.tn.it;;circolo.coordinamento02@provincia.tn.it;;
"Circolo di coordinamento n. 6";"Scuola dell'Infanzia di Trento  Martignano  ""Arcobaleno""";;"A carattere statale/provinciale";;;"VALENTINA RIZZON";"Via Alla Formigheta, 4 38121";TRENTO;0461/830411;0461/499283;scuolainfanzia.martignano@scuole.provincia.tn.it;;circolo.coordinamento06@provincia.tn.it;;
"Circolo di coordinamento n. 6";"Scuola dell'Infanzia di Trento  Solteri  ""Il Quadrifoglio""";;"A carattere statale/provinciale";;;"VALENTINA RIZZON";"Via Dei Solteri, 24 38121";TRENTO;0461/821343;0461/499283;scuolainfanzia.solteri@scuole.provincia.tn.it;;circolo.coordinamento06@provincia.tn.it;;
"Circolo di coordinamento n. 6";"Scuola dell'Infanzia di Grumes";;"A carattere statale/provinciale";;;"VALENTINA RIZZON";"Piazza Municipio - Grumes, 10 38030";ALTAVALLE;0461/685022;0461/499283;scuolainfanzia.grumes@scuole.provincia.tn.it;;circolo.coordinamento06@provincia.tn.it;;
"Circolo di coordinamento n. 1";"Scuola dell'Infanzia di Civezzano";;"A carattere statale/provinciale";;;"KATIA PEGORETTI";"Via Telvana, 4 38045";CIVEZZANO;0461/858481;0461/493495;scuolainfanzia.civezzano@scuole.provincia.tn.it;;circolo.coordinamento01@provincia.tn.it;;
"Circolo di coordinamento n. 6";"Scuola dell'Infanzia di Trento  Melta di Gardolo  ""Il girasole""";;"A carattere statale/provinciale";;;"VALENTINA RIZZON";"Localita Melta, 14 38121";TRENTO;0461/991622;0461/499283;scuolainfanzia.melta@scuole.provincia.tn.it;;circolo.coordinamento06@provincia.tn.it;;
"Circolo di coordinamento n. 1";"Scuola dell'Infanzia di Capriana ""Maddalena Lazzeri""";;"A carattere statale/provinciale";;;"KATIA PEGORETTI";"Piazza Scuole, 3 38030";CAPRIANA;0462/816377;0461/493495;scuolainfanzia.capriana@scuole.provincia.tn.it;;circolo.coordinamento01@provincia.tn.it;;
"Circolo di coordinamento n. 2";"Scuola dell'Infanzia di Vattaro";;"A carattere statale/provinciale";;;"HELENE GIACOMELLI";"Via Giardino - Vattaro, 7 38049";"ALTOPIANO DELLA VIGOLANA";0461/848066;"0461 491976";scuolainfanzia.vattaro@scuole.provincia.tn.it;;circolo.coordinamento02@provincia.tn.it;;
"Circolo di coordinamento n. 1";"Scuola dell'Infanzia di S. Orsola ""Il girotondo""";;"A carattere statale/provinciale";;;"KATIA PEGORETTI";"Localita Pintarei, 9 38050";"SANT'ORSOLA TERME";0461/551163;0461/493495;scuolainfanzia.santorsola@scuole.provincia.tn.it;;circolo.coordinamento01@provincia.tn.it;;
"Circolo di coordinamento n. 1";"Scuola dell'Infanzia di Piazze";;"A carattere statale/provinciale";;;"KATIA PEGORETTI";"Via Vittorino da Feltre, 24 38043";BEDOLLO;0461/556518;0461/493495;scuolainfanzia.bedollo@scuole.provincia.tn.it;;circolo.coordinamento01@provincia.tn.it;;
"Circolo di coordinamento n. 2";"Scuola dell'Infanzia di Bosentino";;"A carattere statale/provinciale";;;"HELENE GIACOMELLI";"Via Alle Scuole - Bosentino, 12 38049";"ALTOPIANO DELLA VIGOLANA";0461/845133;"0461 491976";scuolainfanzia.bosentino@scuole.provincia.tn.it;;circolo.coordinamento02@provincia.tn.it;;
"Circolo di coordinamento n. 2";;"Circolo di coordinamento pedagogico";"A carattere statale/provinciale";;;"HELENE GIACOMELLI";"Via Temanza, 4 38051";"BORGO VALSUGANA";"0461 491980";"0461 491976";circolo.coordinamento02@provincia.tn.it;;circolo.coordinamento02@provincia.tn.it;;
"Circolo di coordinamento n. 2";"Scuola dell'Infanzia di Imer";;"A carattere statale/provinciale";;;"HELENE GIACOMELLI";"Via Nazionale, 71 38050";IMER;0439/67668;"0461 491976";scuolainfanzia.imer@scuole.provincia.tn.it;;circolo.coordinamento02@provincia.tn.it;;
"Circolo di coordinamento n. 1";"Scuola dell'Infanzia di Casatta";;"A carattere statale/provinciale";;;"KATIA PEGORETTI";"Frazione Casatta, 54 38040";VALFLORIANA;0462/910249;0461/493495;scuolainfanzia.casatta@scuole.provincia.tn.it;;circolo.coordinamento01@provincia.tn.it;;
"Circolo di coordinamento n. 1";"Scuola dell'Infanzia di Molina di Fiemme";;"A carattere statale/provinciale";;;"KATIA PEGORETTI";"Via Segherie, 64/C 38030";"CASTELLO-MOLINA DI FIEMME";0462/230696;0461/493495;scuolainfanzia.molina@scuole.provincia.tn.it;;circolo.coordinamento01@provincia.tn.it;;
"Circolo di coordinamento n. 1";"Scuola dell'Infanzia di Fierozzo ""Himblring""";;"A carattere statale/provinciale";;;"KATIA PEGORETTI";"Maso Ronca, 9 38050";"FIEROZZO - VLARÖTZ";0461/540044;0461/493495;scuolainfanzia.fierozzo@scuole.provincia.tn.it;;circolo.coordinamento01@provincia.tn.it;;
"Circolo di coordinamento n. 2";"Scuola dell'Infanzia di Bieno";;"A carattere statale/provinciale";;;"HELENE GIACOMELLI";"Via Ammiraglio Bettolo, 21 38050";BIENO;0461/596247;"0461 491976";scuolainfanzia.bieno@scuole.provincia.tn.it;;circolo.coordinamento02@provincia.tn.it;;
"Circolo di coordinamento n. 2";"Scuola dell'Infanzia di Castello Tesino";;"A carattere statale/provinciale";;;"HELENE GIACOMELLI";"Via Venezia, 16/A 38053";"CASTELLO TESINO";0461/593023;"0461 491976";scuolainfanzia.castellotesino@scuole.provincia.tn.it;;circolo.coordinamento02@provincia.tn.it;;
"Circolo di coordinamento n. 1";;"Circolo di coordinamento pedagogico";"A carattere statale/provinciale";;;"KATIA PEGORETTI";"Viale Dante, 5 38057";"PERGINE VALSUGANA";0461/493491;0461/493495;circolo.coordinamento01@provincia.tn.it;;circolo.coordinamento01@provincia.tn.it;;
"Circolo di coordinamento n. 6";"Scuola dell'Infanzia di Giovo  ""Il Pellicano""";;"A carattere statale/provinciale";;;"VALENTINA RIZZON";"Via Delle Scuole, 9 38030";GIOVO;0461/684978;0461/499283;scuolainfanzia.paludigiovo@scuole.provincia.tn.it;;circolo.coordinamento06@provincia.tn.it;;
"LICEO SCIENTIFICO ""L. Da Vinci"" - TRENTO";"LICEO SCIENTIFICO";;"A carattere statale/provinciale";"VIVIANA SBARDELLA ";;;"Via Madruzzo, 24 38122";TRENTO;0461/984099;0461/986257;davinci@pec.provincia.tn.it;dir.liceodavinci@scuole.provincia.tn.it;segr.liceodavinci@scuole.provincia.tn.it;https://www.liceodavincitn.it;TNPS02000D
"ISTITUTO COMPRENSIVO FONDO - REVO'";"SCUOLA SECONDARIA DI PRIMO GRADO ""G. B. LAMPI"" FONDO";;"A carattere statale/provinciale";"MIRIAM PREDELLI";;;"Via Laviosa Zambotti - Fondo, 24 38020";"BORGO D'ANAUNIA";0463/831134;0463/831746;ic.fondo@pec.provincia.tn.it;dir.ic.fondo@scuole.provincia.tn.it;segr.ic.fondo@scuole.provincia.tn.it;https://www.icfondorevo.it;TNMM82803N
"ISTITUTO COMPRENSIVO VALLE DI LEDRO";;"Istituzione scolastica e formativa";"A carattere statale/provinciale";"MASSIMO AMISTADI";;;"Via Falcone e Borsellino - Bezzecca, 2 38067";LEDRO;0464/592800;0464/592819;ic.vallediledro@pec.provincia.tn.it;dir.ic.bezzecca@scuole.provincia.tn.it;segr.ic.bezzecca@scuole.provincia.tn.it;https://www.icvallediledro.it;TNIC80600N
"ISTITUTO COMPRENSIVO FONDO - REVO'";"SCUOLA PRIMARIA ""MADRE TERESA DI CALCUTTA"" ROMENO";;"A carattere statale/provinciale";"MIRIAM PREDELLI";;;"Via Monsignor Rosati, 1 38010";ROMENO;0463/831134;0463/831746;ic.fondo@pec.provincia.tn.it;dir.ic.fondo@scuole.provincia.tn.it;segr.ic.fondo@scuole.provincia.tn.it;https://www.icfondorevo.it;TNEE82805R
"ISTITUTO COMPRENSIVO FONDO - REVO'";"SCUOLA PRIMARIA ""C.A. Martini"" REVO'";;"A carattere statale/provinciale";"MIRIAM PREDELLI";;;"Via Delle Maddalene, 7 38028";NOVELLA;0463/831134;0463/831746;ic.fondo@pec.provincia.tn.it;dir.ic.fondo@scuole.provincia.tn.it;segr.ic.fondo@scuole.provincia.tn.it;https://www.icfondorevo.it;TNEE828091
"ISTITUTO COMPRENSIVO ARCO";"SCUOLA SECONDARIA DI PRIMO GRADO ""N. D'ARCO"" ARCO";;"A carattere statale/provinciale";"PAOLA MARONI";;;"Localita Prabi,   38062";ARCO;0464/516429;0464/517064;ic.arco@pec.provincia.tn.it;dir.ic.arco@scuole.provincia.tn.it;segr.ic.arco@scuole.provincia.tn.it;https://www.icarco.edu.it;TNMM840016
"LICEO SCIENTIFICO ""L. Da Vinci"" - TRENTO";"LICEO SCIENTIFICO OPZIONE SCIENZE APPLICATE";;"A carattere statale/provinciale";"VIVIANA SBARDELLA ";;;"Via Madruzzo, 24 38122";TRENTO;0461/984099;0461/986257;davinci@pec.provincia.tn.it;dir.liceodavinci@scuole.provincia.tn.it;segr.liceodavinci@scuole.provincia.tn.it;https://www.liceodavincitn.it;TNPS02000D
"ISTITUTO COMPRENSIVO ARCO";"SCUOLA PRIMARIA MASSONE";;"A carattere statale/provinciale";"PAOLA MARONI";;;"Via Maffei - San Martino, 2 38062";ARCO;0464/516679;0464/517064;ic.arco@pec.provincia.tn.it;dir.ic.arco@scuole.provincia.tn.it;segr.ic.arco@scuole.provincia.tn.it;https://www.icarco.edu.it;TNEE840028
"LICEO ""B. Russell"" - CLES";"LICEO DELLE SCIENZE UMANE OPZIONE ECONOMICO SOCIALE";;"A carattere statale/provinciale";"ROBERTA GAMBARO";;;"Via IV Novembre, 35 38023";CLES;0463/424049;0463/424577;russell@pec.provincia.tn.it;dir.russell@scuole.provincia.tn.it;segr.russell@scuole.provincia.tn.it;https://www.liceorussell.eu;TNPM006019
"ISTITUTO COMPRENSIVO AVIO";"SCUOLA PRIMARIA SABBIONARA DI AVIO";;"A carattere statale/provinciale";"NICCOLO' DAI PRA'";;;"Piazza Conciliazione,  1 38063";AVIO;0464/684067;0464/687570;ic.avio@pec.provincia.tn.it;dir.ic.avio@scuole.provincia.tn.it;segr.ic.avio@scuole.provincia.tn.it;https://www.istitutoavio.it;TNEE847023
"ISTITUTO TECNICO TECNOLOGICO ""M. Buonarroti"" - TRENTO";"ISTITUTO TECNICO PER IL SETTORE TECNOLOGICO SERALE";;"A carattere statale/provinciale";"TIZIANA ROSSI";;;"Via Brigata Acqui, 15 38122";TRENTO;0461/216811;0461/984216;buonarroti@pec.provincia.tn.it;dir.buonarroti@scuole.provincia.tn.it;istituto.tecnico@buonarroti.tn.it;https://www.buonarroti.tn.it/;TNTF01351V
"ISTITUTO COMPRENSIVO ARCO";;"Istituzione scolastica e formativa";"A carattere statale/provinciale";"PAOLA MARONI";;;"Localita Prabi,   38062";ARCO;0464/516429;0464/517064;ic.arco@pec.provincia.tn.it;dir.ic.arco@scuole.provincia.tn.it;segr.ic.arco@scuole.provincia.tn.it;https://www.icarco.edu.it;TNIC840005
"ISTITUTO COMPRENSIVO FONDO - REVO'";"SCUOLA PRIMARIA ""Stefano Zuech"" BREZ";;"A carattere statale/provinciale";"MIRIAM PREDELLI";;;"Via Nigaiola - Brez, 1 38028";NOVELLA;0463/831134;0463/831746;ic.fondo@pec.provincia.tn.it;dir.ic.fondo@scuole.provincia.tn.it;segr.ic.fondo@scuole.provincia.tn.it;https://www.icfondorevo.it;TNEE82808X
"ISTITUTO COMPRENSIVO ARCO";"SCUOLA PRIMARIA BOLOGNANO";;"A carattere statale/provinciale";"PAOLA MARONI";;;"Viale Stazione, 2 38062";ARCO;0464/518610;0464/517064;ic.arco@pec.provincia.tn.it;dir.ic.arco@scuole.provincia.tn.it;segr.ic.arco@scuole.provincia.tn.it;https://www.icarco.edu.it;TNEE840017
"ISTITUTO COMPRENSIVO AVIO";"SCUOLA SECONDARIA DI PRIMO GRADO ""D. ALIGHIERI"" AVIO";;"A carattere statale/provinciale";"NICCOLO' DAI PRA'";;;"Viale Degasperi, 69 38063";AVIO;0464/684029;0464/687570;ic.avio@pec.provincia.tn.it;dir.ic.avio@scuole.provincia.tn.it;segr.ic.avio@scuole.provincia.tn.it;https://www.istitutoavio.it;TNMM847011
"LICEO ""B. Russell"" - CLES";"LICEO SCIENTIFICO";;"A carattere statale/provinciale";"ROBERTA GAMBARO";;;"Via IV Novembre, 35 38023";CLES;0463/424049;0463/424577;russell@pec.provincia.tn.it;dir.russell@scuole.provincia.tn.it;segr.russell@scuole.provincia.tn.it;https://www.liceorussell.eu;TNPS006018
"ISTITUTO COMPRENSIVO FONDO - REVO'";"SCUOLA PRIMARIA SARNONICO";;"A carattere statale/provinciale";"MIRIAM PREDELLI";;;"Via Manzoni, 7 38011";SARNONICO;0463/831134;0463/831746;ic.fondo@pec.provincia.tn.it;dir.ic.fondo@scuole.provincia.tn.it;segr.ic.fondo@scuole.provincia.tn.it;https://www.icfondorevo.it;TNEE82807V
"LICEO ""B. Russell"" - CLES";;"Istituzione scolastica e formativa";"A carattere statale/provinciale";"ROBERTA GAMBARO";;;"Via IV Novembre, 35 38023";CLES;0463/424049;0463/424577;russell@pec.provincia.tn.it;dir.russell@scuole.provincia.tn.it;segr.russell@scuole.provincia.tn.it;https://www.liceorussell.eu;TNIS00600T
"ISTITUTO COMPRENSIVO FONDO - REVO'";"SCUOLA PRIMARIA ""PADRE A. STEFENELLI"" FONDO";;"A carattere statale/provinciale";"MIRIAM PREDELLI";;;"Piazza Don Stefenelli - Fondo, 2 38020";"BORGO D'ANAUNIA";0463/831134;0463/831746;ic.fondo@pec.provincia.tn.it;dir.ic.fondo@scuole.provincia.tn.it;segr.ic.fondo@scuole.provincia.tn.it;https://www.icfondorevo.it;TNEE82804Q
"LICEO ""B. Russell"" - CLES";"LICEO SCIENTIFICO OPZIONE SCIENZE APPLICATE";;"A carattere statale/provinciale";"ROBERTA GAMBARO";;;"Via IV Novembre, 35 38023";CLES;0463/424049;0463/424577;russell@pec.provincia.tn.it;dir.russell@scuole.provincia.tn.it;segr.russell@scuole.provincia.tn.it;https://www.liceorussell.eu;TNPS006018
"ISTITUTO COMPRENSIVO FONDO - REVO'";"SCUOLA SECONDARIA DI PRIMO GRADO ""C.A. Martini"" REVO'";;"A carattere statale/provinciale";"MIRIAM PREDELLI";;;"Via Canestrini, 7 38028";NOVELLA;0463/831134;0463/831746;ic.fondo@pec.provincia.tn.it;dir.ic.fondo@scuole.provincia.tn.it;segr.ic.fondo@scuole.provincia.tn.it;https://www.icfondorevo.it;TNMM82802L
"LICEO ""B. Russell"" - CLES";"LICEO DELLE SCIENZE UMANE";;"A carattere statale/provinciale";"ROBERTA GAMBARO";;;"Via IV Novembre, 35 38023";CLES;0463/424049;0463/424577;russell@pec.provincia.tn.it;dir.russell@scuole.provincia.tn.it;segr.russell@scuole.provincia.tn.it;https://www.liceorussell.eu;TNPM006019
"ISTITUTO COMPRENSIVO VALLE DI LEDRO";"SCUOLA PRIMARIA TIARNO DI SOPRA";;"A carattere statale/provinciale";"MASSIMO AMISTADI";;;"Piazza Milin - Tiarno di Sopra, 14 38067";LEDRO;0464/592800;0464/592819;ic.vallediledro@pec.provincia.tn.it;dir.ic.bezzecca@scuole.provincia.tn.it;segr.ic.bezzecca@scuole.provincia.tn.it;https://www.icvallediledro.it;TNEE80603T
"LICEO ""B. Russell"" - CLES";"LICEO CLASSICO";;"A carattere statale/provinciale";"ROBERTA GAMBARO";;;"Via IV Novembre, 35 38023";CLES;0463/424049;0463/424577;russell@pec.provincia.tn.it;dir.russell@scuole.provincia.tn.it;segr.russell@scuole.provincia.tn.it;https://www.liceorussell.eu;TNPM006019
"ISTITUTO TECNICO TECNOLOGICO ""M. Buonarroti"" - TRENTO";"ISTITUTO TECNICO PER IL SETTORE TECNOLOGICO";;"A carattere statale/provinciale";"TIZIANA ROSSI";;;"Via Brigata Acqui, 15 38122";TRENTO;0461/216811;0461/984216;buonarroti@pec.provincia.tn.it;dir.buonarroti@scuole.provincia.tn.it;istituto.tecnico@buonarroti.tn.it;https://www.buonarroti.tn.it/;TNTF01301D
"LICEO ""B. Russell"" - CLES";"LICEO LINGUISTICO";;"A carattere statale/provinciale";"ROBERTA GAMBARO";;;"Via IV Novembre, 35 38023";CLES;0463/424049;0463/424577;russell@pec.provincia.tn.it;dir.russell@scuole.provincia.tn.it;segr.russell@scuole.provincia.tn.it;https://www.liceorussell.eu;TNPS006018
"ISTITUTO COMPRENSIVO VALLE DI LEDRO";"SCUOLA SECONDARIA DI PRIMO GRADO ""G. GARIBALDI"" BEZZECCA";;"A carattere statale/provinciale";"MASSIMO AMISTADI";;;"Via Falcone e Borsellino - Bezzecca, 2 38067";LEDRO;0464/592800;0464/592819;ic.vallediledro@pec.provincia.tn.it;dir.ic.bezzecca@scuole.provincia.tn.it;segr.ic.bezzecca@scuole.provincia.tn.it;https://www.icvallediledro.it;TNMM80601P
"ISTITUTO COMPRENSIVO AVIO";"SCUOLA PRIMARIA AVIO";;"A carattere statale/provinciale";"NICCOLO' DAI PRA'";;;"Via Perotti, 47 38063";AVIO;0464/684117;0464/687570;ic.avio@pec.provincia.tn.it;dir.ic.avio@scuole.provincia.tn.it;segr.ic.avio@scuole.provincia.tn.it;https://www.istitutoavio.it;TNEE847012
"ISTITUTO COMPRENSIVO VALLE DI LEDRO";"SCUOLA PRIMARIA MOLINA DI LEDRO";;"A carattere statale/provinciale";"MASSIMO AMISTADI";;;"Via Sartori - Molina di Ledro, 27 38067";LEDRO;0464/592800;0464/592819;ic.vallediledro@pec.provincia.tn.it;dir.ic.bezzecca@scuole.provincia.tn.it;segr.ic.bezzecca@scuole.provincia.tn.it;https://www.icvallediledro.it;TNEE80602R
"ISTITUTO COMPRENSIVO ARCO";"SCUOLA PRIMARIA ROMARZOLLO";;"A carattere statale/provinciale";"PAOLA MARONI";;;"Via Fossa, 8 38062";ARCO;0464/516187;0464/517064;ic.arco@pec.provincia.tn.it;dir.ic.arco@scuole.provincia.tn.it;segr.ic.arco@scuole.provincia.tn.it;https://www.icarco.edu.it;TNEE84004A
"ISTITUTO COMPRENSIVO VALLE DI LEDRO";"SCUOLA PRIMARIA ""O. FERRARI"" ENGUISO";;"A carattere statale/provinciale";"MASSIMO AMISTADI";;;"Via dei Concei - Enguiso - Concei, 27 38067";LEDRO;0464/592800;0464/592819;ic.vallediledro@pec.provincia.tn.it;dir.ic.bezzecca@scuole.provincia.tn.it;segr.ic.bezzecca@scuole.provincia.tn.it;https://www.icvallediledro.it;TNEE80601Q
"ISTITUTO COMPRENSIVO FONDO - REVO'";"SCUOLA PRIMARIA CASTELFONDO";;"A carattere statale/provinciale";"MIRIAM PREDELLI";;;"Via Madonna Pellegrina, 5 38020";"BORGO D'ANAUNIA";0463/831134;0463/831746;ic.fondo@pec.provincia.tn.it;dir.ic.fondo@scuole.provincia.tn.it;segr.ic.fondo@scuole.provincia.tn.it;https://www.icfondorevo.it;TNEE82801L
"ISTITUTO COMPRENSIVO FONDO - REVO'";"SCUOLA PRIMARIA SANZENO";;"A carattere statale/provinciale";"MIRIAM PREDELLI";;;"Frazione Banco, 98 38010";SANZENO;0463/831134;0463/831746;ic.fondo@pec.provincia.tn.it;dir.ic.fondo@scuole.provincia.tn.it;segr.ic.fondo@scuole.provincia.tn.it;https://www.icfondorevo.it;TNEE828103
"ISTITUTO COMPRENSIVO AVIO";;"Istituzione scolastica e formativa";"A carattere statale/provinciale";"NICCOLO' DAI PRA'";;;"Viale Degasperi, 69 38063";AVIO;0464/684029;0464/687570;ic.avio@pec.provincia.tn.it;dir.ic.avio@scuole.provincia.tn.it;segr.ic.avio@scuole.provincia.tn.it;https://www.istitutoavio.it;TNIC84700X
"Scuola dell'infanzia di Taio ""Asilo infantile di Taio ODV""";;"Scuola dell'infanzia";Paritaria/equiparata;;;"UTE PANCHER";"Via Edison - Taio, 3 38012";PREDAIA;0463-468269;;taio.presidente@fpsm.tn.it;;taio.segretario@fpsm.tn.it;;
"Scuola dell'infanzia di Trento ""G. B. Zanella ODV""";"Scuola dell'infanzia di Trento ""G. B. Zanella ODV""";;Paritaria/equiparata;;;"ALESSANDRA BIANCHI";"Via Gar, 1 38122";TRENTO;0461-233744;0461-233744;segreteria@gbzanella.it;;;;
"Scuola dell'infanzia di Taio ""Asilo infantile di Taio ODV""";"Scuola dell'infanzia di Taio ""Asilo infantile di Taio ODV""";;Paritaria/equiparata;;;"UTE PANCHER";"Via Edison - Taio, 3 38012";PREDAIA;0463-468269;;taio.presidente@fpsm.tn.it;;taio.segretario@fpsm.tn.it;;
"Centro Formazione Professionale ENAIP - Cles";"SETTORE INDUSTRIA E ARTIGIANATO";;Paritaria/equiparata;;"Luca Branz";;"Via Mitterer, 10 38023";CLES;0463/421362;0463/421606;cfp.cles@pec.it;;cfp.cles@enaip.tn.it;https://cles.enaiptrentino.it/;TNFP251STA
"FONDAZIONE EDMUND MACH - ISTITUTO AGRARIO SAN MICHELE ALL'ADIGE";"SETTORE AGRICOLTURA E AMBIENTE";;Paritaria/equiparata;"MANUEL PENASA";"CLAUDIA BISOGNIN";;"Via Mach, 1 38098";"SAN MICHELE ALL'ADIGE";0461/615213;0461/615273;amministrazione.cif@pec.iasma.it;;segreteria.scuola@fmach.it;https://www.fmach.it;TNCF006001
"SCUOLA LADINA DI FASSA - SCOLA LADINA DE FASCIA";"LICEO ARTISTICO";;"A carattere statale/provinciale";"FEDERICO CORRADINI";;;"Strada Dolomites - Pozza di Fassa, 7 38036";"SAN GIOVANNI DI FASSA - SEN JAN";0462/763702;0462/760001;scuolaladinadifassa@pec.provincia.tn.it;dir.scuolaladinadifassa@scuole.provincia.tn.it;segr.scuolaladinadifassa@scuole.provincia.tn.it;https://www.scuolaladina.com/;TNSD010009
"ISTITUTO COMPRENSIVO FONDO - REVO'";;"Istituzione scolastica e formativa";"A carattere statale/provinciale";"MIRIAM PREDELLI";;;"Via Laviosa Zambotti - Fondo, 24 38020";"BORGO D'ANAUNIA";0463/831134;0463/831746;ic.fondo@pec.provincia.tn.it;dir.ic.fondo@scuole.provincia.tn.it;segr.ic.fondo@scuole.provincia.tn.it;https://www.icfondorevo.it;TNIC82800E
"ISTITUTO DI ISTRUZIONE ""M. Martini"" - MEZZOLOMBARDO";;"Istituzione scolastica e formativa";"A carattere statale/provinciale";"VALENTINA ZANOLLA";;;"Via Perlasca, 4 38017";MEZZOLOMBARDO;0461/601122;0461/601470;martini@pec.provincia.tn.it;dir.martini.mezzolombardo@scuole.provincia.tn.it;segr.martini.mezzolombardo@scuole.provincia.tn.it;https://www.martinomartini.eu;TNIS00300A
"Centro Formazione Professionale UPT - Cles";"SETTORE SERVIZI";;Paritaria/equiparata;;"WALTER IORI";;"Via D Agostin, 2 38023";CLES;0463/422820;0463/424409;cfp-upt@pec.it;;segreteria.cles@cfp-upt.it;https://www.cfp-upt.it;TNFP262STA
"Centro Formazione Professionale UPT - Tione di Trento";"SETTORE SERVIZI";;Paritaria/equiparata;;"MAURIZIO CADONNA ";;"Via Roma, 15 38079";"TIONE DI TRENTO";0465/321889;0465/324518;cfp-upt@pec.it;;segreteria.tione@cfp-upt.it;https://www.cfp-upt.it;TNFP263STA
"Centro Formazione Professionale ENAIP - Primiero";"SETTORE INDUSTRIA E ARTIGIANATO";;Paritaria/equiparata;;"Fausto Eccher";;"Via Forno - Transacqua, 12 38054";"PRIMIERO SAN MARTINO DI CASTROZZA";0439/762057;0439/762833;cfp.primiero@pec.it;;cfp.primiero@enaip.tn.it;https://primiero.enaiptrentino.it/;TNFP253STA
"ISTITUTO GARDASCUOLA";"LICEO SCIENTIFICO OPZIONE SCIENZE APPLICATE";;Paritaria/equiparata;"LORENZO ANGELI";;;"Via XXIV Maggio, 1 38062";ARCO;0464/519546;0464/519959;gardascuola@pec.cooperazionetrentina.it;;segreteria@gardascuola.it;https://www.gardascuola.it;TNPS00500B
"ISTITUTO GARDASCUOLA";"SCUOLA SECONDARIA DI PRIMO GRADO GARDASCUOLA ARCO";;Paritaria/equiparata;"LORENZO ANGELI";;;"Via XXIV Maggio, 1 38062";ARCO;0464/519546;0464/519959;gardascuola@pec.cooperazionetrentina.it;;segreteria@gardascuola.it;https://www.gardascuola.it;TN1M00800V
"ISTITUTO GARDASCUOLA";"SCUOLA PRIMARIA GARDASCUOLA ARCO";;Paritaria/equiparata;"LORENZO ANGELI";;;"Via XXIV Maggio, 1 38062";ARCO;0464/519546;0464/519959;gardascuola@pec.cooperazionetrentina.it;;segreteria@gardascuola.it;https://www.gardascuola.it;TN1E00800N
"ISTITUTO GARDASCUOLA";"ISTITUTO TECNICO PER IL SETTORE ECONOMICO";;Paritaria/equiparata;"LORENZO ANGELI";;;"Via XXIV Maggio, 1 38062";ARCO;0464/519546;0464/519959;gardascuola@pec.cooperazionetrentina.it;;segreteria@gardascuola.it;https://www.gardascuola.it;TNTN04500G
"Centro Formazione Professionale ENAIP - Arco";"CAPES - SETTORE INDUSTRIA E ARTIGIANATO";;Paritaria/equiparata;;"Diego Freo";;"Via Gazzoletti - Mogno, 8 38062";ARCO;0464/516465;0464/516497;cfp.arco@pec.it;;cfp.arco@enaip.tn.it;https://arco.enaiptrentino.it;TNCF00100Q
"Circolo di coordinamento n. 2";"Scuola dell'Infanzia di Levico Terme ""Taita Marcos""";;"A carattere statale/provinciale";;;"HELENE GIACOMELLI";"Via Monsignor Caproni, 1 38056";"LEVICO TERME";0461/710298;"0461 491976";scuolainfanzia.levico@scuole.provincia.tn.it;;circolo.coordinamento02@provincia.tn.it;;
"Scuola dell'infanzia di Albiano";;"Scuola dell'infanzia";Paritaria/equiparata;;;"PAMELA TOMASELLI";"Via S Antonio, 22 38041";ALBIANO;0461/689486;"0461 723325";albiano.presidente@fpsm.tn.it;;albiano.segretario@fpsm.tn.it;;
"Circolo di coordinamento n. 4";"Scuola dell'Infanzia di Trento S.Giuseppe ""Maso Ginocchio - Collodi""";;"A carattere statale/provinciale";;;"RITA FERENZENA";"Via Giusti, 56 38122";TRENTO;0461/930042;0461/496950;scuolainfanzia.sangiuseppe@scuole.provincia.tn.it;;circolo.coordinamento04@provincia.tn.it;;
"Scuola dell'Infanzia di Trento ""Antonio Tambosi ODV""";"Scuola dell'Infanzia di Trento ""Antonio Tambosi ODV""";;Paritaria/equiparata;;;;"Via Francesco Ferruccio, 4 38122";TRENTO;0461/237392;0461-237392;scuolamaterna.tambosi@gmail.com;;;;
"Scuola dell'Infanzia di Lizzana ""Asilo infantile di Lizzana ODV""";"Scuola dell'Infanzia di Lizzana ""Asilo infantile di Lizzana ODV""";;Paritaria/equiparata;;;;"Via Brigata Mantova, 1 38068";ROVERETO;0464-433395;;lizzana.materna@associazionecoesi.com;;;;
"ISTITUTO COMPRENSIVO MORI";;"Istituzione scolastica e formativa";"A carattere statale/provinciale";"MASSIMILIANO LATINO";;;"Via Giovanni XXIII, 64 38065";MORI;0464/918669;;ic.mori@pec.provincia.tn.it;dir.ic.mori@scuole.provincia.tn.it;segr.ic.mori@scuole.provincia.tn.it;https://www.icmori.it/;TNIC84900G
"ISTITUTO COMPRENSIVO LAVIS";;"Istituzione scolastica e formativa";"A carattere statale/provinciale";"FRANCESCA LASARACINA";;;"Via Sette, 13 38015";LAVIS;0461/246535;0461/242955;ic.lavis@pec.provincia.tn.it;dir.ic.lavis@scuole.provincia.tn.it;segr.ic.lavis@scuole.provincia.tn.it;https://www.iclavis.it;TNIC825003
"ISTITUTO COMPRENSIVO ROVERETO NORD";;"Istituzione scolastica e formativa";"A carattere statale/provinciale";"TIZIANA CHIARA PASQUINI";;;"Corso Bettini, 67 38068";ROVERETO;0464/420759;0464/480415;ic.roveretonord@pec.provincia.tn.it;dir.ic.roveretonord@scuole.provincia.tn.it;segr.ic.roveretonord@scuole.provincia.tn.it;https://www.icroveretonord.it;TNIC859006
"ISTITUTO COMPRENSIVO CENTRO VALSUGANA";;"Istituzione scolastica e formativa";"A carattere statale/provinciale";"LOREDANA MONTANARO";;;"Via Don Meggio, 2/A 38050";"RONCEGNO TERME";0461/764581;0461/771046;ic.centrovalsugana@pec.provincia.tn.it;dir.ic.centrovalsugana@scuole.provincia.tn.it;segr.ic.centrovalsugana@scuole.provincia.tn.it;https://www.iccentrovalsugana.it;TNIC81300R
"Scuola dell'Infanzia di Serso ""Don Ochner ODV"" ";;"Scuola dell'infanzia";Paritaria/equiparata;;;;"Via al Casteler, 1 38057";"PERGINE VALSUGANA";"0461 533843";;serso.asilo@gmail.com;;scuola.donochner@email.it;;
"Scuola dell'Infanzia di Serso ""Don Ochner ODV"" ";"Scuola dell'infanzia di Serso ""Don Ochner ODV""";;Paritaria/equiparata;;;;"Via al Casteler, 1 38057";"PERGINE VALSUGANA";"0461 533843";;serso.asilo@gmail.com;;scuola.donochner@email.it;;
"Scuola dell'Infanzia di Lizzanella ""Asilo infantile di Lizzanella ODV""";;"Scuola dell'infanzia";Paritaria/equiparata;;;;"Corso Verona, 109 38068";ROVERETO;0464/432307;0464-400420;lizzanella.materna@associazionecoesi.com;;;;
"Scuola dell'infanzia di Rovereto ""Clementino Vannetti ODV""";"Scuola dell'Infanzia di Rovereto ""Clementino Vannetti ODV""";;Paritaria/equiparata;;;;"Via S Maria, 58 38068";ROVERETO;"0464 420061";;asilovannetti@gmail.com;;;;
"Circolo di coordinamento n. 3";"Scuola dell'Infanzia di Trento Villazzano 3 ""L'officina degli gnomi""";;"A carattere statale/provinciale";;;"CHIARA NADALON";"Via Conci, 10 38123";TRENTO;0461/920367;0461/497257;scuolainfanzia.villazzano@scuole.provincia.tn.it;;circolo.coordinamento03@provincia.tn.it;;
"Scuola dell'Infanzia di Lavis "" Madre Maddalena di Canossa ODV""";"Scuola dell'Infanzia di Lavis  ""Madre Maddalena di Canossa ODV""";;Paritaria/equiparata;;;;"Via Dei Colli, 4 38015";LAVIS;"0461 240366";0461-249078;lavis.materna@associazionecoesi.com;;;;
"Scuola dell'infanzia di Villazzano";"Scuola dell'Infanzia di Villazzano";;Paritaria/equiparata;;;"IVANA LEONARDELLI";"Via Giordano, 15 38123";TRENTO;0461/920382;;villazzano.segretario@fpsm.tn.it;;villazzano.segretario@fpsm.tn.it;;
"Scuola dell'Infanzia di Lizzanella ""Asilo infantile di Lizzanella ODV""";"Scuola dell'Infanzia di Lizzanella ""Asilo Infantile di Lizzanella ODV""";;Paritaria/equiparata;;;;"Corso Verona, 109 38068";ROVERETO;0464/432307;0464-400420;lizzanella.materna@associazionecoesi.com;;;;
"Scuola dell'Infanzia di Trento ""Sacro Cuore ODV""";;"Scuola dell'infanzia";Paritaria/equiparata;;;"SARA TONAZZOLI";"Piazza S Teresa Verzeri, 4 38122";TRENTO;0461/981465;;materna@istitutosacrocuore.it;;;;
"Scuola dell'infanzia di Aldeno";;"Scuola dell'infanzia";Paritaria/equiparata;;;"SANDRA CIAPPI";"Via XXV Aprile, 5 38060";ALDENO;0461/842597;;aldeno.presidente@fpsm.tn.it;;aldeno.segretario@fpsm.tn.it;;
"Scuola dell'Infanzia di Lavis "" Madre Maddalena di Canossa ODV""";;"Scuola dell'infanzia";Paritaria/equiparata;;;;"Via Dei Colli, 4 38015";LAVIS;0461/240366;0461-249078;lavis.materna@associazionecoesi.com;;;;
"Scuola dell'Infanzia di Breguzzo - Bondo ""Giuseppina Bonazza ODV""";"Scuola dell'Infanzia di Breguzzo - Bondo  ""Giuseppina Bonazza ODV""";;Paritaria/equiparata;;;;"Via Marconi - Breguzzo, 5 38087";"SELLA GIUDICARIE";0465-901550;;breguzzo.bondo.materna@associazionecoesi.com;;;;
"Scuola dell'Infanzia di Breguzzo - Bondo ""Giuseppina Bonazza ODV""";;"Scuola dell'infanzia";Paritaria/equiparata;;;;"Via Marconi - Breguzzo, 5 38087";"SELLA GIUDICARIE";0465-901550;;breguzzo.bondo.materna@associazionecoesi.com;;;;
"Scuola dell'infanzia di Ranzo ""Amici scuola infanzia di Ranzo ODV""";;"Scuola dell'infanzia";Paritaria/equiparata;;;;"Via al Castel Romano - Ranzo - Vezzano, 29 38070";VALLELAGHI;"338 7970838";;ranzo.materna@associazionecoesi.com;;;;
"Scuola dell'Infanzia di Marco - Rovereto ""G. e A. Rosmini - Serbati ODV""";;"Scuola dell'infanzia";Paritaria/equiparata;;;;"Via Alla Stazione, 2 38068";ROVERETO;0464/665395;0464/665395;marco.materna@associazionecoesi.com;;;;
"Scuola dell'Infanzia di Daone ""Asilo infantile di Daone ODV""";;"Scuola dell'infanzia";Paritaria/equiparata;;;"DORIS LOSA";"Via Re di Castello - Daone, 57 38080";VALDAONE;0465/674060;;daone.materna@associazionecoesi.com;;;;
"Scuola dell'Infanzia di Riva ""giardino di Infanzia ODV""";"Scuola dell'Infanzia di Riva  ""Giardino""";;Paritaria/equiparata;;;;"Viale Roma, 32 38066";"RIVA DEL GARDA";0464/552360;0464-560456;rivagiardinodinfanzia@gmail.com;;;;
"Scuola dell'Infanzia di Trento ""S. Antonio ODV""";;"Scuola dell'infanzia";Paritaria/equiparata;;;;"Via Adamello, 2 38122";TRENTO;0461/911027;0461/394133;s.antonio.materna@associazionecoesi.com;;;;
"Scuola dell'infanzia di Albiano";"Scuola dell'Infanzia di Albiano";;Paritaria/equiparata;;;"PAMELA TOMASELLI";"Via S Antonio, 22 38041";ALBIANO;0461/689486;"0461 723325";albiano.presidente@fpsm.tn.it;;albiano.segretario@fpsm.tn.it;;
"Scuola dell'Infanzia di Marco - Rovereto ""G. e A. Rosmini - Serbati ODV""";"Scuola dell'infanzia di Marco-Rovereto ""G. e A. Rosmini-Serbati ODV""";;Paritaria/equiparata;;;;"Via Alla Stazione, 2 38068";ROVERETO;0464/665395;0464/665395;marco.materna@associazionecoesi.com;;;;
"Scuola dell'Infanzia di Daone ""Asilo infantile di Daone ODV""";"Scuola dell'Infanzia di Daone ""Asilo infantile di Daone ODV""";;Paritaria/equiparata;;;"DORIS LOSA";"Via Re di Castello - Daone, 57 38080";VALDAONE;0465/674060;;daone.materna@associazionecoesi.com;;;;
"Scuola dell'infanzia di Rovereto ""Clementino Vannetti ODV""";;"Scuola dell'infanzia";Paritaria/equiparata;;;;"Via S Maria, 58 38068";ROVERETO;"0464 420061";;asilovannetti@gmail.com;;;;
"Scuola dell'Infanzia di Trento ""Sacro Cuore ODV""";"Scuola dell'Infanzia di Trento ""Sacro Cuore ODV""";;Paritaria/equiparata;;;"SARA TONAZZOLI";"Piazza S Teresa Verzeri, 4 38122";TRENTO;0461/981465;;materna@istitutosacrocuore.it;;;;
"Scuola dell'Infanzia di Lizzana ""Asilo infantile di Lizzana ODV""";;"Scuola dell'infanzia";Paritaria/equiparata;;;;"Via Brigata Mantova, 1 38068";ROVERETO;0464/433395;;lizzana.materna@associazionecoesi.com;;;;
"Scuola dell'Infanzia di Riva ""giardino di Infanzia ODV""";;"Scuola dell'infanzia";Paritaria/equiparata;;;;"Viale Roma, 32 38066";"RIVA DEL GARDA";0464/552360;0464-560456;rivagiardinodinfanzia@gmail.com;;;;
"Scuola dell'Infanzia di Trento ""Antonio Tambosi ODV""";;"Scuola dell'infanzia";Paritaria/equiparata;;;;"Via Francesco Ferruccio, 4 38122";TRENTO;0461/237392;0461-237392;scuolamaterna.tambosi@gmail.com;;;;
"Scuola dell'Infanzia di Trento ""S. Antonio ODV""";"Scuola dell'Infanzia di Trento ""S. Antonio ODV""";;Paritaria/equiparata;;;;"Via Adamello, 2 38122";TRENTO;0461/911027;0461/394133;s.antonio.materna@associazionecoesi.com;;;;
"Centro Formazione Professionale ENAIP - Varone di Riva del Garda";;"Istituzione scolastica e formativa";Paritaria/equiparata;;"ELISABETTA FILIPPI";;"Rione Europa, 3 38066";"RIVA DEL GARDA";0464/521300;0464/521553;cfp.rivadelgarda@pec.it;;cfp.rivadelgarda@enaip.tn.it;https://rivadelgarda.enaiptrentino.it/;TNCF007001
"Centro Formazione Professionale ENAIP - Varone di Riva del Garda";"SETTORE SERVIZI";;Paritaria/equiparata;;"ELISABETTA FILIPPI";;"Rione Europa, 3 38066";"RIVA DEL GARDA";0464/521300;0464/521553;cfp.rivadelgarda@pec.it;;cfp.rivadelgarda@enaip.tn.it;https://rivadelgarda.enaiptrentino.it/;TNCF007001
"ISTITUTO COMPRENSIVO TRENTO 5";"SCUOLA SECONDARIA DI PRIMO GRADO ""G. BRESADOLA"" TRENTO";;"A carattere statale/provinciale";"PAOLA PASQUALIN";;;"Via Al Torrione, 2 38122";TRENTO;0461/986634;0461/984463;ic.tn5@pec.provincia.tn.it;dir.ic.tn5@scuole.provincia.tn.it;segr.ic.tn5@scuole.provincia.tn.it;http://www.istitutotrento5.it/;TNMM85201C
"Centro Formazione Professionale ENAIP - Villazzano";"SETTORE INDUSTRIA E ARTIGIANATO";;Paritaria/equiparata;;"Paola Coccia";;"Via Asiago, 14 38123";TRENTO;0461/920386;0461/914935;cfp.villazzano@pec.it;;cfp.villazzano@enaip.tn.it;https://villazzano.enaiptrentino.it/;TNCF008001
"ISTITUTO COMPRENSIVO TRENTO 5";"SCUOLA PRIMARIA ""R. SANZIO"" TRENTO";;"A carattere statale/provinciale";"PAOLA PASQUALIN";;;"Piazza Sanzio, 13 38122";TRENTO;0461/233896;0461/984463;ic.tn5@pec.provincia.tn.it;dir.ic.tn5@scuole.provincia.tn.it;segr.ic.tn5@scuole.provincia.tn.it;http://www.istitutotrento5.it/;TNEE85201D
"ISTITUTO COMPRENSIVO TRENTO 5";;"Istituzione scolastica e formativa";"A carattere statale/provinciale";"PAOLA PASQUALIN";;;"Via S Giovanni Bosco, 8 38122";TRENTO;0461/986634;0461/984463;ic.tn5@pec.provincia.tn.it;dir.ic.tn5@scuole.provincia.tn.it;segr.ic.tn5@scuole.provincia.tn.it;http://www.istitutotrento5.it/;TNIC85200B
"ISTITUTO COMPRENSIVO TRENTO 5";"SCUOLA PRIMARIA ""F. CRISPI"" TRENTO";;"A carattere statale/provinciale";"PAOLA PASQUALIN";;;"Via S Giovanni Bosco, 8 38122";TRENTO;0461/263331;0461/984463;ic.tn5@pec.provincia.tn.it;dir.ic.tn5@scuole.provincia.tn.it;segr.ic.tn5@scuole.provincia.tn.it;http://www.istitutotrento5.it/;TNEE85202E
"ISTITUTO COMPRENSIVO TRENTO 5";"SCUOLA PRIMARIA ""A. GORFER"" TRENTO";;"A carattere statale/provinciale";"PAOLA PASQUALIN";;;"Via Dei Solteri, 22 38121";TRENTO;0461/821434;0461/984463;ic.tn5@pec.provincia.tn.it;dir.ic.tn5@scuole.provincia.tn.it;segr.ic.tn5@scuole.provincia.tn.it;http://www.istitutotrento5.it/;TNEE85204L
"LICEO DELLE ARTI DI TRENTO E ROVERETO ""Vittoria-Bonporti-Depero""";"LICEO ARTISTICO ""Vittoria"" - Trento";;"A carattere statale/provinciale";"DANIELA SIMONCELLI";;;"Via Zambra, 3 38121";TRENTO;0461/824422;;vittoria@pec.provincia.tn.it;dir.istitutodellearti@scuole.provincia.tn.it;info@liceodellearti.tn.it;https://www.liceodellearti.tn.it;TNSD02000X
"LICEO DELLE ARTI DI TRENTO E ROVERETO ""Vittoria-Bonporti-Depero""";"LICEO MUSICALE COREUTICO ";;"A carattere statale/provinciale";"DANIELA SIMONCELLI";;;"Vicolo S Maria Maddalena, 16 38122";TRENTO;0461/260648;;info.bonporti@istitutodellearti.tn.it;dir.istitutodellearti@scuole.provincia.tn.it;info@liceodellearti.tn.it;https://www.liceodellearti.tn.it;TNSD02000X
"LICEO DELLE ARTI DI TRENTO E ROVERETO ""Vittoria-Bonporti-Depero""";"LICEO ARTISTICO ""Depero""- ROVERETO";;"A carattere statale/provinciale";"DANIELA SIMONCELLI";;;"Via Delle Fosse, 9 38068";ROVERETO;0464/438836;;info.depero@istitutodellearti.tn.it;dir.istitutodellearti@scuole.provincia.tn.it;info@liceodellearti.tn.it;https://www.liceodellearti.tn.it;TNSD020011
"Circolo di coordinamento n. 8";"Scuola dell'Infanzia di Bezzecca - A. Cis";;"A carattere statale/provinciale";;;"MARIA TERESA SCARPELLINI";"Via Generale Dalla Chiesa - Bezzecca, 2 38067";LEDRO;" 0464/592840";0461/493389;scuolainfanzia.bezzecca@scuole.provincia.tn.it;;circolo.coordinamento08@provincia.tn.it;;
"Circolo di coordinamento n. 8";"Scuola dell'Infanzia di Darzo ""L'albero delle castagne""";;"A carattere statale/provinciale";;;"MARIA TERESA SCARPELLINI";"Via S Giovanni Nepomuceno, 11 38089";STORO;0465/685244;0461/493389;scuolainfanzia.darzo@scuole.provincia.tn.it;;circolo.coordinamento08@provincia.tn.it;;
"Circolo di coordinamento n. 8";"Scuola dell'Infanzia di Dro";;"A carattere statale/provinciale";;;"MARIA TERESA SCARPELLINI";"Via S Antonio, 10 38074";DRO;0464/504211;0461/493389;scuolainfanzia.dro@scuole.provincia.tn.it;;circolo.coordinamento08@provincia.tn.it;;
"Circolo di coordinamento n. 8";"Scuola dell'Infanzia di Preore";;"A carattere statale/provinciale";;;"MARIA TERESA SCARPELLINI";"Via Serafini - Preore, 92 38095";"TRE VILLE";0465/321393;0461/493389;scuolainfanzia.preore@scuole.provincia.tn.it;;circolo.coordinamento08@provincia.tn.it;;
"Circolo di coordinamento n. 8";"Scuola dell'Infanzia di Romarzollo";;"A carattere statale/provinciale";;;"MARIA TERESA SCARPELLINI";"Via Fossa, 21 38062";ARCO;0464/532848;0461/493389;scuolainfanzia.arco@scuole.provincia.tn.it;;circolo.coordinamento08@provincia.tn.it;;
"Circolo di coordinamento n. 8";"Scuola dell'Infanzia di Tiarno di Sopra";;"A carattere statale/provinciale";;;"MARIA TERESA SCARPELLINI";"Piazza Milin - Tiarno di Sopra, 13 38067";LEDRO;0464/592850;0461/493389;scuolainfanzia.tiarnodisopra@scuole.provincia.tn.it;;circolo.coordinamento08@provincia.tn.it;;
"Circolo di coordinamento n. 8";"Scuola dell'Infanzia di Zuclo Bolbeno";;"A carattere statale/provinciale";;;"MARIA TERESA SCARPELLINI";"Via Fucina - Zuclo, 12 38079";"BORGO LARES";0465/322790;0461/493389;scuolainfanzia.zuclo@scuole.provincia.tn.it;;circolo.coordinamento08@provincia.tn.it;;
"Scuola dell'Infanzia di Tione di Trento ""Don Giovanni Failoni ODV""";"Scuola dell'Infanzia di Tione di Trento ""Don Giovanni Failoni""";;Paritaria/equiparata;;;;"Piazza Battisti, 4 38079";"TIONE DI TRENTO";"0465 321314";0461/329714;tione.materna@associazionecoesi.com;;;;
"Circolo di coordinamento n. 8";;"Circolo di coordinamento pedagogico";"A carattere statale/provinciale";;;"MARIA TERESA SCARPELLINI";"Via Circonvallazione, 65 38079";"TIONE DI TRENTO";0461/493385;0461/493389;circolo.coordinamento08@provincia.tn.it;;circolo.coordinamento08@provincia.tn.it;;
"Scuola dell'Infanzia di Tione di Trento ""Don Giovanni Failoni ODV""";;"Scuola dell'infanzia";Paritaria/equiparata;;;;"Piazza Battisti, 4 38079";"TIONE DI TRENTO";0461/321314;0461/329714;tione.materna@associazionecoesi.com;;;;
"LICEO DELLE ARTI DI TRENTO E ROVERETO ""Vittoria-Bonporti-Depero""";;"Istituzione scolastica e formativa";"A carattere statale/provinciale";"DANIELA SIMONCELLI";;;"Via Zambra, 3 38121";TRENTO;0461/824422;;vittoria@pec.provincia.tn.it;dir.istitutodellearti@scuole.provincia.tn.it;info@liceodellearti.tn.it;https://www.liceodellearti.tn.it;TNSD02000X
"ISTITUTO COMPRENSIVO ROVERETO SUD";"SCUOLA PRIMARIA ""D. ALIGHIERI"" ROVERETO";;"A carattere statale/provinciale";"GIUSEPPE GAMMINO";;;"Via Benacense, 32 38068";ROVERETO;0464/420532;0464/432707;ic.roveretosud@pec.provincia.tn.it;dir.ic.roveretosud@scuole.provincia.tn.it;segr.ic.roveretosud@scuole.provincia.tn.it;https://icroveretosud.edu.it;TNEE855011
"ISTITUTO COMPRENSIVO ROVERETO SUD";;"Istituzione scolastica e formativa";"A carattere statale/provinciale";"GIUSEPPE GAMMINO";;;"Via Benacense, 32 38068";ROVERETO;0464/420532;0464/432707;ic.roveretosud@pec.provincia.tn.it;dir.ic.roveretosud@scuole.provincia.tn.it;segr.ic.roveretosud@scuole.provincia.tn.it;https://icroveretosud.edu.it;TNIC85500V
"ISTITUTO COMPRENSIVO ROVERETO SUD";"SCUOLA PRIMARIA ""F. GUELLA"" LIZZANA";;"A carattere statale/provinciale";"GIUSEPPE GAMMINO";;;"Via Piave,  18 38068";ROVERETO;0464/420532;0464/432707;ic.roveretosud@pec.provincia.tn.it;dir.ic.roveretosud@scuole.provincia.tn.it;segr.ic.roveretosud@scuole.provincia.tn.it;https://icroveretosud.edu.it;TNEE855022
"ISTITUTO COMPRENSIVO ROVERETO SUD";"SCUOLA SECONDARIA DI PRIMO GRADO ""F. HALBHERR"" ROVERETO";;"A carattere statale/provinciale";"GIUSEPPE GAMMINO";;;"Via Livenza, 1 38068";ROVERETO;0464/420532;0464/432707;ic.roveretosud@pec.provincia.tn.it;dir.ic.roveretosud@scuole.provincia.tn.it;segr.ic.roveretosud@scuole.provincia.tn.it;https://icroveretosud.edu.it;TNMM85501X
"ISTITUTO COMPRENSIVO ROVERETO SUD";"SCUOLA PRIMARIA ""A. ROSMINI"" MARCO";;"A carattere statale/provinciale";"GIUSEPPE GAMMINO";;;"Via II Novembre, 57 38068";ROVERETO;0464/420532;0464/432707;ic.roveretosud@pec.provincia.tn.it;dir.ic.roveretosud@scuole.provincia.tn.it;segr.ic.roveretosud@scuole.provincia.tn.it;https://icroveretosud.edu.it;TNEE855033
"ISTITUTO COMPRENSIVO VAL RENDENA";"SCUOLA SECONDARIA DI PRIMO GRADO ""B. DE AVERARIA"" SPIAZZO";;"A carattere statale/provinciale";"GIUSEPPE PRIGIOTTI";;;"Frazione Fisto,  112 38088";SPIAZZO;0465/501139;0465/512119;ic.valrendena@pec.provincia.tn.it;dir.ic.valrendena@scuole.provincia.tn.it;segr.ic.valrendena@scuole.provincia.tn.it;https://www.icvalrendena.edu.it;TNMM83402X
"ISTITUTO COMPRENSIVO VAL RENDENA";"SCUOLA PRIMARIA ""G. B. RIGHI"" MADONNA DI CAMPIGLIO";;"A carattere statale/provinciale";"GIUSEPPE PRIGIOTTI";;;"Via Serafini - Madonna di Campiglio, 9 38070";"TRE VILLE";0465/501139;0465/512119;ic.valrendena@pec.provincia.tn.it;dir.ic.valrendena@scuole.provincia.tn.it;segr.ic.valrendena@scuole.provincia.tn.it;https://www.icvalrendena.edu.it;TNEE834054
"ISTITUTO COMPRENSIVO VAL RENDENA";"SCUOLA PRIMARIA ""V. GABRIOTTI"" GIUSTINO";;"A carattere statale/provinciale";"GIUSEPPE PRIGIOTTI";;;"Via Presanella, 23 38086";GIUSTINO;0465/501139;0465/512119;ic.valrendena@pec.provincia.tn.it;dir.ic.valrendena@scuole.provincia.tn.it;segr.ic.valrendena@scuole.provincia.tn.it;https://www.icvalrendena.edu.it;TNEE834032
"ISTITUTO COMPRENSIVO VAL RENDENA";"SCUOLA PRIMARIA ""S. MASSARI"" SPIAZZO";;"A carattere statale/provinciale";"GIUSEPPE PRIGIOTTI";;;"Frazione Fisto,  112 38088";SPIAZZO;0465/501139;0465/512119;ic.valrendena@pec.provincia.tn.it;dir.ic.valrendena@scuole.provincia.tn.it;segr.ic.valrendena@scuole.provincia.tn.it;https://www.icvalrendena.edu.it;TNEE834065
"ISTITUTO COMPRENSIVO VAL RENDENA";"SCUOLA PRIMARIA DARE'";;"A carattere statale/provinciale";"GIUSEPPE PRIGIOTTI";;;"Via Dare - Dare, 111 38080";"PORTE DI RENDENA";0465/501139;0465/512119;ic.valrendena@pec.provincia.tn.it;dir.ic.valrendena@scuole.provincia.tn.it;segr.ic.valrendena@scuole.provincia.tn.it;https://www.icvalrendena.edu.it;TNEE834076
"ISTITUTO COMPRENSIVO VAL RENDENA";"SCUOLA PRIMARIA ""N. BOLOGNINI"" PINZOLO";;"A carattere statale/provinciale";"GIUSEPPE PRIGIOTTI";;;"Via Collini Borciol, 18 38086";PINZOLO;0465/501139;0465/512119;ic.valrendena@pec.provincia.tn.it;dir.ic.valrendena@scuole.provincia.tn.it;segr.ic.valrendena@scuole.provincia.tn.it;https://www.icvalrendena.edu.it;TNEE834043
"ISTITUTO COMPRENSIVO VAL RENDENA";"SCUOLA PRIMARIA CARISOLO";;"A carattere statale/provinciale";"GIUSEPPE PRIGIOTTI";;;"Via Verdi, 18/B 38080";CARISOLO;0465/501139;0465/512119;ic.valrendena@pec.provincia.tn.it;dir.ic.valrendena@scuole.provincia.tn.it;segr.ic.valrendena@scuole.provincia.tn.it;https://www.icvalrendena.edu.it;TNEE834021
"ISTITUTO COMPRENSIVO VAL RENDENA";"SCUOLA PRIMARIA ""T. GIUSTINA"" CADERZONE";;"A carattere statale/provinciale";"GIUSEPPE PRIGIOTTI";;;"Via Regina Elena, 43 38080";"CADERZONE TERME";0465/501139;0465/512119;ic.valrendena@pec.provincia.tn.it;dir.ic.valrendena@scuole.provincia.tn.it;segr.ic.valrendena@scuole.provincia.tn.it;https://www.icvalrendena.edu.it;TNEE83401X
"ISTITUTO COMPRENSIVO VAL RENDENA";"SCUOLA SECONDARIA DI PRIMO GRADO ""G. B. RIGHI"" MADONNA DI CAMPIGLIO";;"A carattere statale/provinciale";"GIUSEPPE PRIGIOTTI";;;"Via Serafini - Madonna di Campiglio, 9 38070";"TRE VILLE";0465/501139;0465/512119;ic.valrendena@pec.provincia.tn.it;dir.ic.valrendena@scuole.provincia.tn.it;segr.ic.valrendena@scuole.provincia.tn.it;https://www.icvalrendena.edu.it;TNMM834031
"ISTITUTO COMPRENSIVO VAL RENDENA";"SCUOLA SECONDARIA DI PRIMO GRADO ""L. DA VINCI"" PINZOLO";;"A carattere statale/provinciale";"GIUSEPPE PRIGIOTTI";;;"Via Collini Borciol, 18 38086";PINZOLO;0465/501139;0465/512119;ic.valrendena@pec.provincia.tn.it;dir.ic.valrendena@scuole.provincia.tn.it;segr.ic.valrendena@scuole.provincia.tn.it;https://www.icvalrendena.edu.it;TNMM83401V
"ISTITUTO TECNICO ECONOMICO E TECNOLOGICO ""F. e G. Fontana"" - ROVERETO";"ISTITUTO TECNICO PER IL SETTORE TECNOLOGICO";;"A carattere statale/provinciale";"GIUSEPPE SANTOLI";;;"Via Del Teatro, 4 38068";ROVERETO;0464/436100;0464/434116;fontana@pec.provincia.tn.it;dir.fontana@scuole.provincia.tn.it;segr.fontana@scuole.provincia.tn.it;https://www.fgfontana.eu;TNTD020009
"ISTITUTO DI ISTRUZIONE ""don L.Milani"" - ROVERETO";;"Istituzione scolastica e formativa";"A carattere statale/provinciale";"MARIA TERESA DOSSO";;;"Via Balista, 2 38068";ROVERETO;0464/485511;0464/485550;donmilani@pec.provincia.tn.it;dir.donmilani@scuole.provincia.tn.it;segr.donmilani@scuole.provincia.tn.it;www.domir.edu.it;TNIS009009
"Centro Formazione Professionale UPT - Cles";;"Istituzione scolastica e formativa";Paritaria/equiparata;;"WALTER IORI";;"Via D Agostin, 2 38023";CLES;0463/422820;0463/424409;cfp-upt@pec.it;;segreteria.cles@cfp-upt.it;https://www.cfp-upt.it;
"ISTITUTO DI ISTRUZIONE ""don L.Milani"" - ROVERETO";"ISTITUTO TECNICO PER IL SETTORE ECONOMICO";;"A carattere statale/provinciale";"MARIA TERESA DOSSO";;;"Via Balista, 2 38068";ROVERETO;0464/485511;0464/485550;donmilani@pec.provincia.tn.it;dir.donmilani@scuole.provincia.tn.it;segr.donmilani@scuole.provincia.tn.it;www.domir.edu.it;TNTD00901G
"ISTITUTO DI ISTRUZIONE ""don L.Milani"" - ROVERETO";"ISTITUTO TECNICO PER IL SETTORE ECONOMICO SERALE";;"A carattere statale/provinciale";"MARIA TERESA DOSSO";;;"Via Balista, 2 38068";ROVERETO;0464/485511;0464/485550;donmilani@pec.provincia.tn.it;dir.donmilani@scuole.provincia.tn.it;segr.donmilani@scuole.provincia.tn.it;www.domir.edu.it;TNTD00950X
"ISTITUTO DI ISTRUZIONE ""don L.Milani"" - ROVERETO";"EDUCAZIONE PER ADULTI RELATIVA AL PRIMO CICLO";;"A carattere statale/provinciale";"MARIA TERESA DOSSO";;;"Via Balista, 2 38068";ROVERETO;0464/485511;0464/485550;donmilani@pec.provincia.tn.it;dir.donmilani@scuole.provincia.tn.it;segr.donmilani@scuole.provincia.tn.it;www.domir.edu.it;TNCT70100B
"Centro Formazione Professionale ENAIP - Villazzano";;"Istituzione scolastica e formativa";Paritaria/equiparata;;"Paola Coccia";;"Via Asiago, 14 38123";TRENTO;0461/920386;0461/914935;cfp.villazzano@pec.it;;cfp.villazzano@enaip.tn.it;https://villazzano.enaiptrentino.it/;TNCF008001
"ISTITUTO GARDASCUOLA";;"Istituzione scolastica e formativa";Paritaria/equiparata;"LORENZO ANGELI";;;"Via XXIV Maggio, 1 38062";ARCO;0464/519546;0464/519959;gardascuola@pec.cooperazionetrentina.it;;segreteria@gardascuola.it;https://www.gardascuola.it;
"Centro Formazione Professionale ENAIP - Tione di Trento";;"Istituzione scolastica e formativa";Paritaria/equiparata;;"Ketty Pellizzari";;"Via Durone, 57 38079";"TIONE DI TRENTO";0465/321316;0465/322091;cfp.tione@pec.it;;cfp.tione@enaip.tn.it;https://tione.enaiptrentino.it/;TNCF001001
"FONDAZIONE EDMUND MACH - ISTITUTO AGRARIO SAN MICHELE ALL'ADIGE";;"Istituzione scolastica e formativa";Paritaria/equiparata;"MANUEL PENASA";"CLAUDIA BISOGNIN";;"Via Mach, 1 38098";"SAN MICHELE ALL'ADIGE";0461/615213;0461/615273;amministrazione.cif@pec.iasma.it;;segreteria.scuola@fmach.it;https://www.fmach.it;
"Centro Formazione Professionale ENAIP - Tione di Trento";"SETTORE INDUSTRIA E ARTIGIANATO";;Paritaria/equiparata;;"Ketty Pellizzari";;"Via Durone, 57 38079";"TIONE DI TRENTO";0465/321316;0465/322091;cfp.tione@pec.it;;cfp.tione@enaip.tn.it;https://tione.enaiptrentino.it/;TNCF001001
"Centro Formazione Professionale ENAIP - Arco";;"Istituzione scolastica e formativa";Paritaria/equiparata;;"Diego Freo";;"Via Gazzoletti, 8 38062";ARCO;0464/516465;0464/516497;cfp.arco@pec.it;;cfp.arco@enaip.tn.it;https://arco.enaiptrentino.it;
"Centro Formazione Professionale ENAIP - Tione di Trento";"SETTORE SERVIZI";;Paritaria/equiparata;;"Ketty Pellizzari";;"Via Durone, 57 38079";"TIONE DI TRENTO";0465/321316;0465/322091;cfp.tione@pec.it;;cfp.tione@enaip.tn.it;https://tione.enaiptrentino.it/;TNCF001001
"ISTITUTO SALESIANO MARIA AUSILIATRICE - TRENTO";;"Istituzione scolastica e formativa";Paritaria/equiparata;"LARA PISETTA";;;"Via Barbacovi, 22 38122";TRENTO;0461/885555;;sdbtrento@pcert.postecert.it;;segreteria@sdbtrento.it;https://www.sdbtrento.it;
"Centro Formazione Professionale ENAIP - Cles";;"Istituzione scolastica e formativa";Paritaria/equiparata;;"Luca Branz";;"Via Mitterer, 10 38023";CLES;0463/421362;0463/421606;cfp.cles@pec.it;;cfp.cles@enaip.tn.it;https://cles.enaiptrentino.it/;
"ASSOCIAZIONE PEDAGOGICA STEINERIANA - TRENTO";;"Istituzione scolastica e formativa";Paritaria/equiparata;"Carlo Musio";;;"Via Conci, 86 38123";TRENTO;0461/930658;;associazione@pec.scuolasteiner-trento.it;;segreteria@scuolasteiner-trento.it;https://www.scuolasteiner-trento.it;
"SOCIETA' COOPERATIVA A R.L. ""I. DE CARNERI"" OXFORD CIVEZZANO";;"Istituzione scolastica e formativa";Paritaria/equiparata;"GIOVANNI SCALFI";"CLAUDIO MARCH";;"Via Murialdo, 30 38045";CIVEZZANO;0461/857003;0461/857284;oxford@pec.cooperazionetrentina.it;;info@istitutodecarneri.it;https://www.istitutodecarneri.it;
"Centro Formazione Professionale UPT - Trento";;"Istituzione scolastica e formativa";Paritaria/equiparata;;"WALTER IORI";;"Via Borsieri, 2 38122";TRENTO;0461/239997;0461/260235;cfp-upt@pec.it;;segreteria.sede@cfp-upt.it;https://www.cfp-upt.it;TNCF003001
"Centro Formazione Professionale UPT - Arco";"SETTORE SERVIZI";;Paritaria/equiparata;;"CLAUDIO NICOLUSSI";;"Via Gazzoletti, 10 38062";ARCO;0464/556585;0464/556599;cfp-upt@pec.it;;segreteria.arco@cfp-upt.it;https://www.cfpupt.it/sede-di-arco;TNFP261STA
"Centro Formazione Professionale ENAIP - Villazzano";"CAPES - SETTORE INDUSTRIA E ARTIGIANATO";;Paritaria/equiparata;;"Paola Coccia";;"Via Asiago, 14 38123";TRENTO;0461/920386;0461/914935;cfp.villazzano@pec.it;;cfp.villazzano@enaip.tn.it;https://villazzano.enaiptrentino.it/;TNCF008001
"ISTITUTO COMPRENSIVO TRENTO 3";"SCUOLA PRIMARIA ""A. NICOLODI"" TRENTO";;"A carattere statale/provinciale";"LINA BROCH";;;"Via Fogazzaro, 2 38122";TRENTO;0461/1825610;0461/920605;ic.trento3@pec.provincia.tn.it;dir.ic.tn3@scuole.provincia.tn.it;segr.ic.tn3@scuole.provincia.tn.it;http://www.ictrento3.it;TNEE85604X
"ISTITUTO COMPRENSIVO TRENTO 3";"SCUOLA SECONDARIA DI PRIMO GRADO ""BRONZETTI - SEGANTINI"" TRENTO";;"A carattere statale/provinciale";"LINA BROCH";;;"Via Vittorio Veneto, 61 38122";TRENTO;0461/1825610;0461/920605;ic.trento3@pec.provincia.tn.it;dir.ic.tn3@scuole.provincia.tn.it;segr.ic.tn3@scuole.provincia.tn.it;http://www.ictrento3.it;TNMM85601Q
"ISTITUTO COMPRENSIVO TRENTO 3";"SCUOLA PRIMARIA ""D. SAVIO"" TRENTO";;"A carattere statale/provinciale";"LINA BROCH";;;"Via S Pio X, 103 38122";TRENTO;0461/1825610;0461/920605;ic.trento3@pec.provincia.tn.it;dir.ic.tn3@scuole.provincia.tn.it;segr.ic.tn3@scuole.provincia.tn.it;http://www.ictrento3.it;TNEE85601R
"ISTITUTO COMPRENSIVO TRENTO 3";"SCUOLA PRIMARIA RAVINA";;"A carattere statale/provinciale";"LINA BROCH";;;"Via Delle Masere, 5 38123";TRENTO;0461/1825610;0461/920605;ic.trento3@pec.provincia.tn.it;dir.ic.tn3@scuole.provincia.tn.it;segr.ic.tn3@scuole.provincia.tn.it;http://www.ictrento3.it;TNEE85603V
"ISTITUTO COMPRENSIVO TRENTO 3";"SCUOLA PRIMARIA ""G. B. DE GASPARI"" TRENTO";;"A carattere statale/provinciale";"LINA BROCH";;;"Via Zandonai, 4 38122";TRENTO;0461/1825610;0461/920605;ic.trento3@pec.provincia.tn.it;dir.ic.tn3@scuole.provincia.tn.it;segr.ic.tn3@scuole.provincia.tn.it;http://www.ictrento3.it;TNEE85602T
"Centro Formazione Professionale UPT - Trento";"SETTORE SERVIZI";;Paritaria/equiparata;;"WALTER IORI";;"Via Borsieri, 2 38122";TRENTO;0461/239997;0461/260235;cfp-upt@pec.it;;segreteria.sede@cfp-upt.it;https://www.cfp-upt.it;TNCF003001
"ISTITUTO DI ISTRUZIONE ""don L.Milani"" - ROVERETO";"ISTITUTO PROFESSIONALE PER IL SETTORE DEI SERVIZI SERALE";;"A carattere statale/provinciale";"MARIA TERESA DOSSO";;;"Via Balista, 2 38068";ROVERETO;0464/485511;0464/485550;donmilani@pec.provincia.tn.it;dir.donmilani@scuole.provincia.tn.it;segr.donmilani@scuole.provincia.tn.it;www.domir.edu.it;TNRC00951N
"ISTITUTO DI ISTRUZIONE ""A. Degasperi"" - BORGO VALSUGANA";"ISTITUTO PROFESSIONALE PER I SERVIZI SANITARI SERALE";;"A carattere statale/provinciale";"GIULIO BERTOLDI";;;"Via XXIV Maggio, 7 38051";"BORGO VALSUGANA";0461/753647;0461/753364;degasperi@pec.provincia.tn.it;dir.istalcidedegasperi@scuole.provincia.tn.it;segr.istalcidedegasperi@scuole.provincia.tn.it;https://www.istalcidedegasperi.it;TNTD002505
"ISTITUTO DI ISTRUZIONE ""don L.Milani"" - ROVERETO";"ISTITUTO PROFESSIONALE PER IL SETTORE DEI SERVIZI";;"A carattere statale/provinciale";"MARIA TERESA DOSSO";;;"Via Balista, 2 38068";ROVERETO;0464/485511;0464/485550;donmilani@pec.provincia.tn.it;dir.donmilani@scuole.provincia.tn.it;segr.donmilani@scuole.provincia.tn.it;www.domir.edu.it;TNRC009018
"Circolo di coordinamento n. 2";"Scuola dell'Infanzia di Novaledo ""Don Evaristo Forrer""";;"A carattere statale/provinciale";;;"HELENE GIACOMELLI";"Via Valle, 4 38050";NOVALEDO;0461/721100;"0461 491976";scuolainfanzia.novaledo@scuole.provincia.tn.it;;circolo.coordinamento02@provincia.tn.it;;
"Istituto di Formazione Professionale Alberghiero ""Giuseppe Cipriani""- Levico";"SETTORE INDUSTRIA E ARTIGIANATO";;"A carattere statale/provinciale";"LUCIA RUSSO";;;"Via Ziehl, 5 38056";"LEVICO TERME";0461/706294;0461/702025;ifpa.levicoterme@pec.provincia.tn.it;dir.ifpa.levicoterme@scuole.provincia.tn.it;segr.ifpa.levicoterme@scuole.provincia.tn.it;https://www.alberghierolevico.it;TNCF010001
"Centro Formazione Professionale Opera Armida Barelli - Rovereto";;"Istituzione scolastica e formativa";Paritaria/equiparata;"BERNARDO ZANONER";"CAMILLA CESTARI";;"Via Setaioli, 5 38068";ROVERETO;0464/433771;0464/431711;cfprovereto@pec.operaarmidabarelli.org;;cfprovereto@operaarmidabarelli.org;https://www.operaarmidabarelli.org;TNCF005001
"Istituto di Formazione Professionale Alberghiero - Rovereto";"SETTORE INDUSTRIA E ARTIGIANATO";;"A carattere statale/provinciale";"VITO ROVIGO";;;"Viale Dei Colli, 17 38068";ROVERETO;0464/439164;0464/435851;ifpa.rovereto@pec.provincia.tn.it;dir.ifpa.rovereto@scuole.provincia.tn.it;segr.ifpa.rovereto@scuole.provincia.tn.it;https://www.alberghierorovereto.it;TNCF011001
"Centro Formazione Professionale Opera Armida Barelli - Levico";;"Istituzione scolastica e formativa";Paritaria/equiparata;"BERNARDO ZANONER";"MICHELE LINARDI";;"Viale Roma, 61 38056";"LEVICO TERME";0461/706145;0461/701940;cfplevico@pec.operaarmidabarelli.org;;cfplevico@operaarmidabarelli.org;https://www.operaarmidabarelli.org;
"ISTITUTO SALESIANO S. CROCE - MEZZANO";"SCUOLA PRIMARIA SANTA CROCE MEZZANO";;Paritaria/equiparata;"AGOSTINO PRADEL";;;"Via Molaren, 29 38050";MEZZANO;0439/762019;0439/762664;salesianimezzano@pec.it;;segreteria@sdbmezzano.it;https://www.salesianimezzano.it;TN1E00200P
"ISTITUTO SALESIANO S. CROCE - MEZZANO";"SCUOLA SECONDARIA DI PRIMO GRADO SANTA CROCE MEZZANO";;Paritaria/equiparata;"AGOSTINO PRADEL";;;"Via Molaren, 29 38050";MEZZANO;0439/762019;0439/762664;salesianimezzano@pec.it;;segreteria@sdbmezzano.it;https://www.salesianimezzano.it;TN1M001004
"ISTITUTO SALESIANO S. CROCE - MEZZANO";;"Istituzione scolastica e formativa";Paritaria/equiparata;"AGOSTINO PRADEL";;;"Via Molaren, 29 38050";MEZZANO;0439/762019;0439/762664;salesianimezzano@pec.it;;segreteria@sdbmezzano.it;https://www.salesianimezzano.it;
"SCUOLA PARITARIA LA VELA - FONDAZIONE FAMIGLIA MATERNA - ROVERETO";;"Istituzione scolastica e formativa";Paritaria/equiparata;"STEFANIA NICOLLI";;;"Via Saibanti, 6 38068";ROVERETO;0464/434047;;segreteria@lavela.famigliamaterna.it;direzione@lavela.famigliamaterna.it;segreteria@scuolalavela.it;https://www.scuolalavela.it;
"SCUOLA PARITARIA LA VELA - FONDAZIONE FAMIGLIA MATERNA - ROVERETO";"SCUOLA PRIMARIA ""LA VELA"" ROVERETO";;Paritaria/equiparata;"STEFANIA NICOLLI";;;"Via Saibanti, 6 38068";ROVERETO;0464/434047;;segreteria@lavela.famigliamaterna.it;direzione@lavela.famigliamaterna.it;segreteria@scuolalavela.it;https://www.scuolalavela.it;TN1E00700T
"SCUOLA PARITARIA LA VELA - FONDAZIONE FAMIGLIA MATERNA - ROVERETO";"SCUOLA SECONDARIA DI PRIMO GRADO ""LA VELA"" ROVERETO";;Paritaria/equiparata;"STEFANIA NICOLLI";;;"Via Saibanti, 6 38068";ROVERETO;0464/435746;;amministrazione@scuolalavela.it;direzione@lavela.famigliamaterna.it;segreteria@scuolalavela.it;https://www.scuolalavela.it;TN1M00900P
"Coordinamento pedagogico scuole provinciali dell'infanzia ladine";;"Circolo di coordinamento pedagogico";"A carattere statale/provinciale";;;"TATIANA SORAPERRA";"Strada Giuseppe Soraperra - Pozza di Fassa, 6 38036";"SAN GIOVANNI DI FASSA - SEN JAN";0462/760340;0462/760001;coordinamento.scuoleladine@provincia.tn.it;;coordinamento.scuoleladine@provincia.tn.it;;
"SCUOLA LADINA DI FASSA - SCOLA LADINA DE FASCIA";;"Istituzione scolastica e formativa";"A carattere statale/provinciale";"FEDERICO CORRADINI";;;"Strada Giuseppe Soraperra - Pozza di Fassa, 6 38036";"SAN GIOVANNI DI FASSA - SEN JAN";0462/763702;0462/760001;scuolaladinadifassa@pec.provincia.tn.it;dir.scuolaladinadifassa@scuole.provincia.tn.it;segr.scuolaladinadifassa@scuole.provincia.tn.it;https://www.scuolaladina.com/;TNIC85000Q
"ISTITUTO TECNICO ECONOMICO E TECNOLOGICO ""F. e G. Fontana"" - ROVERETO";;"Istituzione scolastica e formativa";"A carattere statale/provinciale";"GIUSEPPE SANTOLI";;;"Via Del Teatro, 4 38068";ROVERETO;0464/436100;0464/434116;fontana@pec.provincia.tn.it;dir.fontana@scuole.provincia.tn.it;segr.fontana@scuole.provincia.tn.it;https://www.fgfontana.eu;TNTD020009
"Coordinamento pedagogico scuole provinciali dell'infanzia ladine";"Scuola dell'Infanzia di Pera di Fassa ""don Edy Cinzol""";;"A carattere statale/provinciale";;;"TATIANA SORAPERRA";"Strada Tita Piaz - Pozza di Fassa, 13 38036";"SAN GIOVANNI DI FASSA - SEN JAN";0462/764828;0462/760001;scuolainfanzia.pera@scuole.provincia.tn.it;;coordinamento.scuoleladine@provincia.tn.it;;
"Istituto di Formazione Professionale Servizi alla Persona e Legno ""S. Pertini"" ";"SETTORE INDUSTRIA E ARTIGIANATO SERALE";;"A carattere statale/provinciale";"MARIA RITA MAGISTRO";"MARIA RITA MAGISTRO";;"Via Asiago, 14 38123";TRENTO;0461/933147;0461/931682;ifp.trento@pec.provincia.tn.it;ifp.trento@scuole.provincia.tn.it;ifp.trento@scuole.provincia.tn.it;https://ifpsandropertinitrento.it;
"Istituto di Formazione Professionale Servizi alla Persona e Legno ""S. Pertini"" ";"SETTORE SERVIZI SERALE";;"A carattere statale/provinciale";"MARIA RITA MAGISTRO";"MARIA RITA MAGISTRO";;"Viale Verona, 141 38123";TRENTO;0461/933147;0461/931682;ifp.trento@pec.provincia.tn.it;ifp.trento@scuole.provincia.tn.it;ifp.trento@scuole.provincia.tn.it;https://ifpsandropertinitrento.it;
"Istituto di Formazione Professionale Servizi alla Persona e Legno ""S. Pertini"" ";"SETTORE INDUSTRIA E ARTIGIANATO";;"A carattere statale/provinciale";"MARIA RITA MAGISTRO";"MARIA RITA MAGISTRO";;"Via Asiago, 14 38123";TRENTO;0461/933147;0461/931682;ifp.trento@pec.provincia.tn.it;ifp.trento@scuole.provincia.tn.it;ifp.trento@scuole.provincia.tn.it;https://ifpsandropertinitrento.it;TNFP268STA
"Istituto di Formazione Professionale Servizi alla Persona e Legno ""S. Pertini"" ";"SETTORE SERVIZI";;"A carattere statale/provinciale";"MARIA RITA MAGISTRO";"MARIA RITA MAGISTRO";;"Viale Verona, 141 38123";TRENTO;0461/933147;0461/931682;ifp.trento@pec.provincia.tn.it;ifp.trento@scuole.provincia.tn.it;ifp.trento@scuole.provincia.tn.it;https://ifpsandropertinitrento.it;TNCF012001
"ISTITUTO SACRO CUORE - TRENTO";"LICEO ARTISTICO";;Paritaria/equiparata;"Alberto Ventroni";;;"Piazza S Teresa Verzeri, 4 38122";TRENTO;0461/981465;0461/982734;;;istitutocomprensivo@istitutosacrocuore.it;https://www.istitutosacrocuore.it;TNPM015003
"Centro Formazione Professionale ENAIP - Tesero";;"Istituzione scolastica e formativa";Paritaria/equiparata;;"Dino Moser";;"Via Caltrezza, 13 38038";TESERO;0462/813133;0462/813145;cfp.tesero@pec.it;;cfp.tesero@enaip.tn.it;https://tesero.enaiptrentino.it/;
"ISTITUTO SACRO CUORE - TRENTO";"SCUOLA SECONDARIA DI PRIMO GRADO SACRO CUORE TRENTO";;Paritaria/equiparata;"Alberto Ventroni";;;"Piazza S Teresa Verzeri, 4 38122";TRENTO;0461/981465;0461/982734;;;istitutocomprensivo@istitutosacrocuore.it;https://www.istitutosacrocuore.it;TN1M006007
"COOPERATIVA SOCIALE SACRA FAMIGLIA ONLUS";;"Istituzione scolastica e formativa";Paritaria/equiparata;"MARCELLO SOTTOPIETRA";;;"Via Della Saluga, 7 38121";TRENTO;0461/080041;;cooperativasacrafamiglia@pec.it;segreteria@sacrafamigliatrento.it;segreteria@sacrafamigliatrento.it;https://www.sacrafamigliatrento.it;
"ISTITUTO SACRO CUORE - TRENTO";;"Istituzione scolastica e formativa";Paritaria/equiparata;"Alberto Ventroni";;;"Piazza S Teresa Verzeri, 4 38122";TRENTO;0461/981465;0461/982734;;;istitutocomprensivo@istitutosacrocuore.it;https://www.istitutosacrocuore.it;
"ISTITUTO SACRO CUORE - TRENTO";"LICEO DELLE SCIENZE UMANE";;Paritaria/equiparata;"Alberto Ventroni";;;"Piazza S Teresa Verzeri, 4 38122";TRENTO;0461/981465;0461/982734;;;istitutocomprensivo@istitutosacrocuore.it;https://www.istitutosacrocuore.it;TNPM015003
"Scuola dell'Infanzia di Lodrone ODV";;"Scuola dell'infanzia";Paritaria/equiparata;;;;"Salita Alla Bastia, 2 38089";STORO;"0465 685253";;lodrone.materna@associazionecoesi.com;;;;
"Centro Formazione Professionale UPT - Arco";;"Istituzione scolastica e formativa";Paritaria/equiparata;;"CLAUDIO NICOLUSSI";;"Via Gazzoletti, 10 38062";ARCO;0464/556585;0464/556599;cfp-upt@pec.it;;segreteria.arco@cfp-upt.it;https://www.cfpupt.it/sede-di-arco;
"ISTITUTO SACRO CUORE - TRENTO";"SCUOLA PRIMARIA SACRO CUORE TRENTO";;Paritaria/equiparata;"Alberto Ventroni";;;"Piazza S Teresa Verzeri, 4 38122";TRENTO;0461/981465;0461/982734;;;istitutocomprensivo@istitutosacrocuore.it;https://www.istitutosacrocuore.it;TN1E00300E
"Scuola dell'Infanzia di Lodrone ODV";"Scuola dell'Infanzia di Lodrone ODV";;Paritaria/equiparata;;;;"Salita Alla Bastia, 2 38089";STORO;0465/685253;;lodrone.materna@associazionecoesi.com;;;;
"ISTITUTO SACRO CUORE - TRENTO";"LICEO SCIENTIFICO OPZIONE SCIENZE APPLICATE ";;Paritaria/equiparata;"Alberto Ventroni";;;"Piazza S Teresa Verzeri, 4 38122";TRENTO;0461/981465;0461/982734;;;istitutocomprensivo@istitutosacrocuore.it;https://www.istitutosacrocuore.it;TNPSI8500O
"Centro Formazione Professionale UPT - Rovereto";;"Istituzione scolastica e formativa";Paritaria/equiparata;;"PAOLO ZANLUCCHI";;"Via Pasqui, 10 38068";ROVERETO;0464/630050;;cfp-upt@pec.it;;segreteria.rovereto@cfp-upt.it;https://www.cfp-upt.it;
"Centro Formazione Professionale ENAIP - Primiero";;"Istituzione scolastica e formativa";Paritaria/equiparata;;"Fausto Eccher";;"Via Forno - Transacqua, 12 38054";"PRIMIERO SAN MARTINO DI CASTROZZA";0439/762057;0439/762833;cfp.primiero@pec.it;;cfp.primiero@enaip.tn.it;https://primiero.enaiptrentino.it/;
"Centro Formazione Professionale UPT - Rovereto";"SETTORE SERVIZI";;Paritaria/equiparata;;"PAOLO ZANLUCCHI";;"Via Pasqui, 10 38068";ROVERETO;0464/630050;;cfp-upt@pec.it;;segreteria.rovereto@cfp-upt.it;https://www.cfp-upt.it;TNFP000001
"Centro Formazione Professionale UPT - Tione di Trento";;"Istituzione scolastica e formativa";Paritaria/equiparata;;"MAURIZIO CADONNA ";;"Via Roma, 15 38079";"TIONE DI TRENTO";0465/321889;0465/324518;cfp-upt@pec.it;;segreteria.tione@cfp-upt.it;https://www.cfp-upt.it;
"Polo Giuseppe Veronesi";"CAPES - SETTORE INDUSTRIA E ARTIGIANATO";;Paritaria/equiparata;;"LAURA SCALFI";;"Piazzale Orsi, 1 38068";ROVERETO;0464/433484;0464/436873;iscrizioni.veronesi@pec.it;;segreteria.dir@cfpgveronesi.it;https://www.poloveronesi.it/;TNCF002001
"Polo Giuseppe Veronesi";"LICEO SCIENTIFICO OPZIONE SCIENZE APPLICATE STEAM";;Paritaria/equiparata;;"LAURA SCALFI";;"Piazzale Orsi, 1 38068";ROVERETO;0464/433484;0464/436873;iscrizioni.veronesi@pec.it;;segreteria.dir@cfpgveronesi.it;https://www.poloveronesi.it/;TNPSID500S
"Polo Giuseppe Veronesi";;"Istituzione scolastica e formativa";Paritaria/equiparata;;"LAURA SCALFI";;"Piazzale Orsi, 1 38068";ROVERETO;0464/433484;0464/436873;iscrizioni.veronesi@pec.it;;segreteria.dir@cfpgveronesi.it;https://www.poloveronesi.it/;TNCF002001
"Circolo di coordinamento n. 2";"Scuola dell'infanzia di Caldonazzo ""Maria Bambina""";;"A carattere statale/provinciale";;;"HELENE GIACOMELLI";"Via Asilo, 1 38052";CALDONAZZO;" 0461 724658";"0461 491976";scuolainfanzia.caldonazzo@scuole.provincia.tn.it;;circolo.coordinamento02@provincia.tn.it;;
"Istituto di Formazione Professionale Alberghiero - Rovereto";"SETTORE SERVIZI";;"A carattere statale/provinciale";"VITO ROVIGO";"CAZZANI DANIELA";;"Viale Dei Colli, 17 38068";ROVERETO;0464/439164;0464/435851;ifpa.rovereto@pec.provincia.tn.it;dir.ifpa.rovereto@scuole.provincia.tn.it;segr.ifpa.rovereto@scuole.provincia.tn.it;https://www.alberghierorovereto.it;TNCF011001
"Istituto di Formazione Professionale Alberghiero ""Giuseppe Cipriani""- Levico";"SETTORE SERVIZI SERALE";;"A carattere statale/provinciale";"LUCIA RUSSO";"TARGA WALTER";;"Via Ziehl, 5 38056";"LEVICO TERME";0461/706294;0461/702025;ifpa.levicoterme@pec.provincia.tn.it;dir.ifpa.levicoterme@scuole.provincia.tn.it;segr.ifpa.levicoterme@scuole.provincia.tn.it;https://www.alberghierolevico.it;
"Istituto di Formazione Professionale Alberghiero - Rovereto";"SETTORE SERVIZI SERALE";;"A carattere statale/provinciale";"VITO ROVIGO";"CAZZANI DANIELA";;"Viale Dei Colli, 17 38068";ROVERETO;0464/439164;0464/435851;ifpa.rovereto@pec.provincia.tn.it;dir.ifpa.rovereto@scuole.provincia.tn.it;segr.ifpa.rovereto@scuole.provincia.tn.it;https://www.alberghierorovereto.it;
"Centro Formazione Professionale ""Centromoda Canossa"" ";"SETTORE INDUSTRIA E ARTIGIANATO";;Paritaria/equiparata;;"Michele Filippini";;"Via Grazioli, 2 38122";TRENTO;0461/260454;0461/267864;canossatrento@pec.it;direzione@centromoda.tn.it;didattica@centromoda.tn.it;https://www.centromoda.tn.it;TNCF009001
"Scuola dell'infanzia di Ranzo ""Amici scuola infanzia di Ranzo ODV""";"Scuola dell'infanzia di Ranzo ""Amici scuola infanzia di Ranzo ODV""";;Paritaria/equiparata;;;;"Via al Castel Romano - Ranzo - Vezzano, 29 38070";VALLELAGHI;"338 7970838";;ranzo.materna@associazionecoesi.com;;;;
"ISTITUTO COMPRENSIVO CLES ""B. Clesio""";"SCUOLA PRIMARIA ""Chiara Lubich"" LIVO ";;"A carattere statale/provinciale";"MASSIMO GABURRO";;;"Frazione Livo,  92 38020";LIVO;0463/421457;0463/424830;ic.cles@pec.provincia.tn.it;dir.ic.cles@scuole.provincia.tn.it;segr.ic.cles@scuole.provincia.tn.it;https://www.iccles.it;TNEE83102D
"Circolo di coordinamento n. 7";"Scuola dell'Infanzia di S.Michele all' Adige  ""Il Germoglio""";;"A carattere statale/provinciale";;;"LAURA BERTOLDI";"Via della Prepositura, 2 38098";"SAN MICHELE ALL'ADIGE";0461/662154;0461/494334;scuolainfanzia.sanmichele@scuole.provincia.tn.it;;circolo.coordinamento07@provincia.tn.it;;
"Scuola dell'infanzia di Torcegno ODV";;"Scuola dell'infanzia";Paritaria/equiparata;;;"PAOLA SANGIORGI";"Via Della Fontana, 15 38050";TORCEGNO;0461-760796;;torcegno.presidente@fpsm.tn.it;;torcegno.segretario@fpsm.tn.it;;
"Scuola dell'infanzia di Torcegno ODV";"Scuola dell'Infanzia di Torcegno ODV";;Paritaria/equiparata;;;"PAOLA SANGIORGI";"Via Della Fontana, 15 38050";TORCEGNO;0461-760796;;torcegno.presidente@fpsm.tn.it;;torcegno.segretario@fpsm.tn.it;;
"ISTITUTO COMPRENSIVO ARCO";"SCUOLA PRIMARIA ""G. SEGANTINI"" ARCO";;"A carattere statale/provinciale";"PAOLA MARONI";;;"Via Nas, 28 38062";ARCO;0464/532947;0464/517064;ic.arco@pec.provincia.tn.it;dir.ic.arco@scuole.provincia.tn.it;segr.ic.arco@scuole.provincia.tn.it;https://www.icarco.edu.it;TNEE840039
"LICEO ""A. Rosmini"" - TRENTO";"LICEO DELLE SCIENZE UMANE OPZIONE ECONOMICO SOCIALE SERALE";;"A carattere statale/provinciale";"PATRIZIA VISCONTI";;;"Via Malfatti, 2 38122";TRENTO;0461/914400;0461/914498;rosmini.trento@pec.provincia.tn.it;dir.rosmini.tn@scuole.provincia.tn.it;segr.rosmini.tn@scuole.provincia.tn.it;https://www.rosmini.eu;TNPM010509
"Centro Formazione Professionale Pavoniano Artigianelli - Trento";"CAPES - SETTORE INDUSTRIA E ARTIGIANATO";;Paritaria/equiparata;"ERIK GADOTTI";;;"Piazza Di Fiera, 4 38122";TRENTO;0461/270244;0461/270241;scuolagrafica@pec.artigianelli.tn.it;;scuolagrafica@artigianelli.tn.it;http://www.artigianelli.tn.it/;TNCF004001
"Centro Formazione Professionale Pavoniano Artigianelli - Trento";;"Istituzione scolastica e formativa";Paritaria/equiparata;"ERIK GADOTTI";;;"Piazza Di Fiera, 4 38122";TRENTO;0461/270244;0461/270241;scuolagrafica@pec.artigianelli.tn.it;;scuolagrafica@artigianelli.tn.it;http://www.artigianelli.tn.it/;TNCF004001
"Centro Formazione Professionale Pavoniano Artigianelli - Trento";"SETTORE INDUSTRIA E ARTIGIANATO";;Paritaria/equiparata;"ERIK GADOTTI";;;"Piazza Di Fiera, 4 38122";TRENTO;0461/270244;0461/270241;scuolagrafica@pec.artigianelli.tn.it;;scuolagrafica@artigianelli.tn.it;http://www.artigianelli.tn.it/;TNCF004001
"ISTITUTO TECNICO TECNOLOGICO ""M. Buonarroti"" - TRENTO";;"Istituzione scolastica e formativa";"A carattere statale/provinciale";"TIZIANA ROSSI";;;"Via Brigata Acqui, 15 38122";TRENTO;0461/216811;0461/984216;buonarroti@pec.provincia.tn.it;dir.buonarroti@scuole.provincia.tn.it;istituto.tecnico@buonarroti.tn.it;https://www.buonarroti.tn.it/;TNIS013001
"Centro Formazione Professionale ENAIP - Arco";"SETTORE INDUSTRIA E ARTIGIANATO";;Paritaria/equiparata;;"Diego Freo";;"Via Gazzoletti, 8 38062";ARCO;0464/516465;0464/516497;cfp.arco@pec.it;;cfp.arco@enaip.tn.it;https://arco.enaiptrentino.it;TNFP249STA
"Polo Giuseppe Veronesi";"SETTORE INDUSTRIA E ARTIGIANATO";;Paritaria/equiparata;;"LAURA SCALFI";;"Piazzale Orsi, 1 38068";ROVERETO;0464/433484;0464/436873;iscrizioni.veronesi@pec.it;;segreteria.dir@cfpgveronesi.it;https://www.poloveronesi.it/;TNCF002001
"ISTITUTO TECNICO ECONOMICO E TECNOLOGICO ""C.A. Pilati"" - CLES";;"Istituzione scolastica e formativa";"A carattere statale/provinciale";"ALFREDO ROMANTINI";;;"Via IV Novembre, 35 38023";CLES;0463/421695;0463/421477;pilati@pec.provincia.tn.it;dir.itetpilati@scuole.provincia.tn.it;segr.itetpilati@scuole.provincia.tn.it;https://www.istitutopilati.it;TNTD100001
"ISTITUTO COMPRENSIVO FOLGARIA - LAVARONE - LUSERNA";"Scuola dell'Infanzia di Nosellari Folgaria";;"A carattere statale/provinciale";"MORENA MANFRIN";;;"Via Prati, 35 38064";FOLGARIA;0464/787010;;scuolainfanzia.nosellari@scuole.provincia.tn.it;dir.rella.folgaria@scuole.provincia.tn.it;segr.rella.folgaria@scuole.provincia.tn.it;https://www.icfolgarialavaroneluserna.it;
"ISTITUTO COMPRENSIVO FOLGARIA - LAVARONE - LUSERNA";"SCUOLA PRIMARIA LAVARONE";;"A carattere statale/provinciale";"MORENA MANFRIN";;;"Frazione Gionghi,  107/5 38046";LAVARONE;0464/721283;;ic.folgaria-lavarone@pec.provincia.tn.it;dir.rella.folgaria@scuole.provincia.tn.it;segr.rella.folgaria@scuole.provincia.tn.it;https://www.icfolgarialavaroneluserna.it;TNEE804014
"ISTITUTO COMPRENSIVO BASSA VAL DI SOLE ""G. Ciccolini""";;"Istituzione scolastica e formativa";"A carattere statale/provinciale";"NICOLA PARZIAN";;;"Via Taddei De Mauris, 4 38027";MALE';0463/901237;0463/902866;ic.bassavaldisole@pec.provincia.tn.it;dir.ciccolini.male@scuole.provincia.tn.it;segr.ciccolini.male@scuole.provincia.tn.it;https://www.icbassavaldisole.it;TNIC833002
"LICEO ""A. Maffei"" - RIVA DEL GARDA";"LICEO DELLE SCIENZE UMANE";;"A carattere statale/provinciale";"ROBERTA BISOFFI";;;"Via Alberti Lutti, 7 38066";"RIVA DEL GARDA";0464/552316;0464/552316;maffei@pec.provincia.tn.it;dir.liceo.maffei@scuole.provincia.tn.it;segr.liceo.maffei@scuole.provincia.tn.it;https://e.liceomaffei.it;TNPC01000Q
"Centro Formazione Professionale ENAIP - Ossana";"SETTORE SERVIZI";;Paritaria/equiparata;;"Claudia Gosetti";;"Via Di S Antonio - Ossana, 1 38026";OSSANA;0463/751102;0463/751987;cfp.ossana@pec.it;;cfp.ossana@enaip.tn.it;https://ossana.enaiptrentino.it/;TNFP252STA
"LICEO ""A. Maffei"" - RIVA DEL GARDA";"LICEO CLASSICO";;"A carattere statale/provinciale";"ROBERTA BISOFFI";;;"Via Alberti Lutti, 7 38066";"RIVA DEL GARDA";0464/552316;0464/552316;maffei@pec.provincia.tn.it;dir.liceo.maffei@scuole.provincia.tn.it;segr.liceo.maffei@scuole.provincia.tn.it;https://e.liceomaffei.it;TNPC01000Q
"ISTITUTO COMPRENSIVO ALTA VALLAGARINA";"SCUOLA PRIMARIA ""A.DE VALENTINI"" CALLIANO";;"A carattere statale/provinciale";"PASQUALE TAPPA";;;"Via Degasperi, 4 38060";CALLIANO;0464/410475;0461/490699;ic.altavallagarina@pec.provincia.tn.it;dir.ic.altavallagarina@scuole.provincia.tn.it;segr.ic.altavallagarina@scuole.provincia.tn.it;https://www.ic-altavallagarina.it;TNEE86002D
"ISTITUTO COMPRENSIVO BASSA VAL DI SOLE ""G. Ciccolini""";"SCUOLA SECONDARIA DI PRIMO GRADO ""G. CICCOLINI"" MALE'";;"A carattere statale/provinciale";"NICOLA PARZIAN";;;"Via Taddei De Mauris, 4 38027";MALE';0463/901237;0463/902866;ic.bassavaldisole@pec.provincia.tn.it;dir.ciccolini.male@scuole.provincia.tn.it;segr.ciccolini.male@scuole.provincia.tn.it;https://www.icbassavaldisole.it;TNMM833013
"ISTITUTO COMPRENSIVO ALTOPIANO DI PINE'";"SCUOLA PRIMARIA ""G. DALLAFIOR"" BASELGA DI PINE'";;"A carattere statale/provinciale";"ELISABETTA PIZIO";;;"Via delle Scuole, 15 38042";"BASELGA DI PINE'";0461/558317;0461/558163;ic.pine@pec.provincia.tn.it;dir.ic.altopianodipine@scuole.provincia.tn.it;segr.ic.altopianodipine@scuole.provincia.tn.it;https://www.icpine.eu;TNEE81601A
"ISTITUTO COMPRENSIVO TIONE";"SCUOLA PRIMARIA BONDO-BREGUZZO";;"A carattere statale/provinciale";"ALESSANDRO BONESINI";;;"Via Indipendenza - Bondo, 105 38087";"SELLA GIUDICARIE";0465/321053;0465/324039;ic.tione@pec.provincia.tn.it;dir.ictione@scuole.provincia.tn.it;segr.ictione@scuole.provincia.tn.it;https://www.ictione.tn.it;TNEE83601G
"ISTITUTO COMPRENSIVO TIONE";;"Istituzione scolastica e formativa";"A carattere statale/provinciale";"ALESSANDRO BONESINI";;;"Via Circonvallazione, 44 38079";"TIONE DI TRENTO";0465/321053;0465/324039;ic.tione@pec.provincia.tn.it;dir.ictione@scuole.provincia.tn.it;segr.ictione@scuole.provincia.tn.it;https://www.ictione.tn.it;TNIC83600D
"ISTITUTO COMPRENSIVO TRENTO 7 ""Rita Levi Montalcini""";"SCUOLA PRIMARIA ""PIGARELLI"" GARDOLO TRENTO";;"A carattere statale/provinciale";"LAURA DE DONNO";;;"Via IV Novembre, 42/1 38121";TRENTO;0461/990287;0461/994418;ic.trento7@pec.provincia.tn.it;dir.ic.tn7@scuole.provincia.tn.it;segr.ic.tn7@scuole.provincia.tn.it;https://www.trento7.it;TNEE85103Q
"LICEO ""A. Maffei"" - RIVA DEL GARDA";"LICEO SCIENTIFICO OPZIONE SCIENZE APPLICATE";;"A carattere statale/provinciale";"ROBERTA BISOFFI";;;"Via Alberti Lutti, 7 38066";"RIVA DEL GARDA";0464/552316;0464/552316;maffei@pec.provincia.tn.it;dir.liceo.maffei@scuole.provincia.tn.it;segr.liceo.maffei@scuole.provincia.tn.it;https://e.liceomaffei.it;TNPC01000Q
"ISTITUTO COMPRENSIVO PREDAZZO TESERO PANCHIA' ZIANO";"SCUOLA SECONDARIA DI PRIMO GRADO ""G. ALBERTI"" TESERO";;"A carattere statale/provinciale";"MARCO FELICETTI";;;"Via Fia, 11/A 38038";TESERO;0462/501131;0462/500023;ic.predazzo@pec.provincia.tn.it;dir.ic.predazzo@scuole.provincia.tn.it;segr.ic.predazzo@scuole.provincia.tn.it;https://www.ic-predazzotesero.it;TNMM80802B
"LICEO ""F. Filzi"" - ROVERETO";"LICEO DELLE SCIENZE UMANE OPZIONE ECONOMICO SOCIALE";;"A carattere statale/provinciale";"NORMA BORGOGNO";;;"Corso Rosmini, 61 38068";ROVERETO;0464/421223;0464/433003;filzi@pec.provincia.tn.it;dir.isup.filzi@scuole.provincia.tn.it;segr.isup.filzi@scuole.provincia.tn.it;https://www.liceofilzi.it;TNPM02000E
"ISTITUTO COMPRENSIVO ALTOPIANO DI PINE'";"SCUOLA PRIMARIA ""G. VERDI"" MIOLA BASELGA DI PINE'";;"A carattere statale/provinciale";"ELISABETTA PIZIO";;;"Via della Chiesa, 3 38042";"BASELGA DI PINE'";0461/558300;0461/558163;ic.pine@pec.provincia.tn.it;dir.ic.altopianodipine@scuole.provincia.tn.it;segr.ic.altopianodipine@scuole.provincia.tn.it;https://www.icpine.eu;TNEE81602B
"ISTITUTO COMPRENSIVO BASSA VAL DI SOLE ""G. Ciccolini""";"SCUOLA PRIMARIA DIMARO";;"A carattere statale/provinciale";"NICOLA PARZIAN";;;"Piazza Madonna Della Pace - Dimaro, 14 38025";"DIMARO FOLGARIDA";0463/901237;0463/902866;ic.bassavaldisole@pec.provincia.tn.it;dir.ciccolini.male@scuole.provincia.tn.it;segr.ciccolini.male@scuole.provincia.tn.it;https://www.icbassavaldisole.it;TNEE833047
"ISTITUTO COMPRENSIVO PREDAZZO TESERO PANCHIA' ZIANO";"SCUOLA SECONDARIA DI PRIMO GRADO ""MARZARI PENCATI"" PREDAZZO";;"A carattere statale/provinciale";"MARCO FELICETTI";;;"Via Vardabasso, 3 38037";PREDAZZO;0462/501131;0462/500023;ic.predazzo@pec.provincia.tn.it;dir.ic.predazzo@scuole.provincia.tn.it;segr.ic.predazzo@scuole.provincia.tn.it;https://www.ic-predazzotesero.it;TNMM80801A
"Centro Formazione Professionale ENAIP - Ossana";"CAPES - SETTORE SERVIZI";;Paritaria/equiparata;;"Claudia Gosetti";;"Via Di S Antonio - Ossana, 1 38026";OSSANA;0463/751102;0463/751987;cfp.ossana@pec.it;;cfp.ossana@enaip.tn.it;https://ossana.enaiptrentino.it/;TNCF00300B
"ISTITUTO COMPRENSIVO FOLGARIA - LAVARONE - LUSERNA";"Scuola dell'Infanzia di Folgaria";;"A carattere statale/provinciale";"MORENA MANFRIN";;;"Via Roma, 30 38064";FOLGARIA;0464/721362;;scuolainfanzia.folgaria@scuole.provincia.tn.it;dir.rella.folgaria@scuole.provincia.tn.it;segr.rella.folgaria@scuole.provincia.tn.it;https://www.icfolgarialavaroneluserna.it;
"ISTITUTO COMPRENSIVO FOLGARIA - LAVARONE - LUSERNA";;"Istituzione scolastica e formativa";"A carattere statale/provinciale";"MORENA MANFRIN";;;"Piazza Marconi, 85 38064";FOLGARIA;0464/721283;;ic.folgaria-lavarone@pec.provincia.tn.it;dir.rella.folgaria@scuole.provincia.tn.it;segr.rella.folgaria@scuole.provincia.tn.it;https://www.icfolgarialavaroneluserna.it;TNIC804002
"LICEO ""F. Filzi"" - ROVERETO";"LICEO DELLE SCIENZE UMANE";;"A carattere statale/provinciale";"NORMA BORGOGNO";;;"Corso Rosmini, 61 38068";ROVERETO;0464/421223;0464/433003;filzi@pec.provincia.tn.it;dir.isup.filzi@scuole.provincia.tn.it;segr.isup.filzi@scuole.provincia.tn.it;https://www.liceofilzi.it;TNPM02000E
"ISTITUTO COMPRENSIVO TIONE";"SCUOLA SECONDARIA DI PRIMO GRADO RONCONE";;"A carattere statale/provinciale";"ALESSANDRO BONESINI";;;"Via III Novembre - Roncone, 22/A 38087";"SELLA GIUDICARIE";0465/321053;0465/324039;ic.tione@pec.provincia.tn.it;dir.ictione@scuole.provincia.tn.it;segr.ictione@scuole.provincia.tn.it;https://www.ictione.tn.it;TNMM83602G
"ISTITUTO COMPRENSIVO TIONE";"SCUOLA PRIMARIA TIONE DI TRENTO";;"A carattere statale/provinciale";"ALESSANDRO BONESINI";;;"Via Pinzolo, 2 38079";"TIONE DI TRENTO";0465/321053;0465/324039;ic.tione@pec.provincia.tn.it;dir.ictione@scuole.provincia.tn.it;segr.ictione@scuole.provincia.tn.it;https://www.ictione.tn.it;TNEE83603N
"ISTITUTO COMPRENSIVO ALTOPIANO DI PINE'";"SCUOLA SECONDARIA DI PRIMO GRADO ""DON GIUSEPPE TARTER""BASELGA DI PINE'";;"A carattere statale/provinciale";"ELISABETTA PIZIO";;;"Via del XXVI Maggio - Baselga, 6 38042";"BASELGA DI PINE'";0461/557138;0461/558163;ic.pine@pec.provincia.tn.it;dir.ic.altopianodipine@scuole.provincia.tn.it;segr.ic.altopianodipine@scuole.provincia.tn.it;https://www.icpine.eu;TNMM816019
"LICEO ""A. Maffei"" - RIVA DEL GARDA";"LICEO LINGUISTICO";;"A carattere statale/provinciale";"ROBERTA BISOFFI";;;"Via Alberti Lutti, 7 38066";"RIVA DEL GARDA";0464/552316;0464/552316;maffei@pec.provincia.tn.it;dir.liceo.maffei@scuole.provincia.tn.it;segr.liceo.maffei@scuole.provincia.tn.it;https://e.liceomaffei.it;TNPC01000Q
"LICEO ""A. Maffei"" - RIVA DEL GARDA";"LICEO MUSICALE E COREUTICO";;"A carattere statale/provinciale";"ROBERTA BISOFFI";;;"Via Alberti Lutti, 7 38066";"RIVA DEL GARDA";0464/552316;0464/552316;maffei@pec.provincia.tn.it;dir.liceo.maffei@scuole.provincia.tn.it;segr.liceo.maffei@scuole.provincia.tn.it;https://e.liceomaffei.it;TNPC01000Q
"ISTITUTO COMPRENSIVO TIONE";"SCUOLA PRIMARIA ""A. PRANDINI"" RONCONE";;"A carattere statale/provinciale";"ALESSANDRO BONESINI";;;"Via III Novembre - Roncone, 22 38087";"SELLA GIUDICARIE";0465/321053;0465/324039;ic.tione@pec.provincia.tn.it;dir.ictione@scuole.provincia.tn.it;segr.ictione@scuole.provincia.tn.it;https://www.ictione.tn.it;TNEE83605Q
"ISTITUTO COMPRENSIVO FOLGARIA - LAVARONE - LUSERNA";"Scuola dell'Infanzia di Lavarone ""Casa dell'Arcobaleno""";;"A carattere statale/provinciale";"MORENA MANFRIN";;;"Frazione Gionghi,   38046";LAVARONE;0464/783098;;scuolainfanzia.lavarone@scuole.provincia.tn.it;dir.rella.folgaria@scuole.provincia.tn.it;segr.rella.folgaria@scuole.provincia.tn.it;https://www.icfolgarialavaroneluserna.it;
"ISTITUTO COMPRENSIVO TIONE";"SCUOLA PRIMARIA RAGOLI";;"A carattere statale/provinciale";"ALESSANDRO BONESINI";;;"Via Roma - Ragoli, 5 38070";"TRE VILLE";0465/321053;0465/324039;ic.tione@pec.provincia.tn.it;dir.ictione@scuole.provincia.tn.it;segr.ictione@scuole.provincia.tn.it;https://www.ictione.tn.it;TNEE83602L
"LICEO ""A. Maffei"" - RIVA DEL GARDA";"LICEO SCIENTIFICO";;"A carattere statale/provinciale";"ROBERTA BISOFFI";;;"Via Alberti Lutti, 7 38066";"RIVA DEL GARDA";0464/552316;0464/552316;maffei@pec.provincia.tn.it;dir.liceo.maffei@scuole.provincia.tn.it;segr.liceo.maffei@scuole.provincia.tn.it;https://e.liceomaffei.it;TNPC01000Q
"ISTITUTO COMPRENSIVO TRENTO 7 ""Rita Levi Montalcini""";;"Istituzione scolastica e formativa";"A carattere statale/provinciale";"LAURA DE DONNO";;;"Via IV Novembre, 35/1 38121";TRENTO;0461/990287;0461/994418;ic.trento7@pec.provincia.tn.it;dir.ic.tn7@scuole.provincia.tn.it;segr.ic.tn7@scuole.provincia.tn.it;https://www.trento7.it;TNIC85100G
"ISTITUTO COMPRENSIVO PREDAZZO TESERO PANCHIA' ZIANO";"SCUOLA PRIMARIA ""I. MASIA"" ZIANO DI FIEMME";;"A carattere statale/provinciale";"MARCO FELICETTI";;;"Piazza Italia, 4 38030";"ZIANO DI FIEMME";0462/571163;0462/500023;ic.predazzo@pec.provincia.tn.it;dir.ic.predazzo@scuole.provincia.tn.it;segr.ic.predazzo@scuole.provincia.tn.it;https://www.ic-predazzotesero.it;TNEE80802C
"ISTITUTO COMPRENSIVO BASSA VAL DI SOLE ""G. Ciccolini""";"SCUOLA PRIMARIA ""B. PEZZEN"" CROVIANA";;"A carattere statale/provinciale";"NICOLA PARZIAN";;;"Via delle Scuole, 25 38027";CROVIANA;0463/901237;0463/902866;ic.bassavaldisole@pec.provincia.tn.it;dir.ciccolini.male@scuole.provincia.tn.it;segr.ciccolini.male@scuole.provincia.tn.it;https://www.icbassavaldisole.it;TNEE833036
"ISTITUTO COMPRENSIVO TRENTO 7 ""Rita Levi Montalcini""";"SCUOLA PRIMARIA ""I. CALVINO"" VIGO MEANO";;"A carattere statale/provinciale";"LAURA DE DONNO";;;"Via Alle Oselere,   38121";TRENTO;0461/990287;0461/994418;ic.trento7@pec.provincia.tn.it;dir.ic.tn7@scuole.provincia.tn.it;segr.ic.tn7@scuole.provincia.tn.it;https://www.trento7.it;TNEE85102P
"ISTITUTO COMPRENSIVO ALTOPIANO DI PINE'";;"Istituzione scolastica e formativa";"A carattere statale/provinciale";"ELISABETTA PIZIO";;;"Via del XXVI Maggio - Baselga, 6 38042";"BASELGA DI PINE'";0461/557138;0461/558163;ic.pine@pec.provincia.tn.it;dir.ic.altopianodipine@scuole.provincia.tn.it;segr.ic.altopianodipine@scuole.provincia.tn.it;https://www.icpine.eu;TNIC816008
"ISTITUTO COMPRENSIVO ALTOPIANO DI PINE'";"SCUOLA PRIMARIA  ""ABRAMO ANDREATTA"" BEDOLLO";;"A carattere statale/provinciale";"ELISABETTA PIZIO";;;"Via S Osvaldo, 5 38043";BEDOLLO;0461/556844;0461/558163;ic.pine@pec.provincia.tn.it;dir.ic.altopianodipine@scuole.provincia.tn.it;segr.ic.altopianodipine@scuole.provincia.tn.it;https://www.icpine.eu;TNEE81605E
"ISTITUTO COMPRENSIVO TRENTO 7 ""Rita Levi Montalcini""";"SCUOLA PRIMARIA ""S. ANNA"" GARDOLO TRENTO";;"A carattere statale/provinciale";"LAURA DE DONNO";;;"Via S Anna, 3 38121";TRENTO;0461/990287;0461/994418;ic.trento7@pec.provincia.tn.it;dir.ic.tn7@scuole.provincia.tn.it;segr.ic.tn7@scuole.provincia.tn.it;https://www.trento7.it;TNEE85104R
"Centro Formazione Professionale ENAIP - Ossana";;"Istituzione scolastica e formativa";Paritaria/equiparata;;"Claudia Gosetti";;"Via Di S Antonio - Ossana, 1 38026";OSSANA;0463/751102;0463/751987;cfp.ossana@pec.it;;cfp.ossana@enaip.tn.it;https://ossana.enaiptrentino.it/;
"ISTITUTO COMPRENSIVO TIONE";"SCUOLA PRIMARIA ZUCLO";;"A carattere statale/provinciale";"ALESSANDRO BONESINI";;;"Via Fucina - Zuclo, 10 38079";"BORGO LARES";0465/321053;0465/324039;ic.tione@pec.provincia.tn.it;dir.ictione@scuole.provincia.tn.it;segr.ictione@scuole.provincia.tn.it;https://www.ictione.tn.it;TNEE83604P
"ISTITUTO COMPRENSIVO TRENTO 7 ""Rita Levi Montalcini""";"SCUOLA PRIMARIA ""E. DE CARLI"" MEANO";;"A carattere statale/provinciale";"LAURA DE DONNO";;;"Via Delle Tre Croci, 40 38121";TRENTO;0461/990287;0461/994418;ic.trento7@pec.provincia.tn.it;dir.ic.tn7@scuole.provincia.tn.it;segr.ic.tn7@scuole.provincia.tn.it;https://www.trento7.it;TNEE85101N
"ISTITUTO COMPRENSIVO FOLGARIA - LAVARONE - LUSERNA";"Scuola dell'Infanzia di Luserna";;"A carattere statale/provinciale";"MORENA MANFRIN";;;"Via Mazzini - Prundle, 7 38040";"LUSERNA - LUSÉRN";0464/789608;;scuolainfanzia.luserna@scuole.provincia.tn.it;dir.rella.folgaria@scuole.provincia.tn.it;segr.rella.folgaria@scuole.provincia.tn.it;https://www.icfolgarialavaroneluserna.it;
"ISTITUTO COMPRENSIVO PREDAZZO TESERO PANCHIA' ZIANO";"SCUOLA PRIMARIA ""G. MANEGA"" TESERO";;"A carattere statale/provinciale";"MARCO FELICETTI";;;"Via Fia, 11/A 38038";TESERO;0462/813197;0462/500023;ic.predazzo@pec.provincia.tn.it;dir.ic.predazzo@scuole.provincia.tn.it;segr.ic.predazzo@scuole.provincia.tn.it;https://www.ic-predazzotesero.it;TNEE80804E
"ISTITUTO COMPRENSIVO PREDAZZO TESERO PANCHIA' ZIANO";"SCUOLA PRIMARIA ""M. MORANDINI DEGASPERI"" PREDAZZO";;"A carattere statale/provinciale";"MARCO FELICETTI";;;"Corso Degasperi, 8 38037";PREDAZZO;0462/501131;0462/500023;ic.predazzo@pec.provincia.tn.it;dir.ic.predazzo@scuole.provincia.tn.it;segr.ic.predazzo@scuole.provincia.tn.it;https://www.ic-predazzotesero.it;TNEE80801B
"ISTITUTO COMPRENSIVO FOLGARIA - LAVARONE - LUSERNA";"SCUOLA SECONDARIA DI PRIMO GRADO ""P. RELLA"" FOLGARIA";;"A carattere statale/provinciale";"MORENA MANFRIN";;;"Piazza Marconi, 85 38064";FOLGARIA;0464/721283;;ic.folgaria-lavarone@pec.provincia.tn.it;dir.rella.folgaria@scuole.provincia.tn.it;segr.rella.folgaria@scuole.provincia.tn.it;https://www.icfolgarialavaroneluserna.it;TNMM804013
"ISTITUTO COMPRENSIVO ALTA VALLAGARINA";"SCUOLA PRIMARIA ""G. TOVAZZI"" VOLANO";;"A carattere statale/provinciale";"PASQUALE TAPPA";;;"Via Stazione, 30 38060";VOLANO;0464/410475;0461/490699;ic.altavallagarina@pec.provincia.tn.it;dir.ic.altavallagarina@scuole.provincia.tn.it;segr.ic.altavallagarina@scuole.provincia.tn.it;https://www.ic-altavallagarina.it;TNEE86003E
"ISTITUTO COMPRENSIVO PREDAZZO TESERO PANCHIA' ZIANO";;"Istituzione scolastica e formativa";"A carattere statale/provinciale";"MARCO FELICETTI";;;"Corso Degasperi, 8 38037";PREDAZZO;0462/501131;0462/500023;ic.predazzo@pec.provincia.tn.it;dir.ic.predazzo@scuole.provincia.tn.it;segr.ic.predazzo@scuole.provincia.tn.it;https://www.ic-predazzotesero.it;TNIC808009
"LICEO ""A. Maffei"" - RIVA DEL GARDA";;"Istituzione scolastica e formativa";"A carattere statale/provinciale";"ROBERTA BISOFFI";;;"Via Alberti Lutti, 7 38066";"RIVA DEL GARDA";0464/552316;0464/552316;maffei@pec.provincia.tn.it;dir.liceo.maffei@scuole.provincia.tn.it;segr.liceo.maffei@scuole.provincia.tn.it;https://e.liceomaffei.it;TNPC01000Q
"ISTITUTO COMPRENSIVO BASSA VAL DI SOLE ""G. Ciccolini""";"SCUOLA PRIMARIA S.BERNARDO RABBI";;"A carattere statale/provinciale";"NICOLA PARZIAN";;;"Frazione San Bernardo,   38020";RABBI;0463/901237;0463/902866;ic.bassavaldisole@pec.provincia.tn.it;dir.ciccolini.male@scuole.provincia.tn.it;segr.ciccolini.male@scuole.provincia.tn.it;https://www.icbassavaldisole.it;TNEE83307A
"ISTITUTO COMPRENSIVO FOLGARIA - LAVARONE - LUSERNA";"SCUOLA PRIMARIA ""S. LAUTON"" FOLGARIA";;"A carattere statale/provinciale";"MORENA MANFRIN";;;"Via D Acquisto, 21/A 38064";FOLGARIA;0464/721283;;ic.folgaria-lavarone@pec.provincia.tn.it;dir.rella.folgaria@scuole.provincia.tn.it;segr.rella.folgaria@scuole.provincia.tn.it;https://www.icfolgarialavaroneluserna.it;TNEE804025
"ISTITUTO COMPRENSIVO TIONE";"SCUOLA SECONDARIA DI PRIMO GRADO ""LEGIONE TRENTINA"" TIONE DI TRENTO";;"A carattere statale/provinciale";"ALESSANDRO BONESINI";;;"Via Circonvallazione, 44 38079";"TIONE DI TRENTO";0465/321053;0465/324039;ic.tione@pec.provincia.tn.it;dir.ictione@scuole.provincia.tn.it;segr.ictione@scuole.provincia.tn.it;https://www.ictione.tn.it;TNMM83601E
"ISTITUTO COMPRENSIVO BASSA VAL DI SOLE ""G. Ciccolini""";"SCUOLA PRIMARIA CALDES";;"A carattere statale/provinciale";"NICOLA PARZIAN";;;"Via Al Castello, 26 38022";CALDES;0463/901237;0463/902866;ic.bassavaldisole@pec.provincia.tn.it;dir.ciccolini.male@scuole.provincia.tn.it;segr.ciccolini.male@scuole.provincia.tn.it;https://www.icbassavaldisole.it;TNEE833014
"ISTITUTO COMPRENSIVO ALTA VALLAGARINA";"SCUOLA SECONDARIA DI PRIMO GRADO ""ALTA VALLAGARINA"" VOLANO";;"A carattere statale/provinciale";"PASQUALE TAPPA";;;"Via Manzoni, 3 38068";ROVERETO;0464/410475;0461/490699;ic.altavallagarina@pec.provincia.tn.it;dir.ic.altavallagarina@scuole.provincia.tn.it;segr.ic.altavallagarina@scuole.provincia.tn.it;https://www.ic-altavallagarina.it;TNMM86001B
"ISTITUTO COMPRENSIVO FOLGARIA - LAVARONE - LUSERNA";"SCUOLA SECONDARIA DI PRIMO GRADO ""G. PRATI"" LAVARONE";;"A carattere statale/provinciale";"MORENA MANFRIN";;;"Frazione Gionghi, 107/6 38046";LAVARONE;0464/721283;;ic.folgaria-lavarone@pec.provincia.tn.it;dir.rella.folgaria@scuole.provincia.tn.it;segr.rella.folgaria@scuole.provincia.tn.it;https://www.icfolgarialavaroneluserna.it;TNMM804024
"ISTITUTO COMPRENSIVO ALTA VALLAGARINA";"SCUOLA PRIMARIA ""S. PELLICO"" BESENELLO";;"A carattere statale/provinciale";"PASQUALE TAPPA";;;"Via Degasperi, 2 38060";BESENELLO;0464/410475;0461/490699;ic.altavallagarina@pec.provincia.tn.it;dir.ic.altavallagarina@scuole.provincia.tn.it;segr.ic.altavallagarina@scuole.provincia.tn.it;https://www.ic-altavallagarina.it;TNEE86001C
"ISTITUTO COMPRENSIVO TRENTO 7 ""Rita Levi Montalcini""";"SCUOLA SECONDARIA DI PRIMO GRADO ""S. PEDROLLI"" GARDOLO TRENTO";;"A carattere statale/provinciale";"LAURA DE DONNO";;;"Via IV Novembre, 35/1 38121";TRENTO;0461/990287;0461/994418;ic.trento7@pec.provincia.tn.it;dir.ic.tn7@scuole.provincia.tn.it;segr.ic.tn7@scuole.provincia.tn.it;https://www.trento7.it;TNMM85101L
"ISTITUTO COMPRENSIVO BASSA VAL DI SOLE ""G. Ciccolini""";"SCUOLA PRIMARIA ""C. CRISTOFORETTI"" MALE'";;"A carattere statale/provinciale";"NICOLA PARZIAN";;;"Via Alla Croce, 17 38027";MALE';0463/901237;0463/902866;ic.bassavaldisole@pec.provincia.tn.it;dir.ciccolini.male@scuole.provincia.tn.it;segr.ciccolini.male@scuole.provincia.tn.it;https://www.icbassavaldisole.it;TNEE833058
"Circolo di coordinamento n. 9";"Scuola dell'Infanzia di Rovereto San Giorgio   ""Don A. Rossaro""";;"A carattere statale/provinciale";;;"DONATELLA SEGNANA";"Via Telani, 4 38068";ROVERETO;"0464 433713";0464/493117;scuolainfanzia.sangiorgio@scuole.provincia.tn.it;;circolo.coordinamento09@provincia.tn.it;;
"Circolo di coordinamento n. 9";"Scuola dell'Infanzia di Rovereto Lizzana  ""Girogirotondo""";;"A carattere statale/provinciale";;;"DONATELLA SEGNANA";"Via Livenza, 27 38068";ROVERETO;"0464 437839";0464/493117;scuolainfanzia.livenza@scuole.provincia.tn.it;;circolo.coordinamento09@provincia.tn.it;;
"Circolo di coordinamento n. 9";"Scuola dell'Infanzia di Rovereto Fucine";;"A carattere statale/provinciale";;;"DONATELLA SEGNANA";"Via Volta, 1 38068";ROVERETO;0464/420477;0464/493117;scuolainfanzia.fucine@scuole.provincia.tn.it;;circolo.coordinamento09@provincia.tn.it;;
"Circolo di coordinamento n. 9";;"Circolo di coordinamento pedagogico";"A carattere statale/provinciale";;;"DONATELLA SEGNANA";"Viale Trento, 37/E 38068";ROVERETO;0464/493116;0464/493117;circolo.coordinamento09@provincia.tn.it;;circolo.coordinamento09@provincia.tn.it;;
"Circolo di coordinamento n. 9";"Scuola dell'Infanzia di Terragnolo Piazza";;"A carattere statale/provinciale";;;"DONATELLA SEGNANA";"Frazione Piazza di Terragnolo, 14 38060";TERRAGNOLO;"0464 396345";0464/493117;scuolainfanzia.terragnolo@scuole.provincia.tn.it;;circolo.coordinamento09@provincia.tn.it;;
"Circolo di coordinamento n. 9";"Scuola dell'Infanzia di Rovereto Rione Sud  ""Il giardino incantato""";;"A carattere statale/provinciale";;;"DONATELLA SEGNANA";"Via Venezia, 11 38068";ROVERETO;"0464 431163";0464/493117;scuolainfanzia.rionesud@scuole.provincia.tn.it;;circolo.coordinamento09@provincia.tn.it;;
"ISTITUTO COMPRENSIVO ALTA VALLAGARINA";;"Istituzione scolastica e formativa";"A carattere statale/provinciale";"PASQUALE TAPPA";;;"Via Stazione, 30 38060";VOLANO;0464/410475;0461/490699;ic.altavallagarina@pec.provincia.tn.it;dir.ic.altavallagarina@scuole.provincia.tn.it;segr.ic.altavallagarina@scuole.provincia.tn.it;https://www.ic-altavallagarina.it;TNIC86000A
"COLLEGIO ARCIVESCOVILE DAME INGLESI - ROVERETO";;"Istituzione scolastica e formativa";Paritaria/equiparata;"CHRISTIAN BONAZZA";"BRUNO DAVES";;"Corso Bettini, 71 38068";ROVERETO;0464/406000;0464/406077;collegioarcivescovile@pec.it;dameinglesi@arcivescoviletrento.it;lia@arcivescoviletrento.it;https://www.arcivescoviletrento.it;
"COLLEGIO ARCIVESCOVILE C.ENDRICI - TRENTO";;"Istituzione scolastica e formativa";Paritaria/equiparata;"CHRISTIAN BONAZZA";"BRUNO DAVES";;"Via Monsignor  Endrici, 23 38122";TRENTO;0461/1731200;0461/1731288;collegioarcivescovile@pec.it;collegioarcivescovile@arcivescoviletrento.it;didatticatn@arcivescoviletrento.it;https://www.arcivescoviletrento.it;
"Scuola dell'infanzia di Ala";;"Scuola dell'infanzia";Paritaria/equiparata;;;"FRANCESCA VARESCHI";"Via De Ferrari, 1 38061";ALA;0464/671113;"0464 674717";ala.presidente@fpsm.tn.it;;ala.segretario@fpsm.tn.it;;
"Scuola dell'infanzia di Storo";;"Scuola dell'infanzia";Paritaria/equiparata;;;"ALESSANDRA POMILIO";"Via S Floriano, 22 38089";STORO;0465/898494;;storo.presidente@fpsm.tn.it;;storo.segretario@fpsm.tn.it;;
"Scuola dell'infanzia di Ala";"Scuola dell'Infanzia di Ala";;Paritaria/equiparata;;;"FRANCESCA VARESCHI";"Via De Ferrari, 1 38061";ALA;0464/671113;"0464 674717";ala.presidente@fpsm.tn.it;;ala.segretario@fpsm.tn.it;;
"Scuola dell'infanzia di Masi di Cavalese";"Scuola dell'Infanzia di Masi di Cavalese";;Paritaria/equiparata;;;"TIZIANA CEOL";"Via Damiano Chiesa, 79 38033";CAVALESE;"0462 340557";;cavalese.presidente@fpsm.tn.it;;cavalese.segretario@fpsm.tn.it;;
"Scuola dell'infanzia di Storo";"Scuola dell'Infanzia di Storo";;Paritaria/equiparata;;;"ALESSANDRA POMILIO";"Via S Floriano, 22 38089";STORO;0465/898494;;storo.presidente@fpsm.tn.it;;storo.segretario@fpsm.tn.it;;
"Scuola dell'infanzia di Molina di Ledro";"Scuola dell'Infanzia di Molina di  Ledro";;Paritaria/equiparata;;;"LUISA FONTANARI";"Via Sartori - Molina di Ledro, 24/c 38067";LEDRO;0464/876444;;molina.ledro.presidente@fpsm.tn.it;;molina.ledro.segretario@fpsm.tn.it;;
"Scuola dell'infanzia di Vigo Cortesano";"Scuola dell'Infanzia di Vigo Cortesano";;Paritaria/equiparata;;;"CARMEN FATTORI";"Via Madonna Dei Prati, 3 38121";TRENTO;0461/448252;;vigo.meano.presidente@fpsm.tn.it;;vigo.meano.segretario@fpsm.tn.it;;
"ISTITUTO DI ISTRUZIONE ""La Rosa Bianca"" - CAVALESE";"ISTITUTO TECNICO PER IL SETTORE ECONOMICO SERALE - PREDAZZO";;"A carattere statale/provinciale";"MARCO FELICETTI";;;"Corso Degasperi, 14 38037";PREDAZZO;0462/341449;0462/248071;weisserose@pec.provincia.tn.it;dir.iicavalese@scuole.provincia.tn.it;segr.iicavalese@scuole.provincia.tn.it;https://www.scuolefiemme.tn.it;TNTD001509
"Polo Giuseppe Veronesi";"SETTORE INDUSTRIA E ARTIGIANATO SERALE";;Paritaria/equiparata;;"LAURA SCALFI";;"Piazzale Orsi, 1 38068";ROVERETO;0464/433484;0464/436873;iscrizioni.veronesi@pec.it;;segreteria.dir@cfpgveronesi.it;https://www.poloveronesi.it/;
"Centro Formazione Professionale UPT - Trento";"SETTORE SERVIZI SERALE";;Paritaria/equiparata;;"WALTER IORI";;"Via Borsieri, 2 38122";TRENTO;0461/239997;0461/260235;cfp-upt@pec.it;;segreteria.sede@cfp-upt.it;https://www.cfp-upt.it;
"Scuola dell'infanzia di Fondo";"Scuola dell'Infanzia di Fondo";;Paritaria/equiparata;;;"ILARIA MANCINI";"Piazza Don Stefenelli - Fondo, 5 38020";"BORGO D'ANAUNIA";0463-831254;;fondo.presidente@fpsm.tn.it;;fondo.segretario@fpsm.tn.it;;
"Scuola dell'infanzia di Molina di Ledro";;"Scuola dell'infanzia";Paritaria/equiparata;;;"LUISA FONTANARI";"Via Sartori - Molina di Ledro, 24/c 38067";LEDRO;0464/876444;;molina.ledro.presidente@fpsm.tn.it;;molina.ledro.segretario@fpsm.tn.it;;
"Scuola dell'infanzia di Vigo Cortesano";;"Scuola dell'infanzia";Paritaria/equiparata;;;"CARMEN FATTORI";"Via Madonna Dei Prati, 3 38121";TRENTO;0461-448252;;vigo.meano.presidente@fpsm.tn.it;;vigo.meano.segretario@fpsm.tn.it;;
"Scuola dell'infanzia di Bondone";"Scuola dell'Infanzia di Bondone";;Paritaria/equiparata;;;"ALESSANDRA POMILIO";"Via Giusti, 46 38080";BONDONE;0465/898770;;bondone.presidente@fpsm.tn.it;;bondone.segretario@fpsm.tn.it;;
"Scuola dell'infanzia di Fondo";;"Scuola dell'infanzia";Paritaria/equiparata;;;"ILARIA MANCINI";"Piazza Don Stefenelli - Fondo, 5 38020";"BORGO D'ANAUNIA";0463-831254;;fondo.presidente@fpsm.tn.it;;fondo.segretario@fpsm.tn.it;;
"Scuola dell'infanzia di Trento  Canossiane";;"Scuola dell'infanzia";Paritaria/equiparata;;;"IVANA LEONARDELLI";"Via Dei Paradisi, 4 38122";TRENTO;0461/231775;;trento.canossiane.segretario@fpsm.tn.it;;trento.canossiane.segretario@fpsm.tn.it;;
"LICEO ""A. Rosmini"" - TRENTO";"LICEO DEL MADE IN ITALY";;"A carattere statale/provinciale";"PATRIZIA VISCONTI";;;"Via Malfatti, 2 38122";TRENTO;0461/914400;0461/914498;rosmini.trento@pec.provincia.tn.it;dir.rosmini.tn@scuole.provincia.tn.it;segr.rosmini.tn@scuole.provincia.tn.it;https://www.rosmini.eu;TNPM01000X
"Scuola dell'infanzia di Masi di Cavalese";;"Scuola dell'infanzia";Paritaria/equiparata;;;"TIZIANA CEOL";"Via Damiano Chiesa, 79 38033";CAVALESE;0462-340557;;cavalese.presidente@fpsm.tn.it;;cavalese.segretario@fpsm.tn.it;;
"Scuola dell'infanzia di Trento  Canossiane";"Scuola dell'Infanzia di Trento  Canossiane";;Paritaria/equiparata;;;"IVANA LEONARDELLI";"Via Dei Paradisi, 4 38122";TRENTO;0461/231775;;trento.canossiane.segretario@fpsm.tn.it;;trento.canossiane.segretario@fpsm.tn.it;;
"Scuola dell'infanzia di Bondone";;"Scuola dell'infanzia";Paritaria/equiparata;;;"ALESSANDRA POMILIO";"Via Giusti, 46 38080";BONDONE;0465/898770;;bondone.presidente@fpsm.tn.it;;bondone.segretario@fpsm.tn.it;;
"ISTITUTO DI ISTRUZIONE ""M. Curie"" - PERGINE VALSUGANA";"ISTITUTO TECNICO PER IL SETTORE ECONOMICO SERALE";;"A carattere statale/provinciale";"TIZIANA GULLI";;;"Via S Pietro, 4 38057";"PERGINE VALSUGANA";0461/511397;0461/531743;curie@pec.provincia.tn.it;dir.curie.pergine@scuole.provincia.tn.it;segr.curie.pergine@scuole.provincia.tn.it;https://www.curiepergine.it;TNTD00450R
"Circolo di coordinamento n. 3";;"Circolo di coordinamento pedagogico";"A carattere statale/provinciale";;;"CHIARA NADALON";"Via Gilli, 3 38121";TRENTO;0461/496000;0461/497257;circolo.coordinamento03@provincia.tn.it;;circolo.coordinamento03@provincia.tn.it;;
"Circolo di coordinamento n. 5";;"Circolo di coordinamento pedagogico";"A carattere statale/provinciale";;;"MARTINA BASSETTI";"Via Gilli, 3 38121";TRENTO;0461/496000;0461/497257;circolo.coordinamento05@provincia.tn.it;;circolo.coordinamento05@provincia.tn.it;;
"Circolo di coordinamento n. 4";;"Circolo di coordinamento pedagogico";"A carattere statale/provinciale";;;"RITA FERENZENA";"Via Gilli, 3 38121";TRENTO;0461/496000;0461/496950;circolo.coordinamento04@provincia.tn.it;;circolo.coordinamento04@provincia.tn.it;;
"Circolo di coordinamento n. 6";;"Circolo di coordinamento pedagogico";"A carattere statale/provinciale";;;"VALENTINA RIZZON";"Via Gilli, 3 38121";TRENTO;0461/496000;0461/499283;circolo.coordinamento06@provincia.tn.it;;circolo.coordinamento06@provincia.tn.it;;
"ISTITUTO DI ISTRUZIONE ""M. Curie"" - PERGINE VALSUGANA";"LICEO DEL MADE IN ITALY";;"A carattere statale/provinciale";"TIZIANA GULLI";;;"Via S Pietro, 4 38057";"PERGINE VALSUGANA";0461/511397;0461/531743;curie@pec.provincia.tn.it;dir.curie.pergine@scuole.provincia.tn.it;segr.curie.pergine@scuole.provincia.tn.it;https://www.curiepergine.it;TNPS00401L
"Centro Formazione Professionale UPT - Rovereto";"CAPES - SETTORE SERVIZI";;Paritaria/equiparata;;"PAOLO ZANLUCCHI";;"Via Pasqui, 10 38068";ROVERETO;0464/630050;;cfp-upt@pec.it;;segreteria.rovereto@cfp-upt.it;https://www.cfp-upt.it;TNCF00900A
"LICEO ""A. Rosmini"" - TRENTO";"CC EDUCAZIONE ADULTI ALBERGHIERO";;"A carattere statale/provinciale";"PATRIZIA VISCONTI";;;"Via Malfatti, 2 38122";TRENTO;0461/914400;0461/914498;rosmini.trento@pec.provincia.tn.it;dir.rosmini.tn@scuole.provincia.tn.it;segr.rosmini.tn@scuole.provincia.tn.it;https://www.rosmini.eu;
"LICEO ""A. Rosmini"" - TRENTO";"CC EDUCAZIONE ADULTI SECONDO CICLO LES";;"A carattere statale/provinciale";"PATRIZIA VISCONTI";;;"Via Malfatti, 2 38122";TRENTO;0461/914400;0461/914498;rosmini.trento@pec.provincia.tn.it;dir.rosmini.tn@scuole.provincia.tn.it;segr.rosmini.tn@scuole.provincia.tn.it;https://www.rosmini.eu;
"ISTITUTO COMPRENSIVO TRENTO 1 ""Margherita Hack""";;"Istituzione scolastica e formativa";"A carattere statale/provinciale";"PIERA PEGORETTI";;;"Via Znojmo, 24 38123";TRENTO;0461/912740;0461/912065;ic.trento1@pec.provincia.tn.it;dir.ic.tn1@scuole.provincia.tn.it;segr.ic.tn1@scuole.provincia.tn.it;https://www.ictrento1.it;TNIC81900Q
"ISTITUTO COMPRENSIVO TRENTO 1 ""Margherita Hack""";"SCUOLA PRIMARIA ""U. MOGGIOLI"" POVO";;"A carattere statale/provinciale";"PIERA PEGORETTI";;;"Via Dei Rivi, 6 38123";TRENTO;0461/912740;0461/912065;ic.trento1@pec.provincia.tn.it;dir.ic.tn1@scuole.provincia.tn.it;segr.ic.tn1@scuole.provincia.tn.it;https://www.ictrento1.it;TNEE81901T
"ISTITUTO COMPRENSIVO TRENTO 1 ""Margherita Hack""";"SCUOLA SECONDARIA DI PRIMO GRADO ""G. PASCOLI"" POVO";;"A carattere statale/provinciale";"PIERA PEGORETTI";;;"Via Znojmo, 24 38123";TRENTO;0461/912740;0461/912065;ic.trento1@pec.provincia.tn.it;dir.ic.tn1@scuole.provincia.tn.it;segr.ic.tn1@scuole.provincia.tn.it;https://www.ictrento1.it;TNMM81901R
"ISTITUTO COMPRENSIVO TRENTO 1 ""Margherita Hack""";"SCUOLA PRIMARIA ""G. A. TOMASI"" VILLAZZANO";;"A carattere statale/provinciale";"PIERA PEGORETTI";;;"Piazza Monsignor Nicolini,  7 38123";TRENTO;0461/912740;0461/912065;ic.trento1@pec.provincia.tn.it;dir.ic.tn1@scuole.provincia.tn.it;segr.ic.tn1@scuole.provincia.tn.it;https://www.ictrento1.it;TNEE81902V
"Centro Formazione Professionale ""Centromoda Canossa"" ";;"Istituzione scolastica e formativa";Paritaria/equiparata;;"Michele Filippini";;"Via Grazioli, 2 38122";TRENTO;0461/260454;0461/267864;canossatrento@pec.it;direzione@centromoda.tn.it;didattica@centromoda.tn.it;https://www.centromoda.tn.it;
"Centro Formazione Professionale ""Centromoda Canossa"" ";"CAPES - SETTORE INDUSTRIA E ARTIGIANATO";;Paritaria/equiparata;;"Michele Filippini";;"Via Grazioli, 2 38122";TRENTO;0461/260454;0461/267864;canossatrento@pec.it;direzione@centromoda.tn.it;didattica@centromoda.tn.it;https://www.centromoda.tn.it;TNCF009001
"ISTITUTO COMPRENSIVO CAVALESE";"SCUOLA PRIMARIA VARENA";;"A carattere statale/provinciale";"ROBERTO TROLLI";;;"Via Mercato, 10 38030";"VILLE DI FIEMME";0462/340314;0462/342294;ic.cavalese@pec.provincia.tn.it;dir.cavalese@scuole.provincia.tn.it;segr.cavalese@scuole.provincia.tn.it;https://www.iccavalese.it;TNEE80909G
"Centro Formazione Professionale UPT - Cles";"CAPES - SETTORE SERVIZI";;Paritaria/equiparata;;"WALTER IORI";;"Via D Agostin, 2 38023";CLES;0463/422820;0463/424409;cfp-upt@pec.it;;segreteria.cles@cfp-upt.it;https://www.cfp-upt.it;TNCF00600V
"Centro Formazione Professionale UPT - Tione di Trento";"CAPES - SETTORE SERVIZI";;Paritaria/equiparata;;"MAURIZIO CADONNA ";;"Via Roma, 15 38079";"TIONE DI TRENTO";0465/321889;0465/324518;cfp-upt@pec.it;;segreteria.tione@cfp-upt.it;https://www.cfp-upt.it;TNCF00700P
"Istituto di Formazione Professionale Alberghiero - Rovereto";;"Istituzione scolastica e formativa";"A carattere statale/provinciale";"VITO ROVIGO";;;"Viale Dei Colli, 17 38068";ROVERETO;0464/439164;0464/435851;ifpa.rovereto@pec.provincia.tn.it;dir.ifpa.rovereto@scuole.provincia.tn.it;segr.ifpa.rovereto@scuole.provincia.tn.it;https://www.alberghierorovereto.it;TNCF011001
"ISTITUTO DI ISTRUZIONE ""A. Degasperi"" - BORGO VALSUGANA";;"Istituzione scolastica e formativa";"A carattere statale/provinciale";"GIULIO BERTOLDI";;;"Via XXIV Maggio, 7 38051";"BORGO VALSUGANA";0461/753647;0461/753364;degasperi@pec.provincia.tn.it;dir.istalcidedegasperi@scuole.provincia.tn.it;segr.istalcidedegasperi@scuole.provincia.tn.it;https://www.istalcidedegasperi.it;TNIS00200E
"Circolo di coordinamento n. 9";"Scuola dell'Infanzia di Anghebeni ""Il sorriso di Andrea""";;"A carattere statale/provinciale";;;"DONATELLA SEGNANA";"Frazione Anghebeni, 80/A 38060";VALLARSA;" 0464 869348 ";0464/493117;scuolainfanzia.anghebeni@scuole.provincia.tn.it;;circolo.coordinamento09@provincia.tn.it;;
"Circolo di coordinamento n. 8";"Scuola dell'Infanzia di Riva  ""Rione 2 giugno""";;"A carattere statale/provinciale";;;"MARIA TERESA SCARPELLINI";"Via Cristoph Hartung Von Hartungen, 4 38066";"RIVA DEL GARDA";0464/573920;0461/493389;scuolainfanzia.riva@scuole.provincia.tn.it;;circolo.coordinamento08@provincia.tn.it;;
"ISTITUTO COMPRENSIVO LEVICO TERME";"SCUOLA PRIMARIA ""G. ROSANELLI"" TENNA";;"A carattere statale/provinciale";"EZIO MONTIBELLER";;;"Via Albere, 2 38050";TENNA;0461/706146;0461/706099;ic.levicoterme@pec.provincia.tn.it;dir.ic.levico@scuole.provincia.tn.it;segr.ic.levico@scuole.provincia.tn.it;https://www.iclevico.eu;TNEE818045
"Istituto di Formazione Professionale Alberghiero ""Giuseppe Cipriani""- Levico";;"Istituzione scolastica e formativa";"A carattere statale/provinciale";"LUCIA RUSSO";;;"Via Ziehl, 5 38056";"LEVICO TERME";0461/706294;0461/702025;ifpa.levicoterme@pec.provincia.tn.it;dir.ifpa.levicoterme@scuole.provincia.tn.it;segr.ifpa.levicoterme@scuole.provincia.tn.it;https://www.alberghierolevico.it;TNCF010001
"Centro Formazione Professionale ENAIP - Borgo Valsugana";"SETTORE INDUSTRIA E ARTIGIANATO";;Paritaria/equiparata;;"Francesco Micheletti";;"Via Giamaolle, 15 38051";"BORGO VALSUGANA";0461/753037;0461/752070;cfp.borgo@pec.it;;cfp.borgo@enaip.tn.it;https://borgo.enaiptrentino.it/;TNFP250STA
"Circolo di coordinamento n. 7";"Scuola dell'Infanzia di Grumo ""Il giardino del sole""";;"A carattere statale/provinciale";;;"LAURA BERTOLDI";"Via Marconi, 65/A 38098";"SAN MICHELE ALL'ADIGE";0461/650630;0461/494334;scuolainfanzia.grumo@scuole.provincia.tn.it;;circolo.coordinamento07@provincia.tn.it;;
"Circolo di coordinamento n. 10";"Scuola dell'Infanzia di Isera";;"A carattere statale/provinciale";;;"GINEVRA RELLA";"Vicolo Zandonai,   38060";ISERA;0464/437292;0464/493115;scuolainfanzia.isera@scuole.provincia.tn.it;;circolo.coordinamento10@provincia.tn.it;;
"ISTITUTO COMPRENSIVO TRENTO 3";;"Istituzione scolastica e formativa";"A carattere statale/provinciale";"LINA BROCH";;;"Via Vittorio Veneto, 61 38122";TRENTO;0461/1825610;0461/920605;ic.trento3@pec.provincia.tn.it;dir.ic.tn3@scuole.provincia.tn.it;segr.ic.tn3@scuole.provincia.tn.it;http://www.ictrento3.it;TNIC85600P
"Istituto di Formazione Professionale Alberghiero - Rovereto";"CAPES - SETTORE SERVIZI";;"A carattere statale/provinciale";"VITO ROVIGO";;;"Viale Dei Colli, 17 38068";ROVERETO;0464/439164;0464/435851;ifpa.rovereto@pec.provincia.tn.it;dir.ifpa.rovereto@scuole.provincia.tn.it;segr.ifpa.rovereto@scuole.provincia.tn.it;https://www.alberghierorovereto.it;TNCF011001
"Istituto di Formazione Professionale Servizi alla Persona e Legno ""S. Pertini"" ";"CAPES - SETTORE SERVIZI";;"A carattere statale/provinciale";"MARIA RITA MAGISTRO";"MARIA RITA MAGISTRO";;"Viale Verona, 141 38123";TRENTO;0461/933147;0461/931682;ifp.trento@pec.provincia.tn.it;ifp.trento@scuole.provincia.tn.it;ifp.trento@scuole.provincia.tn.it;https://ifpsandropertinitrento.it;TNCF012001
"ISTITUTO COMPRENSIVO ALDENO MATTARELLO";"SCUOLA SECONDARIA DI PRIMO GRADO ALDENO";;"A carattere statale/provinciale";"MICHELE RUELE";;;"Via XXV Aprile, 1 38060";ALDENO;0461/842823;0464/946007;ic.aldeno-mattarello@pec.provincia.tn.it;dir.aldeno.mattarello@scuole.provincia.tn.it;segr.aldeno.mattarello@scuole.provincia.tn.it;https://www.icaldenomattarello.it;TNMM82101R
"LICEO SCIENTIFICO ""L. Da Vinci"" - TRENTO";;"Istituzione scolastica e formativa";"A carattere statale/provinciale";"VIVIANA SBARDELLA ";;;"Via Madruzzo, 24 38122";TRENTO;0461/984099;0461/986257;davinci@pec.provincia.tn.it;dir.liceodavinci@scuole.provincia.tn.it;segr.liceodavinci@scuole.provincia.tn.it;https://www.liceodavincitn.it;TNPS02000D
"Circolo di coordinamento n. 1";"Scuola dell'infanzia di Daiano-Varena";;"A carattere statale/provinciale";;;"KATIA PEGORETTI";"Via Mercato - Varena, 22 38030";"VILLE DI FIEMME";0462/341301;0461/493495;scuolainfanzia.daianovarena@scuole.provincia.tn.it;;circolo.coordinamento01@provincia.tn.it;;
"Centro Formazione Professionale UPT - Trento";"CAPES - SETTORE SERVIZI";;Paritaria/equiparata;;"WALTER IORI";;"Viale Verona, 141 38123";TRENTO;0461/239997;0461/260235;cfp-upt@pec.it;;segreteria.sede@cfp-upt.it;https://www.cfp-upt.it;TNCF003001
"ASSOCIAZIONE PEDAGOGICA STEINERIANA - TRENTO";"LICEO DELLE SCIENZE UMANE ""SCUOLA STEINER"" TRENTO";;Paritaria/equiparata;"Carlo Musio";;;"Via Conci - Trento, 86 38123";TRENTO;0461/930658;;associazione@pec.scuolasteiner-trento.it;;segreteria@scuolasteiner-trento.it;https://www.scuolasteiner-trento.it;TNPMTS5005
"Circolo di coordinamento n. 9";"Scuola dell'Infanzia di Tierno Mori  ""Il girasole""";;"A carattere statale/provinciale";;;"DONATELLA SEGNANA";"Via della Cooperazione, 20 38065";MORI;0464/917200;0464/493117;scuolainfanzia.tierno@scuole.provincia.tn.it;;circolo.coordinamento09@provincia.tn.it;;
"Istituto di Formazione Professionale Alberghiero ""Giuseppe Cipriani""- Levico";"SETTORE SERVIZI";;"A carattere statale/provinciale";"LUCIA RUSSO";"TARGA WALTER";;"Via Ziehl, 5 38056";"LEVICO TERME";0461/706294;0461/702025;ifpa.levicoterme@pec.provincia.tn.it;dir.ifpa.levicoterme@scuole.provincia.tn.it;segr.ifpa.levicoterme@scuole.provincia.tn.it;https://www.alberghierolevico.it;TNCF010001
"Scuola dell'infanzia di Tesero";;"Scuola dell'infanzia";Paritaria/equiparata;;;"TIZIANA CEOL";"Via Fia, 20 38038";TESERO;0462-813045;;tesero.presidente@fpsm.tn.it;;tesero.segretario@fpsm.tn.it;;
"Centro Formazione Professionale UPT - Borgo Valsugana";;"Istituzione scolastica e formativa";Paritaria/equiparata;;"CLAUDIA MAMMANI";;"Via Del Mercato, 9/A 38051";"BORGO VALSUGANA";0461/1830221;0461/233877;cfp-upt@pec.it;;segreteria.sede@cfp-upt.it;https://www.cfp-upt.it;
"ISTITUTO COMPRENSIVO ISERA - ROVERETO";"SCUOLA PRIMARIA ""R. LEVI MONTALCINI"" ISERA";;"A carattere statale/provinciale";"FRANCESCA BORROI";;;"Viale Provinciale,   38060";ISERA;0464/431515;0464/489616;ic.isera-rovereto@pec.provincia.tn.it;dir.ic.isera_rovereto@scuole.provincia.tn.it;segr.ic.isera_rovereto@scuole.provincia.tn.it;https://www.isera-rovereto.it;TNEE84501A
"ISTITUTO COMPRENSIVO CIVEZZANO";"SCUOLA PRIMARIA ""G. B. BORSIERI"" CIVEZZANO";;"A carattere statale/provinciale";"VENERA MUNAFO'";;;"Via Telvana, 6 38045";CIVEZZANO;0461/858485;0461/858901;ic.civezzano@pec.provincia.tn.it;dir.i.c.civezzano@scuole.provincia.tn.it;segr.i.c.civezzano@scuole.provincia.tn.it;https://www.iccivezzano.eu;TNEE817016
"ISTITUTO DI ISTRUZIONE ""M. Martini"" - MEZZOLOMBARDO";"LICEO DEL MADE IN ITALY";;"A carattere statale/provinciale";"VALENTINA ZANOLLA";;;"Via Perlasca, 4 38017";MEZZOLOMBARDO;0461/601122;0461/601470;martini@pec.provincia.tn.it;dir.martini.mezzolombardo@scuole.provincia.tn.it;segr.martini.mezzolombardo@scuole.provincia.tn.it;https://www.martinomartini.eu;TNPS00301R
"Scuola dell'infanzia di Villa Lagarina";;"Scuola dell'infanzia";Paritaria/equiparata;;;"ROBERTA MEDEGHINI";"Via Monsignor Gosetti, 3 38060";"VILLA LAGARINA";0464-411101;;villalagarina.presidente@fpsm.tn.it;;villalagarina.segretario@fpsm.tn.it;;
"ISTITUTO COMPRENSIVO CEMBRA";"SCUOLA PRIMARIA STEDRO SEGONZANO";;"A carattere statale/provinciale";"STEFANO CHESINI";;;"Frazione Stedro, 68 38047";SEGONZANO;0461/683006;0461/682166;ic.cembra@pec.provincia.tn.it;dir.cembra@scuole.provincia.tn.it;segr.cembra@scuole.provincia.tn.it;https://www.iccembra.it;TNEE82207X
"ISTITUTO COMPRENSIVO MEZZOLOMBARDO - PAGANELLA";"SCUOLA PRIMARIA ""L. Nicolussi"" MOLVENO";;"A carattere statale/provinciale";"CINZIA CASNA";;;"Piazza Scuole, 2 38018";MOLVENO;0461/601125;0461/601125;ic.mezzolombardo@pec.provincia.tn.it;dir.ic.mezzolombardo@scuole.provincia.tn.it;segr.ic.mezzolombardo@scuole.provincia.tn.it;https://icmezzolombardopaganella.edu.it;TNEE82407G
"ISTITUTO COMPRENSIVO FONDO - REVO'";"SCUOLA PRIMARIA CAVARENO";;"A carattere statale/provinciale";"MIRIAM PREDELLI";;;"Piazzale Savera, 1 38011";CAVARENO;0463/831134;0463/831746;ic.fondo@pec.provincia.tn.it;dir.ic.fondo@scuole.provincia.tn.it;segr.ic.fondo@scuole.provincia.tn.it;https://www.icfondorevo.it;TNEE82802N
"Scuola dell'infanzia di Denno";"Scuola dell'Infanzia di Denno";;Paritaria/equiparata;;;"UTE PANCHER";"Via Ossanna, 3 38010";DENNO;0461-655960;;denno.segretario@fpsm.tn.it;;denno.segretario@fpsm.tn.it;;
"Circolo di coordinamento n. 11";"Scuola dell'Infanzia di Cavareno ""Peter Pan""";;"A carattere statale/provinciale";;;"SIMONETTA ERRIGO";"Via Castelli, 1 38011";CAVARENO;0463/832426;0461/491940;scuolainfanzia.cavareno@scuole.provincia.tn.it;;circolo.coordinamento11@provincia.tn.it;;
"Circolo di coordinamento n. 3";"Scuola dell'Infanzia di Trento Cristo Re ""Piccolo Principe""";;"A carattere statale/provinciale";;;"CHIARA NADALON";"Via Senesi, 3 38121";TRENTO;0461/824334;0461/497257;scuolainfanzia.cristore@scuole.provincia.tn.it;;circolo.coordinamento03@provincia.tn.it;;
"Circolo di coordinamento n. 11";;"Circolo di coordinamento pedagogico";"A carattere statale/provinciale";;;"SIMONETTA ERRIGO";"Via della Gana, 10 38027";MALE';0461/491939;0461/491940;circolo.coordinamento11@provincia.tn.it;;circolo.coordinamento11@provincia.tn.it;;
"FONDAZIONE EDMUND MACH - ISTITUTO AGRARIO SAN MICHELE ALL'ADIGE";"CAPES - SETTORE AGRICOLTURA E AMBIENTE";;Paritaria/equiparata;"MANUEL PENASA";"CLAUDIA BISOGNIN";;"Via Mach, 1 38098";"SAN MICHELE ALL'ADIGE";0461/615213;0461/615273;amministrazione.cif@pec.iasma.it;;segreteria.scuola@fmach.it;https://www.fmach.it;TNCF006001
"Centro Formazione Professionale ENAIP - Borgo Valsugana";;"Istituzione scolastica e formativa";Paritaria/equiparata;;"Francesco Micheletti";;"Via Giamaolle, 15 38051";"BORGO VALSUGANA";0461/753037;0461/752070;cfp.borgo@pec.it;;cfp.borgo@enaip.tn.it;https://borgo.enaiptrentino.it/;
"LICEO LINGUISTICO ""S. M. Scholl"" - TRENTO";;"Istituzione scolastica e formativa";"A carattere statale/provinciale";"CHIARA MOTTER";;;"Via Mattioli, 8 38122";TRENTO;0461914499;0461915472;linguisticotrento@pec.provincia.tn.it;dir.linguisticotrento@scuole.provincia.tn.it;segr.linguisticotrento@scuole.provincia.tn.it;https://www.linguisticotrento.it;TNPS11000Q
"LICEO ""F. Filzi"" - ROVERETO";;"Istituzione scolastica e formativa";"A carattere statale/provinciale";"NORMA BORGOGNO";;;"Corso Rosmini, 61 38068";ROVERETO;0464/421223;0464/433003;filzi@pec.provincia.tn.it;dir.isup.filzi@scuole.provincia.tn.it;segr.isup.filzi@scuole.provincia.tn.it;https://www.liceofilzi.it;TNPM02000E
"ISTITUTO COMPRENSIVO ALDENO MATTARELLO";"SCUOLA PRIMARIA ALDENO";;"A carattere statale/provinciale";"MICHELE RUELE";;;"Via XXV Aprile, 1/A 38060";ALDENO;0461/842264;0464/946007;ic.aldeno-mattarello@pec.provincia.tn.it;dir.aldeno.mattarello@scuole.provincia.tn.it;segr.aldeno.mattarello@scuole.provincia.tn.it;https://www.icaldenomattarello.it;TNEE82102V
"ISTITUTO COMPRENSIVO ISERA - ROVERETO";;"Istituzione scolastica e formativa";"A carattere statale/provinciale";"FRANCESCA BORROI";;;"Viale Della Vittoria, 43 38068";ROVERETO;0464/431515;0464/489616;ic.isera-rovereto@pec.provincia.tn.it;dir.ic.isera_rovereto@scuole.provincia.tn.it;segr.ic.isera_rovereto@scuole.provincia.tn.it;https://www.isera-rovereto.it;TNIC845008
"ISTITUTO DI ISTRUZIONE ""L. Guetti"" - TIONE DI TRENTO";;"Istituzione scolastica e formativa";"A carattere statale/provinciale";"RENATO PAOLI";;;"Via Durone, 53 38079";"TIONE DI TRENTO";0465/321735;0465/322811;guetti@pec.provincia.tn.it;dir.guetti@scuole.provincia.tn.it;segr.guetti@scuole.provincia.tn.it;https://www.guetti.tn.it;TNIS00700N
"Centro Formazione Professionale ENAIP - Tesero";"CAPES - SETTORE SERVIZI";;Paritaria/equiparata;;"Dino Moser";;"Via Caltrezza, 13 38038";TESERO;0462/813133;0462/813145;cfp.tesero@pec.it;;cfp.tesero@enaip.tn.it;https://tesero.enaiptrentino.it/;TNCF004007
"Centro Formazione Professionale UPT - Arco";"CAPES - SETTORE SERVIZI";;Paritaria/equiparata;;"CLAUDIO NICOLUSSI";;"Via Gazzoletti - Mogno, 10 38062";ARCO;0464/556585;0464/556599;cfp-upt@pec.it;;segreteria.arco@cfp-upt.it;https://www.cfpupt.it/sede-di-arco;TNCF005003
"Circolo di coordinamento n. 2";"Scuola dell'Infanzia di Villa Agnedo ""Natale Alpino""";;"A carattere statale/provinciale";;;"HELENE GIACOMELLI";"Via Dei Molini - Agnedo, 36 38059";"CASTEL IVANO";0461/762822;"0461 491976";scuolainfanzia.villagnedo@scuole.provincia.tn.it;;circolo.coordinamento02@provincia.tn.it;;
"Istituto di Formazione Professionale Alberghiero ""Giuseppe Cipriani""- Levico";"CAPES - SETTORE SERVIZI";;"A carattere statale/provinciale";"LUCIA RUSSO";;;"Via Ziehl, 5 38056";"LEVICO TERME";0461/706294;0461/702025;ifpa.levicoterme@pec.provincia.tn.it;dir.ifpa.levicoterme@scuole.provincia.tn.it;segr.ifpa.levicoterme@scuole.provincia.tn.it;https://www.alberghierolevico.it;TNCF010001
"Circolo di coordinamento n. 9";"Scuola dell'Infanzia di Rovereto Noriglio";;"A carattere statale/provinciale";;;"DONATELLA SEGNANA";"Via Romani, 4 38068";ROVERETO;"0464 437430";0464/493117;scuolainfanzia.noriglio@scuole.provincia.tn.it;;circolo.coordinamento09@provincia.tn.it;;
"Centro Formazione Professionale ENAIP - Borgo Valsugana";"CAPES - SETTORE INDUSTRIA E ARTIGIANATO";;Paritaria/equiparata;;"Francesco Micheletti";;"Via Giamaolle, 15 38051";"BORGO VALSUGANA";0461/753037;0461/752070;cfp.borgo@pec.it;;cfp.borgo@enaip.tn.it;https://borgo.enaiptrentino.it/;TNCF00200G
"Centro Formazione Professionale Opera Armida Barelli - Rovereto";"CAPES - SETTORE SERVIZI";;Paritaria/equiparata;"BERNARDO ZANONER";"CAMILLA CESTARI";;"Via Setaioli, 5 38068";ROVERETO;0464/433771;0464/431711;cfprovereto@pec.operaarmidabarelli.org;;cfprovereto@operaarmidabarelli.org;https://www.operaarmidabarelli.org;TNCF005001
"Centro Formazione Professionale UPT - Borgo Valsugana";"SETTORE SERVIZI";;Paritaria/equiparata;;"CLAUDIA MAMMANI";;"Via Del Mercato, 9/A 38051";"BORGO VALSUGANA";0461/1830221;0461/233877;cfp-upt@pec.it;;segreteria.sede@cfp-upt.it;https://www.cfp-upt.it;TNFP273STA
"ISTITUTO COMPRENSIVO ROVERETO EST";;"Istituzione scolastica e formativa";"A carattere statale/provinciale";"MICHELE ROSA";;;"Corso Rosmini, 86 38068";ROVERETO;0464/433709;0464/450456;ic.roveretoest@pec.provincia.tn.it;dir.ic.roveretoest@scuole.provincia.tn.it;segr.ic.roveretoest@scuole.provincia.tn.it;https://www.roveretoest.it;TNIC853007
"ISTITUTO GARDASCUOLA";"ISTITUTO TECNICO PER IL SETTORE TECNOLOGICO";;Paritaria/equiparata;"LORENZO ANGELI";;;"Via XXIV Maggio, 1 38062";ARCO;0464/519546;0464/519959;gardascuola@pec.cooperazionetrentina.it;;segreteria@gardascuola.it;https://www.gardascuola.it;TNTN04500G
"Scuola dell'infanzia di Roncone  ""Mario Amistadi Sciavina ODV""";;"Scuola dell'infanzia";Paritaria/equiparata;;;;"Via Lucchi - Roncone, 1 38087";"SELLA GIUDICARIE";0465/311525;0465-901285;roncone.materna@associazionecoesi.com;;;;
"ISTITUTO COMPRENSIVO TRENTO 4";;"Istituzione scolastica e formativa";"A carattere statale/provinciale";"ELENA  VALDUGA";;;"Viale Degli Olmi, 22 38123";TRENTO;0461/920316;0461/922030;ic.trento4@pec.provincia.tn.it;dir.ictn4@scuole.provincia.tn.it;segr.ictn4@scuole.provincia.tn.it;https://www.ictrento4.it;TNIC85700E
"ISTITUTO TECNICO ECONOMICO E TECNOLOGICO ""G. Floriani"" - RIVA DEL GARDA";;"Istituzione scolastica e formativa";"A carattere statale/provinciale";"PAOLO CHINCARINI";;;"Viale Dei Tigli, 43 38066";"RIVA DEL GARDA";0464/578511;0464/578555;floriani@pec.provincia.tn.it;dir.istitutofloriani@scuole.provincia.tn.it;segr.istitutofloriani@scuole.provincia.tn.it;https://www.g-floriani.it;TNIS00800D
"ISTITUTO COMPRENSIVO TAIO";"SCUOLA PRIMARIA TAIO";;"A carattere statale/provinciale";"MAURA ZINI";;;"Via Heroldsberg - Taio, 5 38012";PREDAIA;0463/468193;0463/467616;ic.taio@pec.provincia.tn.it;dir.ictaio@scuole.provincia.tn.it;segr.ictaio@scuole.provincia.tn.it;https://www.ictaio.it;TNEE826033
"Scuola dell'infanzia di Tesero";"Scuola dell'Infanzia di Tesero";;Paritaria/equiparata;;;"TIZIANA CEOL";"Via Fia, 20 38038";TESERO;0462-813045;;tesero.presidente@fpsm.tn.it;;tesero.segretario@fpsm.tn.it;;
"LICEO ""B. Russell"" - CLES";"LICEO DEL MADE IN ITALY";;"A carattere statale/provinciale";"ROBERTA GAMBARO";;;"Via IV Novembre, 35 38023";CLES;0463/424049;0463/424577;russell@pec.provincia.tn.it;dir.russell@scuole.provincia.tn.it;segr.russell@scuole.provincia.tn.it;https://www.liceorussell.eu;
"Scuola dell'infanzia di Villa Lagarina";"Scuola dell'Infanzia di Villa Lagarina";;Paritaria/equiparata;;;"ROBERTA MEDEGHINI";"Via Monsignor Gosetti, 3 38060";"VILLA LAGARINA";0464-411101;;villalagarina.presidente@fpsm.tn.it;;villalagarina.segretario@fpsm.tn.it;;
"Centro Formazione Professionale ENAIP - Varone di Riva del Garda";"CAPES - SETTORE SERVIZI";;Paritaria/equiparata;;"ELISABETTA FILIPPI";;"Rione Europa, 3 38066";"RIVA DEL GARDA";0464/521300;0464/521553;cfp.rivadelgarda@pec.it;;cfp.rivadelgarda@enaip.tn.it;https://rivadelgarda.enaiptrentino.it/;TNCF007001
"Centro Formazione Professionale ENAIP - Tione di Trento";"CAPES - SETTORE INDUSTRIA E ARTIGIANATO";;Paritaria/equiparata;;"Ketty Pellizzari";;"Via Durone, 57 38079";"TIONE DI TRENTO";0465/321316;0465/322091;cfp.tione@pec.it;;cfp.tione@enaip.tn.it;https://tione.enaiptrentino.it/;TNCF001001
"ISTITUTO COMPRENSIVO VAL RENDENA";;"Istituzione scolastica e formativa";"A carattere statale/provinciale";"GIUSEPPE PRIGIOTTI";;;"Viale Della Pace, 10 38086";PINZOLO;0465/501139;0465/512119;ic.valrendena@pec.provincia.tn.it;dir.ic.valrendena@scuole.provincia.tn.it;segr.ic.valrendena@scuole.provincia.tn.it;https://www.icvalrendena.edu.it;TNIC83400T
"Centro Formazione Professionale ENAIP - Tione di Trento";"CAPES - SETTORE SERVIZI";;Paritaria/equiparata;;"Ketty Pellizzari";;"Via Durone, 57 38079";"TIONE DI TRENTO";0465/321316;0465/322091;cfp.tione@pec.it;;cfp.tione@enaip.tn.it;https://tione.enaiptrentino.it/;TNCF001001
"Scuola dell'infanzia di Roncone  ""Mario Amistadi Sciavina ODV""";"Scuola dell'Infanzia di Roncone  ""Mario Amistadi Sciavina ODV""";;Paritaria/equiparata;;;;"Via Lucchi - Roncone, 1 38087";"SELLA GIUDICARIE";" 0465/311525 ";0465-901285;roncone.materna@associazionecoesi.com;;;;
"ISTITUTO COMPRENSIVO BASSA ANAUNIA - TUENNO";;"Istituzione scolastica e formativa";"A carattere statale/provinciale";"LICIA CAMPI";;;"Via Colle Verde, 3 38010";DENNO;0461/655783;0461/655783;ic.bassaanaunia@pec.provincia.tn.it;dir.ic.bassaanauniatuenno@scuole.provincia.tn.it;segr.ic.denno@scuole.provincia.tn.it;https://www.icbassaanauniatuenno.it;TNIC82900A
"Circolo di coordinamento n. 9";"Scuola dell'Infanzia di Rovereto ""C. Battisti""";;"A carattere statale/provinciale";;;"DONATELLA SEGNANA";"Via Udine, 21 38068";ROVERETO;0464/431239;0464/493117;scuolainfanzia.battisti@scuole.provincia.tn.it;;circolo.coordinamento09@provincia.tn.it;;
"Istituto di Formazione Professionale Servizi alla Persona e Legno ""S. Pertini"" ";;"Istituzione scolastica e formativa";"A carattere statale/provinciale";"MARIA RITA MAGISTRO";"MARIA RITA MAGISTRO";;"Viale Verona, 141 38123";TRENTO;0461/933147;0461/931682;ifp.trento@pec.provincia.tn.it;ifp.trento@scuole.provincia.tn.it;ifp.trento@scuole.provincia.tn.it;https://ifpsandropertinitrento.it;TNCF012001
"Circolo di coordinamento n. 5";"Scuola dell'Infanzia di Trento Piedicastello";;"A carattere statale/provinciale";;;"MARTINA BASSETTI";"Via Dos Trento, 86 38122";TRENTO;0461/983539;0461/497257;scuolainfanzia.piedicastello@scuole.provincia.tn.it;;circolo.coordinamento05@provincia.tn.it;;
"Scuola dell'infanzia di Denno";;"Scuola dell'infanzia";Paritaria/equiparata;;;"UTE PANCHER";"Via Ossanna, 3 38010";DENNO;0461-655960;;denno.segretario@fpsm.tn.it;;denno.segretario@fpsm.tn.it;;
