index;school;address;municipality;telephone;institute email;miur code;vivoscuola institute link;wikipedia municipality link;vivoscuola school link;admission rate
1;associazione r. steiner - primaria;via conci, 86 38123;trento;461930658;associazione@pec.scuolasteiner-trento.it;tn1e00900d;https://www.vivoscuola.it/content/view/full/29224;https://it.wikipedia.org/wiki/Trento;https://www.vivoscuola.it/content/view/full/29225;100.0
2;associazione r. steiner - secondaria i grado;via conci, 86 38123;trento;461930658;associazione@pec.scuolasteiner-trento.it;tn1m007003;https://www.vivoscuola.it/content/view/full/29224;https://it.wikipedia.org/wiki/Trento;https://www.vivoscuola.it/content/view/full/29226;100.0
3;"liceo delle scienze umane ""scuola steiner"" trento";via conci - trento, 86 38123;trento;461930658;associazione@pec.scuolasteiner-trento.it;tnpmts5005;https://www.vivoscuola.it/content/view/full/29224;https://it.wikipedia.org/wiki/Trento;https://www.vivoscuola.it/content/view/full/148606;97.95918367346938
4;asilo colle fiorito;via stazione mori, 10 38068;rovereto;464434899;;;https://www.vivoscuola.it/content/view/full/29227;https://it.wikipedia.org/wiki/Rovereto;https://www.vivoscuola.it/content/view/full/29228;
5;capes - settore industria e artigianato;via grazioli, 2 38122;trento;461260454;canossatrento@pec.it;tncf009001;https://www.vivoscuola.it/content/view/full/29246;https://it.wikipedia.org/wiki/Trento;https://www.vivoscuola.it/content/view/full/170191;79.3103448275862
6;settore industria e artigianato;via grazioli, 2 38122;trento;461260454;canossatrento@pec.it;tncf009001;https://www.vivoscuola.it/content/view/full/29246;https://it.wikipedia.org/wiki/Trento;https://www.vivoscuola.it/content/view/full/29247;84.375
7;capes - settore industria e artigianato;via gazzoletti - mogno, 8 38062;arco;464516465;cfp.arco@pec.it;tncf00100q;https://www.vivoscuola.it/content/view/full/29248;https://it.wikipedia.org/wiki/Arco_(Italia);https://www.vivoscuola.it/content/view/full/170192;58.333333333333336
8;settore industria e artigianato;via gazzoletti, 8 38062;arco;464516465;cfp.arco@pec.it;tnfp249sta;https://www.vivoscuola.it/content/view/full/29248;https://it.wikipedia.org/wiki/Arco_(Italia);https://www.vivoscuola.it/content/view/full/29249;78.44311377245509
9;capes - settore industria e artigianato;via giamaolle, 15 38051;borgo valsugana;461753037;cfp.borgo@pec.it;tncf00200g;https://www.vivoscuola.it/content/view/full/29250;https://it.wikipedia.org/wiki/Borgo_Valsugana;https://www.vivoscuola.it/content/view/full/170193;88.88888888888889
10;settore industria e artigianato;via giamaolle, 15 38051;borgo valsugana;461753037;cfp.borgo@pec.it;tnfp250sta;https://www.vivoscuola.it/content/view/full/29250;https://it.wikipedia.org/wiki/Borgo_Valsugana;https://www.vivoscuola.it/content/view/full/29251;82.14285714285714
11;settore industria e artigianato;via mitterer, 10 38023;cles;463421362;cfp.cles@pec.it;tnfp251sta;https://www.vivoscuola.it/content/view/full/29253;https://it.wikipedia.org/wiki/Cles;https://www.vivoscuola.it/content/view/full/29254;91.32947976878613
12;capes - settore servizi;via di s antonio - ossana, 1 38026;ossana;463751102;cfp.ossana@pec.it;tncf00300b;https://www.vivoscuola.it/content/view/full/29255;https://it.wikipedia.org/wiki/Ossana;https://www.vivoscuola.it/content/view/full/170194;90.0
13;settore servizi;via di s antonio - ossana, 1 38026;ossana;463751102;cfp.ossana@pec.it;tnfp252sta;https://www.vivoscuola.it/content/view/full/29255;https://it.wikipedia.org/wiki/Ossana;https://www.vivoscuola.it/content/view/full/29256;88.63636363636364
14;settore industria e artigianato;via forno - transacqua, 12 38054;primiero san martino di castrozza;439762057;cfp.primiero@pec.it;tnfp253sta;https://www.vivoscuola.it/content/view/full/29285;https://it.wikipedia.org/wiki/Primiero_San_Martino_di_Castrozza;https://www.vivoscuola.it/content/view/full/29286;92.3076923076923
15;settore servizi;via forno - transacqua, 12 38054;primiero san martino di castrozza;439762057;cfp.primiero@pec.it;tnfp253sta;https://www.vivoscuola.it/content/view/full/29285;https://it.wikipedia.org/wiki/Primiero_San_Martino_di_Castrozza;https://www.vivoscuola.it/content/view/full/29287;86.95652173913044
16;capes - settore servizi;via caltrezza, 13 38038;tesero;462813133;cfp.tesero@pec.it;tncf004007;https://www.vivoscuola.it/content/view/full/29257;https://it.wikipedia.org/wiki/Tesero;https://www.vivoscuola.it/content/view/full/170195;100.0
17;settore industria e artigianato;via caltrezza, 13 38038;tesero;462813133;cfp.tesero@pec.it;tnfp254sta;https://www.vivoscuola.it/content/view/full/29257;https://it.wikipedia.org/wiki/Tesero;https://www.vivoscuola.it/content/view/full/29258;82.29166666666666
18;settore servizi;via caltrezza, 13 38038;tesero;462813133;cfp.tesero@pec.it;tnfp254sta;https://www.vivoscuola.it/content/view/full/29257;https://it.wikipedia.org/wiki/Tesero;https://www.vivoscuola.it/content/view/full/29259;89.7196261682243
19;capes - settore industria e artigianato;via durone, 57 38079;tione di trento;465321316;cfp.tione@pec.it;tncf001001;https://www.vivoscuola.it/content/view/full/29260;https://it.wikipedia.org/wiki/Tione_di_Trento;https://www.vivoscuola.it/content/view/full/170196;86.66666666666667
20;capes - settore servizi;via durone, 57 38079;tione di trento;465321316;cfp.tione@pec.it;tncf001001;https://www.vivoscuola.it/content/view/full/29260;https://it.wikipedia.org/wiki/Tione_di_Trento;https://www.vivoscuola.it/content/view/full/170197;94.73684210526315
21;settore industria e artigianato;via durone, 57 38079;tione di trento;465321316;cfp.tione@pec.it;tncf001001;https://www.vivoscuola.it/content/view/full/29260;https://it.wikipedia.org/wiki/Tione_di_Trento;https://www.vivoscuola.it/content/view/full/29261;91.85185185185185
22;settore servizi;via durone, 57 38079;tione di trento;465321316;cfp.tione@pec.it;tncf001001;https://www.vivoscuola.it/content/view/full/29260;https://it.wikipedia.org/wiki/Tione_di_Trento;https://www.vivoscuola.it/content/view/full/29262;94.0
23;capes - settore servizi;rione europa, 3 38066;riva del garda;464521300;cfp.rivadelgarda@pec.it;tncf007001;https://www.vivoscuola.it/content/view/full/29263;https://it.wikipedia.org/wiki/Riva_del_Garda;https://www.vivoscuola.it/content/view/full/170198;71.875
24;settore servizi;rione europa, 3 38066;riva del garda;464521300;cfp.rivadelgarda@pec.it;tncf007001;https://www.vivoscuola.it/content/view/full/29263;https://it.wikipedia.org/wiki/Riva_del_Garda;https://www.vivoscuola.it/content/view/full/29264;83.81877022653723
25;capes - settore industria e artigianato;via asiago, 14 38123;trento;461920386;cfp.villazzano@pec.it;tncf008001;https://www.vivoscuola.it/content/view/full/29265;https://it.wikipedia.org/wiki/Trento;https://www.vivoscuola.it/content/view/full/170199;70.83333333333334
26;settore industria e artigianato;via asiago, 14 38123;trento;461920386;cfp.villazzano@pec.it;tncf008001;https://www.vivoscuola.it/content/view/full/29265;https://it.wikipedia.org/wiki/Trento;https://www.vivoscuola.it/content/view/full/29266;75.24557956777997
27;settore industria e artigianato serale;via asiago, 14 38123;trento;461920386;cfp.villazzano@pec.it;;https://www.vivoscuola.it/content/view/full/29265;https://it.wikipedia.org/wiki/Trento;https://www.vivoscuola.it/content/view/full/29267;61.53846153846154
28;settore servizi;viale roma, 61 38056;levico terme;461706145;cfplevico@pec.operaarmidabarelli.org;tnfp272sta;https://www.vivoscuola.it/content/view/full/29268;https://it.wikipedia.org/wiki/Levico_Terme;https://www.vivoscuola.it/content/view/full/29269;88.8268156424581
29;capes - settore servizi;via setaioli, 5 38068;rovereto;464433771;cfprovereto@pec.operaarmidabarelli.org;tncf005001;https://www.vivoscuola.it/content/view/full/29270;https://it.wikipedia.org/wiki/Rovereto;https://www.vivoscuola.it/content/view/full/170200;88.57142857142857
30;settore servizi;via setaioli, 5 38068;rovereto;464433771;cfprovereto@pec.operaarmidabarelli.org;tncf005001;https://www.vivoscuola.it/content/view/full/29270;https://it.wikipedia.org/wiki/Rovereto;https://www.vivoscuola.it/content/view/full/29271;84.30851063829788
31;capes - settore industria e artigianato;piazza di fiera, 4 38122;trento;461270244;scuolagrafica@pec.artigianelli.tn.it;tncf004001;https://www.vivoscuola.it/content/view/full/29272;https://it.wikipedia.org/wiki/Trento;https://www.vivoscuola.it/content/view/full/170201;88.23529411764706
32;settore industria e artigianato;piazza di fiera, 4 38122;trento;461270244;scuolagrafica@pec.artigianelli.tn.it;tncf004001;https://www.vivoscuola.it/content/view/full/29272;https://it.wikipedia.org/wiki/Trento;https://www.vivoscuola.it/content/view/full/29273;89.51612903225806
33;capes - settore servizi;via gazzoletti - mogno, 10 38062;arco;464556585;cfp-upt@pec.it;tncf005003;https://www.vivoscuola.it/content/view/full/29274;https://it.wikipedia.org/wiki/Arco_(Italia);https://www.vivoscuola.it/content/view/full/170202;94.44444444444444
34;settore servizi;via gazzoletti, 10 38062;arco;464556585;cfp-upt@pec.it;tnfp261sta;https://www.vivoscuola.it/content/view/full/29274;https://it.wikipedia.org/wiki/Arco_(Italia);https://www.vivoscuola.it/content/view/full/29275;81.5068493150685
35;settore servizi;via del mercato, 9/a 38051;borgo valsugana;4611830221;cfp-upt@pec.it;tnfp273sta;https://www.vivoscuola.it/content/view/full/122609;https://it.wikipedia.org/wiki/Borgo_Valsugana;https://www.vivoscuola.it/content/view/full/122610;100.0
36;capes - settore servizi;via d agostin, 2 38023;cles;463422820;cfp-upt@pec.it;tncf00600v;https://www.vivoscuola.it/content/view/full/29276;https://it.wikipedia.org/wiki/Cles;https://www.vivoscuola.it/content/view/full/170203;84.21052631578947
37;settore servizi;via d agostin, 2 38023;cles;463422820;cfp-upt@pec.it;tnfp262sta;https://www.vivoscuola.it/content/view/full/29276;https://it.wikipedia.org/wiki/Cles;https://www.vivoscuola.it/content/view/full/29277;87.4074074074074
38;capes - settore servizi;via pasqui, 10 38068;rovereto;464630050;cfp-upt@pec.it;tncf00900a;https://www.vivoscuola.it/content/view/full/29278;https://it.wikipedia.org/wiki/Rovereto;https://www.vivoscuola.it/content/view/full/439664;
39;settore servizi;via pasqui, 10 38068;rovereto;464630050;cfp-upt@pec.it;tnfp000001;https://www.vivoscuola.it/content/view/full/29278;https://it.wikipedia.org/wiki/Rovereto;https://www.vivoscuola.it/content/view/full/29279;79.23076923076923
40;capes - settore servizi;via roma, 15 38079;tione di trento;465321889;cfp-upt@pec.it;tncf00700p;https://www.vivoscuola.it/content/view/full/29280;https://it.wikipedia.org/wiki/Tione_di_Trento;https://www.vivoscuola.it/content/view/full/170204;72.72727272727273
41;settore servizi;via roma, 15 38079;tione di trento;465321889;cfp-upt@pec.it;tnfp263sta;https://www.vivoscuola.it/content/view/full/29280;https://it.wikipedia.org/wiki/Tione_di_Trento;https://www.vivoscuola.it/content/view/full/29281;87.09677419354838
42;capes - settore servizi;viale verona, 141 38123;trento;461239997;cfp-upt@pec.it;tncf003001;https://www.vivoscuola.it/content/view/full/29282;https://it.wikipedia.org/wiki/Trento;https://www.vivoscuola.it/content/view/full/170205;95.65217391304348
43;settore servizi;via borsieri, 2 38122;trento;461239997;cfp-upt@pec.it;tncf003001;https://www.vivoscuola.it/content/view/full/29282;https://it.wikipedia.org/wiki/Trento;https://www.vivoscuola.it/content/view/full/29283;79.72027972027972
44;settore servizi serale;via borsieri, 2 38122;trento;461239997;cfp-upt@pec.it;;https://www.vivoscuola.it/content/view/full/29282;https://it.wikipedia.org/wiki/Trento;https://www.vivoscuola.it/content/view/full/29284;69.44444444444444
45;scuola dell'infanzia di baselga di piné;via del municipio vecchio, 2 38042;baselga di piné;461557640;scuolainfanzia.baselgadipine@scuole.provincia.tn.it;;https://www.vivoscuola.it/content/view/full/29288;https://it.wikipedia.org/wiki/Baselga_di_Pin%C3%A9;https://www.vivoscuola.it/content/view/full/29289;
46;"scuola dell'infanzia di capriana ""maddalena lazzeri""";piazza scuole, 3 38030;capriana;462816377;scuolainfanzia.capriana@scuole.provincia.tn.it;;https://www.vivoscuola.it/content/view/full/29288;https://it.wikipedia.org/wiki/Capriana;https://www.vivoscuola.it/content/view/full/29290;
47;scuola dell'infanzia di casatta;frazione casatta, 54 38040;valfloriana;462910249;scuolainfanzia.casatta@scuole.provincia.tn.it;;https://www.vivoscuola.it/content/view/full/29288;https://it.wikipedia.org/wiki/Valfloriana;https://www.vivoscuola.it/content/view/full/29291;
48;scuola dell'infanzia di civezzano;via telvana, 4 38045;civezzano;461858481;scuolainfanzia.civezzano@scuole.provincia.tn.it;;https://www.vivoscuola.it/content/view/full/29288;https://it.wikipedia.org/wiki/Civezzano;https://www.vivoscuola.it/content/view/full/29292;
49;scuola dell'infanzia di daiano-varena;via mercato - varena, 22 38030;ville di fiemme;462341301;scuolainfanzia.daianovarena@scuole.provincia.tn.it;;https://www.vivoscuola.it/content/view/full/29288;https://it.wikipedia.org/wiki/Ville_di_Fiemme;https://www.vivoscuola.it/content/view/full/180180;
50;"scuola dell'infanzia di fierozzo ""himblring""";maso ronca, 9 38050;fierozzo;461540044;scuolainfanzia.fierozzo@scuole.provincia.tn.it;;https://www.vivoscuola.it/content/view/full/29288;https://it.wikipedia.org/wiki/Fierozzo;https://www.vivoscuola.it/content/view/full/29294;
51;scuola dell'infanzia di miola di pinè;via del dos di miola, 13 38042;baselga di piné;461557950;scuolainfanzia.miola@scuole.provincia.tn.it;;https://www.vivoscuola.it/content/view/full/29288;https://it.wikipedia.org/wiki/Baselga_di_Pin%C3%A9;https://www.vivoscuola.it/content/view/full/29295;
52;scuola dell'infanzia di molina di fiemme;via segherie, 64/c 38030;castello-molina di fiemme;462230696;scuolainfanzia.molina@scuole.provincia.tn.it;;https://www.vivoscuola.it/content/view/full/29288;https://it.wikipedia.org/wiki/Castello-Molina_di_Fiemme;https://www.vivoscuola.it/content/view/full/29296;
53;scuola dell'infanzia di piazze;via vittorino da feltre, 24 38043;bedollo;461556518;scuolainfanzia.bedollo@scuole.provincia.tn.it;;https://www.vivoscuola.it/content/view/full/29288;https://it.wikipedia.org/wiki/Bedollo;https://www.vivoscuola.it/content/view/full/29297;
54;"scuola dell'infanzia di rizzolaga di pinè ""raggio di sole""";frazione rizzolaga, 94 38042;baselga di piné;461557629;scuolainfanzia.rizzolaga@scuole.provincia.tn.it;;https://www.vivoscuola.it/content/view/full/29288;https://it.wikipedia.org/wiki/Baselga_di_Pin%C3%A9;https://www.vivoscuola.it/content/view/full/29298;
55;"scuola dell'infanzia di s. orsola ""il girotondo""";localita pintarei, 9 38050;sant'orsola terme;461551163;scuolainfanzia.santorsola@scuole.provincia.tn.it;;https://www.vivoscuola.it/content/view/full/29288;https://it.wikipedia.org/wiki/Sant%27Orsola_Terme;https://www.vivoscuola.it/content/view/full/29299;
56;"scuola dell'infanzia di seregnano ""arcobaleno""";via alla villa wolf - rovere, 4 38045;civezzano;461858736;scuolainfanzia.seregnano@scuole.provincia.tn.it;;https://www.vivoscuola.it/content/view/full/29288;https://it.wikipedia.org/wiki/Civezzano;https://www.vivoscuola.it/content/view/full/29300;
57;scuola dell'infanzia di besenello;via vanzetti, 3 38060;besenello;464834946;scuolainfanzia.besenello@scuole.provincia.tn.it;;https://www.vivoscuola.it/content/view/full/29302;https://it.wikipedia.org/wiki/Besenello;https://www.vivoscuola.it/content/view/full/29303;
58;"scuola dell'infanzia di calliano ""matite colorate""";via iii novembre, 33 38060;calliano;464835165;scuolainfanzia.calliano@scuole.provincia.tn.it;;https://www.vivoscuola.it/content/view/full/29302;https://it.wikipedia.org/wiki/Calliano_(Trentino-Alto_Adige);https://www.vivoscuola.it/content/view/full/29304;
59;scuola dell'infanzia di isera;vicolo zandonai,   38060;isera;464437292;scuolainfanzia.isera@scuole.provincia.tn.it;;https://www.vivoscuola.it/content/view/full/29302;https://it.wikipedia.org/wiki/Isera;https://www.vivoscuola.it/content/view/full/29305;
60;scuola dell'infanzia di nogaredo;via verdi, 38 38060;nogaredo;464411244;scuolainfanzia.nogaredo@scuole.provincia.tn.it;;https://www.vivoscuola.it/content/view/full/29302;https://it.wikipedia.org/wiki/Nogaredo;https://www.vivoscuola.it/content/view/full/29306;
61;"scuola dell'infanzia di pomarolo  ""don rainoldi""";via g.b. adami, 10 38060;pomarolo;464410211;scuolainfanzia.pomarolo@scuole.provincia.tn.it;;https://www.vivoscuola.it/content/view/full/29302;https://it.wikipedia.org/wiki/Pomarolo;https://www.vivoscuola.it/content/view/full/29307;
62;"scuola dell'infanzia di rovereto  s.ilario ""amici della scuola""";via monti, 4a 38068;rovereto;464411901;scuolainfanzia.santilario@scuole.provincia.tn.it;;https://www.vivoscuola.it/content/view/full/29302;https://it.wikipedia.org/wiki/Rovereto;https://www.vivoscuola.it/content/view/full/29308;
63;scuola dell'infanzia di rovereto brione;via puccini, 26 38068;rovereto;464412892;scuolainfanzia.brione@scuole.provincia.tn.it;;https://www.vivoscuola.it/content/view/full/29302;https://it.wikipedia.org/wiki/Rovereto;https://www.vivoscuola.it/content/view/full/29309;
64;"scuola dell'infanzia di rovereto rione nord ""mille colori""";via chiocchetti, 1 38068;rovereto;464435355;scuolainfanzia.rionenord@scuole.provincia.tn.it;;https://www.vivoscuola.it/content/view/full/29302;https://it.wikipedia.org/wiki/Rovereto;https://www.vivoscuola.it/content/view/full/29310;
65;scuola dell'infanzia di castelfondo;via madonna pellegrina, 5 38020;borgo d'anaunia;463889189;scuolainfanzia.castelfondo@scuole.provincia.tn.it;;https://www.vivoscuola.it/content/view/full/29311;https://it.wikipedia.org/wiki/Borgo_d%27Anaunia;https://www.vivoscuola.it/content/view/full/29312;
66;"scuola dell'infanzia di cavareno ""peter pan""";via castelli, 1 38011;cavareno;463832426;scuolainfanzia.cavareno@scuole.provincia.tn.it;;https://www.vivoscuola.it/content/view/full/29311;https://it.wikipedia.org/wiki/Cavareno;https://www.vivoscuola.it/content/view/full/29313;
67;scuola dell'infanzia di cogolo;via roma, 83 38024;peio;463754108;scuolainfanzia.cogolo@scuole.provincia.tn.it;;https://www.vivoscuola.it/content/view/full/29311;https://it.wikipedia.org/wiki/Peio;https://www.vivoscuola.it/content/view/full/29314;
68;"scuola dell'infanzia di livo ""battito d'ali""";via marconi, 17 38020;livo;463533522;scuolainfanzia.livo@scuole.provincia.tn.it;;https://www.vivoscuola.it/content/view/full/29311;https://it.wikipedia.org/wiki/Livo_(Trentino-Alto_Adige);https://www.vivoscuola.it/content/view/full/29315;
69;"scuola dell'infanzia di mezzana ""a. ravelli""";via manzoni, 22 38020;mezzana;463756018;scuolainfanzia.mezzana@scuole.provincia.tn.it;;https://www.vivoscuola.it/content/view/full/29311;https://it.wikipedia.org/wiki/Mezzana;https://www.vivoscuola.it/content/view/full/29316;
70;scuola dell'infanzia di mione rumo;frazione mione, 54 38020;rumo;463530420;scuolainfanzia.rumo@scuole.provincia.tn.it;;https://www.vivoscuola.it/content/view/full/29311;https://it.wikipedia.org/wiki/Rumo;https://www.vivoscuola.it/content/view/full/29317;
71;scuola dell'infanzia di monclassico;via berera - monclassico, 6 38025;dimaro folgarida;463974606;scuolainfanzia.monclassico@scuole.provincia.tn.it;;https://www.vivoscuola.it/content/view/full/29311;https://it.wikipedia.org/wiki/Dimaro_Folgarida;https://www.vivoscuola.it/content/view/full/29318;
72;"scuola dell'infanzia di pellizzano ""antonio bontempelli""";via dei baschenis, 3 38020;pellizzano;463751953;scuolainfanzia.pellizzano@scuole.provincia.tn.it;;https://www.vivoscuola.it/content/view/full/29311;https://it.wikipedia.org/wiki/Pellizzano;https://www.vivoscuola.it/content/view/full/29320;
73;scuola dell'infanzia di rabbi;frazione pracorno, 98/b 38020;rabbi;463902652;scuolainfanzia.rabbi@scuole.provincia.tn.it;;https://www.vivoscuola.it/content/view/full/29311;https://it.wikipedia.org/wiki/Rabbi_(comune);https://www.vivoscuola.it/content/view/full/29321;
74;"scuola dell'infanzia di romeno  ""città della gioia""";via monsignor rosati, 6 38010;romeno;463875195;scuolainfanzia.romeno@scuole.provincia.tn.it;;https://www.vivoscuola.it/content/view/full/29311;https://it.wikipedia.org/wiki/Romeno_(Italia);https://www.vivoscuola.it/content/view/full/29322;
75;scuola dell'infanzia di ruffrè;maso lana, 3 38010;ruffré-mendola;463870011;scuolainfanzia.ruffre@scuole.provincia.tn.it;;https://www.vivoscuola.it/content/view/full/29311;https://it.wikipedia.org/wiki/Ruffr%C3%A9-Mendola;https://www.vivoscuola.it/content/view/full/29323;
76;"scuola dell'infanzia di sarnonico ""giardino dei sogni""";viale s lorenzo, 6 38011;sarnonico;463831603;scuolainfanzia.sarnonico@scuole.provincia.tn.it;;https://www.vivoscuola.it/content/view/full/29311;https://it.wikipedia.org/wiki/Sarnonico;https://www.vivoscuola.it/content/view/full/29324;
77;"scuola dell'infanzia di terzolas ""caterina graifenberg""";via kessler, 23 38027;terzolas;463901977;scuolainfanzia.terzolas@scuole.provincia.tn.it;;https://www.vivoscuola.it/content/view/full/29311;https://it.wikipedia.org/wiki/Terzolas;https://www.vivoscuola.it/content/view/full/29325;
78;scuola dell'infanzia di bieno;via ammiraglio bettolo, 21 38050;bieno;461596247;scuolainfanzia.bieno@scuole.provincia.tn.it;;https://www.vivoscuola.it/content/view/full/29326;https://it.wikipedia.org/wiki/Bieno;https://www.vivoscuola.it/content/view/full/29327;
79;scuola dell'infanzia di bosentino;via alle scuole - bosentino, 12 38049;altopiano della vigolana;461845133;scuolainfanzia.bosentino@scuole.provincia.tn.it;;https://www.vivoscuola.it/content/view/full/29326;https://it.wikipedia.org/wiki/Altopiano_della_Vigolana;https://www.vivoscuola.it/content/view/full/29328;
80;"scuola dell'infanzia di caldonazzo ""maria bambina""";via asilo, 1 38052;caldonazzo;461724658;scuolainfanzia.caldonazzo@scuole.provincia.tn.it;;https://www.vivoscuola.it/content/view/full/29326;https://it.wikipedia.org/wiki/Caldonazzo;https://www.vivoscuola.it/content/view/full/180181;
81;"scuola dell'infanzia di canal san bovo ""lausen""";localita lausen, 13 38050;canal san bovo;439718979;scuolainfanzia.canalsanbovo@scuole.provincia.tn.it;;https://www.vivoscuola.it/content/view/full/29326;https://it.wikipedia.org/wiki/Canal_San_Bovo;https://www.vivoscuola.it/content/view/full/29329;
82;scuola dell'infanzia di castello tesino;via venezia, 16/a 38053;castello tesino;461593023;scuolainfanzia.castellotesino@scuole.provincia.tn.it;;https://www.vivoscuola.it/content/view/full/29326;https://it.wikipedia.org/wiki/Castello_Tesino;https://www.vivoscuola.it/content/view/full/29330;
83;scuola dell'infanzia di centa san nicolò;via dei campi - centa san nicolo, 14 38049;altopiano della vigolana;461722120;scuolainfanzia.centa@scuole.provincia.tn.it;;https://www.vivoscuola.it/content/view/full/29326;https://it.wikipedia.org/wiki/Altopiano_della_Vigolana;https://www.vivoscuola.it/content/view/full/29331;
84;scuola dell'infanzia di imer;via nazionale, 71 38050;imer;43967668;scuolainfanzia.imer@scuole.provincia.tn.it;;https://www.vivoscuola.it/content/view/full/29326;https://it.wikipedia.org/wiki/Imer;https://www.vivoscuola.it/content/view/full/29332;
85;"scuola dell'infanzia di levico terme ""taita marcos""";via monsignor caproni, 1 38056;levico terme;461710298;scuolainfanzia.levico@scuole.provincia.tn.it;;https://www.vivoscuola.it/content/view/full/29326;https://it.wikipedia.org/wiki/Levico_Terme;https://www.vivoscuola.it/content/view/full/29333;
86;"scuola dell'infanzia di novaledo ""don evaristo forrer""";via valle, 4 38050;novaledo;461721100;scuolainfanzia.novaledo@scuole.provincia.tn.it;;https://www.vivoscuola.it/content/view/full/29326;https://it.wikipedia.org/wiki/Novaledo;https://www.vivoscuola.it/content/view/full/29334;
87;"scuola dell'infanzia di tenna ""il sentiero""";via venezia, 1 38050;tenna;461707635;scuolainfanzia.tenna@scuole.provincia.tn.it;;https://www.vivoscuola.it/content/view/full/29326;https://it.wikipedia.org/wiki/Tenna_(comune);https://www.vivoscuola.it/content/view/full/29335;
88;scuola dell'infanzia di vattaro;via giardino - vattaro, 7 38049;altopiano della vigolana;461848066;scuolainfanzia.vattaro@scuole.provincia.tn.it;;https://www.vivoscuola.it/content/view/full/29326;https://it.wikipedia.org/wiki/Altopiano_della_Vigolana;https://www.vivoscuola.it/content/view/full/29336;
89;"scuola dell'infanzia di vigolo vattaro ""giardino dell'amicizia""";via al castello - vigolo vattaro, 10 38049;altopiano della vigolana;461848577;scuolainfanzia.vigolovattaro@scuole.provincia.tn.it;;https://www.vivoscuola.it/content/view/full/29326;https://it.wikipedia.org/wiki/Altopiano_della_Vigolana;https://www.vivoscuola.it/content/view/full/29337;
90;"scuola dell'infanzia di villa agnedo ""natale alpino""";via dei molini - agnedo, 36 38059;castel ivano;461762822;scuolainfanzia.villagnedo@scuole.provincia.tn.it;;https://www.vivoscuola.it/content/view/full/29326;https://it.wikipedia.org/wiki/Castel_Ivano_(comune);https://www.vivoscuola.it/content/view/full/29338;
91;"scuola dell'infanzia di trento  ""crosina sartori""";via gocciadoro, 84 38122;trento;461925679;scuolainfanzia.crosina@scuole.provincia.tn.it;;https://www.vivoscuola.it/content/view/full/29339;https://it.wikipedia.org/wiki/Trento;https://www.vivoscuola.it/content/view/full/29340;
92;"scuola dell'infanzia di trento  ""gianni rodari""";via giovanelli, 6 38122;trento;461986198;scuolainfanzia.rodari@scuole.provincia.tn.it;;https://www.vivoscuola.it/content/view/full/29339;https://it.wikipedia.org/wiki/Trento;https://www.vivoscuola.it/content/view/full/29341;
93;"scuola dell'infanzia di trento  povo ""m.c. conotter""";via della resistenza, 48 38123;trento;461810574;scuolainfanzia.povo@scuole.provincia.tn.it;;https://www.vivoscuola.it/content/view/full/29339;https://it.wikipedia.org/wiki/Trento;https://www.vivoscuola.it/content/view/full/29342;
94;"scuola dell'infanzia di trento clarina   ""piccolo mondo""";via gramsci, 11 38123;trento;461925726;scuolainfanzia.piccolomondo@scuole.provincia.tn.it;;https://www.vivoscuola.it/content/view/full/29339;https://it.wikipedia.org/wiki/Trento;https://www.vivoscuola.it/content/view/full/29344;
95;"scuola dell'infanzia di trento cristo re ""piccolo principe""";via senesi, 3 38121;trento;461824334;scuolainfanzia.cristore@scuole.provincia.tn.it;;https://www.vivoscuola.it/content/view/full/29339;https://it.wikipedia.org/wiki/Trento;https://www.vivoscuola.it/content/view/full/29345;
96;"scuola dell'infanzia di trento madonna bianca ""l'albero del sole""";via bettini, 3 38123;trento;461922124;scuolainfanzia.madonnabianca@scuole.provincia.tn.it;;https://www.vivoscuola.it/content/view/full/29339;https://it.wikipedia.org/wiki/Trento;https://www.vivoscuola.it/content/view/full/29346;
97;scuola dell'infanzia di trento s.martino;via della predara, 16 38121;trento;461237516;scuolainfanzia.sanmartino@scuole.provincia.tn.it;;https://www.vivoscuola.it/content/view/full/29339;https://it.wikipedia.org/wiki/Trento;https://www.vivoscuola.it/content/view/full/29347;
98;"scuola dell'infanzia di trento villazzano 3 ""l'officina degli gnomi""";via conci, 10 38123;trento;461920367;scuolainfanzia.villazzano@scuole.provincia.tn.it;;https://www.vivoscuola.it/content/view/full/29339;https://it.wikipedia.org/wiki/Trento;https://www.vivoscuola.it/content/view/full/29343;
99;"scuola dell'infanzia di cimone ""mamma teresa""";frazione petrolli, 37 38060;cimone;461855216;scuolainfanzia.cimone@scuole.provincia.tn.it;;https://www.vivoscuola.it/content/view/full/29348;https://it.wikipedia.org/wiki/Cimone_(comune);https://www.vivoscuola.it/content/view/full/29349;
100;"scuola dell'infanzia di trento  ""torrione""";via al torrione, 10 38122;trento;461232554;scuolainfanzia.torrione@scuole.provincia.tn.it;;https://www.vivoscuola.it/content/view/full/29348;https://it.wikipedia.org/wiki/Trento;https://www.vivoscuola.it/content/view/full/29350;
101;"scuola dell'infanzia di trento  mattarello  ""il castello""";via del castel, 1/a 38123;trento;461945095;scuolainfanzia.mattarello@scuole.provincia.tn.it;;https://www.vivoscuola.it/content/view/full/29348;https://it.wikipedia.org/wiki/Trento;https://www.vivoscuola.it/content/view/full/29351;
102;"scuola dell'infanzia di trento  ravina  ""girotondo""";via per belvedere, 8 38123;trento;461922216;scuolainfanzia.ravina@scuole.provincia.tn.it;;https://www.vivoscuola.it/content/view/full/29348;https://it.wikipedia.org/wiki/Trento;https://www.vivoscuola.it/content/view/full/29352;
103;"scuola dell'infanzia di trento  romagnano  ""gli gnomi del bosco""";via delle prede, 2 38123;trento;461349153;scuolainfanzia.romagnano@scuole.provincia.tn.it;;https://www.vivoscuola.it/content/view/full/29348;https://it.wikipedia.org/wiki/Trento;https://www.vivoscuola.it/content/view/full/29353;
104;"scuola dell'infanzia di trento s.giuseppe ""maso ginocchio - collodi""";via giusti, 56 38122;trento;461930042;scuolainfanzia.sangiuseppe@scuole.provincia.tn.it;;https://www.vivoscuola.it/content/view/full/29348;https://it.wikipedia.org/wiki/Trento;https://www.vivoscuola.it/content/view/full/29354;
105;scuola dell'infanzia di calavino;via pedrini - calavino, 28 38076;madruzzo;461564630;scuolainfanzia.calavino@scuole.provincia.tn.it;;https://www.vivoscuola.it/content/view/full/29355;https://it.wikipedia.org/wiki/Madruzzo_(Italia);https://www.vivoscuola.it/content/view/full/29356;
106;scuola dell'infanzia di lasino;via lagolo - lasino, 47 38076;madruzzo;461564600;scuolainfanzia.lasino@scuole.provincia.tn.it;;https://www.vivoscuola.it/content/view/full/29355;https://it.wikipedia.org/wiki/Madruzzo_(Italia);https://www.vivoscuola.it/content/view/full/29357;
107;scuola dell'infanzia di terlago;via degasperi - terlago, 7 38070;vallelaghi;461860304;scuolainfanzia.terlago@scuole.provincia.tn.it;;https://www.vivoscuola.it/content/view/full/29355;https://it.wikipedia.org/wiki/Vallelaghi;https://www.vivoscuola.it/content/view/full/29358;
108;"scuola dell'infanzia di trento  cadine  ""il melograno""";via di coltura, 3 38123;trento;461866302;scuolainfanzia.cadine@scuole.provincia.tn.it;;https://www.vivoscuola.it/content/view/full/29355;https://it.wikipedia.org/wiki/Trento;https://www.vivoscuola.it/content/view/full/29359;
109;scuola dell'infanzia di trento  sardagna;via dei caduti di sardagna, 8 38123;trento;461234186;scuolainfanzia.sardagna@scuole.provincia.tn.it;;https://www.vivoscuola.it/content/view/full/29355;https://it.wikipedia.org/wiki/Trento;https://www.vivoscuola.it/content/view/full/29360;
110;"scuola dell'infanzia di trento gardolo paludi  ""biancaneve""";via paludi, 9/1 38121;trento;461992128;scuolainfanzia.gardolo@scuole.provincia.tn.it;;https://www.vivoscuola.it/content/view/full/29355;https://it.wikipedia.org/wiki/Trento;https://www.vivoscuola.it/content/view/full/29361;
111;scuola dell'infanzia di trento piedicastello;via dos trento, 86 38122;trento;461983539;scuolainfanzia.piedicastello@scuole.provincia.tn.it;;https://www.vivoscuola.it/content/view/full/29355;https://it.wikipedia.org/wiki/Trento;https://www.vivoscuola.it/content/view/full/29362;
112;"scuola dell'infanzia di trento roncafort  ""margit levinson""";via dell asilo, 8 38121;trento;461960422;scuolainfanzia.roncafort@scuole.provincia.tn.it;;https://www.vivoscuola.it/content/view/full/29355;https://it.wikipedia.org/wiki/Trento;https://www.vivoscuola.it/content/view/full/29363;
113;"scuola dell'infanzia di giovo  ""il pellicano""";via delle scuole, 9 38030;giovo;461684978;scuolainfanzia.paludigiovo@scuole.provincia.tn.it;;https://www.vivoscuola.it/content/view/full/29364;https://it.wikipedia.org/wiki/Giovo;https://www.vivoscuola.it/content/view/full/29365;
114;scuola dell'infanzia di grumes;piazza municipio - grumes, 10 38030;altavalle;461685022;scuolainfanzia.grumes@scuole.provincia.tn.it;;https://www.vivoscuola.it/content/view/full/29364;https://it.wikipedia.org/wiki/Altavalle;https://www.vivoscuola.it/content/view/full/29366;
115;"scuola dell'infanzia di trento  martignano  ""arcobaleno""";via alla formigheta, 4 38121;trento;461830411;scuolainfanzia.martignano@scuole.provincia.tn.it;;https://www.vivoscuola.it/content/view/full/29364;https://it.wikipedia.org/wiki/Trento;https://www.vivoscuola.it/content/view/full/29367;
116;"scuola dell'infanzia di trento  meano  ""m. r. giobatta partelloni""";via delle sugarine, 38 38121;trento;461991187;scuolainfanzia.meano@scuole.provincia.tn.it;;https://www.vivoscuola.it/content/view/full/29364;https://it.wikipedia.org/wiki/Trento;https://www.vivoscuola.it/content/view/full/29368;
117;"scuola dell'infanzia di trento  melta di gardolo  ""il girasole""";localita melta, 14 38121;trento;461991622;scuolainfanzia.melta@scuole.provincia.tn.it;;https://www.vivoscuola.it/content/view/full/29364;https://it.wikipedia.org/wiki/Trento;https://www.vivoscuola.it/content/view/full/29369;
118;"scuola dell'infanzia di trento  solteri  ""il quadrifoglio""";via dei solteri, 24 38121;trento;461821343;scuolainfanzia.solteri@scuole.provincia.tn.it;;https://www.vivoscuola.it/content/view/full/29364;https://it.wikipedia.org/wiki/Trento;https://www.vivoscuola.it/content/view/full/29370;
119;"scuola dell'infanzia di zambana ""girotondo""";via conti spaur, 2 38010;terre d'adige;461241060;scuolainfanzia.zambana@scuole.provincia.tn.it;;https://www.vivoscuola.it/content/view/full/29364;https://it.wikipedia.org/wiki/Terre_d%27Adige;https://www.vivoscuola.it/content/view/full/29371;
120;"scuola dell'infanzia di cavedago  ""l'albero azzurro""";piazza s lorenzo, 2 38010;cavedago;461654340;scuolainfanzia.cavedago@scuole.provincia.tn.it;;https://www.vivoscuola.it/content/view/full/29372;https://it.wikipedia.org/wiki/Cavedago;https://www.vivoscuola.it/content/view/full/29373;
121;"scuola dell'infanzia di cles  ""casa del sole""";via dallafior, 36 38023;cles;463421760;scuolainfanzia.cles@scuole.provincia.tn.it;;https://www.vivoscuola.it/content/view/full/29372;https://it.wikipedia.org/wiki/Cles;https://www.vivoscuola.it/content/view/full/29374;
122;scuola dell'infanzia di cunevo;via delle scuole - cunevo, 6 38010;contà;461652520;scuolainfanzia.cunevo@scuole.provincia.tn.it;;https://www.vivoscuola.it/content/view/full/29372;https://it.wikipedia.org/wiki/Cont%C3%A0;https://www.vivoscuola.it/content/view/full/29375;
123;scuola dell'infanzia di fai paganella;via villa, 43 38010;fai della paganella;461583360;scuolainfanzia.fai@scuole.provincia.tn.it;;https://www.vivoscuola.it/content/view/full/29372;https://it.wikipedia.org/wiki/Fai_della_Paganella;https://www.vivoscuola.it/content/view/full/29376;
124;"scuola dell'infanzia di grumo ""il giardino del sole""";via marconi, 65/a 38098;san michele all'adige;461650630;scuolainfanzia.grumo@scuole.provincia.tn.it;;https://www.vivoscuola.it/content/view/full/29372;https://it.wikipedia.org/wiki/San_Michele_all%27Adige;https://www.vivoscuola.it/content/view/full/29377;
125;"scuola dell'infanzia di rallo di tassullo  ""nuovo germoglio""";via fratelli pinamonti - rallo - tassullo,   38019;ville d'anaunia;463451568;scuolainfanzia.rallo@scuole.provincia.tn.it;;https://www.vivoscuola.it/content/view/full/29372;https://it.wikipedia.org/wiki/Ville_d%27Anaunia;https://www.vivoscuola.it/content/view/full/29378;
126;"scuola dell'infanzia di revò ""i girasoli""";via canestrini, 9/a 38028;novella;463431044;scuolainfanzia.revo@scuole.provincia.tn.it;;https://www.vivoscuola.it/content/view/full/29372;https://it.wikipedia.org/wiki/Novella_(Italia);https://www.vivoscuola.it/content/view/full/29379;
127;scuola dell'infanzia di roverè della luna;via villotta, 10 38030;roveré della luna;461658519;scuolainfanzia.roveredellaluna@scuole.provincia.tn.it;;https://www.vivoscuola.it/content/view/full/29372;https://it.wikipedia.org/wiki/Rover%C3%A9_della_Luna;https://www.vivoscuola.it/content/view/full/29380;
128;"scuola dell'infanzia di s.michele all' adige  ""il germoglio""";via della prepositura, 2 38098;san michele all'adige;461662154;scuolainfanzia.sanmichele@scuole.provincia.tn.it;;https://www.vivoscuola.it/content/view/full/29372;https://it.wikipedia.org/wiki/San_Michele_all%27Adige;https://www.vivoscuola.it/content/view/full/29381;
129;"scuola dell'infanzia di sporminore ""fratelli remondini""";piazza anaunia, 2 38010;sporminore;461641186;scuolainfanzia.sporminore@scuole.provincia.tn.it;;https://www.vivoscuola.it/content/view/full/29372;https://it.wikipedia.org/wiki/Sporminore;https://www.vivoscuola.it/content/view/full/29382;
130;"scuola dell'infanzia di vervò  ""il bosco degli gnomi""";via castel vervassium - vervo, 7 38012;predaia;463463314;scuolainfanzia.vervo@scuole.provincia.tn.it;;https://www.vivoscuola.it/content/view/full/29372;https://it.wikipedia.org/wiki/Predaia;https://www.vivoscuola.it/content/view/full/29383;
131;scuola dell'infanzia di bezzecca - a. cis;via generale dalla chiesa - bezzecca, 2 38067;ledro;464592840;scuolainfanzia.bezzecca@scuole.provincia.tn.it;;https://www.vivoscuola.it/content/view/full/29384;https://it.wikipedia.org/wiki/Ledro;https://www.vivoscuola.it/content/view/full/29385;
132;"scuola dell'infanzia di darzo ""l'albero delle castagne""";via s giovanni nepomuceno, 11 38089;storo;465685244;scuolainfanzia.darzo@scuole.provincia.tn.it;;https://www.vivoscuola.it/content/view/full/29384;https://it.wikipedia.org/wiki/Storo;https://www.vivoscuola.it/content/view/full/29387;
133;scuola dell'infanzia di dro;via s antonio, 10 38074;dro;464504211;scuolainfanzia.dro@scuole.provincia.tn.it;;https://www.vivoscuola.it/content/view/full/29384;https://it.wikipedia.org/wiki/Dro;https://www.vivoscuola.it/content/view/full/29388;
134;scuola dell'infanzia di preore;via serafini - preore, 92 38095;tre ville;465321393;scuolainfanzia.preore@scuole.provincia.tn.it;;https://www.vivoscuola.it/content/view/full/29384;https://it.wikipedia.org/wiki/Tre_Ville;https://www.vivoscuola.it/content/view/full/29389;
135;"scuola dell'infanzia di riva  ""rione 2 giugno""";via cristoph hartung von hartungen, 4 38066;riva del garda;464573920;scuolainfanzia.riva@scuole.provincia.tn.it;;https://www.vivoscuola.it/content/view/full/29384;https://it.wikipedia.org/wiki/Riva_del_Garda;https://www.vivoscuola.it/content/view/full/29390;
136;scuola dell'infanzia di romarzollo;via fossa, 21 38062;arco;464532848;scuolainfanzia.arco@scuole.provincia.tn.it;;https://www.vivoscuola.it/content/view/full/29384;https://it.wikipedia.org/wiki/Arco_(Italia);https://www.vivoscuola.it/content/view/full/29391;
137;scuola dell'infanzia di tiarno di sopra;piazza milin - tiarno di sopra, 13 38067;ledro;464592850;scuolainfanzia.tiarnodisopra@scuole.provincia.tn.it;;https://www.vivoscuola.it/content/view/full/29384;https://it.wikipedia.org/wiki/Ledro;https://www.vivoscuola.it/content/view/full/29392;
138;scuola dell'infanzia di zuclo bolbeno;via fucina - zuclo, 12 38079;borgo lares;465322790;scuolainfanzia.zuclo@scuole.provincia.tn.it;;https://www.vivoscuola.it/content/view/full/29384;https://it.wikipedia.org/wiki/Borgo_Lares;https://www.vivoscuola.it/content/view/full/29393;
139;"scuola dell'infanzia di anghebeni ""il sorriso di andrea""";frazione anghebeni, 80/a 38060;vallarsa;464869348;scuolainfanzia.anghebeni@scuole.provincia.tn.it;;https://www.vivoscuola.it/content/view/full/29394;https://it.wikipedia.org/wiki/Vallarsa;https://www.vivoscuola.it/content/view/full/122611;
140;"scuola dell'infanzia di rovereto ""c. battisti""";via udine, 21 38068;rovereto;464431239;scuolainfanzia.battisti@scuole.provincia.tn.it;;https://www.vivoscuola.it/content/view/full/29394;https://it.wikipedia.org/wiki/Rovereto;https://www.vivoscuola.it/content/view/full/29396;
141;scuola dell'infanzia di rovereto fucine;via volta, 1 38068;rovereto;464420477;scuolainfanzia.fucine@scuole.provincia.tn.it;;https://www.vivoscuola.it/content/view/full/29394;https://it.wikipedia.org/wiki/Rovereto;https://www.vivoscuola.it/content/view/full/29397;
142;"scuola dell'infanzia di rovereto lizzana  ""girogirotondo""";via livenza, 27 38068;rovereto;464437839;scuolainfanzia.livenza@scuole.provincia.tn.it;;https://www.vivoscuola.it/content/view/full/29394;https://it.wikipedia.org/wiki/Rovereto;https://www.vivoscuola.it/content/view/full/29398;
143;scuola dell'infanzia di rovereto noriglio;via romani, 4 38068;rovereto;464437430;scuolainfanzia.noriglio@scuole.provincia.tn.it;;https://www.vivoscuola.it/content/view/full/29394;https://it.wikipedia.org/wiki/Rovereto;https://www.vivoscuola.it/content/view/full/29399;
144;"scuola dell'infanzia di rovereto rione sud  ""il giardino incantato""";via venezia, 11 38068;rovereto;464431163;scuolainfanzia.rionesud@scuole.provincia.tn.it;;https://www.vivoscuola.it/content/view/full/29394;https://it.wikipedia.org/wiki/Rovereto;https://www.vivoscuola.it/content/view/full/29400;
145;"scuola dell'infanzia di rovereto san giorgio   ""don a. rossaro""";via telani, 4 38068;rovereto;464433713;scuolainfanzia.sangiorgio@scuole.provincia.tn.it;;https://www.vivoscuola.it/content/view/full/29394;https://it.wikipedia.org/wiki/Rovereto;https://www.vivoscuola.it/content/view/full/29401;
146;scuola dell'infanzia di terragnolo piazza;frazione piazza di terragnolo, 14 38060;terragnolo;464396345;scuolainfanzia.terragnolo@scuole.provincia.tn.it;;https://www.vivoscuola.it/content/view/full/29394;https://it.wikipedia.org/wiki/Terragnolo;https://www.vivoscuola.it/content/view/full/29403;
147;"scuola dell'infanzia di tierno mori  ""il girasole""";via della cooperazione, 20 38065;mori;464917200;scuolainfanzia.tierno@scuole.provincia.tn.it;;https://www.vivoscuola.it/content/view/full/29394;https://it.wikipedia.org/wiki/Mori_(Italia);https://www.vivoscuola.it/content/view/full/29404;
148;istituto tecnico per il settore economico;via monsignor  endrici, 23 38122;trento;4611731200;collegioarcivescovile@pec.it;tntd37500f;https://www.vivoscuola.it/content/view/full/29229;https://it.wikipedia.org/wiki/Trento;https://www.vivoscuola.it/content/view/full/29230;93.65079365079364
149;istituto tecnico per il settore tecnologico;via monsignor  endrici, 23 38122;trento;4611731200;collegioarcivescovile@pec.it;tntd37500f;https://www.vivoscuola.it/content/view/full/29229;https://it.wikipedia.org/wiki/Trento;https://www.vivoscuola.it/content/view/full/29231;87.83783783783784
150;liceo classico arcivescovile - trento;via monsignor  endrici, 23 38122;trento;4611731200;collegioarcivescovile@pec.it;tnpc01500v;https://www.vivoscuola.it/content/view/full/29229;https://it.wikipedia.org/wiki/Trento;https://www.vivoscuola.it/content/view/full/29232;95.0
151;liceo scientifico arcivescovile - trento;via monsignor  endrici, 23 38122;trento;4611731200;collegioarcivescovile@pec.it;tnps015002;https://www.vivoscuola.it/content/view/full/29229;https://it.wikipedia.org/wiki/Trento;https://www.vivoscuola.it/content/view/full/29234;97.71428571428571
152;scuola primaria arcivescovile trento;via monsignor  endrici, 23 38122;trento;4611731200;collegioarcivescovile@pec.it;tn1e00100v;https://www.vivoscuola.it/content/view/full/29229;https://it.wikipedia.org/wiki/Trento;https://www.vivoscuola.it/content/view/full/29235;100.0
153;scuola secondaria di primo grado arcivescovile trento;via monsignor  endrici, 23 38122;trento;4611731200;collegioarcivescovile@pec.it;tn1m00400g;https://www.vivoscuola.it/content/view/full/29229;https://it.wikipedia.org/wiki/Trento;https://www.vivoscuola.it/content/view/full/29236;100.0
154;liceo linguistico arcivescovile dame inglesi - rovereto;corso bettini, 71 38068;rovereto;464406000;collegioarcivescovile@pec.it;tnpl005006;https://www.vivoscuola.it/content/view/full/29237;https://it.wikipedia.org/wiki/Rovereto;https://www.vivoscuola.it/content/view/full/29238;98.75
155;scuola primaria arcivescovile dame inglesi rovereto;corso bettini, 31 38068;rovereto;464406000;collegioarcivescovile@pec.it;tn1e006002;https://www.vivoscuola.it/content/view/full/29237;https://it.wikipedia.org/wiki/Rovereto;https://www.vivoscuola.it/content/view/full/29239;100.0
156;scuola secondaria di primo grado arcivescovile dame inglesi rovereto;corso bettini, 31 38068;rovereto;464406000;collegioarcivescovile@pec.it;tn1m00200x;https://www.vivoscuola.it/content/view/full/29237;https://it.wikipedia.org/wiki/Rovereto;https://www.vivoscuola.it/content/view/full/29240;99.47916666666666
157;scuola primaria sacra famiglia trento;via della saluga, 7 38121;trento;461080041;cooperativasacrafamiglia@pec.it;tn1e005006;https://www.vivoscuola.it/content/view/full/29244;https://it.wikipedia.org/wiki/Trento;https://www.vivoscuola.it/content/view/full/29245;100.0
158;"scuola dell'infanzia di canazei ""don simone micheluzzi de ciciol""";via de magoa, 24 38032;canazei;462601631;scuolainfanzia.canazei@scuole.provincia.tn.it;;https://www.vivoscuola.it/content/view/full/29405;https://it.wikipedia.org/wiki/Canazei;https://www.vivoscuola.it/content/view/full/29406;
159;"scuola dell'infanzia di pera di fassa ""don edy cinzol""";strada tita piaz - pozza di fassa, 13 38036;san giovanni di fassa;462764828;scuolainfanzia.pera@scuole.provincia.tn.it;;https://www.vivoscuola.it/content/view/full/29405;https://it.wikipedia.org/wiki/San_Giovanni_di_Fassa;https://www.vivoscuola.it/content/view/full/29407;
160;scuola dell'infanzia di soraga;strada dolomites, 19 38030;soraga di fassa;462768277;scuolainfanzia.soraga@scuole.provincia.tn.it;;https://www.vivoscuola.it/content/view/full/29405;https://it.wikipedia.org/wiki/Soraga_di_Fassa;https://www.vivoscuola.it/content/view/full/29408;
161;capes - settore agricoltura e ambiente;via mach, 1 38098;san michele all'adige;461615213;amministrazione.cif@pec.iasma.it;tncf006001;https://www.vivoscuola.it/content/view/full/29409;https://it.wikipedia.org/wiki/San_Michele_all%27Adige;https://www.vivoscuola.it/content/view/full/170206;51.35135135135135
162;istituto tecnico per il settore tecnologico;via mach, 1 38098;san michele all'adige;461615213;amministrazione.cif@pec.iasma.it;tnta01500b;https://www.vivoscuola.it/content/view/full/29409;https://it.wikipedia.org/wiki/San_Michele_all%27Adige;https://www.vivoscuola.it/content/view/full/29410;92.05298013245033
163;settore agricoltura e ambiente;via mach, 1 38098;san michele all'adige;461615213;amministrazione.cif@pec.iasma.it;tncf006001;https://www.vivoscuola.it/content/view/full/29409;https://it.wikipedia.org/wiki/San_Michele_all%27Adige;https://www.vivoscuola.it/content/view/full/29411;86.61710037174721
164;"scuola primaria ""a. betta"" ala";via betta, 9 38061;ala;464671027;ic.ala@pec.provincia.tn.it;tnee84801t;https://www.vivoscuola.it/content/view/full/29421;https://it.wikipedia.org/wiki/Ala_(Italia);https://www.vivoscuola.it/content/view/full/29422;99.68152866242038
165;"scuola primaria ""m.t. di calcutta"" serravalle";via negrelli - serravalle, 10 38061;ala;464696606;ic.ala@pec.provincia.tn.it;tnee84802v;https://www.vivoscuola.it/content/view/full/29421;https://it.wikipedia.org/wiki/Ala_(Italia);https://www.vivoscuola.it/content/view/full/29423;100.0
166;"scuola secondaria di primo grado ""c. battisti"" ala";via don anzelini, 2 38061;ala;464671119;ic.ala@pec.provincia.tn.it;tnmm84801r;https://www.vivoscuola.it/content/view/full/29421;https://it.wikipedia.org/wiki/Ala_(Italia);https://www.vivoscuola.it/content/view/full/29424;97.52066115702479
167;scuola primaria aldeno;via xxv aprile, 1/a 38060;aldeno;461842264;ic.aldeno-mattarello@pec.provincia.tn.it;tnee82102v;https://www.vivoscuola.it/content/view/full/29425;https://it.wikipedia.org/wiki/Aldeno;https://www.vivoscuola.it/content/view/full/29426;100.0
168;scuola primaria cimone;frazione petrolli, 37 38060;cimone;461855215;ic.aldeno-mattarello@pec.provincia.tn.it;tnee82103x;https://www.vivoscuola.it/content/view/full/29425;https://it.wikipedia.org/wiki/Cimone_(comune);https://www.vivoscuola.it/content/view/full/29427;100.0
169;scuola primaria mattarello;via poli, 11 38123;trento;461945376;ic.aldeno-mattarello@pec.provincia.tn.it;tnee821041;https://www.vivoscuola.it/content/view/full/29425;https://it.wikipedia.org/wiki/Trento;https://www.vivoscuola.it/content/view/full/29428;100.0
170;scuola primaria romagnano trento;via ai comuni, 6 38123;trento;461349119;ic.aldeno-mattarello@pec.provincia.tn.it;tnee82101t;https://www.vivoscuola.it/content/view/full/29425;https://it.wikipedia.org/wiki/Trento;https://www.vivoscuola.it/content/view/full/29429;100.0
171;"scuola secondaria di primo grado ""a. fogazzaro"" mattarello";via della torre franca, 1 38123;trento;461945237;ic.aldeno-mattarello@pec.provincia.tn.it;tnmm82102t;https://www.vivoscuola.it/content/view/full/29425;https://it.wikipedia.org/wiki/Trento;https://www.vivoscuola.it/content/view/full/29430;99.15966386554622
172;scuola secondaria di primo grado aldeno;via xxv aprile, 1 38060;aldeno;461842823;ic.aldeno-mattarello@pec.provincia.tn.it;tnmm82101r;https://www.vivoscuola.it/content/view/full/29425;https://it.wikipedia.org/wiki/Aldeno;https://www.vivoscuola.it/content/view/full/29431;99.2
173;"scuola primaria ""e. bezzi"" ossana";via di s antonio, 21 38026;ossana;463751261;ic.altavaldisole@pec.provincia.tn.it;tnee832029;https://www.vivoscuola.it/content/view/full/29432;https://it.wikipedia.org/wiki/Ossana;https://www.vivoscuola.it/content/view/full/29433;97.05882352941177
174;scuola primaria cogolo di peio;via rosmini, 6 38024;peio;463754498;ic.altavaldisole@pec.provincia.tn.it;tnee83204b;https://www.vivoscuola.it/content/view/full/29432;https://it.wikipedia.org/wiki/Peio;https://www.vivoscuola.it/content/view/full/29434;100.0
175;scuola primaria commezzadura;via del comun, 5 38020;commezzadura;463751129;ic.altavaldisole@pec.provincia.tn.it;tnee83208g;https://www.vivoscuola.it/content/view/full/29432;https://it.wikipedia.org/wiki/Commezzadura;https://www.vivoscuola.it/content/view/full/29435;100.0
176;scuola primaria passo tonale;via nazionale, 12/c 38029;vermiglio;364903859;ic.altavaldisole@pec.provincia.tn.it;tnee83207e;https://www.vivoscuola.it/content/view/full/29432;https://it.wikipedia.org/wiki/Vermiglio_(Italia);https://www.vivoscuola.it/content/view/full/29436;100.0
177;scuola primaria vermiglio;via senatore kessler, 5 38029;vermiglio;463758373;ic.altavaldisole@pec.provincia.tn.it;tnee83206d;https://www.vivoscuola.it/content/view/full/29432;https://it.wikipedia.org/wiki/Vermiglio_(Italia);https://www.vivoscuola.it/content/view/full/29438;100.0
178;"scuola secondaria di primo grado ""c. zanella"" fucine di ossana";via s michele, 11 38026;ossana;463751129;ic.altavaldisole@pec.provincia.tn.it;tnmm832017;https://www.vivoscuola.it/content/view/full/29432;https://it.wikipedia.org/wiki/Ossana;https://www.vivoscuola.it/content/view/full/29439;100.0
179;"scuola primaria ""a.de valentini"" calliano";via degasperi, 4 38060;calliano;464410475;ic.altavallagarina@pec.provincia.tn.it;tnee86002d;https://www.vivoscuola.it/content/view/full/29440;https://it.wikipedia.org/wiki/Calliano_(Trentino-Alto_Adige);https://www.vivoscuola.it/content/view/full/29441;100.0
180;"scuola primaria ""g. tovazzi"" volano";via stazione, 30 38060;volano;464410475;ic.altavallagarina@pec.provincia.tn.it;tnee86003e;https://www.vivoscuola.it/content/view/full/29440;https://it.wikipedia.org/wiki/Volano_(Italia);https://www.vivoscuola.it/content/view/full/29442;100.0
181;"scuola primaria ""s. pellico"" besenello";via degasperi, 2 38060;besenello;464410475;ic.altavallagarina@pec.provincia.tn.it;tnee86001c;https://www.vivoscuola.it/content/view/full/29440;https://it.wikipedia.org/wiki/Besenello;https://www.vivoscuola.it/content/view/full/29443;100.0
182;"scuola secondaria di primo grado ""alta vallagarina"" volano";via manzoni, 3 38068;rovereto;464410475;ic.altavallagarina@pec.provincia.tn.it;tnmm86001b;https://www.vivoscuola.it/content/view/full/29440;https://it.wikipedia.org/wiki/Rovereto;https://www.vivoscuola.it/content/view/full/29444;99.48453608247422
183;"scuola primaria  ""abramo andreatta"" bedollo";via s osvaldo, 5 38043;bedollo;461556844;ic.pine@pec.provincia.tn.it;tnee81605e;https://www.vivoscuola.it/content/view/full/29445;https://it.wikipedia.org/wiki/Bedollo;https://www.vivoscuola.it/content/view/full/29446;100.0
184;"scuola primaria ""g. dallafior"" baselga di pine'";via delle scuole, 15 38042;baselga di piné;461558317;ic.pine@pec.provincia.tn.it;tnee81601a;https://www.vivoscuola.it/content/view/full/29445;https://it.wikipedia.org/wiki/Baselga_di_Pin%C3%A9;https://www.vivoscuola.it/content/view/full/29447;100.0
185;"scuola primaria ""g. verdi"" miola baselga di pine'";via della chiesa, 3 38042;baselga di piné;461558300;ic.pine@pec.provincia.tn.it;tnee81602b;https://www.vivoscuola.it/content/view/full/29445;https://it.wikipedia.org/wiki/Baselga_di_Pin%C3%A9;https://www.vivoscuola.it/content/view/full/29448;100.0
186;"scuola secondaria di primo grado ""don giuseppe tarter""baselga di pine'";via del xxvi maggio - baselga, 6 38042;baselga di piné;461557138;ic.pine@pec.provincia.tn.it;tnmm816019;https://www.vivoscuola.it/content/view/full/29445;https://it.wikipedia.org/wiki/Baselga_di_Pin%C3%A9;https://www.vivoscuola.it/content/view/full/29449;96.07843137254902
187;"scuola primaria ""g. segantini"" arco";via nas, 28 38062;arco;464532947;ic.arco@pec.provincia.tn.it;tnee840039;https://www.vivoscuola.it/content/view/full/29450;https://it.wikipedia.org/wiki/Arco_(Italia);https://www.vivoscuola.it/content/view/full/29451;100.0
188;scuola primaria bolognano;viale stazione, 2 38062;arco;464518610;ic.arco@pec.provincia.tn.it;tnee840017;https://www.vivoscuola.it/content/view/full/29450;https://it.wikipedia.org/wiki/Arco_(Italia);https://www.vivoscuola.it/content/view/full/29452;100.0
189;scuola primaria massone;via maffei - san martino, 2 38062;arco;464516679;ic.arco@pec.provincia.tn.it;tnee840028;https://www.vivoscuola.it/content/view/full/29450;https://it.wikipedia.org/wiki/Arco_(Italia);https://www.vivoscuola.it/content/view/full/29453;100.0
190;scuola primaria romarzollo;via fossa, 8 38062;arco;464516187;ic.arco@pec.provincia.tn.it;tnee84004a;https://www.vivoscuola.it/content/view/full/29450;https://it.wikipedia.org/wiki/Arco_(Italia);https://www.vivoscuola.it/content/view/full/29454;100.0
191;"scuola secondaria di primo grado ""n. d'arco"" arco";localita prabi,   38062;arco;464516429;ic.arco@pec.provincia.tn.it;tnmm840016;https://www.vivoscuola.it/content/view/full/29450;https://it.wikipedia.org/wiki/Arco_(Italia);https://www.vivoscuola.it/content/view/full/29455;99.1769547325103
192;scuola primaria avio;via perotti, 47 38063;avio;464684117;ic.avio@pec.provincia.tn.it;tnee847012;https://www.vivoscuola.it/content/view/full/29456;https://it.wikipedia.org/wiki/Avio;https://www.vivoscuola.it/content/view/full/29457;100.0
193;scuola primaria sabbionara di avio;piazza conciliazione,  1 38063;avio;464684067;ic.avio@pec.provincia.tn.it;tnee847023;https://www.vivoscuola.it/content/view/full/29456;https://it.wikipedia.org/wiki/Avio;https://www.vivoscuola.it/content/view/full/29458;100.0
194;"scuola secondaria di primo grado ""d. alighieri"" avio";viale degasperi, 69 38063;avio;464684029;ic.avio@pec.provincia.tn.it;tnmm847011;https://www.vivoscuola.it/content/view/full/29456;https://it.wikipedia.org/wiki/Avio;https://www.vivoscuola.it/content/view/full/29459;100.0
195;"scuola primaria ""m. pezzi"" campodenno";via s maurizio, 3 38010;campodenno;461655783;ic.bassaanaunia@pec.provincia.tn.it;tnee82901c;https://www.vivoscuola.it/content/view/full/29461;https://it.wikipedia.org/wiki/Campodenno;https://www.vivoscuola.it/content/view/full/29462;100.0
196;"scuola primaria ""mons. s. weber"" denno";via colle verde, 3 38010;denno;461655783;ic.bassaanaunia@pec.provincia.tn.it;tnee82903e;https://www.vivoscuola.it/content/view/full/29461;https://it.wikipedia.org/wiki/Denno;https://www.vivoscuola.it/content/view/full/29463;100.0
197;"scuola primaria ""v. maistrelli"" tuenno";via maistrelli - tuenno, 11 38019;ville d'anaunia;461655783;ic.bassaanaunia@pec.provincia.tn.it;tnee82907p;https://www.vivoscuola.it/content/view/full/29461;https://it.wikipedia.org/wiki/Ville_d%27Anaunia;https://www.vivoscuola.it/content/view/full/29464;100.0
198;scuola primaria flavon;via nazionale - flavon,   38010;contà;461655783;ic.bassaanaunia@pec.provincia.tn.it;tnee82906n;https://www.vivoscuola.it/content/view/full/29461;https://it.wikipedia.org/wiki/Cont%C3%A0;https://www.vivoscuola.it/content/view/full/29465;100.0
199;scuola primaria tassullo;piazza pilati - tassullo, 6 38019;ville d'anaunia;461655783;ic.bassaanaunia@pec.provincia.tn.it;tnee82908q;https://www.vivoscuola.it/content/view/full/29461;https://it.wikipedia.org/wiki/Ville_d%27Anaunia;https://www.vivoscuola.it/content/view/full/29466;100.0
200;scuola primaria vigo ton;piazza guardi, 7 38010;ton;461655783;ic.bassaanaunia@pec.provincia.tn.it;tnee82905l;https://www.vivoscuola.it/content/view/full/29461;https://it.wikipedia.org/wiki/Ton;https://www.vivoscuola.it/content/view/full/29467;100.0
201;"scuola secondaria di primo grado ""e. leonardi"" tuenno";via maistrelli - tuenno, 11 38019;ville d'anaunia;461655783;ic.bassaanaunia@pec.provincia.tn.it;tnmm82902c;https://www.vivoscuola.it/content/view/full/29461;https://it.wikipedia.org/wiki/Ville_d%27Anaunia;https://www.vivoscuola.it/content/view/full/29468;99.14529914529915
202;"scuola secondaria di primo grado ""v. vielmetti"" denno";via colle verde, 3 38010;denno;461655783;ic.bassaanaunia@pec.provincia.tn.it;tnmm82901b;https://www.vivoscuola.it/content/view/full/29461;https://it.wikipedia.org/wiki/Denno;https://www.vivoscuola.it/content/view/full/29469;99.37888198757764
203;"scuola primaria ""b. pezzen"" croviana";via delle scuole, 25 38027;croviana;463901237;ic.bassavaldisole@pec.provincia.tn.it;tnee833036;https://www.vivoscuola.it/content/view/full/29470;https://it.wikipedia.org/wiki/Croviana;https://www.vivoscuola.it/content/view/full/29471;100.0
204;"scuola primaria ""c. cristoforetti"" male'";via alla croce, 17 38027;malé;463901237;ic.bassavaldisole@pec.provincia.tn.it;tnee833058;https://www.vivoscuola.it/content/view/full/29470;https://it.wikipedia.org/wiki/Mal%C3%A9_(Italia);https://www.vivoscuola.it/content/view/full/29472;100.0
205;scuola primaria caldes;via al castello, 26 38022;caldes;463901237;ic.bassavaldisole@pec.provincia.tn.it;tnee833014;https://www.vivoscuola.it/content/view/full/29470;https://it.wikipedia.org/wiki/Caldes;https://www.vivoscuola.it/content/view/full/29473;100.0
206;scuola primaria dimaro;piazza madonna della pace - dimaro, 14 38025;dimaro folgarida;463901237;ic.bassavaldisole@pec.provincia.tn.it;tnee833047;https://www.vivoscuola.it/content/view/full/29470;https://it.wikipedia.org/wiki/Dimaro_Folgarida;https://www.vivoscuola.it/content/view/full/29474;100.0
207;scuola primaria s.bernardo rabbi;frazione san bernardo,   38020;rabbi;463901237;ic.bassavaldisole@pec.provincia.tn.it;tnee83307a;https://www.vivoscuola.it/content/view/full/29470;https://it.wikipedia.org/wiki/Rabbi_(comune);https://www.vivoscuola.it/content/view/full/29475;100.0
208;"scuola secondaria di primo grado ""g. ciccolini"" male'";via taddei de mauris, 4 38027;malé;463901237;ic.bassavaldisole@pec.provincia.tn.it;tnmm833013;https://www.vivoscuola.it/content/view/full/29470;https://it.wikipedia.org/wiki/Mal%C3%A9_(Italia);https://www.vivoscuola.it/content/view/full/29476;99.10313901345292
209;"scuola primaria ""rita levi montalcini"" borgo valsugana";via temanza, 13/c 38051;borgo valsugana;461753179;ic.borgovalsugana@pec.provincia.tn.it;tnee812046;https://www.vivoscuola.it/content/view/full/29477;https://it.wikipedia.org/wiki/Borgo_Valsugana;https://www.vivoscuola.it/content/view/full/29478;100.0
210;scuola primaria grigno;viale trento, 2 38055;grigno;461753179;ic.borgovalsugana@pec.provincia.tn.it;tnee812024;https://www.vivoscuola.it/content/view/full/29477;https://it.wikipedia.org/wiki/Grigno;https://www.vivoscuola.it/content/view/full/29479;100.0
211;"scuola secondaria di primo grado ""ora e veglia"" borgo valsugana";via spagolla, 1 38051;borgo valsugana;461753179;ic.borgovalsugana@pec.provincia.tn.it;tnmm812012;https://www.vivoscuola.it/content/view/full/29477;https://it.wikipedia.org/wiki/Borgo_Valsugana;https://www.vivoscuola.it/content/view/full/29480;98.91891891891892
212;"scuola secondaria di primo grado ""s. fante"" grigno";viale trento,   38055;grigno;461753179;ic.borgovalsugana@pec.provincia.tn.it;tnmm812023;https://www.vivoscuola.it/content/view/full/29477;https://it.wikipedia.org/wiki/Grigno;https://www.vivoscuola.it/content/view/full/29481;96.22641509433963
213;scuola primaria brentonico;via calzolari - localita fontana, 2 38060;brentonico;464395189;ic.brentonico@pec.provincia.tn.it;tnee861018;https://www.vivoscuola.it/content/view/full/63288;https://it.wikipedia.org/wiki/Brentonico;https://www.vivoscuola.it/content/view/full/63289;100.0
214;scuola secondaria di primo grado brentonico;via calzolari - localita fontana, 2 38060;brentonico;464395189;ic.brentonico@pec.provincia.tn.it;tnmm861017;https://www.vivoscuola.it/content/view/full/63288;https://it.wikipedia.org/wiki/Brentonico;https://www.vivoscuola.it/content/view/full/65577;98.21428571428571
215;scuola primaria capriana;piazza scuole, 1 38030;capriana;462340314;ic.cavalese@pec.provincia.tn.it;tnee809017;https://www.vivoscuola.it/content/view/full/29482;https://it.wikipedia.org/wiki/Capriana;https://www.vivoscuola.it/content/view/full/29483;100.0
216;scuola primaria carano;via giovanelli, 2 38033;ville di fiemme;462340314;ic.cavalese@pec.provincia.tn.it;tnee809028;https://www.vivoscuola.it/content/view/full/29482;https://it.wikipedia.org/wiki/Ville_di_Fiemme;https://www.vivoscuola.it/content/view/full/29484;100.0
217;scuola primaria casatta valfloriana;frazione casatta, 18/a 38040;valfloriana;462340314;ic.cavalese@pec.provincia.tn.it;tnee80908e;https://www.vivoscuola.it/content/view/full/29482;https://it.wikipedia.org/wiki/Valfloriana;https://www.vivoscuola.it/content/view/full/29485;100.0
218;scuola primaria castello di fiemme;via roma, 40 38030;castello-molina di fiemme;462340314;ic.cavalese@pec.provincia.tn.it;tnee809039;https://www.vivoscuola.it/content/view/full/29482;https://it.wikipedia.org/wiki/Castello-Molina_di_Fiemme;https://www.vivoscuola.it/content/view/full/29486;100.0
219;scuola primaria cavalese;largo bosin, 2 38033;cavalese;462340314;ic.cavalese@pec.provincia.tn.it;tnee80905b;https://www.vivoscuola.it/content/view/full/29482;https://it.wikipedia.org/wiki/Cavalese;https://www.vivoscuola.it/content/view/full/29487;100.0
220;scuola primaria masi cavalese;via damiano chiesa, 110 38033;cavalese;462340314;ic.cavalese@pec.provincia.tn.it;tnee80906c;https://www.vivoscuola.it/content/view/full/29482;https://it.wikipedia.org/wiki/Cavalese;https://www.vivoscuola.it/content/view/full/29488;100.0
221;scuola primaria molina di fiemme;via segherie, 64/b 38030;castello-molina di fiemme;462340314;ic.cavalese@pec.provincia.tn.it;tnee80904a;https://www.vivoscuola.it/content/view/full/29482;https://it.wikipedia.org/wiki/Castello-Molina_di_Fiemme;https://www.vivoscuola.it/content/view/full/29489;100.0
222;scuola primaria varena;via mercato, 10 38030;ville di fiemme;462340314;ic.cavalese@pec.provincia.tn.it;tnee80909g;https://www.vivoscuola.it/content/view/full/29482;https://it.wikipedia.org/wiki/Ville_di_Fiemme;https://www.vivoscuola.it/content/view/full/29490;100.0
223;"scuola secondaria di primo grado ""g. segantini"" cavalese";piazza verdi, 6 38033;cavalese;462340314;ic.cavalese@pec.provincia.tn.it;tnmm809016;https://www.vivoscuola.it/content/view/full/29482;https://it.wikipedia.org/wiki/Cavalese;https://www.vivoscuola.it/content/view/full/29491;100.0
224;"scuola primaria ""don l. milani"" lases";via principale, 43 38040;lona-lases;461683006;ic.cembra@pec.provincia.tn.it;tnee82206v;https://www.vivoscuola.it/content/view/full/29492;https://it.wikipedia.org/wiki/Lona-Lases;https://www.vivoscuola.it/content/view/full/29493;96.875
225;"scuola primaria ""p. marconi"" faver";via campagna - faver, 1 38030;altavalle;461683006;ic.cembra@pec.provincia.tn.it;tnee82202p;https://www.vivoscuola.it/content/view/full/29492;https://it.wikipedia.org/wiki/Altavalle;https://www.vivoscuola.it/content/view/full/29494;100.0
226;"scuola primaria ""p. sartori"" sover";piazza s lorenzo, 10 38048;sover;461683006;ic.cembra@pec.provincia.tn.it;tnee822081;https://www.vivoscuola.it/content/view/full/29492;https://it.wikipedia.org/wiki/Sover;https://www.vivoscuola.it/content/view/full/29495;100.0
227;scuola primaria cembra;via dei ciclamini - cembra, 1/1 38034;cembra lisignago;461683006;ic.cembra@pec.provincia.tn.it;tnee82201n;https://www.vivoscuola.it/content/view/full/29492;https://it.wikipedia.org/wiki/Cembra_Lisignago;https://www.vivoscuola.it/content/view/full/29496;100.0
228;scuola primaria stedro segonzano;frazione stedro, 68 38047;segonzano;461683006;ic.cembra@pec.provincia.tn.it;tnee82207x;https://www.vivoscuola.it/content/view/full/29492;https://it.wikipedia.org/wiki/Segonzano;https://www.vivoscuola.it/content/view/full/29497;100.0
229;scuola primaria verla giovo;via dell oratorio, 15 38030;giovo;461683006;ic.cembra@pec.provincia.tn.it;tnee82203q;https://www.vivoscuola.it/content/view/full/29492;https://it.wikipedia.org/wiki/Giovo;https://www.vivoscuola.it/content/view/full/29498;100.0
230;"scuola secondaria di primo grado ""a. vielmetti"" cembra";via negritelle - cembra, 1 38034;cembra lisignago;461683006;ic.cembra@pec.provincia.tn.it;tnmm82201l;https://www.vivoscuola.it/content/view/full/29492;https://it.wikipedia.org/wiki/Cembra_Lisignago;https://www.vivoscuola.it/content/view/full/29499;99.04761904761905
231;scuola secondaria di primo grado stedro segonzano;frazione scancio, 69 38047;segonzano;461683006;ic.cembra@pec.provincia.tn.it;tnmm82202n;https://www.vivoscuola.it/content/view/full/29492;https://it.wikipedia.org/wiki/Segonzano;https://www.vivoscuola.it/content/view/full/29500;97.33333333333334
232;scuola secondaria di primo grado verla giovo;via al grec, 2 38030;giovo;461683006;ic.cembra@pec.provincia.tn.it;tnmm82203p;https://www.vivoscuola.it/content/view/full/29492;https://it.wikipedia.org/wiki/Giovo;https://www.vivoscuola.it/content/view/full/29501;98.80952380952381
233;"scuola primaria ""c. corradi"" novaledo";piazza municipio, 5 38050;novaledo;461764581;ic.centrovalsugana@pec.provincia.tn.it;tnee813064;https://www.vivoscuola.it/content/view/full/29502;https://it.wikipedia.org/wiki/Novaledo;https://www.vivoscuola.it/content/view/full/29503;100.0
234;"scuola primaria ""p. martinelli"" roncegno terme";via baldessari, 15 38050;roncegno terme;461764581;ic.centrovalsugana@pec.provincia.tn.it;tnee813075;https://www.vivoscuola.it/content/view/full/29502;https://it.wikipedia.org/wiki/Roncegno_Terme;https://www.vivoscuola.it/content/view/full/29504;100.0
235;"scuola primaria ""t. v. gozzer"" castelnuovo";piazza municipio, 4 38050;castelnuovo;461764581;ic.centrovalsugana@pec.provincia.tn.it;tnee81301v;https://www.vivoscuola.it/content/view/full/29502;https://it.wikipedia.org/wiki/Castelnuovo_(Trentino-Alto_Adige);https://www.vivoscuola.it/content/view/full/29505;98.21428571428571
236;scuola primaria marter;via della chiesa, 14 38050;roncegno terme;461764581;ic.centrovalsugana@pec.provincia.tn.it;tnee813086;https://www.vivoscuola.it/content/view/full/29502;https://it.wikipedia.org/wiki/Roncegno_Terme;https://www.vivoscuola.it/content/view/full/29506;100.0
237;scuola primaria ronchi valsugana;via marchi, 14 38050;ronchi valsugana;461764581;ic.centrovalsugana@pec.provincia.tn.it;tnee813109;https://www.vivoscuola.it/content/view/full/29502;https://it.wikipedia.org/wiki/Ronchi_Valsugana;https://www.vivoscuola.it/content/view/full/65578;97.2972972972973
238;scuola primaria telve;via giusti, 5 38050;telve;461764581;ic.centrovalsugana@pec.provincia.tn.it;tnee81302x;https://www.vivoscuola.it/content/view/full/29502;https://it.wikipedia.org/wiki/Telve;https://www.vivoscuola.it/content/view/full/29507;100.0
239;scuola primaria telve di sopra;via delle scuole, 19 38050;telve di sopra;461764581;ic.centrovalsugana@pec.provincia.tn.it;tnee813031;https://www.vivoscuola.it/content/view/full/29502;https://it.wikipedia.org/wiki/Telve_di_Sopra;https://www.vivoscuola.it/content/view/full/29508;100.0
240;"scuola secondaria di primo grado ""don l. milani"" telve";via borgo, 2/a 38050;telve;461764581;ic.centrovalsugana@pec.provincia.tn.it;tnmm81301t;https://www.vivoscuola.it/content/view/full/29502;https://it.wikipedia.org/wiki/Telve;https://www.vivoscuola.it/content/view/full/29509;100.0
241;"scuola secondaria di primo grado ""m. pola"" roncegno terme";via don meggio, 2/a 38050;roncegno terme;461764581;ic.centrovalsugana@pec.provincia.tn.it;tnmm81302v;https://www.vivoscuola.it/content/view/full/29502;https://it.wikipedia.org/wiki/Roncegno_Terme;https://www.vivoscuola.it/content/view/full/29510;100.0
242;"scuola primaria ""a. girardi"" fornace";via dei mori, 2 38040;fornace;461858485;ic.civezzano@pec.provincia.tn.it;tnee817038;https://www.vivoscuola.it/content/view/full/29511;https://it.wikipedia.org/wiki/Fornace_(Italia);https://www.vivoscuola.it/content/view/full/29512;100.0
243;"scuola primaria ""g. b. borsieri"" civezzano";via telvana, 6 38045;civezzano;461858485;ic.civezzano@pec.provincia.tn.it;tnee817016;https://www.vivoscuola.it/content/view/full/29511;https://it.wikipedia.org/wiki/Civezzano;https://www.vivoscuola.it/content/view/full/29513;100.0
244;scuola primaria albiano;via manzoni, 4 38041;albiano;461858485;ic.civezzano@pec.provincia.tn.it;tnee817049;https://www.vivoscuola.it/content/view/full/29511;https://it.wikipedia.org/wiki/Albiano_(Trentino-Alto_Adige);https://www.vivoscuola.it/content/view/full/29514;100.0
245;scuola primaria seregnano civezzano;frazione cogatti,   38045;civezzano;461858485;ic.civezzano@pec.provincia.tn.it;tnee817027;https://www.vivoscuola.it/content/view/full/29511;https://it.wikipedia.org/wiki/Civezzano;https://www.vivoscuola.it/content/view/full/29515;100.0
246;"scuola secondaria di primo grado ""g. alessandrini"" civezzano";via murialdo, 27 38045;civezzano;461858485;ic.civezzano@pec.provincia.tn.it;tnmm817015;https://www.vivoscuola.it/content/view/full/29511;https://it.wikipedia.org/wiki/Civezzano;https://www.vivoscuola.it/content/view/full/29516;99.4413407821229
247;scuola secondaria di primo grado albiano;via manzoni, 10 38041;albiano;461858485;ic.civezzano@pec.provincia.tn.it;tnmm817026;https://www.vivoscuola.it/content/view/full/29511;https://it.wikipedia.org/wiki/Albiano_(Trentino-Alto_Adige);https://www.vivoscuola.it/content/view/full/29517;98.48484848484848
248;"scuola primaria ""chiara lubich"" livo";frazione livo,  92 38020;livo;463421457;ic.cles@pec.provincia.tn.it;tnee83102d;https://www.vivoscuola.it/content/view/full/29518;https://it.wikipedia.org/wiki/Livo_(Trentino-Alto_Adige);https://www.vivoscuola.it/content/view/full/29521;100.0
249;"scuola primaria ""o.focherini m.marchesi"" mione rumo";via di ronco - mione, 17 38020;rumo;463421457;ic.cles@pec.provincia.tn.it;tnee83103e;https://www.vivoscuola.it/content/view/full/29518;https://it.wikipedia.org/wiki/Rumo;https://www.vivoscuola.it/content/view/full/29519;100.0
250;scuola primaria cles;via dei campi neri, 1 38023;cles;463421457;ic.cles@pec.provincia.tn.it;tnee83101c;https://www.vivoscuola.it/content/view/full/29518;https://it.wikipedia.org/wiki/Cles;https://www.vivoscuola.it/content/view/full/29520;99.69604863221885
251;"scuola secondaria di primo grado ""v. inama"" cles";via chini, 31 38023;cles;463421457;ic.cles@pec.provincia.tn.it;tnmm83101b;https://www.vivoscuola.it/content/view/full/29518;https://it.wikipedia.org/wiki/Cles;https://www.vivoscuola.it/content/view/full/29522;98.32775919732441
252;"scuola primaria ""g. papaleoni"" condino";via la marmora - condino, 13 38083;borgo chiese;465686039;ic.chiese-storo@pec.provincia.tn.it;tnee838039;https://www.vivoscuola.it/content/view/full/29523;https://it.wikipedia.org/wiki/Borgo_Chiese;https://www.vivoscuola.it/content/view/full/29524;100.0
253;"scuola primaria ""padre c. gnesotti"" storo";via papaleoni, 5 38089;storo;465686039;ic.chiese-storo@pec.provincia.tn.it;tnee83804a;https://www.vivoscuola.it/content/view/full/29523;https://it.wikipedia.org/wiki/Storo;https://www.vivoscuola.it/content/view/full/29525;99.18032786885246
254;scuola primaria pieve di bono - creto;via fiera - creto - pieve di bono, 1 38085;pieve di bono-prezzo;465674049;ic.chiese-storo@pec.provincia.tn.it;tnee83808e;https://www.vivoscuola.it/content/view/full/29523;https://it.wikipedia.org/wiki/Pieve_di_Bono-Prezzo;https://www.vivoscuola.it/content/view/full/29526;100.0
255;scuola primaria storo - lodrone;via xxiv maggio, 115 38089;storo;465686039;ic.chiese-storo@pec.provincia.tn.it;tnee83806c;https://www.vivoscuola.it/content/view/full/29523;https://it.wikipedia.org/wiki/Storo;https://www.vivoscuola.it/content/view/full/29527;100.0
256;"scuola secondaria di primo grado ""g. leopardi"" storo";via papaleoni, 5 38089;storo;465686039;ic.chiese-storo@pec.provincia.tn.it;tnmm838016;https://www.vivoscuola.it/content/view/full/29523;https://it.wikipedia.org/wiki/Storo;https://www.vivoscuola.it/content/view/full/29528;99.42857142857143
257;"scuola secondaria di primo grado ""g. pascoli"" pieve di bono";via fiera - creto - pieve di bono, 1 38085;pieve di bono-prezzo;465674049;ic.chiese-storo@pec.provincia.tn.it;tnmm838027;https://www.vivoscuola.it/content/view/full/29523;https://it.wikipedia.org/wiki/Pieve_di_Bono-Prezzo;https://www.vivoscuola.it/content/view/full/29529;96.45390070921985
258;istituto tecnico per il settore economico;via delle fonti - transacqua, 10 38054;primiero san martino di castrozza;43962435;ic.primiero@pec.provincia.tn.it;tntd170007;https://www.vivoscuola.it/content/view/full/29530;https://it.wikipedia.org/wiki/Primiero_San_Martino_di_Castrozza;https://www.vivoscuola.it/content/view/full/29531;92.15686274509804
259;istituto tecnico per il settore tecnologico;via delle fonti - transacqua, 10 38054;primiero san martino di castrozza;43962435;ic.primiero@pec.provincia.tn.it;tntd170007;https://www.vivoscuola.it/content/view/full/29530;https://it.wikipedia.org/wiki/Primiero_San_Martino_di_Castrozza;https://www.vivoscuola.it/content/view/full/29532;92.85714285714286
260;liceo scientifico opzione scienze applicate;via delle fonti - transacqua, 10 38054;primiero san martino di castrozza;43962435;ic.primiero@pec.provincia.tn.it;tnps100005;https://www.vivoscuola.it/content/view/full/29530;https://it.wikipedia.org/wiki/Primiero_San_Martino_di_Castrozza;https://www.vivoscuola.it/content/view/full/29534;96.55172413793103
261;"scuola primaria ""b. zanetel"" s.martino di castrozza";via laghetto - san martino di castrozza, 28 38054;primiero san martino di castrozza;43962435;ic.primiero@pec.provincia.tn.it;tnee81006l;https://www.vivoscuola.it/content/view/full/29530;https://it.wikipedia.org/wiki/Primiero_San_Martino_di_Castrozza;https://www.vivoscuola.it/content/view/full/29535;100.0
262;"scuola primaria ""card. j. bernardin"" tonadico";via sorelle lucian - tonadico, 8 38054;primiero san martino di castrozza;43962435;ic.primiero@pec.provincia.tn.it;tnee81007n;https://www.vivoscuola.it/content/view/full/29530;https://it.wikipedia.org/wiki/Primiero_San_Martino_di_Castrozza;https://www.vivoscuola.it/content/view/full/29536;100.0
263;"scuola primaria ""f. loss"" canal san bovo";localita lausen, 14 38050;canal san bovo;43962435;ic.primiero@pec.provincia.tn.it;tnee81001b;https://www.vivoscuola.it/content/view/full/29530;https://it.wikipedia.org/wiki/Canal_San_Bovo;https://www.vivoscuola.it/content/view/full/29537;100.0
264;scuola primaria mezzano;via iv novembre, 13 38050;mezzano;43962435;ic.primiero@pec.provincia.tn.it;tnee81003d;https://www.vivoscuola.it/content/view/full/29530;https://it.wikipedia.org/wiki/Mezzano_(comune);https://www.vivoscuola.it/content/view/full/29538;100.0
265;"scuola secondaria di primo grado ""l. negrelli""  - fiera di primiero";viale monte grappa - fiera di primiero, 12 38054;primiero san martino di castrozza;43962435;ic.primiero@pec.provincia.tn.it;tnmm81002b;https://www.vivoscuola.it/content/view/full/29530;https://it.wikipedia.org/wiki/Primiero_San_Martino_di_Castrozza;https://www.vivoscuola.it/content/view/full/29539;100.0
266;scuola secondaria di primo grado canal san bovo;localita lausen, 13/z 38050;canal san bovo;43962435;ic.primiero@pec.provincia.tn.it;tnmm81001a;https://www.vivoscuola.it/content/view/full/29530;https://it.wikipedia.org/wiki/Canal_San_Bovo;https://www.vivoscuola.it/content/view/full/29540;100.0
267;scuola dell'infanzia di folgaria;via roma, 30 38064;folgaria;464721362;scuolainfanzia.folgaria@scuole.provincia.tn.it;;https://www.vivoscuola.it/content/view/full/29541;https://it.wikipedia.org/wiki/Folgaria;https://www.vivoscuola.it/content/view/full/29546;
268;"scuola dell'infanzia di lavarone ""casa dell'arcobaleno""";frazione gionghi,   38046;lavarone;464783098;scuolainfanzia.lavarone@scuole.provincia.tn.it;;https://www.vivoscuola.it/content/view/full/29541;https://it.wikipedia.org/wiki/Lavarone;https://www.vivoscuola.it/content/view/full/29547;
269;scuola dell'infanzia di luserna;via mazzini - prundle, 7 38040;luserna;464789608;scuolainfanzia.luserna@scuole.provincia.tn.it;;https://www.vivoscuola.it/content/view/full/29541;https://it.wikipedia.org/wiki/Luserna;https://www.vivoscuola.it/content/view/full/29548;
270;scuola dell'infanzia di nosellari folgaria;via prati, 35 38064;folgaria;464787010;scuolainfanzia.nosellari@scuole.provincia.tn.it;;https://www.vivoscuola.it/content/view/full/29541;https://it.wikipedia.org/wiki/Folgaria;https://www.vivoscuola.it/content/view/full/29549;
271;"scuola primaria ""s. lauton"" folgaria";via d acquisto, 21/a 38064;folgaria;464721283;ic.folgaria-lavarone@pec.provincia.tn.it;tnee804025;https://www.vivoscuola.it/content/view/full/29541;https://it.wikipedia.org/wiki/Folgaria;https://www.vivoscuola.it/content/view/full/29542;100.0
272;scuola primaria lavarone;frazione gionghi,  107/5 38046;lavarone;464721283;ic.folgaria-lavarone@pec.provincia.tn.it;tnee804014;https://www.vivoscuola.it/content/view/full/29541;https://it.wikipedia.org/wiki/Lavarone;https://www.vivoscuola.it/content/view/full/29543;100.0
273;"scuola secondaria di primo grado ""g. prati"" lavarone";frazione gionghi, 107/6 38046;lavarone;464721283;ic.folgaria-lavarone@pec.provincia.tn.it;tnmm804024;https://www.vivoscuola.it/content/view/full/29541;https://it.wikipedia.org/wiki/Lavarone;https://www.vivoscuola.it/content/view/full/29544;100.0
274;"scuola secondaria di primo grado ""p. rella"" folgaria";piazza marconi, 85 38064;folgaria;464721283;ic.folgaria-lavarone@pec.provincia.tn.it;tnmm804013;https://www.vivoscuola.it/content/view/full/29541;https://it.wikipedia.org/wiki/Folgaria;https://www.vivoscuola.it/content/view/full/29545;98.21428571428571
275;"scuola primaria ""c.a. martini"" revo'";via delle maddalene, 7 38028;novella;463831134;ic.fondo@pec.provincia.tn.it;tnee828091;https://www.vivoscuola.it/content/view/full/29550;https://it.wikipedia.org/wiki/Novella_(Italia);https://www.vivoscuola.it/content/view/full/29551;100.0
276;"scuola primaria ""madre teresa di calcutta"" romeno";via monsignor rosati, 1 38010;romeno;463831134;ic.fondo@pec.provincia.tn.it;tnee82805r;https://www.vivoscuola.it/content/view/full/29550;https://it.wikipedia.org/wiki/Romeno_(Italia);https://www.vivoscuola.it/content/view/full/29552;100.0
277;"scuola primaria ""padre a. stefenelli"" fondo";piazza don stefenelli - fondo, 2 38020;borgo d'anaunia;463831134;ic.fondo@pec.provincia.tn.it;tnee82804q;https://www.vivoscuola.it/content/view/full/29550;https://it.wikipedia.org/wiki/Borgo_d%27Anaunia;https://www.vivoscuola.it/content/view/full/29553;100.0
278;"scuola primaria ""stefano zuech"" brez";via nigaiola - brez, 1 38028;novella;463831134;ic.fondo@pec.provincia.tn.it;tnee82808x;https://www.vivoscuola.it/content/view/full/29550;https://it.wikipedia.org/wiki/Novella_(Italia);https://www.vivoscuola.it/content/view/full/29554;100.0
279;scuola primaria castelfondo;via madonna pellegrina, 5 38020;borgo d'anaunia;463831134;ic.fondo@pec.provincia.tn.it;tnee82801l;https://www.vivoscuola.it/content/view/full/29550;https://it.wikipedia.org/wiki/Borgo_d%27Anaunia;https://www.vivoscuola.it/content/view/full/29555;100.0
280;scuola primaria cavareno;piazzale savera, 1 38011;cavareno;463831134;ic.fondo@pec.provincia.tn.it;tnee82802n;https://www.vivoscuola.it/content/view/full/29550;https://it.wikipedia.org/wiki/Cavareno;https://www.vivoscuola.it/content/view/full/29556;100.0
281;scuola primaria sanzeno;frazione banco, 98 38010;sanzeno;463831134;ic.fondo@pec.provincia.tn.it;tnee828103;https://www.vivoscuola.it/content/view/full/29550;https://it.wikipedia.org/wiki/Sanzeno;https://www.vivoscuola.it/content/view/full/29557;100.0
282;scuola primaria sarnonico;via manzoni, 7 38011;sarnonico;463831134;ic.fondo@pec.provincia.tn.it;tnee82807v;https://www.vivoscuola.it/content/view/full/29550;https://it.wikipedia.org/wiki/Sarnonico;https://www.vivoscuola.it/content/view/full/29558;100.0
283;"scuola secondaria di primo grado ""c.a. martini"" revo'";via canestrini, 7 38028;novella;463831134;ic.fondo@pec.provincia.tn.it;tnmm82802l;https://www.vivoscuola.it/content/view/full/29550;https://it.wikipedia.org/wiki/Novella_(Italia);https://www.vivoscuola.it/content/view/full/29559;94.44444444444444
284;"scuola secondaria di primo grado ""g. b. lampi"" fondo";via laviosa zambotti - fondo, 24 38020;borgo d'anaunia;463831134;ic.fondo@pec.provincia.tn.it;tnmm82803n;https://www.vivoscuola.it/content/view/full/29550;https://it.wikipedia.org/wiki/Borgo_d%27Anaunia;https://www.vivoscuola.it/content/view/full/29560;98.22222222222223
285;"scuola primaria ""g. graffer"" stenico";via risorgimento, 11/a 38070;stenico;465701472;ic.giudicarieesteriori@pec.provincia.tn.it;tnee83706l;https://www.vivoscuola.it/content/view/full/29561;https://it.wikipedia.org/wiki/Stenico;https://www.vivoscuola.it/content/view/full/29562;100.0
286;"scuola primaria ""san g. bosco"" s.lorenzo in banale";via di prato - san lorenzo, 15/a 38078;san lorenzo dorsino;465701472;ic.giudicarieesteriori@pec.provincia.tn.it;tnee83705g;https://www.vivoscuola.it/content/view/full/29561;https://it.wikipedia.org/wiki/San_Lorenzo_Dorsino;https://www.vivoscuola.it/content/view/full/29563;100.0
287;scuola primaria campo lomaso;frazione campo lomaso - lomaso,  1 38070;comano terme;465701472;ic.giudicarieesteriori@pec.provincia.tn.it;tnee83704e;https://www.vivoscuola.it/content/view/full/29561;https://it.wikipedia.org/wiki/Comano_Terme;https://www.vivoscuola.it/content/view/full/29564;100.0
288;scuola primaria fiave';via de gasperi,   38075;fiavé;465701472;ic.giudicarieesteriori@pec.provincia.tn.it;tnee83703d;https://www.vivoscuola.it/content/view/full/29561;https://it.wikipedia.org/wiki/Fiav%C3%A9;https://www.vivoscuola.it/content/view/full/29565;100.0
289;scuola primaria rango bleggio superiore;frazione rango,   38071;bleggio superiore;465701472;ic.giudicarieesteriori@pec.provincia.tn.it;tnee83702c;https://www.vivoscuola.it/content/view/full/29561;https://it.wikipedia.org/wiki/Bleggio_Superiore;https://www.vivoscuola.it/content/view/full/29566;100.0
290;"scuola secondaria di primo grado ""g. prati"" ponte arche";via s giovanni bosco - ponte arche - bleggio inferiore, 14 38070;comano terme;465701472;ic.giudicarieesteriori@pec.provincia.tn.it;tnmm83701a;https://www.vivoscuola.it/content/view/full/29561;https://it.wikipedia.org/wiki/Comano_Terme;https://www.vivoscuola.it/content/view/full/29567;99.20318725099602
291;"scuola primaria ""f.lli filzi"" rovereto";via unione, 23 38068;rovereto;464431515;ic.isera-rovereto@pec.provincia.tn.it;tnee84502b;https://www.vivoscuola.it/content/view/full/29569;https://it.wikipedia.org/wiki/Rovereto;https://www.vivoscuola.it/content/view/full/29570;99.74424552429667
292;"scuola primaria ""r. levi montalcini"" isera";viale provinciale,   38060;isera;464431515;ic.isera-rovereto@pec.provincia.tn.it;tnee84501a;https://www.vivoscuola.it/content/view/full/29569;https://it.wikipedia.org/wiki/Isera;https://www.vivoscuola.it/content/view/full/29571;100.0
293;"scuola secondaria di primo grado ""a. degasperi"" rovereto";viale della vittoria, 43 38068;rovereto;464431515;ic.isera-rovereto@pec.provincia.tn.it;tnmm845019;https://www.vivoscuola.it/content/view/full/29569;https://it.wikipedia.org/wiki/Rovereto;https://www.vivoscuola.it/content/view/full/29572;99.08256880733946
294;"scuola primaria ""a. frank"" zambana";piazza ss filippo e giacomo, 1 38010;terre d'adige;461246535;ic.lavis@pec.provincia.tn.it;tnee825037;https://www.vivoscuola.it/content/view/full/29573;https://it.wikipedia.org/wiki/Terre_d%27Adige;https://www.vivoscuola.it/content/view/full/29574;100.0
295;"scuola primaria ""don g. grazioli"" lavis";via degasperi, 18 38015;lavis;461246535;ic.lavis@pec.provincia.tn.it;tnee825015;https://www.vivoscuola.it/content/view/full/29573;https://it.wikipedia.org/wiki/Lavis;https://www.vivoscuola.it/content/view/full/29575;100.0
296;scuola primaria pressano lavis;via pilati, 31 38015;lavis;461246535;ic.lavis@pec.provincia.tn.it;tnee825026;https://www.vivoscuola.it/content/view/full/29573;https://it.wikipedia.org/wiki/Lavis;https://www.vivoscuola.it/content/view/full/29576;98.94736842105263
297;"scuola secondaria di primo grado ""a. stainer"" lavis";via sette, 13/a 38015;lavis;461246535;ic.lavis@pec.provincia.tn.it;tnmm825014;https://www.vivoscuola.it/content/view/full/29573;https://it.wikipedia.org/wiki/Lavis;https://www.vivoscuola.it/content/view/full/29577;98.93617021276596
298;"scuola primaria ""c. chiesa"" caldonazzo";via asilo, 3 38052;caldonazzo;461706146;ic.levicoterme@pec.provincia.tn.it;tnee818023;https://www.vivoscuola.it/content/view/full/29578;https://it.wikipedia.org/wiki/Caldonazzo;https://www.vivoscuola.it/content/view/full/29579;100.0
299;"scuola primaria ""g. rosanelli"" tenna";via albere, 2 38050;tenna;461706146;ic.levicoterme@pec.provincia.tn.it;tnee818045;https://www.vivoscuola.it/content/view/full/29578;https://it.wikipedia.org/wiki/Tenna_(comune);https://www.vivoscuola.it/content/view/full/29580;100.0
300;"scuola primaria ""padre b. martinelli"" calceranica al lago";via della scuola, 2 38050;calceranica al lago;461706146;ic.levicoterme@pec.provincia.tn.it;tnee818012;https://www.vivoscuola.it/content/view/full/29578;https://it.wikipedia.org/wiki/Calceranica_al_Lago;https://www.vivoscuola.it/content/view/full/29581;100.0
301;scuola primaria levico terme;via della pace, 5 38056;levico terme;461706146;ic.levicoterme@pec.provincia.tn.it;tnee818034;https://www.vivoscuola.it/content/view/full/29578;https://it.wikipedia.org/wiki/Levico_Terme;https://www.vivoscuola.it/content/view/full/29582;99.71428571428571
302;"scuola secondaria di primo grado ""g. b. de gasparis"" levico terme";via della pace, 5 38056;levico terme;461706146;ic.levicoterme@pec.provincia.tn.it;tnmm818011;https://www.vivoscuola.it/content/view/full/29578;https://it.wikipedia.org/wiki/Levico_Terme;https://www.vivoscuola.it/content/view/full/29583;98.48866498740554
303;"scuola primaria ""a. degasperi"" mezzocorona";via dante, 9 38016;mezzocorona;461605409;ic.mezzocorona@pec.provincia.tn.it;tnee82304l;https://www.vivoscuola.it/content/view/full/29584;https://it.wikipedia.org/wiki/Mezzocorona;https://www.vivoscuola.it/content/view/full/29585;100.0
304;"scuola primaria ""f. biasi"" s.michele all'adige";via biasi, 1 38010;san michele all'adige;461605409;ic.mezzocorona@pec.provincia.tn.it;tnee82302e;https://www.vivoscuola.it/content/view/full/29584;https://it.wikipedia.org/wiki/San_Michele_all%27Adige;https://www.vivoscuola.it/content/view/full/29586;100.0
305;"scuola primaria ""f.lli bronzetti"" rovere' della luna";via rosmini, 5/a 38030;roveré della luna;461605409;ic.mezzocorona@pec.provincia.tn.it;tnee82305n;https://www.vivoscuola.it/content/view/full/29584;https://it.wikipedia.org/wiki/Rover%C3%A9_della_Luna;https://www.vivoscuola.it/content/view/full/29587;100.0
306;scuola primaria grumo;via marconi, 65 38010;san michele all'adige;461605409;ic.mezzocorona@pec.provincia.tn.it;tnee82301d;https://www.vivoscuola.it/content/view/full/29584;https://it.wikipedia.org/wiki/San_Michele_all%27Adige;https://www.vivoscuola.it/content/view/full/29588;100.0
307;"scuola secondaria di primo grado ""e. chini"" mezzocorona";via dante, 9 38016;mezzocorona;461605409;ic.mezzocorona@pec.provincia.tn.it;tnmm82301c;https://www.vivoscuola.it/content/view/full/29584;https://it.wikipedia.org/wiki/Mezzocorona;https://www.vivoscuola.it/content/view/full/29589;99.44289693593315
308;"scuola primaria ""c. darwin"" mezzolombardo";via filos, 3 38017;mezzolombardo;461601125;ic.mezzolombardo@pec.provincia.tn.it;tnee824019;https://www.vivoscuola.it/content/view/full/29590;https://it.wikipedia.org/wiki/Mezzolombardo;https://www.vivoscuola.it/content/view/full/29591;100.0
309;"scuola primaria ""don l. rossi"" fai della paganella";via villa, 21 38010;fai della paganella;461601125;ic.mezzolombardo@pec.provincia.tn.it;tnee82405d;https://www.vivoscuola.it/content/view/full/29590;https://it.wikipedia.org/wiki/Fai_della_Paganella;https://www.vivoscuola.it/content/view/full/29592;100.0
310;"scuola primaria ""l. nicolussi"" molveno";piazza scuole, 2 38018;molveno;461601125;ic.mezzolombardo@pec.provincia.tn.it;tnee82407g;https://www.vivoscuola.it/content/view/full/29590;https://it.wikipedia.org/wiki/Molveno;https://www.vivoscuola.it/content/view/full/29593;100.0
311;"scuola primaria ""san g. bosco"" spormaggiore";via alt spaur, 5 38010;spormaggiore;461601125;ic.mezzolombardo@pec.provincia.tn.it;tnee82408l;https://www.vivoscuola.it/content/view/full/29590;https://it.wikipedia.org/wiki/Spormaggiore;https://www.vivoscuola.it/content/view/full/29594;100.0
312;scuola primaria andalo;piazza s vito, 1 38010;andalo;461601125;ic.mezzolombardo@pec.provincia.tn.it;tnee82406e;https://www.vivoscuola.it/content/view/full/29590;https://it.wikipedia.org/wiki/Andalo;https://www.vivoscuola.it/content/view/full/29595;100.0
313;scuola primaria nave san rocco;piazza s rocco, 15 38010;terre d'adige;461601125;ic.mezzolombardo@pec.provincia.tn.it;tnee82403b;https://www.vivoscuola.it/content/view/full/29590;https://it.wikipedia.org/wiki/Terre_d%27Adige;https://www.vivoscuola.it/content/view/full/29596;100.0
314;"scuola secondaria di primo grado ""a. eccher dall'eco"" mezzolombardo";via degli alpini, 17 38017;mezzolombardo;461601125;ic.mezzolombardo@pec.provincia.tn.it;tnmm824018;https://www.vivoscuola.it/content/view/full/29590;https://it.wikipedia.org/wiki/Mezzolombardo;https://www.vivoscuola.it/content/view/full/29597;99.65986394557824
315;"scuola secondaria di primo grado ""c. battisti"" andalo";piazza s vito, 1 38010;andalo;461601125;ic.mezzolombardo@pec.provincia.tn.it;tnmm82403a;https://www.vivoscuola.it/content/view/full/29590;https://it.wikipedia.org/wiki/Andalo;https://www.vivoscuola.it/content/view/full/29598;100.0
316;scuola secondaria di primo grado spormaggiore;via alt spaur, 5 38010;spormaggiore;461601125;ic.mezzolombardo@pec.provincia.tn.it;tnmm82404b;https://www.vivoscuola.it/content/view/full/29590;https://it.wikipedia.org/wiki/Spormaggiore;https://www.vivoscuola.it/content/view/full/29599;100.0
317;scuola primaria mori;via scuole, 21 38065;mori;464918669;ic.mori@pec.provincia.tn.it;tnee84901n;https://www.vivoscuola.it/content/view/full/29600;https://it.wikipedia.org/wiki/Mori_(Italia);https://www.vivoscuola.it/content/view/full/29602;100.0
318;scuola primaria ronzo chienis;via del car, 38 38060;ronzo-chienis;464918669;ic.mori@pec.provincia.tn.it;tnee84903q;https://www.vivoscuola.it/content/view/full/29600;https://it.wikipedia.org/wiki/Ronzo-Chienis;https://www.vivoscuola.it/content/view/full/29603;100.0
319;"scuola secondaria di primo grado ""b. malfatti"" mori";via giovanni xxiii, 64 38065;mori;464918669;ic.mori@pec.provincia.tn.it;tnmm84901l;https://www.vivoscuola.it/content/view/full/29600;https://it.wikipedia.org/wiki/Mori_(Italia);https://www.vivoscuola.it/content/view/full/29604;99.62406015037594
320;"scuola primaria ""don l. milani"" pergine valsugana";via monte cristallo, 2 38057;pergine valsugana;461532261;ic.pergine1@pec.provincia.tn.it;tnee81402q;https://www.vivoscuola.it/content/view/full/29606;https://it.wikipedia.org/wiki/Pergine_Valsugana;https://www.vivoscuola.it/content/view/full/29607;100.0
321;scuola primaria canezza;via delle scuole, 4 38057;pergine valsugana;461532261;ic.pergine1@pec.provincia.tn.it;tnee81403r;https://www.vivoscuola.it/content/view/full/29606;https://it.wikipedia.org/wiki/Pergine_Valsugana;https://www.vivoscuola.it/content/view/full/29608;100.0
322;scuola primaria s.felice fierozzo;maso ronca, 1 38050;fierozzo;461532261;ic.pergine1@pec.provincia.tn.it;tnee81401p;https://www.vivoscuola.it/content/view/full/29606;https://it.wikipedia.org/wiki/Fierozzo;https://www.vivoscuola.it/content/view/full/29609;100.0
323;scuola primaria sant'orsola;localita pintarei, 21 38050;sant'orsola terme;461532261;ic.pergine1@pec.provincia.tn.it;tnee81406x;https://www.vivoscuola.it/content/view/full/29606;https://it.wikipedia.org/wiki/Sant%27Orsola_Terme;https://www.vivoscuola.it/content/view/full/29610;100.0
324;scuola primaria zivignago;via dei spiazzi, 3 38057;pergine valsugana;461532261;ic.pergine1@pec.provincia.tn.it;tnee814071;https://www.vivoscuola.it/content/view/full/29606;https://it.wikipedia.org/wiki/Pergine_Valsugana;https://www.vivoscuola.it/content/view/full/29611;100.0
325;"scuola secondaria di primo grado ""c. andreatta"" pergine valsugana";via caduti, 39 38057;pergine valsugana;461532261;ic.pergine1@pec.provincia.tn.it;tnmm81401n;https://www.vivoscuola.it/content/view/full/29606;https://it.wikipedia.org/wiki/Pergine_Valsugana;https://www.vivoscuola.it/content/view/full/29612;99.0506329113924
326;"scuola primaria ""g. rodari"" pergine valsugana";via chimelli, 10 38057;pergine valsugana;461512312;ic.pergine2@pec.provincia.tn.it;tnee81501e;https://www.vivoscuola.it/content/view/full/29613;https://it.wikipedia.org/wiki/Pergine_Valsugana;https://www.vivoscuola.it/content/view/full/29614;99.69325153374233
327;scuola primaria canale;viale delle nazioni unite, 44 38057;pergine valsugana;461512312;ic.pergine2@pec.provincia.tn.it;tnee81502g;https://www.vivoscuola.it/content/view/full/29613;https://it.wikipedia.org/wiki/Pergine_Valsugana;https://www.vivoscuola.it/content/view/full/29615;99.01960784313727
328;scuola primaria madrano;via d oltrefersina, 149 38057;pergine valsugana;461512312;ic.pergine2@pec.provincia.tn.it;tnee81504n;https://www.vivoscuola.it/content/view/full/29613;https://it.wikipedia.org/wiki/Pergine_Valsugana;https://www.vivoscuola.it/content/view/full/29616;100.0
329;scuola primaria susa';via don sopperra, 61 38057;pergine valsugana;461512312;ic.pergine2@pec.provincia.tn.it;tnee81503l;https://www.vivoscuola.it/content/view/full/29613;https://it.wikipedia.org/wiki/Pergine_Valsugana;https://www.vivoscuola.it/content/view/full/29617;100.0
330;"scuola secondaria di primo grado ""t. garbari"" pergine valsugana";via amstetten, 4 38057;pergine valsugana;461512312;ic.pergine2@pec.provincia.tn.it;tnmm81501d;https://www.vivoscuola.it/content/view/full/29613;https://it.wikipedia.org/wiki/Pergine_Valsugana;https://www.vivoscuola.it/content/view/full/29618;99.20424403183023
331;"scuola primaria ""g. manega"" tesero";via fia, 11/a 38038;tesero;462813197;ic.predazzo@pec.provincia.tn.it;tnee80804e;https://www.vivoscuola.it/content/view/full/29619;https://it.wikipedia.org/wiki/Tesero;https://www.vivoscuola.it/content/view/full/29620;100.0
332;"scuola primaria ""i. masia"" ziano di fiemme";piazza italia, 4 38030;ziano di fiemme;462571163;ic.predazzo@pec.provincia.tn.it;tnee80802c;https://www.vivoscuola.it/content/view/full/29619;https://it.wikipedia.org/wiki/Ziano_di_Fiemme;https://www.vivoscuola.it/content/view/full/29621;100.0
333;"scuola primaria ""m. morandini degasperi"" predazzo";corso degasperi, 8 38037;predazzo;462501131;ic.predazzo@pec.provincia.tn.it;tnee80801b;https://www.vivoscuola.it/content/view/full/29619;https://it.wikipedia.org/wiki/Predazzo;https://www.vivoscuola.it/content/view/full/29622;100.0
334;"scuola secondaria di primo grado ""g. alberti"" tesero";via fia, 11/a 38038;tesero;462501131;ic.predazzo@pec.provincia.tn.it;tnmm80802b;https://www.vivoscuola.it/content/view/full/29619;https://it.wikipedia.org/wiki/Tesero;https://www.vivoscuola.it/content/view/full/29623;100.0
335;"scuola secondaria di primo grado ""marzari pencati"" predazzo";via vardabasso, 3 38037;predazzo;462501131;ic.predazzo@pec.provincia.tn.it;tnmm80801a;https://www.vivoscuola.it/content/view/full/29619;https://it.wikipedia.org/wiki/Predazzo;https://www.vivoscuola.it/content/view/full/29624;100.0
336;"scuola primaria ""n. pernici"" riva del garda";viale pernici, 21 38066;riva del garda;464553088;riva1@pec.provincia.tn.it;tnee841013;https://www.vivoscuola.it/content/view/full/29625;https://it.wikipedia.org/wiki/Riva_del_Garda;https://www.vivoscuola.it/content/view/full/29626;99.2094861660079
337;scuola primaria nago torbole;via de bonetti,   38069;nago-torbole;464553088;riva1@pec.provincia.tn.it;tnee841035;https://www.vivoscuola.it/content/view/full/29625;https://it.wikipedia.org/wiki/Nago-Torbole;https://www.vivoscuola.it/content/view/full/29627;100.0
338;scuola primaria s. alessandro riva del garda;via s alessandro, 11 38066;riva del garda;464553088;riva1@pec.provincia.tn.it;tnee841057;https://www.vivoscuola.it/content/view/full/29625;https://it.wikipedia.org/wiki/Riva_del_Garda;https://www.vivoscuola.it/content/view/full/29628;100.0
339;"scuola secondaria di primo grado ""d. chiesa"" riva del garda";viale damiano chiesa, 10 38066;riva del garda;464553088;riva1@pec.provincia.tn.it;tnmm841012;https://www.vivoscuola.it/content/view/full/29625;https://it.wikipedia.org/wiki/Riva_del_Garda;https://www.vivoscuola.it/content/view/full/29630;98.5781990521327
340;"scuola primaria ""a. zadra"" rione degasperi riva del garda";largo caduti delle foibe, 3 38066;riva del garda;464552170;ic.riva2@pec.provincia.tn.it;tnee84201v;https://www.vivoscuola.it/content/view/full/29631;https://it.wikipedia.org/wiki/Riva_del_Garda;https://www.vivoscuola.it/content/view/full/29632;100.0
341;"scuola primaria ""g. fedrigoni"" varone riva del garda";piazza della chiesa, 13 38066;riva del garda;464552170;ic.riva2@pec.provincia.tn.it;tnee842031;https://www.vivoscuola.it/content/view/full/29631;https://it.wikipedia.org/wiki/Riva_del_Garda;https://www.vivoscuola.it/content/view/full/29633;100.0
342;"scuola primaria ""o. lucchi"" tenno";via dei laghi, 47 38060;tenno;464552170;ic.riva2@pec.provincia.tn.it;tnee84202x;https://www.vivoscuola.it/content/view/full/29631;https://it.wikipedia.org/wiki/Tenno;https://www.vivoscuola.it/content/view/full/29634;100.0
343;"scuola secondaria di primo grado ""s. sighele"" riva del garda";piazza contini, 8 38066;riva del garda;464552170;ic.riva2@pec.provincia.tn.it;tnmm84201t;https://www.vivoscuola.it/content/view/full/29631;https://it.wikipedia.org/wiki/Riva_del_Garda;https://www.vivoscuola.it/content/view/full/29635;99.0909090909091
344;"scuola primaria ""f. cavallin"" vallarsa raossi";frazione raossi,   38060;vallarsa;464433709;ic.roveretoest@pec.provincia.tn.it;tnee85306e;https://www.vivoscuola.it/content/view/full/29637;https://it.wikipedia.org/wiki/Vallarsa;https://www.vivoscuola.it/content/view/full/29638;100.0
345;"scuola primaria ""n. valduga"" terragnolo";frazione piazza di terragnolo, 18 38060;terragnolo;464433709;ic.roveretoest@pec.provincia.tn.it;tnee85304c;https://www.vivoscuola.it/content/view/full/29637;https://it.wikipedia.org/wiki/Terragnolo;https://www.vivoscuola.it/content/view/full/29639;100.0
346;"scuola primaria ""regina elena"" rovereto";via dante, 41 38068;rovereto;464433709;ic.roveretoest@pec.provincia.tn.it;tnee85302a;https://www.vivoscuola.it/content/view/full/29637;https://it.wikipedia.org/wiki/Rovereto;https://www.vivoscuola.it/content/view/full/29640;99.48320413436691
347;scuola primaria moscheri trambileno;frazione moscheri,   38068;trambileno;464433709;ic.roveretoest@pec.provincia.tn.it;tnee85305d;https://www.vivoscuola.it/content/view/full/29637;https://it.wikipedia.org/wiki/Trambileno;https://www.vivoscuola.it/content/view/full/29641;100.0
348;"scuola secondaria di primo grado ""d. chiesa"" rovereto";corso rosmini, 86 38068;rovereto;464433709;ic.roveretoest@pec.provincia.tn.it;tnmm853018;https://www.vivoscuola.it/content/view/full/29637;https://it.wikipedia.org/wiki/Rovereto;https://www.vivoscuola.it/content/view/full/29642;99.0
349;"scuola primaria ""d. chiesa"" noriglio";via romani,  42/1 38068;rovereto;464420759;ic.roveretonord@pec.provincia.tn.it;tnee85905c;https://www.vivoscuola.it/content/view/full/29643;https://it.wikipedia.org/wiki/Rovereto;https://www.vivoscuola.it/content/view/full/29644;100.0
350;"scuola primaria ""m. k. gandhi"" rovereto";via puccini, 22 38068;rovereto;464420759;ic.roveretonord@pec.provincia.tn.it;tnee85903a;https://www.vivoscuola.it/content/view/full/29643;https://it.wikipedia.org/wiki/Rovereto;https://www.vivoscuola.it/content/view/full/29645;99.64912280701755
351;"scuola secondaria di primo grado ""l. negrelli"" rovereto";corso bettini, 67 38068;rovereto;464420759;ic.roveretonord@pec.provincia.tn.it;tnmm859017;https://www.vivoscuola.it/content/view/full/29643;https://it.wikipedia.org/wiki/Rovereto;https://www.vivoscuola.it/content/view/full/29646;99.11242603550295
352;"scuola primaria ""a. rosmini"" marco";via ii novembre, 57 38068;rovereto;464420532;ic.roveretosud@pec.provincia.tn.it;tnee855033;https://www.vivoscuola.it/content/view/full/29647;https://it.wikipedia.org/wiki/Rovereto;https://www.vivoscuola.it/content/view/full/29648;100.0
353;"scuola primaria ""d. alighieri"" rovereto";via benacense, 32 38068;rovereto;464420532;ic.roveretosud@pec.provincia.tn.it;tnee855011;https://www.vivoscuola.it/content/view/full/29647;https://it.wikipedia.org/wiki/Rovereto;https://www.vivoscuola.it/content/view/full/29649;99.2156862745098
354;"scuola primaria ""f. guella"" lizzana";via piave,  18 38068;rovereto;464420532;ic.roveretosud@pec.provincia.tn.it;tnee855022;https://www.vivoscuola.it/content/view/full/29647;https://it.wikipedia.org/wiki/Rovereto;https://www.vivoscuola.it/content/view/full/29650;99.29078014184397
355;"scuola secondaria di primo grado ""f. halbherr"" rovereto";via livenza, 1 38068;rovereto;464420532;ic.roveretosud@pec.provincia.tn.it;tnmm85501x;https://www.vivoscuola.it/content/view/full/29647;https://it.wikipedia.org/wiki/Rovereto;https://www.vivoscuola.it/content/view/full/29651;99.71910112359551
356;"scuola primaria ""a. degasperi"" pieve tesino";via brigata abruzzi, 6 38050;pieve tesino;461762046;ic.strignotesino@pec.provincia.tn.it;tnee80102n;https://www.vivoscuola.it/content/view/full/29652;https://it.wikipedia.org/wiki/Pieve_Tesino;https://www.vivoscuola.it/content/view/full/29653;100.0
357;scuola primaria ospedaletto;via roma, 52 38050;ospedaletto;461762046;ic.strignotesino@pec.provincia.tn.it;tnee80108x;https://www.vivoscuola.it/content/view/full/29652;https://it.wikipedia.org/wiki/Ospedaletto;https://www.vivoscuola.it/content/view/full/29654;100.0
358;scuola primaria samone;via delle praele, 21 38059;samone;461762046;ic.strignotesino@pec.provincia.tn.it;tnee80104q;https://www.vivoscuola.it/content/view/full/29652;https://it.wikipedia.org/wiki/Samone_(Trentino-Alto_Adige);https://www.vivoscuola.it/content/view/full/29655;100.0
359;scuola primaria scurelle;via xv agosto, 68 38050;scurelle;461762046;ic.strignotesino@pec.provincia.tn.it;tnee80105r;https://www.vivoscuola.it/content/view/full/29652;https://it.wikipedia.org/wiki/Scurelle;https://www.vivoscuola.it/content/view/full/29656;100.0
360;scuola primaria strigno;piazza iv novembre - strigno, 12/a 38059;castel ivano;461762046;ic.strignotesino@pec.provincia.tn.it;tnee80106t;https://www.vivoscuola.it/content/view/full/29652;https://it.wikipedia.org/wiki/Castel_Ivano_(comune);https://www.vivoscuola.it/content/view/full/29657;100.0
361;scuola primaria villa agnedo;via dei molini - agnedo, 36 38059;castel ivano;461762046;ic.strignotesino@pec.provincia.tn.it;tnee80107v;https://www.vivoscuola.it/content/view/full/29652;https://it.wikipedia.org/wiki/Castel_Ivano_(comune);https://www.vivoscuola.it/content/view/full/29658;100.0
362;"scuola secondaria di primo grado ""o. brentari"" strigno";via roma - strigno, 14 38059;castel ivano;461762046;ic.strignotesino@pec.provincia.tn.it;tnmm80102l;https://www.vivoscuola.it/content/view/full/29652;https://it.wikipedia.org/wiki/Castel_Ivano_(comune);https://www.vivoscuola.it/content/view/full/29659;98.35164835164835
363;scuola secondaria di primo grado castello tesino;via battisti, 2 38053;castello tesino;461762046;ic.strignotesino@pec.provincia.tn.it;tnmm80101g;https://www.vivoscuola.it/content/view/full/29652;https://it.wikipedia.org/wiki/Castello_Tesino;https://www.vivoscuola.it/content/view/full/29660;100.0
364;"scuola primaria ""mons. a. negri"" tres";via nazionale -tres, 12 38012;predaia;463468193;ic.taio@pec.provincia.tn.it;tnee826055;https://www.vivoscuola.it/content/view/full/29661;https://it.wikipedia.org/wiki/Predaia;https://www.vivoscuola.it/content/view/full/29662;100.0
365;scuola primaria coredo;via delle scuole - coredo,  6 38012;predaia;463468193;ic.taio@pec.provincia.tn.it;tnee826011;https://www.vivoscuola.it/content/view/full/29661;https://it.wikipedia.org/wiki/Predaia;https://www.vivoscuola.it/content/view/full/29663;100.0
366;scuola primaria taio;via heroldsberg - taio, 5 38012;predaia;463468193;ic.taio@pec.provincia.tn.it;tnee826033;https://www.vivoscuola.it/content/view/full/29661;https://it.wikipedia.org/wiki/Predaia;https://www.vivoscuola.it/content/view/full/29664;100.0
367;"scuola secondaria di primo grado ""f. barbacovi"" coredo";via delle scuole - coredo,  6 38012;predaia;463468193;ic.taio@pec.provincia.tn.it;tnmm826021;https://www.vivoscuola.it/content/view/full/29661;https://it.wikipedia.org/wiki/Predaia;https://www.vivoscuola.it/content/view/full/29665;100.0
368;"scuola secondaria di primo grado ""f. barbacovi"" taio";via degli alpini - taio, 17 38012;predaia;463468193;ic.taio@pec.provincia.tn.it;tnmm82601x;https://www.vivoscuola.it/content/view/full/29661;https://it.wikipedia.org/wiki/Predaia;https://www.vivoscuola.it/content/view/full/29666;100.0
369;"scuola primaria ""a. prandini"" roncone";via iii novembre - roncone, 22 38087;sella giudicarie;465321053;ic.tione@pec.provincia.tn.it;tnee83605q;https://www.vivoscuola.it/content/view/full/29667;https://it.wikipedia.org/wiki/Sella_Giudicarie;https://www.vivoscuola.it/content/view/full/29668;100.0
370;scuola primaria bondo-breguzzo;via indipendenza - bondo, 105 38087;sella giudicarie;465321053;ic.tione@pec.provincia.tn.it;tnee83601g;https://www.vivoscuola.it/content/view/full/29667;https://it.wikipedia.org/wiki/Sella_Giudicarie;https://www.vivoscuola.it/content/view/full/29669;100.0
371;scuola primaria ragoli;via roma - ragoli, 5 38070;tre ville;465321053;ic.tione@pec.provincia.tn.it;tnee83602l;https://www.vivoscuola.it/content/view/full/29667;https://it.wikipedia.org/wiki/Tre_Ville;https://www.vivoscuola.it/content/view/full/29670;100.0
372;scuola primaria tione di trento;via pinzolo, 2 38079;tione di trento;465321053;ic.tione@pec.provincia.tn.it;tnee83603n;https://www.vivoscuola.it/content/view/full/29667;https://it.wikipedia.org/wiki/Tione_di_Trento;https://www.vivoscuola.it/content/view/full/29671;100.0
373;scuola primaria zuclo;via fucina - zuclo, 10 38079;borgo lares;465321053;ic.tione@pec.provincia.tn.it;tnee83604p;https://www.vivoscuola.it/content/view/full/29667;https://it.wikipedia.org/wiki/Borgo_Lares;https://www.vivoscuola.it/content/view/full/29672;100.0
374;"scuola secondaria di primo grado ""legione trentina"" tione di trento";via circonvallazione, 44 38079;tione di trento;465321053;ic.tione@pec.provincia.tn.it;tnmm83601e;https://www.vivoscuola.it/content/view/full/29667;https://it.wikipedia.org/wiki/Tione_di_Trento;https://www.vivoscuola.it/content/view/full/29673;99.50738916256158
375;scuola secondaria di primo grado roncone;via iii novembre - roncone, 22/a 38087;sella giudicarie;465321053;ic.tione@pec.provincia.tn.it;tnmm83602g;https://www.vivoscuola.it/content/view/full/29667;https://it.wikipedia.org/wiki/Sella_Giudicarie;https://www.vivoscuola.it/content/view/full/29674;97.5609756097561
376;"scuola primaria ""g. a. tomasi"" villazzano";piazza monsignor nicolini,  7 38123;trento;461912740;ic.trento1@pec.provincia.tn.it;tnee81902v;https://www.vivoscuola.it/content/view/full/29675;https://it.wikipedia.org/wiki/Trento;https://www.vivoscuola.it/content/view/full/29676;100.0
377;"scuola primaria ""u. moggioli"" povo";via dei rivi, 6 38123;trento;461912740;ic.trento1@pec.provincia.tn.it;tnee81901t;https://www.vivoscuola.it/content/view/full/29675;https://it.wikipedia.org/wiki/Trento;https://www.vivoscuola.it/content/view/full/29677;99.47643979057592
378;"scuola secondaria di primo grado ""g. pascoli"" povo";via znojmo, 24 38123;trento;461912740;ic.trento1@pec.provincia.tn.it;tnmm81901r;https://www.vivoscuola.it/content/view/full/29675;https://it.wikipedia.org/wiki/Trento;https://www.vivoscuola.it/content/view/full/29678;98.88059701492537
379;"scuola primaria ""e. bernardi"" cognola";via ponte alto, 2/1 38121;trento;461982113;ic.comenius@pec.provincia.tn.it;tnee820012;https://www.vivoscuola.it/content/view/full/29679;https://it.wikipedia.org/wiki/Trento;https://www.vivoscuola.it/content/view/full/29680;99.65156794425087
380;"scuola primaria ""r. belenzani"" s.vito";via s vito, 169 38121;trento;461982113;ic.comenius@pec.provincia.tn.it;tnee820045;https://www.vivoscuola.it/content/view/full/29679;https://it.wikipedia.org/wiki/Trento;https://www.vivoscuola.it/content/view/full/29681;100.0
381;"scuola primaria ""r. zandonai"" martignano";piazza menghin,  1 38121;trento;461982113;ic.comenius@pec.provincia.tn.it;tnee820034;https://www.vivoscuola.it/content/view/full/29679;https://it.wikipedia.org/wiki/Trento;https://www.vivoscuola.it/content/view/full/29682;100.0
382;scuola primaria casa serena;via alle campanelle, 23 38121;trento;461982113;ic.comenius@pec.provincia.tn.it;tnee820023;https://www.vivoscuola.it/content/view/full/29679;https://it.wikipedia.org/wiki/Trento;https://www.vivoscuola.it/content/view/full/29683;
383;"scuola secondaria di primo grado ""argentario"" trento";via ponte alto, 2/1 38121;trento;461982113;ic.comenius@pec.provincia.tn.it;tnmm820011;https://www.vivoscuola.it/content/view/full/29679;https://it.wikipedia.org/wiki/Trento;https://www.vivoscuola.it/content/view/full/29684;99.17582417582418
384;"scuola primaria ""a. nicolodi"" trento";via fogazzaro, 2 38122;trento;4611825610;ic.trento3@pec.provincia.tn.it;tnee85604x;https://www.vivoscuola.it/content/view/full/29685;https://it.wikipedia.org/wiki/Trento;https://www.vivoscuola.it/content/view/full/29686;100.0
385;"scuola primaria ""d. savio"" trento";via s pio x, 103 38122;trento;4611825610;ic.trento3@pec.provincia.tn.it;tnee85601r;https://www.vivoscuola.it/content/view/full/29685;https://it.wikipedia.org/wiki/Trento;https://www.vivoscuola.it/content/view/full/29687;98.9795918367347
386;"scuola primaria ""g. b. de gaspari"" trento";via zandonai, 4 38122;trento;4611825610;ic.trento3@pec.provincia.tn.it;tnee85602t;https://www.vivoscuola.it/content/view/full/29685;https://it.wikipedia.org/wiki/Trento;https://www.vivoscuola.it/content/view/full/29688;100.0
387;scuola primaria ravina;via delle masere, 5 38123;trento;4611825610;ic.trento3@pec.provincia.tn.it;tnee85603v;https://www.vivoscuola.it/content/view/full/29685;https://it.wikipedia.org/wiki/Trento;https://www.vivoscuola.it/content/view/full/29689;99.30555555555556
388;"scuola secondaria di primo grado ""bronzetti - segantini"" trento";via vittorio veneto, 61 38122;trento;4611825610;ic.trento3@pec.provincia.tn.it;tnmm85601q;https://www.vivoscuola.it/content/view/full/29685;https://it.wikipedia.org/wiki/Trento;https://www.vivoscuola.it/content/view/full/29690;97.68041237113401
389;scuola primaria clarina trento;via einaudi, 13 38123;trento;461920316;ic.trento4@pec.provincia.tn.it;tnee85701l;https://www.vivoscuola.it/content/view/full/29691;https://it.wikipedia.org/wiki/Trento;https://www.vivoscuola.it/content/view/full/29692;99.64539007092199
390;scuola primaria localita' madonna bianca trento;piazzale europa, 4 38123;trento;461920316;ic.trento4@pec.provincia.tn.it;tnee85702n;https://www.vivoscuola.it/content/view/full/29691;https://it.wikipedia.org/wiki/Trento;https://www.vivoscuola.it/content/view/full/29693;100.0
391;scuola primaria ospedale infantile trento;largo medaglie d oro, 9 38122;trento;461920316;ic.trento4@pec.provincia.tn.it;tnee85703p;https://www.vivoscuola.it/content/view/full/29691;https://it.wikipedia.org/wiki/Trento;https://www.vivoscuola.it/content/view/full/29694;
392;"scuola secondaria di primo grado ""o. winkler"" trento";viale degli olmi, 22 38123;trento;461920316;ic.trento4@pec.provincia.tn.it;tnmm85701g;https://www.vivoscuola.it/content/view/full/29691;https://it.wikipedia.org/wiki/Trento;https://www.vivoscuola.it/content/view/full/29695;98.82352941176471
393;"scuola primaria ""a. gorfer"" trento";via dei solteri, 22 38121;trento;461821434;ic.tn5@pec.provincia.tn.it;tnee85204l;https://www.vivoscuola.it/content/view/full/29697;https://it.wikipedia.org/wiki/Trento;https://www.vivoscuola.it/content/view/full/29698;99.65397923875432
394;"scuola primaria ""f. crispi"" trento";via s giovanni bosco, 8 38122;trento;461263331;ic.tn5@pec.provincia.tn.it;tnee85202e;https://www.vivoscuola.it/content/view/full/29697;https://it.wikipedia.org/wiki/Trento;https://www.vivoscuola.it/content/view/full/29699;100.0
395;"scuola primaria ""r. sanzio"" trento";piazza sanzio, 13 38122;trento;461233896;ic.tn5@pec.provincia.tn.it;tnee85201d;https://www.vivoscuola.it/content/view/full/29697;https://it.wikipedia.org/wiki/Trento;https://www.vivoscuola.it/content/view/full/29700;100.0
396;"scuola secondaria di primo grado ""g. bresadola"" trento";via al torrione, 2 38122;trento;461986634;ic.tn5@pec.provincia.tn.it;tnmm85201c;https://www.vivoscuola.it/content/view/full/29697;https://it.wikipedia.org/wiki/Trento;https://www.vivoscuola.it/content/view/full/29702;98.78296146044624
397;"scuola primaria ""a. degasperi"" sardagna";via della toresèla, 1 38123;trento;461236214;ic.trento6@pec.provincia.tn.it;tnee85806n;https://www.vivoscuola.it/content/view/full/29703;https://it.wikipedia.org/wiki/Trento;https://www.vivoscuola.it/content/view/full/29704;100.0
398;"scuola primaria ""a. schmid"" cristo re trento";via schmid, 4 38121;trento;461236214;ic.trento6@pec.provincia.tn.it;tnee85802d;https://www.vivoscuola.it/content/view/full/29703;https://it.wikipedia.org/wiki/Trento;https://www.vivoscuola.it/content/view/full/29705;100.0
399;"scuola primaria ""beato s. bellesini"" trento";via stoppani, 3 38121;trento;461236214;ic.trento6@pec.provincia.tn.it;tnee85801c;https://www.vivoscuola.it/content/view/full/29703;https://it.wikipedia.org/wiki/Trento;https://www.vivoscuola.it/content/view/full/29706;
400;"scuola primaria ""s. pertini"" sopramonte";via canelli - sopramonte, 1 38123;trento;461236214;ic.trento6@pec.provincia.tn.it;tnee85805l;https://www.vivoscuola.it/content/view/full/29703;https://it.wikipedia.org/wiki/Trento;https://www.vivoscuola.it/content/view/full/29707;100.0
401;"scuola primaria ""san vigilio"" vela";localita la vela, 3 38121;trento;461236214;ic.trento6@pec.provincia.tn.it;tnee85803e;https://www.vivoscuola.it/content/view/full/29703;https://it.wikipedia.org/wiki/Trento;https://www.vivoscuola.it/content/view/full/29708;100.0
402;scuola primaria cadine;via di coltura, 7 38123;trento;461236214;ic.trento6@pec.provincia.tn.it;tnee85804g;https://www.vivoscuola.it/content/view/full/29703;https://it.wikipedia.org/wiki/Trento;https://www.vivoscuola.it/content/view/full/29709;100.0
403;"scuola secondaria di primo grado ""a. manzoni"" trento";corso buonarroti, 50 38122;trento;461236214;ic.trento6@pec.provincia.tn.it;tnmm85801b;https://www.vivoscuola.it/content/view/full/29703;https://it.wikipedia.org/wiki/Trento;https://www.vivoscuola.it/content/view/full/29710;98.75
404;"scuola primaria ""e. de carli"" meano";via delle tre croci, 40 38121;trento;461990287;ic.trento7@pec.provincia.tn.it;tnee85101n;https://www.vivoscuola.it/content/view/full/29711;https://it.wikipedia.org/wiki/Trento;https://www.vivoscuola.it/content/view/full/29712;100.0
405;"scuola primaria ""i. calvino"" vigo meano";via alle oselere,   38121;trento;461990287;ic.trento7@pec.provincia.tn.it;tnee85102p;https://www.vivoscuola.it/content/view/full/29711;https://it.wikipedia.org/wiki/Trento;https://www.vivoscuola.it/content/view/full/29713;100.0
406;"scuola primaria ""pigarelli"" gardolo trento";via iv novembre, 42/1 38121;trento;461990287;ic.trento7@pec.provincia.tn.it;tnee85103q;https://www.vivoscuola.it/content/view/full/29711;https://it.wikipedia.org/wiki/Trento;https://www.vivoscuola.it/content/view/full/29714;100.0
407;"scuola primaria ""s. anna"" gardolo trento";via s anna, 3 38121;trento;461990287;ic.trento7@pec.provincia.tn.it;tnee85104r;https://www.vivoscuola.it/content/view/full/29711;https://it.wikipedia.org/wiki/Trento;https://www.vivoscuola.it/content/view/full/29715;100.0
408;"scuola secondaria di primo grado ""s. pedrolli"" gardolo trento";via iv novembre, 35/1 38121;trento;461990287;ic.trento7@pec.provincia.tn.it;tnmm85101l;https://www.vivoscuola.it/content/view/full/29711;https://it.wikipedia.org/wiki/Trento;https://www.vivoscuola.it/content/view/full/29716;98.9247311827957
409;"scuola primaria ""g. b. righi"" madonna di campiglio";via serafini - madonna di campiglio, 9 38070;tre ville;465501139;ic.valrendena@pec.provincia.tn.it;tnee834054;https://www.vivoscuola.it/content/view/full/29717;https://it.wikipedia.org/wiki/Tre_Ville;https://www.vivoscuola.it/content/view/full/29718;100.0
410;"scuola primaria ""n. bolognini"" pinzolo";via collini borciol, 18 38086;pinzolo;465501139;ic.valrendena@pec.provincia.tn.it;tnee834043;https://www.vivoscuola.it/content/view/full/29717;https://it.wikipedia.org/wiki/Pinzolo;https://www.vivoscuola.it/content/view/full/29719;100.0
411;"scuola primaria ""s. massari"" spiazzo";frazione fisto,  112 38088;spiazzo;465501139;ic.valrendena@pec.provincia.tn.it;tnee834065;https://www.vivoscuola.it/content/view/full/29717;https://it.wikipedia.org/wiki/Spiazzo;https://www.vivoscuola.it/content/view/full/29720;100.0
412;"scuola primaria ""t. giustina"" caderzone";via regina elena, 43 38080;caderzone terme;465501139;ic.valrendena@pec.provincia.tn.it;tnee83401x;https://www.vivoscuola.it/content/view/full/29717;https://it.wikipedia.org/wiki/Caderzone_Terme;https://www.vivoscuola.it/content/view/full/29721;100.0
413;"scuola primaria ""v. gabriotti"" giustino";via presanella, 23 38086;giustino;465501139;ic.valrendena@pec.provincia.tn.it;tnee834032;https://www.vivoscuola.it/content/view/full/29717;https://it.wikipedia.org/wiki/Giustino_(Italia);https://www.vivoscuola.it/content/view/full/29722;100.0
414;scuola primaria carisolo;via verdi, 18/b 38080;carisolo;465501139;ic.valrendena@pec.provincia.tn.it;tnee834021;https://www.vivoscuola.it/content/view/full/29717;https://it.wikipedia.org/wiki/Carisolo;https://www.vivoscuola.it/content/view/full/29723;100.0
415;scuola primaria dare';via dare - dare, 111 38080;porte di rendena;465501139;ic.valrendena@pec.provincia.tn.it;tnee834076;https://www.vivoscuola.it/content/view/full/29717;https://it.wikipedia.org/wiki/Porte_di_Rendena;https://www.vivoscuola.it/content/view/full/29724;100.0
416;"scuola secondaria di primo grado ""b. de averaria"" spiazzo";frazione fisto,  112 38088;spiazzo;465501139;ic.valrendena@pec.provincia.tn.it;tnmm83402x;https://www.vivoscuola.it/content/view/full/29717;https://it.wikipedia.org/wiki/Spiazzo;https://www.vivoscuola.it/content/view/full/29725;100.0
417;"scuola secondaria di primo grado ""g. b. righi"" madonna di campiglio";via serafini - madonna di campiglio, 9 38070;tre ville;465501139;ic.valrendena@pec.provincia.tn.it;tnmm834031;https://www.vivoscuola.it/content/view/full/29717;https://it.wikipedia.org/wiki/Tre_Ville;https://www.vivoscuola.it/content/view/full/29726;100.0
418;"scuola secondaria di primo grado ""l. da vinci"" pinzolo";via collini borciol, 18 38086;pinzolo;465501139;ic.valrendena@pec.provincia.tn.it;tnmm83401v;https://www.vivoscuola.it/content/view/full/29717;https://it.wikipedia.org/wiki/Pinzolo;https://www.vivoscuola.it/content/view/full/29727;100.0
419;scuola primaria calavino;piazza maria assunta - calavino, 1 38076;madruzzo;461864026;ic.valledeilaghi@pec.provincia.tn.it;tnee84405p;https://www.vivoscuola.it/content/view/full/29728;https://it.wikipedia.org/wiki/Madruzzo_(Italia);https://www.vivoscuola.it/content/view/full/29729;100.0
420;scuola primaria cavedine;via don negri, 21 38073;cavedine;461864026;ic.valledeilaghi@pec.provincia.tn.it;tnee84406q;https://www.vivoscuola.it/content/view/full/29728;https://it.wikipedia.org/wiki/Cavedine;https://www.vivoscuola.it/content/view/full/29730;100.0
421;scuola primaria dro;piazza repubblica,  1 38074;dro;461864026;ic.valledeilaghi@pec.provincia.tn.it;tnee84409v;https://www.vivoscuola.it/content/view/full/29728;https://it.wikipedia.org/wiki/Dro;https://www.vivoscuola.it/content/view/full/29731;100.0
422;scuola primaria pietramurata;piazza mercato,   38074;dro;461864026;ic.valledeilaghi@pec.provincia.tn.it;tnee844101;https://www.vivoscuola.it/content/view/full/29728;https://it.wikipedia.org/wiki/Dro;https://www.vivoscuola.it/content/view/full/29732;100.0
423;scuola primaria sarche calavino;via caffaro - sarche - calavino, 2 38076;madruzzo;461864026;ic.valledeilaghi@pec.provincia.tn.it;tnee84401e;https://www.vivoscuola.it/content/view/full/29728;https://it.wikipedia.org/wiki/Madruzzo_(Italia);https://www.vivoscuola.it/content/view/full/29733;98.78048780487805
424;scuola primaria terlago;via degasperi - terlago, 5 38070;vallelaghi;461864026;ic.valledeilaghi@pec.provincia.tn.it;tnee84402g;https://www.vivoscuola.it/content/view/full/29728;https://it.wikipedia.org/wiki/Vallelaghi;https://www.vivoscuola.it/content/view/full/29734;98.9247311827957
425;scuola primaria vezzano;via roma - vezzano, 3 38070;vallelaghi;461864026;ic.valledeilaghi@pec.provincia.tn.it;tnee84403l;https://www.vivoscuola.it/content/view/full/29728;https://it.wikipedia.org/wiki/Vallelaghi;https://www.vivoscuola.it/content/view/full/29735;100.0
426;scuola primaria vigo cavedine;via don negri, 21 38073;cavedine;461864026;ic.valledeilaghi@pec.provincia.tn.it;tnee84407r;https://www.vivoscuola.it/content/view/full/29728;https://it.wikipedia.org/wiki/Cavedine;https://www.vivoscuola.it/content/view/full/29736;
427;"scuola secondaria di primo grado ""c. madruzzo"" cavedine";via xxv aprile, 7 38073;cavedine;461864026;ic.valledeilaghi@pec.provincia.tn.it;tnmm84402e;https://www.vivoscuola.it/content/view/full/29728;https://it.wikipedia.org/wiki/Cavedine;https://www.vivoscuola.it/content/view/full/29737;100.0
428;"scuola secondaria di primo grado ""nuova europa"" dro";via s antonio, 17 38074;dro;461864026;ic.valledeilaghi@pec.provincia.tn.it;tnmm84403g;https://www.vivoscuola.it/content/view/full/29728;https://it.wikipedia.org/wiki/Dro;https://www.vivoscuola.it/content/view/full/29738;99.56709956709958
429;"scuola secondaria di primo grado ""s. bellesini"" vezzano";via roma - vezzano, 3 38070;vallelaghi;461864026;ic.valledeilaghi@pec.provincia.tn.it;tnmm84401d;https://www.vivoscuola.it/content/view/full/29728;https://it.wikipedia.org/wiki/Vallelaghi;https://www.vivoscuola.it/content/view/full/29739;97.75280898876404
430;"scuola primaria ""o. ferrari"" enguiso";via dei concei - enguiso - concei, 27 38067;ledro;464592800;ic.vallediledro@pec.provincia.tn.it;tnee80601q;https://www.vivoscuola.it/content/view/full/29740;https://it.wikipedia.org/wiki/Ledro;https://www.vivoscuola.it/content/view/full/29741;100.0
431;scuola primaria molina di ledro;via sartori - molina di ledro, 27 38067;ledro;464592800;ic.vallediledro@pec.provincia.tn.it;tnee80602r;https://www.vivoscuola.it/content/view/full/29740;https://it.wikipedia.org/wiki/Ledro;https://www.vivoscuola.it/content/view/full/29742;98.27586206896551
432;scuola primaria tiarno di sopra;piazza milin - tiarno di sopra, 14 38067;ledro;464592800;ic.vallediledro@pec.provincia.tn.it;tnee80603t;https://www.vivoscuola.it/content/view/full/29740;https://it.wikipedia.org/wiki/Ledro;https://www.vivoscuola.it/content/view/full/29743;100.0
433;"scuola secondaria di primo grado ""g. garibaldi"" bezzecca";via falcone e borsellino - bezzecca, 2 38067;ledro;464592800;ic.vallediledro@pec.provincia.tn.it;tnmm80601p;https://www.vivoscuola.it/content/view/full/29740;https://it.wikipedia.org/wiki/Ledro;https://www.vivoscuola.it/content/view/full/29744;100.0
434;"scuola primaria ""a. fogazzaro"" vattaro";via venezia - bosentino, 12/a 38049;altopiano della vigolana;461848878;ic.vigolovattaro@pec.provincia.tn.it;tnee803029;https://www.vivoscuola.it/content/view/full/29745;https://it.wikipedia.org/wiki/Altopiano_della_Vigolana;https://www.vivoscuola.it/content/view/full/29746;100.0
435;"scuola primaria ""don t. segnana"" centa san nicolo'";via don rossi - centa san nicolo, 4 38049;altopiano della vigolana;461848878;ic.vigolovattaro@pec.provincia.tn.it;tnee80303a;https://www.vivoscuola.it/content/view/full/29745;https://it.wikipedia.org/wiki/Altopiano_della_Vigolana;https://www.vivoscuola.it/content/view/full/29747;100.0
436;scuola primaria vigolo vattaro;via garibaldi - vigolo vattaro, 8 38049;altopiano della vigolana;461848878;ic.vigolovattaro@pec.provincia.tn.it;tnee803018;https://www.vivoscuola.it/content/view/full/29745;https://it.wikipedia.org/wiki/Altopiano_della_Vigolana;https://www.vivoscuola.it/content/view/full/29748;100.0
437;scuola secondaria di primo grado vigolo vattaro;via garibaldi - vigolo vattaro, 8 38049;altopiano della vigolana;461848878;ic.vigolovattaro@pec.provincia.tn.it;tnmm803017;https://www.vivoscuola.it/content/view/full/29745;https://it.wikipedia.org/wiki/Altopiano_della_Vigolana;https://www.vivoscuola.it/content/view/full/29749;100.0
438;"scuola primaria ""l. vicentini"" nomi";via romani, 12 38060;nomi;464411312;ic.villalagarina@pec.provincia.tn.it;tnee84606b;https://www.vivoscuola.it/content/view/full/29750;https://it.wikipedia.org/wiki/Nomi_(Italia);https://www.vivoscuola.it/content/view/full/29751;100.0
439;"scuola primaria ""p. lodron"" villa lagarina";via stockstadt am rhein, 9 38060;villa lagarina;464411312;ic.villalagarina@pec.provincia.tn.it;tnee846038;https://www.vivoscuola.it/content/view/full/29750;https://it.wikipedia.org/wiki/Villa_Lagarina;https://www.vivoscuola.it/content/view/full/29752;100.0
440;"scuola primaria ""r. galvagni"" pomarolo";piazzale colonello angheben, 5 38060;pomarolo;464411312;ic.villalagarina@pec.provincia.tn.it;tnee846027;https://www.vivoscuola.it/content/view/full/29750;https://it.wikipedia.org/wiki/Pomarolo;https://www.vivoscuola.it/content/view/full/29753;100.0
441;scuola primaria nogaredo;via verdi, 44 38060;nogaredo;464411312;ic.villalagarina@pec.provincia.tn.it;tnee846016;https://www.vivoscuola.it/content/view/full/29750;https://it.wikipedia.org/wiki/Nogaredo;https://www.vivoscuola.it/content/view/full/29754;100.0
442;"scuola secondaria di primo grado ""a. frank"" villa lagarina";via stockstadt am rhein, 3 38060;villa lagarina;464411312;ic.villalagarina@pec.provincia.tn.it;tnmm846015;https://www.vivoscuola.it/content/view/full/29750;https://it.wikipedia.org/wiki/Villa_Lagarina;https://www.vivoscuola.it/content/view/full/29755;98.44357976653697
443;capes - settore servizi;via ziehl, 5 38056;levico terme;461706294;ifpa.levicoterme@pec.provincia.tn.it;tncf010001;https://www.vivoscuola.it/content/view/full/29858;https://it.wikipedia.org/wiki/Levico_Terme;https://www.vivoscuola.it/content/view/full/170208;100.0
444;settore industria e artigianato;via ziehl, 5 38056;levico terme;461706294;ifpa.levicoterme@pec.provincia.tn.it;tncf010001;https://www.vivoscuola.it/content/view/full/29858;https://it.wikipedia.org/wiki/Levico_Terme;https://www.vivoscuola.it/content/view/full/122612;100.0
445;settore servizi;via ziehl, 5 38056;levico terme;461706294;ifpa.levicoterme@pec.provincia.tn.it;tncf010001;https://www.vivoscuola.it/content/view/full/29858;https://it.wikipedia.org/wiki/Levico_Terme;https://www.vivoscuola.it/content/view/full/29859;76.88679245283019
446;settore servizi serale;via ziehl, 5 38056;levico terme;461706294;ifpa.levicoterme@pec.provincia.tn.it;;https://www.vivoscuola.it/content/view/full/29858;https://it.wikipedia.org/wiki/Levico_Terme;https://www.vivoscuola.it/content/view/full/76225;59.64912280701754
447;capes - settore servizi;viale dei colli, 17 38068;rovereto;464439164;ifpa.rovereto@pec.provincia.tn.it;tncf011001;https://www.vivoscuola.it/content/view/full/29861;https://it.wikipedia.org/wiki/Rovereto;https://www.vivoscuola.it/content/view/full/170209;91.30434782608695
448;settore industria e artigianato;viale dei colli, 17 38068;rovereto;464439164;ifpa.rovereto@pec.provincia.tn.it;tncf011001;https://www.vivoscuola.it/content/view/full/29861;https://it.wikipedia.org/wiki/Rovereto;https://www.vivoscuola.it/content/view/full/92004;80.89887640449437
449;settore servizi;viale dei colli, 17 38068;rovereto;464439164;ifpa.rovereto@pec.provincia.tn.it;tncf011001;https://www.vivoscuola.it/content/view/full/29861;https://it.wikipedia.org/wiki/Rovereto;https://www.vivoscuola.it/content/view/full/29862;78.81773399014779
450;settore servizi serale;viale dei colli, 17 38068;rovereto;464439164;ifpa.rovereto@pec.provincia.tn.it;;https://www.vivoscuola.it/content/view/full/29861;https://it.wikipedia.org/wiki/Rovereto;https://www.vivoscuola.it/content/view/full/29863;48.717948717948715
451;capes - settore servizi;viale verona, 141 38123;trento;461933147;ifp.trento@pec.provincia.tn.it;tncf012001;https://www.vivoscuola.it/content/view/full/29864;https://it.wikipedia.org/wiki/Trento;https://www.vivoscuola.it/content/view/full/170210;100.0
452;settore industria e artigianato;via asiago, 14 38123;trento;461933147;ifp.trento@pec.provincia.tn.it;tnfp268sta;https://www.vivoscuola.it/content/view/full/29864;https://it.wikipedia.org/wiki/Trento;https://www.vivoscuola.it/content/view/full/29865;82.35294117647058
453;settore industria e artigianato serale;via asiago, 14 38123;trento;461933147;ifp.trento@pec.provincia.tn.it;;https://www.vivoscuola.it/content/view/full/29864;https://it.wikipedia.org/wiki/Trento;https://www.vivoscuola.it/content/view/full/29866;95.0
454;settore servizi;viale verona, 141 38123;trento;461933147;ifp.trento@pec.provincia.tn.it;tncf012001;https://www.vivoscuola.it/content/view/full/29864;https://it.wikipedia.org/wiki/Trento;https://www.vivoscuola.it/content/view/full/29867;82.84313725490196
455;settore servizi serale;viale verona, 141 38123;trento;461933147;ifp.trento@pec.provincia.tn.it;;https://www.vivoscuola.it/content/view/full/29864;https://it.wikipedia.org/wiki/Trento;https://www.vivoscuola.it/content/view/full/29868;62.637362637362635
456;educazione per adulti relativa al primo ciclo;via xxiv maggio, 7 38051;borgo valsugana;461753647;degasperi@pec.provincia.tn.it;tnct708006;https://www.vivoscuola.it/content/view/full/29760;https://it.wikipedia.org/wiki/Borgo_Valsugana;https://www.vivoscuola.it/content/view/full/29761;30.0
457;istituto professionale per i servizi sanitari serale;via xxiv maggio, 7 38051;borgo valsugana;461753647;degasperi@pec.provincia.tn.it;tntd002505;https://www.vivoscuola.it/content/view/full/29760;https://it.wikipedia.org/wiki/Borgo_Valsugana;https://www.vivoscuola.it/content/view/full/29762;32.6530612244898
458;istituto tecnico per il settore economico;via xxiv maggio, 7 38051;borgo valsugana;461753647;degasperi@pec.provincia.tn.it;tntd00201r;https://www.vivoscuola.it/content/view/full/29760;https://it.wikipedia.org/wiki/Borgo_Valsugana;https://www.vivoscuola.it/content/view/full/29763;96.9298245614035
459;istituto tecnico per il settore economico serale;via xxiv maggio, 7 38051;borgo valsugana;461753647;degasperi@pec.provincia.tn.it;tntd002505;https://www.vivoscuola.it/content/view/full/29760;https://it.wikipedia.org/wiki/Borgo_Valsugana;https://www.vivoscuola.it/content/view/full/29764;34.61538461538461
460;istituto tecnico per il settore tecnologico;via xxiv maggio, 7 38051;borgo valsugana;461753647;degasperi@pec.provincia.tn.it;tntd00201r;https://www.vivoscuola.it/content/view/full/29760;https://it.wikipedia.org/wiki/Borgo_Valsugana;https://www.vivoscuola.it/content/view/full/29765;96.5909090909091
461;istituto tecnico per il settore tecnologico serale;via xxiv maggio, 7 38051;borgo valsugana;461753647;degasperi@pec.provincia.tn.it;tntd002505;https://www.vivoscuola.it/content/view/full/29760;https://it.wikipedia.org/wiki/Borgo_Valsugana;https://www.vivoscuola.it/content/view/full/29766;36.36363636363637
462;liceo delle scienze umane;via xxiv maggio, 7 38051;borgo valsugana;461753647;degasperi@pec.provincia.tn.it;tnps002011;https://www.vivoscuola.it/content/view/full/29760;https://it.wikipedia.org/wiki/Borgo_Valsugana;https://www.vivoscuola.it/content/view/full/29767;95.97701149425288
463;liceo scientifico;via xxiv maggio, 7 38051;borgo valsugana;461753647;degasperi@pec.provincia.tn.it;tnps002011;https://www.vivoscuola.it/content/view/full/29760;https://it.wikipedia.org/wiki/Borgo_Valsugana;https://www.vivoscuola.it/content/view/full/29768;97.95918367346938
464;liceo scientifico opzione scienze applicate;via xxiv maggio, 7 38051;borgo valsugana;461753647;degasperi@pec.provincia.tn.it;tnps002011;https://www.vivoscuola.it/content/view/full/29760;https://it.wikipedia.org/wiki/Borgo_Valsugana;https://www.vivoscuola.it/content/view/full/29769;96.42857142857143
465;educazione per adulti relativa al primo ciclo;via balista, 2 38068;rovereto;464485511;donmilani@pec.provincia.tn.it;tnct70100b;https://www.vivoscuola.it/content/view/full/29809;https://it.wikipedia.org/wiki/Rovereto;https://www.vivoscuola.it/content/view/full/29810;68.42105263157895
466;istituto professionale per il settore dei servizi;via balista, 2 38068;rovereto;464485511;donmilani@pec.provincia.tn.it;tnrc009018;https://www.vivoscuola.it/content/view/full/29809;https://it.wikipedia.org/wiki/Rovereto;https://www.vivoscuola.it/content/view/full/29811;90.69767441860465
467;istituto professionale per il settore dei servizi serale;via balista, 2 38068;rovereto;464485511;donmilani@pec.provincia.tn.it;tnrc00951n;https://www.vivoscuola.it/content/view/full/29809;https://it.wikipedia.org/wiki/Rovereto;https://www.vivoscuola.it/content/view/full/29812;40.35087719298245
468;istituto tecnico per il settore economico;via balista, 2 38068;rovereto;464485511;donmilani@pec.provincia.tn.it;tntd00901g;https://www.vivoscuola.it/content/view/full/29809;https://it.wikipedia.org/wiki/Rovereto;https://www.vivoscuola.it/content/view/full/29813;89.21161825726142
469;istituto tecnico per il settore economico serale;via balista, 2 38068;rovereto;464485511;donmilani@pec.provincia.tn.it;tntd00950x;https://www.vivoscuola.it/content/view/full/29809;https://it.wikipedia.org/wiki/Rovereto;https://www.vivoscuola.it/content/view/full/29814;34.285714285714285
470;educazione per adulti relativa al primo ciclo;via durone, 53 38079;tione di trento;465321735;guetti@pec.provincia.tn.it;tnct711002;https://www.vivoscuola.it/content/view/full/29771;https://it.wikipedia.org/wiki/Tione_di_Trento;https://www.vivoscuola.it/content/view/full/29772;31.25
471;istituto tecnico per il settore economico;via durone, 53 38079;tione di trento;465321735;guetti@pec.provincia.tn.it;tntd00701x;https://www.vivoscuola.it/content/view/full/29771;https://it.wikipedia.org/wiki/Tione_di_Trento;https://www.vivoscuola.it/content/view/full/29773;92.85714285714286
472;istituto tecnico per il settore economico serale;via durone, 53 38079;tione di trento;465321735;guetti@pec.provincia.tn.it;tntd007519;https://www.vivoscuola.it/content/view/full/29771;https://it.wikipedia.org/wiki/Tione_di_Trento;https://www.vivoscuola.it/content/view/full/29774;33.33333333333333
473;istituto tecnico per il settore tecnologico;via durone, 53 38079;tione di trento;465321735;guetti@pec.provincia.tn.it;tntd00701x;https://www.vivoscuola.it/content/view/full/29771;https://it.wikipedia.org/wiki/Tione_di_Trento;https://www.vivoscuola.it/content/view/full/29775;89.38053097345133
474;istituto tecnico per il settore tecnologico serale;via durone, 53 38079;tione di trento;465321735;guetti@pec.provincia.tn.it;tntd007519;https://www.vivoscuola.it/content/view/full/29771;https://it.wikipedia.org/wiki/Tione_di_Trento;https://www.vivoscuola.it/content/view/full/29776;42.857142857142854
475;liceo delle scienze umane;via durone, 53 38079;tione di trento;465321735;guetti@pec.provincia.tn.it;tnps007014;https://www.vivoscuola.it/content/view/full/29771;https://it.wikipedia.org/wiki/Tione_di_Trento;https://www.vivoscuola.it/content/view/full/29777;95.18072289156626
476;liceo linguistico;via durone, 53 38079;tione di trento;465321735;guetti@pec.provincia.tn.it;tnps007014;https://www.vivoscuola.it/content/view/full/29771;https://it.wikipedia.org/wiki/Tione_di_Trento;https://www.vivoscuola.it/content/view/full/29778;95.19999999999999
477;liceo scientifico;via durone, 53 38079;tione di trento;465321735;guetti@pec.provincia.tn.it;tnps007014;https://www.vivoscuola.it/content/view/full/29771;https://it.wikipedia.org/wiki/Tione_di_Trento;https://www.vivoscuola.it/content/view/full/29779;98.83720930232558
478;liceo scientifico opzione scienze applicate;via durone, 53 38079;tione di trento;465321735;guetti@pec.provincia.tn.it;tnps007014;https://www.vivoscuola.it/content/view/full/29771;https://it.wikipedia.org/wiki/Tione_di_Trento;https://www.vivoscuola.it/content/view/full/29780;96.18320610687023
479;educazione per adulti relativa al primo ciclo;via gandhi, 1 38033;cavalese;462341449;weisserose@pec.provincia.tn.it;tnct710006;https://www.vivoscuola.it/content/view/full/29781;https://it.wikipedia.org/wiki/Cavalese;https://www.vivoscuola.it/content/view/full/29782;66.66666666666666
480;istituto tecnico per il settore economico - predazzo;corso degasperi, 14 38037;predazzo;462341449;weisserose@pec.provincia.tn.it;tntd001011;https://www.vivoscuola.it/content/view/full/29781;https://it.wikipedia.org/wiki/Predazzo;https://www.vivoscuola.it/content/view/full/29783;91.38755980861244
481;istituto tecnico per il settore economico serale - predazzo;corso degasperi, 14 38037;predazzo;462341449;weisserose@pec.provincia.tn.it;tntd001509;https://www.vivoscuola.it/content/view/full/29781;https://it.wikipedia.org/wiki/Predazzo;https://www.vivoscuola.it/content/view/full/29784;25.925925925925924
482;istituto tecnico per il settore tecnologico;via gandhi, 1 38033;cavalese;462341449;weisserose@pec.provincia.tn.it;tntl00101b;https://www.vivoscuola.it/content/view/full/29781;https://it.wikipedia.org/wiki/Cavalese;https://www.vivoscuola.it/content/view/full/29785;91.93548387096774
483;istituto tecnico per il settore tecnologico serale - predazzo;corso degasperi, 14 38037;predazzo;462341449;weisserose@pec.provincia.tn.it;tntd001509;https://www.vivoscuola.it/content/view/full/29781;https://it.wikipedia.org/wiki/Predazzo;https://www.vivoscuola.it/content/view/full/29786;11.11111111111111
484;liceo delle scienze umane;via gandhi, 1 38033;cavalese;462341449;weisserose@pec.provincia.tn.it;tnps001015;https://www.vivoscuola.it/content/view/full/29781;https://it.wikipedia.org/wiki/Cavalese;https://www.vivoscuola.it/content/view/full/65579;93.33333333333333
485;liceo delle scienze umane opzione economico sociale;via gandhi, 1 38033;cavalese;462341449;weisserose@pec.provincia.tn.it;tnps001015;https://www.vivoscuola.it/content/view/full/29781;https://it.wikipedia.org/wiki/Cavalese;https://www.vivoscuola.it/content/view/full/29787;
486;liceo linguistico;via gandhi, 1 38033;cavalese;462341449;weisserose@pec.provincia.tn.it;tnps001015;https://www.vivoscuola.it/content/view/full/29781;https://it.wikipedia.org/wiki/Cavalese;https://www.vivoscuola.it/content/view/full/29788;97.05882352941177
487;liceo scientifico;via gandhi, 1 38033;cavalese;462341449;weisserose@pec.provincia.tn.it;tnps001015;https://www.vivoscuola.it/content/view/full/29781;https://it.wikipedia.org/wiki/Cavalese;https://www.vivoscuola.it/content/view/full/29789;99.09909909909909
488;educazione per adulti relativa al primo ciclo;via s pietro, 4 38057;pergine valsugana;461511397;curie@pec.provincia.tn.it;tnct703003;https://www.vivoscuola.it/content/view/full/29790;https://it.wikipedia.org/wiki/Pergine_Valsugana;https://www.vivoscuola.it/content/view/full/29791;73.68421052631578
489;istituto tecnico per il settore economico - levico;viale vittorio emanuele, 5 38056;levico terme;461706012;curie@pec.provincia.tn.it;tnrc004015;https://www.vivoscuola.it/content/view/full/29790;https://it.wikipedia.org/wiki/Levico_Terme;https://www.vivoscuola.it/content/view/full/29792;88.73239436619718
490;istituto tecnico per il settore economico - pergine;via san pietro, 4 38057;pergine valsugana;461511397;curie@pec.provincia.tn.it;tntd00401c;https://www.vivoscuola.it/content/view/full/29790;https://it.wikipedia.org/wiki/Pergine_Valsugana;https://www.vivoscuola.it/content/view/full/29793;91.34615384615384
491;istituto tecnico per il settore economico serale;via s pietro, 4 38057;pergine valsugana;461511397;curie@pec.provincia.tn.it;tntd00450r;https://www.vivoscuola.it/content/view/full/29790;https://it.wikipedia.org/wiki/Pergine_Valsugana;https://www.vivoscuola.it/content/view/full/29794;23.809523809523807
492;istituto tecnico per il settore tecnologico;via s pietro, 4 38057;pergine valsugana;461511397;curie@pec.provincia.tn.it;tntd00401c;https://www.vivoscuola.it/content/view/full/29790;https://it.wikipedia.org/wiki/Pergine_Valsugana;https://www.vivoscuola.it/content/view/full/29795;85.79881656804734
493;istituto tecnico per il settore tecnologico serale;via s pietro, 4 38057;pergine valsugana;461511397;curie@pec.provincia.tn.it;tntd00450r;https://www.vivoscuola.it/content/view/full/29790;https://it.wikipedia.org/wiki/Pergine_Valsugana;https://www.vivoscuola.it/content/view/full/29796;25.0
494;liceo del made in italy;via s pietro, 4 38057;pergine valsugana;461511397;curie@pec.provincia.tn.it;tnps00401l;https://www.vivoscuola.it/content/view/full/29790;https://it.wikipedia.org/wiki/Pergine_Valsugana;https://www.vivoscuola.it/content/view/full/439665;
495;liceo delle scienze umane;via s pietro, 4 38057;pergine valsugana;461511397;curie@pec.provincia.tn.it;tnps00401l;https://www.vivoscuola.it/content/view/full/29790;https://it.wikipedia.org/wiki/Pergine_Valsugana;https://www.vivoscuola.it/content/view/full/29797;97.43589743589743
496;liceo delle scienze umane opzione economico sociale;via san pietro, 4 38057;pergine valsugana;461511397;curie@pec.provincia.tn.it;tnps00401l;https://www.vivoscuola.it/content/view/full/29790;https://it.wikipedia.org/wiki/Pergine_Valsugana;https://www.vivoscuola.it/content/view/full/29798;93.93939393939394
497;liceo linguistico;via s pietro, 4 38057;pergine valsugana;461511397;curie@pec.provincia.tn.it;tnps00401l;https://www.vivoscuola.it/content/view/full/29790;https://it.wikipedia.org/wiki/Pergine_Valsugana;https://www.vivoscuola.it/content/view/full/29799;90.51094890510949
498;liceo scientifico;via s pietro, 4 38057;pergine valsugana;461511397;curie@pec.provincia.tn.it;tnps00401l;https://www.vivoscuola.it/content/view/full/29790;https://it.wikipedia.org/wiki/Pergine_Valsugana;https://www.vivoscuola.it/content/view/full/29800;95.06172839506173
499;educazione per adulti relativa al primo ciclo;via perlasca, 4 38017;mezzolombardo;461601122;martini@pec.provincia.tn.it;tnct70400v;https://www.vivoscuola.it/content/view/full/29801;https://it.wikipedia.org/wiki/Mezzolombardo;https://www.vivoscuola.it/content/view/full/29802;68.62745098039215
500;istituto tecnico per il settore economico;via perlasca, 4 38017;mezzolombardo;461601122;martini@pec.provincia.tn.it;tntd00301l;https://www.vivoscuola.it/content/view/full/29801;https://it.wikipedia.org/wiki/Mezzolombardo;https://www.vivoscuola.it/content/view/full/29803;91.61290322580645
501;istituto tecnico per il settore economico serale;via perlasca, 4 38017;mezzolombardo;461601122;martini@pec.provincia.tn.it;tnrc00350n;https://www.vivoscuola.it/content/view/full/29801;https://it.wikipedia.org/wiki/Mezzolombardo;https://www.vivoscuola.it/content/view/full/29804;51.724137931034484
502;istituto tecnico per il settore tecnologico;via perlasca, 4 38017;mezzolombardo;461601122;martini@pec.provincia.tn.it;tntd00301l;https://www.vivoscuola.it/content/view/full/29801;https://it.wikipedia.org/wiki/Mezzolombardo;https://www.vivoscuola.it/content/view/full/29805;90.20979020979021
503;liceo del made in italy;via perlasca, 4 38017;mezzolombardo;461601122;martini@pec.provincia.tn.it;tnps00301r;https://www.vivoscuola.it/content/view/full/29801;https://it.wikipedia.org/wiki/Mezzolombardo;https://www.vivoscuola.it/content/view/full/439666;
504;liceo delle scienze umane opzione economico sociale;via perlasca, 4 38017;mezzolombardo;461601122;martini@pec.provincia.tn.it;tnps00301r;https://www.vivoscuola.it/content/view/full/29801;https://it.wikipedia.org/wiki/Mezzolombardo;https://www.vivoscuola.it/content/view/full/29806;96.5
505;liceo scientifico;via perlasca, 4 38017;mezzolombardo;461601122;martini@pec.provincia.tn.it;tnps00301r;https://www.vivoscuola.it/content/view/full/29801;https://it.wikipedia.org/wiki/Mezzolombardo;https://www.vivoscuola.it/content/view/full/29807;97.79005524861878
506;liceo scientifico opzione scienze applicate;via perlasca, 4 38017;mezzolombardo;461601122;martini@pec.provincia.tn.it;tnps00301r;https://www.vivoscuola.it/content/view/full/29801;https://it.wikipedia.org/wiki/Mezzolombardo;https://www.vivoscuola.it/content/view/full/29808;95.72192513368985
507;istituto tecnico per il settore economico;via xxiv maggio, 1 38062;arco;464519546;gardascuola@pec.cooperazionetrentina.it;tntn04500g;https://www.vivoscuola.it/content/view/full/29412;https://it.wikipedia.org/wiki/Arco_(Italia);https://www.vivoscuola.it/content/view/full/29413;94.11764705882352
508;istituto tecnico per il settore tecnologico;via xxiv maggio, 1 38062;arco;464519546;gardascuola@pec.cooperazionetrentina.it;tntn04500g;https://www.vivoscuola.it/content/view/full/29412;https://it.wikipedia.org/wiki/Arco_(Italia);https://www.vivoscuola.it/content/view/full/134612;93.02325581395348
509;liceo scientifico opzione scienze applicate;via xxiv maggio, 1 38062;arco;464519546;gardascuola@pec.cooperazionetrentina.it;tnps00500b;https://www.vivoscuola.it/content/view/full/29412;https://it.wikipedia.org/wiki/Arco_(Italia);https://www.vivoscuola.it/content/view/full/29414;95.8904109589041
510;scuola primaria gardascuola arco;via xxiv maggio, 1 38062;arco;464519546;gardascuola@pec.cooperazionetrentina.it;tn1e00800n;https://www.vivoscuola.it/content/view/full/29412;https://it.wikipedia.org/wiki/Arco_(Italia);https://www.vivoscuola.it/content/view/full/29415;100.0
511;scuola secondaria di primo grado gardascuola arco;via xxiv maggio, 1 38062;arco;464519546;gardascuola@pec.cooperazionetrentina.it;tn1m00800v;https://www.vivoscuola.it/content/view/full/29412;https://it.wikipedia.org/wiki/Arco_(Italia);https://www.vivoscuola.it/content/view/full/29416;100.0
512;liceo artistico;piazza s teresa verzeri, 4 38122;trento;461981465;;tnpm015003;https://www.vivoscuola.it/content/view/full/29820;https://it.wikipedia.org/wiki/Trento;https://www.vivoscuola.it/content/view/full/29823;98.11320754716981
513;liceo delle scienze umane;piazza s teresa verzeri, 4 38122;trento;461981465;;tnpm015003;https://www.vivoscuola.it/content/view/full/29820;https://it.wikipedia.org/wiki/Trento;https://www.vivoscuola.it/content/view/full/29824;98.61111111111111
514;liceo scientifico opzione scienze applicate;piazza s teresa verzeri, 4 38122;trento;461981465;;tnpsi8500o;https://www.vivoscuola.it/content/view/full/29820;https://it.wikipedia.org/wiki/Trento;https://www.vivoscuola.it/content/view/full/170207;95.0
515;scuola primaria sacro cuore trento;piazza s teresa verzeri, 4 38122;trento;461981465;;tn1e00300e;https://www.vivoscuola.it/content/view/full/29820;https://it.wikipedia.org/wiki/Trento;https://www.vivoscuola.it/content/view/full/29825;100.0
516;scuola secondaria di primo grado sacro cuore trento;piazza s teresa verzeri, 4 38122;trento;461981465;;tn1m006007;https://www.vivoscuola.it/content/view/full/29820;https://it.wikipedia.org/wiki/Trento;https://www.vivoscuola.it/content/view/full/29826;99.4475138121547
517;scuola secondaria di primo grado maria ausiliatrice trento;via barbacovi, 22 38122;trento;461885555;sdbtrento@pcert.postecert.it;tn1m00500b;https://www.vivoscuola.it/content/view/full/29827;https://it.wikipedia.org/wiki/Trento;https://www.vivoscuola.it/content/view/full/29828;98.61751152073732
518;scuola primaria santa croce mezzano;via molaren, 29 38050;mezzano;439762019;salesianimezzano@pec.it;tn1e00200p;https://www.vivoscuola.it/content/view/full/29829;https://it.wikipedia.org/wiki/Mezzano_(comune);https://www.vivoscuola.it/content/view/full/29830;100.0
519;scuola secondaria di primo grado santa croce mezzano;via molaren, 29 38050;mezzano;439762019;salesianimezzano@pec.it;tn1m001004;https://www.vivoscuola.it/content/view/full/29829;https://it.wikipedia.org/wiki/Mezzano_(comune);https://www.vivoscuola.it/content/view/full/29831;100.0
520;istituto tecnico per il settore economico;via brigata acqui, 19 38122;trento;461239955;tambosibattisti@pec.provincia.tn.it;tntd18000t;https://www.vivoscuola.it/content/view/full/29832;https://it.wikipedia.org/wiki/Trento;https://www.vivoscuola.it/content/view/full/29833;89.3709327548807
521;istituto tecnico per il settore economico serale;via brigata acqui, 19 38122;trento;461239955;tambosibattisti@pec.provincia.tn.it;tntd180507;https://www.vivoscuola.it/content/view/full/29832;https://it.wikipedia.org/wiki/Trento;https://www.vivoscuola.it/content/view/full/29834;21.428571428571427
522;educazione per adulti relativa al primo ciclo;via iv novembre, 35 38023;cles;463421695;pilati@pec.provincia.tn.it;tnct709002;https://www.vivoscuola.it/content/view/full/29835;https://it.wikipedia.org/wiki/Cles;https://www.vivoscuola.it/content/view/full/29836;53.333333333333336
523;istituto tecnico per il settore economico;via iv novembre, 35 38023;cles;463421695;pilati@pec.provincia.tn.it;tntd100001;https://www.vivoscuola.it/content/view/full/29835;https://it.wikipedia.org/wiki/Cles;https://www.vivoscuola.it/content/view/full/29837;95.41666666666667
524;istituto tecnico per il settore economico serale;via iv novembre, 35 38023;cles;463421695;pilati@pec.provincia.tn.it;tntd10050a;https://www.vivoscuola.it/content/view/full/29835;https://it.wikipedia.org/wiki/Cles;https://www.vivoscuola.it/content/view/full/29838;60.0
525;istituto tecnico per il settore tecnologico;via iv novembre, 35 38023;cles;463421695;pilati@pec.provincia.tn.it;tntd100001;https://www.vivoscuola.it/content/view/full/29835;https://it.wikipedia.org/wiki/Cles;https://www.vivoscuola.it/content/view/full/29839;93.8875305623472
526;istituto tecnico per il settore tecnologico serale;via iv novembre, 35 38023;cles;463421695;pilati@pec.provincia.tn.it;tntd10050a;https://www.vivoscuola.it/content/view/full/29835;https://it.wikipedia.org/wiki/Cles;https://www.vivoscuola.it/content/view/full/29840;45.45454545454545
527;istituto tecnico per il settore economico;via del teatro, 4 38068;rovereto;464436100;fontana@pec.provincia.tn.it;tntd020009;https://www.vivoscuola.it/content/view/full/29841;https://it.wikipedia.org/wiki/Rovereto;https://www.vivoscuola.it/content/view/full/29842;89.62962962962962
528;istituto tecnico per il settore economico serale;via del teatro, 4 38068;rovereto;464436100;fontana@pec.provincia.tn.it;tntd02050p;https://www.vivoscuola.it/content/view/full/29841;https://it.wikipedia.org/wiki/Rovereto;https://www.vivoscuola.it/content/view/full/29843;43.24324324324324
529;istituto tecnico per il settore tecnologico;via del teatro, 4 38068;rovereto;464436100;fontana@pec.provincia.tn.it;tntd020009;https://www.vivoscuola.it/content/view/full/29841;https://it.wikipedia.org/wiki/Rovereto;https://www.vivoscuola.it/content/view/full/29844;91.6030534351145
530;istituto tecnico per il settore tecnologico serale;via del teatro, 4 38068;rovereto;464436100;fontana@pec.provincia.tn.it;tntd02050p;https://www.vivoscuola.it/content/view/full/29841;https://it.wikipedia.org/wiki/Rovereto;https://www.vivoscuola.it/content/view/full/29845;33.33333333333333
531;educazione per adulti relativa al primo ciclo;viale dei tigli, 43 38066;riva del garda;464578511;floriani@pec.provincia.tn.it;tnct702007;https://www.vivoscuola.it/content/view/full/29846;https://it.wikipedia.org/wiki/Riva_del_Garda;https://www.vivoscuola.it/content/view/full/29847;75.0
532;istituto tecnico per il settore economico;viale dei tigli, 43 38066;riva del garda;464578511;floriani@pec.provincia.tn.it;tntd00801q;https://www.vivoscuola.it/content/view/full/29846;https://it.wikipedia.org/wiki/Riva_del_Garda;https://www.vivoscuola.it/content/view/full/29848;86.73469387755102
533;istituto tecnico per il settore economico serale;viale dei tigli, 43 38066;riva del garda;464578511;floriani@pec.provincia.tn.it;tntd008515;https://www.vivoscuola.it/content/view/full/29846;https://it.wikipedia.org/wiki/Riva_del_Garda;https://www.vivoscuola.it/content/view/full/29849;52.83018867924528
534;istituto tecnico per il settore tecnologico;viale dei tigli, 43 38066;riva del garda;464578511;floriani@pec.provincia.tn.it;tntd00801q;https://www.vivoscuola.it/content/view/full/29846;https://it.wikipedia.org/wiki/Riva_del_Garda;https://www.vivoscuola.it/content/view/full/29850;87.55364806866953
535;istituto tecnico per il settore tecnologico serale;viale dei tigli, 43 38066;riva del garda;464578511;floriani@pec.provincia.tn.it;tntd008515;https://www.vivoscuola.it/content/view/full/29846;https://it.wikipedia.org/wiki/Riva_del_Garda;https://www.vivoscuola.it/content/view/full/29851;
536;istituto tecnico per il settore tecnologico;via monti, 1 38068;rovereto;464411400;marconi@pec.provincia.tn.it;tntf02000g;https://www.vivoscuola.it/content/view/full/29852;https://it.wikipedia.org/wiki/Rovereto;https://www.vivoscuola.it/content/view/full/29853;90.8235294117647
537;istituto tecnico per il settore tecnologico serale;via monti, 1 38068;rovereto;464411400;marconi@pec.provincia.tn.it;tntf020501;https://www.vivoscuola.it/content/view/full/29852;https://it.wikipedia.org/wiki/Rovereto;https://www.vivoscuola.it/content/view/full/29854;26.53061224489796
538;istituto tecnico per il settore tecnologico;via brigata acqui, 15 38122;trento;461216811;buonarroti@pec.provincia.tn.it;tntf01301d;https://www.vivoscuola.it/content/view/full/29855;https://it.wikipedia.org/wiki/Trento;https://www.vivoscuola.it/content/view/full/29856;92.45939675174014
539;istituto tecnico per il settore tecnologico serale;via brigata acqui, 15 38122;trento;461216811;buonarroti@pec.provincia.tn.it;tntf01351v;https://www.vivoscuola.it/content/view/full/29855;https://it.wikipedia.org/wiki/Trento;https://www.vivoscuola.it/content/view/full/29857;18.947368421052634
540;liceo classico;via alberti lutti, 7 38066;riva del garda;464552316;maffei@pec.provincia.tn.it;tnpc01000q;https://www.vivoscuola.it/content/view/full/29869;https://it.wikipedia.org/wiki/Riva_del_Garda;https://www.vivoscuola.it/content/view/full/29870;94.84536082474226
541;liceo delle scienze umane;via alberti lutti, 7 38066;riva del garda;464552316;maffei@pec.provincia.tn.it;tnpc01000q;https://www.vivoscuola.it/content/view/full/29869;https://it.wikipedia.org/wiki/Riva_del_Garda;https://www.vivoscuola.it/content/view/full/29871;95.28301886792453
542;liceo linguistico;via alberti lutti, 7 38066;riva del garda;464552316;maffei@pec.provincia.tn.it;tnpc01000q;https://www.vivoscuola.it/content/view/full/29869;https://it.wikipedia.org/wiki/Riva_del_Garda;https://www.vivoscuola.it/content/view/full/29872;95.85492227979275
543;liceo musicale e coreutico;via alberti lutti, 7 38066;riva del garda;464552316;maffei@pec.provincia.tn.it;tnpc01000q;https://www.vivoscuola.it/content/view/full/29869;https://it.wikipedia.org/wiki/Riva_del_Garda;https://www.vivoscuola.it/content/view/full/29873;95.83333333333334
544;liceo scientifico;via alberti lutti, 7 38066;riva del garda;464552316;maffei@pec.provincia.tn.it;tnpc01000q;https://www.vivoscuola.it/content/view/full/29869;https://it.wikipedia.org/wiki/Riva_del_Garda;https://www.vivoscuola.it/content/view/full/29874;97.23320158102767
545;liceo scientifico opzione scienze applicate;via alberti lutti, 7 38066;riva del garda;464552316;maffei@pec.provincia.tn.it;tnpc01000q;https://www.vivoscuola.it/content/view/full/29869;https://it.wikipedia.org/wiki/Riva_del_Garda;https://www.vivoscuola.it/content/view/full/29875;97.77777777777777
546;liceo classico;corso bettini, 86 38068;rovereto;464437700;rosmini.rovereto@pec.provincia.tn.it;tnpc02000a;https://www.vivoscuola.it/content/view/full/29876;https://it.wikipedia.org/wiki/Rovereto;https://www.vivoscuola.it/content/view/full/29877;97.33333333333334
547;liceo linguistico;corso bettini, 86 38068;rovereto;464437700;rosmini.rovereto@pec.provincia.tn.it;tnpc02000a;https://www.vivoscuola.it/content/view/full/29876;https://it.wikipedia.org/wiki/Rovereto;https://www.vivoscuola.it/content/view/full/29878;96.56862745098039
548;liceo scientifico;corso bettini, 86 38068;rovereto;464437700;rosmini.rovereto@pec.provincia.tn.it;tnpc02000a;https://www.vivoscuola.it/content/view/full/29876;https://it.wikipedia.org/wiki/Rovereto;https://www.vivoscuola.it/content/view/full/29879;98.36065573770492
549;liceo scientifico opzione scienze applicate;corso bettini, 86 38068;rovereto;464437700;rosmini.rovereto@pec.provincia.tn.it;tnpc02000a;https://www.vivoscuola.it/content/view/full/29876;https://it.wikipedia.org/wiki/Rovereto;https://www.vivoscuola.it/content/view/full/29880;96.0431654676259
550;cc educazione adulti alberghiero;via malfatti, 2 38122;trento;461914400;rosmini.trento@pec.provincia.tn.it;;https://www.vivoscuola.it/content/view/full/29881;https://it.wikipedia.org/wiki/Trento;https://www.vivoscuola.it/content/view/full/457154;
551;cc educazione adulti secondo ciclo les;via malfatti, 2 38122;trento;461914400;rosmini.trento@pec.provincia.tn.it;;https://www.vivoscuola.it/content/view/full/29881;https://it.wikipedia.org/wiki/Trento;https://www.vivoscuola.it/content/view/full/457155;
552;educazione per adulti relativa al primo ciclo;via malfatti, 2 38122;trento;461914400;rosmini.trento@pec.provincia.tn.it;tnct70500p;https://www.vivoscuola.it/content/view/full/29881;https://it.wikipedia.org/wiki/Trento;https://www.vivoscuola.it/content/view/full/29882;69.23076923076923
553;liceo del made in italy;via malfatti, 2 38122;trento;461914400;rosmini.trento@pec.provincia.tn.it;tnpm01000x;https://www.vivoscuola.it/content/view/full/29881;https://it.wikipedia.org/wiki/Trento;https://www.vivoscuola.it/content/view/full/439667;
554;liceo delle scienze umane;via malfatti, 2 38122;trento;461914400;rosmini.trento@pec.provincia.tn.it;tnpm01000x;https://www.vivoscuola.it/content/view/full/29881;https://it.wikipedia.org/wiki/Trento;https://www.vivoscuola.it/content/view/full/29883;91.1170928667564
555;liceo delle scienze umane opzione economico sociale;via malfatti, 2 38122;trento;461914400;rosmini.trento@pec.provincia.tn.it;tnpm01000x;https://www.vivoscuola.it/content/view/full/29881;https://it.wikipedia.org/wiki/Trento;https://www.vivoscuola.it/content/view/full/29884;90.47619047619048
556;liceo delle scienze umane opzione economico sociale serale;via malfatti, 2 38122;trento;461914400;rosmini.trento@pec.provincia.tn.it;tnpm010509;https://www.vivoscuola.it/content/view/full/29881;https://it.wikipedia.org/wiki/Trento;https://www.vivoscuola.it/content/view/full/29885;31.67701863354037
557;liceo classico;via iv novembre, 35 38023;cles;463424049;russell@pec.provincia.tn.it;tnpm006019;https://www.vivoscuola.it/content/view/full/29886;https://it.wikipedia.org/wiki/Cles;https://www.vivoscuola.it/content/view/full/29887;100.0
558;liceo del made in italy;via iv novembre, 35 38023;cles;463424049;russell@pec.provincia.tn.it;;https://www.vivoscuola.it/content/view/full/29886;https://it.wikipedia.org/wiki/Cles;https://www.vivoscuola.it/content/view/full/439668;
559;liceo delle scienze umane;via iv novembre, 35 38023;cles;463424049;russell@pec.provincia.tn.it;tnpm006019;https://www.vivoscuola.it/content/view/full/29886;https://it.wikipedia.org/wiki/Cles;https://www.vivoscuola.it/content/view/full/29888;98.75
560;liceo delle scienze umane opzione economico sociale;via iv novembre, 35 38023;cles;463424049;russell@pec.provincia.tn.it;tnpm006019;https://www.vivoscuola.it/content/view/full/29886;https://it.wikipedia.org/wiki/Cles;https://www.vivoscuola.it/content/view/full/29889;95.08196721311475
561;liceo linguistico;via iv novembre, 35 38023;cles;463424049;russell@pec.provincia.tn.it;tnps006018;https://www.vivoscuola.it/content/view/full/29886;https://it.wikipedia.org/wiki/Cles;https://www.vivoscuola.it/content/view/full/29890;96.98795180722891
562;liceo scientifico;via iv novembre, 35 38023;cles;463424049;russell@pec.provincia.tn.it;tnps006018;https://www.vivoscuola.it/content/view/full/29886;https://it.wikipedia.org/wiki/Cles;https://www.vivoscuola.it/content/view/full/29891;98.47715736040608
563;liceo scientifico opzione scienze applicate;via iv novembre, 35 38023;cles;463424049;russell@pec.provincia.tn.it;tnps006018;https://www.vivoscuola.it/content/view/full/29886;https://it.wikipedia.org/wiki/Cles;https://www.vivoscuola.it/content/view/full/29892;94.44444444444444
564;liceo delle scienze umane;corso rosmini, 61 38068;rovereto;464421223;filzi@pec.provincia.tn.it;tnpm02000e;https://www.vivoscuola.it/content/view/full/29893;https://it.wikipedia.org/wiki/Rovereto;https://www.vivoscuola.it/content/view/full/29894;94.76439790575915
565;liceo delle scienze umane opzione economico sociale;corso rosmini, 61 38068;rovereto;464421223;filzi@pec.provincia.tn.it;tnpm02000e;https://www.vivoscuola.it/content/view/full/29893;https://it.wikipedia.org/wiki/Rovereto;https://www.vivoscuola.it/content/view/full/29895;98.25174825174825
566;liceo classico;via s trinita, 38 38122;trento;461980190;prati@pec.provincia.tn.it;tnpc04000g;https://www.vivoscuola.it/content/view/full/29896;https://it.wikipedia.org/wiki/Trento;https://www.vivoscuola.it/content/view/full/29897;97.21448467966573
567;"liceo artistico ""depero""- rovereto";via delle fosse, 9 38068;rovereto;464438836;info.depero@istitutodellearti.tn.it;tnsd020011;https://www.vivoscuola.it/content/view/full/29815;https://it.wikipedia.org/wiki/Rovereto;https://www.vivoscuola.it/content/view/full/29816;94.9748743718593
568;"liceo artistico ""vittoria"" - trento";via zambra, 3 38121;trento;461824422;vittoria@pec.provincia.tn.it;tnsd02000x;https://www.vivoscuola.it/content/view/full/29815;https://it.wikipedia.org/wiki/Trento;https://www.vivoscuola.it/content/view/full/29817;93.2258064516129
569;liceo musicale coreutico;vicolo s maria maddalena, 16 38122;trento;461260648;info.bonporti@istitutodellearti.tn.it;tnsd02000x;https://www.vivoscuola.it/content/view/full/29815;https://it.wikipedia.org/wiki/Trento;https://www.vivoscuola.it/content/view/full/29819;98.08612440191388
570;liceo linguistico;via mattioli, 8 38122;trento;461914499;linguisticotrento@pec.provincia.tn.it;tnps11000q;https://www.vivoscuola.it/content/view/full/29898;https://it.wikipedia.org/wiki/Trento;https://www.vivoscuola.it/content/view/full/29899;95.52845528455285
571;liceo scientifico;viale bolognini, 88 38122;trento;461913479;galilei@pec.provincia.tn.it;tnps01000v;https://www.vivoscuola.it/content/view/full/29900;https://it.wikipedia.org/wiki/Trento;https://www.vivoscuola.it/content/view/full/29901;98.01980198019803
572;liceo scientifico opzione scienze applicate;viale bolognini, 88 38122;trento;461913479;galilei@pec.provincia.tn.it;tnps01000v;https://www.vivoscuola.it/content/view/full/29900;https://it.wikipedia.org/wiki/Trento;https://www.vivoscuola.it/content/view/full/29902;96.1352657004831
573;liceo scientifico;via madruzzo, 24 38122;trento;461984099;davinci@pec.provincia.tn.it;tnps02000d;https://www.vivoscuola.it/content/view/full/29904;https://it.wikipedia.org/wiki/Trento;https://www.vivoscuola.it/content/view/full/29905;97.46192893401016
574;liceo scientifico opzione scienze applicate;via madruzzo, 24 38122;trento;461984099;davinci@pec.provincia.tn.it;tnps02000d;https://www.vivoscuola.it/content/view/full/29904;https://it.wikipedia.org/wiki/Trento;https://www.vivoscuola.it/content/view/full/29906;94.17721518987342
575;capes - settore industria e artigianato;piazzale orsi, 1 38068;rovereto;464433484;iscrizioni.veronesi@pec.it;tncf002001;https://www.vivoscuola.it/content/view/full/29417;https://it.wikipedia.org/wiki/Rovereto;https://www.vivoscuola.it/content/view/full/170211;97.14285714285714
576;liceo scientifico opzione scienze applicate steam;piazzale orsi, 1 38068;rovereto;464433484;iscrizioni.veronesi@pec.it;tnpsid500s;https://www.vivoscuola.it/content/view/full/29417;https://it.wikipedia.org/wiki/Rovereto;https://www.vivoscuola.it/content/view/full/29418;97.57575757575758
577;settore industria e artigianato;piazzale orsi, 1 38068;rovereto;464433484;iscrizioni.veronesi@pec.it;tncf002001;https://www.vivoscuola.it/content/view/full/29417;https://it.wikipedia.org/wiki/Rovereto;https://www.vivoscuola.it/content/view/full/29419;87.87185354691076
578;settore industria e artigianato serale;piazzale orsi, 1 38068;rovereto;464433484;iscrizioni.veronesi@pec.it;;https://www.vivoscuola.it/content/view/full/29417;https://it.wikipedia.org/wiki/Rovereto;https://www.vivoscuola.it/content/view/full/29420;41.66666666666667
579;scuola dell'infanzia di ala;via de ferrari, 1 38061;ala;464671113;ala.presidente@fpsm.tn.it;;https://www.vivoscuola.it/content/view/full/29925;https://it.wikipedia.org/wiki/Ala_(Italia);https://www.vivoscuola.it/content/view/full/29926;
580;scuola dell'infanzia di albiano;via s antonio, 22 38041;albiano;461689486;albiano.presidente@fpsm.tn.it;;https://www.vivoscuola.it/content/view/full/29927;https://it.wikipedia.org/wiki/Albiano_(Trentino-Alto_Adige);https://www.vivoscuola.it/content/view/full/29928;
581;scuola dell'infanzia di aldeno;via xxv aprile, 5 38060;aldeno;461842597;aldeno.presidente@fpsm.tn.it;;https://www.vivoscuola.it/content/view/full/29929;https://it.wikipedia.org/wiki/Aldeno;https://www.vivoscuola.it/content/view/full/29930;
582;scuola dell'infanzia di andalo;via paganella, 5 38010;andalo;461585898;andalo.presidente@fpsm.tn.it;;https://www.vivoscuola.it/content/view/full/29931;https://it.wikipedia.org/wiki/Andalo;https://www.vivoscuola.it/content/view/full/29932;
583;scuola dell'infanzia di arco;viale capitelli, 16 38062;arco;464516369;arco.segretario@fpsm.tn.it;;https://www.vivoscuola.it/content/view/full/29933;https://it.wikipedia.org/wiki/Arco_(Italia);https://www.vivoscuola.it/content/view/full/29934;
584;scuola dell'infanzia di avio;via dante, 5 38063;avio;464684102;avio.presidente@fpsm.tn.it;;https://www.vivoscuola.it/content/view/full/29935;https://it.wikipedia.org/wiki/Avio;https://www.vivoscuola.it/content/view/full/29936;
585;scuola dell'infanzia di barco di levico;via di s taddeo, 8 38056;levico terme;461707295;barco.presidente@fpsm.tn.it;;https://www.vivoscuola.it/content/view/full/29937;https://it.wikipedia.org/wiki/Levico_Terme;https://www.vivoscuola.it/content/view/full/29938;
586;scuola dell'infanzia di bolognano;piazza vittoria, 1 38062;arco;464516315;bolognano.presidente@fpsm.tn.it;;https://www.vivoscuola.it/content/view/full/29939;https://it.wikipedia.org/wiki/Arco_(Italia);https://www.vivoscuola.it/content/view/full/29940;
587;scuola dell'infanzia di bondone;via giusti, 46 38080;bondone;465898770;bondone.presidente@fpsm.tn.it;;https://www.vivoscuola.it/content/view/full/29941;https://it.wikipedia.org/wiki/Bondone;https://www.vivoscuola.it/content/view/full/29942;
588;scuola dell'infanzia di borgo sacco;via fedrigotti, 9 38068;rovereto;464430541;borgo.sacco.presidente@fpsm.tn.it;;https://www.vivoscuola.it/content/view/full/29943;https://it.wikipedia.org/wiki/Rovereto;https://www.vivoscuola.it/content/view/full/29944;
589;scuola dell'infanzia di borgo valsugana;piazza romani, 8 38051;borgo valsugana;461754771;borgo.valsugana.presidente@fpsm.tn.it;;https://www.vivoscuola.it/content/view/full/29945;https://it.wikipedia.org/wiki/Borgo_Valsugana;https://www.vivoscuola.it/content/view/full/29946;
590;"scuola dell'infanzia di breguzzo - bondo  ""giuseppina bonazza odv""";via marconi - breguzzo, 5 38087;sella giudicarie;465901550;breguzzo.bondo.materna@associazionecoesi.com;;https://www.vivoscuola.it/content/view/full/29923;https://it.wikipedia.org/wiki/Sella_Giudicarie;https://www.vivoscuola.it/content/view/full/29924;
591;scuola dell'infanzia di brentonico;via mantova, 5 38060;brentonico;464395628;brentonico.segretario@fpsm.tn.it;;https://www.vivoscuola.it/content/view/full/29947;https://it.wikipedia.org/wiki/Brentonico;https://www.vivoscuola.it/content/view/full/29948;
592;scuola dell'infanzia di calceranica;via cavour, 2 38050;calceranica al lago;461723325;calceranica.contabile@fpsm.tn.it;;https://www.vivoscuola.it/content/view/full/29949;https://it.wikipedia.org/wiki/Calceranica_al_Lago;https://www.vivoscuola.it/content/view/full/29950;
593;scuola dell'infanzia di campitello di fassa;strèda sènc felip e giacum, 9 38031;campitello di fassa;462750470;campitello.presidente@fpsm.tn.it;;https://www.vivoscuola.it/content/view/full/29953;https://it.wikipedia.org/wiki/Campitello_di_Fassa;https://www.vivoscuola.it/content/view/full/29954;
594;scuola dell'infanzia di campodenno;via s maurizio, 3 38010;campodenno;461655166;campodenno.presidente@fpsm.tn.it;;https://www.vivoscuola.it/content/view/full/29955;https://it.wikipedia.org/wiki/Campodenno;https://www.vivoscuola.it/content/view/full/29956;
595;scuola dell'infanzia di carano;via giovanelli, 40 38033;ville di fiemme;462341759;carano.presidente@fpsm.tn.it;;https://www.vivoscuola.it/content/view/full/29957;https://it.wikipedia.org/wiki/Ville_di_Fiemme;https://www.vivoscuola.it/content/view/full/29958;
596;scuola dell'infanzia di carisolo;viale trento, 4 38080;carisolo;465501433;carisolo.presidente@fpsm.tn.it;;https://www.vivoscuola.it/content/view/full/29959;https://it.wikipedia.org/wiki/Carisolo;https://www.vivoscuola.it/content/view/full/29960;
597;scuola dell'infanzia di casez;via della pontara - casez, 10 38010;sanzeno;463434219;casez.presidente@fpsm.tn.it;;https://www.vivoscuola.it/content/view/full/29961;https://it.wikipedia.org/wiki/Sanzeno;https://www.vivoscuola.it/content/view/full/29962;
598;scuola dell'infanzia di castellano;via caduti, 1 38060;villa lagarina;464801242;castellano.presidente@fpsm.tn.it;;https://www.vivoscuola.it/content/view/full/29963;https://it.wikipedia.org/wiki/Villa_Lagarina;https://www.vivoscuola.it/content/view/full/29964;
599;scuola dell'infanzia di castello di fiemme;via latemar, 2 38030;castello-molina di fiemme;462341153;castello.fiemme.segretario@fpsm.tn.it;;https://www.vivoscuola.it/content/view/full/29965;https://it.wikipedia.org/wiki/Castello-Molina_di_Fiemme;https://www.vivoscuola.it/content/view/full/29966;
600;scuola dell'infanzia di castelnuovo;piazza municipio, 2 38050;castelnuovo;461753637;entesantamargherita@gmail.com;;https://www.vivoscuola.it/content/view/full/29967;https://it.wikipedia.org/wiki/Castelnuovo_(Trentino-Alto_Adige);https://www.vivoscuola.it/content/view/full/29968;
601;scuola dell'infanzia di cavalese;via regolani, 4 38033;cavalese;462341673;cavalese.segretario@fpsm.tn.it;;https://www.vivoscuola.it/content/view/full/92005;https://it.wikipedia.org/wiki/Cavalese;https://www.vivoscuola.it/content/view/full/92006;
602;scuola dell'infanzia di cavedine;via iv novembre, 19 38073;cavedine;461568548;cavedine.presidente@fpsm.tn.it;;https://www.vivoscuola.it/content/view/full/29971;https://it.wikipedia.org/wiki/Cavedine;https://www.vivoscuola.it/content/view/full/29972;
603;scuola dell'infanzia di cembra;piazza zanotelli - cembra, 1 38034;cembra lisignago;461680173;cembra.presidente@fpsm.tn.it;;https://www.vivoscuola.it/content/view/full/29973;https://it.wikipedia.org/wiki/Cembra_Lisignago;https://www.vivoscuola.it/content/view/full/29974;
604;scuola dell'infanzia di chizzola;via canestrini - chizzola, 1 38061;ala;464696397;chizzola.presidente@fpsm.tn.it;;https://www.vivoscuola.it/content/view/full/29975;https://it.wikipedia.org/wiki/Ala_(Italia);https://www.vivoscuola.it/content/view/full/29976;
605;scuola dell'infanzia di cles;via mattioli, 13 38023;cles;463625164;cles.presidente@fpsm.tn.it;;https://www.vivoscuola.it/content/view/full/29977;https://it.wikipedia.org/wiki/Cles;https://www.vivoscuola.it/content/view/full/29978;
606;scuola dell'infanzia di cloz e brez;via di s stefano, 2/a 38028;novella;4631980632;cloz.brez.presidente@fpsm.tn.it;;https://www.vivoscuola.it/content/view/full/29979;https://it.wikipedia.org/wiki/Novella_(Italia);https://www.vivoscuola.it/content/view/full/29980;
607;scuola dell'infanzia di condino;via roma - condino, 37 38083;borgo chiese;465621009;condino.presidente@fpsm.tn.it;;https://www.vivoscuola.it/content/view/full/29981;https://it.wikipedia.org/wiki/Borgo_Chiese;https://www.vivoscuola.it/content/view/full/29982;
608;scuola dell'infanzia di coredo;via delle antiche fontane - coredo, 20 38012;predaia;463536416;coredo.segretario@fpsm.tn.it;;https://www.vivoscuola.it/content/view/full/29983;https://it.wikipedia.org/wiki/Predaia;https://www.vivoscuola.it/content/view/full/29984;
609;scuola dell'infanzia di cristo re -trento;via bresadola, 6 38121;trento;461823359;trento.cristore.segretario@fpsm.tn.it;;https://www.vivoscuola.it/content/view/full/29985;https://it.wikipedia.org/wiki/Trento;https://www.vivoscuola.it/content/view/full/29986;
610;scuola dell'infanzia di crosano;via s biagio, 30 38060;brentonico;464395693;crosano.segretario@fpsm.tn.it;;https://www.vivoscuola.it/content/view/full/29987;https://it.wikipedia.org/wiki/Brentonico;https://www.vivoscuola.it/content/view/full/29988;
611;"scuola dell'infanzia di daone ""asilo infantile di daone odv""";via re di castello - daone, 57 38080;valdaone;465674060;daone.materna@associazionecoesi.com;;https://www.vivoscuola.it/content/view/full/29991;https://it.wikipedia.org/wiki/Valdaone;https://www.vivoscuola.it/content/view/full/29992;
612;scuola dell'infanzia di denno;via ossanna, 3 38010;denno;461655960;denno.segretario@fpsm.tn.it;;https://www.vivoscuola.it/content/view/full/29993;https://it.wikipedia.org/wiki/Denno;https://www.vivoscuola.it/content/view/full/29994;
613;scuola dell'infanzia di dimaro;via alla chiesa - dimaro, 26 38025;dimaro folgarida;463974301;dimaro.contabile@fpsm.tn.it;;https://www.vivoscuola.it/content/view/full/29995;https://it.wikipedia.org/wiki/Dimaro_Folgarida;https://www.vivoscuola.it/content/view/full/29996;
614;scuola dell'infanzia di faver;via perlaia - faver, 17 38030;altavalle;3287310914;faver.presidente@fpsm.tn.it;;https://www.vivoscuola.it/content/view/full/29997;https://it.wikipedia.org/wiki/Altavalle;https://www.vivoscuola.it/content/view/full/29998;
615;scuola dell'infanzia di fiavè;piazza s sebastiano, 24 38075;fiavé;465735129;fiave.contabile@fpsm.tn.it;;https://www.vivoscuola.it/content/view/full/29999;https://it.wikipedia.org/wiki/Fiav%C3%A9;https://www.vivoscuola.it/content/view/full/30000;
616;scuola dell'infanzia di fiera di primiero;viale marconi - pieve, 1 38054;primiero san martino di castrozza;439762196;fiera.presidente@fpsm.tn.it;;https://www.vivoscuola.it/content/view/full/30001;https://it.wikipedia.org/wiki/Primiero_San_Martino_di_Castrozza;https://www.vivoscuola.it/content/view/full/30002;
617;scuola dell'infanzia di fondo;piazza don stefenelli - fondo, 5 38020;borgo d'anaunia;463831254;fondo.presidente@fpsm.tn.it;;https://www.vivoscuola.it/content/view/full/30003;https://it.wikipedia.org/wiki/Borgo_d%27Anaunia;https://www.vivoscuola.it/content/view/full/30004;
618;scuola dell'infanzia di fornace;via del borgolet, 16 38040;fornace;461849351;fornace.presidente@fpsm.tn.it;;https://www.vivoscuola.it/content/view/full/30005;https://it.wikipedia.org/wiki/Fornace_(Italia);https://www.vivoscuola.it/content/view/full/30006;
619;scuola dell'infanzia di gardolo;via s anna, 9 38121;trento;461990296;gardolo.segretario@fpsm.tn.it;;https://www.vivoscuola.it/content/view/full/30007;https://it.wikipedia.org/wiki/Trento;https://www.vivoscuola.it/content/view/full/30008;
620;scuola dell'infanzia di ghiaie di gardolo;via del loghét, 69 38121;trento;461990050;ghiaie.segretario@fpsm.tn.it;;https://www.vivoscuola.it/content/view/full/30009;https://it.wikipedia.org/wiki/Trento;https://www.vivoscuola.it/content/view/full/30010;
621;scuola dell'infanzia di grigno;via nazario sauro, 25 38055;grigno;461765333;grigno.presidente@fpsm.tn.it;;https://www.vivoscuola.it/content/view/full/30011;https://it.wikipedia.org/wiki/Grigno;https://www.vivoscuola.it/content/view/full/30012;
622;scuola dell'infanzia di ischia di pergine;piazza delle nogare, 2 38057;pergine valsugana;461532285;ischia.presidente@fpsm.tn.it;;https://www.vivoscuola.it/content/view/full/30013;https://it.wikipedia.org/wiki/Pergine_Valsugana;https://www.vivoscuola.it/content/view/full/30014;
623;"scuola dell'infanzia di lavis  ""madre maddalena di canossa odv""";via dei colli, 4 38015;lavis;461240366;lavis.materna@associazionecoesi.com;;https://www.vivoscuola.it/content/view/full/30015;https://it.wikipedia.org/wiki/Lavis;https://www.vivoscuola.it/content/view/full/30016;
624;"scuola dell'infanzia di lizzana ""asilo infantile di lizzana odv""";via brigata mantova, 1 38068;rovereto;464433395;lizzana.materna@associazionecoesi.com;;https://www.vivoscuola.it/content/view/full/61885;https://it.wikipedia.org/wiki/Rovereto;https://www.vivoscuola.it/content/view/full/61886;
625;"scuola dell'infanzia di lizzanella ""asilo infantile di lizzanella odv""";corso verona, 109 38068;rovereto;464432307;lizzanella.materna@associazionecoesi.com;;https://www.vivoscuola.it/content/view/full/30017;https://it.wikipedia.org/wiki/Rovereto;https://www.vivoscuola.it/content/view/full/30018;
626;scuola dell'infanzia di lodrone odv;salita alla bastia, 2 38089;storo;465685253;lodrone.materna@associazionecoesi.com;;https://www.vivoscuola.it/content/view/full/30019;https://it.wikipedia.org/wiki/Storo;https://www.vivoscuola.it/content/view/full/30020;
627;scuola dell'infanzia di lona;via s rocco, 14 38040;lona-lases;461697101;lona.presidente@fpsm.tn.it;;https://www.vivoscuola.it/content/view/full/30021;https://it.wikipedia.org/wiki/Lona-Lases;https://www.vivoscuola.it/content/view/full/30022;
628;scuola dell'infanzia di madonna di campiglio;via serafini - madonna di campiglio, 13 38070;tre ville;465442779;madonna.campiglio.segretario@fpsm.tn.it;;https://www.vivoscuola.it/content/view/full/30023;https://it.wikipedia.org/wiki/Tre_Ville;https://www.vivoscuola.it/content/view/full/30024;
629;scuola dell'infanzia di madrano;via d oltrefersina, 54 38057;pergine valsugana;461552109;madrano.segretario@fpsm.tn.it;;https://www.vivoscuola.it/content/view/full/30025;https://it.wikipedia.org/wiki/Pergine_Valsugana;https://www.vivoscuola.it/content/view/full/30026;
630;scuola dell'infanzia di malè;via don rauzi, 6 38027;malé;463901925;male.presidente@fpsm.tn.it;;https://www.vivoscuola.it/content/view/full/30027;https://it.wikipedia.org/wiki/Mal%C3%A9_(Italia);https://www.vivoscuola.it/content/view/full/30028;
631;"scuola dell'infanzia di marco-rovereto ""g. e a. rosmini-serbati odv""";via alla stazione, 2 38068;rovereto;464665395;marco.materna@associazionecoesi.com;;https://www.vivoscuola.it/content/view/full/30029;https://it.wikipedia.org/wiki/Rovereto;https://www.vivoscuola.it/content/view/full/30030;
632;scuola dell'infanzia di marter;piazza s margherita, 2 38050;roncegno terme;461764505;marter.segretario@fpsm.tn.it;;https://www.vivoscuola.it/content/view/full/30031;https://it.wikipedia.org/wiki/Roncegno_Terme;https://www.vivoscuola.it/content/view/full/30032;
633;scuola dell'infanzia di martignano;via sabbionare, 3 38121;trento;461820233;martignano.segretario@fpsm.tn.it;;https://www.vivoscuola.it/content/view/full/30033;https://it.wikipedia.org/wiki/Trento;https://www.vivoscuola.it/content/view/full/30034;
634;scuola dell'infanzia di masi di cavalese;via damiano chiesa, 79 38033;cavalese;462340557;cavalese.presidente@fpsm.tn.it;;https://www.vivoscuola.it/content/view/full/92007;https://it.wikipedia.org/wiki/Cavalese;https://www.vivoscuola.it/content/view/full/92008;
635;scuola dell'infanzia di massone;via maffei - san martino, 2 38062;arco;464517719;massone.presidente@fpsm.tn.it;;https://www.vivoscuola.it/content/view/full/30037;https://it.wikipedia.org/wiki/Arco_(Italia);https://www.vivoscuola.it/content/view/full/30038;
636;scuola dell'infanzia di mechel;via don luigi borghesi, 35 38023;cles;463421247;mechel.presidente@fpsm.tn.it;;https://www.vivoscuola.it/content/view/full/30039;https://it.wikipedia.org/wiki/Cles;https://www.vivoscuola.it/content/view/full/30040;
637;scuola dell'infanzia di mezzano;via iv novembre, 16 38050;mezzano;43967027;mezzano.contabile@fpsm.tn.it;;https://www.vivoscuola.it/content/view/full/30041;https://it.wikipedia.org/wiki/Mezzano_(comune);https://www.vivoscuola.it/content/view/full/30042;
638;scuola dell'infanzia di mezzocorona;via s giovanni bosco, 4 38016;mezzocorona;461603933;mezzocorona.presidente@fpsm.tn.it;;https://www.vivoscuola.it/content/view/full/30043;https://it.wikipedia.org/wiki/Mezzocorona;https://www.vivoscuola.it/content/view/full/30044;
639;scuola dell'infanzia di mezzolombardo;corso del popolo, 34/b 38017;mezzolombardo;461601324;mezzolombardo.presidente@fpsm.tn.it;;https://www.vivoscuola.it/content/view/full/30045;https://it.wikipedia.org/wiki/Mezzolombardo;https://www.vivoscuola.it/content/view/full/30046;
640;scuola dell'infanzia di moena;strada don giovanni jori, 10 38035;moena;462573277;moena.presidente@fpsm.tn.it;;https://www.vivoscuola.it/content/view/full/30047;https://it.wikipedia.org/wiki/Moena;https://www.vivoscuola.it/content/view/full/30048;
641;scuola dell'infanzia di molina di  ledro;via sartori - molina di ledro, 24/c 38067;ledro;464876444;molina.ledro.presidente@fpsm.tn.it;;https://www.vivoscuola.it/content/view/full/30049;https://it.wikipedia.org/wiki/Ledro;https://www.vivoscuola.it/content/view/full/30050;
642;scuola dell'infanzia di mollaro;via della pausa - mollaro, 1 38012;predaia;463469224;mollaro.contabile@fpsm.tn.it;;https://www.vivoscuola.it/content/view/full/30051;https://it.wikipedia.org/wiki/Predaia;https://www.vivoscuola.it/content/view/full/30052;
643;scuola dell'infanzia di molveno;piazza s carlo, 20 38018;molveno;461586969;molveno.presidente@fpsm.tn.it;;https://www.vivoscuola.it/content/view/full/30053;https://it.wikipedia.org/wiki/Molveno;https://www.vivoscuola.it/content/view/full/30054;
644;scuola dell'infanzia di montesover;via capitano santuari, 1 38048;sover;461698351;sover.presidente@fpsm.tn.it;;https://www.vivoscuola.it/content/view/full/30055;https://it.wikipedia.org/wiki/Sover;https://www.vivoscuola.it/content/view/full/30056;
645;scuola dell'infanzia di mori;via scuole, 3 38065;mori;464918156;mori.segretario@fpsm.tn.it;;https://www.vivoscuola.it/content/view/full/30057;https://it.wikipedia.org/wiki/Mori_(Italia);https://www.vivoscuola.it/content/view/full/30058;
646;scuola dell'infanzia di nago;localita tezze - nago,   38069;nago-torbole;464506097;nago.segretario@fpsm.tn.it;;https://www.vivoscuola.it/content/view/full/30059;https://it.wikipedia.org/wiki/Nago-Torbole;https://www.vivoscuola.it/content/view/full/30060;
647;scuola dell'infanzia di nave san rocco;via iv novembre, 34/a 38010;terre d'adige;461870656;nave.presidente@fpsm.tn.it;;https://www.vivoscuola.it/content/view/full/30061;https://it.wikipedia.org/wiki/Terre_d%27Adige;https://www.vivoscuola.it/content/view/full/30062;
648;scuola dell'infanzia di nomi;via baroni del moll, 2 38060;nomi;464835294;nomi.segretario@fpsm.tn.it;;https://www.vivoscuola.it/content/view/full/30063;https://it.wikipedia.org/wiki/Nomi_(Italia);https://www.vivoscuola.it/content/view/full/30064;
649;scuola dell'infanzia di ospedaletto;via  don tosi, 14 38050;ospedaletto;3470362437;ospedaletto.presidente@fpsm.tn.it;;https://www.vivoscuola.it/content/view/full/30065;https://it.wikipedia.org/wiki/Ospedaletto;https://www.vivoscuola.it/content/view/full/30066;
650;scuola dell'infanzia di padergnone;via alle cime - padergnone, 14 38070;vallelaghi;461864358;padergnone.presidente@fpsm.tn.it;;https://www.vivoscuola.it/content/view/full/30069;https://it.wikipedia.org/wiki/Vallelaghi;https://www.vivoscuola.it/content/view/full/30070;
651;scuola dell'infanzia di pedersano;via s antonio, 1 38060;villa lagarina;464412151;pedersano.presidente@fpsm.tn.it;;https://www.vivoscuola.it/content/view/full/30073;https://it.wikipedia.org/wiki/Villa_Lagarina;https://www.vivoscuola.it/content/view/full/30074;
652;"scuola dell'infanzia di pergine  ""g.b. chimelli""";piazza garbari, 5 38057;pergine valsugana;461502351;asifchimelli@pec.it;;https://www.vivoscuola.it/content/view/full/30075;https://it.wikipedia.org/wiki/Pergine_Valsugana;https://www.vivoscuola.it/content/view/full/30076;
653;scuola dell'infanzia di pietramurata;piazza mercato, 11 38074;dro;464507142;pietramurata.presidente@fpsm.tn.it;;https://www.vivoscuola.it/content/view/full/30077;https://it.wikipedia.org/wiki/Dro;https://www.vivoscuola.it/content/view/full/30078;
654;scuola dell'infanzia di pieve di bono;via fiera - creto - pieve di bono, 9/b 38085;pieve di bono-prezzo;465674083;pieve.bono.presidente@fpsm.tn.it;;https://www.vivoscuola.it/content/view/full/30081;https://it.wikipedia.org/wiki/Pieve_di_Bono-Prezzo;https://www.vivoscuola.it/content/view/full/30082;
655;scuola dell'infanzia di pieve tesino;via fratelli rizza', 14 38050;pieve tesino;461594733;pieve.tesino.presidente@fpsm.tn.it;;https://www.vivoscuola.it/content/view/full/30079;https://it.wikipedia.org/wiki/Pieve_Tesino;https://www.vivoscuola.it/content/view/full/30080;
656;scuola dell'infanzia di pilcante;piazza vittorio veneto - pilcante, 19 38061;ala;464672588;pilcante.presidente@fpsm.tn.it;;https://www.vivoscuola.it/content/view/full/30083;https://it.wikipedia.org/wiki/Ala_(Italia);https://www.vivoscuola.it/content/view/full/30084;
657;scuola dell'infanzia di pinzolo;via al sole, 43 38086;pinzolo;465501019;pinzolo.presidente@fpsm.tn.it;;https://www.vivoscuola.it/content/view/full/30085;https://it.wikipedia.org/wiki/Pinzolo;https://www.vivoscuola.it/content/view/full/30086;
658;scuola dell'infanzia di ponte arche;via s giovanni bosco - ponte arche - bleggio inferiore, 7 38070;comano terme;465702422;ponte.arche.presidente@fpsm.tn.it;;https://www.vivoscuola.it/content/view/full/30087;https://it.wikipedia.org/wiki/Comano_Terme;https://www.vivoscuola.it/content/view/full/30088;
659;scuola dell'infanzia di povo;via pante', 1 38123;trento;461810049;povo.presidente@fpsm.tn.it;;https://www.vivoscuola.it/content/view/full/30089;https://it.wikipedia.org/wiki/Trento;https://www.vivoscuola.it/content/view/full/30090;
660;scuola dell'infanzia di pozza di trambileno;frazione vanza, 50 38068;trambileno;464868074;trambileno.presidente@fpsm.tn.it;;https://www.vivoscuola.it/content/view/full/30091;https://it.wikipedia.org/wiki/Trambileno;https://www.vivoscuola.it/content/view/full/30092;
661;scuola dell'infanzia di predazzo;via gabrielli, 1 38037;predazzo;462501312;predazzo.presidente@fpsm.tn.it;;https://www.vivoscuola.it/content/view/full/30093;https://it.wikipedia.org/wiki/Predazzo;https://www.vivoscuola.it/content/view/full/30094;
662;scuola dell'infanzia di pressano;via pilati, 16 38015;lavis;461240394;pressano.presidente@fpsm.tn.it;;https://www.vivoscuola.it/content/view/full/30095;https://it.wikipedia.org/wiki/Lavis;https://www.vivoscuola.it/content/view/full/30096;
663;scuola dell'infanzia di quadra - cavrasto;frazione larido, 10 38071;bleggio superiore;465779575;quadra.cavrasto.presidente@fpsm.tn.it;;https://www.vivoscuola.it/content/view/full/30097;https://it.wikipedia.org/wiki/Bleggio_Superiore;https://www.vivoscuola.it/content/view/full/30098;
664;"scuola dell'infanzia di ranzo ""amici scuola infanzia di ranzo odv""";via al castel romano - ranzo - vezzano, 29 38070;vallelaghi;3387970838;ranzo.materna@associazionecoesi.com;;https://www.vivoscuola.it/content/view/full/30099;https://it.wikipedia.org/wiki/Vallelaghi;https://www.vivoscuola.it/content/view/full/30100;
665;"scuola dell'infanzia di riva  ""degasperi""";largo caduti delle foibe, 2 38066;riva del garda;464553578;riva.rione.presidente@fpsm.tn.it;;https://www.vivoscuola.it/content/view/full/30103;https://it.wikipedia.org/wiki/Riva_del_Garda;https://www.vivoscuola.it/content/view/full/30104;
666;"scuola dell'infanzia di riva  ""giardino""";viale roma, 32 38066;riva del garda;464552360;rivagiardinodinfanzia@gmail.com;;https://www.vivoscuola.it/content/view/full/30101;https://it.wikipedia.org/wiki/Riva_del_Garda;https://www.vivoscuola.it/content/view/full/30102;
667;"scuola dell'infanzia di riva del garda  ""s. alessandro""";via s alessandro, 10 38066;riva del garda;464554051;s.alessandro.presidente@fpsm.tn.it;;https://www.vivoscuola.it/content/view/full/30105;https://it.wikipedia.org/wiki/Riva_del_Garda;https://www.vivoscuola.it/content/view/full/30106;
668;scuola dell'infanzia di roncegno;via baldessari, 15 38050;roncegno terme;461764199;roncegno.presidente@fpsm.tn.it;;https://www.vivoscuola.it/content/view/full/30107;https://it.wikipedia.org/wiki/Roncegno_Terme;https://www.vivoscuola.it/content/view/full/30108;
669;scuola dell'infanzia di ronchi valsugana;via marchi, 14 38050;ronchi valsugana;461773197;ronchi.valsugana.presidente@fpsm.tn.it;;https://www.vivoscuola.it/content/view/full/30109;https://it.wikipedia.org/wiki/Ronchi_Valsugana;https://www.vivoscuola.it/content/view/full/30110;
670;scuola dell'infanzia di roncogno di pergine;piazza di s anna, 3 38057;pergine valsugana;461502351;asifchimelli@pec.it;;https://www.vivoscuola.it/content/view/full/30111;https://it.wikipedia.org/wiki/Pergine_Valsugana;https://www.vivoscuola.it/content/view/full/30112;
671;"scuola dell'infanzia di roncone  ""mario amistadi sciavina odv""";via lucchi - roncone, 1 38087;sella giudicarie;465311525;roncone.materna@associazionecoesi.com;;https://www.vivoscuola.it/content/view/full/30113;https://it.wikipedia.org/wiki/Sella_Giudicarie;https://www.vivoscuola.it/content/view/full/30114;
672;scuola dell'infanzia di ronzo-chienis;via del car, 40 38060;ronzo-chienis;464802944;ronzo.chienis.presidente@fpsm.tn.it;;https://www.vivoscuola.it/content/view/full/30115;https://it.wikipedia.org/wiki/Ronzo-Chienis;https://www.vivoscuola.it/content/view/full/30116;
673;"scuola dell'infanzia di rovereto ""clementino vannetti odv""";via s maria, 58 38068;rovereto;464420061;asilovannetti@gmail.com;;https://www.vivoscuola.it/content/view/full/149207;https://it.wikipedia.org/wiki/Rovereto;https://www.vivoscuola.it/content/view/full/149208;
674;"scuola dell'infanzia di rovereto ""rosmini""";corso rosmini, 3 38068;rovereto;464421541;rovereto.rosmini.presidente@fpsm.tn.it;;https://www.vivoscuola.it/content/view/full/30119;https://it.wikipedia.org/wiki/Rovereto;https://www.vivoscuola.it/content/view/full/30120;
675;scuola dell'infanzia di s. croce bleggio;frazione santa croce di bleggio inferiore, 7 38070;comano terme;465779900;s.croce.presidente@fpsm.tn.it;;https://www.vivoscuola.it/content/view/full/30121;https://it.wikipedia.org/wiki/Comano_Terme;https://www.vivoscuola.it/content/view/full/30122;
676;scuola dell'infanzia di s. lorenzo in banale;strada del toat - san lorenzo, 4 38078;san lorenzo dorsino;465734005;san.lorenzo.banale.segretario@fpsm.tn.it;;https://www.vivoscuola.it/content/view/full/30123;https://it.wikipedia.org/wiki/San_Lorenzo_Dorsino;https://www.vivoscuola.it/content/view/full/30124;
677;scuola dell'infanzia di s. margherita di ala;via gazzoletti - santa margherita, 35 38061;ala;464696494;s.margherita.presidente@fpsm.tn.it;;https://www.vivoscuola.it/content/view/full/30125;https://it.wikipedia.org/wiki/Ala_(Italia);https://www.vivoscuola.it/content/view/full/30126;
678;scuola dell'infanzia di sabbionara;piazza conciliazione, 3/b 38063;avio;464683225;sabbionara.presidente@fpsm.tn.it;;https://www.vivoscuola.it/content/view/full/30127;https://it.wikipedia.org/wiki/Avio;https://www.vivoscuola.it/content/view/full/30128;
679;scuola dell'infanzia di san martino di c.;via laghetto - san martino di castrozza, 30 38054;primiero san martino di castrozza;439768666;s.martino.castrozza.presidente@fpsm.tn.it;;https://www.vivoscuola.it/content/view/full/30129;https://it.wikipedia.org/wiki/Primiero_San_Martino_di_Castrozza;https://www.vivoscuola.it/content/view/full/30130;
680;scuola dell'infanzia di sarche;via caffaro - sarche - calavino, 6 38076;madruzzo;461564028;sarche.presidente@fpsm.tn.it;;https://www.vivoscuola.it/content/view/full/30131;https://it.wikipedia.org/wiki/Madruzzo_(Italia);https://www.vivoscuola.it/content/view/full/30132;
681;scuola dell'infanzia di scurelle;via visintainer, 15 38050;scurelle;461762268;scurelle.presidente@fpsm.tn.it;;https://www.vivoscuola.it/content/view/full/30133;https://it.wikipedia.org/wiki/Scurelle;https://www.vivoscuola.it/content/view/full/30134;
682;scuola dell'infanzia di segno;via sonora - segno - taio, 18 38012;predaia;463468064;segno.presidente@fpsm.tn.it;;https://www.vivoscuola.it/content/view/full/30135;https://it.wikipedia.org/wiki/Predaia;https://www.vivoscuola.it/content/view/full/30136;
683;scuola dell'infanzia di segonzano;frazione stedro, 80 38047;segonzano;3273311981;segonzano.presidente@fpsm.tn.it;;https://www.vivoscuola.it/content/view/full/30137;https://it.wikipedia.org/wiki/Segonzano;https://www.vivoscuola.it/content/view/full/30138;
684;scuola dell'infanzia di serravalle;via ingenger tomasi - serravalle, 5 38061;ala;464696304;serravalle.presidente@fpsm.tn.it;;https://www.vivoscuola.it/content/view/full/30139;https://it.wikipedia.org/wiki/Ala_(Italia);https://www.vivoscuola.it/content/view/full/30140;
685;"scuola dell'infanzia di serso ""don ochner odv""";via al casteler, 1 38057;pergine valsugana;461533843;serso.asilo@gmail.com;;https://www.vivoscuola.it/content/view/full/141891;https://it.wikipedia.org/wiki/Pergine_Valsugana;https://www.vivoscuola.it/content/view/full/141892;
686;scuola dell'infanzia di smarano;via torre - smarano, 6 38012;predaia;463536702;smarano.presidente@fpsm.tn.it;;https://www.vivoscuola.it/content/view/full/30145;https://it.wikipedia.org/wiki/Predaia;https://www.vivoscuola.it/content/view/full/30146;
687;scuola dell'infanzia di sopramonte;via canelli - sopramonte, 5 38123;trento;461867021;sopramonte.presidente@fpsm.tn.it;;https://www.vivoscuola.it/content/view/full/30147;https://it.wikipedia.org/wiki/Trento;https://www.vivoscuola.it/content/view/full/30148;
688;scuola dell'infanzia di spiazzo rendena;via s vigilio, 5 38088;spiazzo;465801326;spiazzo.rendena.contabile@fpsm.tn.it;;https://www.vivoscuola.it/content/view/full/30149;https://it.wikipedia.org/wiki/Spiazzo;https://www.vivoscuola.it/content/view/full/30150;
689;scuola dell'infanzia di spormaggiore;via dell asilo, 2 38010;spormaggiore;4611827171;spormaggiore.contabile@fpsm.tn.it;;https://www.vivoscuola.it/content/view/full/30151;https://it.wikipedia.org/wiki/Spormaggiore;https://www.vivoscuola.it/content/view/full/30152;
690;scuola dell'infanzia di stenico;piazza dante, 15 38070;stenico;465771019;stenico.presidente@fpsm.tn.it;;https://www.vivoscuola.it/content/view/full/30153;https://it.wikipedia.org/wiki/Stenico;https://www.vivoscuola.it/content/view/full/30154;
691;scuola dell'infanzia di storo;via s floriano, 22 38089;storo;465898494;storo.presidente@fpsm.tn.it;;https://www.vivoscuola.it/content/view/full/30155;https://it.wikipedia.org/wiki/Storo;https://www.vivoscuola.it/content/view/full/30156;
692;scuola dell'infanzia di strigno;piazza iv novembre - strigno, 11 38059;castel ivano;461762327;strigno.presidente@fpsm.tn.it;;https://www.vivoscuola.it/content/view/full/30157;https://it.wikipedia.org/wiki/Castel_Ivano_(comune);https://www.vivoscuola.it/content/view/full/30158;
693;scuola dell'infanzia di susà;via dell asilo, 5 38057;pergine valsugana;461538471;susa.presidente@fpsm.tn.it;;https://www.vivoscuola.it/content/view/full/30159;https://it.wikipedia.org/wiki/Pergine_Valsugana;https://www.vivoscuola.it/content/view/full/30160;
694;"scuola dell'infanzia di taio ""asilo infantile di taio odv""";via edison - taio, 3 38012;predaia;463468269;taio.presidente@fpsm.tn.it;;https://www.vivoscuola.it/content/view/full/30161;https://it.wikipedia.org/wiki/Predaia;https://www.vivoscuola.it/content/view/full/30162;
695;scuola dell'infanzia di telve;via paradiso, 1 38050;telve;461766315;telve.presidente@fpsm.tn.it;;https://www.vivoscuola.it/content/view/full/30163;https://it.wikipedia.org/wiki/Telve;https://www.vivoscuola.it/content/view/full/30164;
696;scuola dell'infanzia di tenno;via brocchetti, 53 38060;tenno;464503034;tenno.presidente@fpsm.tn.it;;https://www.vivoscuola.it/content/view/full/30165;https://it.wikipedia.org/wiki/Tenno;https://www.vivoscuola.it/content/view/full/30166;
697;scuola dell'infanzia di tesero;via fia, 20 38038;tesero;462813045;tesero.presidente@fpsm.tn.it;;https://www.vivoscuola.it/content/view/full/30167;https://it.wikipedia.org/wiki/Tesero;https://www.vivoscuola.it/content/view/full/30168;
698;scuola dell'infanzia di tezze valsugana;via marconi, 8/a 38055;grigno;461769192;tezze.presidente@fpsm.tn.it;;https://www.vivoscuola.it/content/view/full/30169;https://it.wikipedia.org/wiki/Grigno;https://www.vivoscuola.it/content/view/full/30170;
699;"scuola dell'infanzia di tione di trento ""don giovanni failoni""";piazza battisti, 4 38079;tione di trento;465321314;tione.materna@associazionecoesi.com;;https://www.vivoscuola.it/content/view/full/61887;https://it.wikipedia.org/wiki/Tione_di_Trento;https://www.vivoscuola.it/content/view/full/61888;
700;scuola dell'infanzia di tonadico;via fuganti - tonadico, 8 38054;primiero san martino di castrozza;439762062;tonadico.segretario@fpsm.tn.it;;https://www.vivoscuola.it/content/view/full/30171;https://it.wikipedia.org/wiki/Primiero_San_Martino_di_Castrozza;https://www.vivoscuola.it/content/view/full/30172;
701;scuola dell'infanzia di torbole;via don davide gioppi, 72 38069;nago-torbole;464505159;torbole.presidente@fpsm.tn.it;;https://www.vivoscuola.it/content/view/full/30173;https://it.wikipedia.org/wiki/Nago-Torbole;https://www.vivoscuola.it/content/view/full/30174;
702;scuola dell'infanzia di torcegno odv;via della fontana, 15 38050;torcegno;461760796;torcegno.presidente@fpsm.tn.it;;https://www.vivoscuola.it/content/view/full/30175;https://it.wikipedia.org/wiki/Torcegno;https://www.vivoscuola.it/content/view/full/30176;
703;scuola dell'infanzia di transacqua;piazza municipio - transacqua, 11 38054;primiero san martino di castrozza;43962313;transacqua.presidente@fpsm.tn.it;;https://www.vivoscuola.it/content/view/full/30177;https://it.wikipedia.org/wiki/Primiero_San_Martino_di_Castrozza;https://www.vivoscuola.it/content/view/full/30178;
704;"scuola dell'infanzia di trento  ""pedrotti""";via asilo pedrotti, 2 38122;trento;461914039;trento.pedrotti.presidente@fpsm.tn.it;;https://www.vivoscuola.it/content/view/full/30181;https://it.wikipedia.org/wiki/Trento;https://www.vivoscuola.it/content/view/full/30182;
705;scuola dell'infanzia di trento  canossiane;via dei paradisi, 4 38122;trento;461231775;trento.canossiane.segretario@fpsm.tn.it;;https://www.vivoscuola.it/content/view/full/30185;https://it.wikipedia.org/wiki/Trento;https://www.vivoscuola.it/content/view/full/30186;
706;scuola dell'infanzia di trento  s. bartolomeo;viale dei tigli, 9/1 38123;trento;461924555;trento.s.bartolomeo.segretario@fpsm.tn.it;;https://www.vivoscuola.it/content/view/full/30187;https://it.wikipedia.org/wiki/Trento;https://www.vivoscuola.it/content/view/full/30188;
707;"scuola dell'infanzia di trento ""antonio tambosi odv""";via francesco ferruccio, 4 38122;trento;461237392;scuolamaterna.tambosi@gmail.com;;https://www.vivoscuola.it/content/view/full/30179;https://it.wikipedia.org/wiki/Trento;https://www.vivoscuola.it/content/view/full/30180;
708;"scuola dell'infanzia di trento ""g. b. zanella odv""";via gar, 1 38122;trento;461233744;segreteria@gbzanella.it;;https://www.vivoscuola.it/content/view/full/30189;https://it.wikipedia.org/wiki/Trento;https://www.vivoscuola.it/content/view/full/30190;
709;"scuola dell'infanzia di trento ""s. antonio odv""";via adamello, 2 38122;trento;461911027;s.antonio.materna@associazionecoesi.com;;https://www.vivoscuola.it/content/view/full/30191;https://it.wikipedia.org/wiki/Trento;https://www.vivoscuola.it/content/view/full/30192;
710;"scuola dell'infanzia di trento ""sacro cuore odv""";piazza s teresa verzeri, 4 38122;trento;461981465;materna@istitutosacrocuore.it;;https://www.vivoscuola.it/content/view/full/92009;https://it.wikipedia.org/wiki/Trento;https://www.vivoscuola.it/content/view/full/92010;
711;"scuola dell'infanzia di trento cognola ""b. kofler""";via kofler, 10 38121;trento;461235069;cognola.segretario@fpsm.tn.it;;https://www.vivoscuola.it/content/view/full/30193;https://it.wikipedia.org/wiki/Trento;https://www.vivoscuola.it/content/view/full/30194;
712;scuola dell'infanzia di trento la clarina;via einaudi, 66 38123;trento;461923464;trento.clarina.presidente@fpsm.tn.it;;https://www.vivoscuola.it/content/view/full/30195;https://it.wikipedia.org/wiki/Trento;https://www.vivoscuola.it/content/view/full/30196;
713;"scuola dell'infanzia di trento san donà ""b. kofler""";via per cognola, 43 38122;trento;461260977;cognola.segretario@fpsm.tn.it;;https://www.vivoscuola.it/content/view/full/30197;https://it.wikipedia.org/wiki/Trento;https://www.vivoscuola.it/content/view/full/30198;
714;scuola dell'infanzia di tuenno;via marconi - tuenno, 2 38019;ville d'anaunia;463451238;tuenno.segretario@fpsm.tn.it;;https://www.vivoscuola.it/content/view/full/30199;https://it.wikipedia.org/wiki/Ville_d%27Anaunia;https://www.vivoscuola.it/content/view/full/30200;
715;scuola dell'infanzia di varone;via sega, 5 38066;riva del garda;464521350;varone.presidente@fpsm.tn.it;;https://www.vivoscuola.it/content/view/full/30201;https://it.wikipedia.org/wiki/Riva_del_Garda;https://www.vivoscuola.it/content/view/full/30202;
716;scuola dell'infanzia di vermiglio;via di s pietro, 26 38029;vermiglio;463758141;vermiglio.presidente@fpsm.tn.it;;https://www.vivoscuola.it/content/view/full/30203;https://it.wikipedia.org/wiki/Vermiglio_(Italia);https://www.vivoscuola.it/content/view/full/30204;
717;scuola dell'infanzia di vezzano;via dante - vezzano, 24 38070;vallelaghi;461864918;vezzano.presidente@fpsm.tn.it;;https://www.vivoscuola.it/content/view/full/30205;https://it.wikipedia.org/wiki/Vallelaghi;https://www.vivoscuola.it/content/view/full/30206;
718;scuola dell'infanzia di vigo cavedine;via scuola materna, 1 38073;cavedine;461566061;vigo.cavedine.presidente@fpsm.tn.it;;https://www.vivoscuola.it/content/view/full/30207;https://it.wikipedia.org/wiki/Cavedine;https://www.vivoscuola.it/content/view/full/30208;
719;scuola dell'infanzia di vigo cortesano;via madonna dei prati, 3 38121;trento;461448252;vigo.meano.presidente@fpsm.tn.it;;https://www.vivoscuola.it/content/view/full/30209;https://it.wikipedia.org/wiki/Trento;https://www.vivoscuola.it/content/view/full/30210;
720;scuola dell'infanzia di vigo di fassa;strada giuseppe soraperra - pozza di fassa, 4 38036;san giovanni di fassa;462763194;vigo.fassa.presidente@fpsm.tn.it;;https://www.vivoscuola.it/content/view/full/30213;https://it.wikipedia.org/wiki/San_Giovanni_di_Fassa;https://www.vivoscuola.it/content/view/full/30214;
721;scuola dell'infanzia di vigo di ton;piazza guardi, 7 38010;ton;461657897;vigo.ton.segretario@fpsm.tn.it;;https://www.vivoscuola.it/content/view/full/30215;https://it.wikipedia.org/wiki/Ton;https://www.vivoscuola.it/content/view/full/30216;
722;scuola dell'infanzia di vigo lomaso;frazione vigo lomaso - lomaso, 1 38070;comano terme;465701249;vigo.lomaso.presidente@fpsm.tn.it;;https://www.vivoscuola.it/content/view/full/30211;https://it.wikipedia.org/wiki/Comano_Terme;https://www.vivoscuola.it/content/view/full/30212;
723;scuola dell'infanzia di villa lagarina;via monsignor gosetti, 3 38060;villa lagarina;464411101;villalagarina.presidente@fpsm.tn.it;;https://www.vivoscuola.it/content/view/full/30217;https://it.wikipedia.org/wiki/Villa_Lagarina;https://www.vivoscuola.it/content/view/full/30218;
724;scuola dell'infanzia di villamontagna;via dei carli, 16 38121;trento;461209045;villamontagna.segretario@fpsm.tn.it;;https://www.vivoscuola.it/content/view/full/30219;https://it.wikipedia.org/wiki/Trento;https://www.vivoscuola.it/content/view/full/30220;
725;scuola dell'infanzia di villazzano;via giordano, 15 38123;trento;461920382;villazzano.segretario@fpsm.tn.it;;https://www.vivoscuola.it/content/view/full/30221;https://it.wikipedia.org/wiki/Trento;https://www.vivoscuola.it/content/view/full/30222;
726;scuola dell'infanzia di volano;via s maria, 13 38060;volano;464411516;volano.segretario@fpsm.tn.it;;https://www.vivoscuola.it/content/view/full/30223;https://it.wikipedia.org/wiki/Volano_(Italia);https://www.vivoscuola.it/content/view/full/30224;
727;scuola dell'infanzia di ziano di fiemme;piazza italia, 8 38030;ziano di fiemme;3703621992;ziano.presidente@fpsm.tn.it;;https://www.vivoscuola.it/content/view/full/30225;https://it.wikipedia.org/wiki/Ziano_di_Fiemme;https://www.vivoscuola.it/content/view/full/30226;
728;liceo artistico;strada dolomites - pozza di fassa, 7 38036;san giovanni di fassa;462763702;scuolaladinadifassa@pec.provincia.tn.it;tnsd010009;https://www.vivoscuola.it/content/view/full/29907;https://it.wikipedia.org/wiki/San_Giovanni_di_Fassa;https://www.vivoscuola.it/content/view/full/29908;95.95375722543352
729;liceo ladino delle lingue;strada de pra del monech, 6 38036;san giovanni di fassa;462763702;scuolaladinadifassa@pec.provincia.tn.it;tnps09000q;https://www.vivoscuola.it/content/view/full/29907;https://it.wikipedia.org/wiki/San_Giovanni_di_Fassa;https://www.vivoscuola.it/content/view/full/29909;95.58823529411765
730;liceo scientifico;strada de pra del monech, 6 38036;san giovanni di fassa;462763702;scuolaladinadifassa@pec.provincia.tn.it;tnps09000q;https://www.vivoscuola.it/content/view/full/29907;https://it.wikipedia.org/wiki/San_Giovanni_di_Fassa;https://www.vivoscuola.it/content/view/full/29910;97.89473684210527
731;"scuola primaria ""don g. b. massar"" vigo di fassa";piaz jan batista massar - vigo di fassa, 14 38039;san giovanni di fassa;462763702;scuolaladinadifassa@pec.provincia.tn.it;tnee850063;https://www.vivoscuola.it/content/view/full/29907;https://it.wikipedia.org/wiki/San_Giovanni_di_Fassa;https://www.vivoscuola.it/content/view/full/29911;100.0
732;"scuola primaria ""don l. gross"" pozza di fassa";strada de bagnes - pozza di fassa, 10 38036;san giovanni di fassa;462763702;scuolaladinadifassa@pec.provincia.tn.it;tnee85003x;https://www.vivoscuola.it/content/view/full/29907;https://it.wikipedia.org/wiki/San_Giovanni_di_Fassa;https://www.vivoscuola.it/content/view/full/29912;100.0
733;"scuola primaria ""g. rizzi"" canazei";via de magoa, 15 38032;canazei;462763702;scuolaladinadifassa@pec.provincia.tn.it;tnee85001t;https://www.vivoscuola.it/content/view/full/29907;https://it.wikipedia.org/wiki/Canazei;https://www.vivoscuola.it/content/view/full/29913;99.20634920634922
734;"scuola primaria ""padre e. chiocchetti"" moena";strada don giovanni iori, 19 38035;moena;462763702;scuolaladinadifassa@pec.provincia.tn.it;tnee85002v;https://www.vivoscuola.it/content/view/full/29907;https://it.wikipedia.org/wiki/Moena;https://www.vivoscuola.it/content/view/full/29914;100.0
735;"scuola secondaria di primo grado ""don g. jori"" moena";strada don giovanni iori, 19 38035;moena;462763702;scuolaladinadifassa@pec.provincia.tn.it;tnmm85002t;https://www.vivoscuola.it/content/view/full/29907;https://it.wikipedia.org/wiki/Moena;https://www.vivoscuola.it/content/view/full/29915;100.0
736;"scuola secondaria di primo grado ""t. soraruf"" campitello di fassa";strèda de marin, 3/a 38031;campitello di fassa;462763702;scuolaladinadifassa@pec.provincia.tn.it;tnmm85001r;https://www.vivoscuola.it/content/view/full/29907;https://it.wikipedia.org/wiki/Campitello_di_Fassa;https://www.vivoscuola.it/content/view/full/29916;98.68421052631578
737;scuola secondaria di primo grado pozza di fassa;strada dolomites - pozza di fassa, 67 38036;san giovanni di fassa;462763702;scuolaladinadifassa@pec.provincia.tn.it;tnmm85003v;https://www.vivoscuola.it/content/view/full/29907;https://it.wikipedia.org/wiki/San_Giovanni_di_Fassa;https://www.vivoscuola.it/content/view/full/29917;99.17355371900827
738;"scuola primaria ""la vela"" rovereto";via saibanti, 6 38068;rovereto;464434047;segreteria@lavela.famigliamaterna.it;tn1e00700t;https://www.vivoscuola.it/content/view/full/29241;https://it.wikipedia.org/wiki/Rovereto;https://www.vivoscuola.it/content/view/full/29242;100.0
739;"scuola secondaria di primo grado ""la vela"" rovereto";via saibanti, 6 38068;rovereto;464435746;amministrazione@scuolalavela.it;tn1m00900p;https://www.vivoscuola.it/content/view/full/29241;https://it.wikipedia.org/wiki/Rovereto;https://www.vivoscuola.it/content/view/full/29243;100.0
740;istituto professionale per il settore dei servizi;via murialdo, 30 38045;civezzano;461857003;oxford@pec.cooperazionetrentina.it;tnri015007;https://www.vivoscuola.it/content/view/full/29918;https://it.wikipedia.org/wiki/Civezzano;https://www.vivoscuola.it/content/view/full/29919;94.28571428571428
741;istituto tecnico per il settore economico;via murialdo, 30 38045;civezzano;461857003;oxford@pec.cooperazionetrentina.it;tntn01500q;https://www.vivoscuola.it/content/view/full/29918;https://it.wikipedia.org/wiki/Civezzano;https://www.vivoscuola.it/content/view/full/29920;98.4251968503937
742;istituto tecnico per il settore tecnologico;via murialdo, 30 38045;civezzano;461857003;oxford@pec.cooperazionetrentina.it;tnte045005;https://www.vivoscuola.it/content/view/full/29918;https://it.wikipedia.org/wiki/Civezzano;https://www.vivoscuola.it/content/view/full/29921;93.75
743;settore servizi;via murialdo, 30 38045;civezzano;461857003;oxford@pec.cooperazionetrentina.it;tnfp269sta;https://www.vivoscuola.it/content/view/full/29918;https://it.wikipedia.org/wiki/Civezzano;https://www.vivoscuola.it/content/view/full/29922;96.42857142857143
