vivoscuola school link;academic year;school year;admission rate
https://www.vivoscuola.it/content/view/full/170199;2022/2023;1;0.0
https://www.vivoscuola.it/content/view/full/170199;2022/2023;2;0.0
https://www.vivoscuola.it/content/view/full/170199;2022/2023;3;0.0
https://www.vivoscuola.it/content/view/full/170199;2022/2023;4;0.0
https://www.vivoscuola.it/content/view/full/170199;2022/2023;5;0.0
https://www.vivoscuola.it/content/view/full/170199;2023/2024;1;0.0
https://www.vivoscuola.it/content/view/full/170199;2023/2024;2;0.0
https://www.vivoscuola.it/content/view/full/170199;2023/2024;3;0.0
https://www.vivoscuola.it/content/view/full/170199;2023/2024;4;0.0
https://www.vivoscuola.it/content/view/full/170199;2023/2024;5;0.0
https://www.vivoscuola.it/content/view/full/170199;2024/2025;1;0.0
https://www.vivoscuola.it/content/view/full/170199;2024/2025;2;0.0
https://www.vivoscuola.it/content/view/full/170199;2024/2025;3;0.0
https://www.vivoscuola.it/content/view/full/170199;2024/2025;4;0.0
https://www.vivoscuola.it/content/view/full/170199;2024/2025;5;70.83333333333334
https://www.vivoscuola.it/content/view/full/29266;2022/2023;1;61.93181818181818
https://www.vivoscuola.it/content/view/full/29266;2022/2023;2;76.08695652173914
https://www.vivoscuola.it/content/view/full/29266;2022/2023;3;76.36363636363637
https://www.vivoscuola.it/content/view/full/29266;2022/2023;4;85.71428571428571
https://www.vivoscuola.it/content/view/full/29266;2023/2024;1;61.76470588235294
https://www.vivoscuola.it/content/view/full/29266;2023/2024;2;67.83216783216784
https://www.vivoscuola.it/content/view/full/29266;2023/2024;3;91.80327868852459
https://www.vivoscuola.it/content/view/full/29266;2023/2024;4;95.0
https://www.vivoscuola.it/content/view/full/29266;2024/2025;1;64.8936170212766
https://www.vivoscuola.it/content/view/full/29266;2024/2025;2;79.5774647887324
https://www.vivoscuola.it/content/view/full/29266;2024/2025;3;79.81651376146789
https://www.vivoscuola.it/content/view/full/29266;2024/2025;4;87.14285714285714
https://www.vivoscuola.it/content/view/full/29267;2022/2023;1;0.0
https://www.vivoscuola.it/content/view/full/29267;2022/2023;2;0.0
https://www.vivoscuola.it/content/view/full/29267;2022/2023;3;38.88888888888889
https://www.vivoscuola.it/content/view/full/29267;2023/2024;1;0.0
https://www.vivoscuola.it/content/view/full/29267;2023/2024;2;44.11764705882353
https://www.vivoscuola.it/content/view/full/29267;2023/2024;3;46.15384615384615
https://www.vivoscuola.it/content/view/full/29267;2024/2025;1;0.0
https://www.vivoscuola.it/content/view/full/29267;2024/2025;2;55.81395348837209
https://www.vivoscuola.it/content/view/full/29267;2024/2025;3;72.72727272727273
https://www.vivoscuola.it/content/view/full/29632;2022/2023;1;100.0
https://www.vivoscuola.it/content/view/full/29632;2022/2023;2;100.0
https://www.vivoscuola.it/content/view/full/29632;2022/2023;3;100.0
https://www.vivoscuola.it/content/view/full/29632;2022/2023;4;100.0
https://www.vivoscuola.it/content/view/full/29632;2022/2023;5;100.0
https://www.vivoscuola.it/content/view/full/29632;2023/2024;1;100.0
https://www.vivoscuola.it/content/view/full/29632;2023/2024;2;100.0
https://www.vivoscuola.it/content/view/full/29632;2023/2024;3;100.0
https://www.vivoscuola.it/content/view/full/29632;2023/2024;4;100.0
https://www.vivoscuola.it/content/view/full/29632;2023/2024;5;100.0
https://www.vivoscuola.it/content/view/full/29632;2024/2025;1;100.0
https://www.vivoscuola.it/content/view/full/29632;2024/2025;2;100.0
https://www.vivoscuola.it/content/view/full/29632;2024/2025;3;100.0
https://www.vivoscuola.it/content/view/full/29632;2024/2025;4;100.0
https://www.vivoscuola.it/content/view/full/29632;2024/2025;5;100.0
https://www.vivoscuola.it/content/view/full/29635;2022/2023;1;100.0
https://www.vivoscuola.it/content/view/full/29635;2022/2023;2;100.0
https://www.vivoscuola.it/content/view/full/29635;2022/2023;3;100.0
https://www.vivoscuola.it/content/view/full/29635;2023/2024;1;98.3739837398374
https://www.vivoscuola.it/content/view/full/29635;2023/2024;2;99.02912621359224
https://www.vivoscuola.it/content/view/full/29635;2023/2024;3;98.95833333333334
https://www.vivoscuola.it/content/view/full/29635;2024/2025;1;100.0
https://www.vivoscuola.it/content/view/full/29635;2024/2025;2;100.0
https://www.vivoscuola.it/content/view/full/29635;2024/2025;3;97.16981132075472
https://www.vivoscuola.it/content/view/full/29633;2022/2023;1;100.0
https://www.vivoscuola.it/content/view/full/29633;2022/2023;2;100.0
https://www.vivoscuola.it/content/view/full/29633;2022/2023;3;100.0
https://www.vivoscuola.it/content/view/full/29633;2022/2023;4;100.0
https://www.vivoscuola.it/content/view/full/29633;2022/2023;5;100.0
https://www.vivoscuola.it/content/view/full/29633;2023/2024;1;97.36842105263158
https://www.vivoscuola.it/content/view/full/29633;2023/2024;2;100.0
https://www.vivoscuola.it/content/view/full/29633;2023/2024;3;100.0
https://www.vivoscuola.it/content/view/full/29633;2023/2024;4;100.0
https://www.vivoscuola.it/content/view/full/29633;2023/2024;5;100.0
https://www.vivoscuola.it/content/view/full/29633;2024/2025;1;100.0
https://www.vivoscuola.it/content/view/full/29633;2024/2025;2;100.0
https://www.vivoscuola.it/content/view/full/29633;2024/2025;3;100.0
https://www.vivoscuola.it/content/view/full/29633;2024/2025;4;100.0
https://www.vivoscuola.it/content/view/full/29633;2024/2025;5;100.0
https://www.vivoscuola.it/content/view/full/29512;2022/2023;1;100.0
https://www.vivoscuola.it/content/view/full/29512;2022/2023;2;100.0
https://www.vivoscuola.it/content/view/full/29512;2022/2023;3;100.0
https://www.vivoscuola.it/content/view/full/29512;2022/2023;4;100.0
https://www.vivoscuola.it/content/view/full/29512;2022/2023;5;100.0
https://www.vivoscuola.it/content/view/full/29512;2023/2024;1;87.5
https://www.vivoscuola.it/content/view/full/29512;2023/2024;2;100.0
https://www.vivoscuola.it/content/view/full/29512;2023/2024;3;100.0
https://www.vivoscuola.it/content/view/full/29512;2023/2024;4;100.0
https://www.vivoscuola.it/content/view/full/29512;2023/2024;5;100.0
https://www.vivoscuola.it/content/view/full/29512;2024/2025;1;100.0
https://www.vivoscuola.it/content/view/full/29512;2024/2025;2;100.0
https://www.vivoscuola.it/content/view/full/29512;2024/2025;3;100.0
https://www.vivoscuola.it/content/view/full/29512;2024/2025;4;100.0
https://www.vivoscuola.it/content/view/full/29512;2024/2025;5;100.0
https://www.vivoscuola.it/content/view/full/29634;2022/2023;1;100.0
https://www.vivoscuola.it/content/view/full/29634;2022/2023;2;100.0
https://www.vivoscuola.it/content/view/full/29634;2022/2023;3;100.0
https://www.vivoscuola.it/content/view/full/29634;2022/2023;4;100.0
https://www.vivoscuola.it/content/view/full/29634;2022/2023;5;100.0
https://www.vivoscuola.it/content/view/full/29634;2023/2024;1;100.0
https://www.vivoscuola.it/content/view/full/29634;2023/2024;2;100.0
https://www.vivoscuola.it/content/view/full/29634;2023/2024;3;100.0
https://www.vivoscuola.it/content/view/full/29634;2023/2024;4;100.0
https://www.vivoscuola.it/content/view/full/29634;2023/2024;5;100.0
https://www.vivoscuola.it/content/view/full/29634;2024/2025;1;100.0
https://www.vivoscuola.it/content/view/full/29634;2024/2025;2;100.0
https://www.vivoscuola.it/content/view/full/29634;2024/2025;3;100.0
https://www.vivoscuola.it/content/view/full/29634;2024/2025;4;100.0
https://www.vivoscuola.it/content/view/full/29634;2024/2025;5;100.0
https://www.vivoscuola.it/content/view/full/29514;2022/2023;1;100.0
https://www.vivoscuola.it/content/view/full/29514;2022/2023;2;100.0
https://www.vivoscuola.it/content/view/full/29514;2022/2023;3;100.0
https://www.vivoscuola.it/content/view/full/29514;2022/2023;4;100.0
https://www.vivoscuola.it/content/view/full/29514;2022/2023;5;100.0
https://www.vivoscuola.it/content/view/full/29514;2023/2024;1;100.0
https://www.vivoscuola.it/content/view/full/29514;2023/2024;2;100.0
https://www.vivoscuola.it/content/view/full/29514;2023/2024;3;100.0
https://www.vivoscuola.it/content/view/full/29514;2023/2024;4;100.0
https://www.vivoscuola.it/content/view/full/29514;2023/2024;5;100.0
https://www.vivoscuola.it/content/view/full/29514;2024/2025;1;100.0
https://www.vivoscuola.it/content/view/full/29514;2024/2025;2;100.0
https://www.vivoscuola.it/content/view/full/29514;2024/2025;3;100.0
https://www.vivoscuola.it/content/view/full/29514;2024/2025;4;100.0
https://www.vivoscuola.it/content/view/full/29514;2024/2025;5;100.0
https://www.vivoscuola.it/content/view/full/29516;2022/2023;1;100.0
https://www.vivoscuola.it/content/view/full/29516;2022/2023;2;100.0
https://www.vivoscuola.it/content/view/full/29516;2022/2023;3;100.0
https://www.vivoscuola.it/content/view/full/29516;2023/2024;1;98.18181818181819
https://www.vivoscuola.it/content/view/full/29516;2023/2024;2;100.0
https://www.vivoscuola.it/content/view/full/29516;2023/2024;3;100.0
https://www.vivoscuola.it/content/view/full/29516;2024/2025;1;100.0
https://www.vivoscuola.it/content/view/full/29516;2024/2025;2;98.18181818181819
https://www.vivoscuola.it/content/view/full/29516;2024/2025;3;100.0
https://www.vivoscuola.it/content/view/full/29513;2022/2023;1;100.0
https://www.vivoscuola.it/content/view/full/29513;2022/2023;2;100.0
https://www.vivoscuola.it/content/view/full/29513;2022/2023;3;100.0
https://www.vivoscuola.it/content/view/full/29513;2022/2023;4;100.0
https://www.vivoscuola.it/content/view/full/29513;2022/2023;5;100.0
https://www.vivoscuola.it/content/view/full/29513;2023/2024;1;100.0
https://www.vivoscuola.it/content/view/full/29513;2023/2024;2;100.0
https://www.vivoscuola.it/content/view/full/29513;2023/2024;3;100.0
https://www.vivoscuola.it/content/view/full/29513;2023/2024;4;100.0
https://www.vivoscuola.it/content/view/full/29513;2023/2024;5;100.0
https://www.vivoscuola.it/content/view/full/29513;2024/2025;1;100.0
https://www.vivoscuola.it/content/view/full/29513;2024/2025;2;100.0
https://www.vivoscuola.it/content/view/full/29513;2024/2025;3;100.0
https://www.vivoscuola.it/content/view/full/29513;2024/2025;4;100.0
https://www.vivoscuola.it/content/view/full/29513;2024/2025;5;100.0
https://www.vivoscuola.it/content/view/full/29515;2022/2023;1;100.0
https://www.vivoscuola.it/content/view/full/29515;2022/2023;2;100.0
https://www.vivoscuola.it/content/view/full/29515;2022/2023;3;100.0
https://www.vivoscuola.it/content/view/full/29515;2022/2023;4;100.0
https://www.vivoscuola.it/content/view/full/29515;2022/2023;5;100.0
https://www.vivoscuola.it/content/view/full/29515;2023/2024;1;100.0
https://www.vivoscuola.it/content/view/full/29515;2023/2024;2;100.0
https://www.vivoscuola.it/content/view/full/29515;2023/2024;3;100.0
https://www.vivoscuola.it/content/view/full/29515;2023/2024;4;100.0
https://www.vivoscuola.it/content/view/full/29515;2023/2024;5;100.0
https://www.vivoscuola.it/content/view/full/29515;2024/2025;1;100.0
https://www.vivoscuola.it/content/view/full/29515;2024/2025;2;100.0
https://www.vivoscuola.it/content/view/full/29515;2024/2025;3;100.0
https://www.vivoscuola.it/content/view/full/29515;2024/2025;4;100.0
https://www.vivoscuola.it/content/view/full/29515;2024/2025;5;100.0
https://www.vivoscuola.it/content/view/full/29517;2022/2023;1;100.0
https://www.vivoscuola.it/content/view/full/29517;2022/2023;2;100.0
https://www.vivoscuola.it/content/view/full/29517;2022/2023;3;100.0
https://www.vivoscuola.it/content/view/full/29517;2023/2024;1;100.0
https://www.vivoscuola.it/content/view/full/29517;2023/2024;2;100.0
https://www.vivoscuola.it/content/view/full/29517;2023/2024;3;100.0
https://www.vivoscuola.it/content/view/full/29517;2024/2025;1;100.0
https://www.vivoscuola.it/content/view/full/29517;2024/2025;2;100.0
https://www.vivoscuola.it/content/view/full/29517;2024/2025;3;96.7741935483871
https://www.vivoscuola.it/content/view/full/29713;2022/2023;1;100.0
https://www.vivoscuola.it/content/view/full/29713;2022/2023;2;100.0
https://www.vivoscuola.it/content/view/full/29713;2022/2023;3;100.0
https://www.vivoscuola.it/content/view/full/29713;2022/2023;4;100.0
https://www.vivoscuola.it/content/view/full/29713;2022/2023;5;100.0
https://www.vivoscuola.it/content/view/full/29713;2023/2024;1;100.0
https://www.vivoscuola.it/content/view/full/29713;2023/2024;2;100.0
https://www.vivoscuola.it/content/view/full/29713;2023/2024;3;100.0
https://www.vivoscuola.it/content/view/full/29713;2023/2024;4;100.0
https://www.vivoscuola.it/content/view/full/29713;2023/2024;5;100.0
https://www.vivoscuola.it/content/view/full/29713;2024/2025;1;100.0
https://www.vivoscuola.it/content/view/full/29713;2024/2025;2;100.0
https://www.vivoscuola.it/content/view/full/29713;2024/2025;3;100.0
https://www.vivoscuola.it/content/view/full/29713;2024/2025;4;100.0
https://www.vivoscuola.it/content/view/full/29713;2024/2025;5;100.0
https://www.vivoscuola.it/content/view/full/29716;2022/2023;1;97.63313609467455
https://www.vivoscuola.it/content/view/full/29716;2022/2023;2;97.05882352941177
https://www.vivoscuola.it/content/view/full/29716;2022/2023;3;99.42528735632183
https://www.vivoscuola.it/content/view/full/29716;2023/2024;1;99.34640522875817
https://www.vivoscuola.it/content/view/full/29716;2023/2024;2;100.0
https://www.vivoscuola.it/content/view/full/29716;2023/2024;3;98.44961240310077
https://www.vivoscuola.it/content/view/full/29716;2024/2025;1;98.52941176470588
https://www.vivoscuola.it/content/view/full/29716;2024/2025;2;100.0
https://www.vivoscuola.it/content/view/full/29716;2024/2025;3;98.24561403508771
https://www.vivoscuola.it/content/view/full/29712;2022/2023;1;100.0
https://www.vivoscuola.it/content/view/full/29712;2022/2023;2;100.0
https://www.vivoscuola.it/content/view/full/29712;2022/2023;3;100.0
https://www.vivoscuola.it/content/view/full/29712;2022/2023;4;100.0
https://www.vivoscuola.it/content/view/full/29712;2022/2023;5;100.0
https://www.vivoscuola.it/content/view/full/29712;2023/2024;1;100.0
https://www.vivoscuola.it/content/view/full/29712;2023/2024;2;100.0
https://www.vivoscuola.it/content/view/full/29712;2023/2024;3;100.0
https://www.vivoscuola.it/content/view/full/29712;2023/2024;4;100.0
https://www.vivoscuola.it/content/view/full/29712;2023/2024;5;100.0
https://www.vivoscuola.it/content/view/full/29712;2024/2025;1;100.0
https://www.vivoscuola.it/content/view/full/29712;2024/2025;2;100.0
https://www.vivoscuola.it/content/view/full/29712;2024/2025;3;100.0
https://www.vivoscuola.it/content/view/full/29712;2024/2025;4;100.0
https://www.vivoscuola.it/content/view/full/29712;2024/2025;5;100.0
https://www.vivoscuola.it/content/view/full/29714;2022/2023;1;100.0
https://www.vivoscuola.it/content/view/full/29714;2022/2023;2;98.4126984126984
https://www.vivoscuola.it/content/view/full/29714;2022/2023;3;100.0
https://www.vivoscuola.it/content/view/full/29714;2022/2023;4;100.0
https://www.vivoscuola.it/content/view/full/29714;2022/2023;5;98.50746268656717
https://www.vivoscuola.it/content/view/full/29714;2023/2024;1;100.0
https://www.vivoscuola.it/content/view/full/29714;2023/2024;2;100.0
https://www.vivoscuola.it/content/view/full/29714;2023/2024;3;100.0
https://www.vivoscuola.it/content/view/full/29714;2023/2024;4;100.0
https://www.vivoscuola.it/content/view/full/29714;2023/2024;5;100.0
https://www.vivoscuola.it/content/view/full/29714;2024/2025;1;100.0
https://www.vivoscuola.it/content/view/full/29714;2024/2025;2;100.0
https://www.vivoscuola.it/content/view/full/29714;2024/2025;3;100.0
https://www.vivoscuola.it/content/view/full/29714;2024/2025;4;100.0
https://www.vivoscuola.it/content/view/full/29714;2024/2025;5;100.0
https://www.vivoscuola.it/content/view/full/29715;2022/2023;1;100.0
https://www.vivoscuola.it/content/view/full/29715;2022/2023;2;100.0
https://www.vivoscuola.it/content/view/full/29715;2022/2023;3;100.0
https://www.vivoscuola.it/content/view/full/29715;2022/2023;4;100.0
https://www.vivoscuola.it/content/view/full/29715;2022/2023;5;100.0
https://www.vivoscuola.it/content/view/full/29715;2023/2024;1;100.0
https://www.vivoscuola.it/content/view/full/29715;2023/2024;2;100.0
https://www.vivoscuola.it/content/view/full/29715;2023/2024;3;100.0
https://www.vivoscuola.it/content/view/full/29715;2023/2024;4;100.0
https://www.vivoscuola.it/content/view/full/29715;2023/2024;5;100.0
https://www.vivoscuola.it/content/view/full/29715;2024/2025;1;100.0
https://www.vivoscuola.it/content/view/full/29715;2024/2025;2;100.0
https://www.vivoscuola.it/content/view/full/29715;2024/2025;3;100.0
https://www.vivoscuola.it/content/view/full/29715;2024/2025;4;100.0
https://www.vivoscuola.it/content/view/full/29715;2024/2025;5;100.0
https://www.vivoscuola.it/content/view/full/29594;2022/2023;1;92.3076923076923
https://www.vivoscuola.it/content/view/full/29594;2022/2023;2;100.0
https://www.vivoscuola.it/content/view/full/29594;2022/2023;3;100.0
https://www.vivoscuola.it/content/view/full/29594;2022/2023;4;100.0
https://www.vivoscuola.it/content/view/full/29594;2022/2023;5;100.0
https://www.vivoscuola.it/content/view/full/29594;2023/2024;1;100.0
https://www.vivoscuola.it/content/view/full/29594;2023/2024;2;100.0
https://www.vivoscuola.it/content/view/full/29594;2023/2024;3;100.0
https://www.vivoscuola.it/content/view/full/29594;2023/2024;4;100.0
https://www.vivoscuola.it/content/view/full/29594;2023/2024;5;100.0
https://www.vivoscuola.it/content/view/full/29594;2024/2025;1;100.0
https://www.vivoscuola.it/content/view/full/29594;2024/2025;2;100.0
https://www.vivoscuola.it/content/view/full/29594;2024/2025;3;100.0
https://www.vivoscuola.it/content/view/full/29594;2024/2025;4;100.0
https://www.vivoscuola.it/content/view/full/29594;2024/2025;5;100.0
https://www.vivoscuola.it/content/view/full/29591;2022/2023;1;100.0
https://www.vivoscuola.it/content/view/full/29591;2022/2023;2;100.0
https://www.vivoscuola.it/content/view/full/29591;2022/2023;3;100.0
https://www.vivoscuola.it/content/view/full/29591;2022/2023;4;100.0
https://www.vivoscuola.it/content/view/full/29591;2022/2023;5;100.0
https://www.vivoscuola.it/content/view/full/29591;2023/2024;1;100.0
https://www.vivoscuola.it/content/view/full/29591;2023/2024;2;100.0
https://www.vivoscuola.it/content/view/full/29591;2023/2024;3;100.0
https://www.vivoscuola.it/content/view/full/29591;2023/2024;4;100.0
https://www.vivoscuola.it/content/view/full/29591;2023/2024;5;100.0
https://www.vivoscuola.it/content/view/full/29591;2024/2025;1;100.0
https://www.vivoscuola.it/content/view/full/29591;2024/2025;2;100.0
https://www.vivoscuola.it/content/view/full/29591;2024/2025;3;100.0
https://www.vivoscuola.it/content/view/full/29591;2024/2025;4;100.0
https://www.vivoscuola.it/content/view/full/29591;2024/2025;5;100.0
https://www.vivoscuola.it/content/view/full/29593;2022/2023;1;100.0
https://www.vivoscuola.it/content/view/full/29593;2022/2023;2;100.0
https://www.vivoscuola.it/content/view/full/29593;2022/2023;3;100.0
https://www.vivoscuola.it/content/view/full/29593;2022/2023;4;100.0
https://www.vivoscuola.it/content/view/full/29593;2022/2023;5;100.0
https://www.vivoscuola.it/content/view/full/29593;2023/2024;1;100.0
https://www.vivoscuola.it/content/view/full/29593;2023/2024;2;100.0
https://www.vivoscuola.it/content/view/full/29593;2023/2024;3;100.0
https://www.vivoscuola.it/content/view/full/29593;2023/2024;4;100.0
https://www.vivoscuola.it/content/view/full/29593;2023/2024;5;100.0
https://www.vivoscuola.it/content/view/full/29593;2024/2025;1;100.0
https://www.vivoscuola.it/content/view/full/29593;2024/2025;2;100.0
https://www.vivoscuola.it/content/view/full/29593;2024/2025;3;100.0
https://www.vivoscuola.it/content/view/full/29593;2024/2025;4;100.0
https://www.vivoscuola.it/content/view/full/29593;2024/2025;5;100.0
https://www.vivoscuola.it/content/view/full/29592;2022/2023;1;100.0
https://www.vivoscuola.it/content/view/full/29592;2022/2023;2;100.0
https://www.vivoscuola.it/content/view/full/29592;2022/2023;3;100.0
https://www.vivoscuola.it/content/view/full/29592;2022/2023;4;0.0
https://www.vivoscuola.it/content/view/full/29592;2022/2023;5;100.0
https://www.vivoscuola.it/content/view/full/29592;2023/2024;1;100.0
https://www.vivoscuola.it/content/view/full/29592;2023/2024;2;100.0
https://www.vivoscuola.it/content/view/full/29592;2023/2024;3;100.0
https://www.vivoscuola.it/content/view/full/29592;2023/2024;4;100.0
https://www.vivoscuola.it/content/view/full/29592;2023/2024;5;0.0
https://www.vivoscuola.it/content/view/full/29592;2024/2025;1;100.0
https://www.vivoscuola.it/content/view/full/29592;2024/2025;2;100.0
https://www.vivoscuola.it/content/view/full/29592;2024/2025;3;100.0
https://www.vivoscuola.it/content/view/full/29592;2024/2025;4;100.0
https://www.vivoscuola.it/content/view/full/29592;2024/2025;5;100.0
https://www.vivoscuola.it/content/view/full/29595;2022/2023;1;100.0
https://www.vivoscuola.it/content/view/full/29595;2022/2023;2;100.0
https://www.vivoscuola.it/content/view/full/29595;2022/2023;3;100.0
https://www.vivoscuola.it/content/view/full/29595;2022/2023;4;100.0
https://www.vivoscuola.it/content/view/full/29595;2022/2023;5;100.0
https://www.vivoscuola.it/content/view/full/29595;2023/2024;1;100.0
https://www.vivoscuola.it/content/view/full/29595;2023/2024;2;100.0
https://www.vivoscuola.it/content/view/full/29595;2023/2024;3;100.0
https://www.vivoscuola.it/content/view/full/29595;2023/2024;4;100.0
https://www.vivoscuola.it/content/view/full/29595;2023/2024;5;100.0
https://www.vivoscuola.it/content/view/full/29595;2024/2025;1;100.0
https://www.vivoscuola.it/content/view/full/29595;2024/2025;2;100.0
https://www.vivoscuola.it/content/view/full/29595;2024/2025;3;100.0
https://www.vivoscuola.it/content/view/full/29595;2024/2025;4;100.0
https://www.vivoscuola.it/content/view/full/29595;2024/2025;5;100.0
https://www.vivoscuola.it/content/view/full/29597;2022/2023;1;100.0
https://www.vivoscuola.it/content/view/full/29597;2022/2023;2;100.0
https://www.vivoscuola.it/content/view/full/29597;2022/2023;3;100.0
https://www.vivoscuola.it/content/view/full/29597;2023/2024;1;100.0
https://www.vivoscuola.it/content/view/full/29597;2023/2024;2;100.0
https://www.vivoscuola.it/content/view/full/29597;2023/2024;3;100.0
https://www.vivoscuola.it/content/view/full/29597;2024/2025;1;100.0
https://www.vivoscuola.it/content/view/full/29597;2024/2025;2;100.0
https://www.vivoscuola.it/content/view/full/29597;2024/2025;3;98.88888888888889
https://www.vivoscuola.it/content/view/full/29596;2022/2023;1;100.0
https://www.vivoscuola.it/content/view/full/29596;2022/2023;2;100.0
https://www.vivoscuola.it/content/view/full/29596;2022/2023;3;100.0
https://www.vivoscuola.it/content/view/full/29596;2022/2023;4;100.0
https://www.vivoscuola.it/content/view/full/29596;2022/2023;5;100.0
https://www.vivoscuola.it/content/view/full/29596;2023/2024;1;100.0
https://www.vivoscuola.it/content/view/full/29596;2023/2024;2;100.0
https://www.vivoscuola.it/content/view/full/29596;2023/2024;3;100.0
https://www.vivoscuola.it/content/view/full/29596;2023/2024;4;100.0
https://www.vivoscuola.it/content/view/full/29596;2023/2024;5;100.0
https://www.vivoscuola.it/content/view/full/29596;2024/2025;1;100.0
https://www.vivoscuola.it/content/view/full/29596;2024/2025;2;100.0
https://www.vivoscuola.it/content/view/full/29596;2024/2025;3;100.0
https://www.vivoscuola.it/content/view/full/29596;2024/2025;4;100.0
https://www.vivoscuola.it/content/view/full/29596;2024/2025;5;100.0
https://www.vivoscuola.it/content/view/full/29599;2022/2023;1;100.0
https://www.vivoscuola.it/content/view/full/29599;2022/2023;2;100.0
https://www.vivoscuola.it/content/view/full/29599;2022/2023;3;100.0
https://www.vivoscuola.it/content/view/full/29599;2023/2024;1;100.0
https://www.vivoscuola.it/content/view/full/29599;2023/2024;2;100.0
https://www.vivoscuola.it/content/view/full/29599;2023/2024;3;100.0
https://www.vivoscuola.it/content/view/full/29599;2024/2025;1;100.0
https://www.vivoscuola.it/content/view/full/29599;2024/2025;2;100.0
https://www.vivoscuola.it/content/view/full/29599;2024/2025;3;100.0
https://www.vivoscuola.it/content/view/full/29598;2022/2023;1;100.0
https://www.vivoscuola.it/content/view/full/29598;2022/2023;2;100.0
https://www.vivoscuola.it/content/view/full/29598;2022/2023;3;100.0
https://www.vivoscuola.it/content/view/full/29598;2023/2024;1;100.0
https://www.vivoscuola.it/content/view/full/29598;2023/2024;2;100.0
https://www.vivoscuola.it/content/view/full/29598;2023/2024;3;100.0
https://www.vivoscuola.it/content/view/full/29598;2024/2025;1;100.0
https://www.vivoscuola.it/content/view/full/29598;2024/2025;2;100.0
https://www.vivoscuola.it/content/view/full/29598;2024/2025;3;100.0
https://www.vivoscuola.it/content/view/full/29761;2022/2023;1;0.0
https://www.vivoscuola.it/content/view/full/29761;2022/2023;2;0.0
https://www.vivoscuola.it/content/view/full/29761;2022/2023;3;66.66666666666666
https://www.vivoscuola.it/content/view/full/29761;2023/2024;1;0.0
https://www.vivoscuola.it/content/view/full/29761;2023/2024;2;0.0
https://www.vivoscuola.it/content/view/full/29761;2023/2024;3;63.1578947368421
https://www.vivoscuola.it/content/view/full/29761;2024/2025;1;0.0
https://www.vivoscuola.it/content/view/full/29761;2024/2025;2;0.0
https://www.vivoscuola.it/content/view/full/29761;2024/2025;3;30.0
https://www.vivoscuola.it/content/view/full/29899;2022/2023;1;93.86503067484662
https://www.vivoscuola.it/content/view/full/29899;2022/2023;2;95.20958083832335
https://www.vivoscuola.it/content/view/full/29899;2022/2023;3;95.27027027027027
https://www.vivoscuola.it/content/view/full/29899;2022/2023;4;97.12230215827337
https://www.vivoscuola.it/content/view/full/29899;2022/2023;5;100.0
https://www.vivoscuola.it/content/view/full/29899;2023/2024;1;92.02453987730061
https://www.vivoscuola.it/content/view/full/29899;2023/2024;2;91.77215189873418
https://www.vivoscuola.it/content/view/full/29899;2023/2024;3;96.27329192546584
https://www.vivoscuola.it/content/view/full/29899;2023/2024;4;100.0
https://www.vivoscuola.it/content/view/full/29899;2023/2024;5;99.26470588235294
https://www.vivoscuola.it/content/view/full/29899;2024/2025;1;86.07594936708861
https://www.vivoscuola.it/content/view/full/29899;2024/2025;2;95.07042253521126
https://www.vivoscuola.it/content/view/full/29899;2024/2025;3;98.58156028368793
https://www.vivoscuola.it/content/view/full/29899;2024/2025;4;99.35483870967742
https://www.vivoscuola.it/content/view/full/29899;2024/2025;5;99.29577464788733
https://www.vivoscuola.it/content/view/full/29762;2022/2023;1;0.0
https://www.vivoscuola.it/content/view/full/29762;2022/2023;2;27.27272727272727
https://www.vivoscuola.it/content/view/full/29762;2022/2023;3;0.0
https://www.vivoscuola.it/content/view/full/29762;2022/2023;4;30.0
https://www.vivoscuola.it/content/view/full/29762;2022/2023;5;61.53846153846154
https://www.vivoscuola.it/content/view/full/29762;2023/2024;1;0.0
https://www.vivoscuola.it/content/view/full/29762;2023/2024;2;10.0
https://www.vivoscuola.it/content/view/full/29762;2023/2024;3;0.0
https://www.vivoscuola.it/content/view/full/29762;2023/2024;4;22.727272727272727
https://www.vivoscuola.it/content/view/full/29762;2023/2024;5;63.63636363636363
https://www.vivoscuola.it/content/view/full/29762;2024/2025;1;0.0
https://www.vivoscuola.it/content/view/full/29762;2024/2025;2;0.0
https://www.vivoscuola.it/content/view/full/29762;2024/2025;3;0.0
https://www.vivoscuola.it/content/view/full/29762;2024/2025;4;23.076923076923077
https://www.vivoscuola.it/content/view/full/29762;2024/2025;5;81.25
https://www.vivoscuola.it/content/view/full/29764;2022/2023;1;0.0
https://www.vivoscuola.it/content/view/full/29764;2022/2023;2;0.0
https://www.vivoscuola.it/content/view/full/29764;2022/2023;3;4.761904761904762
https://www.vivoscuola.it/content/view/full/29764;2022/2023;4;46.666666666666664
https://www.vivoscuola.it/content/view/full/29764;2022/2023;5;81.81818181818183
https://www.vivoscuola.it/content/view/full/29764;2023/2024;1;0.0
https://www.vivoscuola.it/content/view/full/29764;2023/2024;2;50.0
https://www.vivoscuola.it/content/view/full/29764;2023/2024;3;6.25
https://www.vivoscuola.it/content/view/full/29764;2023/2024;4;22.22222222222222
https://www.vivoscuola.it/content/view/full/29764;2023/2024;5;76.92307692307693
https://www.vivoscuola.it/content/view/full/29764;2024/2025;1;0.0
https://www.vivoscuola.it/content/view/full/29764;2024/2025;2;30.0
https://www.vivoscuola.it/content/view/full/29764;2024/2025;3;13.043478260869565
https://www.vivoscuola.it/content/view/full/29764;2024/2025;4;55.55555555555556
https://www.vivoscuola.it/content/view/full/29764;2024/2025;5;70.0
https://www.vivoscuola.it/content/view/full/29765;2022/2023;1;96.29629629629629
https://www.vivoscuola.it/content/view/full/29765;2022/2023;2;100.0
https://www.vivoscuola.it/content/view/full/29765;2022/2023;3;100.0
https://www.vivoscuola.it/content/view/full/29765;2022/2023;4;100.0
https://www.vivoscuola.it/content/view/full/29765;2022/2023;5;100.0
https://www.vivoscuola.it/content/view/full/29765;2023/2024;1;87.5
https://www.vivoscuola.it/content/view/full/29765;2023/2024;2;92.3076923076923
https://www.vivoscuola.it/content/view/full/29765;2023/2024;3;100.0
https://www.vivoscuola.it/content/view/full/29765;2023/2024;4;100.0
https://www.vivoscuola.it/content/view/full/29765;2023/2024;5;91.66666666666666
https://www.vivoscuola.it/content/view/full/29765;2024/2025;1;91.30434782608695
https://www.vivoscuola.it/content/view/full/29765;2024/2025;2;95.83333333333334
https://www.vivoscuola.it/content/view/full/29765;2024/2025;3;100.0
https://www.vivoscuola.it/content/view/full/29765;2024/2025;4;100.0
https://www.vivoscuola.it/content/view/full/29765;2024/2025;5;100.0
https://www.vivoscuola.it/content/view/full/29763;2022/2023;1;92.72727272727272
https://www.vivoscuola.it/content/view/full/29763;2022/2023;2;92.3076923076923
https://www.vivoscuola.it/content/view/full/29763;2022/2023;3;100.0
https://www.vivoscuola.it/content/view/full/29763;2022/2023;4;100.0
https://www.vivoscuola.it/content/view/full/29763;2022/2023;5;100.0
https://www.vivoscuola.it/content/view/full/29763;2023/2024;1;87.5
https://www.vivoscuola.it/content/view/full/29763;2023/2024;2;98.24561403508771
https://www.vivoscuola.it/content/view/full/29763;2023/2024;3;86.11111111111111
https://www.vivoscuola.it/content/view/full/29763;2023/2024;4;100.0
https://www.vivoscuola.it/content/view/full/29763;2023/2024;5;100.0
https://www.vivoscuola.it/content/view/full/29763;2024/2025;1;95.91836734693877
https://www.vivoscuola.it/content/view/full/29763;2024/2025;2;100.0
https://www.vivoscuola.it/content/view/full/29763;2024/2025;3;93.22033898305084
https://www.vivoscuola.it/content/view/full/29763;2024/2025;4;100.0
https://www.vivoscuola.it/content/view/full/29763;2024/2025;5;97.61904761904762
https://www.vivoscuola.it/content/view/full/29766;2022/2023;1;0.0
https://www.vivoscuola.it/content/view/full/29766;2022/2023;2;60.0
https://www.vivoscuola.it/content/view/full/29766;2022/2023;3;0.0
https://www.vivoscuola.it/content/view/full/29766;2022/2023;4;100.0
https://www.vivoscuola.it/content/view/full/29766;2022/2023;5;50.0
https://www.vivoscuola.it/content/view/full/29766;2023/2024;1;0.0
https://www.vivoscuola.it/content/view/full/29766;2023/2024;2;0.0
https://www.vivoscuola.it/content/view/full/29766;2023/2024;3;0.0
https://www.vivoscuola.it/content/view/full/29766;2023/2024;4;40.0
https://www.vivoscuola.it/content/view/full/29766;2023/2024;5;80.0
https://www.vivoscuola.it/content/view/full/29766;2024/2025;1;0.0
https://www.vivoscuola.it/content/view/full/29766;2024/2025;2;0.0
https://www.vivoscuola.it/content/view/full/29766;2024/2025;3;16.666666666666664
https://www.vivoscuola.it/content/view/full/29766;2024/2025;4;42.857142857142854
https://www.vivoscuola.it/content/view/full/29766;2024/2025;5;80.0
https://www.vivoscuola.it/content/view/full/29767;2022/2023;1;95.1219512195122
https://www.vivoscuola.it/content/view/full/29767;2022/2023;2;96.42857142857143
https://www.vivoscuola.it/content/view/full/29767;2022/2023;3;100.0
https://www.vivoscuola.it/content/view/full/29767;2022/2023;4;92.85714285714286
https://www.vivoscuola.it/content/view/full/29767;2022/2023;5;93.54838709677419
https://www.vivoscuola.it/content/view/full/29767;2023/2024;1;96.7741935483871
https://www.vivoscuola.it/content/view/full/29767;2023/2024;2;94.5945945945946
https://www.vivoscuola.it/content/view/full/29767;2023/2024;3;96.42857142857143
https://www.vivoscuola.it/content/view/full/29767;2023/2024;4;100.0
https://www.vivoscuola.it/content/view/full/29767;2023/2024;5;100.0
https://www.vivoscuola.it/content/view/full/29767;2024/2025;1;91.66666666666666
https://www.vivoscuola.it/content/view/full/29767;2024/2025;2;96.66666666666667
https://www.vivoscuola.it/content/view/full/29767;2024/2025;3;94.28571428571428
https://www.vivoscuola.it/content/view/full/29767;2024/2025;4;100.0
https://www.vivoscuola.it/content/view/full/29767;2024/2025;5;100.0
https://www.vivoscuola.it/content/view/full/29769;2022/2023;1;97.2972972972973
https://www.vivoscuola.it/content/view/full/29769;2022/2023;2;100.0
https://www.vivoscuola.it/content/view/full/29769;2022/2023;3;97.05882352941177
https://www.vivoscuola.it/content/view/full/29769;2022/2023;4;96.96969696969697
https://www.vivoscuola.it/content/view/full/29769;2022/2023;5;100.0
https://www.vivoscuola.it/content/view/full/29769;2023/2024;1;83.33333333333334
https://www.vivoscuola.it/content/view/full/29769;2023/2024;2;96.7741935483871
https://www.vivoscuola.it/content/view/full/29769;2023/2024;3;100.0
https://www.vivoscuola.it/content/view/full/29769;2023/2024;4;100.0
https://www.vivoscuola.it/content/view/full/29769;2023/2024;5;97.2972972972973
https://www.vivoscuola.it/content/view/full/29769;2024/2025;1;92.85714285714286
https://www.vivoscuola.it/content/view/full/29769;2024/2025;2;90.0
https://www.vivoscuola.it/content/view/full/29769;2024/2025;3;100.0
https://www.vivoscuola.it/content/view/full/29769;2024/2025;4;100.0
https://www.vivoscuola.it/content/view/full/29769;2024/2025;5;100.0
https://www.vivoscuola.it/content/view/full/29768;2022/2023;1;100.0
https://www.vivoscuola.it/content/view/full/29768;2022/2023;2;100.0
https://www.vivoscuola.it/content/view/full/29768;2022/2023;3;96.55172413793103
https://www.vivoscuola.it/content/view/full/29768;2022/2023;4;100.0
https://www.vivoscuola.it/content/view/full/29768;2022/2023;5;100.0
https://www.vivoscuola.it/content/view/full/29768;2023/2024;1;100.0
https://www.vivoscuola.it/content/view/full/29768;2023/2024;2;89.28571428571429
https://www.vivoscuola.it/content/view/full/29768;2023/2024;3;83.33333333333334
https://www.vivoscuola.it/content/view/full/29768;2023/2024;4;100.0
https://www.vivoscuola.it/content/view/full/29768;2023/2024;5;96.42857142857143
https://www.vivoscuola.it/content/view/full/29768;2024/2025;1;95.23809523809523
https://www.vivoscuola.it/content/view/full/29768;2024/2025;2;95.45454545454545
https://www.vivoscuola.it/content/view/full/29768;2024/2025;3;100.0
https://www.vivoscuola.it/content/view/full/29768;2024/2025;4;100.0
https://www.vivoscuola.it/content/view/full/29768;2024/2025;5;100.0
https://www.vivoscuola.it/content/view/full/29281;2022/2023;1;88.88888888888889
https://www.vivoscuola.it/content/view/full/29281;2022/2023;2;78.26086956521739
https://www.vivoscuola.it/content/view/full/29281;2022/2023;3;76.92307692307693
https://www.vivoscuola.it/content/view/full/29281;2022/2023;4;100.0
https://www.vivoscuola.it/content/view/full/29281;2023/2024;1;76.19047619047619
https://www.vivoscuola.it/content/view/full/29281;2023/2024;2;79.06976744186046
https://www.vivoscuola.it/content/view/full/29281;2023/2024;3;76.0
https://www.vivoscuola.it/content/view/full/29281;2023/2024;4;88.23529411764706
https://www.vivoscuola.it/content/view/full/29281;2024/2025;1;90.0
https://www.vivoscuola.it/content/view/full/29281;2024/2025;2;88.88888888888889
https://www.vivoscuola.it/content/view/full/29281;2024/2025;3;76.92307692307693
https://www.vivoscuola.it/content/view/full/29281;2024/2025;4;100.0
https://www.vivoscuola.it/content/view/full/170204;2022/2023;1;0.0
https://www.vivoscuola.it/content/view/full/170204;2022/2023;2;0.0
https://www.vivoscuola.it/content/view/full/170204;2022/2023;3;0.0
https://www.vivoscuola.it/content/view/full/170204;2022/2023;4;0.0
https://www.vivoscuola.it/content/view/full/170204;2022/2023;5;0.0
https://www.vivoscuola.it/content/view/full/170204;2023/2024;1;0.0
https://www.vivoscuola.it/content/view/full/170204;2023/2024;2;0.0
https://www.vivoscuola.it/content/view/full/170204;2023/2024;3;0.0
https://www.vivoscuola.it/content/view/full/170204;2023/2024;4;0.0
https://www.vivoscuola.it/content/view/full/170204;2023/2024;5;0.0
https://www.vivoscuola.it/content/view/full/170204;2024/2025;1;0.0
https://www.vivoscuola.it/content/view/full/170204;2024/2025;2;0.0
https://www.vivoscuola.it/content/view/full/170204;2024/2025;3;0.0
https://www.vivoscuola.it/content/view/full/170204;2024/2025;4;0.0
https://www.vivoscuola.it/content/view/full/170204;2024/2025;5;72.72727272727273
https://www.vivoscuola.it/content/view/full/29883;2022/2023;1;83.9506172839506
https://www.vivoscuola.it/content/view/full/29883;2022/2023;2;98.10126582278481
https://www.vivoscuola.it/content/view/full/29883;2022/2023;3;86.95652173913044
https://www.vivoscuola.it/content/view/full/29883;2022/2023;4;92.42424242424242
https://www.vivoscuola.it/content/view/full/29883;2022/2023;5;94.63087248322147
https://www.vivoscuola.it/content/view/full/29883;2023/2024;1;86.1878453038674
https://www.vivoscuola.it/content/view/full/29883;2023/2024;2;93.5251798561151
https://www.vivoscuola.it/content/view/full/29883;2023/2024;3;85.2760736196319
https://www.vivoscuola.it/content/view/full/29883;2023/2024;4;91.12903225806451
https://www.vivoscuola.it/content/view/full/29883;2023/2024;5;95.16129032258065
https://www.vivoscuola.it/content/view/full/29883;2024/2025;1;85.0
https://www.vivoscuola.it/content/view/full/29883;2024/2025;2;92.99363057324841
https://www.vivoscuola.it/content/view/full/29883;2024/2025;3;88.35616438356165
https://www.vivoscuola.it/content/view/full/29883;2024/2025;4;94.28571428571428
https://www.vivoscuola.it/content/view/full/29883;2024/2025;5;97.5
https://www.vivoscuola.it/content/view/full/29882;2022/2023;1;0.0
https://www.vivoscuola.it/content/view/full/29882;2022/2023;2;0.0
https://www.vivoscuola.it/content/view/full/29882;2022/2023;3;83.33333333333334
https://www.vivoscuola.it/content/view/full/29882;2023/2024;1;0.0
https://www.vivoscuola.it/content/view/full/29882;2023/2024;2;0.0
https://www.vivoscuola.it/content/view/full/29882;2023/2024;3;73.03370786516854
https://www.vivoscuola.it/content/view/full/29882;2024/2025;1;35.294117647058826
https://www.vivoscuola.it/content/view/full/29882;2024/2025;2;0.0
https://www.vivoscuola.it/content/view/full/29882;2024/2025;3;75.0
https://www.vivoscuola.it/content/view/full/29885;2022/2023;1;5.0
https://www.vivoscuola.it/content/view/full/29885;2022/2023;2;45.45454545454545
https://www.vivoscuola.it/content/view/full/29885;2022/2023;3;16.666666666666664
https://www.vivoscuola.it/content/view/full/29885;2022/2023;4;61.53846153846154
https://www.vivoscuola.it/content/view/full/29885;2022/2023;5;89.28571428571429
https://www.vivoscuola.it/content/view/full/29885;2023/2024;1;7.5
https://www.vivoscuola.it/content/view/full/29885;2023/2024;2;25.0
https://www.vivoscuola.it/content/view/full/29885;2023/2024;3;15.686274509803921
https://www.vivoscuola.it/content/view/full/29885;2023/2024;4;75.0
https://www.vivoscuola.it/content/view/full/29885;2023/2024;5;75.0
https://www.vivoscuola.it/content/view/full/29885;2024/2025;1;10.909090909090908
https://www.vivoscuola.it/content/view/full/29885;2024/2025;2;12.5
https://www.vivoscuola.it/content/view/full/29885;2024/2025;3;30.909090909090907
https://www.vivoscuola.it/content/view/full/29885;2024/2025;4;50.0
https://www.vivoscuola.it/content/view/full/29885;2024/2025;5;81.48148148148148
https://www.vivoscuola.it/content/view/full/29884;2022/2023;1;75.40983606557377
https://www.vivoscuola.it/content/view/full/29884;2022/2023;2;85.71428571428571
https://www.vivoscuola.it/content/view/full/29884;2022/2023;3;94.28571428571428
https://www.vivoscuola.it/content/view/full/29884;2022/2023;4;93.61702127659575
https://www.vivoscuola.it/content/view/full/29884;2022/2023;5;81.57894736842105
https://www.vivoscuola.it/content/view/full/29884;2023/2024;1;76.78571428571429
https://www.vivoscuola.it/content/view/full/29884;2023/2024;2;86.88524590163934
https://www.vivoscuola.it/content/view/full/29884;2023/2024;3;91.42857142857143
https://www.vivoscuola.it/content/view/full/29884;2023/2024;4;95.52238805970148
https://www.vivoscuola.it/content/view/full/29884;2023/2024;5;97.5609756097561
https://www.vivoscuola.it/content/view/full/29884;2024/2025;1;78.94736842105263
https://www.vivoscuola.it/content/view/full/29884;2024/2025;2;89.47368421052632
https://www.vivoscuola.it/content/view/full/29884;2024/2025;3;91.66666666666666
https://www.vivoscuola.it/content/view/full/29884;2024/2025;4;97.05882352941177
https://www.vivoscuola.it/content/view/full/29884;2024/2025;5;96.92307692307692
https://www.vivoscuola.it/content/view/full/29730;2022/2023;1;100.0
https://www.vivoscuola.it/content/view/full/29730;2022/2023;2;100.0
https://www.vivoscuola.it/content/view/full/29730;2022/2023;3;100.0
https://www.vivoscuola.it/content/view/full/29730;2022/2023;4;100.0
https://www.vivoscuola.it/content/view/full/29730;2022/2023;5;100.0
https://www.vivoscuola.it/content/view/full/29730;2023/2024;1;100.0
https://www.vivoscuola.it/content/view/full/29730;2023/2024;2;100.0
https://www.vivoscuola.it/content/view/full/29730;2023/2024;3;100.0
https://www.vivoscuola.it/content/view/full/29730;2023/2024;4;100.0
https://www.vivoscuola.it/content/view/full/29730;2023/2024;5;100.0
https://www.vivoscuola.it/content/view/full/29730;2024/2025;1;100.0
https://www.vivoscuola.it/content/view/full/29730;2024/2025;2;100.0
https://www.vivoscuola.it/content/view/full/29730;2024/2025;3;100.0
https://www.vivoscuola.it/content/view/full/29730;2024/2025;4;100.0
https://www.vivoscuola.it/content/view/full/29730;2024/2025;5;100.0
https://www.vivoscuola.it/content/view/full/29731;2022/2023;1;100.0
https://www.vivoscuola.it/content/view/full/29731;2022/2023;2;98.07692307692307
https://www.vivoscuola.it/content/view/full/29731;2022/2023;3;100.0
https://www.vivoscuola.it/content/view/full/29731;2022/2023;4;100.0
https://www.vivoscuola.it/content/view/full/29731;2022/2023;5;100.0
https://www.vivoscuola.it/content/view/full/29731;2023/2024;1;100.0
https://www.vivoscuola.it/content/view/full/29731;2023/2024;2;100.0
https://www.vivoscuola.it/content/view/full/29731;2023/2024;3;100.0
https://www.vivoscuola.it/content/view/full/29731;2023/2024;4;100.0
https://www.vivoscuola.it/content/view/full/29731;2023/2024;5;100.0
https://www.vivoscuola.it/content/view/full/29731;2024/2025;1;100.0
https://www.vivoscuola.it/content/view/full/29731;2024/2025;2;100.0
https://www.vivoscuola.it/content/view/full/29731;2024/2025;3;100.0
https://www.vivoscuola.it/content/view/full/29731;2024/2025;4;100.0
https://www.vivoscuola.it/content/view/full/29731;2024/2025;5;100.0
https://www.vivoscuola.it/content/view/full/29732;2022/2023;1;100.0
https://www.vivoscuola.it/content/view/full/29732;2022/2023;2;100.0
https://www.vivoscuola.it/content/view/full/29732;2022/2023;3;100.0
https://www.vivoscuola.it/content/view/full/29732;2022/2023;4;100.0
https://www.vivoscuola.it/content/view/full/29732;2022/2023;5;100.0
https://www.vivoscuola.it/content/view/full/29732;2023/2024;1;100.0
https://www.vivoscuola.it/content/view/full/29732;2023/2024;2;100.0
https://www.vivoscuola.it/content/view/full/29732;2023/2024;3;100.0
https://www.vivoscuola.it/content/view/full/29732;2023/2024;4;100.0
https://www.vivoscuola.it/content/view/full/29732;2023/2024;5;100.0
https://www.vivoscuola.it/content/view/full/29732;2024/2025;1;100.0
https://www.vivoscuola.it/content/view/full/29732;2024/2025;2;100.0
https://www.vivoscuola.it/content/view/full/29732;2024/2025;3;100.0
https://www.vivoscuola.it/content/view/full/29732;2024/2025;4;100.0
https://www.vivoscuola.it/content/view/full/29732;2024/2025;5;100.0
https://www.vivoscuola.it/content/view/full/29729;2022/2023;1;100.0
https://www.vivoscuola.it/content/view/full/29729;2022/2023;2;100.0
https://www.vivoscuola.it/content/view/full/29729;2022/2023;3;100.0
https://www.vivoscuola.it/content/view/full/29729;2022/2023;4;100.0
https://www.vivoscuola.it/content/view/full/29729;2022/2023;5;100.0
https://www.vivoscuola.it/content/view/full/29729;2023/2024;1;100.0
https://www.vivoscuola.it/content/view/full/29729;2023/2024;2;100.0
https://www.vivoscuola.it/content/view/full/29729;2023/2024;3;100.0
https://www.vivoscuola.it/content/view/full/29729;2023/2024;4;100.0
https://www.vivoscuola.it/content/view/full/29729;2023/2024;5;100.0
https://www.vivoscuola.it/content/view/full/29729;2024/2025;1;100.0
https://www.vivoscuola.it/content/view/full/29729;2024/2025;2;100.0
https://www.vivoscuola.it/content/view/full/29729;2024/2025;3;100.0
https://www.vivoscuola.it/content/view/full/29729;2024/2025;4;100.0
https://www.vivoscuola.it/content/view/full/29729;2024/2025;5;100.0
https://www.vivoscuola.it/content/view/full/29733;2022/2023;1;100.0
https://www.vivoscuola.it/content/view/full/29733;2022/2023;2;100.0
https://www.vivoscuola.it/content/view/full/29733;2022/2023;3;100.0
https://www.vivoscuola.it/content/view/full/29733;2022/2023;4;100.0
https://www.vivoscuola.it/content/view/full/29733;2022/2023;5;100.0
https://www.vivoscuola.it/content/view/full/29733;2023/2024;1;100.0
https://www.vivoscuola.it/content/view/full/29733;2023/2024;2;100.0
https://www.vivoscuola.it/content/view/full/29733;2023/2024;3;100.0
https://www.vivoscuola.it/content/view/full/29733;2023/2024;4;100.0
https://www.vivoscuola.it/content/view/full/29733;2023/2024;5;100.0
https://www.vivoscuola.it/content/view/full/29733;2024/2025;1;92.85714285714286
https://www.vivoscuola.it/content/view/full/29733;2024/2025;2;100.0
https://www.vivoscuola.it/content/view/full/29733;2024/2025;3;100.0
https://www.vivoscuola.it/content/view/full/29733;2024/2025;4;100.0
https://www.vivoscuola.it/content/view/full/29733;2024/2025;5;100.0
https://www.vivoscuola.it/content/view/full/29734;2022/2023;1;100.0
https://www.vivoscuola.it/content/view/full/29734;2022/2023;2;100.0
https://www.vivoscuola.it/content/view/full/29734;2022/2023;3;100.0
https://www.vivoscuola.it/content/view/full/29734;2022/2023;4;100.0
https://www.vivoscuola.it/content/view/full/29734;2022/2023;5;100.0
https://www.vivoscuola.it/content/view/full/29734;2023/2024;1;100.0
https://www.vivoscuola.it/content/view/full/29734;2023/2024;2;100.0
https://www.vivoscuola.it/content/view/full/29734;2023/2024;3;100.0
https://www.vivoscuola.it/content/view/full/29734;2023/2024;4;100.0
https://www.vivoscuola.it/content/view/full/29734;2023/2024;5;100.0
https://www.vivoscuola.it/content/view/full/29734;2024/2025;1;92.85714285714286
https://www.vivoscuola.it/content/view/full/29734;2024/2025;2;100.0
https://www.vivoscuola.it/content/view/full/29734;2024/2025;3;100.0
https://www.vivoscuola.it/content/view/full/29734;2024/2025;4;100.0
https://www.vivoscuola.it/content/view/full/29734;2024/2025;5;100.0
https://www.vivoscuola.it/content/view/full/29735;2022/2023;1;100.0
https://www.vivoscuola.it/content/view/full/29735;2022/2023;2;100.0
https://www.vivoscuola.it/content/view/full/29735;2022/2023;3;100.0
https://www.vivoscuola.it/content/view/full/29735;2022/2023;4;100.0
https://www.vivoscuola.it/content/view/full/29735;2022/2023;5;100.0
https://www.vivoscuola.it/content/view/full/29735;2023/2024;1;93.33333333333333
https://www.vivoscuola.it/content/view/full/29735;2023/2024;2;100.0
https://www.vivoscuola.it/content/view/full/29735;2023/2024;3;100.0
https://www.vivoscuola.it/content/view/full/29735;2023/2024;4;100.0
https://www.vivoscuola.it/content/view/full/29735;2023/2024;5;100.0
https://www.vivoscuola.it/content/view/full/29735;2024/2025;1;100.0
https://www.vivoscuola.it/content/view/full/29735;2024/2025;2;100.0
https://www.vivoscuola.it/content/view/full/29735;2024/2025;3;100.0
https://www.vivoscuola.it/content/view/full/29735;2024/2025;4;100.0
https://www.vivoscuola.it/content/view/full/29735;2024/2025;5;100.0
https://www.vivoscuola.it/content/view/full/29738;2022/2023;1;100.0
https://www.vivoscuola.it/content/view/full/29738;2022/2023;2;100.0
https://www.vivoscuola.it/content/view/full/29738;2022/2023;3;100.0
https://www.vivoscuola.it/content/view/full/29738;2023/2024;1;100.0
https://www.vivoscuola.it/content/view/full/29738;2023/2024;2;100.0
https://www.vivoscuola.it/content/view/full/29738;2023/2024;3;100.0
https://www.vivoscuola.it/content/view/full/29738;2024/2025;1;98.76543209876543
https://www.vivoscuola.it/content/view/full/29738;2024/2025;2;100.0
https://www.vivoscuola.it/content/view/full/29738;2024/2025;3;100.0
https://www.vivoscuola.it/content/view/full/29698;2022/2023;1;100.0
https://www.vivoscuola.it/content/view/full/29698;2022/2023;2;100.0
https://www.vivoscuola.it/content/view/full/29698;2022/2023;3;100.0
https://www.vivoscuola.it/content/view/full/29698;2022/2023;4;100.0
https://www.vivoscuola.it/content/view/full/29698;2022/2023;5;100.0
https://www.vivoscuola.it/content/view/full/29698;2023/2024;1;100.0
https://www.vivoscuola.it/content/view/full/29698;2023/2024;2;100.0
https://www.vivoscuola.it/content/view/full/29698;2023/2024;3;100.0
https://www.vivoscuola.it/content/view/full/29698;2023/2024;4;100.0
https://www.vivoscuola.it/content/view/full/29698;2023/2024;5;100.0
https://www.vivoscuola.it/content/view/full/29698;2024/2025;1;100.0
https://www.vivoscuola.it/content/view/full/29698;2024/2025;2;100.0
https://www.vivoscuola.it/content/view/full/29698;2024/2025;3;100.0
https://www.vivoscuola.it/content/view/full/29698;2024/2025;4;98.46153846153847
https://www.vivoscuola.it/content/view/full/29698;2024/2025;5;100.0
https://www.vivoscuola.it/content/view/full/29739;2022/2023;1;100.0
https://www.vivoscuola.it/content/view/full/29739;2022/2023;2;100.0
https://www.vivoscuola.it/content/view/full/29739;2022/2023;3;100.0
https://www.vivoscuola.it/content/view/full/29739;2023/2024;1;100.0
https://www.vivoscuola.it/content/view/full/29739;2023/2024;2;100.0
https://www.vivoscuola.it/content/view/full/29739;2023/2024;3;100.0
https://www.vivoscuola.it/content/view/full/29739;2024/2025;1;98.18181818181819
https://www.vivoscuola.it/content/view/full/29739;2024/2025;2;100.0
https://www.vivoscuola.it/content/view/full/29739;2024/2025;3;94.73684210526315
https://www.vivoscuola.it/content/view/full/29737;2022/2023;1;100.0
https://www.vivoscuola.it/content/view/full/29737;2022/2023;2;100.0
https://www.vivoscuola.it/content/view/full/29737;2022/2023;3;100.0
https://www.vivoscuola.it/content/view/full/29737;2023/2024;1;100.0
https://www.vivoscuola.it/content/view/full/29737;2023/2024;2;96.55172413793103
https://www.vivoscuola.it/content/view/full/29737;2023/2024;3;100.0
https://www.vivoscuola.it/content/view/full/29737;2024/2025;1;100.0
https://www.vivoscuola.it/content/view/full/29737;2024/2025;2;100.0
https://www.vivoscuola.it/content/view/full/29737;2024/2025;3;100.0
https://www.vivoscuola.it/content/view/full/29699;2022/2023;1;100.0
https://www.vivoscuola.it/content/view/full/29699;2022/2023;2;100.0
https://www.vivoscuola.it/content/view/full/29699;2022/2023;3;100.0
https://www.vivoscuola.it/content/view/full/29699;2022/2023;4;100.0
https://www.vivoscuola.it/content/view/full/29699;2022/2023;5;100.0
https://www.vivoscuola.it/content/view/full/29699;2023/2024;1;100.0
https://www.vivoscuola.it/content/view/full/29699;2023/2024;2;100.0
https://www.vivoscuola.it/content/view/full/29699;2023/2024;3;100.0
https://www.vivoscuola.it/content/view/full/29699;2023/2024;4;100.0
https://www.vivoscuola.it/content/view/full/29699;2023/2024;5;100.0
https://www.vivoscuola.it/content/view/full/29699;2024/2025;1;100.0
https://www.vivoscuola.it/content/view/full/29699;2024/2025;2;100.0
https://www.vivoscuola.it/content/view/full/29699;2024/2025;3;100.0
https://www.vivoscuola.it/content/view/full/29699;2024/2025;4;100.0
https://www.vivoscuola.it/content/view/full/29699;2024/2025;5;100.0
https://www.vivoscuola.it/content/view/full/29702;2022/2023;1;100.0
https://www.vivoscuola.it/content/view/full/29702;2022/2023;2;99.46236559139786
https://www.vivoscuola.it/content/view/full/29702;2022/2023;3;99.40476190476191
https://www.vivoscuola.it/content/view/full/29702;2023/2024;1;100.0
https://www.vivoscuola.it/content/view/full/29702;2023/2024;2;99.36305732484077
https://www.vivoscuola.it/content/view/full/29702;2023/2024;3;100.0
https://www.vivoscuola.it/content/view/full/29702;2024/2025;1;98.7878787878788
https://www.vivoscuola.it/content/view/full/29702;2024/2025;2;100.0
https://www.vivoscuola.it/content/view/full/29702;2024/2025;3;97.40259740259741
https://www.vivoscuola.it/content/view/full/29700;2022/2023;1;96.61016949152543
https://www.vivoscuola.it/content/view/full/29700;2022/2023;2;97.10144927536231
https://www.vivoscuola.it/content/view/full/29700;2022/2023;3;100.0
https://www.vivoscuola.it/content/view/full/29700;2022/2023;4;100.0
https://www.vivoscuola.it/content/view/full/29700;2022/2023;5;100.0
https://www.vivoscuola.it/content/view/full/29700;2023/2024;1;100.0
https://www.vivoscuola.it/content/view/full/29700;2023/2024;2;100.0
https://www.vivoscuola.it/content/view/full/29700;2023/2024;3;100.0
https://www.vivoscuola.it/content/view/full/29700;2023/2024;4;100.0
https://www.vivoscuola.it/content/view/full/29700;2023/2024;5;100.0
https://www.vivoscuola.it/content/view/full/29700;2024/2025;1;100.0
https://www.vivoscuola.it/content/view/full/29700;2024/2025;2;100.0
https://www.vivoscuola.it/content/view/full/29700;2024/2025;3;100.0
https://www.vivoscuola.it/content/view/full/29700;2024/2025;4;100.0
https://www.vivoscuola.it/content/view/full/29700;2024/2025;5;100.0
https://www.vivoscuola.it/content/view/full/63289;2022/2023;1;100.0
https://www.vivoscuola.it/content/view/full/63289;2022/2023;2;100.0
https://www.vivoscuola.it/content/view/full/63289;2022/2023;3;100.0
https://www.vivoscuola.it/content/view/full/63289;2022/2023;4;100.0
https://www.vivoscuola.it/content/view/full/63289;2022/2023;5;100.0
https://www.vivoscuola.it/content/view/full/63289;2023/2024;1;97.05882352941177
https://www.vivoscuola.it/content/view/full/63289;2023/2024;2;100.0
https://www.vivoscuola.it/content/view/full/63289;2023/2024;3;100.0
https://www.vivoscuola.it/content/view/full/63289;2023/2024;4;100.0
https://www.vivoscuola.it/content/view/full/63289;2023/2024;5;100.0
https://www.vivoscuola.it/content/view/full/63289;2024/2025;1;100.0
https://www.vivoscuola.it/content/view/full/63289;2024/2025;2;100.0
https://www.vivoscuola.it/content/view/full/63289;2024/2025;3;100.0
https://www.vivoscuola.it/content/view/full/63289;2024/2025;4;100.0
https://www.vivoscuola.it/content/view/full/63289;2024/2025;5;100.0
https://www.vivoscuola.it/content/view/full/65577;2022/2023;1;100.0
https://www.vivoscuola.it/content/view/full/65577;2022/2023;2;100.0
https://www.vivoscuola.it/content/view/full/65577;2022/2023;3;100.0
https://www.vivoscuola.it/content/view/full/65577;2023/2024;1;94.28571428571428
https://www.vivoscuola.it/content/view/full/65577;2023/2024;2;100.0
https://www.vivoscuola.it/content/view/full/65577;2023/2024;3;97.77777777777777
https://www.vivoscuola.it/content/view/full/65577;2024/2025;1;94.87179487179486
https://www.vivoscuola.it/content/view/full/65577;2024/2025;2;100.0
https://www.vivoscuola.it/content/view/full/65577;2024/2025;3;100.0
https://www.vivoscuola.it/content/view/full/29575;2022/2023;1;100.0
https://www.vivoscuola.it/content/view/full/29575;2022/2023;2;98.57142857142858
https://www.vivoscuola.it/content/view/full/29575;2022/2023;3;100.0
https://www.vivoscuola.it/content/view/full/29575;2022/2023;4;100.0
https://www.vivoscuola.it/content/view/full/29575;2022/2023;5;100.0
https://www.vivoscuola.it/content/view/full/29575;2023/2024;1;98.7012987012987
https://www.vivoscuola.it/content/view/full/29575;2023/2024;2;100.0
https://www.vivoscuola.it/content/view/full/29575;2023/2024;3;100.0
https://www.vivoscuola.it/content/view/full/29575;2023/2024;4;100.0
https://www.vivoscuola.it/content/view/full/29575;2023/2024;5;100.0
https://www.vivoscuola.it/content/view/full/29575;2024/2025;1;100.0
https://www.vivoscuola.it/content/view/full/29575;2024/2025;2;100.0
https://www.vivoscuola.it/content/view/full/29575;2024/2025;3;100.0
https://www.vivoscuola.it/content/view/full/29575;2024/2025;4;100.0
https://www.vivoscuola.it/content/view/full/29575;2024/2025;5;100.0
https://www.vivoscuola.it/content/view/full/29574;2022/2023;1;100.0
https://www.vivoscuola.it/content/view/full/29574;2022/2023;2;100.0
https://www.vivoscuola.it/content/view/full/29574;2022/2023;3;100.0
https://www.vivoscuola.it/content/view/full/29574;2022/2023;4;100.0
https://www.vivoscuola.it/content/view/full/29574;2022/2023;5;100.0
https://www.vivoscuola.it/content/view/full/29574;2023/2024;1;100.0
https://www.vivoscuola.it/content/view/full/29574;2023/2024;2;100.0
https://www.vivoscuola.it/content/view/full/29574;2023/2024;3;100.0
https://www.vivoscuola.it/content/view/full/29574;2023/2024;4;100.0
https://www.vivoscuola.it/content/view/full/29574;2023/2024;5;100.0
https://www.vivoscuola.it/content/view/full/29574;2024/2025;1;100.0
https://www.vivoscuola.it/content/view/full/29574;2024/2025;2;100.0
https://www.vivoscuola.it/content/view/full/29574;2024/2025;3;100.0
https://www.vivoscuola.it/content/view/full/29574;2024/2025;4;100.0
https://www.vivoscuola.it/content/view/full/29574;2024/2025;5;100.0
https://www.vivoscuola.it/content/view/full/29576;2022/2023;1;100.0
https://www.vivoscuola.it/content/view/full/29576;2022/2023;2;100.0
https://www.vivoscuola.it/content/view/full/29576;2022/2023;3;100.0
https://www.vivoscuola.it/content/view/full/29576;2022/2023;4;100.0
https://www.vivoscuola.it/content/view/full/29576;2022/2023;5;100.0
https://www.vivoscuola.it/content/view/full/29576;2023/2024;1;100.0
https://www.vivoscuola.it/content/view/full/29576;2023/2024;2;100.0
https://www.vivoscuola.it/content/view/full/29576;2023/2024;3;100.0
https://www.vivoscuola.it/content/view/full/29576;2023/2024;4;100.0
https://www.vivoscuola.it/content/view/full/29576;2023/2024;5;100.0
https://www.vivoscuola.it/content/view/full/29576;2024/2025;1;100.0
https://www.vivoscuola.it/content/view/full/29576;2024/2025;2;95.65217391304348
https://www.vivoscuola.it/content/view/full/29576;2024/2025;3;100.0
https://www.vivoscuola.it/content/view/full/29576;2024/2025;4;100.0
https://www.vivoscuola.it/content/view/full/29576;2024/2025;5;100.0
https://www.vivoscuola.it/content/view/full/29577;2022/2023;1;100.0
https://www.vivoscuola.it/content/view/full/29577;2022/2023;2;99.2248062015504
https://www.vivoscuola.it/content/view/full/29577;2022/2023;3;99.10714285714286
https://www.vivoscuola.it/content/view/full/29577;2023/2024;1;99.04761904761905
https://www.vivoscuola.it/content/view/full/29577;2023/2024;2;99.20634920634922
https://www.vivoscuola.it/content/view/full/29577;2023/2024;3;99.23076923076923
https://www.vivoscuola.it/content/view/full/29577;2024/2025;1;98.57142857142858
https://www.vivoscuola.it/content/view/full/29577;2024/2025;2;100.0
https://www.vivoscuola.it/content/view/full/29577;2024/2025;3;98.46153846153847
https://www.vivoscuola.it/content/view/full/29830;2022/2023;1;100.0
https://www.vivoscuola.it/content/view/full/29830;2022/2023;2;100.0
https://www.vivoscuola.it/content/view/full/29830;2022/2023;3;100.0
https://www.vivoscuola.it/content/view/full/29830;2022/2023;4;100.0
https://www.vivoscuola.it/content/view/full/29830;2022/2023;5;100.0
https://www.vivoscuola.it/content/view/full/29830;2023/2024;1;100.0
https://www.vivoscuola.it/content/view/full/29830;2023/2024;2;100.0
https://www.vivoscuola.it/content/view/full/29830;2023/2024;3;100.0
https://www.vivoscuola.it/content/view/full/29830;2023/2024;4;100.0
https://www.vivoscuola.it/content/view/full/29830;2023/2024;5;100.0
https://www.vivoscuola.it/content/view/full/29830;2024/2025;1;100.0
https://www.vivoscuola.it/content/view/full/29830;2024/2025;2;100.0
https://www.vivoscuola.it/content/view/full/29830;2024/2025;3;100.0
https://www.vivoscuola.it/content/view/full/29830;2024/2025;4;100.0
https://www.vivoscuola.it/content/view/full/29830;2024/2025;5;100.0
https://www.vivoscuola.it/content/view/full/29831;2022/2023;1;100.0
https://www.vivoscuola.it/content/view/full/29831;2022/2023;2;100.0
https://www.vivoscuola.it/content/view/full/29831;2022/2023;3;100.0
https://www.vivoscuola.it/content/view/full/29831;2023/2024;1;100.0
https://www.vivoscuola.it/content/view/full/29831;2023/2024;2;100.0
https://www.vivoscuola.it/content/view/full/29831;2023/2024;3;100.0
https://www.vivoscuola.it/content/view/full/29831;2024/2025;1;100.0
https://www.vivoscuola.it/content/view/full/29831;2024/2025;2;100.0
https://www.vivoscuola.it/content/view/full/29831;2024/2025;3;100.0
https://www.vivoscuola.it/content/view/full/29238;2022/2023;1;88.23529411764706
https://www.vivoscuola.it/content/view/full/29238;2022/2023;2;95.23809523809523
https://www.vivoscuola.it/content/view/full/29238;2022/2023;3;100.0
https://www.vivoscuola.it/content/view/full/29238;2022/2023;4;100.0
https://www.vivoscuola.it/content/view/full/29238;2022/2023;5;100.0
https://www.vivoscuola.it/content/view/full/29238;2023/2024;1;87.5
https://www.vivoscuola.it/content/view/full/29238;2023/2024;2;100.0
https://www.vivoscuola.it/content/view/full/29238;2023/2024;3;100.0
https://www.vivoscuola.it/content/view/full/29238;2023/2024;4;100.0
https://www.vivoscuola.it/content/view/full/29238;2023/2024;5;100.0
https://www.vivoscuola.it/content/view/full/29238;2024/2025;1;94.73684210526315
https://www.vivoscuola.it/content/view/full/29238;2024/2025;2;100.0
https://www.vivoscuola.it/content/view/full/29238;2024/2025;3;100.0
https://www.vivoscuola.it/content/view/full/29238;2024/2025;4;100.0
https://www.vivoscuola.it/content/view/full/29238;2024/2025;5;100.0
https://www.vivoscuola.it/content/view/full/29240;2022/2023;1;100.0
https://www.vivoscuola.it/content/view/full/29240;2022/2023;2;100.0
https://www.vivoscuola.it/content/view/full/29240;2022/2023;3;98.4375
https://www.vivoscuola.it/content/view/full/29240;2023/2024;1;100.0
https://www.vivoscuola.it/content/view/full/29240;2023/2024;2;100.0
https://www.vivoscuola.it/content/view/full/29240;2023/2024;3;100.0
https://www.vivoscuola.it/content/view/full/29240;2024/2025;1;98.24561403508771
https://www.vivoscuola.it/content/view/full/29240;2024/2025;2;100.0
https://www.vivoscuola.it/content/view/full/29240;2024/2025;3;100.0
https://www.vivoscuola.it/content/view/full/29551;2022/2023;1;100.0
https://www.vivoscuola.it/content/view/full/29551;2022/2023;2;100.0
https://www.vivoscuola.it/content/view/full/29551;2022/2023;3;100.0
https://www.vivoscuola.it/content/view/full/29551;2022/2023;4;100.0
https://www.vivoscuola.it/content/view/full/29551;2022/2023;5;100.0
https://www.vivoscuola.it/content/view/full/29551;2023/2024;1;100.0
https://www.vivoscuola.it/content/view/full/29551;2023/2024;2;100.0
https://www.vivoscuola.it/content/view/full/29551;2023/2024;3;100.0
https://www.vivoscuola.it/content/view/full/29551;2023/2024;4;100.0
https://www.vivoscuola.it/content/view/full/29551;2023/2024;5;100.0
https://www.vivoscuola.it/content/view/full/29551;2024/2025;1;100.0
https://www.vivoscuola.it/content/view/full/29551;2024/2025;2;100.0
https://www.vivoscuola.it/content/view/full/29551;2024/2025;3;100.0
https://www.vivoscuola.it/content/view/full/29551;2024/2025;4;100.0
https://www.vivoscuola.it/content/view/full/29551;2024/2025;5;100.0
https://www.vivoscuola.it/content/view/full/29239;2022/2023;1;100.0
https://www.vivoscuola.it/content/view/full/29239;2022/2023;2;100.0
https://www.vivoscuola.it/content/view/full/29239;2022/2023;3;100.0
https://www.vivoscuola.it/content/view/full/29239;2022/2023;4;100.0
https://www.vivoscuola.it/content/view/full/29239;2022/2023;5;100.0
https://www.vivoscuola.it/content/view/full/29239;2023/2024;1;100.0
https://www.vivoscuola.it/content/view/full/29239;2023/2024;2;100.0
https://www.vivoscuola.it/content/view/full/29239;2023/2024;3;100.0
https://www.vivoscuola.it/content/view/full/29239;2023/2024;4;100.0
https://www.vivoscuola.it/content/view/full/29239;2023/2024;5;100.0
https://www.vivoscuola.it/content/view/full/29239;2024/2025;1;100.0
https://www.vivoscuola.it/content/view/full/29239;2024/2025;2;100.0
https://www.vivoscuola.it/content/view/full/29239;2024/2025;3;100.0
https://www.vivoscuola.it/content/view/full/29239;2024/2025;4;100.0
https://www.vivoscuola.it/content/view/full/29239;2024/2025;5;100.0
https://www.vivoscuola.it/content/view/full/29552;2022/2023;1;100.0
https://www.vivoscuola.it/content/view/full/29552;2022/2023;2;100.0
https://www.vivoscuola.it/content/view/full/29552;2022/2023;3;100.0
https://www.vivoscuola.it/content/view/full/29552;2022/2023;4;100.0
https://www.vivoscuola.it/content/view/full/29552;2022/2023;5;100.0
https://www.vivoscuola.it/content/view/full/29552;2023/2024;1;100.0
https://www.vivoscuola.it/content/view/full/29552;2023/2024;2;100.0
https://www.vivoscuola.it/content/view/full/29552;2023/2024;3;100.0
https://www.vivoscuola.it/content/view/full/29552;2023/2024;4;100.0
https://www.vivoscuola.it/content/view/full/29552;2023/2024;5;100.0
https://www.vivoscuola.it/content/view/full/29552;2024/2025;1;100.0
https://www.vivoscuola.it/content/view/full/29552;2024/2025;2;100.0
https://www.vivoscuola.it/content/view/full/29552;2024/2025;3;100.0
https://www.vivoscuola.it/content/view/full/29552;2024/2025;4;100.0
https://www.vivoscuola.it/content/view/full/29552;2024/2025;5;100.0
https://www.vivoscuola.it/content/view/full/29556;2022/2023;1;100.0
https://www.vivoscuola.it/content/view/full/29556;2022/2023;2;100.0
https://www.vivoscuola.it/content/view/full/29556;2022/2023;3;100.0
https://www.vivoscuola.it/content/view/full/29556;2022/2023;4;100.0
https://www.vivoscuola.it/content/view/full/29556;2022/2023;5;100.0
https://www.vivoscuola.it/content/view/full/29556;2023/2024;1;100.0
https://www.vivoscuola.it/content/view/full/29556;2023/2024;2;100.0
https://www.vivoscuola.it/content/view/full/29556;2023/2024;3;100.0
https://www.vivoscuola.it/content/view/full/29556;2023/2024;4;100.0
https://www.vivoscuola.it/content/view/full/29556;2023/2024;5;100.0
https://www.vivoscuola.it/content/view/full/29556;2024/2025;1;100.0
https://www.vivoscuola.it/content/view/full/29556;2024/2025;2;100.0
https://www.vivoscuola.it/content/view/full/29556;2024/2025;3;100.0
https://www.vivoscuola.it/content/view/full/29556;2024/2025;4;100.0
https://www.vivoscuola.it/content/view/full/29556;2024/2025;5;100.0
https://www.vivoscuola.it/content/view/full/29553;2022/2023;1;100.0
https://www.vivoscuola.it/content/view/full/29553;2022/2023;2;100.0
https://www.vivoscuola.it/content/view/full/29553;2022/2023;3;100.0
https://www.vivoscuola.it/content/view/full/29553;2022/2023;4;100.0
https://www.vivoscuola.it/content/view/full/29553;2022/2023;5;100.0
https://www.vivoscuola.it/content/view/full/29553;2023/2024;1;100.0
https://www.vivoscuola.it/content/view/full/29553;2023/2024;2;100.0
https://www.vivoscuola.it/content/view/full/29553;2023/2024;3;100.0
https://www.vivoscuola.it/content/view/full/29553;2023/2024;4;100.0
https://www.vivoscuola.it/content/view/full/29553;2023/2024;5;100.0
https://www.vivoscuola.it/content/view/full/29553;2024/2025;1;100.0
https://www.vivoscuola.it/content/view/full/29553;2024/2025;2;100.0
https://www.vivoscuola.it/content/view/full/29553;2024/2025;3;100.0
https://www.vivoscuola.it/content/view/full/29553;2024/2025;4;100.0
https://www.vivoscuola.it/content/view/full/29553;2024/2025;5;100.0
https://www.vivoscuola.it/content/view/full/29555;2022/2023;1;100.0
https://www.vivoscuola.it/content/view/full/29555;2022/2023;2;100.0
https://www.vivoscuola.it/content/view/full/29555;2022/2023;3;100.0
https://www.vivoscuola.it/content/view/full/29555;2022/2023;4;100.0
https://www.vivoscuola.it/content/view/full/29555;2022/2023;5;100.0
https://www.vivoscuola.it/content/view/full/29555;2023/2024;1;100.0
https://www.vivoscuola.it/content/view/full/29555;2023/2024;2;100.0
https://www.vivoscuola.it/content/view/full/29555;2023/2024;3;100.0
https://www.vivoscuola.it/content/view/full/29555;2023/2024;4;100.0
https://www.vivoscuola.it/content/view/full/29555;2023/2024;5;100.0
https://www.vivoscuola.it/content/view/full/29555;2024/2025;1;100.0
https://www.vivoscuola.it/content/view/full/29555;2024/2025;2;100.0
https://www.vivoscuola.it/content/view/full/29555;2024/2025;3;100.0
https://www.vivoscuola.it/content/view/full/29555;2024/2025;4;100.0
https://www.vivoscuola.it/content/view/full/29555;2024/2025;5;100.0
https://www.vivoscuola.it/content/view/full/29554;2022/2023;1;100.0
https://www.vivoscuola.it/content/view/full/29554;2022/2023;2;100.0
https://www.vivoscuola.it/content/view/full/29554;2022/2023;3;100.0
https://www.vivoscuola.it/content/view/full/29554;2022/2023;4;100.0
https://www.vivoscuola.it/content/view/full/29554;2022/2023;5;100.0
https://www.vivoscuola.it/content/view/full/29554;2023/2024;1;100.0
https://www.vivoscuola.it/content/view/full/29554;2023/2024;2;100.0
https://www.vivoscuola.it/content/view/full/29554;2023/2024;3;100.0
https://www.vivoscuola.it/content/view/full/29554;2023/2024;4;100.0
https://www.vivoscuola.it/content/view/full/29554;2023/2024;5;100.0
https://www.vivoscuola.it/content/view/full/29554;2024/2025;1;100.0
https://www.vivoscuola.it/content/view/full/29554;2024/2025;2;100.0
https://www.vivoscuola.it/content/view/full/29554;2024/2025;3;100.0
https://www.vivoscuola.it/content/view/full/29554;2024/2025;4;100.0
https://www.vivoscuola.it/content/view/full/29554;2024/2025;5;100.0
https://www.vivoscuola.it/content/view/full/29557;2022/2023;1;100.0
https://www.vivoscuola.it/content/view/full/29557;2022/2023;2;100.0
https://www.vivoscuola.it/content/view/full/29557;2022/2023;3;100.0
https://www.vivoscuola.it/content/view/full/29557;2022/2023;4;100.0
https://www.vivoscuola.it/content/view/full/29557;2022/2023;5;100.0
https://www.vivoscuola.it/content/view/full/29557;2023/2024;1;100.0
https://www.vivoscuola.it/content/view/full/29557;2023/2024;2;100.0
https://www.vivoscuola.it/content/view/full/29557;2023/2024;3;100.0
https://www.vivoscuola.it/content/view/full/29557;2023/2024;4;100.0
https://www.vivoscuola.it/content/view/full/29557;2023/2024;5;100.0
https://www.vivoscuola.it/content/view/full/29557;2024/2025;1;100.0
https://www.vivoscuola.it/content/view/full/29557;2024/2025;2;100.0
https://www.vivoscuola.it/content/view/full/29557;2024/2025;3;100.0
https://www.vivoscuola.it/content/view/full/29557;2024/2025;4;100.0
https://www.vivoscuola.it/content/view/full/29557;2024/2025;5;100.0
https://www.vivoscuola.it/content/view/full/29559;2022/2023;1;98.11320754716981
https://www.vivoscuola.it/content/view/full/29559;2022/2023;2;97.22222222222221
https://www.vivoscuola.it/content/view/full/29559;2022/2023;3;100.0
https://www.vivoscuola.it/content/view/full/29559;2023/2024;1;94.73684210526315
https://www.vivoscuola.it/content/view/full/29559;2023/2024;2;98.11320754716981
https://www.vivoscuola.it/content/view/full/29559;2023/2024;3;100.0
https://www.vivoscuola.it/content/view/full/29559;2024/2025;1;97.22222222222221
https://www.vivoscuola.it/content/view/full/29559;2024/2025;2;91.8918918918919
https://www.vivoscuola.it/content/view/full/29559;2024/2025;3;94.33962264150944
https://www.vivoscuola.it/content/view/full/29560;2022/2023;1;93.90243902439023
https://www.vivoscuola.it/content/view/full/29560;2022/2023;2;96.25
https://www.vivoscuola.it/content/view/full/29560;2022/2023;3;98.86363636363636
https://www.vivoscuola.it/content/view/full/29560;2023/2024;1;96.15384615384616
https://www.vivoscuola.it/content/view/full/29560;2023/2024;2;95.0
https://www.vivoscuola.it/content/view/full/29560;2023/2024;3;100.0
https://www.vivoscuola.it/content/view/full/29560;2024/2025;1;97.10144927536231
https://www.vivoscuola.it/content/view/full/29560;2024/2025;2;97.46835443037975
https://www.vivoscuola.it/content/view/full/29560;2024/2025;3;100.0
https://www.vivoscuola.it/content/view/full/29558;2022/2023;1;100.0
https://www.vivoscuola.it/content/view/full/29558;2022/2023;2;100.0
https://www.vivoscuola.it/content/view/full/29558;2022/2023;3;100.0
https://www.vivoscuola.it/content/view/full/29558;2022/2023;4;100.0
https://www.vivoscuola.it/content/view/full/29558;2022/2023;5;100.0
https://www.vivoscuola.it/content/view/full/29558;2023/2024;1;100.0
https://www.vivoscuola.it/content/view/full/29558;2023/2024;2;92.85714285714286
https://www.vivoscuola.it/content/view/full/29558;2023/2024;3;100.0
https://www.vivoscuola.it/content/view/full/29558;2023/2024;4;100.0
https://www.vivoscuola.it/content/view/full/29558;2023/2024;5;100.0
https://www.vivoscuola.it/content/view/full/29558;2024/2025;1;100.0
https://www.vivoscuola.it/content/view/full/29558;2024/2025;2;100.0
https://www.vivoscuola.it/content/view/full/29558;2024/2025;3;100.0
https://www.vivoscuola.it/content/view/full/29558;2024/2025;4;100.0
https://www.vivoscuola.it/content/view/full/29558;2024/2025;5;100.0
https://www.vivoscuola.it/content/view/full/29423;2022/2023;1;100.0
https://www.vivoscuola.it/content/view/full/29423;2022/2023;2;100.0
https://www.vivoscuola.it/content/view/full/29423;2022/2023;3;100.0
https://www.vivoscuola.it/content/view/full/29423;2022/2023;4;100.0
https://www.vivoscuola.it/content/view/full/29423;2022/2023;5;100.0
https://www.vivoscuola.it/content/view/full/29423;2023/2024;1;100.0
https://www.vivoscuola.it/content/view/full/29423;2023/2024;2;100.0
https://www.vivoscuola.it/content/view/full/29423;2023/2024;3;100.0
https://www.vivoscuola.it/content/view/full/29423;2023/2024;4;100.0
https://www.vivoscuola.it/content/view/full/29423;2023/2024;5;100.0
https://www.vivoscuola.it/content/view/full/29423;2024/2025;1;100.0
https://www.vivoscuola.it/content/view/full/29423;2024/2025;2;100.0
https://www.vivoscuola.it/content/view/full/29423;2024/2025;3;100.0
https://www.vivoscuola.it/content/view/full/29423;2024/2025;4;100.0
https://www.vivoscuola.it/content/view/full/29423;2024/2025;5;100.0
https://www.vivoscuola.it/content/view/full/29422;2022/2023;1;98.38709677419355
https://www.vivoscuola.it/content/view/full/29422;2022/2023;2;97.1830985915493
https://www.vivoscuola.it/content/view/full/29422;2022/2023;3;100.0
https://www.vivoscuola.it/content/view/full/29422;2022/2023;4;100.0
https://www.vivoscuola.it/content/view/full/29422;2022/2023;5;98.38709677419355
https://www.vivoscuola.it/content/view/full/29422;2023/2024;1;100.0
https://www.vivoscuola.it/content/view/full/29422;2023/2024;2;100.0
https://www.vivoscuola.it/content/view/full/29422;2023/2024;3;100.0
https://www.vivoscuola.it/content/view/full/29422;2023/2024;4;100.0
https://www.vivoscuola.it/content/view/full/29422;2023/2024;5;100.0
https://www.vivoscuola.it/content/view/full/29422;2024/2025;1;98.18181818181819
https://www.vivoscuola.it/content/view/full/29422;2024/2025;2;100.0
https://www.vivoscuola.it/content/view/full/29422;2024/2025;3;100.0
https://www.vivoscuola.it/content/view/full/29422;2024/2025;4;100.0
https://www.vivoscuola.it/content/view/full/29422;2024/2025;5;100.0
https://www.vivoscuola.it/content/view/full/29424;2022/2023;1;96.62921348314607
https://www.vivoscuola.it/content/view/full/29424;2022/2023;2;95.65217391304348
https://www.vivoscuola.it/content/view/full/29424;2022/2023;3;100.0
https://www.vivoscuola.it/content/view/full/29424;2023/2024;1;100.0
https://www.vivoscuola.it/content/view/full/29424;2023/2024;2;97.75280898876404
https://www.vivoscuola.it/content/view/full/29424;2023/2024;3;100.0
https://www.vivoscuola.it/content/view/full/29424;2024/2025;1;98.79518072289156
https://www.vivoscuola.it/content/view/full/29424;2024/2025;2;96.0
https://www.vivoscuola.it/content/view/full/29424;2024/2025;3;97.61904761904762
https://www.vivoscuola.it/content/view/full/29848;2022/2023;1;82.79569892473118
https://www.vivoscuola.it/content/view/full/29848;2022/2023;2;84.21052631578947
https://www.vivoscuola.it/content/view/full/29848;2022/2023;3;86.36363636363636
https://www.vivoscuola.it/content/view/full/29848;2022/2023;4;90.9090909090909
https://www.vivoscuola.it/content/view/full/29848;2022/2023;5;93.44262295081968
https://www.vivoscuola.it/content/view/full/29848;2023/2024;1;76.63551401869158
https://www.vivoscuola.it/content/view/full/29848;2023/2024;2;86.36363636363636
https://www.vivoscuola.it/content/view/full/29848;2023/2024;3;91.04477611940298
https://www.vivoscuola.it/content/view/full/29848;2023/2024;4;89.83050847457628
https://www.vivoscuola.it/content/view/full/29848;2023/2024;5;95.71428571428572
https://www.vivoscuola.it/content/view/full/29848;2024/2025;1;75.96153846153845
https://www.vivoscuola.it/content/view/full/29848;2024/2025;2;83.33333333333334
https://www.vivoscuola.it/content/view/full/29848;2024/2025;3;92.40506329113924
https://www.vivoscuola.it/content/view/full/29848;2024/2025;4;93.93939393939394
https://www.vivoscuola.it/content/view/full/29848;2024/2025;5;96.22641509433963
https://www.vivoscuola.it/content/view/full/29847;2022/2023;1;0.0
https://www.vivoscuola.it/content/view/full/29847;2022/2023;2;0.0
https://www.vivoscuola.it/content/view/full/29847;2022/2023;3;78.57142857142857
https://www.vivoscuola.it/content/view/full/29847;2023/2024;1;0.0
https://www.vivoscuola.it/content/view/full/29847;2023/2024;2;0.0
https://www.vivoscuola.it/content/view/full/29847;2023/2024;3;61.53846153846154
https://www.vivoscuola.it/content/view/full/29847;2024/2025;1;0.0
https://www.vivoscuola.it/content/view/full/29847;2024/2025;2;0.0
https://www.vivoscuola.it/content/view/full/29847;2024/2025;3;75.0
https://www.vivoscuola.it/content/view/full/29849;2022/2023;1;0.0
https://www.vivoscuola.it/content/view/full/29849;2022/2023;2;71.42857142857143
https://www.vivoscuola.it/content/view/full/29849;2022/2023;3;35.0
https://www.vivoscuola.it/content/view/full/29849;2022/2023;4;40.0
https://www.vivoscuola.it/content/view/full/29849;2022/2023;5;57.14285714285714
https://www.vivoscuola.it/content/view/full/29849;2023/2024;1;0.0
https://www.vivoscuola.it/content/view/full/29849;2023/2024;2;16.666666666666664
https://www.vivoscuola.it/content/view/full/29849;2023/2024;3;37.5
https://www.vivoscuola.it/content/view/full/29849;2023/2024;4;75.0
https://www.vivoscuola.it/content/view/full/29849;2023/2024;5;83.33333333333334
https://www.vivoscuola.it/content/view/full/29849;2024/2025;1;0.0
https://www.vivoscuola.it/content/view/full/29849;2024/2025;2;50.0
https://www.vivoscuola.it/content/view/full/29849;2024/2025;3;23.076923076923077
https://www.vivoscuola.it/content/view/full/29849;2024/2025;4;44.44444444444444
https://www.vivoscuola.it/content/view/full/29849;2024/2025;5;82.35294117647058
https://www.vivoscuola.it/content/view/full/29850;2022/2023;1;77.38095238095238
https://www.vivoscuola.it/content/view/full/29850;2022/2023;2;91.8918918918919
https://www.vivoscuola.it/content/view/full/29850;2022/2023;3;91.17647058823529
https://www.vivoscuola.it/content/view/full/29850;2022/2023;4;100.0
https://www.vivoscuola.it/content/view/full/29850;2022/2023;5;95.55555555555556
https://www.vivoscuola.it/content/view/full/29850;2023/2024;1;72.72727272727273
https://www.vivoscuola.it/content/view/full/29850;2023/2024;2;89.83050847457628
https://www.vivoscuola.it/content/view/full/29850;2023/2024;3;75.80645161290323
https://www.vivoscuola.it/content/view/full/29850;2023/2024;4;96.66666666666667
https://www.vivoscuola.it/content/view/full/29850;2023/2024;5;88.88888888888889
https://www.vivoscuola.it/content/view/full/29850;2024/2025;1;76.36363636363637
https://www.vivoscuola.it/content/view/full/29850;2024/2025;2;95.65217391304348
https://www.vivoscuola.it/content/view/full/29850;2024/2025;3;77.77777777777779
https://www.vivoscuola.it/content/view/full/29850;2024/2025;4;95.83333333333334
https://www.vivoscuola.it/content/view/full/29850;2024/2025;5;100.0
https://www.vivoscuola.it/content/view/full/29433;2022/2023;1;100.0
https://www.vivoscuola.it/content/view/full/29433;2022/2023;2;100.0
https://www.vivoscuola.it/content/view/full/29433;2022/2023;3;100.0
https://www.vivoscuola.it/content/view/full/29433;2022/2023;4;100.0
https://www.vivoscuola.it/content/view/full/29433;2022/2023;5;100.0
https://www.vivoscuola.it/content/view/full/29433;2023/2024;1;88.88888888888889
https://www.vivoscuola.it/content/view/full/29433;2023/2024;2;100.0
https://www.vivoscuola.it/content/view/full/29433;2023/2024;3;100.0
https://www.vivoscuola.it/content/view/full/29433;2023/2024;4;100.0
https://www.vivoscuola.it/content/view/full/29433;2023/2024;5;92.3076923076923
https://www.vivoscuola.it/content/view/full/29433;2024/2025;1;92.3076923076923
https://www.vivoscuola.it/content/view/full/29433;2024/2025;2;100.0
https://www.vivoscuola.it/content/view/full/29433;2024/2025;3;100.0
https://www.vivoscuola.it/content/view/full/29433;2024/2025;4;100.0
https://www.vivoscuola.it/content/view/full/29433;2024/2025;5;94.73684210526315
https://www.vivoscuola.it/content/view/full/29434;2022/2023;1;100.0
https://www.vivoscuola.it/content/view/full/29434;2022/2023;2;100.0
https://www.vivoscuola.it/content/view/full/29434;2022/2023;3;100.0
https://www.vivoscuola.it/content/view/full/29434;2022/2023;4;100.0
https://www.vivoscuola.it/content/view/full/29434;2022/2023;5;100.0
https://www.vivoscuola.it/content/view/full/29434;2023/2024;1;100.0
https://www.vivoscuola.it/content/view/full/29434;2023/2024;2;100.0
https://www.vivoscuola.it/content/view/full/29434;2023/2024;3;100.0
https://www.vivoscuola.it/content/view/full/29434;2023/2024;4;100.0
https://www.vivoscuola.it/content/view/full/29434;2023/2024;5;100.0
https://www.vivoscuola.it/content/view/full/29434;2024/2025;1;100.0
https://www.vivoscuola.it/content/view/full/29434;2024/2025;2;100.0
https://www.vivoscuola.it/content/view/full/29434;2024/2025;3;100.0
https://www.vivoscuola.it/content/view/full/29434;2024/2025;4;100.0
https://www.vivoscuola.it/content/view/full/29434;2024/2025;5;100.0
https://www.vivoscuola.it/content/view/full/29436;2022/2023;1;100.0
https://www.vivoscuola.it/content/view/full/29436;2022/2023;2;100.0
https://www.vivoscuola.it/content/view/full/29436;2022/2023;3;100.0
https://www.vivoscuola.it/content/view/full/29436;2022/2023;4;100.0
https://www.vivoscuola.it/content/view/full/29436;2022/2023;5;100.0
https://www.vivoscuola.it/content/view/full/29436;2023/2024;1;100.0
https://www.vivoscuola.it/content/view/full/29436;2023/2024;2;100.0
https://www.vivoscuola.it/content/view/full/29436;2023/2024;3;100.0
https://www.vivoscuola.it/content/view/full/29436;2023/2024;4;100.0
https://www.vivoscuola.it/content/view/full/29436;2023/2024;5;100.0
https://www.vivoscuola.it/content/view/full/29436;2024/2025;1;100.0
https://www.vivoscuola.it/content/view/full/29436;2024/2025;2;100.0
https://www.vivoscuola.it/content/view/full/29436;2024/2025;3;100.0
https://www.vivoscuola.it/content/view/full/29436;2024/2025;4;100.0
https://www.vivoscuola.it/content/view/full/29436;2024/2025;5;100.0
https://www.vivoscuola.it/content/view/full/29435;2022/2023;1;100.0
https://www.vivoscuola.it/content/view/full/29435;2022/2023;2;100.0
https://www.vivoscuola.it/content/view/full/29435;2022/2023;3;100.0
https://www.vivoscuola.it/content/view/full/29435;2022/2023;4;100.0
https://www.vivoscuola.it/content/view/full/29435;2022/2023;5;100.0
https://www.vivoscuola.it/content/view/full/29435;2023/2024;1;100.0
https://www.vivoscuola.it/content/view/full/29435;2023/2024;2;100.0
https://www.vivoscuola.it/content/view/full/29435;2023/2024;3;100.0
https://www.vivoscuola.it/content/view/full/29435;2023/2024;4;100.0
https://www.vivoscuola.it/content/view/full/29435;2023/2024;5;100.0
https://www.vivoscuola.it/content/view/full/29435;2024/2025;1;100.0
https://www.vivoscuola.it/content/view/full/29435;2024/2025;2;100.0
https://www.vivoscuola.it/content/view/full/29435;2024/2025;3;100.0
https://www.vivoscuola.it/content/view/full/29435;2024/2025;4;100.0
https://www.vivoscuola.it/content/view/full/29435;2024/2025;5;100.0
https://www.vivoscuola.it/content/view/full/29438;2022/2023;1;100.0
https://www.vivoscuola.it/content/view/full/29438;2022/2023;2;100.0
https://www.vivoscuola.it/content/view/full/29438;2022/2023;3;100.0
https://www.vivoscuola.it/content/view/full/29438;2022/2023;4;100.0
https://www.vivoscuola.it/content/view/full/29438;2022/2023;5;100.0
https://www.vivoscuola.it/content/view/full/29438;2023/2024;1;100.0
https://www.vivoscuola.it/content/view/full/29438;2023/2024;2;100.0
https://www.vivoscuola.it/content/view/full/29438;2023/2024;3;100.0
https://www.vivoscuola.it/content/view/full/29438;2023/2024;4;100.0
https://www.vivoscuola.it/content/view/full/29438;2023/2024;5;100.0
https://www.vivoscuola.it/content/view/full/29438;2024/2025;1;100.0
https://www.vivoscuola.it/content/view/full/29438;2024/2025;2;100.0
https://www.vivoscuola.it/content/view/full/29438;2024/2025;3;100.0
https://www.vivoscuola.it/content/view/full/29438;2024/2025;4;100.0
https://www.vivoscuola.it/content/view/full/29438;2024/2025;5;100.0
https://www.vivoscuola.it/content/view/full/29439;2022/2023;1;100.0
https://www.vivoscuola.it/content/view/full/29439;2022/2023;2;100.0
https://www.vivoscuola.it/content/view/full/29439;2022/2023;3;100.0
https://www.vivoscuola.it/content/view/full/29439;2023/2024;1;100.0
https://www.vivoscuola.it/content/view/full/29439;2023/2024;2;100.0
https://www.vivoscuola.it/content/view/full/29439;2023/2024;3;100.0
https://www.vivoscuola.it/content/view/full/29439;2024/2025;1;100.0
https://www.vivoscuola.it/content/view/full/29439;2024/2025;2;100.0
https://www.vivoscuola.it/content/view/full/29439;2024/2025;3;100.0
https://www.vivoscuola.it/content/view/full/29503;2022/2023;1;100.0
https://www.vivoscuola.it/content/view/full/29503;2022/2023;2;100.0
https://www.vivoscuola.it/content/view/full/29503;2022/2023;3;100.0
https://www.vivoscuola.it/content/view/full/29503;2022/2023;4;100.0
https://www.vivoscuola.it/content/view/full/29503;2022/2023;5;100.0
https://www.vivoscuola.it/content/view/full/29503;2023/2024;1;100.0
https://www.vivoscuola.it/content/view/full/29503;2023/2024;2;100.0
https://www.vivoscuola.it/content/view/full/29503;2023/2024;3;100.0
https://www.vivoscuola.it/content/view/full/29503;2023/2024;4;100.0
https://www.vivoscuola.it/content/view/full/29503;2023/2024;5;100.0
https://www.vivoscuola.it/content/view/full/29503;2024/2025;1;100.0
https://www.vivoscuola.it/content/view/full/29503;2024/2025;2;100.0
https://www.vivoscuola.it/content/view/full/29503;2024/2025;3;100.0
https://www.vivoscuola.it/content/view/full/29503;2024/2025;4;100.0
https://www.vivoscuola.it/content/view/full/29503;2024/2025;5;100.0
https://www.vivoscuola.it/content/view/full/29504;2022/2023;1;100.0
https://www.vivoscuola.it/content/view/full/29504;2022/2023;2;100.0
https://www.vivoscuola.it/content/view/full/29504;2022/2023;3;100.0
https://www.vivoscuola.it/content/view/full/29504;2022/2023;4;100.0
https://www.vivoscuola.it/content/view/full/29504;2022/2023;5;100.0
https://www.vivoscuola.it/content/view/full/29504;2023/2024;1;100.0
https://www.vivoscuola.it/content/view/full/29504;2023/2024;2;100.0
https://www.vivoscuola.it/content/view/full/29504;2023/2024;3;100.0
https://www.vivoscuola.it/content/view/full/29504;2023/2024;4;100.0
https://www.vivoscuola.it/content/view/full/29504;2023/2024;5;100.0
https://www.vivoscuola.it/content/view/full/29504;2024/2025;1;100.0
https://www.vivoscuola.it/content/view/full/29504;2024/2025;2;100.0
https://www.vivoscuola.it/content/view/full/29504;2024/2025;3;100.0
https://www.vivoscuola.it/content/view/full/29504;2024/2025;4;100.0
https://www.vivoscuola.it/content/view/full/29504;2024/2025;5;100.0
https://www.vivoscuola.it/content/view/full/29505;2022/2023;1;100.0
https://www.vivoscuola.it/content/view/full/29505;2022/2023;2;92.3076923076923
https://www.vivoscuola.it/content/view/full/29505;2022/2023;3;100.0
https://www.vivoscuola.it/content/view/full/29505;2022/2023;4;100.0
https://www.vivoscuola.it/content/view/full/29505;2022/2023;5;100.0
https://www.vivoscuola.it/content/view/full/29505;2023/2024;1;100.0
https://www.vivoscuola.it/content/view/full/29505;2023/2024;2;100.0
https://www.vivoscuola.it/content/view/full/29505;2023/2024;3;100.0
https://www.vivoscuola.it/content/view/full/29505;2023/2024;4;100.0
https://www.vivoscuola.it/content/view/full/29505;2023/2024;5;100.0
https://www.vivoscuola.it/content/view/full/29505;2024/2025;1;100.0
https://www.vivoscuola.it/content/view/full/29505;2024/2025;2;91.66666666666666
https://www.vivoscuola.it/content/view/full/29505;2024/2025;3;100.0
https://www.vivoscuola.it/content/view/full/29505;2024/2025;4;100.0
https://www.vivoscuola.it/content/view/full/29505;2024/2025;5;100.0
https://www.vivoscuola.it/content/view/full/29507;2022/2023;1;100.0
https://www.vivoscuola.it/content/view/full/29507;2022/2023;2;100.0
https://www.vivoscuola.it/content/view/full/29507;2022/2023;3;100.0
https://www.vivoscuola.it/content/view/full/29507;2022/2023;4;100.0
https://www.vivoscuola.it/content/view/full/29507;2022/2023;5;100.0
https://www.vivoscuola.it/content/view/full/29507;2023/2024;1;100.0
https://www.vivoscuola.it/content/view/full/29507;2023/2024;2;100.0
https://www.vivoscuola.it/content/view/full/29507;2023/2024;3;100.0
https://www.vivoscuola.it/content/view/full/29507;2023/2024;4;100.0
https://www.vivoscuola.it/content/view/full/29507;2023/2024;5;100.0
https://www.vivoscuola.it/content/view/full/29507;2024/2025;1;100.0
https://www.vivoscuola.it/content/view/full/29507;2024/2025;2;100.0
https://www.vivoscuola.it/content/view/full/29507;2024/2025;3;100.0
https://www.vivoscuola.it/content/view/full/29507;2024/2025;4;100.0
https://www.vivoscuola.it/content/view/full/29507;2024/2025;5;100.0
https://www.vivoscuola.it/content/view/full/29506;2022/2023;1;100.0
https://www.vivoscuola.it/content/view/full/29506;2022/2023;2;100.0
https://www.vivoscuola.it/content/view/full/29506;2022/2023;3;100.0
https://www.vivoscuola.it/content/view/full/29506;2022/2023;4;100.0
https://www.vivoscuola.it/content/view/full/29506;2022/2023;5;90.9090909090909
https://www.vivoscuola.it/content/view/full/29506;2023/2024;1;100.0
https://www.vivoscuola.it/content/view/full/29506;2023/2024;2;100.0
https://www.vivoscuola.it/content/view/full/29506;2023/2024;3;100.0
https://www.vivoscuola.it/content/view/full/29506;2023/2024;4;100.0
https://www.vivoscuola.it/content/view/full/29506;2023/2024;5;100.0
https://www.vivoscuola.it/content/view/full/29506;2024/2025;1;100.0
https://www.vivoscuola.it/content/view/full/29506;2024/2025;2;100.0
https://www.vivoscuola.it/content/view/full/29506;2024/2025;3;100.0
https://www.vivoscuola.it/content/view/full/29506;2024/2025;4;100.0
https://www.vivoscuola.it/content/view/full/29506;2024/2025;5;100.0
https://www.vivoscuola.it/content/view/full/29508;2022/2023;1;100.0
https://www.vivoscuola.it/content/view/full/29508;2022/2023;2;100.0
https://www.vivoscuola.it/content/view/full/29508;2022/2023;3;100.0
https://www.vivoscuola.it/content/view/full/29508;2022/2023;4;100.0
https://www.vivoscuola.it/content/view/full/29508;2022/2023;5;100.0
https://www.vivoscuola.it/content/view/full/29508;2023/2024;1;100.0
https://www.vivoscuola.it/content/view/full/29508;2023/2024;2;100.0
https://www.vivoscuola.it/content/view/full/29508;2023/2024;3;100.0
https://www.vivoscuola.it/content/view/full/29508;2023/2024;4;100.0
https://www.vivoscuola.it/content/view/full/29508;2023/2024;5;100.0
https://www.vivoscuola.it/content/view/full/29508;2024/2025;1;100.0
https://www.vivoscuola.it/content/view/full/29508;2024/2025;2;100.0
https://www.vivoscuola.it/content/view/full/29508;2024/2025;3;100.0
https://www.vivoscuola.it/content/view/full/29508;2024/2025;4;100.0
https://www.vivoscuola.it/content/view/full/29508;2024/2025;5;100.0
https://www.vivoscuola.it/content/view/full/29509;2022/2023;1;100.0
https://www.vivoscuola.it/content/view/full/29509;2022/2023;2;96.72131147540983
https://www.vivoscuola.it/content/view/full/29509;2022/2023;3;98.0392156862745
https://www.vivoscuola.it/content/view/full/29509;2023/2024;1;96.07843137254902
https://www.vivoscuola.it/content/view/full/29509;2023/2024;2;100.0
https://www.vivoscuola.it/content/view/full/29509;2023/2024;3;100.0
https://www.vivoscuola.it/content/view/full/29509;2024/2025;1;100.0
https://www.vivoscuola.it/content/view/full/29509;2024/2025;2;100.0
https://www.vivoscuola.it/content/view/full/29509;2024/2025;3;100.0
https://www.vivoscuola.it/content/view/full/65578;2022/2023;1;100.0
https://www.vivoscuola.it/content/view/full/65578;2022/2023;2;100.0
https://www.vivoscuola.it/content/view/full/65578;2022/2023;3;100.0
https://www.vivoscuola.it/content/view/full/65578;2022/2023;4;100.0
https://www.vivoscuola.it/content/view/full/65578;2022/2023;5;100.0
https://www.vivoscuola.it/content/view/full/65578;2023/2024;1;100.0
https://www.vivoscuola.it/content/view/full/65578;2023/2024;2;100.0
https://www.vivoscuola.it/content/view/full/65578;2023/2024;3;100.0
https://www.vivoscuola.it/content/view/full/65578;2023/2024;4;100.0
https://www.vivoscuola.it/content/view/full/65578;2023/2024;5;100.0
https://www.vivoscuola.it/content/view/full/65578;2024/2025;1;90.0
https://www.vivoscuola.it/content/view/full/65578;2024/2025;2;100.0
https://www.vivoscuola.it/content/view/full/65578;2024/2025;3;100.0
https://www.vivoscuola.it/content/view/full/65578;2024/2025;4;100.0
https://www.vivoscuola.it/content/view/full/65578;2024/2025;5;100.0
https://www.vivoscuola.it/content/view/full/29510;2022/2023;1;100.0
https://www.vivoscuola.it/content/view/full/29510;2022/2023;2;100.0
https://www.vivoscuola.it/content/view/full/29510;2022/2023;3;100.0
https://www.vivoscuola.it/content/view/full/29510;2023/2024;1;97.67441860465115
https://www.vivoscuola.it/content/view/full/29510;2023/2024;2;100.0
https://www.vivoscuola.it/content/view/full/29510;2023/2024;3;100.0
https://www.vivoscuola.it/content/view/full/29510;2024/2025;1;100.0
https://www.vivoscuola.it/content/view/full/29510;2024/2025;2;100.0
https://www.vivoscuola.it/content/view/full/29510;2024/2025;3;100.0
https://www.vivoscuola.it/content/view/full/29545;2022/2023;1;100.0
https://www.vivoscuola.it/content/view/full/29545;2022/2023;2;100.0
https://www.vivoscuola.it/content/view/full/29545;2022/2023;3;100.0
https://www.vivoscuola.it/content/view/full/29545;2023/2024;1;100.0
https://www.vivoscuola.it/content/view/full/29545;2023/2024;2;100.0
https://www.vivoscuola.it/content/view/full/29545;2023/2024;3;100.0
https://www.vivoscuola.it/content/view/full/29545;2024/2025;1;100.0
https://www.vivoscuola.it/content/view/full/29545;2024/2025;2;95.23809523809523
https://www.vivoscuola.it/content/view/full/29545;2024/2025;3;100.0
https://www.vivoscuola.it/content/view/full/29543;2022/2023;1;100.0
https://www.vivoscuola.it/content/view/full/29543;2022/2023;2;100.0
https://www.vivoscuola.it/content/view/full/29543;2022/2023;3;100.0
https://www.vivoscuola.it/content/view/full/29543;2022/2023;4;100.0
https://www.vivoscuola.it/content/view/full/29543;2022/2023;5;100.0
https://www.vivoscuola.it/content/view/full/29543;2023/2024;1;100.0
https://www.vivoscuola.it/content/view/full/29543;2023/2024;2;100.0
https://www.vivoscuola.it/content/view/full/29543;2023/2024;3;100.0
https://www.vivoscuola.it/content/view/full/29543;2023/2024;4;100.0
https://www.vivoscuola.it/content/view/full/29543;2023/2024;5;100.0
https://www.vivoscuola.it/content/view/full/29543;2024/2025;1;100.0
https://www.vivoscuola.it/content/view/full/29543;2024/2025;2;100.0
https://www.vivoscuola.it/content/view/full/29543;2024/2025;3;100.0
https://www.vivoscuola.it/content/view/full/29543;2024/2025;4;100.0
https://www.vivoscuola.it/content/view/full/29543;2024/2025;5;100.0
https://www.vivoscuola.it/content/view/full/29544;2022/2023;1;100.0
https://www.vivoscuola.it/content/view/full/29544;2022/2023;2;100.0
https://www.vivoscuola.it/content/view/full/29544;2022/2023;3;100.0
https://www.vivoscuola.it/content/view/full/29544;2023/2024;1;100.0
https://www.vivoscuola.it/content/view/full/29544;2023/2024;2;100.0
https://www.vivoscuola.it/content/view/full/29544;2023/2024;3;100.0
https://www.vivoscuola.it/content/view/full/29544;2024/2025;1;100.0
https://www.vivoscuola.it/content/view/full/29544;2024/2025;2;100.0
https://www.vivoscuola.it/content/view/full/29544;2024/2025;3;100.0
https://www.vivoscuola.it/content/view/full/29542;2022/2023;1;100.0
https://www.vivoscuola.it/content/view/full/29542;2022/2023;2;100.0
https://www.vivoscuola.it/content/view/full/29542;2022/2023;3;100.0
https://www.vivoscuola.it/content/view/full/29542;2022/2023;4;100.0
https://www.vivoscuola.it/content/view/full/29542;2022/2023;5;100.0
https://www.vivoscuola.it/content/view/full/29542;2023/2024;1;85.71428571428571
https://www.vivoscuola.it/content/view/full/29542;2023/2024;2;100.0
https://www.vivoscuola.it/content/view/full/29542;2023/2024;3;100.0
https://www.vivoscuola.it/content/view/full/29542;2023/2024;4;100.0
https://www.vivoscuola.it/content/view/full/29542;2023/2024;5;100.0
https://www.vivoscuola.it/content/view/full/29542;2024/2025;1;100.0
https://www.vivoscuola.it/content/view/full/29542;2024/2025;2;100.0
https://www.vivoscuola.it/content/view/full/29542;2024/2025;3;100.0
https://www.vivoscuola.it/content/view/full/29542;2024/2025;4;100.0
https://www.vivoscuola.it/content/view/full/29542;2024/2025;5;100.0
https://www.vivoscuola.it/content/view/full/29251;2022/2023;1;78.04878048780488
https://www.vivoscuola.it/content/view/full/29251;2022/2023;2;83.6734693877551
https://www.vivoscuola.it/content/view/full/29251;2022/2023;3;80.28169014084507
https://www.vivoscuola.it/content/view/full/29251;2022/2023;4;96.96969696969697
https://www.vivoscuola.it/content/view/full/29251;2023/2024;1;83.72093023255815
https://www.vivoscuola.it/content/view/full/29251;2023/2024;2;76.74418604651163
https://www.vivoscuola.it/content/view/full/29251;2023/2024;3;75.0
https://www.vivoscuola.it/content/view/full/29251;2023/2024;4;88.57142857142857
https://www.vivoscuola.it/content/view/full/29251;2024/2025;1;83.92857142857143
https://www.vivoscuola.it/content/view/full/29251;2024/2025;2;75.51020408163265
https://www.vivoscuola.it/content/view/full/29251;2024/2025;3;84.44444444444444
https://www.vivoscuola.it/content/view/full/29251;2024/2025;4;88.88888888888889
https://www.vivoscuola.it/content/view/full/29705;2022/2023;1;100.0
https://www.vivoscuola.it/content/view/full/29705;2022/2023;2;100.0
https://www.vivoscuola.it/content/view/full/29705;2022/2023;3;100.0
https://www.vivoscuola.it/content/view/full/29705;2022/2023;4;100.0
https://www.vivoscuola.it/content/view/full/29705;2022/2023;5;100.0
https://www.vivoscuola.it/content/view/full/29705;2023/2024;1;94.31818181818183
https://www.vivoscuola.it/content/view/full/29705;2023/2024;2;100.0
https://www.vivoscuola.it/content/view/full/29705;2023/2024;3;98.64864864864865
https://www.vivoscuola.it/content/view/full/29705;2023/2024;4;100.0
https://www.vivoscuola.it/content/view/full/29705;2023/2024;5;100.0
https://www.vivoscuola.it/content/view/full/29705;2024/2025;1;100.0
https://www.vivoscuola.it/content/view/full/29705;2024/2025;2;100.0
https://www.vivoscuola.it/content/view/full/29705;2024/2025;3;100.0
https://www.vivoscuola.it/content/view/full/29705;2024/2025;4;100.0
https://www.vivoscuola.it/content/view/full/29705;2024/2025;5;100.0
https://www.vivoscuola.it/content/view/full/170193;2022/2023;1;0.0
https://www.vivoscuola.it/content/view/full/170193;2022/2023;2;0.0
https://www.vivoscuola.it/content/view/full/170193;2022/2023;3;0.0
https://www.vivoscuola.it/content/view/full/170193;2022/2023;4;0.0
https://www.vivoscuola.it/content/view/full/170193;2022/2023;5;0.0
https://www.vivoscuola.it/content/view/full/170193;2023/2024;1;0.0
https://www.vivoscuola.it/content/view/full/170193;2023/2024;2;0.0
https://www.vivoscuola.it/content/view/full/170193;2023/2024;3;0.0
https://www.vivoscuola.it/content/view/full/170193;2023/2024;4;0.0
https://www.vivoscuola.it/content/view/full/170193;2023/2024;5;0.0
https://www.vivoscuola.it/content/view/full/170193;2024/2025;1;0.0
https://www.vivoscuola.it/content/view/full/170193;2024/2025;2;0.0
https://www.vivoscuola.it/content/view/full/170193;2024/2025;3;0.0
https://www.vivoscuola.it/content/view/full/170193;2024/2025;4;0.0
https://www.vivoscuola.it/content/view/full/170193;2024/2025;5;88.88888888888889
https://www.vivoscuola.it/content/view/full/29707;2022/2023;1;100.0
https://www.vivoscuola.it/content/view/full/29707;2022/2023;2;100.0
https://www.vivoscuola.it/content/view/full/29707;2022/2023;3;100.0
https://www.vivoscuola.it/content/view/full/29707;2022/2023;4;100.0
https://www.vivoscuola.it/content/view/full/29707;2022/2023;5;100.0
https://www.vivoscuola.it/content/view/full/29707;2023/2024;1;100.0
https://www.vivoscuola.it/content/view/full/29707;2023/2024;2;100.0
https://www.vivoscuola.it/content/view/full/29707;2023/2024;3;100.0
https://www.vivoscuola.it/content/view/full/29707;2023/2024;4;100.0
https://www.vivoscuola.it/content/view/full/29707;2023/2024;5;100.0
https://www.vivoscuola.it/content/view/full/29707;2024/2025;1;100.0
https://www.vivoscuola.it/content/view/full/29707;2024/2025;2;100.0
https://www.vivoscuola.it/content/view/full/29707;2024/2025;3;100.0
https://www.vivoscuola.it/content/view/full/29707;2024/2025;4;100.0
https://www.vivoscuola.it/content/view/full/29707;2024/2025;5;100.0
https://www.vivoscuola.it/content/view/full/29704;2022/2023;1;100.0
https://www.vivoscuola.it/content/view/full/29704;2022/2023;2;100.0
https://www.vivoscuola.it/content/view/full/29704;2022/2023;3;100.0
https://www.vivoscuola.it/content/view/full/29704;2022/2023;4;100.0
https://www.vivoscuola.it/content/view/full/29704;2022/2023;5;100.0
https://www.vivoscuola.it/content/view/full/29704;2023/2024;1;100.0
https://www.vivoscuola.it/content/view/full/29704;2023/2024;2;100.0
https://www.vivoscuola.it/content/view/full/29704;2023/2024;3;100.0
https://www.vivoscuola.it/content/view/full/29704;2023/2024;4;100.0
https://www.vivoscuola.it/content/view/full/29704;2023/2024;5;100.0
https://www.vivoscuola.it/content/view/full/29704;2024/2025;1;100.0
https://www.vivoscuola.it/content/view/full/29704;2024/2025;2;100.0
https://www.vivoscuola.it/content/view/full/29704;2024/2025;3;100.0
https://www.vivoscuola.it/content/view/full/29704;2024/2025;4;100.0
https://www.vivoscuola.it/content/view/full/29704;2024/2025;5;100.0
https://www.vivoscuola.it/content/view/full/29709;2022/2023;1;100.0
https://www.vivoscuola.it/content/view/full/29709;2022/2023;2;100.0
https://www.vivoscuola.it/content/view/full/29709;2022/2023;3;100.0
https://www.vivoscuola.it/content/view/full/29709;2022/2023;4;100.0
https://www.vivoscuola.it/content/view/full/29709;2022/2023;5;100.0
https://www.vivoscuola.it/content/view/full/29709;2023/2024;1;100.0
https://www.vivoscuola.it/content/view/full/29709;2023/2024;2;100.0
https://www.vivoscuola.it/content/view/full/29709;2023/2024;3;100.0
https://www.vivoscuola.it/content/view/full/29709;2023/2024;4;100.0
https://www.vivoscuola.it/content/view/full/29709;2023/2024;5;100.0
https://www.vivoscuola.it/content/view/full/29709;2024/2025;1;100.0
https://www.vivoscuola.it/content/view/full/29709;2024/2025;2;100.0
https://www.vivoscuola.it/content/view/full/29709;2024/2025;3;100.0
https://www.vivoscuola.it/content/view/full/29709;2024/2025;4;100.0
https://www.vivoscuola.it/content/view/full/29709;2024/2025;5;100.0
https://www.vivoscuola.it/content/view/full/29708;2022/2023;1;94.11764705882352
https://www.vivoscuola.it/content/view/full/29708;2022/2023;2;100.0
https://www.vivoscuola.it/content/view/full/29708;2022/2023;3;100.0
https://www.vivoscuola.it/content/view/full/29708;2022/2023;4;100.0
https://www.vivoscuola.it/content/view/full/29708;2022/2023;5;100.0
https://www.vivoscuola.it/content/view/full/29708;2023/2024;1;94.44444444444444
https://www.vivoscuola.it/content/view/full/29708;2023/2024;2;100.0
https://www.vivoscuola.it/content/view/full/29708;2023/2024;3;100.0
https://www.vivoscuola.it/content/view/full/29708;2023/2024;4;100.0
https://www.vivoscuola.it/content/view/full/29708;2023/2024;5;100.0
https://www.vivoscuola.it/content/view/full/29708;2024/2025;1;100.0
https://www.vivoscuola.it/content/view/full/29708;2024/2025;2;100.0
https://www.vivoscuola.it/content/view/full/29708;2024/2025;3;100.0
https://www.vivoscuola.it/content/view/full/29708;2024/2025;4;100.0
https://www.vivoscuola.it/content/view/full/29708;2024/2025;5;100.0
https://www.vivoscuola.it/content/view/full/29710;2022/2023;1;99.2248062015504
https://www.vivoscuola.it/content/view/full/29710;2022/2023;2;98.01324503311258
https://www.vivoscuola.it/content/view/full/29710;2022/2023;3;100.0
https://www.vivoscuola.it/content/view/full/29710;2023/2024;1;98.4375
https://www.vivoscuola.it/content/view/full/29710;2023/2024;2;100.0
https://www.vivoscuola.it/content/view/full/29710;2023/2024;3;98.63013698630137
https://www.vivoscuola.it/content/view/full/29710;2024/2025;1;99.28571428571429
https://www.vivoscuola.it/content/view/full/29710;2024/2025;2;96.89922480620154
https://www.vivoscuola.it/content/view/full/29710;2024/2025;3;100.0
https://www.vivoscuola.it/content/view/full/29743;2022/2023;1;100.0
https://www.vivoscuola.it/content/view/full/29743;2022/2023;2;100.0
https://www.vivoscuola.it/content/view/full/29743;2022/2023;3;100.0
https://www.vivoscuola.it/content/view/full/29743;2022/2023;4;100.0
https://www.vivoscuola.it/content/view/full/29743;2022/2023;5;100.0
https://www.vivoscuola.it/content/view/full/29743;2023/2024;1;100.0
https://www.vivoscuola.it/content/view/full/29743;2023/2024;2;100.0
https://www.vivoscuola.it/content/view/full/29743;2023/2024;3;100.0
https://www.vivoscuola.it/content/view/full/29743;2023/2024;4;100.0
https://www.vivoscuola.it/content/view/full/29743;2023/2024;5;100.0
https://www.vivoscuola.it/content/view/full/29743;2024/2025;1;100.0
https://www.vivoscuola.it/content/view/full/29743;2024/2025;2;100.0
https://www.vivoscuola.it/content/view/full/29743;2024/2025;3;100.0
https://www.vivoscuola.it/content/view/full/29743;2024/2025;4;100.0
https://www.vivoscuola.it/content/view/full/29743;2024/2025;5;100.0
https://www.vivoscuola.it/content/view/full/29741;2022/2023;1;100.0
https://www.vivoscuola.it/content/view/full/29741;2022/2023;2;100.0
https://www.vivoscuola.it/content/view/full/29741;2022/2023;3;100.0
https://www.vivoscuola.it/content/view/full/29741;2022/2023;4;100.0
https://www.vivoscuola.it/content/view/full/29741;2022/2023;5;100.0
https://www.vivoscuola.it/content/view/full/29741;2023/2024;1;100.0
https://www.vivoscuola.it/content/view/full/29741;2023/2024;2;100.0
https://www.vivoscuola.it/content/view/full/29741;2023/2024;3;100.0
https://www.vivoscuola.it/content/view/full/29741;2023/2024;4;100.0
https://www.vivoscuola.it/content/view/full/29741;2023/2024;5;100.0
https://www.vivoscuola.it/content/view/full/29741;2024/2025;1;100.0
https://www.vivoscuola.it/content/view/full/29741;2024/2025;2;100.0
https://www.vivoscuola.it/content/view/full/29741;2024/2025;3;100.0
https://www.vivoscuola.it/content/view/full/29741;2024/2025;4;100.0
https://www.vivoscuola.it/content/view/full/29741;2024/2025;5;100.0
https://www.vivoscuola.it/content/view/full/29225;2022/2023;1;100.0
https://www.vivoscuola.it/content/view/full/29225;2022/2023;2;95.65217391304348
https://www.vivoscuola.it/content/view/full/29225;2022/2023;3;96.0
https://www.vivoscuola.it/content/view/full/29225;2022/2023;4;100.0
https://www.vivoscuola.it/content/view/full/29225;2022/2023;5;100.0
https://www.vivoscuola.it/content/view/full/29225;2023/2024;1;100.0
https://www.vivoscuola.it/content/view/full/29225;2023/2024;2;100.0
https://www.vivoscuola.it/content/view/full/29225;2023/2024;3;92.0
https://www.vivoscuola.it/content/view/full/29225;2023/2024;4;100.0
https://www.vivoscuola.it/content/view/full/29225;2023/2024;5;100.0
https://www.vivoscuola.it/content/view/full/29225;2024/2025;1;100.0
https://www.vivoscuola.it/content/view/full/29225;2024/2025;2;100.0
https://www.vivoscuola.it/content/view/full/29225;2024/2025;3;100.0
https://www.vivoscuola.it/content/view/full/29225;2024/2025;4;100.0
https://www.vivoscuola.it/content/view/full/29225;2024/2025;5;100.0
https://www.vivoscuola.it/content/view/full/29742;2022/2023;1;93.75
https://www.vivoscuola.it/content/view/full/29742;2022/2023;2;100.0
https://www.vivoscuola.it/content/view/full/29742;2022/2023;3;100.0
https://www.vivoscuola.it/content/view/full/29742;2022/2023;4;100.0
https://www.vivoscuola.it/content/view/full/29742;2022/2023;5;100.0
https://www.vivoscuola.it/content/view/full/29742;2023/2024;1;100.0
https://www.vivoscuola.it/content/view/full/29742;2023/2024;2;100.0
https://www.vivoscuola.it/content/view/full/29742;2023/2024;3;100.0
https://www.vivoscuola.it/content/view/full/29742;2023/2024;4;100.0
https://www.vivoscuola.it/content/view/full/29742;2023/2024;5;100.0
https://www.vivoscuola.it/content/view/full/29742;2024/2025;1;100.0
https://www.vivoscuola.it/content/view/full/29742;2024/2025;2;100.0
https://www.vivoscuola.it/content/view/full/29742;2024/2025;3;100.0
https://www.vivoscuola.it/content/view/full/29742;2024/2025;4;100.0
https://www.vivoscuola.it/content/view/full/29742;2024/2025;5;90.9090909090909
https://www.vivoscuola.it/content/view/full/29744;2022/2023;1;100.0
https://www.vivoscuola.it/content/view/full/29744;2022/2023;2;100.0
https://www.vivoscuola.it/content/view/full/29744;2022/2023;3;95.65217391304348
https://www.vivoscuola.it/content/view/full/29744;2023/2024;1;100.0
https://www.vivoscuola.it/content/view/full/29744;2023/2024;2;100.0
https://www.vivoscuola.it/content/view/full/29744;2023/2024;3;100.0
https://www.vivoscuola.it/content/view/full/29744;2024/2025;1;100.0
https://www.vivoscuola.it/content/view/full/29744;2024/2025;2;100.0
https://www.vivoscuola.it/content/view/full/29744;2024/2025;3;100.0
https://www.vivoscuola.it/content/view/full/29783;2022/2023;1;81.48148148148148
https://www.vivoscuola.it/content/view/full/29783;2022/2023;2;78.125
https://www.vivoscuola.it/content/view/full/29783;2022/2023;3;92.6829268292683
https://www.vivoscuola.it/content/view/full/29783;2022/2023;4;90.9090909090909
https://www.vivoscuola.it/content/view/full/29783;2022/2023;5;97.2972972972973
https://www.vivoscuola.it/content/view/full/29783;2023/2024;1;83.87096774193549
https://www.vivoscuola.it/content/view/full/29783;2023/2024;2;86.04651162790698
https://www.vivoscuola.it/content/view/full/29783;2023/2024;3;91.66666666666666
https://www.vivoscuola.it/content/view/full/29783;2023/2024;4;86.8421052631579
https://www.vivoscuola.it/content/view/full/29783;2023/2024;5;97.36842105263158
https://www.vivoscuola.it/content/view/full/29783;2024/2025;1;84.90566037735849
https://www.vivoscuola.it/content/view/full/29783;2024/2025;2;94.64285714285714
https://www.vivoscuola.it/content/view/full/29783;2024/2025;3;85.36585365853658
https://www.vivoscuola.it/content/view/full/29783;2024/2025;4;100.0
https://www.vivoscuola.it/content/view/full/29783;2024/2025;5;97.05882352941177
https://www.vivoscuola.it/content/view/full/29782;2022/2023;1;0.0
https://www.vivoscuola.it/content/view/full/29782;2022/2023;2;0.0
https://www.vivoscuola.it/content/view/full/29782;2022/2023;3;100.0
https://www.vivoscuola.it/content/view/full/29782;2023/2024;1;0.0
https://www.vivoscuola.it/content/view/full/29782;2023/2024;2;0.0
https://www.vivoscuola.it/content/view/full/29782;2023/2024;3;50.0
https://www.vivoscuola.it/content/view/full/29782;2024/2025;1;0.0
https://www.vivoscuola.it/content/view/full/29782;2024/2025;2;0.0
https://www.vivoscuola.it/content/view/full/29782;2024/2025;3;66.66666666666666
https://www.vivoscuola.it/content/view/full/148606;2022/2023;1;0.0
https://www.vivoscuola.it/content/view/full/148606;2022/2023;2;0.0
https://www.vivoscuola.it/content/view/full/148606;2022/2023;3;0.0
https://www.vivoscuola.it/content/view/full/148606;2022/2023;4;0.0
https://www.vivoscuola.it/content/view/full/148606;2023/2024;1;94.11764705882352
https://www.vivoscuola.it/content/view/full/148606;2023/2024;2;100.0
https://www.vivoscuola.it/content/view/full/148606;2023/2024;3;100.0
https://www.vivoscuola.it/content/view/full/148606;2023/2024;4;0.0
https://www.vivoscuola.it/content/view/full/148606;2024/2025;1;90.9090909090909
https://www.vivoscuola.it/content/view/full/148606;2024/2025;2;100.0
https://www.vivoscuola.it/content/view/full/148606;2024/2025;3;100.0
https://www.vivoscuola.it/content/view/full/148606;2024/2025;4;100.0
https://www.vivoscuola.it/content/view/full/29226;2022/2023;1;100.0
https://www.vivoscuola.it/content/view/full/29226;2022/2023;2;95.45454545454545
https://www.vivoscuola.it/content/view/full/29226;2022/2023;3;100.0
https://www.vivoscuola.it/content/view/full/29226;2023/2024;1;100.0
https://www.vivoscuola.it/content/view/full/29226;2023/2024;2;100.0
https://www.vivoscuola.it/content/view/full/29226;2023/2024;3;100.0
https://www.vivoscuola.it/content/view/full/29226;2024/2025;1;100.0
https://www.vivoscuola.it/content/view/full/29226;2024/2025;2;100.0
https://www.vivoscuola.it/content/view/full/29226;2024/2025;3;100.0
https://www.vivoscuola.it/content/view/full/29786;2022/2023;1;0.0
https://www.vivoscuola.it/content/view/full/29786;2022/2023;2;0.0
https://www.vivoscuola.it/content/view/full/29786;2022/2023;3;0.0
https://www.vivoscuola.it/content/view/full/29786;2022/2023;4;25.0
https://www.vivoscuola.it/content/view/full/29786;2022/2023;5;100.0
https://www.vivoscuola.it/content/view/full/29786;2023/2024;1;0.0
https://www.vivoscuola.it/content/view/full/29786;2023/2024;2;0.0
https://www.vivoscuola.it/content/view/full/29786;2023/2024;3;0.0
https://www.vivoscuola.it/content/view/full/29786;2023/2024;4;33.33333333333333
https://www.vivoscuola.it/content/view/full/29786;2023/2024;5;100.0
https://www.vivoscuola.it/content/view/full/29786;2024/2025;1;0.0
https://www.vivoscuola.it/content/view/full/29786;2024/2025;2;0.0
https://www.vivoscuola.it/content/view/full/29786;2024/2025;3;0.0
https://www.vivoscuola.it/content/view/full/29786;2024/2025;4;0.0
https://www.vivoscuola.it/content/view/full/29786;2024/2025;5;50.0
https://www.vivoscuola.it/content/view/full/29785;2022/2023;1;79.41176470588235
https://www.vivoscuola.it/content/view/full/29785;2022/2023;2;88.23529411764706
https://www.vivoscuola.it/content/view/full/29785;2022/2023;3;88.23529411764706
https://www.vivoscuola.it/content/view/full/29785;2022/2023;4;100.0
https://www.vivoscuola.it/content/view/full/29785;2022/2023;5;100.0
https://www.vivoscuola.it/content/view/full/29785;2023/2024;1;83.78378378378379
https://www.vivoscuola.it/content/view/full/29785;2023/2024;2;82.14285714285714
https://www.vivoscuola.it/content/view/full/29785;2023/2024;3;100.0
https://www.vivoscuola.it/content/view/full/29785;2023/2024;4;100.0
https://www.vivoscuola.it/content/view/full/29785;2023/2024;5;94.11764705882352
https://www.vivoscuola.it/content/view/full/29785;2024/2025;1;81.81818181818183
https://www.vivoscuola.it/content/view/full/29785;2024/2025;2;93.75
https://www.vivoscuola.it/content/view/full/29785;2024/2025;3;96.15384615384616
https://www.vivoscuola.it/content/view/full/29785;2024/2025;4;100.0
https://www.vivoscuola.it/content/view/full/29785;2024/2025;5;95.0
https://www.vivoscuola.it/content/view/full/29784;2022/2023;1;0.0
https://www.vivoscuola.it/content/view/full/29784;2022/2023;2;0.0
https://www.vivoscuola.it/content/view/full/29784;2022/2023;3;0.0
https://www.vivoscuola.it/content/view/full/29784;2022/2023;4;77.77777777777779
https://www.vivoscuola.it/content/view/full/29784;2022/2023;5;44.44444444444444
https://www.vivoscuola.it/content/view/full/29784;2023/2024;1;0.0
https://www.vivoscuola.it/content/view/full/29784;2023/2024;2;0.0
https://www.vivoscuola.it/content/view/full/29784;2023/2024;3;0.0
https://www.vivoscuola.it/content/view/full/29784;2023/2024;4;66.66666666666666
https://www.vivoscuola.it/content/view/full/29784;2023/2024;5;66.66666666666666
https://www.vivoscuola.it/content/view/full/29784;2024/2025;1;0.0
https://www.vivoscuola.it/content/view/full/29784;2024/2025;2;0.0
https://www.vivoscuola.it/content/view/full/29784;2024/2025;3;0.0
https://www.vivoscuola.it/content/view/full/29784;2024/2025;4;16.666666666666664
https://www.vivoscuola.it/content/view/full/29784;2024/2025;5;55.55555555555556
https://www.vivoscuola.it/content/view/full/29788;2022/2023;1;95.23809523809523
https://www.vivoscuola.it/content/view/full/29788;2022/2023;2;100.0
https://www.vivoscuola.it/content/view/full/29788;2022/2023;3;87.5
https://www.vivoscuola.it/content/view/full/29788;2022/2023;4;95.23809523809523
https://www.vivoscuola.it/content/view/full/29788;2022/2023;5;85.71428571428571
https://www.vivoscuola.it/content/view/full/29788;2023/2024;1;77.27272727272727
https://www.vivoscuola.it/content/view/full/29788;2023/2024;2;100.0
https://www.vivoscuola.it/content/view/full/29788;2023/2024;3;100.0
https://www.vivoscuola.it/content/view/full/29788;2023/2024;4;100.0
https://www.vivoscuola.it/content/view/full/29788;2023/2024;5;95.65217391304348
https://www.vivoscuola.it/content/view/full/29788;2024/2025;1;93.33333333333333
https://www.vivoscuola.it/content/view/full/29788;2024/2025;2;100.0
https://www.vivoscuola.it/content/view/full/29788;2024/2025;3;94.44444444444444
https://www.vivoscuola.it/content/view/full/29788;2024/2025;4;100.0
https://www.vivoscuola.it/content/view/full/29788;2024/2025;5;100.0
https://www.vivoscuola.it/content/view/full/65579;2022/2023;1;93.54838709677419
https://www.vivoscuola.it/content/view/full/65579;2022/2023;2;90.0
https://www.vivoscuola.it/content/view/full/65579;2022/2023;3;95.23809523809523
https://www.vivoscuola.it/content/view/full/65579;2022/2023;4;0.0
https://www.vivoscuola.it/content/view/full/65579;2022/2023;5;0.0
https://www.vivoscuola.it/content/view/full/65579;2023/2024;1;95.83333333333334
https://www.vivoscuola.it/content/view/full/65579;2023/2024;2;85.71428571428571
https://www.vivoscuola.it/content/view/full/65579;2023/2024;3;85.0
https://www.vivoscuola.it/content/view/full/65579;2023/2024;4;73.68421052631578
https://www.vivoscuola.it/content/view/full/65579;2023/2024;5;0.0
https://www.vivoscuola.it/content/view/full/65579;2024/2025;1;100.0
https://www.vivoscuola.it/content/view/full/65579;2024/2025;2;86.66666666666667
https://www.vivoscuola.it/content/view/full/65579;2024/2025;3;90.625
https://www.vivoscuola.it/content/view/full/65579;2024/2025;4;94.44444444444444
https://www.vivoscuola.it/content/view/full/65579;2024/2025;5;100.0
https://www.vivoscuola.it/content/view/full/29789;2022/2023;1;100.0
https://www.vivoscuola.it/content/view/full/29789;2022/2023;2;95.0
https://www.vivoscuola.it/content/view/full/29789;2022/2023;3;100.0
https://www.vivoscuola.it/content/view/full/29789;2022/2023;4;94.44444444444444
https://www.vivoscuola.it/content/view/full/29789;2022/2023;5;95.23809523809523
https://www.vivoscuola.it/content/view/full/29789;2023/2024;1;100.0
https://www.vivoscuola.it/content/view/full/29789;2023/2024;2;95.23809523809523
https://www.vivoscuola.it/content/view/full/29789;2023/2024;3;100.0
https://www.vivoscuola.it/content/view/full/29789;2023/2024;4;100.0
https://www.vivoscuola.it/content/view/full/29789;2023/2024;5;100.0
https://www.vivoscuola.it/content/view/full/29789;2024/2025;1;100.0
https://www.vivoscuola.it/content/view/full/29789;2024/2025;2;100.0
https://www.vivoscuola.it/content/view/full/29789;2024/2025;3;95.0
https://www.vivoscuola.it/content/view/full/29789;2024/2025;4;100.0
https://www.vivoscuola.it/content/view/full/29789;2024/2025;5;100.0
https://www.vivoscuola.it/content/view/full/29493;2022/2023;1;100.0
https://www.vivoscuola.it/content/view/full/29493;2022/2023;2;100.0
https://www.vivoscuola.it/content/view/full/29493;2022/2023;3;100.0
https://www.vivoscuola.it/content/view/full/29493;2022/2023;4;100.0
https://www.vivoscuola.it/content/view/full/29493;2022/2023;5;100.0
https://www.vivoscuola.it/content/view/full/29493;2023/2024;1;100.0
https://www.vivoscuola.it/content/view/full/29493;2023/2024;2;100.0
https://www.vivoscuola.it/content/view/full/29493;2023/2024;3;100.0
https://www.vivoscuola.it/content/view/full/29493;2023/2024;4;100.0
https://www.vivoscuola.it/content/view/full/29493;2023/2024;5;100.0
https://www.vivoscuola.it/content/view/full/29493;2024/2025;1;100.0
https://www.vivoscuola.it/content/view/full/29493;2024/2025;2;100.0
https://www.vivoscuola.it/content/view/full/29493;2024/2025;3;83.33333333333334
https://www.vivoscuola.it/content/view/full/29493;2024/2025;4;100.0
https://www.vivoscuola.it/content/view/full/29493;2024/2025;5;100.0
https://www.vivoscuola.it/content/view/full/29494;2022/2023;1;100.0
https://www.vivoscuola.it/content/view/full/29494;2022/2023;2;100.0
https://www.vivoscuola.it/content/view/full/29494;2022/2023;3;100.0
https://www.vivoscuola.it/content/view/full/29494;2022/2023;4;100.0
https://www.vivoscuola.it/content/view/full/29494;2022/2023;5;100.0
https://www.vivoscuola.it/content/view/full/29494;2023/2024;1;100.0
https://www.vivoscuola.it/content/view/full/29494;2023/2024;2;92.85714285714286
https://www.vivoscuola.it/content/view/full/29494;2023/2024;3;100.0
https://www.vivoscuola.it/content/view/full/29494;2023/2024;4;100.0
https://www.vivoscuola.it/content/view/full/29494;2023/2024;5;100.0
https://www.vivoscuola.it/content/view/full/29494;2024/2025;1;0.0
https://www.vivoscuola.it/content/view/full/29494;2024/2025;2;100.0
https://www.vivoscuola.it/content/view/full/29494;2024/2025;3;100.0
https://www.vivoscuola.it/content/view/full/29494;2024/2025;4;100.0
https://www.vivoscuola.it/content/view/full/29494;2024/2025;5;100.0
https://www.vivoscuola.it/content/view/full/29495;2022/2023;1;100.0
https://www.vivoscuola.it/content/view/full/29495;2022/2023;2;100.0
https://www.vivoscuola.it/content/view/full/29495;2022/2023;3;100.0
https://www.vivoscuola.it/content/view/full/29495;2022/2023;4;100.0
https://www.vivoscuola.it/content/view/full/29495;2022/2023;5;100.0
https://www.vivoscuola.it/content/view/full/29495;2023/2024;1;100.0
https://www.vivoscuola.it/content/view/full/29495;2023/2024;2;100.0
https://www.vivoscuola.it/content/view/full/29495;2023/2024;3;100.0
https://www.vivoscuola.it/content/view/full/29495;2023/2024;4;100.0
https://www.vivoscuola.it/content/view/full/29495;2023/2024;5;100.0
https://www.vivoscuola.it/content/view/full/29495;2024/2025;1;100.0
https://www.vivoscuola.it/content/view/full/29495;2024/2025;2;100.0
https://www.vivoscuola.it/content/view/full/29495;2024/2025;3;100.0
https://www.vivoscuola.it/content/view/full/29495;2024/2025;4;100.0
https://www.vivoscuola.it/content/view/full/29495;2024/2025;5;100.0
https://www.vivoscuola.it/content/view/full/29496;2022/2023;1;100.0
https://www.vivoscuola.it/content/view/full/29496;2022/2023;2;100.0
https://www.vivoscuola.it/content/view/full/29496;2022/2023;3;100.0
https://www.vivoscuola.it/content/view/full/29496;2022/2023;4;100.0
https://www.vivoscuola.it/content/view/full/29496;2022/2023;5;100.0
https://www.vivoscuola.it/content/view/full/29496;2023/2024;1;100.0
https://www.vivoscuola.it/content/view/full/29496;2023/2024;2;100.0
https://www.vivoscuola.it/content/view/full/29496;2023/2024;3;100.0
https://www.vivoscuola.it/content/view/full/29496;2023/2024;4;100.0
https://www.vivoscuola.it/content/view/full/29496;2023/2024;5;100.0
https://www.vivoscuola.it/content/view/full/29496;2024/2025;1;100.0
https://www.vivoscuola.it/content/view/full/29496;2024/2025;2;100.0
https://www.vivoscuola.it/content/view/full/29496;2024/2025;3;100.0
https://www.vivoscuola.it/content/view/full/29496;2024/2025;4;100.0
https://www.vivoscuola.it/content/view/full/29496;2024/2025;5;100.0
https://www.vivoscuola.it/content/view/full/29501;2022/2023;1;100.0
https://www.vivoscuola.it/content/view/full/29501;2022/2023;2;100.0
https://www.vivoscuola.it/content/view/full/29501;2022/2023;3;100.0
https://www.vivoscuola.it/content/view/full/29501;2023/2024;1;100.0
https://www.vivoscuola.it/content/view/full/29501;2023/2024;2;100.0
https://www.vivoscuola.it/content/view/full/29501;2023/2024;3;96.29629629629629
https://www.vivoscuola.it/content/view/full/29501;2024/2025;1;96.7741935483871
https://www.vivoscuola.it/content/view/full/29501;2024/2025;2;100.0
https://www.vivoscuola.it/content/view/full/29501;2024/2025;3;100.0
https://www.vivoscuola.it/content/view/full/29497;2022/2023;1;100.0
https://www.vivoscuola.it/content/view/full/29497;2022/2023;2;100.0
https://www.vivoscuola.it/content/view/full/29497;2022/2023;3;100.0
https://www.vivoscuola.it/content/view/full/29497;2022/2023;4;100.0
https://www.vivoscuola.it/content/view/full/29497;2022/2023;5;100.0
https://www.vivoscuola.it/content/view/full/29497;2023/2024;1;100.0
https://www.vivoscuola.it/content/view/full/29497;2023/2024;2;100.0
https://www.vivoscuola.it/content/view/full/29497;2023/2024;3;100.0
https://www.vivoscuola.it/content/view/full/29497;2023/2024;4;100.0
https://www.vivoscuola.it/content/view/full/29497;2023/2024;5;100.0
https://www.vivoscuola.it/content/view/full/29497;2024/2025;1;100.0
https://www.vivoscuola.it/content/view/full/29497;2024/2025;2;100.0
https://www.vivoscuola.it/content/view/full/29497;2024/2025;3;100.0
https://www.vivoscuola.it/content/view/full/29497;2024/2025;4;100.0
https://www.vivoscuola.it/content/view/full/29497;2024/2025;5;100.0
https://www.vivoscuola.it/content/view/full/29498;2022/2023;1;100.0
https://www.vivoscuola.it/content/view/full/29498;2022/2023;2;100.0
https://www.vivoscuola.it/content/view/full/29498;2022/2023;3;100.0
https://www.vivoscuola.it/content/view/full/29498;2022/2023;4;100.0
https://www.vivoscuola.it/content/view/full/29498;2022/2023;5;100.0
https://www.vivoscuola.it/content/view/full/29498;2023/2024;1;100.0
https://www.vivoscuola.it/content/view/full/29498;2023/2024;2;100.0
https://www.vivoscuola.it/content/view/full/29498;2023/2024;3;100.0
https://www.vivoscuola.it/content/view/full/29498;2023/2024;4;100.0
https://www.vivoscuola.it/content/view/full/29498;2023/2024;5;100.0
https://www.vivoscuola.it/content/view/full/29498;2024/2025;1;100.0
https://www.vivoscuola.it/content/view/full/29498;2024/2025;2;100.0
https://www.vivoscuola.it/content/view/full/29498;2024/2025;3;100.0
https://www.vivoscuola.it/content/view/full/29498;2024/2025;4;100.0
https://www.vivoscuola.it/content/view/full/29498;2024/2025;5;100.0
https://www.vivoscuola.it/content/view/full/29500;2022/2023;1;100.0
https://www.vivoscuola.it/content/view/full/29500;2022/2023;2;100.0
https://www.vivoscuola.it/content/view/full/29500;2022/2023;3;100.0
https://www.vivoscuola.it/content/view/full/29500;2023/2024;1;100.0
https://www.vivoscuola.it/content/view/full/29500;2023/2024;2;100.0
https://www.vivoscuola.it/content/view/full/29500;2023/2024;3;100.0
https://www.vivoscuola.it/content/view/full/29500;2024/2025;1;90.47619047619048
https://www.vivoscuola.it/content/view/full/29500;2024/2025;2;100.0
https://www.vivoscuola.it/content/view/full/29500;2024/2025;3;100.0
https://www.vivoscuola.it/content/view/full/29499;2022/2023;1;100.0
https://www.vivoscuola.it/content/view/full/29499;2022/2023;2;100.0
https://www.vivoscuola.it/content/view/full/29499;2022/2023;3;100.0
https://www.vivoscuola.it/content/view/full/29499;2023/2024;1;100.0
https://www.vivoscuola.it/content/view/full/29499;2023/2024;2;100.0
https://www.vivoscuola.it/content/view/full/29499;2023/2024;3;100.0
https://www.vivoscuola.it/content/view/full/29499;2024/2025;1;100.0
https://www.vivoscuola.it/content/view/full/29499;2024/2025;2;97.36842105263158
https://www.vivoscuola.it/content/view/full/29499;2024/2025;3;100.0
https://www.vivoscuola.it/content/view/full/29843;2022/2023;1;0.0
https://www.vivoscuola.it/content/view/full/29843;2022/2023;2;0.0
https://www.vivoscuola.it/content/view/full/29843;2022/2023;3;0.0
https://www.vivoscuola.it/content/view/full/29843;2022/2023;4;55.00000000000001
https://www.vivoscuola.it/content/view/full/29843;2022/2023;5;80.0
https://www.vivoscuola.it/content/view/full/29843;2023/2024;1;0.0
https://www.vivoscuola.it/content/view/full/29843;2023/2024;2;0.0
https://www.vivoscuola.it/content/view/full/29843;2023/2024;3;0.0
https://www.vivoscuola.it/content/view/full/29843;2023/2024;4;62.5
https://www.vivoscuola.it/content/view/full/29843;2023/2024;5;85.71428571428571
https://www.vivoscuola.it/content/view/full/29843;2024/2025;1;0.0
https://www.vivoscuola.it/content/view/full/29843;2024/2025;2;0.0
https://www.vivoscuola.it/content/view/full/29843;2024/2025;3;0.0
https://www.vivoscuola.it/content/view/full/29843;2024/2025;4;50.0
https://www.vivoscuola.it/content/view/full/29843;2024/2025;5;78.57142857142857
https://www.vivoscuola.it/content/view/full/29842;2022/2023;1;93.97590361445783
https://www.vivoscuola.it/content/view/full/29842;2022/2023;2;90.36144578313254
https://www.vivoscuola.it/content/view/full/29842;2022/2023;3;87.3015873015873
https://www.vivoscuola.it/content/view/full/29842;2022/2023;4;98.0392156862745
https://www.vivoscuola.it/content/view/full/29842;2022/2023;5;96.7741935483871
https://www.vivoscuola.it/content/view/full/29842;2023/2024;1;92.45283018867924
https://www.vivoscuola.it/content/view/full/29842;2023/2024;2;96.5909090909091
https://www.vivoscuola.it/content/view/full/29842;2023/2024;3;85.13513513513513
https://www.vivoscuola.it/content/view/full/29842;2023/2024;4;88.67924528301887
https://www.vivoscuola.it/content/view/full/29842;2023/2024;5;92.45283018867924
https://www.vivoscuola.it/content/view/full/29842;2024/2025;1;91.83673469387756
https://www.vivoscuola.it/content/view/full/29842;2024/2025;2;87.5
https://www.vivoscuola.it/content/view/full/29842;2024/2025;3;87.77777777777777
https://www.vivoscuola.it/content/view/full/29842;2024/2025;4;92.3076923076923
https://www.vivoscuola.it/content/view/full/29842;2024/2025;5;89.58333333333334
https://www.vivoscuola.it/content/view/full/29844;2022/2023;1;86.8421052631579
https://www.vivoscuola.it/content/view/full/29844;2022/2023;2;93.75
https://www.vivoscuola.it/content/view/full/29844;2022/2023;3;95.45454545454545
https://www.vivoscuola.it/content/view/full/29844;2022/2023;4;100.0
https://www.vivoscuola.it/content/view/full/29844;2022/2023;5;100.0
https://www.vivoscuola.it/content/view/full/29844;2023/2024;1;100.0
https://www.vivoscuola.it/content/view/full/29844;2023/2024;2;88.88888888888889
https://www.vivoscuola.it/content/view/full/29844;2023/2024;3;92.85714285714286
https://www.vivoscuola.it/content/view/full/29844;2023/2024;4;100.0
https://www.vivoscuola.it/content/view/full/29844;2023/2024;5;88.46153846153845
https://www.vivoscuola.it/content/view/full/29844;2024/2025;1;87.87878787878788
https://www.vivoscuola.it/content/view/full/29844;2024/2025;2;100.0
https://www.vivoscuola.it/content/view/full/29844;2024/2025;3;90.0
https://www.vivoscuola.it/content/view/full/29844;2024/2025;4;83.33333333333334
https://www.vivoscuola.it/content/view/full/29844;2024/2025;5;90.47619047619048
https://www.vivoscuola.it/content/view/full/29845;2022/2023;1;0.0
https://www.vivoscuola.it/content/view/full/29845;2022/2023;2;0.0
https://www.vivoscuola.it/content/view/full/29845;2022/2023;3;0.0
https://www.vivoscuola.it/content/view/full/29845;2022/2023;4;50.0
https://www.vivoscuola.it/content/view/full/29845;2022/2023;5;50.0
https://www.vivoscuola.it/content/view/full/29845;2023/2024;1;0.0
https://www.vivoscuola.it/content/view/full/29845;2023/2024;2;0.0
https://www.vivoscuola.it/content/view/full/29845;2023/2024;3;0.0
https://www.vivoscuola.it/content/view/full/29845;2023/2024;4;83.33333333333334
https://www.vivoscuola.it/content/view/full/29845;2023/2024;5;75.0
https://www.vivoscuola.it/content/view/full/29845;2024/2025;1;0.0
https://www.vivoscuola.it/content/view/full/29845;2024/2025;2;0.0
https://www.vivoscuola.it/content/view/full/29845;2024/2025;3;0.0
https://www.vivoscuola.it/content/view/full/29845;2024/2025;4;40.0
https://www.vivoscuola.it/content/view/full/29845;2024/2025;5;83.33333333333334
https://www.vivoscuola.it/content/view/full/29751;2022/2023;1;100.0
https://www.vivoscuola.it/content/view/full/29751;2022/2023;2;100.0
https://www.vivoscuola.it/content/view/full/29751;2022/2023;3;100.0
https://www.vivoscuola.it/content/view/full/29751;2022/2023;4;100.0
https://www.vivoscuola.it/content/view/full/29751;2022/2023;5;100.0
https://www.vivoscuola.it/content/view/full/29751;2023/2024;1;100.0
https://www.vivoscuola.it/content/view/full/29751;2023/2024;2;100.0
https://www.vivoscuola.it/content/view/full/29751;2023/2024;3;100.0
https://www.vivoscuola.it/content/view/full/29751;2023/2024;4;100.0
https://www.vivoscuola.it/content/view/full/29751;2023/2024;5;100.0
https://www.vivoscuola.it/content/view/full/29751;2024/2025;1;100.0
https://www.vivoscuola.it/content/view/full/29751;2024/2025;2;100.0
https://www.vivoscuola.it/content/view/full/29751;2024/2025;3;100.0
https://www.vivoscuola.it/content/view/full/29751;2024/2025;4;100.0
https://www.vivoscuola.it/content/view/full/29751;2024/2025;5;100.0
https://www.vivoscuola.it/content/view/full/29245;2022/2023;1;100.0
https://www.vivoscuola.it/content/view/full/29245;2022/2023;2;100.0
https://www.vivoscuola.it/content/view/full/29245;2022/2023;3;100.0
https://www.vivoscuola.it/content/view/full/29245;2022/2023;4;100.0
https://www.vivoscuola.it/content/view/full/29245;2022/2023;5;100.0
https://www.vivoscuola.it/content/view/full/29245;2023/2024;1;100.0
https://www.vivoscuola.it/content/view/full/29245;2023/2024;2;100.0
https://www.vivoscuola.it/content/view/full/29245;2023/2024;3;100.0
https://www.vivoscuola.it/content/view/full/29245;2023/2024;4;100.0
https://www.vivoscuola.it/content/view/full/29245;2023/2024;5;100.0
https://www.vivoscuola.it/content/view/full/29245;2024/2025;1;100.0
https://www.vivoscuola.it/content/view/full/29245;2024/2025;2;100.0
https://www.vivoscuola.it/content/view/full/29245;2024/2025;3;100.0
https://www.vivoscuola.it/content/view/full/29245;2024/2025;4;100.0
https://www.vivoscuola.it/content/view/full/29245;2024/2025;5;100.0
https://www.vivoscuola.it/content/view/full/29901;2022/2023;1;98.38709677419355
https://www.vivoscuola.it/content/view/full/29901;2022/2023;2;98.82352941176471
https://www.vivoscuola.it/content/view/full/29901;2022/2023;3;98.26086956521739
https://www.vivoscuola.it/content/view/full/29901;2022/2023;4;96.96969696969697
https://www.vivoscuola.it/content/view/full/29901;2022/2023;5;98.95833333333334
https://www.vivoscuola.it/content/view/full/29901;2023/2024;1;96.96969696969697
https://www.vivoscuola.it/content/view/full/29901;2023/2024;2;94.73684210526315
https://www.vivoscuola.it/content/view/full/29901;2023/2024;3;100.0
https://www.vivoscuola.it/content/view/full/29901;2023/2024;4;97.11538461538461
https://www.vivoscuola.it/content/view/full/29901;2023/2024;5;98.93617021276596
https://www.vivoscuola.it/content/view/full/29901;2024/2025;1;97.22222222222221
https://www.vivoscuola.it/content/view/full/29901;2024/2025;2;94.73684210526315
https://www.vivoscuola.it/content/view/full/29901;2024/2025;3;100.0
https://www.vivoscuola.it/content/view/full/29901;2024/2025;4;98.66666666666667
https://www.vivoscuola.it/content/view/full/29901;2024/2025;5;100.0
https://www.vivoscuola.it/content/view/full/29753;2022/2023;1;100.0
https://www.vivoscuola.it/content/view/full/29753;2022/2023;2;95.83333333333334
https://www.vivoscuola.it/content/view/full/29753;2022/2023;3;100.0
https://www.vivoscuola.it/content/view/full/29753;2022/2023;4;100.0
https://www.vivoscuola.it/content/view/full/29753;2022/2023;5;100.0
https://www.vivoscuola.it/content/view/full/29753;2023/2024;1;100.0
https://www.vivoscuola.it/content/view/full/29753;2023/2024;2;100.0
https://www.vivoscuola.it/content/view/full/29753;2023/2024;3;100.0
https://www.vivoscuola.it/content/view/full/29753;2023/2024;4;100.0
https://www.vivoscuola.it/content/view/full/29753;2023/2024;5;100.0
https://www.vivoscuola.it/content/view/full/29753;2024/2025;1;100.0
https://www.vivoscuola.it/content/view/full/29753;2024/2025;2;100.0
https://www.vivoscuola.it/content/view/full/29753;2024/2025;3;100.0
https://www.vivoscuola.it/content/view/full/29753;2024/2025;4;100.0
https://www.vivoscuola.it/content/view/full/29753;2024/2025;5;100.0
https://www.vivoscuola.it/content/view/full/29752;2022/2023;1;97.61904761904762
https://www.vivoscuola.it/content/view/full/29752;2022/2023;2;100.0
https://www.vivoscuola.it/content/view/full/29752;2022/2023;3;100.0
https://www.vivoscuola.it/content/view/full/29752;2022/2023;4;100.0
https://www.vivoscuola.it/content/view/full/29752;2022/2023;5;97.77777777777777
https://www.vivoscuola.it/content/view/full/29752;2023/2024;1;100.0
https://www.vivoscuola.it/content/view/full/29752;2023/2024;2;100.0
https://www.vivoscuola.it/content/view/full/29752;2023/2024;3;100.0
https://www.vivoscuola.it/content/view/full/29752;2023/2024;4;100.0
https://www.vivoscuola.it/content/view/full/29752;2023/2024;5;97.91666666666666
https://www.vivoscuola.it/content/view/full/29752;2024/2025;1;100.0
https://www.vivoscuola.it/content/view/full/29752;2024/2025;2;100.0
https://www.vivoscuola.it/content/view/full/29752;2024/2025;3;100.0
https://www.vivoscuola.it/content/view/full/29752;2024/2025;4;100.0
https://www.vivoscuola.it/content/view/full/29752;2024/2025;5;100.0
https://www.vivoscuola.it/content/view/full/29902;2022/2023;1;95.95959595959596
https://www.vivoscuola.it/content/view/full/29902;2022/2023;2;95.23809523809523
https://www.vivoscuola.it/content/view/full/29902;2022/2023;3;96.7741935483871
https://www.vivoscuola.it/content/view/full/29902;2022/2023;4;91.66666666666666
https://www.vivoscuola.it/content/view/full/29902;2022/2023;5;98.59154929577466
https://www.vivoscuola.it/content/view/full/29902;2023/2024;1;100.0
https://www.vivoscuola.it/content/view/full/29902;2023/2024;2;97.84946236559139
https://www.vivoscuola.it/content/view/full/29902;2023/2024;3;97.36842105263158
https://www.vivoscuola.it/content/view/full/29902;2023/2024;4;95.0
https://www.vivoscuola.it/content/view/full/29902;2023/2024;5;96.96969696969697
https://www.vivoscuola.it/content/view/full/29902;2024/2025;1;94.91525423728814
https://www.vivoscuola.it/content/view/full/29902;2024/2025;2;97.2972972972973
https://www.vivoscuola.it/content/view/full/29902;2024/2025;3;96.55172413793103
https://www.vivoscuola.it/content/view/full/29902;2024/2025;4;95.94594594594594
https://www.vivoscuola.it/content/view/full/29902;2024/2025;5;96.72131147540983
https://www.vivoscuola.it/content/view/full/29754;2022/2023;1;100.0
https://www.vivoscuola.it/content/view/full/29754;2022/2023;2;100.0
https://www.vivoscuola.it/content/view/full/29754;2022/2023;3;100.0
https://www.vivoscuola.it/content/view/full/29754;2022/2023;4;100.0
https://www.vivoscuola.it/content/view/full/29754;2022/2023;5;100.0
https://www.vivoscuola.it/content/view/full/29754;2023/2024;1;100.0
https://www.vivoscuola.it/content/view/full/29754;2023/2024;2;100.0
https://www.vivoscuola.it/content/view/full/29754;2023/2024;3;95.83333333333334
https://www.vivoscuola.it/content/view/full/29754;2023/2024;4;100.0
https://www.vivoscuola.it/content/view/full/29754;2023/2024;5;100.0
https://www.vivoscuola.it/content/view/full/29754;2024/2025;1;100.0
https://www.vivoscuola.it/content/view/full/29754;2024/2025;2;100.0
https://www.vivoscuola.it/content/view/full/29754;2024/2025;3;100.0
https://www.vivoscuola.it/content/view/full/29754;2024/2025;4;100.0
https://www.vivoscuola.it/content/view/full/29754;2024/2025;5;100.0
https://www.vivoscuola.it/content/view/full/29755;2022/2023;1;96.47058823529412
https://www.vivoscuola.it/content/view/full/29755;2022/2023;2;96.51162790697676
https://www.vivoscuola.it/content/view/full/29755;2022/2023;3;98.93617021276596
https://www.vivoscuola.it/content/view/full/29755;2023/2024;1;98.79518072289156
https://www.vivoscuola.it/content/view/full/29755;2023/2024;2;98.79518072289156
https://www.vivoscuola.it/content/view/full/29755;2023/2024;3;97.6470588235294
https://www.vivoscuola.it/content/view/full/29755;2024/2025;1;97.8021978021978
https://www.vivoscuola.it/content/view/full/29755;2024/2025;2;97.59036144578313
https://www.vivoscuola.it/content/view/full/29755;2024/2025;3;100.0
https://www.vivoscuola.it/content/view/full/29410;2022/2023;1;79.81651376146789
https://www.vivoscuola.it/content/view/full/29410;2022/2023;2;85.88235294117646
https://www.vivoscuola.it/content/view/full/29410;2022/2023;3;94.8051948051948
https://www.vivoscuola.it/content/view/full/29410;2022/2023;4;90.36144578313254
https://www.vivoscuola.it/content/view/full/29410;2022/2023;5;98.0
https://www.vivoscuola.it/content/view/full/29410;2023/2024;1;81.81818181818183
https://www.vivoscuola.it/content/view/full/29410;2023/2024;2;81.81818181818183
https://www.vivoscuola.it/content/view/full/29410;2023/2024;3;93.67088607594937
https://www.vivoscuola.it/content/view/full/29410;2023/2024;4;92.5925925925926
https://www.vivoscuola.it/content/view/full/29410;2023/2024;5;98.68421052631578
https://www.vivoscuola.it/content/view/full/29410;2024/2025;1;83.03571428571429
https://www.vivoscuola.it/content/view/full/29410;2024/2025;2;92.72727272727272
https://www.vivoscuola.it/content/view/full/29410;2024/2025;3;91.02564102564102
https://www.vivoscuola.it/content/view/full/29410;2024/2025;4;98.73417721518987
https://www.vivoscuola.it/content/view/full/29410;2024/2025;5;98.64864864864865
https://www.vivoscuola.it/content/view/full/170206;2022/2023;1;0.0
https://www.vivoscuola.it/content/view/full/170206;2022/2023;2;0.0
https://www.vivoscuola.it/content/view/full/170206;2022/2023;3;0.0
https://www.vivoscuola.it/content/view/full/170206;2022/2023;4;0.0
https://www.vivoscuola.it/content/view/full/170206;2022/2023;5;0.0
https://www.vivoscuola.it/content/view/full/170206;2023/2024;1;0.0
https://www.vivoscuola.it/content/view/full/170206;2023/2024;2;0.0
https://www.vivoscuola.it/content/view/full/170206;2023/2024;3;0.0
https://www.vivoscuola.it/content/view/full/170206;2023/2024;4;0.0
https://www.vivoscuola.it/content/view/full/170206;2023/2024;5;0.0
https://www.vivoscuola.it/content/view/full/170206;2024/2025;1;0.0
https://www.vivoscuola.it/content/view/full/170206;2024/2025;2;0.0
https://www.vivoscuola.it/content/view/full/170206;2024/2025;3;0.0
https://www.vivoscuola.it/content/view/full/170206;2024/2025;4;0.0
https://www.vivoscuola.it/content/view/full/170206;2024/2025;5;51.35135135135135
https://www.vivoscuola.it/content/view/full/29411;2022/2023;1;79.74683544303798
https://www.vivoscuola.it/content/view/full/29411;2022/2023;2;96.1038961038961
https://www.vivoscuola.it/content/view/full/29411;2022/2023;3;98.66666666666667
https://www.vivoscuola.it/content/view/full/29411;2022/2023;4;96.22641509433963
https://www.vivoscuola.it/content/view/full/29411;2023/2024;1;82.05128205128204
https://www.vivoscuola.it/content/view/full/29411;2023/2024;2;92.7536231884058
https://www.vivoscuola.it/content/view/full/29411;2023/2024;3;96.05263157894737
https://www.vivoscuola.it/content/view/full/29411;2023/2024;4;98.48484848484848
https://www.vivoscuola.it/content/view/full/29411;2024/2025;1;77.63157894736842
https://www.vivoscuola.it/content/view/full/29411;2024/2025;2;82.35294117647058
https://www.vivoscuola.it/content/view/full/29411;2024/2025;3;95.38461538461539
https://www.vivoscuola.it/content/view/full/29411;2024/2025;4;93.33333333333333
https://www.vivoscuola.it/content/view/full/29748;2022/2023;1;100.0
https://www.vivoscuola.it/content/view/full/29748;2022/2023;2;100.0
https://www.vivoscuola.it/content/view/full/29748;2022/2023;3;100.0
https://www.vivoscuola.it/content/view/full/29748;2022/2023;4;100.0
https://www.vivoscuola.it/content/view/full/29748;2022/2023;5;100.0
https://www.vivoscuola.it/content/view/full/29748;2023/2024;1;95.0
https://www.vivoscuola.it/content/view/full/29748;2023/2024;2;100.0
https://www.vivoscuola.it/content/view/full/29748;2023/2024;3;100.0
https://www.vivoscuola.it/content/view/full/29748;2023/2024;4;100.0
https://www.vivoscuola.it/content/view/full/29748;2023/2024;5;100.0
https://www.vivoscuola.it/content/view/full/29748;2024/2025;1;100.0
https://www.vivoscuola.it/content/view/full/29748;2024/2025;2;100.0
https://www.vivoscuola.it/content/view/full/29748;2024/2025;3;100.0
https://www.vivoscuola.it/content/view/full/29748;2024/2025;4;100.0
https://www.vivoscuola.it/content/view/full/29748;2024/2025;5;100.0
https://www.vivoscuola.it/content/view/full/29749;2022/2023;1;100.0
https://www.vivoscuola.it/content/view/full/29749;2022/2023;2;100.0
https://www.vivoscuola.it/content/view/full/29749;2022/2023;3;100.0
https://www.vivoscuola.it/content/view/full/29749;2023/2024;1;100.0
https://www.vivoscuola.it/content/view/full/29749;2023/2024;2;100.0
https://www.vivoscuola.it/content/view/full/29749;2023/2024;3;98.18181818181819
https://www.vivoscuola.it/content/view/full/29749;2024/2025;1;100.0
https://www.vivoscuola.it/content/view/full/29749;2024/2025;2;100.0
https://www.vivoscuola.it/content/view/full/29749;2024/2025;3;100.0
https://www.vivoscuola.it/content/view/full/29746;2022/2023;1;92.85714285714286
https://www.vivoscuola.it/content/view/full/29746;2022/2023;2;100.0
https://www.vivoscuola.it/content/view/full/29746;2022/2023;3;100.0
https://www.vivoscuola.it/content/view/full/29746;2022/2023;4;100.0
https://www.vivoscuola.it/content/view/full/29746;2022/2023;5;100.0
https://www.vivoscuola.it/content/view/full/29746;2023/2024;1;100.0
https://www.vivoscuola.it/content/view/full/29746;2023/2024;2;100.0
https://www.vivoscuola.it/content/view/full/29746;2023/2024;3;100.0
https://www.vivoscuola.it/content/view/full/29746;2023/2024;4;100.0
https://www.vivoscuola.it/content/view/full/29746;2023/2024;5;100.0
https://www.vivoscuola.it/content/view/full/29746;2024/2025;1;100.0
https://www.vivoscuola.it/content/view/full/29746;2024/2025;2;100.0
https://www.vivoscuola.it/content/view/full/29746;2024/2025;3;100.0
https://www.vivoscuola.it/content/view/full/29746;2024/2025;4;100.0
https://www.vivoscuola.it/content/view/full/29746;2024/2025;5;100.0
https://www.vivoscuola.it/content/view/full/29897;2022/2023;1;91.25
https://www.vivoscuola.it/content/view/full/29897;2022/2023;2;96.42857142857143
https://www.vivoscuola.it/content/view/full/29897;2022/2023;3;100.0
https://www.vivoscuola.it/content/view/full/29897;2022/2023;4;98.61111111111111
https://www.vivoscuola.it/content/view/full/29897;2022/2023;5;100.0
https://www.vivoscuola.it/content/view/full/29897;2023/2024;1;93.61702127659575
https://www.vivoscuola.it/content/view/full/29897;2023/2024;2;93.24324324324324
https://www.vivoscuola.it/content/view/full/29897;2023/2024;3;98.11320754716981
https://www.vivoscuola.it/content/view/full/29897;2023/2024;4;94.9367088607595
https://www.vivoscuola.it/content/view/full/29897;2023/2024;5;100.0
https://www.vivoscuola.it/content/view/full/29897;2024/2025;1;91.56626506024097
https://www.vivoscuola.it/content/view/full/29897;2024/2025;2;98.79518072289156
https://www.vivoscuola.it/content/view/full/29897;2024/2025;3;98.57142857142858
https://www.vivoscuola.it/content/view/full/29897;2024/2025;4;98.0
https://www.vivoscuola.it/content/view/full/29897;2024/2025;5;100.0
https://www.vivoscuola.it/content/view/full/29747;2022/2023;1;100.0
https://www.vivoscuola.it/content/view/full/29747;2022/2023;2;100.0
https://www.vivoscuola.it/content/view/full/29747;2022/2023;3;100.0
https://www.vivoscuola.it/content/view/full/29747;2022/2023;4;100.0
https://www.vivoscuola.it/content/view/full/29747;2022/2023;5;100.0
https://www.vivoscuola.it/content/view/full/29747;2023/2024;1;100.0
https://www.vivoscuola.it/content/view/full/29747;2023/2024;2;100.0
https://www.vivoscuola.it/content/view/full/29747;2023/2024;3;100.0
https://www.vivoscuola.it/content/view/full/29747;2023/2024;4;100.0
https://www.vivoscuola.it/content/view/full/29747;2023/2024;5;100.0
https://www.vivoscuola.it/content/view/full/29747;2024/2025;1;100.0
https://www.vivoscuola.it/content/view/full/29747;2024/2025;2;100.0
https://www.vivoscuola.it/content/view/full/29747;2024/2025;3;100.0
https://www.vivoscuola.it/content/view/full/29747;2024/2025;4;100.0
https://www.vivoscuola.it/content/view/full/29747;2024/2025;5;100.0
https://www.vivoscuola.it/content/view/full/29678;2022/2023;1;100.0
https://www.vivoscuola.it/content/view/full/29678;2022/2023;2;100.0
https://www.vivoscuola.it/content/view/full/29678;2022/2023;3;100.0
https://www.vivoscuola.it/content/view/full/29678;2023/2024;1;100.0
https://www.vivoscuola.it/content/view/full/29678;2023/2024;2;100.0
https://www.vivoscuola.it/content/view/full/29678;2023/2024;3;100.0
https://www.vivoscuola.it/content/view/full/29678;2024/2025;1;100.0
https://www.vivoscuola.it/content/view/full/29678;2024/2025;2;100.0
https://www.vivoscuola.it/content/view/full/29678;2024/2025;3;96.7741935483871
https://www.vivoscuola.it/content/view/full/29676;2022/2023;1;100.0
https://www.vivoscuola.it/content/view/full/29676;2022/2023;2;100.0
https://www.vivoscuola.it/content/view/full/29676;2022/2023;3;100.0
https://www.vivoscuola.it/content/view/full/29676;2022/2023;4;100.0
https://www.vivoscuola.it/content/view/full/29676;2022/2023;5;100.0
https://www.vivoscuola.it/content/view/full/29676;2023/2024;1;100.0
https://www.vivoscuola.it/content/view/full/29676;2023/2024;2;100.0
https://www.vivoscuola.it/content/view/full/29676;2023/2024;3;100.0
https://www.vivoscuola.it/content/view/full/29676;2023/2024;4;100.0
https://www.vivoscuola.it/content/view/full/29676;2023/2024;5;100.0
https://www.vivoscuola.it/content/view/full/29676;2024/2025;1;100.0
https://www.vivoscuola.it/content/view/full/29676;2024/2025;2;100.0
https://www.vivoscuola.it/content/view/full/29676;2024/2025;3;100.0
https://www.vivoscuola.it/content/view/full/29676;2024/2025;4;100.0
https://www.vivoscuola.it/content/view/full/29676;2024/2025;5;100.0
https://www.vivoscuola.it/content/view/full/29677;2022/2023;1;97.36842105263158
https://www.vivoscuola.it/content/view/full/29677;2022/2023;2;100.0
https://www.vivoscuola.it/content/view/full/29677;2022/2023;3;100.0
https://www.vivoscuola.it/content/view/full/29677;2022/2023;4;100.0
https://www.vivoscuola.it/content/view/full/29677;2022/2023;5;100.0
https://www.vivoscuola.it/content/view/full/29677;2023/2024;1;96.66666666666667
https://www.vivoscuola.it/content/view/full/29677;2023/2024;2;100.0
https://www.vivoscuola.it/content/view/full/29677;2023/2024;3;100.0
https://www.vivoscuola.it/content/view/full/29677;2023/2024;4;100.0
https://www.vivoscuola.it/content/view/full/29677;2023/2024;5;100.0
https://www.vivoscuola.it/content/view/full/29677;2024/2025;1;96.55172413793103
https://www.vivoscuola.it/content/view/full/29677;2024/2025;2;100.0
https://www.vivoscuola.it/content/view/full/29677;2024/2025;3;100.0
https://www.vivoscuola.it/content/view/full/29677;2024/2025;4;100.0
https://www.vivoscuola.it/content/view/full/29677;2024/2025;5;100.0
https://www.vivoscuola.it/content/view/full/29828;2022/2023;1;100.0
https://www.vivoscuola.it/content/view/full/29828;2022/2023;2;100.0
https://www.vivoscuola.it/content/view/full/29828;2022/2023;3;100.0
https://www.vivoscuola.it/content/view/full/29828;2023/2024;1;100.0
https://www.vivoscuola.it/content/view/full/29828;2023/2024;2;100.0
https://www.vivoscuola.it/content/view/full/29828;2023/2024;3;100.0
https://www.vivoscuola.it/content/view/full/29828;2024/2025;1;98.66666666666667
https://www.vivoscuola.it/content/view/full/29828;2024/2025;2;100.0
https://www.vivoscuola.it/content/view/full/29828;2024/2025;3;97.10144927536231
https://www.vivoscuola.it/content/view/full/29581;2022/2023;1;100.0
https://www.vivoscuola.it/content/view/full/29581;2022/2023;2;100.0
https://www.vivoscuola.it/content/view/full/29581;2022/2023;3;100.0
https://www.vivoscuola.it/content/view/full/29581;2022/2023;4;100.0
https://www.vivoscuola.it/content/view/full/29581;2022/2023;5;100.0
https://www.vivoscuola.it/content/view/full/29581;2023/2024;1;85.71428571428571
https://www.vivoscuola.it/content/view/full/29581;2023/2024;2;100.0
https://www.vivoscuola.it/content/view/full/29581;2023/2024;3;100.0
https://www.vivoscuola.it/content/view/full/29581;2023/2024;4;100.0
https://www.vivoscuola.it/content/view/full/29581;2023/2024;5;100.0
https://www.vivoscuola.it/content/view/full/29581;2024/2025;1;100.0
https://www.vivoscuola.it/content/view/full/29581;2024/2025;2;100.0
https://www.vivoscuola.it/content/view/full/29581;2024/2025;3;100.0
https://www.vivoscuola.it/content/view/full/29581;2024/2025;4;100.0
https://www.vivoscuola.it/content/view/full/29581;2024/2025;5;100.0
https://www.vivoscuola.it/content/view/full/170191;2022/2023;1;0.0
https://www.vivoscuola.it/content/view/full/170191;2022/2023;2;0.0
https://www.vivoscuola.it/content/view/full/170191;2022/2023;3;0.0
https://www.vivoscuola.it/content/view/full/170191;2022/2023;4;0.0
https://www.vivoscuola.it/content/view/full/170191;2022/2023;5;0.0
https://www.vivoscuola.it/content/view/full/170191;2023/2024;1;0.0
https://www.vivoscuola.it/content/view/full/170191;2023/2024;2;0.0
https://www.vivoscuola.it/content/view/full/170191;2023/2024;3;0.0
https://www.vivoscuola.it/content/view/full/170191;2023/2024;4;0.0
https://www.vivoscuola.it/content/view/full/170191;2023/2024;5;0.0
https://www.vivoscuola.it/content/view/full/170191;2024/2025;1;0.0
https://www.vivoscuola.it/content/view/full/170191;2024/2025;2;0.0
https://www.vivoscuola.it/content/view/full/170191;2024/2025;3;0.0
https://www.vivoscuola.it/content/view/full/170191;2024/2025;4;0.0
https://www.vivoscuola.it/content/view/full/170191;2024/2025;5;79.3103448275862
https://www.vivoscuola.it/content/view/full/29580;2022/2023;1;100.0
https://www.vivoscuola.it/content/view/full/29580;2022/2023;2;100.0
https://www.vivoscuola.it/content/view/full/29580;2022/2023;3;100.0
https://www.vivoscuola.it/content/view/full/29580;2022/2023;4;100.0
https://www.vivoscuola.it/content/view/full/29580;2022/2023;5;100.0
https://www.vivoscuola.it/content/view/full/29580;2023/2024;1;100.0
https://www.vivoscuola.it/content/view/full/29580;2023/2024;2;100.0
https://www.vivoscuola.it/content/view/full/29580;2023/2024;3;100.0
https://www.vivoscuola.it/content/view/full/29580;2023/2024;4;100.0
https://www.vivoscuola.it/content/view/full/29580;2023/2024;5;100.0
https://www.vivoscuola.it/content/view/full/29580;2024/2025;1;100.0
https://www.vivoscuola.it/content/view/full/29580;2024/2025;2;100.0
https://www.vivoscuola.it/content/view/full/29580;2024/2025;3;100.0
https://www.vivoscuola.it/content/view/full/29580;2024/2025;4;100.0
https://www.vivoscuola.it/content/view/full/29580;2024/2025;5;100.0
https://www.vivoscuola.it/content/view/full/29247;2022/2023;1;88.1578947368421
https://www.vivoscuola.it/content/view/full/29247;2022/2023;2;87.87878787878788
https://www.vivoscuola.it/content/view/full/29247;2022/2023;3;100.0
https://www.vivoscuola.it/content/view/full/29247;2022/2023;4;71.7948717948718
https://www.vivoscuola.it/content/view/full/29247;2023/2024;1;76.92307692307693
https://www.vivoscuola.it/content/view/full/29247;2023/2024;2;84.61538461538461
https://www.vivoscuola.it/content/view/full/29247;2023/2024;3;93.22033898305084
https://www.vivoscuola.it/content/view/full/29247;2023/2024;4;91.42857142857143
https://www.vivoscuola.it/content/view/full/29247;2024/2025;1;76.81159420289855
https://www.vivoscuola.it/content/view/full/29247;2024/2025;2;86.20689655172413
https://www.vivoscuola.it/content/view/full/29247;2024/2025;3;81.81818181818183
https://www.vivoscuola.it/content/view/full/29247;2024/2025;4;97.61904761904762
https://www.vivoscuola.it/content/view/full/29583;2022/2023;1;98.54014598540147
https://www.vivoscuola.it/content/view/full/29583;2022/2023;2;98.75776397515527
https://www.vivoscuola.it/content/view/full/29583;2022/2023;3;96.40718562874252
https://www.vivoscuola.it/content/view/full/29583;2023/2024;1;97.95918367346938
https://www.vivoscuola.it/content/view/full/29583;2023/2024;2;100.0
https://www.vivoscuola.it/content/view/full/29583;2023/2024;3;100.0
https://www.vivoscuola.it/content/view/full/29583;2024/2025;1;97.52066115702479
https://www.vivoscuola.it/content/view/full/29583;2024/2025;2;98.59154929577466
https://www.vivoscuola.it/content/view/full/29583;2024/2025;3;99.25373134328358
https://www.vivoscuola.it/content/view/full/29582;2022/2023;1;98.30508474576271
https://www.vivoscuola.it/content/view/full/29582;2022/2023;2;100.0
https://www.vivoscuola.it/content/view/full/29582;2022/2023;3;100.0
https://www.vivoscuola.it/content/view/full/29582;2022/2023;4;100.0
https://www.vivoscuola.it/content/view/full/29582;2022/2023;5;100.0
https://www.vivoscuola.it/content/view/full/29582;2023/2024;1;98.33333333333333
https://www.vivoscuola.it/content/view/full/29582;2023/2024;2;100.0
https://www.vivoscuola.it/content/view/full/29582;2023/2024;3;100.0
https://www.vivoscuola.it/content/view/full/29582;2023/2024;4;100.0
https://www.vivoscuola.it/content/view/full/29582;2023/2024;5;100.0
https://www.vivoscuola.it/content/view/full/29582;2024/2025;1;98.79518072289156
https://www.vivoscuola.it/content/view/full/29582;2024/2025;2;100.0
https://www.vivoscuola.it/content/view/full/29582;2024/2025;3;100.0
https://www.vivoscuola.it/content/view/full/29582;2024/2025;4;100.0
https://www.vivoscuola.it/content/view/full/29582;2024/2025;5;100.0
https://www.vivoscuola.it/content/view/full/29579;2022/2023;1;100.0
https://www.vivoscuola.it/content/view/full/29579;2022/2023;2;100.0
https://www.vivoscuola.it/content/view/full/29579;2022/2023;3;100.0
https://www.vivoscuola.it/content/view/full/29579;2022/2023;4;100.0
https://www.vivoscuola.it/content/view/full/29579;2022/2023;5;100.0
https://www.vivoscuola.it/content/view/full/29579;2023/2024;1;100.0
https://www.vivoscuola.it/content/view/full/29579;2023/2024;2;100.0
https://www.vivoscuola.it/content/view/full/29579;2023/2024;3;100.0
https://www.vivoscuola.it/content/view/full/29579;2023/2024;4;100.0
https://www.vivoscuola.it/content/view/full/29579;2023/2024;5;100.0
https://www.vivoscuola.it/content/view/full/29579;2024/2025;1;100.0
https://www.vivoscuola.it/content/view/full/29579;2024/2025;2;100.0
https://www.vivoscuola.it/content/view/full/29579;2024/2025;3;100.0
https://www.vivoscuola.it/content/view/full/29579;2024/2025;4;100.0
https://www.vivoscuola.it/content/view/full/29579;2024/2025;5;100.0
https://www.vivoscuola.it/content/view/full/29773;2022/2023;1;78.18181818181819
https://www.vivoscuola.it/content/view/full/29773;2022/2023;2;94.87179487179486
https://www.vivoscuola.it/content/view/full/29773;2022/2023;3;97.22222222222221
https://www.vivoscuola.it/content/view/full/29773;2022/2023;4;100.0
https://www.vivoscuola.it/content/view/full/29773;2022/2023;5;100.0
https://www.vivoscuola.it/content/view/full/29773;2023/2024;1;74.50980392156863
https://www.vivoscuola.it/content/view/full/29773;2023/2024;2;92.6829268292683
https://www.vivoscuola.it/content/view/full/29773;2023/2024;3;97.36842105263158
https://www.vivoscuola.it/content/view/full/29773;2023/2024;4;97.14285714285714
https://www.vivoscuola.it/content/view/full/29773;2023/2024;5;100.0
https://www.vivoscuola.it/content/view/full/29773;2024/2025;1;82.97872340425532
https://www.vivoscuola.it/content/view/full/29773;2024/2025;2;92.5
https://www.vivoscuola.it/content/view/full/29773;2024/2025;3;94.73684210526315
https://www.vivoscuola.it/content/view/full/29773;2024/2025;4;97.2972972972973
https://www.vivoscuola.it/content/view/full/29773;2024/2025;5;100.0
https://www.vivoscuola.it/content/view/full/29772;2022/2023;1;0.0
https://www.vivoscuola.it/content/view/full/29772;2022/2023;2;0.0
https://www.vivoscuola.it/content/view/full/29772;2022/2023;3;72.22222222222221
https://www.vivoscuola.it/content/view/full/29772;2023/2024;1;0.0
https://www.vivoscuola.it/content/view/full/29772;2023/2024;2;0.0
https://www.vivoscuola.it/content/view/full/29772;2023/2024;3;63.63636363636363
https://www.vivoscuola.it/content/view/full/29772;2024/2025;1;0.0
https://www.vivoscuola.it/content/view/full/29772;2024/2025;2;0.0
https://www.vivoscuola.it/content/view/full/29772;2024/2025;3;31.25
https://www.vivoscuola.it/content/view/full/29775;2022/2023;1;70.45454545454545
https://www.vivoscuola.it/content/view/full/29775;2022/2023;2;100.0
https://www.vivoscuola.it/content/view/full/29775;2022/2023;3;93.33333333333333
https://www.vivoscuola.it/content/view/full/29775;2022/2023;4;91.66666666666666
https://www.vivoscuola.it/content/view/full/29775;2022/2023;5;100.0
https://www.vivoscuola.it/content/view/full/29775;2023/2024;1;71.7948717948718
https://www.vivoscuola.it/content/view/full/29775;2023/2024;2;92.85714285714286
https://www.vivoscuola.it/content/view/full/29775;2023/2024;3;93.33333333333333
https://www.vivoscuola.it/content/view/full/29775;2023/2024;4;71.42857142857143
https://www.vivoscuola.it/content/view/full/29775;2023/2024;5;95.23809523809523
https://www.vivoscuola.it/content/view/full/29775;2024/2025;1;72.97297297297297
https://www.vivoscuola.it/content/view/full/29775;2024/2025;2;93.33333333333333
https://www.vivoscuola.it/content/view/full/29775;2024/2025;3;100.0
https://www.vivoscuola.it/content/view/full/29775;2024/2025;4;100.0
https://www.vivoscuola.it/content/view/full/29775;2024/2025;5;100.0
https://www.vivoscuola.it/content/view/full/29774;2022/2023;1;0.0
https://www.vivoscuola.it/content/view/full/29774;2022/2023;2;0.0
https://www.vivoscuola.it/content/view/full/29774;2022/2023;3;0.0
https://www.vivoscuola.it/content/view/full/29774;2022/2023;4;66.66666666666666
https://www.vivoscuola.it/content/view/full/29774;2022/2023;5;100.0
https://www.vivoscuola.it/content/view/full/29774;2023/2024;1;0.0
https://www.vivoscuola.it/content/view/full/29774;2023/2024;2;0.0
https://www.vivoscuola.it/content/view/full/29774;2023/2024;3;0.0
https://www.vivoscuola.it/content/view/full/29774;2023/2024;4;66.66666666666666
https://www.vivoscuola.it/content/view/full/29774;2023/2024;5;50.0
https://www.vivoscuola.it/content/view/full/29774;2024/2025;1;0.0
https://www.vivoscuola.it/content/view/full/29774;2024/2025;2;37.5
https://www.vivoscuola.it/content/view/full/29774;2024/2025;3;14.285714285714285
https://www.vivoscuola.it/content/view/full/29774;2024/2025;4;50.0
https://www.vivoscuola.it/content/view/full/29774;2024/2025;5;50.0
https://www.vivoscuola.it/content/view/full/29776;2022/2023;1;0.0
https://www.vivoscuola.it/content/view/full/29776;2022/2023;2;0.0
https://www.vivoscuola.it/content/view/full/29776;2022/2023;3;0.0
https://www.vivoscuola.it/content/view/full/29776;2022/2023;4;50.0
https://www.vivoscuola.it/content/view/full/29776;2022/2023;5;100.0
https://www.vivoscuola.it/content/view/full/29776;2023/2024;1;0.0
https://www.vivoscuola.it/content/view/full/29776;2023/2024;2;0.0
https://www.vivoscuola.it/content/view/full/29776;2023/2024;3;0.0
https://www.vivoscuola.it/content/view/full/29776;2023/2024;4;50.0
https://www.vivoscuola.it/content/view/full/29776;2023/2024;5;66.66666666666666
https://www.vivoscuola.it/content/view/full/29776;2024/2025;1;0.0
https://www.vivoscuola.it/content/view/full/29776;2024/2025;2;0.0
https://www.vivoscuola.it/content/view/full/29776;2024/2025;3;0.0
https://www.vivoscuola.it/content/view/full/29776;2024/2025;4;100.0
https://www.vivoscuola.it/content/view/full/29776;2024/2025;5;50.0
https://www.vivoscuola.it/content/view/full/29777;2022/2023;1;88.57142857142857
https://www.vivoscuola.it/content/view/full/29777;2022/2023;2;93.54838709677419
https://www.vivoscuola.it/content/view/full/29777;2022/2023;3;92.3076923076923
https://www.vivoscuola.it/content/view/full/29777;2022/2023;4;96.66666666666667
https://www.vivoscuola.it/content/view/full/29777;2022/2023;5;100.0
https://www.vivoscuola.it/content/view/full/29777;2023/2024;1;84.84848484848484
https://www.vivoscuola.it/content/view/full/29777;2023/2024;2;100.0
https://www.vivoscuola.it/content/view/full/29777;2023/2024;3;100.0
https://www.vivoscuola.it/content/view/full/29777;2023/2024;4;92.0
https://www.vivoscuola.it/content/view/full/29777;2023/2024;5;100.0
https://www.vivoscuola.it/content/view/full/29777;2024/2025;1;87.2340425531915
https://www.vivoscuola.it/content/view/full/29777;2024/2025;2;96.55172413793103
https://www.vivoscuola.it/content/view/full/29777;2024/2025;3;97.14285714285714
https://www.vivoscuola.it/content/view/full/29777;2024/2025;4;100.0
https://www.vivoscuola.it/content/view/full/29777;2024/2025;5;100.0
https://www.vivoscuola.it/content/view/full/29778;2022/2023;1;100.0
https://www.vivoscuola.it/content/view/full/29778;2022/2023;2;88.88888888888889
https://www.vivoscuola.it/content/view/full/29778;2022/2023;3;100.0
https://www.vivoscuola.it/content/view/full/29778;2022/2023;4;100.0
https://www.vivoscuola.it/content/view/full/29778;2022/2023;5;100.0
https://www.vivoscuola.it/content/view/full/29778;2023/2024;1;96.96969696969697
https://www.vivoscuola.it/content/view/full/29778;2023/2024;2;89.28571428571429
https://www.vivoscuola.it/content/view/full/29778;2023/2024;3;88.0
https://www.vivoscuola.it/content/view/full/29778;2023/2024;4;100.0
https://www.vivoscuola.it/content/view/full/29778;2023/2024;5;100.0
https://www.vivoscuola.it/content/view/full/29778;2024/2025;1;66.66666666666666
https://www.vivoscuola.it/content/view/full/29778;2024/2025;2;96.96969696969697
https://www.vivoscuola.it/content/view/full/29778;2024/2025;3;100.0
https://www.vivoscuola.it/content/view/full/29778;2024/2025;4;100.0
https://www.vivoscuola.it/content/view/full/29778;2024/2025;5;96.66666666666667
https://www.vivoscuola.it/content/view/full/29780;2022/2023;1;100.0
https://www.vivoscuola.it/content/view/full/29780;2022/2023;2;84.61538461538461
https://www.vivoscuola.it/content/view/full/29780;2022/2023;3;100.0
https://www.vivoscuola.it/content/view/full/29780;2022/2023;4;100.0
https://www.vivoscuola.it/content/view/full/29780;2022/2023;5;100.0
https://www.vivoscuola.it/content/view/full/29780;2023/2024;1;96.29629629629629
https://www.vivoscuola.it/content/view/full/29780;2023/2024;2;91.42857142857143
https://www.vivoscuola.it/content/view/full/29780;2023/2024;3;95.65217391304348
https://www.vivoscuola.it/content/view/full/29780;2023/2024;4;95.45454545454545
https://www.vivoscuola.it/content/view/full/29780;2023/2024;5;100.0
https://www.vivoscuola.it/content/view/full/29780;2024/2025;1;96.0
https://www.vivoscuola.it/content/view/full/29780;2024/2025;2;93.33333333333333
https://www.vivoscuola.it/content/view/full/29780;2024/2025;3;96.875
https://www.vivoscuola.it/content/view/full/29780;2024/2025;4;95.65217391304348
https://www.vivoscuola.it/content/view/full/29780;2024/2025;5;100.0
https://www.vivoscuola.it/content/view/full/29779;2022/2023;1;83.33333333333334
https://www.vivoscuola.it/content/view/full/29779;2022/2023;2;100.0
https://www.vivoscuola.it/content/view/full/29779;2022/2023;3;100.0
https://www.vivoscuola.it/content/view/full/29779;2022/2023;4;100.0
https://www.vivoscuola.it/content/view/full/29779;2022/2023;5;100.0
https://www.vivoscuola.it/content/view/full/29779;2023/2024;1;92.3076923076923
https://www.vivoscuola.it/content/view/full/29779;2023/2024;2;85.71428571428571
https://www.vivoscuola.it/content/view/full/29779;2023/2024;3;97.2972972972973
https://www.vivoscuola.it/content/view/full/29779;2023/2024;4;100.0
https://www.vivoscuola.it/content/view/full/29779;2023/2024;5;96.42857142857143
https://www.vivoscuola.it/content/view/full/29779;2024/2025;1;94.11764705882352
https://www.vivoscuola.it/content/view/full/29779;2024/2025;2;100.0
https://www.vivoscuola.it/content/view/full/29779;2024/2025;3;100.0
https://www.vivoscuola.it/content/view/full/29779;2024/2025;4;100.0
https://www.vivoscuola.it/content/view/full/29779;2024/2025;5;100.0
https://www.vivoscuola.it/content/view/full/29811;2022/2023;1;88.46153846153845
https://www.vivoscuola.it/content/view/full/29811;2022/2023;2;81.69014084507043
https://www.vivoscuola.it/content/view/full/29811;2022/2023;3;95.38461538461539
https://www.vivoscuola.it/content/view/full/29811;2022/2023;4;93.18181818181817
https://www.vivoscuola.it/content/view/full/29811;2022/2023;5;96.875
https://www.vivoscuola.it/content/view/full/29811;2023/2024;1;79.41176470588235
https://www.vivoscuola.it/content/view/full/29811;2023/2024;2;95.65217391304348
https://www.vivoscuola.it/content/view/full/29811;2023/2024;3;93.93939393939394
https://www.vivoscuola.it/content/view/full/29811;2023/2024;4;93.65079365079364
https://www.vivoscuola.it/content/view/full/29811;2023/2024;5;98.78048780487805
https://www.vivoscuola.it/content/view/full/29811;2024/2025;1;82.82828282828282
https://www.vivoscuola.it/content/view/full/29811;2024/2025;2;89.6103896103896
https://www.vivoscuola.it/content/view/full/29811;2024/2025;3;96.62921348314607
https://www.vivoscuola.it/content/view/full/29811;2024/2025;4;93.54838709677419
https://www.vivoscuola.it/content/view/full/29811;2024/2025;5;93.33333333333333
https://www.vivoscuola.it/content/view/full/29810;2022/2023;1;0.0
https://www.vivoscuola.it/content/view/full/29810;2022/2023;2;0.0
https://www.vivoscuola.it/content/view/full/29810;2022/2023;3;77.08333333333334
https://www.vivoscuola.it/content/view/full/29810;2023/2024;1;0.0
https://www.vivoscuola.it/content/view/full/29810;2023/2024;2;0.0
https://www.vivoscuola.it/content/view/full/29810;2023/2024;3;72.88135593220339
https://www.vivoscuola.it/content/view/full/29810;2024/2025;1;0.0
https://www.vivoscuola.it/content/view/full/29810;2024/2025;2;0.0
https://www.vivoscuola.it/content/view/full/29810;2024/2025;3;68.42105263157895
https://www.vivoscuola.it/content/view/full/29812;2022/2023;1;33.33333333333333
https://www.vivoscuola.it/content/view/full/29812;2022/2023;2;42.857142857142854
https://www.vivoscuola.it/content/view/full/29812;2022/2023;3;0.0
https://www.vivoscuola.it/content/view/full/29812;2022/2023;4;50.0
https://www.vivoscuola.it/content/view/full/29812;2022/2023;5;91.66666666666666
https://www.vivoscuola.it/content/view/full/29812;2023/2024;1;0.0
https://www.vivoscuola.it/content/view/full/29812;2023/2024;2;0.0
https://www.vivoscuola.it/content/view/full/29812;2023/2024;3;0.0
https://www.vivoscuola.it/content/view/full/29812;2023/2024;4;32.142857142857146
https://www.vivoscuola.it/content/view/full/29812;2023/2024;5;91.66666666666666
https://www.vivoscuola.it/content/view/full/29812;2024/2025;1;66.66666666666666
https://www.vivoscuola.it/content/view/full/29812;2024/2025;2;50.0
https://www.vivoscuola.it/content/view/full/29812;2024/2025;3;0.0
https://www.vivoscuola.it/content/view/full/29812;2024/2025;4;50.0
https://www.vivoscuola.it/content/view/full/29812;2024/2025;5;81.81818181818183
https://www.vivoscuola.it/content/view/full/29813;2022/2023;1;76.92307692307693
https://www.vivoscuola.it/content/view/full/29813;2022/2023;2;91.66666666666666
https://www.vivoscuola.it/content/view/full/29813;2022/2023;3;82.6086956521739
https://www.vivoscuola.it/content/view/full/29813;2022/2023;4;96.05263157894737
https://www.vivoscuola.it/content/view/full/29813;2022/2023;5;91.66666666666666
https://www.vivoscuola.it/content/view/full/29813;2023/2024;1;75.47169811320755
https://www.vivoscuola.it/content/view/full/29813;2023/2024;2;89.65517241379311
https://www.vivoscuola.it/content/view/full/29813;2023/2024;3;95.83333333333334
https://www.vivoscuola.it/content/view/full/29813;2023/2024;4;97.36842105263158
https://www.vivoscuola.it/content/view/full/29813;2023/2024;5;91.13924050632912
https://www.vivoscuola.it/content/view/full/29813;2024/2025;1;83.33333333333334
https://www.vivoscuola.it/content/view/full/29813;2024/2025;2;82.97872340425532
https://www.vivoscuola.it/content/view/full/29813;2024/2025;3;92.15686274509804
https://www.vivoscuola.it/content/view/full/29813;2024/2025;4;89.79591836734694
https://www.vivoscuola.it/content/view/full/29813;2024/2025;5;100.0
https://www.vivoscuola.it/content/view/full/29814;2022/2023;1;100.0
https://www.vivoscuola.it/content/view/full/29814;2022/2023;2;16.666666666666664
https://www.vivoscuola.it/content/view/full/29814;2022/2023;3;0.0
https://www.vivoscuola.it/content/view/full/29814;2022/2023;4;28.57142857142857
https://www.vivoscuola.it/content/view/full/29814;2022/2023;5;100.0
https://www.vivoscuola.it/content/view/full/29814;2023/2024;1;0.0
https://www.vivoscuola.it/content/view/full/29814;2023/2024;2;33.33333333333333
https://www.vivoscuola.it/content/view/full/29814;2023/2024;3;0.0
https://www.vivoscuola.it/content/view/full/29814;2023/2024;4;15.384615384615385
https://www.vivoscuola.it/content/view/full/29814;2023/2024;5;66.66666666666666
https://www.vivoscuola.it/content/view/full/29814;2024/2025;1;20.0
https://www.vivoscuola.it/content/view/full/29814;2024/2025;2;50.0
https://www.vivoscuola.it/content/view/full/29814;2024/2025;3;0.0
https://www.vivoscuola.it/content/view/full/29814;2024/2025;4;46.15384615384615
https://www.vivoscuola.it/content/view/full/29814;2024/2025;5;75.0
https://www.vivoscuola.it/content/view/full/29668;2022/2023;1;100.0
https://www.vivoscuola.it/content/view/full/29668;2022/2023;2;100.0
https://www.vivoscuola.it/content/view/full/29668;2022/2023;3;100.0
https://www.vivoscuola.it/content/view/full/29668;2022/2023;4;100.0
https://www.vivoscuola.it/content/view/full/29668;2022/2023;5;100.0
https://www.vivoscuola.it/content/view/full/29668;2023/2024;1;100.0
https://www.vivoscuola.it/content/view/full/29668;2023/2024;2;100.0
https://www.vivoscuola.it/content/view/full/29668;2023/2024;3;100.0
https://www.vivoscuola.it/content/view/full/29668;2023/2024;4;100.0
https://www.vivoscuola.it/content/view/full/29668;2023/2024;5;100.0
https://www.vivoscuola.it/content/view/full/29668;2024/2025;1;100.0
https://www.vivoscuola.it/content/view/full/29668;2024/2025;2;100.0
https://www.vivoscuola.it/content/view/full/29668;2024/2025;3;100.0
https://www.vivoscuola.it/content/view/full/29668;2024/2025;4;100.0
https://www.vivoscuola.it/content/view/full/29668;2024/2025;5;100.0
https://www.vivoscuola.it/content/view/full/29670;2022/2023;1;100.0
https://www.vivoscuola.it/content/view/full/29670;2022/2023;2;100.0
https://www.vivoscuola.it/content/view/full/29670;2022/2023;3;100.0
https://www.vivoscuola.it/content/view/full/29670;2022/2023;4;100.0
https://www.vivoscuola.it/content/view/full/29670;2022/2023;5;100.0
https://www.vivoscuola.it/content/view/full/29670;2023/2024;1;100.0
https://www.vivoscuola.it/content/view/full/29670;2023/2024;2;100.0
https://www.vivoscuola.it/content/view/full/29670;2023/2024;3;100.0
https://www.vivoscuola.it/content/view/full/29670;2023/2024;4;100.0
https://www.vivoscuola.it/content/view/full/29670;2023/2024;5;100.0
https://www.vivoscuola.it/content/view/full/29670;2024/2025;1;100.0
https://www.vivoscuola.it/content/view/full/29670;2024/2025;2;100.0
https://www.vivoscuola.it/content/view/full/29670;2024/2025;3;100.0
https://www.vivoscuola.it/content/view/full/29670;2024/2025;4;100.0
https://www.vivoscuola.it/content/view/full/29670;2024/2025;5;100.0
https://www.vivoscuola.it/content/view/full/29671;2022/2023;1;100.0
https://www.vivoscuola.it/content/view/full/29671;2022/2023;2;100.0
https://www.vivoscuola.it/content/view/full/29671;2022/2023;3;100.0
https://www.vivoscuola.it/content/view/full/29671;2022/2023;4;100.0
https://www.vivoscuola.it/content/view/full/29671;2022/2023;5;100.0
https://www.vivoscuola.it/content/view/full/29671;2023/2024;1;97.5609756097561
https://www.vivoscuola.it/content/view/full/29671;2023/2024;2;100.0
https://www.vivoscuola.it/content/view/full/29671;2023/2024;3;100.0
https://www.vivoscuola.it/content/view/full/29671;2023/2024;4;100.0
https://www.vivoscuola.it/content/view/full/29671;2023/2024;5;100.0
https://www.vivoscuola.it/content/view/full/29671;2024/2025;1;100.0
https://www.vivoscuola.it/content/view/full/29671;2024/2025;2;100.0
https://www.vivoscuola.it/content/view/full/29671;2024/2025;3;100.0
https://www.vivoscuola.it/content/view/full/29671;2024/2025;4;100.0
https://www.vivoscuola.it/content/view/full/29671;2024/2025;5;100.0
https://www.vivoscuola.it/content/view/full/29669;2022/2023;1;100.0
https://www.vivoscuola.it/content/view/full/29669;2022/2023;2;100.0
https://www.vivoscuola.it/content/view/full/29669;2022/2023;3;100.0
https://www.vivoscuola.it/content/view/full/29669;2022/2023;4;100.0
https://www.vivoscuola.it/content/view/full/29669;2022/2023;5;100.0
https://www.vivoscuola.it/content/view/full/29669;2023/2024;1;100.0
https://www.vivoscuola.it/content/view/full/29669;2023/2024;2;100.0
https://www.vivoscuola.it/content/view/full/29669;2023/2024;3;100.0
https://www.vivoscuola.it/content/view/full/29669;2023/2024;4;100.0
https://www.vivoscuola.it/content/view/full/29669;2023/2024;5;100.0
https://www.vivoscuola.it/content/view/full/29669;2024/2025;1;100.0
https://www.vivoscuola.it/content/view/full/29669;2024/2025;2;100.0
https://www.vivoscuola.it/content/view/full/29669;2024/2025;3;100.0
https://www.vivoscuola.it/content/view/full/29669;2024/2025;4;100.0
https://www.vivoscuola.it/content/view/full/29669;2024/2025;5;100.0
https://www.vivoscuola.it/content/view/full/29674;2022/2023;1;100.0
https://www.vivoscuola.it/content/view/full/29674;2022/2023;2;100.0
https://www.vivoscuola.it/content/view/full/29674;2022/2023;3;96.0
https://www.vivoscuola.it/content/view/full/29674;2023/2024;1;100.0
https://www.vivoscuola.it/content/view/full/29674;2023/2024;2;96.0
https://www.vivoscuola.it/content/view/full/29674;2023/2024;3;94.73684210526315
https://www.vivoscuola.it/content/view/full/29674;2024/2025;1;96.7741935483871
https://www.vivoscuola.it/content/view/full/29674;2024/2025;2;100.0
https://www.vivoscuola.it/content/view/full/29674;2024/2025;3;96.0
https://www.vivoscuola.it/content/view/full/29673;2022/2023;1;100.0
https://www.vivoscuola.it/content/view/full/29673;2022/2023;2;98.59154929577466
https://www.vivoscuola.it/content/view/full/29673;2022/2023;3;98.55072463768117
https://www.vivoscuola.it/content/view/full/29673;2023/2024;1;97.10144927536231
https://www.vivoscuola.it/content/view/full/29673;2023/2024;2;98.48484848484848
https://www.vivoscuola.it/content/view/full/29673;2023/2024;3;94.44444444444444
https://www.vivoscuola.it/content/view/full/29673;2024/2025;1;98.46153846153847
https://www.vivoscuola.it/content/view/full/29673;2024/2025;2;100.0
https://www.vivoscuola.it/content/view/full/29673;2024/2025;3;100.0
https://www.vivoscuola.it/content/view/full/29672;2022/2023;1;100.0
https://www.vivoscuola.it/content/view/full/29672;2022/2023;2;100.0
https://www.vivoscuola.it/content/view/full/29672;2022/2023;3;100.0
https://www.vivoscuola.it/content/view/full/29672;2022/2023;4;100.0
https://www.vivoscuola.it/content/view/full/29672;2022/2023;5;100.0
https://www.vivoscuola.it/content/view/full/29672;2023/2024;1;100.0
https://www.vivoscuola.it/content/view/full/29672;2023/2024;2;100.0
https://www.vivoscuola.it/content/view/full/29672;2023/2024;3;100.0
https://www.vivoscuola.it/content/view/full/29672;2023/2024;4;100.0
https://www.vivoscuola.it/content/view/full/29672;2023/2024;5;100.0
https://www.vivoscuola.it/content/view/full/29672;2024/2025;1;100.0
https://www.vivoscuola.it/content/view/full/29672;2024/2025;2;100.0
https://www.vivoscuola.it/content/view/full/29672;2024/2025;3;100.0
https://www.vivoscuola.it/content/view/full/29672;2024/2025;4;100.0
https://www.vivoscuola.it/content/view/full/29672;2024/2025;5;100.0
https://www.vivoscuola.it/content/view/full/29269;2022/2023;1;79.16666666666666
https://www.vivoscuola.it/content/view/full/29269;2022/2023;2;90.74074074074075
https://www.vivoscuola.it/content/view/full/29269;2022/2023;3;95.23809523809523
https://www.vivoscuola.it/content/view/full/29269;2022/2023;4;100.0
https://www.vivoscuola.it/content/view/full/29269;2023/2024;1;87.5
https://www.vivoscuola.it/content/view/full/29269;2023/2024;2;85.0
https://www.vivoscuola.it/content/view/full/29269;2023/2024;3;88.46153846153845
https://www.vivoscuola.it/content/view/full/29269;2023/2024;4;100.0
https://www.vivoscuola.it/content/view/full/29269;2024/2025;1;82.0
https://www.vivoscuola.it/content/view/full/29269;2024/2025;2;91.93548387096774
https://www.vivoscuola.it/content/view/full/29269;2024/2025;3;86.36363636363636
https://www.vivoscuola.it/content/view/full/29269;2024/2025;4;100.0
https://www.vivoscuola.it/content/view/full/170205;2022/2023;1;0.0
https://www.vivoscuola.it/content/view/full/170205;2022/2023;2;0.0
https://www.vivoscuola.it/content/view/full/170205;2022/2023;3;0.0
https://www.vivoscuola.it/content/view/full/170205;2022/2023;4;0.0
https://www.vivoscuola.it/content/view/full/170205;2022/2023;5;0.0
https://www.vivoscuola.it/content/view/full/170205;2023/2024;1;0.0
https://www.vivoscuola.it/content/view/full/170205;2023/2024;2;0.0
https://www.vivoscuola.it/content/view/full/170205;2023/2024;3;0.0
https://www.vivoscuola.it/content/view/full/170205;2023/2024;4;0.0
https://www.vivoscuola.it/content/view/full/170205;2023/2024;5;0.0
https://www.vivoscuola.it/content/view/full/170205;2024/2025;1;0.0
https://www.vivoscuola.it/content/view/full/170205;2024/2025;2;0.0
https://www.vivoscuola.it/content/view/full/170205;2024/2025;3;0.0
https://www.vivoscuola.it/content/view/full/170205;2024/2025;4;0.0
https://www.vivoscuola.it/content/view/full/170205;2024/2025;5;95.65217391304348
https://www.vivoscuola.it/content/view/full/29604;2022/2023;1;100.0
https://www.vivoscuola.it/content/view/full/29604;2022/2023;2;100.0
https://www.vivoscuola.it/content/view/full/29604;2022/2023;3;100.0
https://www.vivoscuola.it/content/view/full/29604;2023/2024;1;98.86363636363636
https://www.vivoscuola.it/content/view/full/29604;2023/2024;2;100.0
https://www.vivoscuola.it/content/view/full/29604;2023/2024;3;98.30508474576271
https://www.vivoscuola.it/content/view/full/29604;2024/2025;1;100.0
https://www.vivoscuola.it/content/view/full/29604;2024/2025;2;100.0
https://www.vivoscuola.it/content/view/full/29604;2024/2025;3;98.86363636363636
https://www.vivoscuola.it/content/view/full/29284;2022/2023;1;0.0
https://www.vivoscuola.it/content/view/full/29284;2022/2023;2;0.0
https://www.vivoscuola.it/content/view/full/29284;2022/2023;3;45.45454545454545
https://www.vivoscuola.it/content/view/full/29284;2023/2024;1;0.0
https://www.vivoscuola.it/content/view/full/29284;2023/2024;2;0.0
https://www.vivoscuola.it/content/view/full/29284;2023/2024;3;57.77777777777777
https://www.vivoscuola.it/content/view/full/29284;2024/2025;1;0.0
https://www.vivoscuola.it/content/view/full/29284;2024/2025;2;0.0
https://www.vivoscuola.it/content/view/full/29284;2024/2025;3;69.44444444444444
https://www.vivoscuola.it/content/view/full/29602;2022/2023;1;98.64864864864865
https://www.vivoscuola.it/content/view/full/29602;2022/2023;2;98.83720930232558
https://www.vivoscuola.it/content/view/full/29602;2022/2023;3;100.0
https://www.vivoscuola.it/content/view/full/29602;2022/2023;4;98.78048780487805
https://www.vivoscuola.it/content/view/full/29602;2022/2023;5;100.0
https://www.vivoscuola.it/content/view/full/29602;2023/2024;1;98.80952380952381
https://www.vivoscuola.it/content/view/full/29602;2023/2024;2;100.0
https://www.vivoscuola.it/content/view/full/29602;2023/2024;3;100.0
https://www.vivoscuola.it/content/view/full/29602;2023/2024;4;100.0
https://www.vivoscuola.it/content/view/full/29602;2023/2024;5;100.0
https://www.vivoscuola.it/content/view/full/29602;2024/2025;1;100.0
https://www.vivoscuola.it/content/view/full/29602;2024/2025;2;100.0
https://www.vivoscuola.it/content/view/full/29602;2024/2025;3;100.0
https://www.vivoscuola.it/content/view/full/29602;2024/2025;4;100.0
https://www.vivoscuola.it/content/view/full/29602;2024/2025;5;100.0
https://www.vivoscuola.it/content/view/full/29283;2022/2023;1;67.90123456790124
https://www.vivoscuola.it/content/view/full/29283;2022/2023;2;71.05263157894737
https://www.vivoscuola.it/content/view/full/29283;2022/2023;3;81.91489361702128
https://www.vivoscuola.it/content/view/full/29283;2022/2023;4;100.0
https://www.vivoscuola.it/content/view/full/29283;2023/2024;1;62.37623762376238
https://www.vivoscuola.it/content/view/full/29283;2023/2024;2;69.1358024691358
https://www.vivoscuola.it/content/view/full/29283;2023/2024;3;82.43243243243244
https://www.vivoscuola.it/content/view/full/29283;2023/2024;4;93.22033898305084
https://www.vivoscuola.it/content/view/full/29283;2024/2025;1;74.71264367816092
https://www.vivoscuola.it/content/view/full/29283;2024/2025;2;78.04878048780488
https://www.vivoscuola.it/content/view/full/29283;2024/2025;3;87.83783783783784
https://www.vivoscuola.it/content/view/full/29283;2024/2025;4;79.06976744186046
https://www.vivoscuola.it/content/view/full/29441;2022/2023;1;100.0
https://www.vivoscuola.it/content/view/full/29441;2022/2023;2;100.0
https://www.vivoscuola.it/content/view/full/29441;2022/2023;3;100.0
https://www.vivoscuola.it/content/view/full/29441;2022/2023;4;100.0
https://www.vivoscuola.it/content/view/full/29441;2022/2023;5;100.0
https://www.vivoscuola.it/content/view/full/29441;2023/2024;1;100.0
https://www.vivoscuola.it/content/view/full/29441;2023/2024;2;100.0
https://www.vivoscuola.it/content/view/full/29441;2023/2024;3;100.0
https://www.vivoscuola.it/content/view/full/29441;2023/2024;4;100.0
https://www.vivoscuola.it/content/view/full/29441;2023/2024;5;100.0
https://www.vivoscuola.it/content/view/full/29441;2024/2025;1;100.0
https://www.vivoscuola.it/content/view/full/29441;2024/2025;2;100.0
https://www.vivoscuola.it/content/view/full/29441;2024/2025;3;100.0
https://www.vivoscuola.it/content/view/full/29441;2024/2025;4;100.0
https://www.vivoscuola.it/content/view/full/29441;2024/2025;5;100.0
https://www.vivoscuola.it/content/view/full/29603;2022/2023;1;92.85714285714286
https://www.vivoscuola.it/content/view/full/29603;2022/2023;2;100.0
https://www.vivoscuola.it/content/view/full/29603;2022/2023;3;100.0
https://www.vivoscuola.it/content/view/full/29603;2022/2023;4;100.0
https://www.vivoscuola.it/content/view/full/29603;2022/2023;5;100.0
https://www.vivoscuola.it/content/view/full/29603;2023/2024;1;100.0
https://www.vivoscuola.it/content/view/full/29603;2023/2024;2;100.0
https://www.vivoscuola.it/content/view/full/29603;2023/2024;3;100.0
https://www.vivoscuola.it/content/view/full/29603;2023/2024;4;100.0
https://www.vivoscuola.it/content/view/full/29603;2023/2024;5;100.0
https://www.vivoscuola.it/content/view/full/29603;2024/2025;1;100.0
https://www.vivoscuola.it/content/view/full/29603;2024/2025;2;100.0
https://www.vivoscuola.it/content/view/full/29603;2024/2025;3;100.0
https://www.vivoscuola.it/content/view/full/29603;2024/2025;4;100.0
https://www.vivoscuola.it/content/view/full/29603;2024/2025;5;100.0
https://www.vivoscuola.it/content/view/full/29442;2022/2023;1;100.0
https://www.vivoscuola.it/content/view/full/29442;2022/2023;2;100.0
https://www.vivoscuola.it/content/view/full/29442;2022/2023;3;100.0
https://www.vivoscuola.it/content/view/full/29442;2022/2023;4;100.0
https://www.vivoscuola.it/content/view/full/29442;2022/2023;5;100.0
https://www.vivoscuola.it/content/view/full/29442;2023/2024;1;100.0
https://www.vivoscuola.it/content/view/full/29442;2023/2024;2;100.0
https://www.vivoscuola.it/content/view/full/29442;2023/2024;3;100.0
https://www.vivoscuola.it/content/view/full/29442;2023/2024;4;100.0
https://www.vivoscuola.it/content/view/full/29442;2023/2024;5;100.0
https://www.vivoscuola.it/content/view/full/29442;2024/2025;1;100.0
https://www.vivoscuola.it/content/view/full/29442;2024/2025;2;100.0
https://www.vivoscuola.it/content/view/full/29442;2024/2025;3;100.0
https://www.vivoscuola.it/content/view/full/29442;2024/2025;4;100.0
https://www.vivoscuola.it/content/view/full/29442;2024/2025;5;100.0
https://www.vivoscuola.it/content/view/full/29443;2022/2023;1;95.45454545454545
https://www.vivoscuola.it/content/view/full/29443;2022/2023;2;100.0
https://www.vivoscuola.it/content/view/full/29443;2022/2023;3;100.0
https://www.vivoscuola.it/content/view/full/29443;2022/2023;4;100.0
https://www.vivoscuola.it/content/view/full/29443;2022/2023;5;100.0
https://www.vivoscuola.it/content/view/full/29443;2023/2024;1;100.0
https://www.vivoscuola.it/content/view/full/29443;2023/2024;2;100.0
https://www.vivoscuola.it/content/view/full/29443;2023/2024;3;100.0
https://www.vivoscuola.it/content/view/full/29443;2023/2024;4;100.0
https://www.vivoscuola.it/content/view/full/29443;2023/2024;5;100.0
https://www.vivoscuola.it/content/view/full/29443;2024/2025;1;100.0
https://www.vivoscuola.it/content/view/full/29443;2024/2025;2;100.0
https://www.vivoscuola.it/content/view/full/29443;2024/2025;3;100.0
https://www.vivoscuola.it/content/view/full/29443;2024/2025;4;100.0
https://www.vivoscuola.it/content/view/full/29443;2024/2025;5;100.0
https://www.vivoscuola.it/content/view/full/29444;2022/2023;1;100.0
https://www.vivoscuola.it/content/view/full/29444;2022/2023;2;100.0
https://www.vivoscuola.it/content/view/full/29444;2022/2023;3;100.0
https://www.vivoscuola.it/content/view/full/29444;2023/2024;1;100.0
https://www.vivoscuola.it/content/view/full/29444;2023/2024;2;100.0
https://www.vivoscuola.it/content/view/full/29444;2023/2024;3;98.66666666666667
https://www.vivoscuola.it/content/view/full/29444;2024/2025;1;100.0
https://www.vivoscuola.it/content/view/full/29444;2024/2025;2;100.0
https://www.vivoscuola.it/content/view/full/29444;2024/2025;3;98.18181818181819
https://www.vivoscuola.it/content/view/full/29791;2022/2023;1;0.0
https://www.vivoscuola.it/content/view/full/29791;2022/2023;2;0.0
https://www.vivoscuola.it/content/view/full/29791;2022/2023;3;58.82352941176471
https://www.vivoscuola.it/content/view/full/29791;2023/2024;1;0.0
https://www.vivoscuola.it/content/view/full/29791;2023/2024;2;0.0
https://www.vivoscuola.it/content/view/full/29791;2023/2024;3;42.10526315789473
https://www.vivoscuola.it/content/view/full/29791;2024/2025;1;0.0
https://www.vivoscuola.it/content/view/full/29791;2024/2025;2;0.0
https://www.vivoscuola.it/content/view/full/29791;2024/2025;3;73.68421052631578
https://www.vivoscuola.it/content/view/full/29794;2022/2023;1;0.0
https://www.vivoscuola.it/content/view/full/29794;2022/2023;2;0.0
https://www.vivoscuola.it/content/view/full/29794;2022/2023;3;0.0
https://www.vivoscuola.it/content/view/full/29794;2022/2023;4;20.0
https://www.vivoscuola.it/content/view/full/29794;2022/2023;5;60.0
https://www.vivoscuola.it/content/view/full/29794;2023/2024;1;0.0
https://www.vivoscuola.it/content/view/full/29794;2023/2024;2;0.0
https://www.vivoscuola.it/content/view/full/29794;2023/2024;3;0.0
https://www.vivoscuola.it/content/view/full/29794;2023/2024;4;0.0
https://www.vivoscuola.it/content/view/full/29794;2023/2024;5;75.0
https://www.vivoscuola.it/content/view/full/29794;2024/2025;1;0.0
https://www.vivoscuola.it/content/view/full/29794;2024/2025;2;0.0
https://www.vivoscuola.it/content/view/full/29794;2024/2025;3;0.0
https://www.vivoscuola.it/content/view/full/29794;2024/2025;4;33.33333333333333
https://www.vivoscuola.it/content/view/full/29794;2024/2025;5;100.0
https://www.vivoscuola.it/content/view/full/29792;2022/2023;1;91.66666666666666
https://www.vivoscuola.it/content/view/full/29792;2022/2023;2;0.0
https://www.vivoscuola.it/content/view/full/29792;2022/2023;3;84.61538461538461
https://www.vivoscuola.it/content/view/full/29792;2022/2023;4;100.0
https://www.vivoscuola.it/content/view/full/29792;2022/2023;5;100.0
https://www.vivoscuola.it/content/view/full/29792;2023/2024;1;94.44444444444444
https://www.vivoscuola.it/content/view/full/29792;2023/2024;2;73.33333333333333
https://www.vivoscuola.it/content/view/full/29792;2023/2024;3;85.71428571428571
https://www.vivoscuola.it/content/view/full/29792;2023/2024;4;100.0
https://www.vivoscuola.it/content/view/full/29792;2023/2024;5;100.0
https://www.vivoscuola.it/content/view/full/29792;2024/2025;1;89.47368421052632
https://www.vivoscuola.it/content/view/full/29792;2024/2025;2;82.6086956521739
https://www.vivoscuola.it/content/view/full/29792;2024/2025;3;100.0
https://www.vivoscuola.it/content/view/full/29792;2024/2025;4;100.0
https://www.vivoscuola.it/content/view/full/29792;2024/2025;5;84.61538461538461
https://www.vivoscuola.it/content/view/full/29793;2022/2023;1;91.66666666666666
https://www.vivoscuola.it/content/view/full/29793;2022/2023;2;91.66666666666666
https://www.vivoscuola.it/content/view/full/29793;2022/2023;3;95.65217391304348
https://www.vivoscuola.it/content/view/full/29793;2022/2023;4;95.45454545454545
https://www.vivoscuola.it/content/view/full/29793;2022/2023;5;100.0
https://www.vivoscuola.it/content/view/full/29793;2023/2024;1;84.61538461538461
https://www.vivoscuola.it/content/view/full/29793;2023/2024;2;86.36363636363636
https://www.vivoscuola.it/content/view/full/29793;2023/2024;3;94.11764705882352
https://www.vivoscuola.it/content/view/full/29793;2023/2024;4;95.65217391304348
https://www.vivoscuola.it/content/view/full/29793;2023/2024;5;100.0
https://www.vivoscuola.it/content/view/full/29793;2024/2025;1;89.47368421052632
https://www.vivoscuola.it/content/view/full/29793;2024/2025;2;88.46153846153845
https://www.vivoscuola.it/content/view/full/29793;2024/2025;3;90.0
https://www.vivoscuola.it/content/view/full/29793;2024/2025;4;94.11764705882352
https://www.vivoscuola.it/content/view/full/29793;2024/2025;5;95.45454545454545
https://www.vivoscuola.it/content/view/full/29795;2022/2023;1;76.08695652173914
https://www.vivoscuola.it/content/view/full/29795;2022/2023;2;87.87878787878788
https://www.vivoscuola.it/content/view/full/29795;2022/2023;3;84.84848484848484
https://www.vivoscuola.it/content/view/full/29795;2022/2023;4;91.8918918918919
https://www.vivoscuola.it/content/view/full/29795;2022/2023;5;100.0
https://www.vivoscuola.it/content/view/full/29795;2023/2024;1;69.56521739130434
https://www.vivoscuola.it/content/view/full/29795;2023/2024;2;86.8421052631579
https://www.vivoscuola.it/content/view/full/29795;2023/2024;3;79.41176470588235
https://www.vivoscuola.it/content/view/full/29795;2023/2024;4;89.28571428571429
https://www.vivoscuola.it/content/view/full/29795;2023/2024;5;100.0
https://www.vivoscuola.it/content/view/full/29795;2024/2025;1;75.0
https://www.vivoscuola.it/content/view/full/29795;2024/2025;2;91.17647058823529
https://www.vivoscuola.it/content/view/full/29795;2024/2025;3;85.29411764705883
https://www.vivoscuola.it/content/view/full/29795;2024/2025;4;89.28571428571429
https://www.vivoscuola.it/content/view/full/29795;2024/2025;5;96.0
https://www.vivoscuola.it/content/view/full/29796;2022/2023;1;0.0
https://www.vivoscuola.it/content/view/full/29796;2022/2023;2;0.0
https://www.vivoscuola.it/content/view/full/29796;2022/2023;3;0.0
https://www.vivoscuola.it/content/view/full/29796;2022/2023;4;0.0
https://www.vivoscuola.it/content/view/full/29796;2022/2023;5;75.0
https://www.vivoscuola.it/content/view/full/29796;2023/2024;1;0.0
https://www.vivoscuola.it/content/view/full/29796;2023/2024;2;0.0
https://www.vivoscuola.it/content/view/full/29796;2023/2024;3;0.0
https://www.vivoscuola.it/content/view/full/29796;2023/2024;4;25.0
https://www.vivoscuola.it/content/view/full/29796;2023/2024;5;100.0
https://www.vivoscuola.it/content/view/full/29796;2024/2025;1;0.0
https://www.vivoscuola.it/content/view/full/29796;2024/2025;2;33.33333333333333
https://www.vivoscuola.it/content/view/full/29796;2024/2025;3;0.0
https://www.vivoscuola.it/content/view/full/29796;2024/2025;4;20.0
https://www.vivoscuola.it/content/view/full/29796;2024/2025;5;100.0
https://www.vivoscuola.it/content/view/full/29800;2022/2023;1;100.0
https://www.vivoscuola.it/content/view/full/29800;2022/2023;2;93.33333333333333
https://www.vivoscuola.it/content/view/full/29800;2022/2023;3;90.0
https://www.vivoscuola.it/content/view/full/29800;2022/2023;4;93.33333333333333
https://www.vivoscuola.it/content/view/full/29800;2022/2023;5;100.0
https://www.vivoscuola.it/content/view/full/29800;2023/2024;1;95.45454545454545
https://www.vivoscuola.it/content/view/full/29800;2023/2024;2;100.0
https://www.vivoscuola.it/content/view/full/29800;2023/2024;3;100.0
https://www.vivoscuola.it/content/view/full/29800;2023/2024;4;100.0
https://www.vivoscuola.it/content/view/full/29800;2023/2024;5;100.0
https://www.vivoscuola.it/content/view/full/29800;2024/2025;1;89.47368421052632
https://www.vivoscuola.it/content/view/full/29800;2024/2025;2;94.73684210526315
https://www.vivoscuola.it/content/view/full/29800;2024/2025;3;100.0
https://www.vivoscuola.it/content/view/full/29800;2024/2025;4;100.0
https://www.vivoscuola.it/content/view/full/29800;2024/2025;5;90.0
https://www.vivoscuola.it/content/view/full/29798;2022/2023;1;90.0
https://www.vivoscuola.it/content/view/full/29798;2022/2023;2;96.0
https://www.vivoscuola.it/content/view/full/29798;2022/2023;3;91.30434782608695
https://www.vivoscuola.it/content/view/full/29798;2022/2023;4;97.2972972972973
https://www.vivoscuola.it/content/view/full/29798;2022/2023;5;100.0
https://www.vivoscuola.it/content/view/full/29798;2023/2024;1;91.30434782608695
https://www.vivoscuola.it/content/view/full/29798;2023/2024;2;94.73684210526315
https://www.vivoscuola.it/content/view/full/29798;2023/2024;3;91.66666666666666
https://www.vivoscuola.it/content/view/full/29798;2023/2024;4;95.23809523809523
https://www.vivoscuola.it/content/view/full/29798;2023/2024;5;97.14285714285714
https://www.vivoscuola.it/content/view/full/29798;2024/2025;1;87.2340425531915
https://www.vivoscuola.it/content/view/full/29798;2024/2025;2;100.0
https://www.vivoscuola.it/content/view/full/29798;2024/2025;3;94.73684210526315
https://www.vivoscuola.it/content/view/full/29798;2024/2025;4;100.0
https://www.vivoscuola.it/content/view/full/29798;2024/2025;5;95.23809523809523
https://www.vivoscuola.it/content/view/full/29797;2022/2023;1;87.87878787878788
https://www.vivoscuola.it/content/view/full/29797;2022/2023;2;100.0
https://www.vivoscuola.it/content/view/full/29797;2022/2023;3;92.3076923076923
https://www.vivoscuola.it/content/view/full/29797;2022/2023;4;92.85714285714286
https://www.vivoscuola.it/content/view/full/29797;2022/2023;5;100.0
https://www.vivoscuola.it/content/view/full/29797;2023/2024;1;87.87878787878788
https://www.vivoscuola.it/content/view/full/29797;2023/2024;2;96.29629629629629
https://www.vivoscuola.it/content/view/full/29797;2023/2024;3;94.73684210526315
https://www.vivoscuola.it/content/view/full/29797;2023/2024;4;100.0
https://www.vivoscuola.it/content/view/full/29797;2023/2024;5;100.0
https://www.vivoscuola.it/content/view/full/29797;2024/2025;1;100.0
https://www.vivoscuola.it/content/view/full/29797;2024/2025;2;90.0
https://www.vivoscuola.it/content/view/full/29797;2024/2025;3;100.0
https://www.vivoscuola.it/content/view/full/29797;2024/2025;4;100.0
https://www.vivoscuola.it/content/view/full/29797;2024/2025;5;100.0
https://www.vivoscuola.it/content/view/full/29799;2022/2023;1;91.66666666666666
https://www.vivoscuola.it/content/view/full/29799;2022/2023;2;86.36363636363636
https://www.vivoscuola.it/content/view/full/29799;2022/2023;3;95.45454545454545
https://www.vivoscuola.it/content/view/full/29799;2022/2023;4;100.0
https://www.vivoscuola.it/content/view/full/29799;2022/2023;5;100.0
https://www.vivoscuola.it/content/view/full/29799;2023/2024;1;100.0
https://www.vivoscuola.it/content/view/full/29799;2023/2024;2;95.83333333333334
https://www.vivoscuola.it/content/view/full/29799;2023/2024;3;94.73684210526315
https://www.vivoscuola.it/content/view/full/29799;2023/2024;4;95.0
https://www.vivoscuola.it/content/view/full/29799;2023/2024;5;100.0
https://www.vivoscuola.it/content/view/full/29799;2024/2025;1;77.77777777777779
https://www.vivoscuola.it/content/view/full/29799;2024/2025;2;90.0
https://www.vivoscuola.it/content/view/full/29799;2024/2025;3;95.83333333333334
https://www.vivoscuola.it/content/view/full/29799;2024/2025;4;100.0
https://www.vivoscuola.it/content/view/full/29799;2024/2025;5;100.0
https://www.vivoscuola.it/content/view/full/29833;2022/2023;1;81.21827411167513
https://www.vivoscuola.it/content/view/full/29833;2022/2023;2;89.63414634146342
https://www.vivoscuola.it/content/view/full/29833;2022/2023;3;92.56756756756756
https://www.vivoscuola.it/content/view/full/29833;2022/2023;4;88.65248226950354
https://www.vivoscuola.it/content/view/full/29833;2022/2023;5;100.0
https://www.vivoscuola.it/content/view/full/29833;2023/2024;1;78.92156862745098
https://www.vivoscuola.it/content/view/full/29833;2023/2024;2;85.71428571428571
https://www.vivoscuola.it/content/view/full/29833;2023/2024;3;93.71069182389937
https://www.vivoscuola.it/content/view/full/29833;2023/2024;4;86.20689655172413
https://www.vivoscuola.it/content/view/full/29833;2023/2024;5;100.0
https://www.vivoscuola.it/content/view/full/29833;2024/2025;1;79.47761194029852
https://www.vivoscuola.it/content/view/full/29833;2024/2025;2;88.77551020408163
https://www.vivoscuola.it/content/view/full/29833;2024/2025;3;96.045197740113
https://www.vivoscuola.it/content/view/full/29833;2024/2025;4;91.13924050632912
https://www.vivoscuola.it/content/view/full/29833;2024/2025;5;100.0
https://www.vivoscuola.it/content/view/full/29428;2022/2023;1;98.4126984126984
https://www.vivoscuola.it/content/view/full/29428;2022/2023;2;100.0
https://www.vivoscuola.it/content/view/full/29428;2022/2023;3;100.0
https://www.vivoscuola.it/content/view/full/29428;2022/2023;4;100.0
https://www.vivoscuola.it/content/view/full/29428;2022/2023;5;100.0
https://www.vivoscuola.it/content/view/full/29428;2023/2024;1;98.21428571428571
https://www.vivoscuola.it/content/view/full/29428;2023/2024;2;100.0
https://www.vivoscuola.it/content/view/full/29428;2023/2024;3;100.0
https://www.vivoscuola.it/content/view/full/29428;2023/2024;4;100.0
https://www.vivoscuola.it/content/view/full/29428;2023/2024;5;100.0
https://www.vivoscuola.it/content/view/full/29428;2024/2025;1;100.0
https://www.vivoscuola.it/content/view/full/29428;2024/2025;2;100.0
https://www.vivoscuola.it/content/view/full/29428;2024/2025;3;100.0
https://www.vivoscuola.it/content/view/full/29428;2024/2025;4;100.0
https://www.vivoscuola.it/content/view/full/29428;2024/2025;5;100.0
https://www.vivoscuola.it/content/view/full/29426;2022/2023;1;100.0
https://www.vivoscuola.it/content/view/full/29426;2022/2023;2;100.0
https://www.vivoscuola.it/content/view/full/29426;2022/2023;3;100.0
https://www.vivoscuola.it/content/view/full/29426;2022/2023;4;100.0
https://www.vivoscuola.it/content/view/full/29426;2022/2023;5;100.0
https://www.vivoscuola.it/content/view/full/29426;2023/2024;1;100.0
https://www.vivoscuola.it/content/view/full/29426;2023/2024;2;100.0
https://www.vivoscuola.it/content/view/full/29426;2023/2024;3;100.0
https://www.vivoscuola.it/content/view/full/29426;2023/2024;4;100.0
https://www.vivoscuola.it/content/view/full/29426;2023/2024;5;100.0
https://www.vivoscuola.it/content/view/full/29426;2024/2025;1;100.0
https://www.vivoscuola.it/content/view/full/29426;2024/2025;2;100.0
https://www.vivoscuola.it/content/view/full/29426;2024/2025;3;100.0
https://www.vivoscuola.it/content/view/full/29426;2024/2025;4;100.0
https://www.vivoscuola.it/content/view/full/29426;2024/2025;5;100.0
https://www.vivoscuola.it/content/view/full/29834;2022/2023;1;0.0
https://www.vivoscuola.it/content/view/full/29834;2022/2023;2;41.66666666666667
https://www.vivoscuola.it/content/view/full/29834;2022/2023;3;0.0
https://www.vivoscuola.it/content/view/full/29834;2022/2023;4;21.73913043478261
https://www.vivoscuola.it/content/view/full/29834;2022/2023;5;59.09090909090909
https://www.vivoscuola.it/content/view/full/29834;2023/2024;1;0.0
https://www.vivoscuola.it/content/view/full/29834;2023/2024;2;35.714285714285715
https://www.vivoscuola.it/content/view/full/29834;2023/2024;3;0.0
https://www.vivoscuola.it/content/view/full/29834;2023/2024;4;28.57142857142857
https://www.vivoscuola.it/content/view/full/29834;2023/2024;5;62.5
https://www.vivoscuola.it/content/view/full/29834;2024/2025;1;14.285714285714285
https://www.vivoscuola.it/content/view/full/29834;2024/2025;2;28.57142857142857
https://www.vivoscuola.it/content/view/full/29834;2024/2025;3;2.4390243902439024
https://www.vivoscuola.it/content/view/full/29834;2024/2025;4;25.71428571428571
https://www.vivoscuola.it/content/view/full/29834;2024/2025;5;50.0
https://www.vivoscuola.it/content/view/full/29427;2022/2023;1;100.0
https://www.vivoscuola.it/content/view/full/29427;2022/2023;2;100.0
https://www.vivoscuola.it/content/view/full/29427;2022/2023;3;100.0
https://www.vivoscuola.it/content/view/full/29427;2022/2023;4;100.0
https://www.vivoscuola.it/content/view/full/29427;2022/2023;5;100.0
https://www.vivoscuola.it/content/view/full/29427;2023/2024;1;90.0
https://www.vivoscuola.it/content/view/full/29427;2023/2024;2;100.0
https://www.vivoscuola.it/content/view/full/29427;2023/2024;3;100.0
https://www.vivoscuola.it/content/view/full/29427;2023/2024;4;100.0
https://www.vivoscuola.it/content/view/full/29427;2023/2024;5;100.0
https://www.vivoscuola.it/content/view/full/29427;2024/2025;1;100.0
https://www.vivoscuola.it/content/view/full/29427;2024/2025;2;100.0
https://www.vivoscuola.it/content/view/full/29427;2024/2025;3;100.0
https://www.vivoscuola.it/content/view/full/29427;2024/2025;4;100.0
https://www.vivoscuola.it/content/view/full/29427;2024/2025;5;100.0
https://www.vivoscuola.it/content/view/full/29429;2022/2023;1;100.0
https://www.vivoscuola.it/content/view/full/29429;2022/2023;2;100.0
https://www.vivoscuola.it/content/view/full/29429;2022/2023;3;100.0
https://www.vivoscuola.it/content/view/full/29429;2022/2023;4;100.0
https://www.vivoscuola.it/content/view/full/29429;2022/2023;5;100.0
https://www.vivoscuola.it/content/view/full/29429;2023/2024;1;100.0
https://www.vivoscuola.it/content/view/full/29429;2023/2024;2;100.0
https://www.vivoscuola.it/content/view/full/29429;2023/2024;3;100.0
https://www.vivoscuola.it/content/view/full/29429;2023/2024;4;100.0
https://www.vivoscuola.it/content/view/full/29429;2023/2024;5;100.0
https://www.vivoscuola.it/content/view/full/29429;2024/2025;1;100.0
https://www.vivoscuola.it/content/view/full/29429;2024/2025;2;100.0
https://www.vivoscuola.it/content/view/full/29429;2024/2025;3;100.0
https://www.vivoscuola.it/content/view/full/29429;2024/2025;4;100.0
https://www.vivoscuola.it/content/view/full/29429;2024/2025;5;100.0
https://www.vivoscuola.it/content/view/full/29430;2022/2023;1;100.0
https://www.vivoscuola.it/content/view/full/29430;2022/2023;2;98.86363636363636
https://www.vivoscuola.it/content/view/full/29430;2022/2023;3;96.20253164556962
https://www.vivoscuola.it/content/view/full/29430;2023/2024;1;100.0
https://www.vivoscuola.it/content/view/full/29430;2023/2024;2;100.0
https://www.vivoscuola.it/content/view/full/29430;2023/2024;3;100.0
https://www.vivoscuola.it/content/view/full/29430;2024/2025;1;100.0
https://www.vivoscuola.it/content/view/full/29430;2024/2025;2;98.66666666666667
https://www.vivoscuola.it/content/view/full/29430;2024/2025;3;98.80952380952381
https://www.vivoscuola.it/content/view/full/170194;2022/2023;1;0.0
https://www.vivoscuola.it/content/view/full/170194;2022/2023;2;0.0
https://www.vivoscuola.it/content/view/full/170194;2022/2023;3;0.0
https://www.vivoscuola.it/content/view/full/170194;2022/2023;4;0.0
https://www.vivoscuola.it/content/view/full/170194;2022/2023;5;0.0
https://www.vivoscuola.it/content/view/full/170194;2023/2024;1;0.0
https://www.vivoscuola.it/content/view/full/170194;2023/2024;2;0.0
https://www.vivoscuola.it/content/view/full/170194;2023/2024;3;0.0
https://www.vivoscuola.it/content/view/full/170194;2023/2024;4;0.0
https://www.vivoscuola.it/content/view/full/170194;2023/2024;5;0.0
https://www.vivoscuola.it/content/view/full/170194;2024/2025;1;0.0
https://www.vivoscuola.it/content/view/full/170194;2024/2025;2;0.0
https://www.vivoscuola.it/content/view/full/170194;2024/2025;3;0.0
https://www.vivoscuola.it/content/view/full/170194;2024/2025;4;0.0
https://www.vivoscuola.it/content/view/full/170194;2024/2025;5;90.0
https://www.vivoscuola.it/content/view/full/29431;2022/2023;1;97.43589743589743
https://www.vivoscuola.it/content/view/full/29431;2022/2023;2;100.0
https://www.vivoscuola.it/content/view/full/29431;2022/2023;3;100.0
https://www.vivoscuola.it/content/view/full/29431;2023/2024;1;100.0
https://www.vivoscuola.it/content/view/full/29431;2023/2024;2;97.5
https://www.vivoscuola.it/content/view/full/29431;2023/2024;3;100.0
https://www.vivoscuola.it/content/view/full/29431;2024/2025;1;100.0
https://www.vivoscuola.it/content/view/full/29431;2024/2025;2;97.22222222222221
https://www.vivoscuola.it/content/view/full/29431;2024/2025;3;100.0
https://www.vivoscuola.it/content/view/full/29256;2022/2023;1;95.23809523809523
https://www.vivoscuola.it/content/view/full/29256;2022/2023;2;95.45454545454545
https://www.vivoscuola.it/content/view/full/29256;2022/2023;3;91.30434782608695
https://www.vivoscuola.it/content/view/full/29256;2022/2023;4;100.0
https://www.vivoscuola.it/content/view/full/29256;2023/2024;1;100.0
https://www.vivoscuola.it/content/view/full/29256;2023/2024;2;90.47619047619048
https://www.vivoscuola.it/content/view/full/29256;2023/2024;3;95.45454545454545
https://www.vivoscuola.it/content/view/full/29256;2023/2024;4;100.0
https://www.vivoscuola.it/content/view/full/29256;2024/2025;1;88.23529411764706
https://www.vivoscuola.it/content/view/full/29256;2024/2025;2;87.87878787878788
https://www.vivoscuola.it/content/view/full/29256;2024/2025;3;80.95238095238095
https://www.vivoscuola.it/content/view/full/29256;2024/2025;4;100.0
https://www.vivoscuola.it/content/view/full/29638;2022/2023;1;100.0
https://www.vivoscuola.it/content/view/full/29638;2022/2023;2;100.0
https://www.vivoscuola.it/content/view/full/29638;2022/2023;3;100.0
https://www.vivoscuola.it/content/view/full/29638;2022/2023;4;100.0
https://www.vivoscuola.it/content/view/full/29638;2022/2023;5;100.0
https://www.vivoscuola.it/content/view/full/29638;2023/2024;1;100.0
https://www.vivoscuola.it/content/view/full/29638;2023/2024;2;100.0
https://www.vivoscuola.it/content/view/full/29638;2023/2024;3;100.0
https://www.vivoscuola.it/content/view/full/29638;2023/2024;4;100.0
https://www.vivoscuola.it/content/view/full/29638;2023/2024;5;100.0
https://www.vivoscuola.it/content/view/full/29638;2024/2025;1;100.0
https://www.vivoscuola.it/content/view/full/29638;2024/2025;2;100.0
https://www.vivoscuola.it/content/view/full/29638;2024/2025;3;100.0
https://www.vivoscuola.it/content/view/full/29638;2024/2025;4;100.0
https://www.vivoscuola.it/content/view/full/29638;2024/2025;5;100.0
https://www.vivoscuola.it/content/view/full/29640;2022/2023;1;100.0
https://www.vivoscuola.it/content/view/full/29640;2022/2023;2;100.0
https://www.vivoscuola.it/content/view/full/29640;2022/2023;3;100.0
https://www.vivoscuola.it/content/view/full/29640;2022/2023;4;100.0
https://www.vivoscuola.it/content/view/full/29640;2022/2023;5;100.0
https://www.vivoscuola.it/content/view/full/29640;2023/2024;1;100.0
https://www.vivoscuola.it/content/view/full/29640;2023/2024;2;100.0
https://www.vivoscuola.it/content/view/full/29640;2023/2024;3;98.63013698630137
https://www.vivoscuola.it/content/view/full/29640;2023/2024;4;98.68421052631578
https://www.vivoscuola.it/content/view/full/29640;2023/2024;5;100.0
https://www.vivoscuola.it/content/view/full/29640;2024/2025;1;97.72727272727273
https://www.vivoscuola.it/content/view/full/29640;2024/2025;2;100.0
https://www.vivoscuola.it/content/view/full/29640;2024/2025;3;100.0
https://www.vivoscuola.it/content/view/full/29640;2024/2025;4;100.0
https://www.vivoscuola.it/content/view/full/29640;2024/2025;5;100.0
https://www.vivoscuola.it/content/view/full/29641;2022/2023;1;100.0
https://www.vivoscuola.it/content/view/full/29641;2022/2023;2;100.0
https://www.vivoscuola.it/content/view/full/29641;2022/2023;3;100.0
https://www.vivoscuola.it/content/view/full/29641;2022/2023;4;100.0
https://www.vivoscuola.it/content/view/full/29641;2022/2023;5;90.0
https://www.vivoscuola.it/content/view/full/29641;2023/2024;1;100.0
https://www.vivoscuola.it/content/view/full/29641;2023/2024;2;100.0
https://www.vivoscuola.it/content/view/full/29641;2023/2024;3;100.0
https://www.vivoscuola.it/content/view/full/29641;2023/2024;4;100.0
https://www.vivoscuola.it/content/view/full/29641;2023/2024;5;100.0
https://www.vivoscuola.it/content/view/full/29641;2024/2025;1;100.0
https://www.vivoscuola.it/content/view/full/29641;2024/2025;2;100.0
https://www.vivoscuola.it/content/view/full/29641;2024/2025;3;100.0
https://www.vivoscuola.it/content/view/full/29641;2024/2025;4;100.0
https://www.vivoscuola.it/content/view/full/29641;2024/2025;5;100.0
https://www.vivoscuola.it/content/view/full/29639;2022/2023;1;100.0
https://www.vivoscuola.it/content/view/full/29639;2022/2023;2;0.0
https://www.vivoscuola.it/content/view/full/29639;2022/2023;3;100.0
https://www.vivoscuola.it/content/view/full/29639;2022/2023;4;100.0
https://www.vivoscuola.it/content/view/full/29639;2022/2023;5;100.0
https://www.vivoscuola.it/content/view/full/29639;2023/2024;1;100.0
https://www.vivoscuola.it/content/view/full/29639;2023/2024;2;100.0
https://www.vivoscuola.it/content/view/full/29639;2023/2024;3;0.0
https://www.vivoscuola.it/content/view/full/29639;2023/2024;4;100.0
https://www.vivoscuola.it/content/view/full/29639;2023/2024;5;100.0
https://www.vivoscuola.it/content/view/full/29639;2024/2025;1;100.0
https://www.vivoscuola.it/content/view/full/29639;2024/2025;2;100.0
https://www.vivoscuola.it/content/view/full/29639;2024/2025;3;100.0
https://www.vivoscuola.it/content/view/full/29639;2024/2025;4;0.0
https://www.vivoscuola.it/content/view/full/29639;2024/2025;5;100.0
https://www.vivoscuola.it/content/view/full/29642;2022/2023;1;96.90721649484536
https://www.vivoscuola.it/content/view/full/29642;2022/2023;2;95.37037037037037
https://www.vivoscuola.it/content/view/full/29642;2022/2023;3;100.0
https://www.vivoscuola.it/content/view/full/29642;2023/2024;1;97.22222222222221
https://www.vivoscuola.it/content/view/full/29642;2023/2024;2;94.94949494949495
https://www.vivoscuola.it/content/view/full/29642;2023/2024;3;98.05825242718447
https://www.vivoscuola.it/content/view/full/29642;2024/2025;1;100.0
https://www.vivoscuola.it/content/view/full/29642;2024/2025;2;99.05660377358491
https://www.vivoscuola.it/content/view/full/29642;2024/2025;3;97.89473684210527
https://www.vivoscuola.it/content/view/full/29570;2022/2023;1;100.0
https://www.vivoscuola.it/content/view/full/29570;2022/2023;2;97.5609756097561
https://www.vivoscuola.it/content/view/full/29570;2022/2023;3;100.0
https://www.vivoscuola.it/content/view/full/29570;2022/2023;4;100.0
https://www.vivoscuola.it/content/view/full/29570;2022/2023;5;98.66666666666667
https://www.vivoscuola.it/content/view/full/29570;2023/2024;1;97.10144927536231
https://www.vivoscuola.it/content/view/full/29570;2023/2024;2;100.0
https://www.vivoscuola.it/content/view/full/29570;2023/2024;3;100.0
https://www.vivoscuola.it/content/view/full/29570;2023/2024;4;100.0
https://www.vivoscuola.it/content/view/full/29570;2023/2024;5;99.00990099009901
https://www.vivoscuola.it/content/view/full/29570;2024/2025;1;98.9010989010989
https://www.vivoscuola.it/content/view/full/29570;2024/2025;2;100.0
https://www.vivoscuola.it/content/view/full/29570;2024/2025;3;100.0
https://www.vivoscuola.it/content/view/full/29570;2024/2025;4;100.0
https://www.vivoscuola.it/content/view/full/29570;2024/2025;5;100.0
https://www.vivoscuola.it/content/view/full/29571;2022/2023;1;96.15384615384616
https://www.vivoscuola.it/content/view/full/29571;2022/2023;2;100.0
https://www.vivoscuola.it/content/view/full/29571;2022/2023;3;100.0
https://www.vivoscuola.it/content/view/full/29571;2022/2023;4;100.0
https://www.vivoscuola.it/content/view/full/29571;2022/2023;5;100.0
https://www.vivoscuola.it/content/view/full/29571;2023/2024;1;95.65217391304348
https://www.vivoscuola.it/content/view/full/29571;2023/2024;2;100.0
https://www.vivoscuola.it/content/view/full/29571;2023/2024;3;100.0
https://www.vivoscuola.it/content/view/full/29571;2023/2024;4;100.0
https://www.vivoscuola.it/content/view/full/29571;2023/2024;5;100.0
https://www.vivoscuola.it/content/view/full/29571;2024/2025;1;100.0
https://www.vivoscuola.it/content/view/full/29571;2024/2025;2;100.0
https://www.vivoscuola.it/content/view/full/29571;2024/2025;3;100.0
https://www.vivoscuola.it/content/view/full/29571;2024/2025;4;100.0
https://www.vivoscuola.it/content/view/full/29571;2024/2025;5;100.0
https://www.vivoscuola.it/content/view/full/29572;2022/2023;1;99.03846153846155
https://www.vivoscuola.it/content/view/full/29572;2022/2023;2;100.0
https://www.vivoscuola.it/content/view/full/29572;2022/2023;3;100.0
https://www.vivoscuola.it/content/view/full/29572;2023/2024;1;100.0
https://www.vivoscuola.it/content/view/full/29572;2023/2024;2;100.0
https://www.vivoscuola.it/content/view/full/29572;2023/2024;3;100.0
https://www.vivoscuola.it/content/view/full/29572;2024/2025;1;100.0
https://www.vivoscuola.it/content/view/full/29572;2024/2025;2;97.97979797979798
https://www.vivoscuola.it/content/view/full/29572;2024/2025;3;99.09909909909909
https://www.vivoscuola.it/content/view/full/29816;2022/2023;1;94.9367088607595
https://www.vivoscuola.it/content/view/full/29816;2022/2023;2;94.73684210526315
https://www.vivoscuola.it/content/view/full/29816;2022/2023;3;98.30508474576271
https://www.vivoscuola.it/content/view/full/29816;2022/2023;4;95.23809523809523
https://www.vivoscuola.it/content/view/full/29816;2022/2023;5;98.4126984126984
https://www.vivoscuola.it/content/view/full/29816;2023/2024;1;95.4954954954955
https://www.vivoscuola.it/content/view/full/29816;2023/2024;2;97.22222222222221
https://www.vivoscuola.it/content/view/full/29816;2023/2024;3;93.97590361445783
https://www.vivoscuola.it/content/view/full/29816;2023/2024;4;95.0
https://www.vivoscuola.it/content/view/full/29816;2023/2024;5;98.36065573770492
https://www.vivoscuola.it/content/view/full/29816;2024/2025;1;93.61702127659575
https://www.vivoscuola.it/content/view/full/29816;2024/2025;2;93.0
https://www.vivoscuola.it/content/view/full/29816;2024/2025;3;91.30434782608695
https://www.vivoscuola.it/content/view/full/29816;2024/2025;4;100.0
https://www.vivoscuola.it/content/view/full/29816;2024/2025;5;98.24561403508771
https://www.vivoscuola.it/content/view/full/29817;2022/2023;1;85.91549295774648
https://www.vivoscuola.it/content/view/full/29817;2022/2023;2;91.36690647482014
https://www.vivoscuola.it/content/view/full/29817;2022/2023;3;89.0625
https://www.vivoscuola.it/content/view/full/29817;2022/2023;4;95.76271186440678
https://www.vivoscuola.it/content/view/full/29817;2022/2023;5;97.84172661870504
https://www.vivoscuola.it/content/view/full/29817;2023/2024;1;86.4
https://www.vivoscuola.it/content/view/full/29817;2023/2024;2;93.23308270676691
https://www.vivoscuola.it/content/view/full/29817;2023/2024;3;84.67153284671532
https://www.vivoscuola.it/content/view/full/29817;2023/2024;4;90.67796610169492
https://www.vivoscuola.it/content/view/full/29817;2023/2024;5;95.4954954954955
https://www.vivoscuola.it/content/view/full/29817;2024/2025;1;86.66666666666667
https://www.vivoscuola.it/content/view/full/29817;2024/2025;2;95.7983193277311
https://www.vivoscuola.it/content/view/full/29817;2024/2025;3;89.1156462585034
https://www.vivoscuola.it/content/view/full/29817;2024/2025;4;96.0
https://www.vivoscuola.it/content/view/full/29817;2024/2025;5;100.0
https://www.vivoscuola.it/content/view/full/29819;2022/2023;1;95.34883720930233
https://www.vivoscuola.it/content/view/full/29819;2022/2023;2;100.0
https://www.vivoscuola.it/content/view/full/29819;2022/2023;3;97.72727272727273
https://www.vivoscuola.it/content/view/full/29819;2022/2023;4;97.72727272727273
https://www.vivoscuola.it/content/view/full/29819;2022/2023;5;97.61904761904762
https://www.vivoscuola.it/content/view/full/29819;2023/2024;1;92.5
https://www.vivoscuola.it/content/view/full/29819;2023/2024;2;95.0
https://www.vivoscuola.it/content/view/full/29819;2023/2024;3;95.55555555555556
https://www.vivoscuola.it/content/view/full/29819;2023/2024;4;97.77777777777777
https://www.vivoscuola.it/content/view/full/29819;2023/2024;5;100.0
https://www.vivoscuola.it/content/view/full/29819;2024/2025;1;95.65217391304348
https://www.vivoscuola.it/content/view/full/29819;2024/2025;2;100.0
https://www.vivoscuola.it/content/view/full/29819;2024/2025;3;97.2972972972973
https://www.vivoscuola.it/content/view/full/29819;2024/2025;4;100.0
https://www.vivoscuola.it/content/view/full/29819;2024/2025;5;97.67441860465115
https://www.vivoscuola.it/content/view/full/29686;2022/2023;1;100.0
https://www.vivoscuola.it/content/view/full/29686;2022/2023;2;100.0
https://www.vivoscuola.it/content/view/full/29686;2022/2023;3;100.0
https://www.vivoscuola.it/content/view/full/29686;2022/2023;4;100.0
https://www.vivoscuola.it/content/view/full/29686;2022/2023;5;100.0
https://www.vivoscuola.it/content/view/full/29686;2023/2024;1;100.0
https://www.vivoscuola.it/content/view/full/29686;2023/2024;2;100.0
https://www.vivoscuola.it/content/view/full/29686;2023/2024;3;100.0
https://www.vivoscuola.it/content/view/full/29686;2023/2024;4;100.0
https://www.vivoscuola.it/content/view/full/29686;2023/2024;5;100.0
https://www.vivoscuola.it/content/view/full/29686;2024/2025;1;100.0
https://www.vivoscuola.it/content/view/full/29686;2024/2025;2;100.0
https://www.vivoscuola.it/content/view/full/29686;2024/2025;3;100.0
https://www.vivoscuola.it/content/view/full/29686;2024/2025;4;100.0
https://www.vivoscuola.it/content/view/full/29686;2024/2025;5;100.0
https://www.vivoscuola.it/content/view/full/29687;2022/2023;1;100.0
https://www.vivoscuola.it/content/view/full/29687;2022/2023;2;100.0
https://www.vivoscuola.it/content/view/full/29687;2022/2023;3;100.0
https://www.vivoscuola.it/content/view/full/29687;2022/2023;4;100.0
https://www.vivoscuola.it/content/view/full/29687;2022/2023;5;100.0
https://www.vivoscuola.it/content/view/full/29687;2023/2024;1;94.11764705882352
https://www.vivoscuola.it/content/view/full/29687;2023/2024;2;100.0
https://www.vivoscuola.it/content/view/full/29687;2023/2024;3;100.0
https://www.vivoscuola.it/content/view/full/29687;2023/2024;4;100.0
https://www.vivoscuola.it/content/view/full/29687;2023/2024;5;100.0
https://www.vivoscuola.it/content/view/full/29687;2024/2025;1;94.11764705882352
https://www.vivoscuola.it/content/view/full/29687;2024/2025;2;100.0
https://www.vivoscuola.it/content/view/full/29687;2024/2025;3;100.0
https://www.vivoscuola.it/content/view/full/29687;2024/2025;4;100.0
https://www.vivoscuola.it/content/view/full/29687;2024/2025;5;100.0
https://www.vivoscuola.it/content/view/full/29690;2022/2023;1;99.24242424242425
https://www.vivoscuola.it/content/view/full/29690;2022/2023;2;99.26470588235294
https://www.vivoscuola.it/content/view/full/29690;2022/2023;3;98.10126582278481
https://www.vivoscuola.it/content/view/full/29690;2023/2024;1;98.46153846153847
https://www.vivoscuola.it/content/view/full/29690;2023/2024;2;97.72727272727273
https://www.vivoscuola.it/content/view/full/29690;2023/2024;3;97.8102189781022
https://www.vivoscuola.it/content/view/full/29690;2024/2025;1;99.19354838709677
https://www.vivoscuola.it/content/view/full/29690;2024/2025;2;96.18320610687023
https://www.vivoscuola.it/content/view/full/29690;2024/2025;3;97.74436090225564
https://www.vivoscuola.it/content/view/full/29688;2022/2023;1;97.67441860465115
https://www.vivoscuola.it/content/view/full/29688;2022/2023;2;100.0
https://www.vivoscuola.it/content/view/full/29688;2022/2023;3;100.0
https://www.vivoscuola.it/content/view/full/29688;2022/2023;4;100.0
https://www.vivoscuola.it/content/view/full/29688;2022/2023;5;100.0
https://www.vivoscuola.it/content/view/full/29688;2023/2024;1;100.0
https://www.vivoscuola.it/content/view/full/29688;2023/2024;2;100.0
https://www.vivoscuola.it/content/view/full/29688;2023/2024;3;100.0
https://www.vivoscuola.it/content/view/full/29688;2023/2024;4;100.0
https://www.vivoscuola.it/content/view/full/29688;2023/2024;5;100.0
https://www.vivoscuola.it/content/view/full/29688;2024/2025;1;100.0
https://www.vivoscuola.it/content/view/full/29688;2024/2025;2;100.0
https://www.vivoscuola.it/content/view/full/29688;2024/2025;3;100.0
https://www.vivoscuola.it/content/view/full/29688;2024/2025;4;100.0
https://www.vivoscuola.it/content/view/full/29688;2024/2025;5;100.0
https://www.vivoscuola.it/content/view/full/29689;2022/2023;1;100.0
https://www.vivoscuola.it/content/view/full/29689;2022/2023;2;100.0
https://www.vivoscuola.it/content/view/full/29689;2022/2023;3;100.0
https://www.vivoscuola.it/content/view/full/29689;2022/2023;4;100.0
https://www.vivoscuola.it/content/view/full/29689;2022/2023;5;100.0
https://www.vivoscuola.it/content/view/full/29689;2023/2024;1;100.0
https://www.vivoscuola.it/content/view/full/29689;2023/2024;2;100.0
https://www.vivoscuola.it/content/view/full/29689;2023/2024;3;100.0
https://www.vivoscuola.it/content/view/full/29689;2023/2024;4;100.0
https://www.vivoscuola.it/content/view/full/29689;2023/2024;5;100.0
https://www.vivoscuola.it/content/view/full/29689;2024/2025;1;96.29629629629629
https://www.vivoscuola.it/content/view/full/29689;2024/2025;2;100.0
https://www.vivoscuola.it/content/view/full/29689;2024/2025;3;100.0
https://www.vivoscuola.it/content/view/full/29689;2024/2025;4;100.0
https://www.vivoscuola.it/content/view/full/29689;2024/2025;5;100.0
https://www.vivoscuola.it/content/view/full/29519;2022/2023;1;100.0
https://www.vivoscuola.it/content/view/full/29519;2022/2023;2;100.0
https://www.vivoscuola.it/content/view/full/29519;2022/2023;3;100.0
https://www.vivoscuola.it/content/view/full/29519;2022/2023;4;100.0
https://www.vivoscuola.it/content/view/full/29519;2022/2023;5;100.0
https://www.vivoscuola.it/content/view/full/29519;2023/2024;1;100.0
https://www.vivoscuola.it/content/view/full/29519;2023/2024;2;100.0
https://www.vivoscuola.it/content/view/full/29519;2023/2024;3;100.0
https://www.vivoscuola.it/content/view/full/29519;2023/2024;4;100.0
https://www.vivoscuola.it/content/view/full/29519;2023/2024;5;100.0
https://www.vivoscuola.it/content/view/full/29519;2024/2025;1;100.0
https://www.vivoscuola.it/content/view/full/29519;2024/2025;2;100.0
https://www.vivoscuola.it/content/view/full/29519;2024/2025;3;100.0
https://www.vivoscuola.it/content/view/full/29519;2024/2025;4;100.0
https://www.vivoscuola.it/content/view/full/29519;2024/2025;5;100.0
https://www.vivoscuola.it/content/view/full/29522;2022/2023;1;98.79518072289156
https://www.vivoscuola.it/content/view/full/29522;2022/2023;2;96.5909090909091
https://www.vivoscuola.it/content/view/full/29522;2022/2023;3;97.72727272727273
https://www.vivoscuola.it/content/view/full/29522;2023/2024;1;98.26086956521739
https://www.vivoscuola.it/content/view/full/29522;2023/2024;2;97.67441860465115
https://www.vivoscuola.it/content/view/full/29522;2023/2024;3;98.83720930232558
https://www.vivoscuola.it/content/view/full/29522;2024/2025;1;96.7741935483871
https://www.vivoscuola.it/content/view/full/29522;2024/2025;2;98.33333333333333
https://www.vivoscuola.it/content/view/full/29522;2024/2025;3;100.0
https://www.vivoscuola.it/content/view/full/29521;2022/2023;1;100.0
https://www.vivoscuola.it/content/view/full/29521;2022/2023;2;100.0
https://www.vivoscuola.it/content/view/full/29521;2022/2023;3;100.0
https://www.vivoscuola.it/content/view/full/29521;2022/2023;4;100.0
https://www.vivoscuola.it/content/view/full/29521;2022/2023;5;100.0
https://www.vivoscuola.it/content/view/full/29521;2023/2024;1;100.0
https://www.vivoscuola.it/content/view/full/29521;2023/2024;2;100.0
https://www.vivoscuola.it/content/view/full/29521;2023/2024;3;100.0
https://www.vivoscuola.it/content/view/full/29521;2023/2024;4;100.0
https://www.vivoscuola.it/content/view/full/29521;2023/2024;5;100.0
https://www.vivoscuola.it/content/view/full/29521;2024/2025;1;100.0
https://www.vivoscuola.it/content/view/full/29521;2024/2025;2;100.0
https://www.vivoscuola.it/content/view/full/29521;2024/2025;3;100.0
https://www.vivoscuola.it/content/view/full/29521;2024/2025;4;100.0
https://www.vivoscuola.it/content/view/full/29521;2024/2025;5;100.0
https://www.vivoscuola.it/content/view/full/29520;2022/2023;1;97.1830985915493
https://www.vivoscuola.it/content/view/full/29520;2022/2023;2;96.49122807017544
https://www.vivoscuola.it/content/view/full/29520;2022/2023;3;100.0
https://www.vivoscuola.it/content/view/full/29520;2022/2023;4;100.0
https://www.vivoscuola.it/content/view/full/29520;2022/2023;5;100.0
https://www.vivoscuola.it/content/view/full/29520;2023/2024;1;100.0
https://www.vivoscuola.it/content/view/full/29520;2023/2024;2;100.0
https://www.vivoscuola.it/content/view/full/29520;2023/2024;3;98.24561403508771
https://www.vivoscuola.it/content/view/full/29520;2023/2024;4;100.0
https://www.vivoscuola.it/content/view/full/29520;2023/2024;5;100.0
https://www.vivoscuola.it/content/view/full/29520;2024/2025;1;100.0
https://www.vivoscuola.it/content/view/full/29520;2024/2025;2;100.0
https://www.vivoscuola.it/content/view/full/29520;2024/2025;3;100.0
https://www.vivoscuola.it/content/view/full/29520;2024/2025;4;100.0
https://www.vivoscuola.it/content/view/full/29520;2024/2025;5;98.57142857142858
https://www.vivoscuola.it/content/view/full/29871;2022/2023;1;90.76923076923077
https://www.vivoscuola.it/content/view/full/29871;2022/2023;2;96.42857142857143
https://www.vivoscuola.it/content/view/full/29871;2022/2023;3;100.0
https://www.vivoscuola.it/content/view/full/29871;2022/2023;4;100.0
https://www.vivoscuola.it/content/view/full/29871;2022/2023;5;100.0
https://www.vivoscuola.it/content/view/full/29871;2023/2024;1;91.8918918918919
https://www.vivoscuola.it/content/view/full/29871;2023/2024;2;98.30508474576271
https://www.vivoscuola.it/content/view/full/29871;2023/2024;3;100.0
https://www.vivoscuola.it/content/view/full/29871;2023/2024;4;97.77777777777777
https://www.vivoscuola.it/content/view/full/29871;2023/2024;5;95.23809523809523
https://www.vivoscuola.it/content/view/full/29871;2024/2025;1;92.5
https://www.vivoscuola.it/content/view/full/29871;2024/2025;2;90.0
https://www.vivoscuola.it/content/view/full/29871;2024/2025;3;96.55172413793103
https://www.vivoscuola.it/content/view/full/29871;2024/2025;4;100.0
https://www.vivoscuola.it/content/view/full/29871;2024/2025;5;97.87234042553192
https://www.vivoscuola.it/content/view/full/29873;2022/2023;1;0.0
https://www.vivoscuola.it/content/view/full/29873;2022/2023;2;100.0
https://www.vivoscuola.it/content/view/full/29873;2022/2023;3;100.0
https://www.vivoscuola.it/content/view/full/29873;2022/2023;4;100.0
https://www.vivoscuola.it/content/view/full/29873;2022/2023;5;100.0
https://www.vivoscuola.it/content/view/full/29873;2023/2024;1;94.11764705882352
https://www.vivoscuola.it/content/view/full/29873;2023/2024;2;0.0
https://www.vivoscuola.it/content/view/full/29873;2023/2024;3;100.0
https://www.vivoscuola.it/content/view/full/29873;2023/2024;4;100.0
https://www.vivoscuola.it/content/view/full/29873;2023/2024;5;100.0
https://www.vivoscuola.it/content/view/full/29873;2024/2025;1;94.73684210526315
https://www.vivoscuola.it/content/view/full/29873;2024/2025;2;92.85714285714286
https://www.vivoscuola.it/content/view/full/29873;2024/2025;3;0.0
https://www.vivoscuola.it/content/view/full/29873;2024/2025;4;100.0
https://www.vivoscuola.it/content/view/full/29873;2024/2025;5;100.0
https://www.vivoscuola.it/content/view/full/29872;2022/2023;1;89.1891891891892
https://www.vivoscuola.it/content/view/full/29872;2022/2023;2;100.0
https://www.vivoscuola.it/content/view/full/29872;2022/2023;3;94.11764705882352
https://www.vivoscuola.it/content/view/full/29872;2022/2023;4;93.33333333333333
https://www.vivoscuola.it/content/view/full/29872;2022/2023;5;100.0
https://www.vivoscuola.it/content/view/full/29872;2023/2024;1;88.23529411764706
https://www.vivoscuola.it/content/view/full/29872;2023/2024;2;96.96969696969697
https://www.vivoscuola.it/content/view/full/29872;2023/2024;3;90.47619047619048
https://www.vivoscuola.it/content/view/full/29872;2023/2024;4;100.0
https://www.vivoscuola.it/content/view/full/29872;2023/2024;5;100.0
https://www.vivoscuola.it/content/view/full/29872;2024/2025;1;98.14814814814815
https://www.vivoscuola.it/content/view/full/29872;2024/2025;2;93.93939393939394
https://www.vivoscuola.it/content/view/full/29872;2024/2025;3;94.5945945945946
https://www.vivoscuola.it/content/view/full/29872;2024/2025;4;91.8918918918919
https://www.vivoscuola.it/content/view/full/29872;2024/2025;5;100.0
https://www.vivoscuola.it/content/view/full/29870;2022/2023;1;95.23809523809523
https://www.vivoscuola.it/content/view/full/29870;2022/2023;2;100.0
https://www.vivoscuola.it/content/view/full/29870;2022/2023;3;93.75
https://www.vivoscuola.it/content/view/full/29870;2022/2023;4;100.0
https://www.vivoscuola.it/content/view/full/29870;2022/2023;5;100.0
https://www.vivoscuola.it/content/view/full/29870;2023/2024;1;100.0
https://www.vivoscuola.it/content/view/full/29870;2023/2024;2;100.0
https://www.vivoscuola.it/content/view/full/29870;2023/2024;3;95.0
https://www.vivoscuola.it/content/view/full/29870;2023/2024;4;93.33333333333333
https://www.vivoscuola.it/content/view/full/29870;2023/2024;5;93.33333333333333
https://www.vivoscuola.it/content/view/full/29870;2024/2025;1;90.0
https://www.vivoscuola.it/content/view/full/29870;2024/2025;2;95.0
https://www.vivoscuola.it/content/view/full/29870;2024/2025;3;90.9090909090909
https://www.vivoscuola.it/content/view/full/29870;2024/2025;4;100.0
https://www.vivoscuola.it/content/view/full/29870;2024/2025;5;100.0
https://www.vivoscuola.it/content/view/full/29457;2022/2023;1;100.0
https://www.vivoscuola.it/content/view/full/29457;2022/2023;2;100.0
https://www.vivoscuola.it/content/view/full/29457;2022/2023;3;100.0
https://www.vivoscuola.it/content/view/full/29457;2022/2023;4;100.0
https://www.vivoscuola.it/content/view/full/29457;2022/2023;5;100.0
https://www.vivoscuola.it/content/view/full/29457;2023/2024;1;100.0
https://www.vivoscuola.it/content/view/full/29457;2023/2024;2;100.0
https://www.vivoscuola.it/content/view/full/29457;2023/2024;3;100.0
https://www.vivoscuola.it/content/view/full/29457;2023/2024;4;100.0
https://www.vivoscuola.it/content/view/full/29457;2023/2024;5;100.0
https://www.vivoscuola.it/content/view/full/29457;2024/2025;1;100.0
https://www.vivoscuola.it/content/view/full/29457;2024/2025;2;100.0
https://www.vivoscuola.it/content/view/full/29457;2024/2025;3;100.0
https://www.vivoscuola.it/content/view/full/29457;2024/2025;4;100.0
https://www.vivoscuola.it/content/view/full/29457;2024/2025;5;100.0
https://www.vivoscuola.it/content/view/full/29875;2022/2023;1;89.79591836734694
https://www.vivoscuola.it/content/view/full/29875;2022/2023;2;92.10526315789474
https://www.vivoscuola.it/content/view/full/29875;2022/2023;3;88.88888888888889
https://www.vivoscuola.it/content/view/full/29875;2022/2023;4;100.0
https://www.vivoscuola.it/content/view/full/29875;2022/2023;5;92.3076923076923
https://www.vivoscuola.it/content/view/full/29875;2023/2024;1;92.10526315789474
https://www.vivoscuola.it/content/view/full/29875;2023/2024;2;92.6829268292683
https://www.vivoscuola.it/content/view/full/29875;2023/2024;3;97.22222222222221
https://www.vivoscuola.it/content/view/full/29875;2023/2024;4;100.0
https://www.vivoscuola.it/content/view/full/29875;2023/2024;5;95.23809523809523
https://www.vivoscuola.it/content/view/full/29875;2024/2025;1;95.23809523809523
https://www.vivoscuola.it/content/view/full/29875;2024/2025;2;100.0
https://www.vivoscuola.it/content/view/full/29875;2024/2025;3;97.36842105263158
https://www.vivoscuola.it/content/view/full/29875;2024/2025;4;100.0
https://www.vivoscuola.it/content/view/full/29875;2024/2025;5;100.0
https://www.vivoscuola.it/content/view/full/29459;2022/2023;1;100.0
https://www.vivoscuola.it/content/view/full/29459;2022/2023;2;100.0
https://www.vivoscuola.it/content/view/full/29459;2022/2023;3;100.0
https://www.vivoscuola.it/content/view/full/29459;2023/2024;1;100.0
https://www.vivoscuola.it/content/view/full/29459;2023/2024;2;100.0
https://www.vivoscuola.it/content/view/full/29459;2023/2024;3;100.0
https://www.vivoscuola.it/content/view/full/29459;2024/2025;1;100.0
https://www.vivoscuola.it/content/view/full/29459;2024/2025;2;100.0
https://www.vivoscuola.it/content/view/full/29459;2024/2025;3;100.0
https://www.vivoscuola.it/content/view/full/29874;2022/2023;1;95.45454545454545
https://www.vivoscuola.it/content/view/full/29874;2022/2023;2;98.33333333333333
https://www.vivoscuola.it/content/view/full/29874;2022/2023;3;98.24561403508771
https://www.vivoscuola.it/content/view/full/29874;2022/2023;4;96.42857142857143
https://www.vivoscuola.it/content/view/full/29874;2022/2023;5;100.0
https://www.vivoscuola.it/content/view/full/29874;2023/2024;1;92.06349206349206
https://www.vivoscuola.it/content/view/full/29874;2023/2024;2;97.61904761904762
https://www.vivoscuola.it/content/view/full/29874;2023/2024;3;94.91525423728814
https://www.vivoscuola.it/content/view/full/29874;2023/2024;4;100.0
https://www.vivoscuola.it/content/view/full/29874;2023/2024;5;100.0
https://www.vivoscuola.it/content/view/full/29874;2024/2025;1;98.07692307692307
https://www.vivoscuola.it/content/view/full/29874;2024/2025;2;98.07692307692307
https://www.vivoscuola.it/content/view/full/29874;2024/2025;3;90.47619047619048
https://www.vivoscuola.it/content/view/full/29874;2024/2025;4;98.11320754716981
https://www.vivoscuola.it/content/view/full/29874;2024/2025;5;100.0
https://www.vivoscuola.it/content/view/full/29458;2022/2023;1;100.0
https://www.vivoscuola.it/content/view/full/29458;2022/2023;2;100.0
https://www.vivoscuola.it/content/view/full/29458;2022/2023;3;100.0
https://www.vivoscuola.it/content/view/full/29458;2022/2023;4;100.0
https://www.vivoscuola.it/content/view/full/29458;2022/2023;5;100.0
https://www.vivoscuola.it/content/view/full/29458;2023/2024;1;100.0
https://www.vivoscuola.it/content/view/full/29458;2023/2024;2;100.0
https://www.vivoscuola.it/content/view/full/29458;2023/2024;3;100.0
https://www.vivoscuola.it/content/view/full/29458;2023/2024;4;100.0
https://www.vivoscuola.it/content/view/full/29458;2023/2024;5;100.0
https://www.vivoscuola.it/content/view/full/29458;2024/2025;1;100.0
https://www.vivoscuola.it/content/view/full/29458;2024/2025;2;100.0
https://www.vivoscuola.it/content/view/full/29458;2024/2025;3;100.0
https://www.vivoscuola.it/content/view/full/29458;2024/2025;4;100.0
https://www.vivoscuola.it/content/view/full/29458;2024/2025;5;100.0
https://www.vivoscuola.it/content/view/full/29231;2022/2023;1;78.94736842105263
https://www.vivoscuola.it/content/view/full/29231;2022/2023;2;88.23529411764706
https://www.vivoscuola.it/content/view/full/29231;2022/2023;3;100.0
https://www.vivoscuola.it/content/view/full/29231;2022/2023;4;94.44444444444444
https://www.vivoscuola.it/content/view/full/29231;2022/2023;5;93.75
https://www.vivoscuola.it/content/view/full/29231;2023/2024;1;73.33333333333333
https://www.vivoscuola.it/content/view/full/29231;2023/2024;2;94.44444444444444
https://www.vivoscuola.it/content/view/full/29231;2023/2024;3;100.0
https://www.vivoscuola.it/content/view/full/29231;2023/2024;4;94.44444444444444
https://www.vivoscuola.it/content/view/full/29231;2023/2024;5;94.11764705882352
https://www.vivoscuola.it/content/view/full/29231;2024/2025;1;69.23076923076923
https://www.vivoscuola.it/content/view/full/29231;2024/2025;2;100.0
https://www.vivoscuola.it/content/view/full/29231;2024/2025;3;90.0
https://www.vivoscuola.it/content/view/full/29231;2024/2025;4;88.23529411764706
https://www.vivoscuola.it/content/view/full/29231;2024/2025;5;93.33333333333333
https://www.vivoscuola.it/content/view/full/29230;2022/2023;1;92.3076923076923
https://www.vivoscuola.it/content/view/full/29230;2022/2023;2;100.0
https://www.vivoscuola.it/content/view/full/29230;2022/2023;3;83.33333333333334
https://www.vivoscuola.it/content/view/full/29230;2022/2023;4;94.11764705882352
https://www.vivoscuola.it/content/view/full/29230;2022/2023;5;100.0
https://www.vivoscuola.it/content/view/full/29230;2023/2024;1;100.0
https://www.vivoscuola.it/content/view/full/29230;2023/2024;2;85.71428571428571
https://www.vivoscuola.it/content/view/full/29230;2023/2024;3;92.3076923076923
https://www.vivoscuola.it/content/view/full/29230;2023/2024;4;100.0
https://www.vivoscuola.it/content/view/full/29230;2023/2024;5;93.75
https://www.vivoscuola.it/content/view/full/29230;2024/2025;1;82.35294117647058
https://www.vivoscuola.it/content/view/full/29230;2024/2025;2;100.0
https://www.vivoscuola.it/content/view/full/29230;2024/2025;3;100.0
https://www.vivoscuola.it/content/view/full/29230;2024/2025;4;90.0
https://www.vivoscuola.it/content/view/full/29230;2024/2025;5;100.0
https://www.vivoscuola.it/content/view/full/29232;2022/2023;1;100.0
https://www.vivoscuola.it/content/view/full/29232;2022/2023;2;92.3076923076923
https://www.vivoscuola.it/content/view/full/29232;2022/2023;3;100.0
https://www.vivoscuola.it/content/view/full/29232;2022/2023;4;0.0
https://www.vivoscuola.it/content/view/full/29232;2022/2023;5;100.0
https://www.vivoscuola.it/content/view/full/29232;2023/2024;1;100.0
https://www.vivoscuola.it/content/view/full/29232;2023/2024;2;100.0
https://www.vivoscuola.it/content/view/full/29232;2023/2024;3;100.0
https://www.vivoscuola.it/content/view/full/29232;2023/2024;4;100.0
https://www.vivoscuola.it/content/view/full/29232;2023/2024;5;0.0
https://www.vivoscuola.it/content/view/full/29232;2024/2025;1;86.66666666666667
https://www.vivoscuola.it/content/view/full/29232;2024/2025;2;100.0
https://www.vivoscuola.it/content/view/full/29232;2024/2025;3;100.0
https://www.vivoscuola.it/content/view/full/29232;2024/2025;4;92.3076923076923
https://www.vivoscuola.it/content/view/full/29232;2024/2025;5;100.0
https://www.vivoscuola.it/content/view/full/29236;2022/2023;1;99.03846153846155
https://www.vivoscuola.it/content/view/full/29236;2022/2023;2;99.06542056074767
https://www.vivoscuola.it/content/view/full/29236;2022/2023;3;100.0
https://www.vivoscuola.it/content/view/full/29236;2023/2024;1;100.0
https://www.vivoscuola.it/content/view/full/29236;2023/2024;2;100.0
https://www.vivoscuola.it/content/view/full/29236;2023/2024;3;100.0
https://www.vivoscuola.it/content/view/full/29236;2024/2025;1;100.0
https://www.vivoscuola.it/content/view/full/29236;2024/2025;2;100.0
https://www.vivoscuola.it/content/view/full/29236;2024/2025;3;100.0
https://www.vivoscuola.it/content/view/full/29235;2022/2023;1;100.0
https://www.vivoscuola.it/content/view/full/29235;2022/2023;2;100.0
https://www.vivoscuola.it/content/view/full/29235;2022/2023;3;100.0
https://www.vivoscuola.it/content/view/full/29235;2022/2023;4;100.0
https://www.vivoscuola.it/content/view/full/29235;2022/2023;5;100.0
https://www.vivoscuola.it/content/view/full/29235;2023/2024;1;100.0
https://www.vivoscuola.it/content/view/full/29235;2023/2024;2;100.0
https://www.vivoscuola.it/content/view/full/29235;2023/2024;3;100.0
https://www.vivoscuola.it/content/view/full/29235;2023/2024;4;100.0
https://www.vivoscuola.it/content/view/full/29235;2023/2024;5;100.0
https://www.vivoscuola.it/content/view/full/29235;2024/2025;1;100.0
https://www.vivoscuola.it/content/view/full/29235;2024/2025;2;100.0
https://www.vivoscuola.it/content/view/full/29235;2024/2025;3;100.0
https://www.vivoscuola.it/content/view/full/29235;2024/2025;4;100.0
https://www.vivoscuola.it/content/view/full/29235;2024/2025;5;100.0
https://www.vivoscuola.it/content/view/full/29413;2022/2023;1;91.66666666666666
https://www.vivoscuola.it/content/view/full/29413;2022/2023;2;100.0
https://www.vivoscuola.it/content/view/full/29413;2022/2023;3;100.0
https://www.vivoscuola.it/content/view/full/29413;2022/2023;4;100.0
https://www.vivoscuola.it/content/view/full/29413;2022/2023;5;96.66666666666667
https://www.vivoscuola.it/content/view/full/29413;2023/2024;1;94.44444444444444
https://www.vivoscuola.it/content/view/full/29413;2023/2024;2;95.65217391304348
https://www.vivoscuola.it/content/view/full/29413;2023/2024;3;100.0
https://www.vivoscuola.it/content/view/full/29413;2023/2024;4;100.0
https://www.vivoscuola.it/content/view/full/29413;2023/2024;5;100.0
https://www.vivoscuola.it/content/view/full/29413;2024/2025;1;85.71428571428571
https://www.vivoscuola.it/content/view/full/29413;2024/2025;2;95.0
https://www.vivoscuola.it/content/view/full/29413;2024/2025;3;95.45454545454545
https://www.vivoscuola.it/content/view/full/29413;2024/2025;4;100.0
https://www.vivoscuola.it/content/view/full/29413;2024/2025;5;93.75
https://www.vivoscuola.it/content/view/full/29234;2022/2023;1;81.81818181818183
https://www.vivoscuola.it/content/view/full/29234;2022/2023;2;84.84848484848484
https://www.vivoscuola.it/content/view/full/29234;2022/2023;3;100.0
https://www.vivoscuola.it/content/view/full/29234;2022/2023;4;100.0
https://www.vivoscuola.it/content/view/full/29234;2022/2023;5;88.88888888888889
https://www.vivoscuola.it/content/view/full/29234;2023/2024;1;90.9090909090909
https://www.vivoscuola.it/content/view/full/29234;2023/2024;2;93.47826086956522
https://www.vivoscuola.it/content/view/full/29234;2023/2024;3;100.0
https://www.vivoscuola.it/content/view/full/29234;2023/2024;4;100.0
https://www.vivoscuola.it/content/view/full/29234;2023/2024;5;100.0
https://www.vivoscuola.it/content/view/full/29234;2024/2025;1;97.05882352941177
https://www.vivoscuola.it/content/view/full/29234;2024/2025;2;97.72727272727273
https://www.vivoscuola.it/content/view/full/29234;2024/2025;3;97.87234042553192
https://www.vivoscuola.it/content/view/full/29234;2024/2025;4;96.875
https://www.vivoscuola.it/content/view/full/29234;2024/2025;5;100.0
https://www.vivoscuola.it/content/view/full/29415;2022/2023;1;100.0
https://www.vivoscuola.it/content/view/full/29415;2022/2023;2;100.0
https://www.vivoscuola.it/content/view/full/29415;2022/2023;3;100.0
https://www.vivoscuola.it/content/view/full/29415;2022/2023;4;100.0
https://www.vivoscuola.it/content/view/full/29415;2022/2023;5;100.0
https://www.vivoscuola.it/content/view/full/29415;2023/2024;1;100.0
https://www.vivoscuola.it/content/view/full/29415;2023/2024;2;100.0
https://www.vivoscuola.it/content/view/full/29415;2023/2024;3;100.0
https://www.vivoscuola.it/content/view/full/29415;2023/2024;4;100.0
https://www.vivoscuola.it/content/view/full/29415;2023/2024;5;100.0
https://www.vivoscuola.it/content/view/full/29415;2024/2025;1;0.0
https://www.vivoscuola.it/content/view/full/29415;2024/2025;2;100.0
https://www.vivoscuola.it/content/view/full/29415;2024/2025;3;100.0
https://www.vivoscuola.it/content/view/full/29415;2024/2025;4;100.0
https://www.vivoscuola.it/content/view/full/29415;2024/2025;5;100.0
https://www.vivoscuola.it/content/view/full/134612;2022/2023;1;100.0
https://www.vivoscuola.it/content/view/full/134612;2022/2023;2;0.0
https://www.vivoscuola.it/content/view/full/134612;2022/2023;3;0.0
https://www.vivoscuola.it/content/view/full/134612;2023/2024;1;93.75
https://www.vivoscuola.it/content/view/full/134612;2023/2024;2;92.3076923076923
https://www.vivoscuola.it/content/view/full/134612;2023/2024;3;0.0
https://www.vivoscuola.it/content/view/full/134612;2024/2025;1;92.85714285714286
https://www.vivoscuola.it/content/view/full/134612;2024/2025;2;87.5
https://www.vivoscuola.it/content/view/full/134612;2024/2025;3;100.0
https://www.vivoscuola.it/content/view/full/29416;2022/2023;1;100.0
https://www.vivoscuola.it/content/view/full/29416;2022/2023;2;100.0
https://www.vivoscuola.it/content/view/full/29416;2022/2023;3;97.43589743589743
https://www.vivoscuola.it/content/view/full/29416;2023/2024;1;100.0
https://www.vivoscuola.it/content/view/full/29416;2023/2024;2;100.0
https://www.vivoscuola.it/content/view/full/29416;2023/2024;3;100.0
https://www.vivoscuola.it/content/view/full/29416;2024/2025;1;100.0
https://www.vivoscuola.it/content/view/full/29416;2024/2025;2;100.0
https://www.vivoscuola.it/content/view/full/29416;2024/2025;3;100.0
https://www.vivoscuola.it/content/view/full/29414;2022/2023;1;100.0
https://www.vivoscuola.it/content/view/full/29414;2022/2023;2;100.0
https://www.vivoscuola.it/content/view/full/29414;2022/2023;3;100.0
https://www.vivoscuola.it/content/view/full/29414;2022/2023;4;100.0
https://www.vivoscuola.it/content/view/full/29414;2022/2023;5;100.0
https://www.vivoscuola.it/content/view/full/29414;2023/2024;1;100.0
https://www.vivoscuola.it/content/view/full/29414;2023/2024;2;92.3076923076923
https://www.vivoscuola.it/content/view/full/29414;2023/2024;3;93.33333333333333
https://www.vivoscuola.it/content/view/full/29414;2023/2024;4;100.0
https://www.vivoscuola.it/content/view/full/29414;2023/2024;5;100.0
https://www.vivoscuola.it/content/view/full/29414;2024/2025;1;70.0
https://www.vivoscuola.it/content/view/full/29414;2024/2025;2;100.0
https://www.vivoscuola.it/content/view/full/29414;2024/2025;3;100.0
https://www.vivoscuola.it/content/view/full/29414;2024/2025;4;100.0
https://www.vivoscuola.it/content/view/full/29414;2024/2025;5;100.0
https://www.vivoscuola.it/content/view/full/29863;2022/2023;1;0.0
https://www.vivoscuola.it/content/view/full/29863;2022/2023;2;34.48275862068966
https://www.vivoscuola.it/content/view/full/29863;2022/2023;3;70.0
https://www.vivoscuola.it/content/view/full/29863;2023/2024;1;12.5
https://www.vivoscuola.it/content/view/full/29863;2023/2024;2;33.33333333333333
https://www.vivoscuola.it/content/view/full/29863;2023/2024;3;61.53846153846154
https://www.vivoscuola.it/content/view/full/29863;2024/2025;1;15.384615384615385
https://www.vivoscuola.it/content/view/full/29863;2024/2025;2;73.33333333333333
https://www.vivoscuola.it/content/view/full/29863;2024/2025;3;54.54545454545454
https://www.vivoscuola.it/content/view/full/170209;2022/2023;1;0.0
https://www.vivoscuola.it/content/view/full/170209;2022/2023;2;0.0
https://www.vivoscuola.it/content/view/full/170209;2022/2023;3;0.0
https://www.vivoscuola.it/content/view/full/170209;2022/2023;4;0.0
https://www.vivoscuola.it/content/view/full/170209;2022/2023;5;0.0
https://www.vivoscuola.it/content/view/full/170209;2023/2024;1;0.0
https://www.vivoscuola.it/content/view/full/170209;2023/2024;2;0.0
https://www.vivoscuola.it/content/view/full/170209;2023/2024;3;0.0
https://www.vivoscuola.it/content/view/full/170209;2023/2024;4;0.0
https://www.vivoscuola.it/content/view/full/170209;2023/2024;5;0.0
https://www.vivoscuola.it/content/view/full/170209;2024/2025;1;0.0
https://www.vivoscuola.it/content/view/full/170209;2024/2025;2;0.0
https://www.vivoscuola.it/content/view/full/170209;2024/2025;3;0.0
https://www.vivoscuola.it/content/view/full/170209;2024/2025;4;0.0
https://www.vivoscuola.it/content/view/full/170209;2024/2025;5;91.30434782608695
https://www.vivoscuola.it/content/view/full/92004;2022/2023;1;71.42857142857143
https://www.vivoscuola.it/content/view/full/92004;2022/2023;2;80.95238095238095
https://www.vivoscuola.it/content/view/full/92004;2022/2023;3;0.0
https://www.vivoscuola.it/content/view/full/92004;2022/2023;4;94.11764705882352
https://www.vivoscuola.it/content/view/full/92004;2023/2024;1;66.66666666666666
https://www.vivoscuola.it/content/view/full/92004;2023/2024;2;75.0
https://www.vivoscuola.it/content/view/full/92004;2023/2024;3;62.5
https://www.vivoscuola.it/content/view/full/92004;2023/2024;4;100.0
https://www.vivoscuola.it/content/view/full/92004;2024/2025;1;70.0
https://www.vivoscuola.it/content/view/full/92004;2024/2025;2;80.76923076923077
https://www.vivoscuola.it/content/view/full/92004;2024/2025;3;90.0
https://www.vivoscuola.it/content/view/full/92004;2024/2025;4;92.3076923076923
https://www.vivoscuola.it/content/view/full/29271;2022/2023;1;82.6923076923077
https://www.vivoscuola.it/content/view/full/29271;2022/2023;2;90.9090909090909
https://www.vivoscuola.it/content/view/full/29271;2022/2023;3;87.73584905660378
https://www.vivoscuola.it/content/view/full/29271;2022/2023;4;96.29629629629629
https://www.vivoscuola.it/content/view/full/29271;2023/2024;1;80.55555555555556
https://www.vivoscuola.it/content/view/full/29271;2023/2024;2;87.75510204081633
https://www.vivoscuola.it/content/view/full/29271;2023/2024;3;91.17647058823529
https://www.vivoscuola.it/content/view/full/29271;2023/2024;4;94.73684210526315
https://www.vivoscuola.it/content/view/full/29271;2024/2025;1;75.59055118110236
https://www.vivoscuola.it/content/view/full/29271;2024/2025;2;81.0
https://www.vivoscuola.it/content/view/full/29271;2024/2025;3;95.74468085106383
https://www.vivoscuola.it/content/view/full/29271;2024/2025;4;90.9090909090909
https://www.vivoscuola.it/content/view/full/29862;2022/2023;1;68.65671641791045
https://www.vivoscuola.it/content/view/full/29862;2022/2023;2;70.1492537313433
https://www.vivoscuola.it/content/view/full/29862;2022/2023;3;77.33333333333333
https://www.vivoscuola.it/content/view/full/29862;2022/2023;4;73.07692307692307
https://www.vivoscuola.it/content/view/full/29862;2023/2024;1;70.58823529411765
https://www.vivoscuola.it/content/view/full/29862;2023/2024;2;80.35714285714286
https://www.vivoscuola.it/content/view/full/29862;2023/2024;3;85.18518518518519
https://www.vivoscuola.it/content/view/full/29862;2023/2024;4;86.20689655172413
https://www.vivoscuola.it/content/view/full/29862;2024/2025;1;65.57377049180327
https://www.vivoscuola.it/content/view/full/29862;2024/2025;2;75.0
https://www.vivoscuola.it/content/view/full/29862;2024/2025;3;90.0
https://www.vivoscuola.it/content/view/full/29862;2024/2025;4;93.75
https://www.vivoscuola.it/content/view/full/29879;2022/2023;1;100.0
https://www.vivoscuola.it/content/view/full/29879;2022/2023;2;99.03846153846155
https://www.vivoscuola.it/content/view/full/29879;2022/2023;3;98.33333333333333
https://www.vivoscuola.it/content/view/full/29879;2022/2023;4;97.59036144578313
https://www.vivoscuola.it/content/view/full/29879;2022/2023;5;100.0
https://www.vivoscuola.it/content/view/full/29879;2023/2024;1;98.79518072289156
https://www.vivoscuola.it/content/view/full/29879;2023/2024;2;98.50746268656717
https://www.vivoscuola.it/content/view/full/29879;2023/2024;3;97.0
https://www.vivoscuola.it/content/view/full/29879;2023/2024;4;100.0
https://www.vivoscuola.it/content/view/full/29879;2023/2024;5;98.76543209876543
https://www.vivoscuola.it/content/view/full/29879;2024/2025;1;97.33333333333334
https://www.vivoscuola.it/content/view/full/29879;2024/2025;2;98.63013698630137
https://www.vivoscuola.it/content/view/full/29879;2024/2025;3;96.875
https://www.vivoscuola.it/content/view/full/29879;2024/2025;4;98.95833333333334
https://www.vivoscuola.it/content/view/full/29879;2024/2025;5;100.0
https://www.vivoscuola.it/content/view/full/170200;2022/2023;1;0.0
https://www.vivoscuola.it/content/view/full/170200;2022/2023;2;0.0
https://www.vivoscuola.it/content/view/full/170200;2022/2023;3;0.0
https://www.vivoscuola.it/content/view/full/170200;2022/2023;4;0.0
https://www.vivoscuola.it/content/view/full/170200;2022/2023;5;0.0
https://www.vivoscuola.it/content/view/full/170200;2023/2024;1;0.0
https://www.vivoscuola.it/content/view/full/170200;2023/2024;2;0.0
https://www.vivoscuola.it/content/view/full/170200;2023/2024;3;0.0
https://www.vivoscuola.it/content/view/full/170200;2023/2024;4;0.0
https://www.vivoscuola.it/content/view/full/170200;2023/2024;5;0.0
https://www.vivoscuola.it/content/view/full/170200;2024/2025;1;0.0
https://www.vivoscuola.it/content/view/full/170200;2024/2025;2;0.0
https://www.vivoscuola.it/content/view/full/170200;2024/2025;3;0.0
https://www.vivoscuola.it/content/view/full/170200;2024/2025;4;0.0
https://www.vivoscuola.it/content/view/full/170200;2024/2025;5;88.57142857142857
https://www.vivoscuola.it/content/view/full/29878;2022/2023;1;93.87755102040816
https://www.vivoscuola.it/content/view/full/29878;2022/2023;2;95.65217391304348
https://www.vivoscuola.it/content/view/full/29878;2022/2023;3;94.28571428571428
https://www.vivoscuola.it/content/view/full/29878;2022/2023;4;98.11320754716981
https://www.vivoscuola.it/content/view/full/29878;2022/2023;5;100.0
https://www.vivoscuola.it/content/view/full/29878;2023/2024;1;88.37209302325581
https://www.vivoscuola.it/content/view/full/29878;2023/2024;2;100.0
https://www.vivoscuola.it/content/view/full/29878;2023/2024;3;95.55555555555556
https://www.vivoscuola.it/content/view/full/29878;2023/2024;4;100.0
https://www.vivoscuola.it/content/view/full/29878;2023/2024;5;100.0
https://www.vivoscuola.it/content/view/full/29878;2024/2025;1;97.82608695652173
https://www.vivoscuola.it/content/view/full/29878;2024/2025;2;97.36842105263158
https://www.vivoscuola.it/content/view/full/29878;2024/2025;3;92.85714285714286
https://www.vivoscuola.it/content/view/full/29878;2024/2025;4;95.34883720930233
https://www.vivoscuola.it/content/view/full/29878;2024/2025;5;100.0
https://www.vivoscuola.it/content/view/full/29877;2022/2023;1;100.0
https://www.vivoscuola.it/content/view/full/29877;2022/2023;2;100.0
https://www.vivoscuola.it/content/view/full/29877;2022/2023;3;90.9090909090909
https://www.vivoscuola.it/content/view/full/29877;2022/2023;4;100.0
https://www.vivoscuola.it/content/view/full/29877;2022/2023;5;100.0
https://www.vivoscuola.it/content/view/full/29877;2023/2024;1;100.0
https://www.vivoscuola.it/content/view/full/29877;2023/2024;2;94.44444444444444
https://www.vivoscuola.it/content/view/full/29877;2023/2024;3;90.9090909090909
https://www.vivoscuola.it/content/view/full/29877;2023/2024;4;100.0
https://www.vivoscuola.it/content/view/full/29877;2023/2024;5;100.0
https://www.vivoscuola.it/content/view/full/29877;2024/2025;1;84.61538461538461
https://www.vivoscuola.it/content/view/full/29877;2024/2025;2;100.0
https://www.vivoscuola.it/content/view/full/29877;2024/2025;3;100.0
https://www.vivoscuola.it/content/view/full/29877;2024/2025;4;100.0
https://www.vivoscuola.it/content/view/full/29877;2024/2025;5;100.0
https://www.vivoscuola.it/content/view/full/29880;2022/2023;1;96.7741935483871
https://www.vivoscuola.it/content/view/full/29880;2022/2023;2;91.66666666666666
https://www.vivoscuola.it/content/view/full/29880;2022/2023;3;93.65079365079364
https://www.vivoscuola.it/content/view/full/29880;2022/2023;4;97.95918367346938
https://www.vivoscuola.it/content/view/full/29880;2022/2023;5;100.0
https://www.vivoscuola.it/content/view/full/29880;2023/2024;1;95.65217391304348
https://www.vivoscuola.it/content/view/full/29880;2023/2024;2;98.21428571428571
https://www.vivoscuola.it/content/view/full/29880;2023/2024;3;94.11764705882352
https://www.vivoscuola.it/content/view/full/29880;2023/2024;4;98.30508474576271
https://www.vivoscuola.it/content/view/full/29880;2023/2024;5;100.0
https://www.vivoscuola.it/content/view/full/29880;2024/2025;1;88.46153846153845
https://www.vivoscuola.it/content/view/full/29880;2024/2025;2;95.3125
https://www.vivoscuola.it/content/view/full/29880;2024/2025;3;100.0
https://www.vivoscuola.it/content/view/full/29880;2024/2025;4;95.91836734693877
https://www.vivoscuola.it/content/view/full/29880;2024/2025;5;100.0
https://www.vivoscuola.it/content/view/full/29531;2022/2023;1;60.0
https://www.vivoscuola.it/content/view/full/29531;2022/2023;2;76.47058823529412
https://www.vivoscuola.it/content/view/full/29531;2022/2023;3;88.88888888888889
https://www.vivoscuola.it/content/view/full/29531;2022/2023;4;95.83333333333334
https://www.vivoscuola.it/content/view/full/29531;2022/2023;5;100.0
https://www.vivoscuola.it/content/view/full/29531;2023/2024;1;73.07692307692307
https://www.vivoscuola.it/content/view/full/29531;2023/2024;2;94.11764705882352
https://www.vivoscuola.it/content/view/full/29531;2023/2024;3;87.5
https://www.vivoscuola.it/content/view/full/29531;2023/2024;4;94.11764705882352
https://www.vivoscuola.it/content/view/full/29531;2023/2024;5;100.0
https://www.vivoscuola.it/content/view/full/29531;2024/2025;1;88.57142857142857
https://www.vivoscuola.it/content/view/full/29531;2024/2025;2;86.36363636363636
https://www.vivoscuola.it/content/view/full/29531;2024/2025;3;100.0
https://www.vivoscuola.it/content/view/full/29531;2024/2025;4;92.85714285714286
https://www.vivoscuola.it/content/view/full/29531;2024/2025;5;100.0
https://www.vivoscuola.it/content/view/full/29532;2022/2023;1;54.54545454545454
https://www.vivoscuola.it/content/view/full/29532;2022/2023;2;63.63636363636363
https://www.vivoscuola.it/content/view/full/29532;2022/2023;3;100.0
https://www.vivoscuola.it/content/view/full/29532;2022/2023;4;91.66666666666666
https://www.vivoscuola.it/content/view/full/29532;2022/2023;5;84.61538461538461
https://www.vivoscuola.it/content/view/full/29532;2023/2024;1;90.0
https://www.vivoscuola.it/content/view/full/29532;2023/2024;2;80.0
https://www.vivoscuola.it/content/view/full/29532;2023/2024;3;100.0
https://www.vivoscuola.it/content/view/full/29532;2023/2024;4;100.0
https://www.vivoscuola.it/content/view/full/29532;2023/2024;5;100.0
https://www.vivoscuola.it/content/view/full/29532;2024/2025;1;88.23529411764706
https://www.vivoscuola.it/content/view/full/29532;2024/2025;2;100.0
https://www.vivoscuola.it/content/view/full/29532;2024/2025;3;85.71428571428571
https://www.vivoscuola.it/content/view/full/29532;2024/2025;4;100.0
https://www.vivoscuola.it/content/view/full/29532;2024/2025;5;95.83333333333334
https://www.vivoscuola.it/content/view/full/29534;2022/2023;1;100.0
https://www.vivoscuola.it/content/view/full/29534;2022/2023;2;100.0
https://www.vivoscuola.it/content/view/full/29534;2022/2023;3;100.0
https://www.vivoscuola.it/content/view/full/29534;2022/2023;4;75.0
https://www.vivoscuola.it/content/view/full/29534;2022/2023;5;100.0
https://www.vivoscuola.it/content/view/full/29534;2023/2024;1;92.3076923076923
https://www.vivoscuola.it/content/view/full/29534;2023/2024;2;80.0
https://www.vivoscuola.it/content/view/full/29534;2023/2024;3;100.0
https://www.vivoscuola.it/content/view/full/29534;2023/2024;4;100.0
https://www.vivoscuola.it/content/view/full/29534;2023/2024;5;92.85714285714286
https://www.vivoscuola.it/content/view/full/29534;2024/2025;1;95.65217391304348
https://www.vivoscuola.it/content/view/full/29534;2024/2025;2;100.0
https://www.vivoscuola.it/content/view/full/29534;2024/2025;3;90.9090909090909
https://www.vivoscuola.it/content/view/full/29534;2024/2025;4;94.44444444444444
https://www.vivoscuola.it/content/view/full/29534;2024/2025;5;100.0
https://www.vivoscuola.it/content/view/full/29535;2022/2023;1;100.0
https://www.vivoscuola.it/content/view/full/29535;2022/2023;2;100.0
https://www.vivoscuola.it/content/view/full/29535;2022/2023;3;100.0
https://www.vivoscuola.it/content/view/full/29535;2022/2023;4;100.0
https://www.vivoscuola.it/content/view/full/29535;2023/2024;1;100.0
https://www.vivoscuola.it/content/view/full/29535;2023/2024;2;100.0
https://www.vivoscuola.it/content/view/full/29535;2023/2024;3;100.0
https://www.vivoscuola.it/content/view/full/29535;2023/2024;4;100.0
https://www.vivoscuola.it/content/view/full/29535;2024/2025;1;100.0
https://www.vivoscuola.it/content/view/full/29535;2024/2025;2;100.0
https://www.vivoscuola.it/content/view/full/29535;2024/2025;3;100.0
https://www.vivoscuola.it/content/view/full/29535;2024/2025;4;100.0
https://www.vivoscuola.it/content/view/full/29536;2022/2023;1;100.0
https://www.vivoscuola.it/content/view/full/29536;2022/2023;2;100.0
https://www.vivoscuola.it/content/view/full/29536;2022/2023;3;100.0
https://www.vivoscuola.it/content/view/full/29536;2022/2023;4;100.0
https://www.vivoscuola.it/content/view/full/29536;2022/2023;5;100.0
https://www.vivoscuola.it/content/view/full/29536;2023/2024;1;100.0
https://www.vivoscuola.it/content/view/full/29536;2023/2024;2;100.0
https://www.vivoscuola.it/content/view/full/29536;2023/2024;3;100.0
https://www.vivoscuola.it/content/view/full/29536;2023/2024;4;100.0
https://www.vivoscuola.it/content/view/full/29536;2023/2024;5;100.0
https://www.vivoscuola.it/content/view/full/29536;2024/2025;1;100.0
https://www.vivoscuola.it/content/view/full/29536;2024/2025;2;100.0
https://www.vivoscuola.it/content/view/full/29536;2024/2025;3;100.0
https://www.vivoscuola.it/content/view/full/29536;2024/2025;4;100.0
https://www.vivoscuola.it/content/view/full/29536;2024/2025;5;100.0
https://www.vivoscuola.it/content/view/full/29537;2022/2023;1;90.0
https://www.vivoscuola.it/content/view/full/29537;2022/2023;2;100.0
https://www.vivoscuola.it/content/view/full/29537;2022/2023;3;100.0
https://www.vivoscuola.it/content/view/full/29537;2022/2023;4;100.0
https://www.vivoscuola.it/content/view/full/29537;2022/2023;5;100.0
https://www.vivoscuola.it/content/view/full/29537;2023/2024;1;100.0
https://www.vivoscuola.it/content/view/full/29537;2023/2024;2;100.0
https://www.vivoscuola.it/content/view/full/29537;2023/2024;3;100.0
https://www.vivoscuola.it/content/view/full/29537;2023/2024;4;100.0
https://www.vivoscuola.it/content/view/full/29537;2023/2024;5;100.0
https://www.vivoscuola.it/content/view/full/29537;2024/2025;1;100.0
https://www.vivoscuola.it/content/view/full/29537;2024/2025;2;100.0
https://www.vivoscuola.it/content/view/full/29537;2024/2025;3;100.0
https://www.vivoscuola.it/content/view/full/29537;2024/2025;4;100.0
https://www.vivoscuola.it/content/view/full/29537;2024/2025;5;100.0
https://www.vivoscuola.it/content/view/full/29539;2022/2023;1;100.0
https://www.vivoscuola.it/content/view/full/29539;2022/2023;2;93.75
https://www.vivoscuola.it/content/view/full/29539;2022/2023;3;100.0
https://www.vivoscuola.it/content/view/full/29539;2023/2024;1;100.0
https://www.vivoscuola.it/content/view/full/29539;2023/2024;2;98.18181818181819
https://www.vivoscuola.it/content/view/full/29539;2023/2024;3;100.0
https://www.vivoscuola.it/content/view/full/29539;2024/2025;1;100.0
https://www.vivoscuola.it/content/view/full/29539;2024/2025;2;100.0
https://www.vivoscuola.it/content/view/full/29539;2024/2025;3;100.0
https://www.vivoscuola.it/content/view/full/29538;2022/2023;1;100.0
https://www.vivoscuola.it/content/view/full/29538;2022/2023;2;100.0
https://www.vivoscuola.it/content/view/full/29538;2022/2023;3;100.0
https://www.vivoscuola.it/content/view/full/29538;2022/2023;4;100.0
https://www.vivoscuola.it/content/view/full/29538;2022/2023;5;100.0
https://www.vivoscuola.it/content/view/full/29538;2023/2024;1;100.0
https://www.vivoscuola.it/content/view/full/29538;2023/2024;2;100.0
https://www.vivoscuola.it/content/view/full/29538;2023/2024;3;100.0
https://www.vivoscuola.it/content/view/full/29538;2023/2024;4;100.0
https://www.vivoscuola.it/content/view/full/29538;2023/2024;5;100.0
https://www.vivoscuola.it/content/view/full/29538;2024/2025;1;100.0
https://www.vivoscuola.it/content/view/full/29538;2024/2025;2;100.0
https://www.vivoscuola.it/content/view/full/29538;2024/2025;3;100.0
https://www.vivoscuola.it/content/view/full/29538;2024/2025;4;100.0
https://www.vivoscuola.it/content/view/full/29538;2024/2025;5;100.0
https://www.vivoscuola.it/content/view/full/29540;2022/2023;1;100.0
https://www.vivoscuola.it/content/view/full/29540;2022/2023;2;95.23809523809523
https://www.vivoscuola.it/content/view/full/29540;2022/2023;3;100.0
https://www.vivoscuola.it/content/view/full/29540;2023/2024;1;100.0
https://www.vivoscuola.it/content/view/full/29540;2023/2024;2;100.0
https://www.vivoscuola.it/content/view/full/29540;2023/2024;3;100.0
https://www.vivoscuola.it/content/view/full/29540;2024/2025;1;100.0
https://www.vivoscuola.it/content/view/full/29540;2024/2025;2;100.0
https://www.vivoscuola.it/content/view/full/29540;2024/2025;3;100.0
https://www.vivoscuola.it/content/view/full/29243;2022/2023;1;97.2972972972973
https://www.vivoscuola.it/content/view/full/29243;2022/2023;2;95.83333333333334
https://www.vivoscuola.it/content/view/full/29243;2022/2023;3;100.0
https://www.vivoscuola.it/content/view/full/29243;2023/2024;1;100.0
https://www.vivoscuola.it/content/view/full/29243;2023/2024;2;100.0
https://www.vivoscuola.it/content/view/full/29243;2023/2024;3;100.0
https://www.vivoscuola.it/content/view/full/29243;2024/2025;1;100.0
https://www.vivoscuola.it/content/view/full/29243;2024/2025;2;100.0
https://www.vivoscuola.it/content/view/full/29243;2024/2025;3;100.0
https://www.vivoscuola.it/content/view/full/29562;2022/2023;1;100.0
https://www.vivoscuola.it/content/view/full/29562;2022/2023;2;100.0
https://www.vivoscuola.it/content/view/full/29562;2022/2023;3;100.0
https://www.vivoscuola.it/content/view/full/29562;2022/2023;4;100.0
https://www.vivoscuola.it/content/view/full/29562;2022/2023;5;100.0
https://www.vivoscuola.it/content/view/full/29562;2023/2024;1;100.0
https://www.vivoscuola.it/content/view/full/29562;2023/2024;2;100.0
https://www.vivoscuola.it/content/view/full/29562;2023/2024;3;100.0
https://www.vivoscuola.it/content/view/full/29562;2023/2024;4;100.0
https://www.vivoscuola.it/content/view/full/29562;2023/2024;5;100.0
https://www.vivoscuola.it/content/view/full/29562;2024/2025;1;100.0
https://www.vivoscuola.it/content/view/full/29562;2024/2025;2;100.0
https://www.vivoscuola.it/content/view/full/29562;2024/2025;3;100.0
https://www.vivoscuola.it/content/view/full/29562;2024/2025;4;100.0
https://www.vivoscuola.it/content/view/full/29562;2024/2025;5;100.0
https://www.vivoscuola.it/content/view/full/29242;2022/2023;1;100.0
https://www.vivoscuola.it/content/view/full/29242;2022/2023;2;100.0
https://www.vivoscuola.it/content/view/full/29242;2022/2023;3;100.0
https://www.vivoscuola.it/content/view/full/29242;2022/2023;4;100.0
https://www.vivoscuola.it/content/view/full/29242;2022/2023;5;100.0
https://www.vivoscuola.it/content/view/full/29242;2023/2024;1;100.0
https://www.vivoscuola.it/content/view/full/29242;2023/2024;2;100.0
https://www.vivoscuola.it/content/view/full/29242;2023/2024;3;100.0
https://www.vivoscuola.it/content/view/full/29242;2023/2024;4;100.0
https://www.vivoscuola.it/content/view/full/29242;2023/2024;5;100.0
https://www.vivoscuola.it/content/view/full/29242;2024/2025;1;100.0
https://www.vivoscuola.it/content/view/full/29242;2024/2025;2;100.0
https://www.vivoscuola.it/content/view/full/29242;2024/2025;3;100.0
https://www.vivoscuola.it/content/view/full/29242;2024/2025;4;100.0
https://www.vivoscuola.it/content/view/full/29242;2024/2025;5;100.0
https://www.vivoscuola.it/content/view/full/29563;2022/2023;1;100.0
https://www.vivoscuola.it/content/view/full/29563;2022/2023;2;100.0
https://www.vivoscuola.it/content/view/full/29563;2022/2023;3;100.0
https://www.vivoscuola.it/content/view/full/29563;2022/2023;4;100.0
https://www.vivoscuola.it/content/view/full/29563;2022/2023;5;100.0
https://www.vivoscuola.it/content/view/full/29563;2023/2024;1;100.0
https://www.vivoscuola.it/content/view/full/29563;2023/2024;2;94.44444444444444
https://www.vivoscuola.it/content/view/full/29563;2023/2024;3;100.0
https://www.vivoscuola.it/content/view/full/29563;2023/2024;4;100.0
https://www.vivoscuola.it/content/view/full/29563;2023/2024;5;100.0
https://www.vivoscuola.it/content/view/full/29563;2024/2025;1;100.0
https://www.vivoscuola.it/content/view/full/29563;2024/2025;2;100.0
https://www.vivoscuola.it/content/view/full/29563;2024/2025;3;100.0
https://www.vivoscuola.it/content/view/full/29563;2024/2025;4;100.0
https://www.vivoscuola.it/content/view/full/29563;2024/2025;5;100.0
https://www.vivoscuola.it/content/view/full/29565;2022/2023;1;100.0
https://www.vivoscuola.it/content/view/full/29565;2022/2023;2;100.0
https://www.vivoscuola.it/content/view/full/29565;2022/2023;3;100.0
https://www.vivoscuola.it/content/view/full/29565;2022/2023;4;100.0
https://www.vivoscuola.it/content/view/full/29565;2022/2023;5;100.0
https://www.vivoscuola.it/content/view/full/29565;2023/2024;1;100.0
https://www.vivoscuola.it/content/view/full/29565;2023/2024;2;100.0
https://www.vivoscuola.it/content/view/full/29565;2023/2024;3;100.0
https://www.vivoscuola.it/content/view/full/29565;2023/2024;4;100.0
https://www.vivoscuola.it/content/view/full/29565;2023/2024;5;100.0
https://www.vivoscuola.it/content/view/full/29565;2024/2025;1;100.0
https://www.vivoscuola.it/content/view/full/29565;2024/2025;2;100.0
https://www.vivoscuola.it/content/view/full/29565;2024/2025;3;100.0
https://www.vivoscuola.it/content/view/full/29565;2024/2025;4;100.0
https://www.vivoscuola.it/content/view/full/29565;2024/2025;5;100.0
https://www.vivoscuola.it/content/view/full/29564;2022/2023;1;100.0
https://www.vivoscuola.it/content/view/full/29564;2022/2023;2;100.0
https://www.vivoscuola.it/content/view/full/29564;2022/2023;3;100.0
https://www.vivoscuola.it/content/view/full/29564;2022/2023;4;100.0
https://www.vivoscuola.it/content/view/full/29564;2022/2023;5;100.0
https://www.vivoscuola.it/content/view/full/29564;2023/2024;1;100.0
https://www.vivoscuola.it/content/view/full/29564;2023/2024;2;100.0
https://www.vivoscuola.it/content/view/full/29564;2023/2024;3;100.0
https://www.vivoscuola.it/content/view/full/29564;2023/2024;4;100.0
https://www.vivoscuola.it/content/view/full/29564;2023/2024;5;100.0
https://www.vivoscuola.it/content/view/full/29564;2024/2025;1;100.0
https://www.vivoscuola.it/content/view/full/29564;2024/2025;2;100.0
https://www.vivoscuola.it/content/view/full/29564;2024/2025;3;100.0
https://www.vivoscuola.it/content/view/full/29564;2024/2025;4;100.0
https://www.vivoscuola.it/content/view/full/29564;2024/2025;5;100.0
https://www.vivoscuola.it/content/view/full/29566;2022/2023;1;100.0
https://www.vivoscuola.it/content/view/full/29566;2022/2023;2;100.0
https://www.vivoscuola.it/content/view/full/29566;2022/2023;3;100.0
https://www.vivoscuola.it/content/view/full/29566;2022/2023;4;100.0
https://www.vivoscuola.it/content/view/full/29566;2022/2023;5;100.0
https://www.vivoscuola.it/content/view/full/29566;2023/2024;1;100.0
https://www.vivoscuola.it/content/view/full/29566;2023/2024;2;100.0
https://www.vivoscuola.it/content/view/full/29566;2023/2024;3;100.0
https://www.vivoscuola.it/content/view/full/29566;2023/2024;4;100.0
https://www.vivoscuola.it/content/view/full/29566;2023/2024;5;100.0
https://www.vivoscuola.it/content/view/full/29566;2024/2025;1;100.0
https://www.vivoscuola.it/content/view/full/29566;2024/2025;2;100.0
https://www.vivoscuola.it/content/view/full/29566;2024/2025;3;100.0
https://www.vivoscuola.it/content/view/full/29566;2024/2025;4;100.0
https://www.vivoscuola.it/content/view/full/29566;2024/2025;5;100.0
https://www.vivoscuola.it/content/view/full/29823;2022/2023;1;95.65217391304348
https://www.vivoscuola.it/content/view/full/29823;2022/2023;2;95.65217391304348
https://www.vivoscuola.it/content/view/full/29823;2022/2023;3;100.0
https://www.vivoscuola.it/content/view/full/29823;2022/2023;4;100.0
https://www.vivoscuola.it/content/view/full/29823;2022/2023;5;100.0
https://www.vivoscuola.it/content/view/full/29823;2023/2024;1;95.65217391304348
https://www.vivoscuola.it/content/view/full/29823;2023/2024;2;95.65217391304348
https://www.vivoscuola.it/content/view/full/29823;2023/2024;3;90.9090909090909
https://www.vivoscuola.it/content/view/full/29823;2023/2024;4;90.0
https://www.vivoscuola.it/content/view/full/29823;2023/2024;5;100.0
https://www.vivoscuola.it/content/view/full/29823;2024/2025;1;91.30434782608695
https://www.vivoscuola.it/content/view/full/29823;2024/2025;2;100.0
https://www.vivoscuola.it/content/view/full/29823;2024/2025;3;100.0
https://www.vivoscuola.it/content/view/full/29823;2024/2025;4;100.0
https://www.vivoscuola.it/content/view/full/29823;2024/2025;5;100.0
https://www.vivoscuola.it/content/view/full/29567;2022/2023;1;100.0
https://www.vivoscuola.it/content/view/full/29567;2022/2023;2;100.0
https://www.vivoscuola.it/content/view/full/29567;2022/2023;3;100.0
https://www.vivoscuola.it/content/view/full/29567;2023/2024;1;97.75280898876404
https://www.vivoscuola.it/content/view/full/29567;2023/2024;2;100.0
https://www.vivoscuola.it/content/view/full/29567;2023/2024;3;100.0
https://www.vivoscuola.it/content/view/full/29567;2024/2025;1;97.46835443037975
https://www.vivoscuola.it/content/view/full/29567;2024/2025;2;100.0
https://www.vivoscuola.it/content/view/full/29567;2024/2025;3;100.0
https://www.vivoscuola.it/content/view/full/170207;2022/2023;1;0.0
https://www.vivoscuola.it/content/view/full/170207;2023/2024;1;0.0
https://www.vivoscuola.it/content/view/full/170207;2024/2025;1;95.0
https://www.vivoscuola.it/content/view/full/29824;2022/2023;1;100.0
https://www.vivoscuola.it/content/view/full/29824;2022/2023;2;100.0
https://www.vivoscuola.it/content/view/full/29824;2022/2023;3;100.0
https://www.vivoscuola.it/content/view/full/29824;2022/2023;4;100.0
https://www.vivoscuola.it/content/view/full/29824;2023/2024;1;94.73684210526315
https://www.vivoscuola.it/content/view/full/29824;2023/2024;2;100.0
https://www.vivoscuola.it/content/view/full/29824;2023/2024;3;100.0
https://www.vivoscuola.it/content/view/full/29824;2023/2024;4;100.0
https://www.vivoscuola.it/content/view/full/29824;2024/2025;1;94.11764705882352
https://www.vivoscuola.it/content/view/full/29824;2024/2025;2;100.0
https://www.vivoscuola.it/content/view/full/29824;2024/2025;3;100.0
https://www.vivoscuola.it/content/view/full/29824;2024/2025;4;100.0
https://www.vivoscuola.it/content/view/full/29825;2022/2023;1;100.0
https://www.vivoscuola.it/content/view/full/29825;2022/2023;2;100.0
https://www.vivoscuola.it/content/view/full/29825;2022/2023;3;100.0
https://www.vivoscuola.it/content/view/full/29825;2022/2023;4;100.0
https://www.vivoscuola.it/content/view/full/29825;2022/2023;5;100.0
https://www.vivoscuola.it/content/view/full/29825;2023/2024;1;100.0
https://www.vivoscuola.it/content/view/full/29825;2023/2024;2;100.0
https://www.vivoscuola.it/content/view/full/29825;2023/2024;3;100.0
https://www.vivoscuola.it/content/view/full/29825;2023/2024;4;100.0
https://www.vivoscuola.it/content/view/full/29825;2023/2024;5;100.0
https://www.vivoscuola.it/content/view/full/29825;2024/2025;1;100.0
https://www.vivoscuola.it/content/view/full/29825;2024/2025;2;100.0
https://www.vivoscuola.it/content/view/full/29825;2024/2025;3;100.0
https://www.vivoscuola.it/content/view/full/29825;2024/2025;4;100.0
https://www.vivoscuola.it/content/view/full/29825;2024/2025;5;100.0
https://www.vivoscuola.it/content/view/full/29826;2022/2023;1;100.0
https://www.vivoscuola.it/content/view/full/29826;2022/2023;2;100.0
https://www.vivoscuola.it/content/view/full/29826;2022/2023;3;100.0
https://www.vivoscuola.it/content/view/full/29826;2023/2024;1;100.0
https://www.vivoscuola.it/content/view/full/29826;2023/2024;2;100.0
https://www.vivoscuola.it/content/view/full/29826;2023/2024;3;98.46153846153847
https://www.vivoscuola.it/content/view/full/29826;2024/2025;1;100.0
https://www.vivoscuola.it/content/view/full/29826;2024/2025;2;100.0
https://www.vivoscuola.it/content/view/full/29826;2024/2025;3;98.30508474576271
https://www.vivoscuola.it/content/view/full/29804;2022/2023;1;0.0
https://www.vivoscuola.it/content/view/full/29804;2022/2023;2;16.666666666666664
https://www.vivoscuola.it/content/view/full/29804;2022/2023;3;0.0
https://www.vivoscuola.it/content/view/full/29804;2022/2023;4;64.70588235294117
https://www.vivoscuola.it/content/view/full/29804;2022/2023;5;71.42857142857143
https://www.vivoscuola.it/content/view/full/29804;2023/2024;1;0.0
https://www.vivoscuola.it/content/view/full/29804;2023/2024;2;25.0
https://www.vivoscuola.it/content/view/full/29804;2023/2024;3;0.0
https://www.vivoscuola.it/content/view/full/29804;2023/2024;4;30.76923076923077
https://www.vivoscuola.it/content/view/full/29804;2023/2024;5;75.0
https://www.vivoscuola.it/content/view/full/29804;2024/2025;1;0.0
https://www.vivoscuola.it/content/view/full/29804;2024/2025;2;50.0
https://www.vivoscuola.it/content/view/full/29804;2024/2025;3;0.0
https://www.vivoscuola.it/content/view/full/29804;2024/2025;4;63.63636363636363
https://www.vivoscuola.it/content/view/full/29804;2024/2025;5;83.33333333333334
https://www.vivoscuola.it/content/view/full/29802;2022/2023;1;0.0
https://www.vivoscuola.it/content/view/full/29802;2022/2023;2;0.0
https://www.vivoscuola.it/content/view/full/29802;2022/2023;3;60.0
https://www.vivoscuola.it/content/view/full/29802;2023/2024;1;0.0
https://www.vivoscuola.it/content/view/full/29802;2023/2024;2;0.0
https://www.vivoscuola.it/content/view/full/29802;2023/2024;3;58.97435897435898
https://www.vivoscuola.it/content/view/full/29802;2024/2025;1;0.0
https://www.vivoscuola.it/content/view/full/29802;2024/2025;2;0.0
https://www.vivoscuola.it/content/view/full/29802;2024/2025;3;68.62745098039215
https://www.vivoscuola.it/content/view/full/29803;2022/2023;1;89.85507246376811
https://www.vivoscuola.it/content/view/full/29803;2022/2023;2;98.4375
https://www.vivoscuola.it/content/view/full/29803;2022/2023;3;87.14285714285714
https://www.vivoscuola.it/content/view/full/29803;2022/2023;4;88.23529411764706
https://www.vivoscuola.it/content/view/full/29803;2022/2023;5;100.0
https://www.vivoscuola.it/content/view/full/29803;2023/2024;1;86.11111111111111
https://www.vivoscuola.it/content/view/full/29803;2023/2024;2;86.20689655172413
https://www.vivoscuola.it/content/view/full/29803;2023/2024;3;95.3125
https://www.vivoscuola.it/content/view/full/29803;2023/2024;4;95.3125
https://www.vivoscuola.it/content/view/full/29803;2023/2024;5;95.55555555555556
https://www.vivoscuola.it/content/view/full/29803;2024/2025;1;78.75
https://www.vivoscuola.it/content/view/full/29803;2024/2025;2;89.23076923076924
https://www.vivoscuola.it/content/view/full/29803;2024/2025;3;95.55555555555556
https://www.vivoscuola.it/content/view/full/29803;2024/2025;4;100.0
https://www.vivoscuola.it/content/view/full/29803;2024/2025;5;100.0
https://www.vivoscuola.it/content/view/full/29807;2022/2023;1;95.74468085106383
https://www.vivoscuola.it/content/view/full/29807;2022/2023;2;100.0
https://www.vivoscuola.it/content/view/full/29807;2022/2023;3;100.0
https://www.vivoscuola.it/content/view/full/29807;2022/2023;4;93.93939393939394
https://www.vivoscuola.it/content/view/full/29807;2022/2023;5;89.74358974358975
https://www.vivoscuola.it/content/view/full/29807;2023/2024;1;97.36842105263158
https://www.vivoscuola.it/content/view/full/29807;2023/2024;2;97.2972972972973
https://www.vivoscuola.it/content/view/full/29807;2023/2024;3;96.42857142857143
https://www.vivoscuola.it/content/view/full/29807;2023/2024;4;97.61904761904762
https://www.vivoscuola.it/content/view/full/29807;2023/2024;5;90.32258064516128
https://www.vivoscuola.it/content/view/full/29807;2024/2025;1;95.45454545454545
https://www.vivoscuola.it/content/view/full/29807;2024/2025;2;94.11764705882352
https://www.vivoscuola.it/content/view/full/29807;2024/2025;3;100.0
https://www.vivoscuola.it/content/view/full/29807;2024/2025;4;100.0
https://www.vivoscuola.it/content/view/full/29807;2024/2025;5;100.0
https://www.vivoscuola.it/content/view/full/29805;2022/2023;1;75.0
https://www.vivoscuola.it/content/view/full/29805;2022/2023;2;84.375
https://www.vivoscuola.it/content/view/full/29805;2022/2023;3;88.88888888888889
https://www.vivoscuola.it/content/view/full/29805;2022/2023;4;100.0
https://www.vivoscuola.it/content/view/full/29805;2022/2023;5;100.0
https://www.vivoscuola.it/content/view/full/29805;2023/2024;1;72.72727272727273
https://www.vivoscuola.it/content/view/full/29805;2023/2024;2;80.0
https://www.vivoscuola.it/content/view/full/29805;2023/2024;3;75.86206896551724
https://www.vivoscuola.it/content/view/full/29805;2023/2024;4;77.41935483870968
https://www.vivoscuola.it/content/view/full/29805;2023/2024;5;100.0
https://www.vivoscuola.it/content/view/full/29805;2024/2025;1;77.77777777777779
https://www.vivoscuola.it/content/view/full/29805;2024/2025;2;96.66666666666667
https://www.vivoscuola.it/content/view/full/29805;2024/2025;3;95.83333333333334
https://www.vivoscuola.it/content/view/full/29805;2024/2025;4;100.0
https://www.vivoscuola.it/content/view/full/29805;2024/2025;5;90.9090909090909
https://www.vivoscuola.it/content/view/full/29806;2022/2023;1;86.66666666666667
https://www.vivoscuola.it/content/view/full/29806;2022/2023;2;88.57142857142857
https://www.vivoscuola.it/content/view/full/29806;2022/2023;3;91.8918918918919
https://www.vivoscuola.it/content/view/full/29806;2022/2023;4;95.0
https://www.vivoscuola.it/content/view/full/29806;2022/2023;5;95.83333333333334
https://www.vivoscuola.it/content/view/full/29806;2023/2024;1;79.41176470588235
https://www.vivoscuola.it/content/view/full/29806;2023/2024;2;100.0
https://www.vivoscuola.it/content/view/full/29806;2023/2024;3;89.47368421052632
https://www.vivoscuola.it/content/view/full/29806;2023/2024;4;94.5945945945946
https://www.vivoscuola.it/content/view/full/29806;2023/2024;5;97.43589743589743
https://www.vivoscuola.it/content/view/full/29806;2024/2025;1;89.36170212765957
https://www.vivoscuola.it/content/view/full/29806;2024/2025;2;100.0
https://www.vivoscuola.it/content/view/full/29806;2024/2025;3;95.83333333333334
https://www.vivoscuola.it/content/view/full/29806;2024/2025;4;100.0
https://www.vivoscuola.it/content/view/full/29806;2024/2025;5;100.0
https://www.vivoscuola.it/content/view/full/29663;2022/2023;1;100.0
https://www.vivoscuola.it/content/view/full/29663;2022/2023;2;100.0
https://www.vivoscuola.it/content/view/full/29663;2022/2023;3;100.0
https://www.vivoscuola.it/content/view/full/29663;2022/2023;4;100.0
https://www.vivoscuola.it/content/view/full/29663;2022/2023;5;100.0
https://www.vivoscuola.it/content/view/full/29663;2023/2024;1;100.0
https://www.vivoscuola.it/content/view/full/29663;2023/2024;2;100.0
https://www.vivoscuola.it/content/view/full/29663;2023/2024;3;100.0
https://www.vivoscuola.it/content/view/full/29663;2023/2024;4;100.0
https://www.vivoscuola.it/content/view/full/29663;2023/2024;5;100.0
https://www.vivoscuola.it/content/view/full/29663;2024/2025;1;100.0
https://www.vivoscuola.it/content/view/full/29663;2024/2025;2;100.0
https://www.vivoscuola.it/content/view/full/29663;2024/2025;3;100.0
https://www.vivoscuola.it/content/view/full/29663;2024/2025;4;100.0
https://www.vivoscuola.it/content/view/full/29663;2024/2025;5;100.0
https://www.vivoscuola.it/content/view/full/29808;2022/2023;1;100.0
https://www.vivoscuola.it/content/view/full/29808;2022/2023;2;100.0
https://www.vivoscuola.it/content/view/full/29808;2022/2023;3;100.0
https://www.vivoscuola.it/content/view/full/29808;2022/2023;4;100.0
https://www.vivoscuola.it/content/view/full/29808;2022/2023;5;94.44444444444444
https://www.vivoscuola.it/content/view/full/29808;2023/2024;1;93.10344827586206
https://www.vivoscuola.it/content/view/full/29808;2023/2024;2;97.91666666666666
https://www.vivoscuola.it/content/view/full/29808;2023/2024;3;94.73684210526315
https://www.vivoscuola.it/content/view/full/29808;2023/2024;4;100.0
https://www.vivoscuola.it/content/view/full/29808;2023/2024;5;100.0
https://www.vivoscuola.it/content/view/full/29808;2024/2025;1;93.10344827586206
https://www.vivoscuola.it/content/view/full/29808;2024/2025;2;88.88888888888889
https://www.vivoscuola.it/content/view/full/29808;2024/2025;3;100.0
https://www.vivoscuola.it/content/view/full/29808;2024/2025;4;96.96969696969697
https://www.vivoscuola.it/content/view/full/29808;2024/2025;5;100.0
https://www.vivoscuola.it/content/view/full/29662;2022/2023;1;100.0
https://www.vivoscuola.it/content/view/full/29662;2022/2023;2;100.0
https://www.vivoscuola.it/content/view/full/29662;2022/2023;3;100.0
https://www.vivoscuola.it/content/view/full/29662;2022/2023;4;100.0
https://www.vivoscuola.it/content/view/full/29662;2022/2023;5;100.0
https://www.vivoscuola.it/content/view/full/29662;2023/2024;1;100.0
https://www.vivoscuola.it/content/view/full/29662;2023/2024;2;100.0
https://www.vivoscuola.it/content/view/full/29662;2023/2024;3;100.0
https://www.vivoscuola.it/content/view/full/29662;2023/2024;4;100.0
https://www.vivoscuola.it/content/view/full/29662;2023/2024;5;100.0
https://www.vivoscuola.it/content/view/full/29662;2024/2025;1;100.0
https://www.vivoscuola.it/content/view/full/29662;2024/2025;2;100.0
https://www.vivoscuola.it/content/view/full/29662;2024/2025;3;100.0
https://www.vivoscuola.it/content/view/full/29662;2024/2025;4;100.0
https://www.vivoscuola.it/content/view/full/29662;2024/2025;5;100.0
https://www.vivoscuola.it/content/view/full/29666;2022/2023;1;98.0392156862745
https://www.vivoscuola.it/content/view/full/29666;2022/2023;2;100.0
https://www.vivoscuola.it/content/view/full/29666;2022/2023;3;100.0
https://www.vivoscuola.it/content/view/full/29666;2023/2024;1;100.0
https://www.vivoscuola.it/content/view/full/29666;2023/2024;2;95.91836734693877
https://www.vivoscuola.it/content/view/full/29666;2023/2024;3;100.0
https://www.vivoscuola.it/content/view/full/29666;2024/2025;1;100.0
https://www.vivoscuola.it/content/view/full/29666;2024/2025;2;100.0
https://www.vivoscuola.it/content/view/full/29666;2024/2025;3;100.0
https://www.vivoscuola.it/content/view/full/29664;2022/2023;1;100.0
https://www.vivoscuola.it/content/view/full/29664;2022/2023;2;100.0
https://www.vivoscuola.it/content/view/full/29664;2022/2023;3;100.0
https://www.vivoscuola.it/content/view/full/29664;2022/2023;4;100.0
https://www.vivoscuola.it/content/view/full/29664;2022/2023;5;100.0
https://www.vivoscuola.it/content/view/full/29664;2023/2024;1;100.0
https://www.vivoscuola.it/content/view/full/29664;2023/2024;2;100.0
https://www.vivoscuola.it/content/view/full/29664;2023/2024;3;100.0
https://www.vivoscuola.it/content/view/full/29664;2023/2024;4;100.0
https://www.vivoscuola.it/content/view/full/29664;2023/2024;5;100.0
https://www.vivoscuola.it/content/view/full/29664;2024/2025;1;100.0
https://www.vivoscuola.it/content/view/full/29664;2024/2025;2;100.0
https://www.vivoscuola.it/content/view/full/29664;2024/2025;3;100.0
https://www.vivoscuola.it/content/view/full/29664;2024/2025;4;100.0
https://www.vivoscuola.it/content/view/full/29664;2024/2025;5;100.0
https://www.vivoscuola.it/content/view/full/29865;2022/2023;1;84.0
https://www.vivoscuola.it/content/view/full/29865;2022/2023;2;76.66666666666667
https://www.vivoscuola.it/content/view/full/29865;2022/2023;3;81.57894736842105
https://www.vivoscuola.it/content/view/full/29865;2022/2023;4;100.0
https://www.vivoscuola.it/content/view/full/29865;2023/2024;1;80.0
https://www.vivoscuola.it/content/view/full/29865;2023/2024;2;91.66666666666666
https://www.vivoscuola.it/content/view/full/29865;2023/2024;3;88.88888888888889
https://www.vivoscuola.it/content/view/full/29865;2023/2024;4;94.73684210526315
https://www.vivoscuola.it/content/view/full/29865;2024/2025;1;83.33333333333334
https://www.vivoscuola.it/content/view/full/29865;2024/2025;2;79.16666666666666
https://www.vivoscuola.it/content/view/full/29865;2024/2025;3;87.5
https://www.vivoscuola.it/content/view/full/29865;2024/2025;4;76.92307692307693
https://www.vivoscuola.it/content/view/full/170210;2022/2023;1;0.0
https://www.vivoscuola.it/content/view/full/170210;2022/2023;2;0.0
https://www.vivoscuola.it/content/view/full/170210;2022/2023;3;0.0
https://www.vivoscuola.it/content/view/full/170210;2022/2023;4;0.0
https://www.vivoscuola.it/content/view/full/170210;2022/2023;5;0.0
https://www.vivoscuola.it/content/view/full/170210;2023/2024;1;0.0
https://www.vivoscuola.it/content/view/full/170210;2023/2024;2;0.0
https://www.vivoscuola.it/content/view/full/170210;2023/2024;3;0.0
https://www.vivoscuola.it/content/view/full/170210;2023/2024;4;0.0
https://www.vivoscuola.it/content/view/full/170210;2023/2024;5;0.0
https://www.vivoscuola.it/content/view/full/170210;2024/2025;1;0.0
https://www.vivoscuola.it/content/view/full/170210;2024/2025;2;0.0
https://www.vivoscuola.it/content/view/full/170210;2024/2025;3;0.0
https://www.vivoscuola.it/content/view/full/170210;2024/2025;4;0.0
https://www.vivoscuola.it/content/view/full/170210;2024/2025;5;100.0
https://www.vivoscuola.it/content/view/full/29867;2022/2023;1;62.857142857142854
https://www.vivoscuola.it/content/view/full/29867;2022/2023;2;78.78787878787878
https://www.vivoscuola.it/content/view/full/29867;2022/2023;3;88.88888888888889
https://www.vivoscuola.it/content/view/full/29867;2022/2023;4;85.41666666666666
https://www.vivoscuola.it/content/view/full/29867;2023/2024;1;57.57575757575758
https://www.vivoscuola.it/content/view/full/29867;2023/2024;2;88.0
https://www.vivoscuola.it/content/view/full/29867;2023/2024;3;85.96491228070175
https://www.vivoscuola.it/content/view/full/29867;2023/2024;4;81.25
https://www.vivoscuola.it/content/view/full/29867;2024/2025;1;74.68354430379746
https://www.vivoscuola.it/content/view/full/29867;2024/2025;2;78.26086956521739
https://www.vivoscuola.it/content/view/full/29867;2024/2025;3;91.11111111111111
https://www.vivoscuola.it/content/view/full/29867;2024/2025;4;97.05882352941177
https://www.vivoscuola.it/content/view/full/29866;2022/2023;1;0.0
https://www.vivoscuola.it/content/view/full/29866;2023/2024;1;0.0
https://www.vivoscuola.it/content/view/full/29866;2024/2025;1;95.0
https://www.vivoscuola.it/content/view/full/29868;2022/2023;1;58.333333333333336
https://www.vivoscuola.it/content/view/full/29868;2022/2023;2;0.0
https://www.vivoscuola.it/content/view/full/29868;2022/2023;3;62.68656716417911
https://www.vivoscuola.it/content/view/full/29868;2022/2023;4;92.85714285714286
https://www.vivoscuola.it/content/view/full/29868;2023/2024;1;50.0
https://www.vivoscuola.it/content/view/full/29868;2023/2024;2;0.0
https://www.vivoscuola.it/content/view/full/29868;2023/2024;3;65.625
https://www.vivoscuola.it/content/view/full/29868;2023/2024;4;73.68421052631578
https://www.vivoscuola.it/content/view/full/29868;2024/2025;1;72.5
https://www.vivoscuola.it/content/view/full/29868;2024/2025;2;0.0
https://www.vivoscuola.it/content/view/full/29868;2024/2025;3;52.63157894736842
https://www.vivoscuola.it/content/view/full/29868;2024/2025;4;64.28571428571429
https://www.vivoscuola.it/content/view/full/29472;2022/2023;1;100.0
https://www.vivoscuola.it/content/view/full/29472;2022/2023;2;100.0
https://www.vivoscuola.it/content/view/full/29472;2022/2023;3;100.0
https://www.vivoscuola.it/content/view/full/29472;2022/2023;4;100.0
https://www.vivoscuola.it/content/view/full/29472;2022/2023;5;95.0
https://www.vivoscuola.it/content/view/full/29472;2023/2024;1;100.0
https://www.vivoscuola.it/content/view/full/29472;2023/2024;2;100.0
https://www.vivoscuola.it/content/view/full/29472;2023/2024;3;100.0
https://www.vivoscuola.it/content/view/full/29472;2023/2024;4;100.0
https://www.vivoscuola.it/content/view/full/29472;2023/2024;5;100.0
https://www.vivoscuola.it/content/view/full/29472;2024/2025;1;100.0
https://www.vivoscuola.it/content/view/full/29472;2024/2025;2;100.0
https://www.vivoscuola.it/content/view/full/29472;2024/2025;3;100.0
https://www.vivoscuola.it/content/view/full/29472;2024/2025;4;100.0
https://www.vivoscuola.it/content/view/full/29472;2024/2025;5;100.0
https://www.vivoscuola.it/content/view/full/29471;2022/2023;1;100.0
https://www.vivoscuola.it/content/view/full/29471;2022/2023;2;100.0
https://www.vivoscuola.it/content/view/full/29471;2022/2023;3;100.0
https://www.vivoscuola.it/content/view/full/29471;2022/2023;4;100.0
https://www.vivoscuola.it/content/view/full/29471;2022/2023;5;100.0
https://www.vivoscuola.it/content/view/full/29471;2023/2024;1;100.0
https://www.vivoscuola.it/content/view/full/29471;2023/2024;2;100.0
https://www.vivoscuola.it/content/view/full/29471;2023/2024;3;100.0
https://www.vivoscuola.it/content/view/full/29471;2023/2024;4;100.0
https://www.vivoscuola.it/content/view/full/29471;2023/2024;5;100.0
https://www.vivoscuola.it/content/view/full/29471;2024/2025;1;100.0
https://www.vivoscuola.it/content/view/full/29471;2024/2025;2;100.0
https://www.vivoscuola.it/content/view/full/29471;2024/2025;3;100.0
https://www.vivoscuola.it/content/view/full/29471;2024/2025;4;100.0
https://www.vivoscuola.it/content/view/full/29471;2024/2025;5;100.0
https://www.vivoscuola.it/content/view/full/29473;2022/2023;1;100.0
https://www.vivoscuola.it/content/view/full/29473;2022/2023;2;100.0
https://www.vivoscuola.it/content/view/full/29473;2022/2023;3;100.0
https://www.vivoscuola.it/content/view/full/29473;2022/2023;4;100.0
https://www.vivoscuola.it/content/view/full/29473;2022/2023;5;100.0
https://www.vivoscuola.it/content/view/full/29473;2023/2024;1;100.0
https://www.vivoscuola.it/content/view/full/29473;2023/2024;2;100.0
https://www.vivoscuola.it/content/view/full/29473;2023/2024;3;100.0
https://www.vivoscuola.it/content/view/full/29473;2023/2024;4;100.0
https://www.vivoscuola.it/content/view/full/29473;2023/2024;5;100.0
https://www.vivoscuola.it/content/view/full/29473;2024/2025;1;100.0
https://www.vivoscuola.it/content/view/full/29473;2024/2025;2;100.0
https://www.vivoscuola.it/content/view/full/29473;2024/2025;3;100.0
https://www.vivoscuola.it/content/view/full/29473;2024/2025;4;100.0
https://www.vivoscuola.it/content/view/full/29473;2024/2025;5;100.0
https://www.vivoscuola.it/content/view/full/29665;2022/2023;1;100.0
https://www.vivoscuola.it/content/view/full/29665;2022/2023;2;100.0
https://www.vivoscuola.it/content/view/full/29665;2022/2023;3;100.0
https://www.vivoscuola.it/content/view/full/29665;2023/2024;1;100.0
https://www.vivoscuola.it/content/view/full/29665;2023/2024;2;100.0
https://www.vivoscuola.it/content/view/full/29665;2023/2024;3;100.0
https://www.vivoscuola.it/content/view/full/29665;2024/2025;1;100.0
https://www.vivoscuola.it/content/view/full/29665;2024/2025;2;100.0
https://www.vivoscuola.it/content/view/full/29665;2024/2025;3;100.0
https://www.vivoscuola.it/content/view/full/29474;2022/2023;1;100.0
https://www.vivoscuola.it/content/view/full/29474;2022/2023;2;100.0
https://www.vivoscuola.it/content/view/full/29474;2022/2023;3;100.0
https://www.vivoscuola.it/content/view/full/29474;2022/2023;4;100.0
https://www.vivoscuola.it/content/view/full/29474;2022/2023;5;100.0
https://www.vivoscuola.it/content/view/full/29474;2023/2024;1;100.0
https://www.vivoscuola.it/content/view/full/29474;2023/2024;2;100.0
https://www.vivoscuola.it/content/view/full/29474;2023/2024;3;100.0
https://www.vivoscuola.it/content/view/full/29474;2023/2024;4;100.0
https://www.vivoscuola.it/content/view/full/29474;2023/2024;5;100.0
https://www.vivoscuola.it/content/view/full/29474;2024/2025;1;100.0
https://www.vivoscuola.it/content/view/full/29474;2024/2025;2;100.0
https://www.vivoscuola.it/content/view/full/29474;2024/2025;3;100.0
https://www.vivoscuola.it/content/view/full/29474;2024/2025;4;100.0
https://www.vivoscuola.it/content/view/full/29474;2024/2025;5;100.0
https://www.vivoscuola.it/content/view/full/29475;2022/2023;1;100.0
https://www.vivoscuola.it/content/view/full/29475;2022/2023;2;100.0
https://www.vivoscuola.it/content/view/full/29475;2022/2023;3;100.0
https://www.vivoscuola.it/content/view/full/29475;2022/2023;4;100.0
https://www.vivoscuola.it/content/view/full/29475;2022/2023;5;100.0
https://www.vivoscuola.it/content/view/full/29475;2023/2024;1;100.0
https://www.vivoscuola.it/content/view/full/29475;2023/2024;2;100.0
https://www.vivoscuola.it/content/view/full/29475;2023/2024;3;100.0
https://www.vivoscuola.it/content/view/full/29475;2023/2024;4;100.0
https://www.vivoscuola.it/content/view/full/29475;2023/2024;5;100.0
https://www.vivoscuola.it/content/view/full/29475;2024/2025;1;100.0
https://www.vivoscuola.it/content/view/full/29475;2024/2025;2;100.0
https://www.vivoscuola.it/content/view/full/29475;2024/2025;3;100.0
https://www.vivoscuola.it/content/view/full/29475;2024/2025;4;100.0
https://www.vivoscuola.it/content/view/full/29475;2024/2025;5;100.0
https://www.vivoscuola.it/content/view/full/29476;2022/2023;1;97.8021978021978
https://www.vivoscuola.it/content/view/full/29476;2022/2023;2;100.0
https://www.vivoscuola.it/content/view/full/29476;2022/2023;3;100.0
https://www.vivoscuola.it/content/view/full/29476;2023/2024;1;100.0
https://www.vivoscuola.it/content/view/full/29476;2023/2024;2;100.0
https://www.vivoscuola.it/content/view/full/29476;2023/2024;3;100.0
https://www.vivoscuola.it/content/view/full/29476;2024/2025;1;97.14285714285714
https://www.vivoscuola.it/content/view/full/29476;2024/2025;2;100.0
https://www.vivoscuola.it/content/view/full/29476;2024/2025;3;100.0
https://www.vivoscuola.it/content/view/full/29857;2022/2023;1;0.0
https://www.vivoscuola.it/content/view/full/29857;2022/2023;2;0.0
https://www.vivoscuola.it/content/view/full/29857;2022/2023;3;0.0
https://www.vivoscuola.it/content/view/full/29857;2022/2023;4;34.78260869565217
https://www.vivoscuola.it/content/view/full/29857;2022/2023;5;75.0
https://www.vivoscuola.it/content/view/full/29857;2023/2024;1;0.0
https://www.vivoscuola.it/content/view/full/29857;2023/2024;2;0.0
https://www.vivoscuola.it/content/view/full/29857;2023/2024;3;0.0
https://www.vivoscuola.it/content/view/full/29857;2023/2024;4;26.31578947368421
https://www.vivoscuola.it/content/view/full/29857;2023/2024;5;52.63157894736842
https://www.vivoscuola.it/content/view/full/29857;2024/2025;1;0.0
https://www.vivoscuola.it/content/view/full/29857;2024/2025;2;0.0
https://www.vivoscuola.it/content/view/full/29857;2024/2025;3;0.0
https://www.vivoscuola.it/content/view/full/29857;2024/2025;4;28.000000000000004
https://www.vivoscuola.it/content/view/full/29857;2024/2025;5;68.75
https://www.vivoscuola.it/content/view/full/29856;2022/2023;1;91.73333333333333
https://www.vivoscuola.it/content/view/full/29856;2022/2023;2;93.35260115606935
https://www.vivoscuola.it/content/view/full/29856;2022/2023;3;90.1685393258427
https://www.vivoscuola.it/content/view/full/29856;2022/2023;4;92.28395061728395
https://www.vivoscuola.it/content/view/full/29856;2022/2023;5;94.67680608365019
https://www.vivoscuola.it/content/view/full/29856;2023/2024;1;84.10958904109589
https://www.vivoscuola.it/content/view/full/29856;2023/2024;2;91.87675070028011
https://www.vivoscuola.it/content/view/full/29856;2023/2024;3;89.58904109589041
https://www.vivoscuola.it/content/view/full/29856;2023/2024;4;90.14925373134328
https://www.vivoscuola.it/content/view/full/29856;2023/2024;5;96.35761589403974
https://www.vivoscuola.it/content/view/full/29856;2024/2025;1;89.13649025069638
https://www.vivoscuola.it/content/view/full/29856;2024/2025;2;93.35347432024169
https://www.vivoscuola.it/content/view/full/29856;2024/2025;3;92.14659685863874
https://www.vivoscuola.it/content/view/full/29856;2024/2025;4;92.96187683284457
https://www.vivoscuola.it/content/view/full/29856;2024/2025;5;95.17684887459808
https://www.vivoscuola.it/content/view/full/29681;2022/2023;1;100.0
https://www.vivoscuola.it/content/view/full/29681;2022/2023;2;100.0
https://www.vivoscuola.it/content/view/full/29681;2022/2023;3;100.0
https://www.vivoscuola.it/content/view/full/29681;2022/2023;4;100.0
https://www.vivoscuola.it/content/view/full/29681;2022/2023;5;94.44444444444444
https://www.vivoscuola.it/content/view/full/29681;2023/2024;1;100.0
https://www.vivoscuola.it/content/view/full/29681;2023/2024;2;100.0
https://www.vivoscuola.it/content/view/full/29681;2023/2024;3;100.0
https://www.vivoscuola.it/content/view/full/29681;2023/2024;4;100.0
https://www.vivoscuola.it/content/view/full/29681;2023/2024;5;100.0
https://www.vivoscuola.it/content/view/full/29681;2024/2025;1;100.0
https://www.vivoscuola.it/content/view/full/29681;2024/2025;2;100.0
https://www.vivoscuola.it/content/view/full/29681;2024/2025;3;100.0
https://www.vivoscuola.it/content/view/full/29681;2024/2025;4;100.0
https://www.vivoscuola.it/content/view/full/29681;2024/2025;5;100.0
https://www.vivoscuola.it/content/view/full/29684;2022/2023;1;99.21259842519686
https://www.vivoscuola.it/content/view/full/29684;2022/2023;2;100.0
https://www.vivoscuola.it/content/view/full/29684;2022/2023;3;100.0
https://www.vivoscuola.it/content/view/full/29684;2023/2024;1;100.0
https://www.vivoscuola.it/content/view/full/29684;2023/2024;2;100.0
https://www.vivoscuola.it/content/view/full/29684;2023/2024;3;99.08256880733946
https://www.vivoscuola.it/content/view/full/29684;2024/2025;1;100.0
https://www.vivoscuola.it/content/view/full/29684;2024/2025;2;100.0
https://www.vivoscuola.it/content/view/full/29684;2024/2025;3;97.65625
https://www.vivoscuola.it/content/view/full/29682;2022/2023;1;100.0
https://www.vivoscuola.it/content/view/full/29682;2022/2023;2;100.0
https://www.vivoscuola.it/content/view/full/29682;2022/2023;3;100.0
https://www.vivoscuola.it/content/view/full/29682;2022/2023;4;100.0
https://www.vivoscuola.it/content/view/full/29682;2022/2023;5;100.0
https://www.vivoscuola.it/content/view/full/29682;2023/2024;1;100.0
https://www.vivoscuola.it/content/view/full/29682;2023/2024;2;100.0
https://www.vivoscuola.it/content/view/full/29682;2023/2024;3;100.0
https://www.vivoscuola.it/content/view/full/29682;2023/2024;4;100.0
https://www.vivoscuola.it/content/view/full/29682;2023/2024;5;100.0
https://www.vivoscuola.it/content/view/full/29682;2024/2025;1;100.0
https://www.vivoscuola.it/content/view/full/29682;2024/2025;2;100.0
https://www.vivoscuola.it/content/view/full/29682;2024/2025;3;100.0
https://www.vivoscuola.it/content/view/full/29682;2024/2025;4;100.0
https://www.vivoscuola.it/content/view/full/29682;2024/2025;5;100.0
https://www.vivoscuola.it/content/view/full/29680;2022/2023;1;100.0
https://www.vivoscuola.it/content/view/full/29680;2022/2023;2;100.0
https://www.vivoscuola.it/content/view/full/29680;2022/2023;3;100.0
https://www.vivoscuola.it/content/view/full/29680;2022/2023;4;100.0
https://www.vivoscuola.it/content/view/full/29680;2022/2023;5;100.0
https://www.vivoscuola.it/content/view/full/29680;2023/2024;1;100.0
https://www.vivoscuola.it/content/view/full/29680;2023/2024;2;100.0
https://www.vivoscuola.it/content/view/full/29680;2023/2024;3;100.0
https://www.vivoscuola.it/content/view/full/29680;2023/2024;4;100.0
https://www.vivoscuola.it/content/view/full/29680;2023/2024;5;100.0
https://www.vivoscuola.it/content/view/full/29680;2024/2025;1;98.21428571428571
https://www.vivoscuola.it/content/view/full/29680;2024/2025;2;100.0
https://www.vivoscuola.it/content/view/full/29680;2024/2025;3;100.0
https://www.vivoscuola.it/content/view/full/29680;2024/2025;4;100.0
https://www.vivoscuola.it/content/view/full/29680;2024/2025;5;100.0
https://www.vivoscuola.it/content/view/full/170195;2022/2023;1;0.0
https://www.vivoscuola.it/content/view/full/170195;2022/2023;2;0.0
https://www.vivoscuola.it/content/view/full/170195;2022/2023;3;0.0
https://www.vivoscuola.it/content/view/full/170195;2022/2023;4;0.0
https://www.vivoscuola.it/content/view/full/170195;2022/2023;5;0.0
https://www.vivoscuola.it/content/view/full/170195;2023/2024;1;0.0
https://www.vivoscuola.it/content/view/full/170195;2023/2024;2;0.0
https://www.vivoscuola.it/content/view/full/170195;2023/2024;3;0.0
https://www.vivoscuola.it/content/view/full/170195;2023/2024;4;0.0
https://www.vivoscuola.it/content/view/full/170195;2023/2024;5;0.0
https://www.vivoscuola.it/content/view/full/170195;2024/2025;1;0.0
https://www.vivoscuola.it/content/view/full/170195;2024/2025;2;0.0
https://www.vivoscuola.it/content/view/full/170195;2024/2025;3;0.0
https://www.vivoscuola.it/content/view/full/170195;2024/2025;4;0.0
https://www.vivoscuola.it/content/view/full/170195;2024/2025;5;100.0
https://www.vivoscuola.it/content/view/full/29258;2022/2023;1;94.11764705882352
https://www.vivoscuola.it/content/view/full/29258;2022/2023;2;100.0
https://www.vivoscuola.it/content/view/full/29258;2022/2023;3;100.0
https://www.vivoscuola.it/content/view/full/29258;2022/2023;4;100.0
https://www.vivoscuola.it/content/view/full/29258;2023/2024;1;88.57142857142857
https://www.vivoscuola.it/content/view/full/29258;2023/2024;2;84.21052631578947
https://www.vivoscuola.it/content/view/full/29258;2023/2024;3;100.0
https://www.vivoscuola.it/content/view/full/29258;2023/2024;4;100.0
https://www.vivoscuola.it/content/view/full/29258;2024/2025;1;79.3103448275862
https://www.vivoscuola.it/content/view/full/29258;2024/2025;2;85.29411764705883
https://www.vivoscuola.it/content/view/full/29258;2024/2025;3;68.75
https://www.vivoscuola.it/content/view/full/29258;2024/2025;4;94.11764705882352
https://www.vivoscuola.it/content/view/full/29451;2022/2023;1;100.0
https://www.vivoscuola.it/content/view/full/29451;2022/2023;2;100.0
https://www.vivoscuola.it/content/view/full/29451;2022/2023;3;100.0
https://www.vivoscuola.it/content/view/full/29451;2022/2023;4;100.0
https://www.vivoscuola.it/content/view/full/29451;2022/2023;5;100.0
https://www.vivoscuola.it/content/view/full/29451;2023/2024;1;100.0
https://www.vivoscuola.it/content/view/full/29451;2023/2024;2;100.0
https://www.vivoscuola.it/content/view/full/29451;2023/2024;3;100.0
https://www.vivoscuola.it/content/view/full/29451;2023/2024;4;100.0
https://www.vivoscuola.it/content/view/full/29451;2023/2024;5;100.0
https://www.vivoscuola.it/content/view/full/29451;2024/2025;1;100.0
https://www.vivoscuola.it/content/view/full/29451;2024/2025;2;100.0
https://www.vivoscuola.it/content/view/full/29451;2024/2025;3;100.0
https://www.vivoscuola.it/content/view/full/29451;2024/2025;4;100.0
https://www.vivoscuola.it/content/view/full/29451;2024/2025;5;100.0
https://www.vivoscuola.it/content/view/full/29452;2022/2023;1;100.0
https://www.vivoscuola.it/content/view/full/29452;2022/2023;2;100.0
https://www.vivoscuola.it/content/view/full/29452;2022/2023;3;100.0
https://www.vivoscuola.it/content/view/full/29452;2022/2023;4;100.0
https://www.vivoscuola.it/content/view/full/29452;2022/2023;5;100.0
https://www.vivoscuola.it/content/view/full/29452;2023/2024;1;100.0
https://www.vivoscuola.it/content/view/full/29452;2023/2024;2;100.0
https://www.vivoscuola.it/content/view/full/29452;2023/2024;3;100.0
https://www.vivoscuola.it/content/view/full/29452;2023/2024;4;100.0
https://www.vivoscuola.it/content/view/full/29452;2023/2024;5;100.0
https://www.vivoscuola.it/content/view/full/29452;2024/2025;1;100.0
https://www.vivoscuola.it/content/view/full/29452;2024/2025;2;100.0
https://www.vivoscuola.it/content/view/full/29452;2024/2025;3;100.0
https://www.vivoscuola.it/content/view/full/29452;2024/2025;4;100.0
https://www.vivoscuola.it/content/view/full/29452;2024/2025;5;100.0
https://www.vivoscuola.it/content/view/full/29454;2022/2023;1;100.0
https://www.vivoscuola.it/content/view/full/29454;2022/2023;2;100.0
https://www.vivoscuola.it/content/view/full/29454;2022/2023;3;100.0
https://www.vivoscuola.it/content/view/full/29454;2022/2023;4;100.0
https://www.vivoscuola.it/content/view/full/29454;2022/2023;5;100.0
https://www.vivoscuola.it/content/view/full/29454;2023/2024;1;100.0
https://www.vivoscuola.it/content/view/full/29454;2023/2024;2;100.0
https://www.vivoscuola.it/content/view/full/29454;2023/2024;3;100.0
https://www.vivoscuola.it/content/view/full/29454;2023/2024;4;100.0
https://www.vivoscuola.it/content/view/full/29454;2023/2024;5;100.0
https://www.vivoscuola.it/content/view/full/29454;2024/2025;1;100.0
https://www.vivoscuola.it/content/view/full/29454;2024/2025;2;100.0
https://www.vivoscuola.it/content/view/full/29454;2024/2025;3;100.0
https://www.vivoscuola.it/content/view/full/29454;2024/2025;4;100.0
https://www.vivoscuola.it/content/view/full/29454;2024/2025;5;100.0
https://www.vivoscuola.it/content/view/full/29453;2022/2023;1;100.0
https://www.vivoscuola.it/content/view/full/29453;2022/2023;2;100.0
https://www.vivoscuola.it/content/view/full/29453;2022/2023;3;100.0
https://www.vivoscuola.it/content/view/full/29453;2022/2023;4;100.0
https://www.vivoscuola.it/content/view/full/29453;2022/2023;5;100.0
https://www.vivoscuola.it/content/view/full/29453;2023/2024;1;100.0
https://www.vivoscuola.it/content/view/full/29453;2023/2024;2;100.0
https://www.vivoscuola.it/content/view/full/29453;2023/2024;3;100.0
https://www.vivoscuola.it/content/view/full/29453;2023/2024;4;100.0
https://www.vivoscuola.it/content/view/full/29453;2023/2024;5;100.0
https://www.vivoscuola.it/content/view/full/29453;2024/2025;1;100.0
https://www.vivoscuola.it/content/view/full/29453;2024/2025;2;100.0
https://www.vivoscuola.it/content/view/full/29453;2024/2025;3;100.0
https://www.vivoscuola.it/content/view/full/29453;2024/2025;4;100.0
https://www.vivoscuola.it/content/view/full/29453;2024/2025;5;100.0
https://www.vivoscuola.it/content/view/full/29648;2022/2023;1;100.0
https://www.vivoscuola.it/content/view/full/29648;2022/2023;2;100.0
https://www.vivoscuola.it/content/view/full/29648;2022/2023;3;100.0
https://www.vivoscuola.it/content/view/full/29648;2022/2023;4;100.0
https://www.vivoscuola.it/content/view/full/29648;2022/2023;5;100.0
https://www.vivoscuola.it/content/view/full/29648;2023/2024;1;100.0
https://www.vivoscuola.it/content/view/full/29648;2023/2024;2;100.0
https://www.vivoscuola.it/content/view/full/29648;2023/2024;3;100.0
https://www.vivoscuola.it/content/view/full/29648;2023/2024;4;100.0
https://www.vivoscuola.it/content/view/full/29648;2023/2024;5;100.0
https://www.vivoscuola.it/content/view/full/29648;2024/2025;1;100.0
https://www.vivoscuola.it/content/view/full/29648;2024/2025;2;100.0
https://www.vivoscuola.it/content/view/full/29648;2024/2025;3;100.0
https://www.vivoscuola.it/content/view/full/29648;2024/2025;4;100.0
https://www.vivoscuola.it/content/view/full/29648;2024/2025;5;100.0
https://www.vivoscuola.it/content/view/full/29455;2022/2023;1;100.0
https://www.vivoscuola.it/content/view/full/29455;2022/2023;2;100.0
https://www.vivoscuola.it/content/view/full/29455;2022/2023;3;100.0
https://www.vivoscuola.it/content/view/full/29455;2023/2024;1;99.375
https://www.vivoscuola.it/content/view/full/29455;2023/2024;2;98.26589595375722
https://www.vivoscuola.it/content/view/full/29455;2023/2024;3;99.375
https://www.vivoscuola.it/content/view/full/29455;2024/2025;1;99.35064935064936
https://www.vivoscuola.it/content/view/full/29455;2024/2025;2;98.80239520958084
https://www.vivoscuola.it/content/view/full/29455;2024/2025;3;99.39393939393939
https://www.vivoscuola.it/content/view/full/29259;2022/2023;1;63.1578947368421
https://www.vivoscuola.it/content/view/full/29259;2022/2023;2;84.61538461538461
https://www.vivoscuola.it/content/view/full/29259;2022/2023;3;81.81818181818183
https://www.vivoscuola.it/content/view/full/29259;2022/2023;4;92.3076923076923
https://www.vivoscuola.it/content/view/full/29259;2023/2024;1;68.42105263157895
https://www.vivoscuola.it/content/view/full/29259;2023/2024;2;84.61538461538461
https://www.vivoscuola.it/content/view/full/29259;2023/2024;3;86.95652173913044
https://www.vivoscuola.it/content/view/full/29259;2023/2024;4;90.0
https://www.vivoscuola.it/content/view/full/29259;2024/2025;1;83.72093023255815
https://www.vivoscuola.it/content/view/full/29259;2024/2025;2;85.71428571428571
https://www.vivoscuola.it/content/view/full/29259;2024/2025;3;100.0
https://www.vivoscuola.it/content/view/full/29259;2024/2025;4;100.0
https://www.vivoscuola.it/content/view/full/29650;2022/2023;1;100.0
https://www.vivoscuola.it/content/view/full/29650;2022/2023;2;100.0
https://www.vivoscuola.it/content/view/full/29650;2022/2023;3;100.0
https://www.vivoscuola.it/content/view/full/29650;2022/2023;4;100.0
https://www.vivoscuola.it/content/view/full/29650;2022/2023;5;100.0
https://www.vivoscuola.it/content/view/full/29650;2023/2024;1;92.5925925925926
https://www.vivoscuola.it/content/view/full/29650;2023/2024;2;100.0
https://www.vivoscuola.it/content/view/full/29650;2023/2024;3;100.0
https://www.vivoscuola.it/content/view/full/29650;2023/2024;4;100.0
https://www.vivoscuola.it/content/view/full/29650;2023/2024;5;100.0
https://www.vivoscuola.it/content/view/full/29650;2024/2025;1;96.66666666666667
https://www.vivoscuola.it/content/view/full/29650;2024/2025;2;100.0
https://www.vivoscuola.it/content/view/full/29650;2024/2025;3;100.0
https://www.vivoscuola.it/content/view/full/29650;2024/2025;4;100.0
https://www.vivoscuola.it/content/view/full/29650;2024/2025;5;100.0
https://www.vivoscuola.it/content/view/full/29649;2022/2023;1;100.0
https://www.vivoscuola.it/content/view/full/29649;2022/2023;2;100.0
https://www.vivoscuola.it/content/view/full/29649;2022/2023;3;100.0
https://www.vivoscuola.it/content/view/full/29649;2022/2023;4;100.0
https://www.vivoscuola.it/content/view/full/29649;2022/2023;5;100.0
https://www.vivoscuola.it/content/view/full/29649;2023/2024;1;100.0
https://www.vivoscuola.it/content/view/full/29649;2023/2024;2;100.0
https://www.vivoscuola.it/content/view/full/29649;2023/2024;3;100.0
https://www.vivoscuola.it/content/view/full/29649;2023/2024;4;98.27586206896551
https://www.vivoscuola.it/content/view/full/29649;2023/2024;5;100.0
https://www.vivoscuola.it/content/view/full/29649;2024/2025;1;95.74468085106383
https://www.vivoscuola.it/content/view/full/29649;2024/2025;2;100.0
https://www.vivoscuola.it/content/view/full/29649;2024/2025;3;100.0
https://www.vivoscuola.it/content/view/full/29649;2024/2025;4;100.0
https://www.vivoscuola.it/content/view/full/29649;2024/2025;5;100.0
https://www.vivoscuola.it/content/view/full/29651;2022/2023;1;99.26470588235294
https://www.vivoscuola.it/content/view/full/29651;2022/2023;2;99.05660377358491
https://www.vivoscuola.it/content/view/full/29651;2022/2023;3;98.07692307692307
https://www.vivoscuola.it/content/view/full/29651;2023/2024;1;100.0
https://www.vivoscuola.it/content/view/full/29651;2023/2024;2;99.26470588235294
https://www.vivoscuola.it/content/view/full/29651;2023/2024;3;100.0
https://www.vivoscuola.it/content/view/full/29651;2024/2025;1;99.08256880733946
https://www.vivoscuola.it/content/view/full/29651;2024/2025;2;100.0
https://www.vivoscuola.it/content/view/full/29651;2024/2025;3;100.0
https://www.vivoscuola.it/content/view/full/29906;2022/2023;1;93.86792452830188
https://www.vivoscuola.it/content/view/full/29906;2022/2023;2;93.26424870466322
https://www.vivoscuola.it/content/view/full/29906;2022/2023;3;90.78014184397163
https://www.vivoscuola.it/content/view/full/29906;2022/2023;4;94.30379746835443
https://www.vivoscuola.it/content/view/full/29906;2022/2023;5;98.05194805194806
https://www.vivoscuola.it/content/view/full/29906;2023/2024;1;86.28571428571429
https://www.vivoscuola.it/content/view/full/29906;2023/2024;2;92.34972677595628
https://www.vivoscuola.it/content/view/full/29906;2023/2024;3;91.48936170212765
https://www.vivoscuola.it/content/view/full/29906;2023/2024;4;95.34883720930233
https://www.vivoscuola.it/content/view/full/29906;2023/2024;5;96.62162162162163
https://www.vivoscuola.it/content/view/full/29906;2024/2025;1;88.88888888888889
https://www.vivoscuola.it/content/view/full/29906;2024/2025;2;92.20779220779221
https://www.vivoscuola.it/content/view/full/29906;2024/2025;3;93.0635838150289
https://www.vivoscuola.it/content/view/full/29906;2024/2025;4;98.20359281437125
https://www.vivoscuola.it/content/view/full/29906;2024/2025;5;100.0
https://www.vivoscuola.it/content/view/full/29905;2022/2023;1;97.72727272727273
https://www.vivoscuola.it/content/view/full/29905;2022/2023;2;96.69421487603306
https://www.vivoscuola.it/content/view/full/29905;2022/2023;3;96.8503937007874
https://www.vivoscuola.it/content/view/full/29905;2022/2023;4;97.97979797979798
https://www.vivoscuola.it/content/view/full/29905;2022/2023;5;100.0
https://www.vivoscuola.it/content/view/full/29905;2023/2024;1;89.79591836734694
https://www.vivoscuola.it/content/view/full/29905;2023/2024;2;100.0
https://www.vivoscuola.it/content/view/full/29905;2023/2024;3;98.30508474576271
https://www.vivoscuola.it/content/view/full/29905;2023/2024;4;99.16666666666667
https://www.vivoscuola.it/content/view/full/29905;2023/2024;5;100.0
https://www.vivoscuola.it/content/view/full/29905;2024/2025;1;95.96774193548387
https://www.vivoscuola.it/content/view/full/29905;2024/2025;2;96.06299212598425
https://www.vivoscuola.it/content/view/full/29905;2024/2025;3;96.26168224299066
https://www.vivoscuola.it/content/view/full/29905;2024/2025;4;100.0
https://www.vivoscuola.it/content/view/full/29905;2024/2025;5;99.14529914529915
https://www.vivoscuola.it/content/view/full/29654;2022/2023;1;100.0
https://www.vivoscuola.it/content/view/full/29654;2022/2023;2;100.0
https://www.vivoscuola.it/content/view/full/29654;2022/2023;3;100.0
https://www.vivoscuola.it/content/view/full/29654;2022/2023;4;100.0
https://www.vivoscuola.it/content/view/full/29654;2022/2023;5;100.0
https://www.vivoscuola.it/content/view/full/29654;2023/2024;1;100.0
https://www.vivoscuola.it/content/view/full/29654;2023/2024;2;100.0
https://www.vivoscuola.it/content/view/full/29654;2023/2024;3;100.0
https://www.vivoscuola.it/content/view/full/29654;2023/2024;4;100.0
https://www.vivoscuola.it/content/view/full/29654;2023/2024;5;100.0
https://www.vivoscuola.it/content/view/full/29654;2024/2025;1;100.0
https://www.vivoscuola.it/content/view/full/29654;2024/2025;2;100.0
https://www.vivoscuola.it/content/view/full/29654;2024/2025;3;100.0
https://www.vivoscuola.it/content/view/full/29654;2024/2025;4;100.0
https://www.vivoscuola.it/content/view/full/29654;2024/2025;5;100.0
https://www.vivoscuola.it/content/view/full/29655;2022/2023;1;100.0
https://www.vivoscuola.it/content/view/full/29655;2022/2023;2;100.0
https://www.vivoscuola.it/content/view/full/29655;2022/2023;3;100.0
https://www.vivoscuola.it/content/view/full/29655;2022/2023;4;100.0
https://www.vivoscuola.it/content/view/full/29655;2022/2023;5;100.0
https://www.vivoscuola.it/content/view/full/29655;2023/2024;1;100.0
https://www.vivoscuola.it/content/view/full/29655;2023/2024;2;100.0
https://www.vivoscuola.it/content/view/full/29655;2023/2024;3;100.0
https://www.vivoscuola.it/content/view/full/29655;2023/2024;4;100.0
https://www.vivoscuola.it/content/view/full/29655;2023/2024;5;100.0
https://www.vivoscuola.it/content/view/full/29655;2024/2025;1;100.0
https://www.vivoscuola.it/content/view/full/29655;2024/2025;2;100.0
https://www.vivoscuola.it/content/view/full/29655;2024/2025;3;100.0
https://www.vivoscuola.it/content/view/full/29655;2024/2025;4;100.0
https://www.vivoscuola.it/content/view/full/29655;2024/2025;5;100.0
https://www.vivoscuola.it/content/view/full/29653;2022/2023;1;100.0
https://www.vivoscuola.it/content/view/full/29653;2022/2023;2;100.0
https://www.vivoscuola.it/content/view/full/29653;2022/2023;3;100.0
https://www.vivoscuola.it/content/view/full/29653;2022/2023;4;100.0
https://www.vivoscuola.it/content/view/full/29653;2022/2023;5;100.0
https://www.vivoscuola.it/content/view/full/29653;2023/2024;1;100.0
https://www.vivoscuola.it/content/view/full/29653;2023/2024;2;100.0
https://www.vivoscuola.it/content/view/full/29653;2023/2024;3;100.0
https://www.vivoscuola.it/content/view/full/29653;2023/2024;4;100.0
https://www.vivoscuola.it/content/view/full/29653;2023/2024;5;100.0
https://www.vivoscuola.it/content/view/full/29653;2024/2025;1;100.0
https://www.vivoscuola.it/content/view/full/29653;2024/2025;2;100.0
https://www.vivoscuola.it/content/view/full/29653;2024/2025;3;100.0
https://www.vivoscuola.it/content/view/full/29653;2024/2025;4;100.0
https://www.vivoscuola.it/content/view/full/29653;2024/2025;5;100.0
https://www.vivoscuola.it/content/view/full/29656;2022/2023;1;100.0
https://www.vivoscuola.it/content/view/full/29656;2022/2023;2;100.0
https://www.vivoscuola.it/content/view/full/29656;2022/2023;3;100.0
https://www.vivoscuola.it/content/view/full/29656;2022/2023;4;100.0
https://www.vivoscuola.it/content/view/full/29656;2022/2023;5;100.0
https://www.vivoscuola.it/content/view/full/29656;2023/2024;1;100.0
https://www.vivoscuola.it/content/view/full/29656;2023/2024;2;100.0
https://www.vivoscuola.it/content/view/full/29656;2023/2024;3;100.0
https://www.vivoscuola.it/content/view/full/29656;2023/2024;4;100.0
https://www.vivoscuola.it/content/view/full/29656;2023/2024;5;100.0
https://www.vivoscuola.it/content/view/full/29656;2024/2025;1;100.0
https://www.vivoscuola.it/content/view/full/29656;2024/2025;2;100.0
https://www.vivoscuola.it/content/view/full/29656;2024/2025;3;100.0
https://www.vivoscuola.it/content/view/full/29656;2024/2025;4;100.0
https://www.vivoscuola.it/content/view/full/29656;2024/2025;5;100.0
https://www.vivoscuola.it/content/view/full/29658;2022/2023;1;100.0
https://www.vivoscuola.it/content/view/full/29658;2022/2023;2;100.0
https://www.vivoscuola.it/content/view/full/29658;2022/2023;3;100.0
https://www.vivoscuola.it/content/view/full/29658;2022/2023;4;100.0
https://www.vivoscuola.it/content/view/full/29658;2022/2023;5;92.85714285714286
https://www.vivoscuola.it/content/view/full/29658;2023/2024;1;100.0
https://www.vivoscuola.it/content/view/full/29658;2023/2024;2;100.0
https://www.vivoscuola.it/content/view/full/29658;2023/2024;3;100.0
https://www.vivoscuola.it/content/view/full/29658;2023/2024;4;100.0
https://www.vivoscuola.it/content/view/full/29658;2023/2024;5;100.0
https://www.vivoscuola.it/content/view/full/29658;2024/2025;1;100.0
https://www.vivoscuola.it/content/view/full/29658;2024/2025;2;100.0
https://www.vivoscuola.it/content/view/full/29658;2024/2025;3;100.0
https://www.vivoscuola.it/content/view/full/29658;2024/2025;4;100.0
https://www.vivoscuola.it/content/view/full/29658;2024/2025;5;100.0
https://www.vivoscuola.it/content/view/full/29657;2022/2023;1;100.0
https://www.vivoscuola.it/content/view/full/29657;2022/2023;2;100.0
https://www.vivoscuola.it/content/view/full/29657;2022/2023;3;100.0
https://www.vivoscuola.it/content/view/full/29657;2022/2023;4;100.0
https://www.vivoscuola.it/content/view/full/29657;2022/2023;5;100.0
https://www.vivoscuola.it/content/view/full/29657;2023/2024;1;95.83333333333334
https://www.vivoscuola.it/content/view/full/29657;2023/2024;2;100.0
https://www.vivoscuola.it/content/view/full/29657;2023/2024;3;100.0
https://www.vivoscuola.it/content/view/full/29657;2023/2024;4;100.0
https://www.vivoscuola.it/content/view/full/29657;2023/2024;5;100.0
https://www.vivoscuola.it/content/view/full/29657;2024/2025;1;100.0
https://www.vivoscuola.it/content/view/full/29657;2024/2025;2;100.0
https://www.vivoscuola.it/content/view/full/29657;2024/2025;3;100.0
https://www.vivoscuola.it/content/view/full/29657;2024/2025;4;100.0
https://www.vivoscuola.it/content/view/full/29657;2024/2025;5;100.0
https://www.vivoscuola.it/content/view/full/29659;2022/2023;1;100.0
https://www.vivoscuola.it/content/view/full/29659;2022/2023;2;98.4126984126984
https://www.vivoscuola.it/content/view/full/29659;2022/2023;3;100.0
https://www.vivoscuola.it/content/view/full/29659;2023/2024;1;100.0
https://www.vivoscuola.it/content/view/full/29659;2023/2024;2;100.0
https://www.vivoscuola.it/content/view/full/29659;2023/2024;3;100.0
https://www.vivoscuola.it/content/view/full/29659;2024/2025;1;100.0
https://www.vivoscuola.it/content/view/full/29659;2024/2025;2;98.52941176470588
https://www.vivoscuola.it/content/view/full/29659;2024/2025;3;96.61016949152543
https://www.vivoscuola.it/content/view/full/29616;2022/2023;1;93.75
https://www.vivoscuola.it/content/view/full/29616;2022/2023;2;100.0
https://www.vivoscuola.it/content/view/full/29616;2022/2023;3;100.0
https://www.vivoscuola.it/content/view/full/29616;2022/2023;4;100.0
https://www.vivoscuola.it/content/view/full/29616;2022/2023;5;100.0
https://www.vivoscuola.it/content/view/full/29616;2023/2024;1;100.0
https://www.vivoscuola.it/content/view/full/29616;2023/2024;2;100.0
https://www.vivoscuola.it/content/view/full/29616;2023/2024;3;100.0
https://www.vivoscuola.it/content/view/full/29616;2023/2024;4;100.0
https://www.vivoscuola.it/content/view/full/29616;2023/2024;5;100.0
https://www.vivoscuola.it/content/view/full/29616;2024/2025;1;100.0
https://www.vivoscuola.it/content/view/full/29616;2024/2025;2;100.0
https://www.vivoscuola.it/content/view/full/29616;2024/2025;3;100.0
https://www.vivoscuola.it/content/view/full/29616;2024/2025;4;100.0
https://www.vivoscuola.it/content/view/full/29616;2024/2025;5;100.0
https://www.vivoscuola.it/content/view/full/29660;2022/2023;1;100.0
https://www.vivoscuola.it/content/view/full/29660;2022/2023;2;100.0
https://www.vivoscuola.it/content/view/full/29660;2022/2023;3;100.0
https://www.vivoscuola.it/content/view/full/29660;2023/2024;1;100.0
https://www.vivoscuola.it/content/view/full/29660;2023/2024;2;100.0
https://www.vivoscuola.it/content/view/full/29660;2023/2024;3;100.0
https://www.vivoscuola.it/content/view/full/29660;2024/2025;1;100.0
https://www.vivoscuola.it/content/view/full/29660;2024/2025;2;100.0
https://www.vivoscuola.it/content/view/full/29660;2024/2025;3;100.0
https://www.vivoscuola.it/content/view/full/29617;2022/2023;1;100.0
https://www.vivoscuola.it/content/view/full/29617;2022/2023;2;100.0
https://www.vivoscuola.it/content/view/full/29617;2022/2023;3;100.0
https://www.vivoscuola.it/content/view/full/29617;2022/2023;4;100.0
https://www.vivoscuola.it/content/view/full/29617;2022/2023;5;100.0
https://www.vivoscuola.it/content/view/full/29617;2023/2024;1;100.0
https://www.vivoscuola.it/content/view/full/29617;2023/2024;2;100.0
https://www.vivoscuola.it/content/view/full/29617;2023/2024;3;100.0
https://www.vivoscuola.it/content/view/full/29617;2023/2024;4;100.0
https://www.vivoscuola.it/content/view/full/29617;2023/2024;5;100.0
https://www.vivoscuola.it/content/view/full/29617;2024/2025;1;100.0
https://www.vivoscuola.it/content/view/full/29617;2024/2025;2;100.0
https://www.vivoscuola.it/content/view/full/29617;2024/2025;3;100.0
https://www.vivoscuola.it/content/view/full/29617;2024/2025;4;100.0
https://www.vivoscuola.it/content/view/full/29617;2024/2025;5;100.0
https://www.vivoscuola.it/content/view/full/29614;2022/2023;1;98.50746268656717
https://www.vivoscuola.it/content/view/full/29614;2022/2023;2;100.0
https://www.vivoscuola.it/content/view/full/29614;2022/2023;3;100.0
https://www.vivoscuola.it/content/view/full/29614;2022/2023;4;100.0
https://www.vivoscuola.it/content/view/full/29614;2022/2023;5;100.0
https://www.vivoscuola.it/content/view/full/29614;2023/2024;1;100.0
https://www.vivoscuola.it/content/view/full/29614;2023/2024;2;100.0
https://www.vivoscuola.it/content/view/full/29614;2023/2024;3;100.0
https://www.vivoscuola.it/content/view/full/29614;2023/2024;4;100.0
https://www.vivoscuola.it/content/view/full/29614;2023/2024;5;100.0
https://www.vivoscuola.it/content/view/full/29614;2024/2025;1;100.0
https://www.vivoscuola.it/content/view/full/29614;2024/2025;2;98.68421052631578
https://www.vivoscuola.it/content/view/full/29614;2024/2025;3;100.0
https://www.vivoscuola.it/content/view/full/29614;2024/2025;4;100.0
https://www.vivoscuola.it/content/view/full/29614;2024/2025;5;100.0
https://www.vivoscuola.it/content/view/full/29618;2022/2023;1;100.0
https://www.vivoscuola.it/content/view/full/29618;2022/2023;2;100.0
https://www.vivoscuola.it/content/view/full/29618;2022/2023;3;96.34146341463415
https://www.vivoscuola.it/content/view/full/29618;2023/2024;1;99.2248062015504
https://www.vivoscuola.it/content/view/full/29618;2023/2024;2;100.0
https://www.vivoscuola.it/content/view/full/29618;2023/2024;3;98.77300613496932
https://www.vivoscuola.it/content/view/full/29618;2024/2025;1;99.28057553956835
https://www.vivoscuola.it/content/view/full/29618;2024/2025;2;99.1869918699187
https://www.vivoscuola.it/content/view/full/29618;2024/2025;3;99.1304347826087
https://www.vivoscuola.it/content/view/full/29615;2022/2023;1;100.0
https://www.vivoscuola.it/content/view/full/29615;2022/2023;2;100.0
https://www.vivoscuola.it/content/view/full/29615;2022/2023;3;100.0
https://www.vivoscuola.it/content/view/full/29615;2022/2023;4;100.0
https://www.vivoscuola.it/content/view/full/29615;2022/2023;5;100.0
https://www.vivoscuola.it/content/view/full/29615;2023/2024;1;100.0
https://www.vivoscuola.it/content/view/full/29615;2023/2024;2;100.0
https://www.vivoscuola.it/content/view/full/29615;2023/2024;3;100.0
https://www.vivoscuola.it/content/view/full/29615;2023/2024;4;100.0
https://www.vivoscuola.it/content/view/full/29615;2023/2024;5;100.0
https://www.vivoscuola.it/content/view/full/29615;2024/2025;1;93.33333333333333
https://www.vivoscuola.it/content/view/full/29615;2024/2025;2;100.0
https://www.vivoscuola.it/content/view/full/29615;2024/2025;3;100.0
https://www.vivoscuola.it/content/view/full/29615;2024/2025;4;100.0
https://www.vivoscuola.it/content/view/full/29615;2024/2025;5;100.0
https://www.vivoscuola.it/content/view/full/29254;2022/2023;1;73.91304347826086
https://www.vivoscuola.it/content/view/full/29254;2022/2023;2;97.82608695652173
https://www.vivoscuola.it/content/view/full/29254;2022/2023;3;89.1891891891892
https://www.vivoscuola.it/content/view/full/29254;2022/2023;4;88.88888888888889
https://www.vivoscuola.it/content/view/full/29254;2023/2024;1;69.64285714285714
https://www.vivoscuola.it/content/view/full/29254;2023/2024;2;84.0909090909091
https://www.vivoscuola.it/content/view/full/29254;2023/2024;3;86.95652173913044
https://www.vivoscuola.it/content/view/full/29254;2023/2024;4;100.0
https://www.vivoscuola.it/content/view/full/29254;2024/2025;1;90.625
https://www.vivoscuola.it/content/view/full/29254;2024/2025;2;88.0
https://www.vivoscuola.it/content/view/full/29254;2024/2025;3;92.10526315789474
https://www.vivoscuola.it/content/view/full/29254;2024/2025;4;100.0
https://www.vivoscuola.it/content/view/full/29463;2022/2023;1;100.0
https://www.vivoscuola.it/content/view/full/29463;2022/2023;2;100.0
https://www.vivoscuola.it/content/view/full/29463;2022/2023;3;100.0
https://www.vivoscuola.it/content/view/full/29463;2022/2023;4;100.0
https://www.vivoscuola.it/content/view/full/29463;2022/2023;5;100.0
https://www.vivoscuola.it/content/view/full/29463;2023/2024;1;100.0
https://www.vivoscuola.it/content/view/full/29463;2023/2024;2;100.0
https://www.vivoscuola.it/content/view/full/29463;2023/2024;3;100.0
https://www.vivoscuola.it/content/view/full/29463;2023/2024;4;100.0
https://www.vivoscuola.it/content/view/full/29463;2023/2024;5;100.0
https://www.vivoscuola.it/content/view/full/29463;2024/2025;1;100.0
https://www.vivoscuola.it/content/view/full/29463;2024/2025;2;100.0
https://www.vivoscuola.it/content/view/full/29463;2024/2025;3;100.0
https://www.vivoscuola.it/content/view/full/29463;2024/2025;4;100.0
https://www.vivoscuola.it/content/view/full/29463;2024/2025;5;100.0
https://www.vivoscuola.it/content/view/full/29287;2022/2023;1;90.9090909090909
https://www.vivoscuola.it/content/view/full/29287;2022/2023;2;78.57142857142857
https://www.vivoscuola.it/content/view/full/29287;2022/2023;3;75.0
https://www.vivoscuola.it/content/view/full/29287;2022/2023;4;100.0
https://www.vivoscuola.it/content/view/full/29287;2023/2024;1;85.71428571428571
https://www.vivoscuola.it/content/view/full/29287;2023/2024;2;78.57142857142857
https://www.vivoscuola.it/content/view/full/29287;2023/2024;3;66.66666666666666
https://www.vivoscuola.it/content/view/full/29287;2023/2024;4;80.0
https://www.vivoscuola.it/content/view/full/29287;2024/2025;1;86.66666666666667
https://www.vivoscuola.it/content/view/full/29287;2024/2025;2;90.9090909090909
https://www.vivoscuola.it/content/view/full/29287;2024/2025;3;84.61538461538461
https://www.vivoscuola.it/content/view/full/29287;2024/2025;4;85.71428571428571
https://www.vivoscuola.it/content/view/full/29464;2022/2023;1;100.0
https://www.vivoscuola.it/content/view/full/29464;2022/2023;2;100.0
https://www.vivoscuola.it/content/view/full/29464;2022/2023;3;100.0
https://www.vivoscuola.it/content/view/full/29464;2022/2023;4;100.0
https://www.vivoscuola.it/content/view/full/29464;2022/2023;5;100.0
https://www.vivoscuola.it/content/view/full/29464;2023/2024;1;100.0
https://www.vivoscuola.it/content/view/full/29464;2023/2024;2;100.0
https://www.vivoscuola.it/content/view/full/29464;2023/2024;3;100.0
https://www.vivoscuola.it/content/view/full/29464;2023/2024;4;100.0
https://www.vivoscuola.it/content/view/full/29464;2023/2024;5;100.0
https://www.vivoscuola.it/content/view/full/29464;2024/2025;1;100.0
https://www.vivoscuola.it/content/view/full/29464;2024/2025;2;100.0
https://www.vivoscuola.it/content/view/full/29464;2024/2025;3;100.0
https://www.vivoscuola.it/content/view/full/29464;2024/2025;4;100.0
https://www.vivoscuola.it/content/view/full/29464;2024/2025;5;100.0
https://www.vivoscuola.it/content/view/full/29286;2022/2023;1;76.92307692307693
https://www.vivoscuola.it/content/view/full/29286;2022/2023;2;87.5
https://www.vivoscuola.it/content/view/full/29286;2022/2023;3;85.71428571428571
https://www.vivoscuola.it/content/view/full/29286;2022/2023;4;0.0
https://www.vivoscuola.it/content/view/full/29286;2023/2024;1;0.0
https://www.vivoscuola.it/content/view/full/29286;2023/2024;2;88.88888888888889
https://www.vivoscuola.it/content/view/full/29286;2023/2024;3;100.0
https://www.vivoscuola.it/content/view/full/29286;2023/2024;4;66.66666666666666
https://www.vivoscuola.it/content/view/full/29286;2024/2025;1;0.0
https://www.vivoscuola.it/content/view/full/29286;2024/2025;2;0.0
https://www.vivoscuola.it/content/view/full/29286;2024/2025;3;88.88888888888889
https://www.vivoscuola.it/content/view/full/29286;2024/2025;4;100.0
https://www.vivoscuola.it/content/view/full/29467;2022/2023;1;100.0
https://www.vivoscuola.it/content/view/full/29467;2022/2023;2;100.0
https://www.vivoscuola.it/content/view/full/29467;2022/2023;3;100.0
https://www.vivoscuola.it/content/view/full/29467;2022/2023;4;100.0
https://www.vivoscuola.it/content/view/full/29467;2022/2023;5;100.0
https://www.vivoscuola.it/content/view/full/29467;2023/2024;1;100.0
https://www.vivoscuola.it/content/view/full/29467;2023/2024;2;100.0
https://www.vivoscuola.it/content/view/full/29467;2023/2024;3;100.0
https://www.vivoscuola.it/content/view/full/29467;2023/2024;4;100.0
https://www.vivoscuola.it/content/view/full/29467;2023/2024;5;100.0
https://www.vivoscuola.it/content/view/full/29467;2024/2025;1;100.0
https://www.vivoscuola.it/content/view/full/29467;2024/2025;2;100.0
https://www.vivoscuola.it/content/view/full/29467;2024/2025;3;100.0
https://www.vivoscuola.it/content/view/full/29467;2024/2025;4;100.0
https://www.vivoscuola.it/content/view/full/29467;2024/2025;5;100.0
https://www.vivoscuola.it/content/view/full/29462;2022/2023;1;100.0
https://www.vivoscuola.it/content/view/full/29462;2022/2023;2;100.0
https://www.vivoscuola.it/content/view/full/29462;2022/2023;3;100.0
https://www.vivoscuola.it/content/view/full/29462;2022/2023;4;100.0
https://www.vivoscuola.it/content/view/full/29462;2022/2023;5;100.0
https://www.vivoscuola.it/content/view/full/29462;2023/2024;1;100.0
https://www.vivoscuola.it/content/view/full/29462;2023/2024;2;100.0
https://www.vivoscuola.it/content/view/full/29462;2023/2024;3;100.0
https://www.vivoscuola.it/content/view/full/29462;2023/2024;4;100.0
https://www.vivoscuola.it/content/view/full/29462;2023/2024;5;100.0
https://www.vivoscuola.it/content/view/full/29462;2024/2025;1;100.0
https://www.vivoscuola.it/content/view/full/29462;2024/2025;2;100.0
https://www.vivoscuola.it/content/view/full/29462;2024/2025;3;100.0
https://www.vivoscuola.it/content/view/full/29462;2024/2025;4;100.0
https://www.vivoscuola.it/content/view/full/29462;2024/2025;5;100.0
https://www.vivoscuola.it/content/view/full/29465;2022/2023;1;100.0
https://www.vivoscuola.it/content/view/full/29465;2022/2023;2;100.0
https://www.vivoscuola.it/content/view/full/29465;2022/2023;3;100.0
https://www.vivoscuola.it/content/view/full/29465;2022/2023;4;100.0
https://www.vivoscuola.it/content/view/full/29465;2022/2023;5;100.0
https://www.vivoscuola.it/content/view/full/29465;2023/2024;1;100.0
https://www.vivoscuola.it/content/view/full/29465;2023/2024;2;100.0
https://www.vivoscuola.it/content/view/full/29465;2023/2024;3;100.0
https://www.vivoscuola.it/content/view/full/29465;2023/2024;4;100.0
https://www.vivoscuola.it/content/view/full/29465;2023/2024;5;100.0
https://www.vivoscuola.it/content/view/full/29465;2024/2025;1;100.0
https://www.vivoscuola.it/content/view/full/29465;2024/2025;2;100.0
https://www.vivoscuola.it/content/view/full/29465;2024/2025;3;100.0
https://www.vivoscuola.it/content/view/full/29465;2024/2025;4;100.0
https://www.vivoscuola.it/content/view/full/29465;2024/2025;5;100.0
https://www.vivoscuola.it/content/view/full/29468;2022/2023;1;97.14285714285714
https://www.vivoscuola.it/content/view/full/29468;2022/2023;2;100.0
https://www.vivoscuola.it/content/view/full/29468;2022/2023;3;100.0
https://www.vivoscuola.it/content/view/full/29468;2023/2024;1;100.0
https://www.vivoscuola.it/content/view/full/29468;2023/2024;2;100.0
https://www.vivoscuola.it/content/view/full/29468;2023/2024;3;100.0
https://www.vivoscuola.it/content/view/full/29468;2024/2025;1;98.0392156862745
https://www.vivoscuola.it/content/view/full/29468;2024/2025;2;100.0
https://www.vivoscuola.it/content/view/full/29468;2024/2025;3;100.0
https://www.vivoscuola.it/content/view/full/29469;2022/2023;1;100.0
https://www.vivoscuola.it/content/view/full/29469;2022/2023;2;97.1830985915493
https://www.vivoscuola.it/content/view/full/29469;2022/2023;3;98.11320754716981
https://www.vivoscuola.it/content/view/full/29469;2023/2024;1;98.36065573770492
https://www.vivoscuola.it/content/view/full/29469;2023/2024;2;100.0
https://www.vivoscuola.it/content/view/full/29469;2023/2024;3;100.0
https://www.vivoscuola.it/content/view/full/29469;2024/2025;1;100.0
https://www.vivoscuola.it/content/view/full/29469;2024/2025;2;100.0
https://www.vivoscuola.it/content/view/full/29469;2024/2025;3;98.14814814814815
https://www.vivoscuola.it/content/view/full/29466;2022/2023;1;100.0
https://www.vivoscuola.it/content/view/full/29466;2022/2023;2;100.0
https://www.vivoscuola.it/content/view/full/29466;2022/2023;3;100.0
https://www.vivoscuola.it/content/view/full/29466;2022/2023;4;100.0
https://www.vivoscuola.it/content/view/full/29466;2022/2023;5;100.0
https://www.vivoscuola.it/content/view/full/29466;2023/2024;1;100.0
https://www.vivoscuola.it/content/view/full/29466;2023/2024;2;100.0
https://www.vivoscuola.it/content/view/full/29466;2023/2024;3;100.0
https://www.vivoscuola.it/content/view/full/29466;2023/2024;4;100.0
https://www.vivoscuola.it/content/view/full/29466;2023/2024;5;100.0
https://www.vivoscuola.it/content/view/full/29466;2024/2025;1;100.0
https://www.vivoscuola.it/content/view/full/29466;2024/2025;2;100.0
https://www.vivoscuola.it/content/view/full/29466;2024/2025;3;100.0
https://www.vivoscuola.it/content/view/full/29466;2024/2025;4;100.0
https://www.vivoscuola.it/content/view/full/29466;2024/2025;5;100.0
https://www.vivoscuola.it/content/view/full/29279;2022/2023;1;90.9090909090909
https://www.vivoscuola.it/content/view/full/29279;2022/2023;2;83.33333333333334
https://www.vivoscuola.it/content/view/full/29279;2022/2023;3;78.125
https://www.vivoscuola.it/content/view/full/29279;2022/2023;4;94.11764705882352
https://www.vivoscuola.it/content/view/full/29279;2023/2024;1;77.77777777777779
https://www.vivoscuola.it/content/view/full/29279;2023/2024;2;96.0
https://www.vivoscuola.it/content/view/full/29279;2023/2024;3;100.0
https://www.vivoscuola.it/content/view/full/29279;2023/2024;4;90.47619047619048
https://www.vivoscuola.it/content/view/full/29279;2024/2025;1;71.7948717948718
https://www.vivoscuola.it/content/view/full/29279;2024/2025;2;85.29411764705883
https://www.vivoscuola.it/content/view/full/29279;2024/2025;3;82.35294117647058
https://www.vivoscuola.it/content/view/full/29279;2024/2025;4;78.26086956521739
https://www.vivoscuola.it/content/view/full/170203;2022/2023;1;0.0
https://www.vivoscuola.it/content/view/full/170203;2022/2023;2;0.0
https://www.vivoscuola.it/content/view/full/170203;2022/2023;3;0.0
https://www.vivoscuola.it/content/view/full/170203;2022/2023;4;0.0
https://www.vivoscuola.it/content/view/full/170203;2022/2023;5;0.0
https://www.vivoscuola.it/content/view/full/170203;2023/2024;1;0.0
https://www.vivoscuola.it/content/view/full/170203;2023/2024;2;0.0
https://www.vivoscuola.it/content/view/full/170203;2023/2024;3;0.0
https://www.vivoscuola.it/content/view/full/170203;2023/2024;4;0.0
https://www.vivoscuola.it/content/view/full/170203;2023/2024;5;0.0
https://www.vivoscuola.it/content/view/full/170203;2024/2025;1;0.0
https://www.vivoscuola.it/content/view/full/170203;2024/2025;2;0.0
https://www.vivoscuola.it/content/view/full/170203;2024/2025;3;0.0
https://www.vivoscuola.it/content/view/full/170203;2024/2025;4;0.0
https://www.vivoscuola.it/content/view/full/170203;2024/2025;5;84.21052631578947
https://www.vivoscuola.it/content/view/full/29277;2022/2023;1;81.48148148148148
https://www.vivoscuola.it/content/view/full/29277;2022/2023;2;97.22222222222221
https://www.vivoscuola.it/content/view/full/29277;2022/2023;3;88.37209302325581
https://www.vivoscuola.it/content/view/full/29277;2022/2023;4;93.10344827586206
https://www.vivoscuola.it/content/view/full/29277;2023/2024;1;95.65217391304348
https://www.vivoscuola.it/content/view/full/29277;2023/2024;2;88.88888888888889
https://www.vivoscuola.it/content/view/full/29277;2023/2024;3;81.57894736842105
https://www.vivoscuola.it/content/view/full/29277;2023/2024;4;95.23809523809523
https://www.vivoscuola.it/content/view/full/29277;2024/2025;1;93.02325581395348
https://www.vivoscuola.it/content/view/full/29277;2024/2025;2;86.66666666666667
https://www.vivoscuola.it/content/view/full/29277;2024/2025;3;82.05128205128204
https://www.vivoscuola.it/content/view/full/29277;2024/2025;4;86.95652173913044
https://www.vivoscuola.it/content/view/full/29837;2022/2023;1;86.66666666666667
https://www.vivoscuola.it/content/view/full/29837;2022/2023;2;98.36065573770492
https://www.vivoscuola.it/content/view/full/29837;2022/2023;3;95.34883720930233
https://www.vivoscuola.it/content/view/full/29837;2022/2023;4;93.33333333333333
https://www.vivoscuola.it/content/view/full/29837;2022/2023;5;92.85714285714286
https://www.vivoscuola.it/content/view/full/29837;2023/2024;1;80.7017543859649
https://www.vivoscuola.it/content/view/full/29837;2023/2024;2;95.23809523809523
https://www.vivoscuola.it/content/view/full/29837;2023/2024;3;95.08196721311475
https://www.vivoscuola.it/content/view/full/29837;2023/2024;4;97.5
https://www.vivoscuola.it/content/view/full/29837;2023/2024;5;92.85714285714286
https://www.vivoscuola.it/content/view/full/29837;2024/2025;1;88.0
https://www.vivoscuola.it/content/view/full/29837;2024/2025;2;96.29629629629629
https://www.vivoscuola.it/content/view/full/29837;2024/2025;3;95.45454545454545
https://www.vivoscuola.it/content/view/full/29837;2024/2025;4;98.11320754716981
https://www.vivoscuola.it/content/view/full/29837;2024/2025;5;100.0
https://www.vivoscuola.it/content/view/full/29836;2022/2023;1;0.0
https://www.vivoscuola.it/content/view/full/29836;2022/2023;2;0.0
https://www.vivoscuola.it/content/view/full/29836;2022/2023;3;76.92307692307693
https://www.vivoscuola.it/content/view/full/29836;2023/2024;1;0.0
https://www.vivoscuola.it/content/view/full/29836;2023/2024;2;0.0
https://www.vivoscuola.it/content/view/full/29836;2023/2024;3;56.25
https://www.vivoscuola.it/content/view/full/29836;2024/2025;1;0.0
https://www.vivoscuola.it/content/view/full/29836;2024/2025;2;0.0
https://www.vivoscuola.it/content/view/full/29836;2024/2025;3;53.333333333333336
https://www.vivoscuola.it/content/view/full/29840;2022/2023;1;0.0
https://www.vivoscuola.it/content/view/full/29840;2022/2023;2;0.0
https://www.vivoscuola.it/content/view/full/29840;2022/2023;3;0.0
https://www.vivoscuola.it/content/view/full/29840;2022/2023;4;66.66666666666666
https://www.vivoscuola.it/content/view/full/29840;2022/2023;5;100.0
https://www.vivoscuola.it/content/view/full/29840;2023/2024;1;0.0
https://www.vivoscuola.it/content/view/full/29840;2023/2024;2;0.0
https://www.vivoscuola.it/content/view/full/29840;2023/2024;3;0.0
https://www.vivoscuola.it/content/view/full/29840;2023/2024;4;50.0
https://www.vivoscuola.it/content/view/full/29840;2023/2024;5;50.0
https://www.vivoscuola.it/content/view/full/29840;2024/2025;1;0.0
https://www.vivoscuola.it/content/view/full/29840;2024/2025;2;0.0
https://www.vivoscuola.it/content/view/full/29840;2024/2025;3;20.0
https://www.vivoscuola.it/content/view/full/29840;2024/2025;4;33.33333333333333
https://www.vivoscuola.it/content/view/full/29840;2024/2025;5;100.0
https://www.vivoscuola.it/content/view/full/29838;2022/2023;1;0.0
https://www.vivoscuola.it/content/view/full/29838;2022/2023;2;0.0
https://www.vivoscuola.it/content/view/full/29838;2022/2023;3;0.0
https://www.vivoscuola.it/content/view/full/29838;2022/2023;4;53.84615384615385
https://www.vivoscuola.it/content/view/full/29838;2022/2023;5;80.0
https://www.vivoscuola.it/content/view/full/29838;2023/2024;1;0.0
https://www.vivoscuola.it/content/view/full/29838;2023/2024;2;0.0
https://www.vivoscuola.it/content/view/full/29838;2023/2024;3;0.0
https://www.vivoscuola.it/content/view/full/29838;2023/2024;4;80.0
https://www.vivoscuola.it/content/view/full/29838;2023/2024;5;77.77777777777779
https://www.vivoscuola.it/content/view/full/29838;2024/2025;1;0.0
https://www.vivoscuola.it/content/view/full/29838;2024/2025;2;0.0
https://www.vivoscuola.it/content/view/full/29838;2024/2025;3;0.0
https://www.vivoscuola.it/content/view/full/29838;2024/2025;4;58.333333333333336
https://www.vivoscuola.it/content/view/full/29838;2024/2025;5;88.88888888888889
https://www.vivoscuola.it/content/view/full/29525;2022/2023;1;96.96969696969697
https://www.vivoscuola.it/content/view/full/29525;2022/2023;2;100.0
https://www.vivoscuola.it/content/view/full/29525;2022/2023;3;100.0
https://www.vivoscuola.it/content/view/full/29525;2022/2023;4;100.0
https://www.vivoscuola.it/content/view/full/29525;2022/2023;5;100.0
https://www.vivoscuola.it/content/view/full/29525;2023/2024;1;100.0
https://www.vivoscuola.it/content/view/full/29525;2023/2024;2;100.0
https://www.vivoscuola.it/content/view/full/29525;2023/2024;3;100.0
https://www.vivoscuola.it/content/view/full/29525;2023/2024;4;100.0
https://www.vivoscuola.it/content/view/full/29525;2023/2024;5;100.0
https://www.vivoscuola.it/content/view/full/29525;2024/2025;1;94.73684210526315
https://www.vivoscuola.it/content/view/full/29525;2024/2025;2;100.0
https://www.vivoscuola.it/content/view/full/29525;2024/2025;3;100.0
https://www.vivoscuola.it/content/view/full/29525;2024/2025;4;100.0
https://www.vivoscuola.it/content/view/full/29525;2024/2025;5;100.0
https://www.vivoscuola.it/content/view/full/29839;2022/2023;1;90.2439024390244
https://www.vivoscuola.it/content/view/full/29839;2022/2023;2;94.11764705882352
https://www.vivoscuola.it/content/view/full/29839;2022/2023;3;93.54838709677419
https://www.vivoscuola.it/content/view/full/29839;2022/2023;4;94.89795918367348
https://www.vivoscuola.it/content/view/full/29839;2022/2023;5;96.3855421686747
https://www.vivoscuola.it/content/view/full/29839;2023/2024;1;85.71428571428571
https://www.vivoscuola.it/content/view/full/29839;2023/2024;2;93.82716049382715
https://www.vivoscuola.it/content/view/full/29839;2023/2024;3;98.71794871794873
https://www.vivoscuola.it/content/view/full/29839;2023/2024;4;91.30434782608695
https://www.vivoscuola.it/content/view/full/29839;2023/2024;5;98.93617021276596
https://www.vivoscuola.it/content/view/full/29839;2024/2025;1;83.51648351648352
https://www.vivoscuola.it/content/view/full/29839;2024/2025;2;96.0
https://www.vivoscuola.it/content/view/full/29839;2024/2025;3;96.15384615384616
https://www.vivoscuola.it/content/view/full/29839;2024/2025;4;94.9367088607595
https://www.vivoscuola.it/content/view/full/29839;2024/2025;5;100.0
https://www.vivoscuola.it/content/view/full/29524;2022/2023;1;100.0
https://www.vivoscuola.it/content/view/full/29524;2022/2023;2;100.0
https://www.vivoscuola.it/content/view/full/29524;2022/2023;3;100.0
https://www.vivoscuola.it/content/view/full/29524;2022/2023;4;100.0
https://www.vivoscuola.it/content/view/full/29524;2022/2023;5;100.0
https://www.vivoscuola.it/content/view/full/29524;2023/2024;1;100.0
https://www.vivoscuola.it/content/view/full/29524;2023/2024;2;100.0
https://www.vivoscuola.it/content/view/full/29524;2023/2024;3;100.0
https://www.vivoscuola.it/content/view/full/29524;2023/2024;4;100.0
https://www.vivoscuola.it/content/view/full/29524;2023/2024;5;95.83333333333334
https://www.vivoscuola.it/content/view/full/29524;2024/2025;1;100.0
https://www.vivoscuola.it/content/view/full/29524;2024/2025;2;100.0
https://www.vivoscuola.it/content/view/full/29524;2024/2025;3;100.0
https://www.vivoscuola.it/content/view/full/29524;2024/2025;4;100.0
https://www.vivoscuola.it/content/view/full/29524;2024/2025;5;100.0
https://www.vivoscuola.it/content/view/full/29526;2022/2023;1;100.0
https://www.vivoscuola.it/content/view/full/29526;2022/2023;2;100.0
https://www.vivoscuola.it/content/view/full/29526;2022/2023;3;100.0
https://www.vivoscuola.it/content/view/full/29526;2022/2023;4;100.0
https://www.vivoscuola.it/content/view/full/29526;2022/2023;5;100.0
https://www.vivoscuola.it/content/view/full/29526;2023/2024;1;100.0
https://www.vivoscuola.it/content/view/full/29526;2023/2024;2;100.0
https://www.vivoscuola.it/content/view/full/29526;2023/2024;3;96.55172413793103
https://www.vivoscuola.it/content/view/full/29526;2023/2024;4;100.0
https://www.vivoscuola.it/content/view/full/29526;2023/2024;5;100.0
https://www.vivoscuola.it/content/view/full/29526;2024/2025;1;100.0
https://www.vivoscuola.it/content/view/full/29526;2024/2025;2;100.0
https://www.vivoscuola.it/content/view/full/29526;2024/2025;3;100.0
https://www.vivoscuola.it/content/view/full/29526;2024/2025;4;100.0
https://www.vivoscuola.it/content/view/full/29526;2024/2025;5;100.0
https://www.vivoscuola.it/content/view/full/29528;2022/2023;1;98.48484848484848
https://www.vivoscuola.it/content/view/full/29528;2022/2023;2;96.72131147540983
https://www.vivoscuola.it/content/view/full/29528;2022/2023;3;96.42857142857143
https://www.vivoscuola.it/content/view/full/29528;2023/2024;1;95.91836734693877
https://www.vivoscuola.it/content/view/full/29528;2023/2024;2;98.4375
https://www.vivoscuola.it/content/view/full/29528;2023/2024;3;95.16129032258065
https://www.vivoscuola.it/content/view/full/29528;2024/2025;1;98.4126984126984
https://www.vivoscuola.it/content/view/full/29528;2024/2025;2;100.0
https://www.vivoscuola.it/content/view/full/29528;2024/2025;3;100.0
https://www.vivoscuola.it/content/view/full/29529;2022/2023;1;93.87755102040816
https://www.vivoscuola.it/content/view/full/29529;2022/2023;2;95.0
https://www.vivoscuola.it/content/view/full/29529;2022/2023;3;98.14814814814815
https://www.vivoscuola.it/content/view/full/29529;2023/2024;1;100.0
https://www.vivoscuola.it/content/view/full/29529;2023/2024;2;97.91666666666666
https://www.vivoscuola.it/content/view/full/29529;2023/2024;3;91.8918918918919
https://www.vivoscuola.it/content/view/full/29529;2024/2025;1;97.72727272727273
https://www.vivoscuola.it/content/view/full/29529;2024/2025;2;97.87234042553192
https://www.vivoscuola.it/content/view/full/29529;2024/2025;3;94.0
https://www.vivoscuola.it/content/view/full/29908;2022/2023;1;85.0
https://www.vivoscuola.it/content/view/full/29908;2022/2023;2;85.71428571428571
https://www.vivoscuola.it/content/view/full/29908;2022/2023;3;96.875
https://www.vivoscuola.it/content/view/full/29908;2022/2023;4;97.14285714285714
https://www.vivoscuola.it/content/view/full/29908;2022/2023;5;94.73684210526315
https://www.vivoscuola.it/content/view/full/29908;2023/2024;1;89.1891891891892
https://www.vivoscuola.it/content/view/full/29908;2023/2024;2;97.22222222222221
https://www.vivoscuola.it/content/view/full/29908;2023/2024;3;96.7741935483871
https://www.vivoscuola.it/content/view/full/29908;2023/2024;4;100.0
https://www.vivoscuola.it/content/view/full/29908;2023/2024;5;100.0
https://www.vivoscuola.it/content/view/full/29908;2024/2025;1;88.63636363636364
https://www.vivoscuola.it/content/view/full/29908;2024/2025;2;97.2972972972973
https://www.vivoscuola.it/content/view/full/29908;2024/2025;3;100.0
https://www.vivoscuola.it/content/view/full/29908;2024/2025;4;96.55172413793103
https://www.vivoscuola.it/content/view/full/29908;2024/2025;5;100.0
https://www.vivoscuola.it/content/view/full/29527;2022/2023;1;100.0
https://www.vivoscuola.it/content/view/full/29527;2022/2023;2;100.0
https://www.vivoscuola.it/content/view/full/29527;2022/2023;3;100.0
https://www.vivoscuola.it/content/view/full/29527;2022/2023;4;100.0
https://www.vivoscuola.it/content/view/full/29527;2022/2023;5;100.0
https://www.vivoscuola.it/content/view/full/29527;2023/2024;1;100.0
https://www.vivoscuola.it/content/view/full/29527;2023/2024;2;100.0
https://www.vivoscuola.it/content/view/full/29527;2023/2024;3;100.0
https://www.vivoscuola.it/content/view/full/29527;2023/2024;4;100.0
https://www.vivoscuola.it/content/view/full/29527;2023/2024;5;100.0
https://www.vivoscuola.it/content/view/full/29527;2024/2025;1;100.0
https://www.vivoscuola.it/content/view/full/29527;2024/2025;2;100.0
https://www.vivoscuola.it/content/view/full/29527;2024/2025;3;100.0
https://www.vivoscuola.it/content/view/full/29527;2024/2025;4;100.0
https://www.vivoscuola.it/content/view/full/29527;2024/2025;5;100.0
https://www.vivoscuola.it/content/view/full/29910;2022/2023;1;92.0
https://www.vivoscuola.it/content/view/full/29910;2022/2023;2;96.29629629629629
https://www.vivoscuola.it/content/view/full/29910;2022/2023;3;100.0
https://www.vivoscuola.it/content/view/full/29910;2022/2023;4;96.66666666666667
https://www.vivoscuola.it/content/view/full/29910;2022/2023;5;100.0
https://www.vivoscuola.it/content/view/full/29910;2023/2024;1;100.0
https://www.vivoscuola.it/content/view/full/29910;2023/2024;2;100.0
https://www.vivoscuola.it/content/view/full/29910;2023/2024;3;96.29629629629629
https://www.vivoscuola.it/content/view/full/29910;2023/2024;4;100.0
https://www.vivoscuola.it/content/view/full/29910;2023/2024;5;100.0
https://www.vivoscuola.it/content/view/full/29910;2024/2025;1;94.73684210526315
https://www.vivoscuola.it/content/view/full/29910;2024/2025;2;100.0
https://www.vivoscuola.it/content/view/full/29910;2024/2025;3;94.44444444444444
https://www.vivoscuola.it/content/view/full/29910;2024/2025;4;100.0
https://www.vivoscuola.it/content/view/full/29910;2024/2025;5;100.0
https://www.vivoscuola.it/content/view/full/29909;2022/2023;1;96.875
https://www.vivoscuola.it/content/view/full/29909;2022/2023;2;94.11764705882352
https://www.vivoscuola.it/content/view/full/29909;2022/2023;3;100.0
https://www.vivoscuola.it/content/view/full/29909;2022/2023;4;100.0
https://www.vivoscuola.it/content/view/full/29909;2022/2023;5;100.0
https://www.vivoscuola.it/content/view/full/29909;2023/2024;1;86.95652173913044
https://www.vivoscuola.it/content/view/full/29909;2023/2024;2;96.7741935483871
https://www.vivoscuola.it/content/view/full/29909;2023/2024;3;100.0
https://www.vivoscuola.it/content/view/full/29909;2023/2024;4;100.0
https://www.vivoscuola.it/content/view/full/29909;2023/2024;5;93.33333333333333
https://www.vivoscuola.it/content/view/full/29909;2024/2025;1;92.3076923076923
https://www.vivoscuola.it/content/view/full/29909;2024/2025;2;94.44444444444444
https://www.vivoscuola.it/content/view/full/29909;2024/2025;3;93.33333333333333
https://www.vivoscuola.it/content/view/full/29909;2024/2025;4;96.7741935483871
https://www.vivoscuola.it/content/view/full/29909;2024/2025;5;100.0
https://www.vivoscuola.it/content/view/full/29913;2022/2023;1;100.0
https://www.vivoscuola.it/content/view/full/29913;2022/2023;2;100.0
https://www.vivoscuola.it/content/view/full/29913;2022/2023;3;100.0
https://www.vivoscuola.it/content/view/full/29913;2022/2023;4;100.0
https://www.vivoscuola.it/content/view/full/29913;2022/2023;5;100.0
https://www.vivoscuola.it/content/view/full/29913;2023/2024;1;100.0
https://www.vivoscuola.it/content/view/full/29913;2023/2024;2;100.0
https://www.vivoscuola.it/content/view/full/29913;2023/2024;3;100.0
https://www.vivoscuola.it/content/view/full/29913;2023/2024;4;100.0
https://www.vivoscuola.it/content/view/full/29913;2023/2024;5;100.0
https://www.vivoscuola.it/content/view/full/29913;2024/2025;1;100.0
https://www.vivoscuola.it/content/view/full/29913;2024/2025;2;100.0
https://www.vivoscuola.it/content/view/full/29913;2024/2025;3;96.15384615384616
https://www.vivoscuola.it/content/view/full/29913;2024/2025;4;100.0
https://www.vivoscuola.it/content/view/full/29913;2024/2025;5;100.0
https://www.vivoscuola.it/content/view/full/29911;2022/2023;1;83.33333333333334
https://www.vivoscuola.it/content/view/full/29911;2022/2023;2;100.0
https://www.vivoscuola.it/content/view/full/29911;2022/2023;3;100.0
https://www.vivoscuola.it/content/view/full/29911;2022/2023;4;100.0
https://www.vivoscuola.it/content/view/full/29911;2022/2023;5;100.0
https://www.vivoscuola.it/content/view/full/29911;2023/2024;1;87.5
https://www.vivoscuola.it/content/view/full/29911;2023/2024;2;100.0
https://www.vivoscuola.it/content/view/full/29911;2023/2024;3;100.0
https://www.vivoscuola.it/content/view/full/29911;2023/2024;4;100.0
https://www.vivoscuola.it/content/view/full/29911;2023/2024;5;100.0
https://www.vivoscuola.it/content/view/full/29911;2024/2025;1;100.0
https://www.vivoscuola.it/content/view/full/29911;2024/2025;2;100.0
https://www.vivoscuola.it/content/view/full/29911;2024/2025;3;100.0
https://www.vivoscuola.it/content/view/full/29911;2024/2025;4;100.0
https://www.vivoscuola.it/content/view/full/29911;2024/2025;5;100.0
https://www.vivoscuola.it/content/view/full/29914;2022/2023;1;100.0
https://www.vivoscuola.it/content/view/full/29914;2022/2023;2;100.0
https://www.vivoscuola.it/content/view/full/29914;2022/2023;3;100.0
https://www.vivoscuola.it/content/view/full/29914;2022/2023;4;100.0
https://www.vivoscuola.it/content/view/full/29914;2022/2023;5;100.0
https://www.vivoscuola.it/content/view/full/29914;2023/2024;1;100.0
https://www.vivoscuola.it/content/view/full/29914;2023/2024;2;100.0
https://www.vivoscuola.it/content/view/full/29914;2023/2024;3;100.0
https://www.vivoscuola.it/content/view/full/29914;2023/2024;4;100.0
https://www.vivoscuola.it/content/view/full/29914;2023/2024;5;100.0
https://www.vivoscuola.it/content/view/full/29914;2024/2025;1;100.0
https://www.vivoscuola.it/content/view/full/29914;2024/2025;2;100.0
https://www.vivoscuola.it/content/view/full/29914;2024/2025;3;100.0
https://www.vivoscuola.it/content/view/full/29914;2024/2025;4;100.0
https://www.vivoscuola.it/content/view/full/29914;2024/2025;5;100.0
https://www.vivoscuola.it/content/view/full/29916;2022/2023;1;96.0
https://www.vivoscuola.it/content/view/full/29916;2022/2023;2;100.0
https://www.vivoscuola.it/content/view/full/29916;2022/2023;3;100.0
https://www.vivoscuola.it/content/view/full/29916;2023/2024;1;100.0
https://www.vivoscuola.it/content/view/full/29916;2023/2024;2;100.0
https://www.vivoscuola.it/content/view/full/29916;2023/2024;3;100.0
https://www.vivoscuola.it/content/view/full/29916;2024/2025;1;100.0
https://www.vivoscuola.it/content/view/full/29916;2024/2025;2;96.42857142857143
https://www.vivoscuola.it/content/view/full/29916;2024/2025;3;100.0
https://www.vivoscuola.it/content/view/full/29912;2022/2023;1;100.0
https://www.vivoscuola.it/content/view/full/29912;2022/2023;2;100.0
https://www.vivoscuola.it/content/view/full/29912;2022/2023;3;100.0
https://www.vivoscuola.it/content/view/full/29912;2022/2023;4;100.0
https://www.vivoscuola.it/content/view/full/29912;2022/2023;5;100.0
https://www.vivoscuola.it/content/view/full/29912;2023/2024;1;100.0
https://www.vivoscuola.it/content/view/full/29912;2023/2024;2;100.0
https://www.vivoscuola.it/content/view/full/29912;2023/2024;3;100.0
https://www.vivoscuola.it/content/view/full/29912;2023/2024;4;100.0
https://www.vivoscuola.it/content/view/full/29912;2023/2024;5;100.0
https://www.vivoscuola.it/content/view/full/29912;2024/2025;1;100.0
https://www.vivoscuola.it/content/view/full/29912;2024/2025;2;100.0
https://www.vivoscuola.it/content/view/full/29912;2024/2025;3;100.0
https://www.vivoscuola.it/content/view/full/29912;2024/2025;4;100.0
https://www.vivoscuola.it/content/view/full/29912;2024/2025;5;100.0
https://www.vivoscuola.it/content/view/full/29917;2022/2023;1;100.0
https://www.vivoscuola.it/content/view/full/29917;2022/2023;2;100.0
https://www.vivoscuola.it/content/view/full/29917;2022/2023;3;97.95918367346938
https://www.vivoscuola.it/content/view/full/29917;2023/2024;1;100.0
https://www.vivoscuola.it/content/view/full/29917;2023/2024;2;100.0
https://www.vivoscuola.it/content/view/full/29917;2023/2024;3;100.0
https://www.vivoscuola.it/content/view/full/29917;2024/2025;1;100.0
https://www.vivoscuola.it/content/view/full/29917;2024/2025;2;100.0
https://www.vivoscuola.it/content/view/full/29917;2024/2025;3;97.5
https://www.vivoscuola.it/content/view/full/29915;2022/2023;1;100.0
https://www.vivoscuola.it/content/view/full/29915;2022/2023;2;96.66666666666667
https://www.vivoscuola.it/content/view/full/29915;2022/2023;3;100.0
https://www.vivoscuola.it/content/view/full/29915;2023/2024;1;100.0
https://www.vivoscuola.it/content/view/full/29915;2023/2024;2;100.0
https://www.vivoscuola.it/content/view/full/29915;2023/2024;3;100.0
https://www.vivoscuola.it/content/view/full/29915;2024/2025;1;100.0
https://www.vivoscuola.it/content/view/full/29915;2024/2025;2;100.0
https://www.vivoscuola.it/content/view/full/29915;2024/2025;3;100.0
https://www.vivoscuola.it/content/view/full/122610;2022/2023;1;86.66666666666667
https://www.vivoscuola.it/content/view/full/122610;2022/2023;2;0.0
https://www.vivoscuola.it/content/view/full/122610;2022/2023;3;0.0
https://www.vivoscuola.it/content/view/full/122610;2023/2024;1;100.0
https://www.vivoscuola.it/content/view/full/122610;2023/2024;2;93.33333333333333
https://www.vivoscuola.it/content/view/full/122610;2023/2024;3;0.0
https://www.vivoscuola.it/content/view/full/122610;2024/2025;1;100.0
https://www.vivoscuola.it/content/view/full/122610;2024/2025;2;100.0
https://www.vivoscuola.it/content/view/full/122610;2024/2025;3;100.0
https://www.vivoscuola.it/content/view/full/29887;2022/2023;1;94.11764705882352
https://www.vivoscuola.it/content/view/full/29887;2022/2023;2;90.9090909090909
https://www.vivoscuola.it/content/view/full/29887;2022/2023;3;100.0
https://www.vivoscuola.it/content/view/full/29887;2022/2023;4;100.0
https://www.vivoscuola.it/content/view/full/29887;2022/2023;5;100.0
https://www.vivoscuola.it/content/view/full/29887;2023/2024;1;100.0
https://www.vivoscuola.it/content/view/full/29887;2023/2024;2;100.0
https://www.vivoscuola.it/content/view/full/29887;2023/2024;3;100.0
https://www.vivoscuola.it/content/view/full/29887;2023/2024;4;100.0
https://www.vivoscuola.it/content/view/full/29887;2023/2024;5;100.0
https://www.vivoscuola.it/content/view/full/29887;2024/2025;1;100.0
https://www.vivoscuola.it/content/view/full/29887;2024/2025;2;100.0
https://www.vivoscuola.it/content/view/full/29887;2024/2025;3;100.0
https://www.vivoscuola.it/content/view/full/29887;2024/2025;4;100.0
https://www.vivoscuola.it/content/view/full/29887;2024/2025;5;100.0
https://www.vivoscuola.it/content/view/full/29889;2022/2023;1;100.0
https://www.vivoscuola.it/content/view/full/29889;2022/2023;2;82.6086956521739
https://www.vivoscuola.it/content/view/full/29889;2022/2023;3;92.3076923076923
https://www.vivoscuola.it/content/view/full/29889;2022/2023;4;100.0
https://www.vivoscuola.it/content/view/full/29889;2022/2023;5;90.9090909090909
https://www.vivoscuola.it/content/view/full/29889;2023/2024;1;92.3076923076923
https://www.vivoscuola.it/content/view/full/29889;2023/2024;2;92.3076923076923
https://www.vivoscuola.it/content/view/full/29889;2023/2024;3;100.0
https://www.vivoscuola.it/content/view/full/29889;2023/2024;4;100.0
https://www.vivoscuola.it/content/view/full/29889;2023/2024;5;100.0
https://www.vivoscuola.it/content/view/full/29889;2024/2025;1;85.71428571428571
https://www.vivoscuola.it/content/view/full/29889;2024/2025;2;100.0
https://www.vivoscuola.it/content/view/full/29889;2024/2025;3;90.9090909090909
https://www.vivoscuola.it/content/view/full/29889;2024/2025;4;100.0
https://www.vivoscuola.it/content/view/full/29889;2024/2025;5;100.0
https://www.vivoscuola.it/content/view/full/29892;2022/2023;1;96.7741935483871
https://www.vivoscuola.it/content/view/full/29892;2022/2023;2;90.625
https://www.vivoscuola.it/content/view/full/29892;2022/2023;3;93.75
https://www.vivoscuola.it/content/view/full/29892;2022/2023;4;88.88888888888889
https://www.vivoscuola.it/content/view/full/29892;2022/2023;5;100.0
https://www.vivoscuola.it/content/view/full/29892;2023/2024;1;96.15384615384616
https://www.vivoscuola.it/content/view/full/29892;2023/2024;2;93.10344827586206
https://www.vivoscuola.it/content/view/full/29892;2023/2024;3;96.29629629629629
https://www.vivoscuola.it/content/view/full/29892;2023/2024;4;93.75
https://www.vivoscuola.it/content/view/full/29892;2023/2024;5;100.0
https://www.vivoscuola.it/content/view/full/29892;2024/2025;1;97.05882352941177
https://www.vivoscuola.it/content/view/full/29892;2024/2025;2;96.0
https://www.vivoscuola.it/content/view/full/29892;2024/2025;3;88.88888888888889
https://www.vivoscuola.it/content/view/full/29892;2024/2025;4;100.0
https://www.vivoscuola.it/content/view/full/29892;2024/2025;5;90.32258064516128
https://www.vivoscuola.it/content/view/full/29891;2022/2023;1;93.02325581395348
https://www.vivoscuola.it/content/view/full/29891;2022/2023;2;97.61904761904762
https://www.vivoscuola.it/content/view/full/29891;2022/2023;3;98.0392156862745
https://www.vivoscuola.it/content/view/full/29891;2022/2023;4;96.66666666666667
https://www.vivoscuola.it/content/view/full/29891;2022/2023;5;97.87234042553192
https://www.vivoscuola.it/content/view/full/29891;2023/2024;1;97.5
https://www.vivoscuola.it/content/view/full/29891;2023/2024;2;100.0
https://www.vivoscuola.it/content/view/full/29891;2023/2024;3;97.5
https://www.vivoscuola.it/content/view/full/29891;2023/2024;4;94.23076923076923
https://www.vivoscuola.it/content/view/full/29891;2023/2024;5;96.55172413793103
https://www.vivoscuola.it/content/view/full/29891;2024/2025;1;100.0
https://www.vivoscuola.it/content/view/full/29891;2024/2025;2;100.0
https://www.vivoscuola.it/content/view/full/29891;2024/2025;3;97.14285714285714
https://www.vivoscuola.it/content/view/full/29891;2024/2025;4;97.14285714285714
https://www.vivoscuola.it/content/view/full/29891;2024/2025;5;97.91666666666666
https://www.vivoscuola.it/content/view/full/29890;2022/2023;1;94.5945945945946
https://www.vivoscuola.it/content/view/full/29890;2022/2023;2;96.875
https://www.vivoscuola.it/content/view/full/29890;2022/2023;3;96.7741935483871
https://www.vivoscuola.it/content/view/full/29890;2022/2023;4;100.0
https://www.vivoscuola.it/content/view/full/29890;2022/2023;5;100.0
https://www.vivoscuola.it/content/view/full/29890;2023/2024;1;97.87234042553192
https://www.vivoscuola.it/content/view/full/29890;2023/2024;2;100.0
https://www.vivoscuola.it/content/view/full/29890;2023/2024;3;100.0
https://www.vivoscuola.it/content/view/full/29890;2023/2024;4;100.0
https://www.vivoscuola.it/content/view/full/29890;2023/2024;5;96.42857142857143
https://www.vivoscuola.it/content/view/full/29890;2024/2025;1;90.625
https://www.vivoscuola.it/content/view/full/29890;2024/2025;2;95.65217391304348
https://www.vivoscuola.it/content/view/full/29890;2024/2025;3;100.0
https://www.vivoscuola.it/content/view/full/29890;2024/2025;4;100.0
https://www.vivoscuola.it/content/view/full/29890;2024/2025;5;100.0
https://www.vivoscuola.it/content/view/full/29888;2022/2023;1;81.81818181818183
https://www.vivoscuola.it/content/view/full/29888;2022/2023;2;97.43589743589743
https://www.vivoscuola.it/content/view/full/29888;2022/2023;3;100.0
https://www.vivoscuola.it/content/view/full/29888;2022/2023;4;96.15384615384616
https://www.vivoscuola.it/content/view/full/29888;2022/2023;5;97.36842105263158
https://www.vivoscuola.it/content/view/full/29888;2023/2024;1;95.0
https://www.vivoscuola.it/content/view/full/29888;2023/2024;2;100.0
https://www.vivoscuola.it/content/view/full/29888;2023/2024;3;95.1219512195122
https://www.vivoscuola.it/content/view/full/29888;2023/2024;4;100.0
https://www.vivoscuola.it/content/view/full/29888;2023/2024;5;100.0
https://www.vivoscuola.it/content/view/full/29888;2024/2025;1;96.66666666666667
https://www.vivoscuola.it/content/view/full/29888;2024/2025;2;97.36842105263158
https://www.vivoscuola.it/content/view/full/29888;2024/2025;3;100.0
https://www.vivoscuola.it/content/view/full/29888;2024/2025;4;100.0
https://www.vivoscuola.it/content/view/full/29888;2024/2025;5;100.0
https://www.vivoscuola.it/content/view/full/29695;2022/2023;1;95.23809523809523
https://www.vivoscuola.it/content/view/full/29695;2022/2023;2;98.85057471264368
https://www.vivoscuola.it/content/view/full/29695;2022/2023;3;97.84946236559139
https://www.vivoscuola.it/content/view/full/29695;2023/2024;1;98.93617021276596
https://www.vivoscuola.it/content/view/full/29695;2023/2024;2;100.0
https://www.vivoscuola.it/content/view/full/29695;2023/2024;3;100.0
https://www.vivoscuola.it/content/view/full/29695;2024/2025;1;100.0
https://www.vivoscuola.it/content/view/full/29695;2024/2025;2;97.77777777777777
https://www.vivoscuola.it/content/view/full/29695;2024/2025;3;98.91304347826086
https://www.vivoscuola.it/content/view/full/29692;2022/2023;1;100.0
https://www.vivoscuola.it/content/view/full/29692;2022/2023;2;100.0
https://www.vivoscuola.it/content/view/full/29692;2022/2023;3;100.0
https://www.vivoscuola.it/content/view/full/29692;2022/2023;4;100.0
https://www.vivoscuola.it/content/view/full/29692;2022/2023;5;100.0
https://www.vivoscuola.it/content/view/full/29692;2023/2024;1;100.0
https://www.vivoscuola.it/content/view/full/29692;2023/2024;2;100.0
https://www.vivoscuola.it/content/view/full/29692;2023/2024;3;100.0
https://www.vivoscuola.it/content/view/full/29692;2023/2024;4;100.0
https://www.vivoscuola.it/content/view/full/29692;2023/2024;5;100.0
https://www.vivoscuola.it/content/view/full/29692;2024/2025;1;100.0
https://www.vivoscuola.it/content/view/full/29692;2024/2025;2;100.0
https://www.vivoscuola.it/content/view/full/29692;2024/2025;3;100.0
https://www.vivoscuola.it/content/view/full/29692;2024/2025;4;98.07692307692307
https://www.vivoscuola.it/content/view/full/29692;2024/2025;5;100.0
https://www.vivoscuola.it/content/view/full/29693;2022/2023;1;100.0
https://www.vivoscuola.it/content/view/full/29693;2022/2023;2;100.0
https://www.vivoscuola.it/content/view/full/29693;2022/2023;3;100.0
https://www.vivoscuola.it/content/view/full/29693;2022/2023;4;100.0
https://www.vivoscuola.it/content/view/full/29693;2022/2023;5;100.0
https://www.vivoscuola.it/content/view/full/29693;2023/2024;1;100.0
https://www.vivoscuola.it/content/view/full/29693;2023/2024;2;100.0
https://www.vivoscuola.it/content/view/full/29693;2023/2024;3;100.0
https://www.vivoscuola.it/content/view/full/29693;2023/2024;4;100.0
https://www.vivoscuola.it/content/view/full/29693;2023/2024;5;100.0
https://www.vivoscuola.it/content/view/full/29693;2024/2025;1;100.0
https://www.vivoscuola.it/content/view/full/29693;2024/2025;2;100.0
https://www.vivoscuola.it/content/view/full/29693;2024/2025;3;100.0
https://www.vivoscuola.it/content/view/full/29693;2024/2025;4;100.0
https://www.vivoscuola.it/content/view/full/29693;2024/2025;5;100.0
https://www.vivoscuola.it/content/view/full/29479;2022/2023;1;100.0
https://www.vivoscuola.it/content/view/full/29479;2022/2023;2;100.0
https://www.vivoscuola.it/content/view/full/29479;2022/2023;3;100.0
https://www.vivoscuola.it/content/view/full/29479;2022/2023;4;100.0
https://www.vivoscuola.it/content/view/full/29479;2022/2023;5;100.0
https://www.vivoscuola.it/content/view/full/29479;2023/2024;1;100.0
https://www.vivoscuola.it/content/view/full/29479;2023/2024;2;95.45454545454545
https://www.vivoscuola.it/content/view/full/29479;2023/2024;3;100.0
https://www.vivoscuola.it/content/view/full/29479;2023/2024;4;100.0
https://www.vivoscuola.it/content/view/full/29479;2023/2024;5;100.0
https://www.vivoscuola.it/content/view/full/29479;2024/2025;1;100.0
https://www.vivoscuola.it/content/view/full/29479;2024/2025;2;100.0
https://www.vivoscuola.it/content/view/full/29479;2024/2025;3;100.0
https://www.vivoscuola.it/content/view/full/29479;2024/2025;4;100.0
https://www.vivoscuola.it/content/view/full/29479;2024/2025;5;100.0
https://www.vivoscuola.it/content/view/full/29481;2022/2023;1;100.0
https://www.vivoscuola.it/content/view/full/29481;2022/2023;2;100.0
https://www.vivoscuola.it/content/view/full/29481;2022/2023;3;100.0
https://www.vivoscuola.it/content/view/full/29481;2023/2024;1;100.0
https://www.vivoscuola.it/content/view/full/29481;2023/2024;2;100.0
https://www.vivoscuola.it/content/view/full/29481;2023/2024;3;100.0
https://www.vivoscuola.it/content/view/full/29481;2024/2025;1;100.0
https://www.vivoscuola.it/content/view/full/29481;2024/2025;2;95.0
https://www.vivoscuola.it/content/view/full/29481;2024/2025;3;94.73684210526315
https://www.vivoscuola.it/content/view/full/29478;2022/2023;1;100.0
https://www.vivoscuola.it/content/view/full/29478;2022/2023;2;100.0
https://www.vivoscuola.it/content/view/full/29478;2022/2023;3;100.0
https://www.vivoscuola.it/content/view/full/29478;2022/2023;4;100.0
https://www.vivoscuola.it/content/view/full/29478;2022/2023;5;100.0
https://www.vivoscuola.it/content/view/full/29478;2023/2024;1;100.0
https://www.vivoscuola.it/content/view/full/29478;2023/2024;2;100.0
https://www.vivoscuola.it/content/view/full/29478;2023/2024;3;100.0
https://www.vivoscuola.it/content/view/full/29478;2023/2024;4;100.0
https://www.vivoscuola.it/content/view/full/29478;2023/2024;5;100.0
https://www.vivoscuola.it/content/view/full/29478;2024/2025;1;100.0
https://www.vivoscuola.it/content/view/full/29478;2024/2025;2;100.0
https://www.vivoscuola.it/content/view/full/29478;2024/2025;3;100.0
https://www.vivoscuola.it/content/view/full/29478;2024/2025;4;100.0
https://www.vivoscuola.it/content/view/full/29478;2024/2025;5;100.0
https://www.vivoscuola.it/content/view/full/29480;2022/2023;1;100.0
https://www.vivoscuola.it/content/view/full/29480;2022/2023;2;100.0
https://www.vivoscuola.it/content/view/full/29480;2022/2023;3;100.0
https://www.vivoscuola.it/content/view/full/29480;2023/2024;1;98.14814814814815
https://www.vivoscuola.it/content/view/full/29480;2023/2024;2;100.0
https://www.vivoscuola.it/content/view/full/29480;2023/2024;3;98.57142857142858
https://www.vivoscuola.it/content/view/full/29480;2024/2025;1;98.33333333333333
https://www.vivoscuola.it/content/view/full/29480;2024/2025;2;100.0
https://www.vivoscuola.it/content/view/full/29480;2024/2025;3;98.63013698630137
https://www.vivoscuola.it/content/view/full/29273;2022/2023;1;96.96969696969697
https://www.vivoscuola.it/content/view/full/29273;2022/2023;2;92.06349206349206
https://www.vivoscuola.it/content/view/full/29273;2022/2023;3;84.12698412698413
https://www.vivoscuola.it/content/view/full/29273;2022/2023;4;92.98245614035088
https://www.vivoscuola.it/content/view/full/29273;2023/2024;1;98.21428571428571
https://www.vivoscuola.it/content/view/full/29273;2023/2024;2;97.01492537313433
https://www.vivoscuola.it/content/view/full/29273;2023/2024;3;84.61538461538461
https://www.vivoscuola.it/content/view/full/29273;2023/2024;4;84.31372549019608
https://www.vivoscuola.it/content/view/full/29273;2024/2025;1;96.82539682539682
https://www.vivoscuola.it/content/view/full/29273;2024/2025;2;96.66666666666667
https://www.vivoscuola.it/content/view/full/29273;2024/2025;3;74.64788732394366
https://www.vivoscuola.it/content/view/full/29273;2024/2025;4;92.5925925925926
https://www.vivoscuola.it/content/view/full/170201;2022/2023;1;0.0
https://www.vivoscuola.it/content/view/full/170201;2022/2023;2;0.0
https://www.vivoscuola.it/content/view/full/170201;2022/2023;3;0.0
https://www.vivoscuola.it/content/view/full/170201;2022/2023;4;0.0
https://www.vivoscuola.it/content/view/full/170201;2022/2023;5;0.0
https://www.vivoscuola.it/content/view/full/170201;2023/2024;1;0.0
https://www.vivoscuola.it/content/view/full/170201;2023/2024;2;0.0
https://www.vivoscuola.it/content/view/full/170201;2023/2024;3;0.0
https://www.vivoscuola.it/content/view/full/170201;2023/2024;4;0.0
https://www.vivoscuola.it/content/view/full/170201;2023/2024;5;0.0
https://www.vivoscuola.it/content/view/full/170201;2024/2025;1;0.0
https://www.vivoscuola.it/content/view/full/170201;2024/2025;2;0.0
https://www.vivoscuola.it/content/view/full/170201;2024/2025;3;0.0
https://www.vivoscuola.it/content/view/full/170201;2024/2025;4;0.0
https://www.vivoscuola.it/content/view/full/170201;2024/2025;5;88.23529411764706
https://www.vivoscuola.it/content/view/full/170198;2022/2023;1;0.0
https://www.vivoscuola.it/content/view/full/170198;2022/2023;2;0.0
https://www.vivoscuola.it/content/view/full/170198;2022/2023;3;0.0
https://www.vivoscuola.it/content/view/full/170198;2022/2023;4;0.0
https://www.vivoscuola.it/content/view/full/170198;2022/2023;5;0.0
https://www.vivoscuola.it/content/view/full/170198;2023/2024;1;0.0
https://www.vivoscuola.it/content/view/full/170198;2023/2024;2;0.0
https://www.vivoscuola.it/content/view/full/170198;2023/2024;3;0.0
https://www.vivoscuola.it/content/view/full/170198;2023/2024;4;0.0
https://www.vivoscuola.it/content/view/full/170198;2023/2024;5;0.0
https://www.vivoscuola.it/content/view/full/170198;2024/2025;1;0.0
https://www.vivoscuola.it/content/view/full/170198;2024/2025;2;0.0
https://www.vivoscuola.it/content/view/full/170198;2024/2025;3;0.0
https://www.vivoscuola.it/content/view/full/170198;2024/2025;4;0.0
https://www.vivoscuola.it/content/view/full/170198;2024/2025;5;71.875
https://www.vivoscuola.it/content/view/full/29264;2022/2023;1;78.35051546391753
https://www.vivoscuola.it/content/view/full/29264;2022/2023;2;71.60493827160494
https://www.vivoscuola.it/content/view/full/29264;2022/2023;3;77.02702702702703
https://www.vivoscuola.it/content/view/full/29264;2022/2023;4;87.27272727272727
https://www.vivoscuola.it/content/view/full/29264;2023/2024;1;69.76744186046511
https://www.vivoscuola.it/content/view/full/29264;2023/2024;2;80.41237113402062
https://www.vivoscuola.it/content/view/full/29264;2023/2024;3;74.28571428571429
https://www.vivoscuola.it/content/view/full/29264;2023/2024;4;80.48780487804879
https://www.vivoscuola.it/content/view/full/29264;2024/2025;1;74.0
https://www.vivoscuola.it/content/view/full/29264;2024/2025;2;87.67123287671232
https://www.vivoscuola.it/content/view/full/29264;2024/2025;3;87.5
https://www.vivoscuola.it/content/view/full/29264;2024/2025;4;92.5
https://www.vivoscuola.it/content/view/full/29261;2022/2023;1;74.13793103448276
https://www.vivoscuola.it/content/view/full/29261;2022/2023;2;91.48936170212765
https://www.vivoscuola.it/content/view/full/29261;2022/2023;3;95.91836734693877
https://www.vivoscuola.it/content/view/full/29261;2022/2023;4;100.0
https://www.vivoscuola.it/content/view/full/29261;2023/2024;1;62.857142857142854
https://www.vivoscuola.it/content/view/full/29261;2023/2024;2;97.67441860465115
https://www.vivoscuola.it/content/view/full/29261;2023/2024;3;100.0
https://www.vivoscuola.it/content/view/full/29261;2023/2024;4;97.05882352941177
https://www.vivoscuola.it/content/view/full/29261;2024/2025;1;85.41666666666666
https://www.vivoscuola.it/content/view/full/29261;2024/2025;2;96.0
https://www.vivoscuola.it/content/view/full/29261;2024/2025;3;92.3076923076923
https://www.vivoscuola.it/content/view/full/29261;2024/2025;4;100.0
https://www.vivoscuola.it/content/view/full/170196;2022/2023;1;0.0
https://www.vivoscuola.it/content/view/full/170196;2022/2023;2;0.0
https://www.vivoscuola.it/content/view/full/170196;2022/2023;3;0.0
https://www.vivoscuola.it/content/view/full/170196;2022/2023;4;0.0
https://www.vivoscuola.it/content/view/full/170196;2022/2023;5;0.0
https://www.vivoscuola.it/content/view/full/170196;2023/2024;1;0.0
https://www.vivoscuola.it/content/view/full/170196;2023/2024;2;0.0
https://www.vivoscuola.it/content/view/full/170196;2023/2024;3;0.0
https://www.vivoscuola.it/content/view/full/170196;2023/2024;4;0.0
https://www.vivoscuola.it/content/view/full/170196;2023/2024;5;0.0
https://www.vivoscuola.it/content/view/full/170196;2024/2025;1;0.0
https://www.vivoscuola.it/content/view/full/170196;2024/2025;2;0.0
https://www.vivoscuola.it/content/view/full/170196;2024/2025;3;0.0
https://www.vivoscuola.it/content/view/full/170196;2024/2025;4;0.0
https://www.vivoscuola.it/content/view/full/170196;2024/2025;5;86.66666666666667
https://www.vivoscuola.it/content/view/full/170197;2022/2023;1;0.0
https://www.vivoscuola.it/content/view/full/170197;2022/2023;2;0.0
https://www.vivoscuola.it/content/view/full/170197;2022/2023;3;0.0
https://www.vivoscuola.it/content/view/full/170197;2022/2023;4;0.0
https://www.vivoscuola.it/content/view/full/170197;2022/2023;5;0.0
https://www.vivoscuola.it/content/view/full/170197;2023/2024;1;0.0
https://www.vivoscuola.it/content/view/full/170197;2023/2024;2;0.0
https://www.vivoscuola.it/content/view/full/170197;2023/2024;3;0.0
https://www.vivoscuola.it/content/view/full/170197;2023/2024;4;0.0
https://www.vivoscuola.it/content/view/full/170197;2023/2024;5;0.0
https://www.vivoscuola.it/content/view/full/170197;2024/2025;1;0.0
https://www.vivoscuola.it/content/view/full/170197;2024/2025;2;0.0
https://www.vivoscuola.it/content/view/full/170197;2024/2025;3;0.0
https://www.vivoscuola.it/content/view/full/170197;2024/2025;4;0.0
https://www.vivoscuola.it/content/view/full/170197;2024/2025;5;94.73684210526315
https://www.vivoscuola.it/content/view/full/29262;2022/2023;1;71.42857142857143
https://www.vivoscuola.it/content/view/full/29262;2022/2023;2;96.0
https://www.vivoscuola.it/content/view/full/29262;2022/2023;3;82.05128205128204
https://www.vivoscuola.it/content/view/full/29262;2022/2023;4;87.5
https://www.vivoscuola.it/content/view/full/29262;2023/2024;1;67.56756756756756
https://www.vivoscuola.it/content/view/full/29262;2023/2024;2;84.61538461538461
https://www.vivoscuola.it/content/view/full/29262;2023/2024;3;86.20689655172413
https://www.vivoscuola.it/content/view/full/29262;2023/2024;4;96.0
https://www.vivoscuola.it/content/view/full/29262;2024/2025;1;86.20689655172413
https://www.vivoscuola.it/content/view/full/29262;2024/2025;2;100.0
https://www.vivoscuola.it/content/view/full/29262;2024/2025;3;92.5925925925926
https://www.vivoscuola.it/content/view/full/29262;2024/2025;4;100.0
https://www.vivoscuola.it/content/view/full/29448;2022/2023;1;100.0
https://www.vivoscuola.it/content/view/full/29448;2022/2023;2;100.0
https://www.vivoscuola.it/content/view/full/29448;2022/2023;3;100.0
https://www.vivoscuola.it/content/view/full/29448;2022/2023;4;100.0
https://www.vivoscuola.it/content/view/full/29448;2022/2023;5;100.0
https://www.vivoscuola.it/content/view/full/29448;2023/2024;1;100.0
https://www.vivoscuola.it/content/view/full/29448;2023/2024;2;100.0
https://www.vivoscuola.it/content/view/full/29448;2023/2024;3;100.0
https://www.vivoscuola.it/content/view/full/29448;2023/2024;4;100.0
https://www.vivoscuola.it/content/view/full/29448;2023/2024;5;100.0
https://www.vivoscuola.it/content/view/full/29448;2024/2025;1;100.0
https://www.vivoscuola.it/content/view/full/29448;2024/2025;2;100.0
https://www.vivoscuola.it/content/view/full/29448;2024/2025;3;100.0
https://www.vivoscuola.it/content/view/full/29448;2024/2025;4;100.0
https://www.vivoscuola.it/content/view/full/29448;2024/2025;5;100.0
https://www.vivoscuola.it/content/view/full/29446;2022/2023;1;100.0
https://www.vivoscuola.it/content/view/full/29446;2022/2023;2;100.0
https://www.vivoscuola.it/content/view/full/29446;2022/2023;3;100.0
https://www.vivoscuola.it/content/view/full/29446;2022/2023;4;100.0
https://www.vivoscuola.it/content/view/full/29446;2022/2023;5;100.0
https://www.vivoscuola.it/content/view/full/29446;2023/2024;1;100.0
https://www.vivoscuola.it/content/view/full/29446;2023/2024;2;100.0
https://www.vivoscuola.it/content/view/full/29446;2023/2024;3;100.0
https://www.vivoscuola.it/content/view/full/29446;2023/2024;4;100.0
https://www.vivoscuola.it/content/view/full/29446;2023/2024;5;100.0
https://www.vivoscuola.it/content/view/full/29446;2024/2025;1;100.0
https://www.vivoscuola.it/content/view/full/29446;2024/2025;2;100.0
https://www.vivoscuola.it/content/view/full/29446;2024/2025;3;100.0
https://www.vivoscuola.it/content/view/full/29446;2024/2025;4;100.0
https://www.vivoscuola.it/content/view/full/29446;2024/2025;5;100.0
https://www.vivoscuola.it/content/view/full/29447;2022/2023;1;100.0
https://www.vivoscuola.it/content/view/full/29447;2022/2023;2;100.0
https://www.vivoscuola.it/content/view/full/29447;2022/2023;3;100.0
https://www.vivoscuola.it/content/view/full/29447;2022/2023;4;100.0
https://www.vivoscuola.it/content/view/full/29447;2022/2023;5;100.0
https://www.vivoscuola.it/content/view/full/29447;2023/2024;1;100.0
https://www.vivoscuola.it/content/view/full/29447;2023/2024;2;100.0
https://www.vivoscuola.it/content/view/full/29447;2023/2024;3;100.0
https://www.vivoscuola.it/content/view/full/29447;2023/2024;4;100.0
https://www.vivoscuola.it/content/view/full/29447;2023/2024;5;100.0
https://www.vivoscuola.it/content/view/full/29447;2024/2025;1;100.0
https://www.vivoscuola.it/content/view/full/29447;2024/2025;2;100.0
https://www.vivoscuola.it/content/view/full/29447;2024/2025;3;100.0
https://www.vivoscuola.it/content/view/full/29447;2024/2025;4;100.0
https://www.vivoscuola.it/content/view/full/29447;2024/2025;5;100.0
https://www.vivoscuola.it/content/view/full/29449;2022/2023;1;100.0
https://www.vivoscuola.it/content/view/full/29449;2022/2023;2;97.33333333333334
https://www.vivoscuola.it/content/view/full/29449;2022/2023;3;97.05882352941177
https://www.vivoscuola.it/content/view/full/29449;2023/2024;1;98.71794871794873
https://www.vivoscuola.it/content/view/full/29449;2023/2024;2;96.61016949152543
https://www.vivoscuola.it/content/view/full/29449;2023/2024;3;96.05263157894737
https://www.vivoscuola.it/content/view/full/29449;2024/2025;1;95.38461538461539
https://www.vivoscuola.it/content/view/full/29449;2024/2025;2;96.29629629629629
https://www.vivoscuola.it/content/view/full/29449;2024/2025;3;96.55172413793103
https://www.vivoscuola.it/content/view/full/29627;2022/2023;1;100.0
https://www.vivoscuola.it/content/view/full/29627;2022/2023;2;100.0
https://www.vivoscuola.it/content/view/full/29627;2022/2023;3;100.0
https://www.vivoscuola.it/content/view/full/29627;2022/2023;4;100.0
https://www.vivoscuola.it/content/view/full/29627;2022/2023;5;100.0
https://www.vivoscuola.it/content/view/full/29627;2023/2024;1;93.75
https://www.vivoscuola.it/content/view/full/29627;2023/2024;2;100.0
https://www.vivoscuola.it/content/view/full/29627;2023/2024;3;100.0
https://www.vivoscuola.it/content/view/full/29627;2023/2024;4;100.0
https://www.vivoscuola.it/content/view/full/29627;2023/2024;5;100.0
https://www.vivoscuola.it/content/view/full/29627;2024/2025;1;100.0
https://www.vivoscuola.it/content/view/full/29627;2024/2025;2;100.0
https://www.vivoscuola.it/content/view/full/29627;2024/2025;3;100.0
https://www.vivoscuola.it/content/view/full/29627;2024/2025;4;100.0
https://www.vivoscuola.it/content/view/full/29627;2024/2025;5;100.0
https://www.vivoscuola.it/content/view/full/29626;2022/2023;1;100.0
https://www.vivoscuola.it/content/view/full/29626;2022/2023;2;100.0
https://www.vivoscuola.it/content/view/full/29626;2022/2023;3;100.0
https://www.vivoscuola.it/content/view/full/29626;2022/2023;4;100.0
https://www.vivoscuola.it/content/view/full/29626;2022/2023;5;100.0
https://www.vivoscuola.it/content/view/full/29626;2023/2024;1;98.14814814814815
https://www.vivoscuola.it/content/view/full/29626;2023/2024;2;100.0
https://www.vivoscuola.it/content/view/full/29626;2023/2024;3;98.50746268656717
https://www.vivoscuola.it/content/view/full/29626;2023/2024;4;100.0
https://www.vivoscuola.it/content/view/full/29626;2023/2024;5;100.0
https://www.vivoscuola.it/content/view/full/29626;2024/2025;1;100.0
https://www.vivoscuola.it/content/view/full/29626;2024/2025;2;98.14814814814815
https://www.vivoscuola.it/content/view/full/29626;2024/2025;3;100.0
https://www.vivoscuola.it/content/view/full/29626;2024/2025;4;100.0
https://www.vivoscuola.it/content/view/full/29626;2024/2025;5;98.07692307692307
https://www.vivoscuola.it/content/view/full/29628;2022/2023;1;100.0
https://www.vivoscuola.it/content/view/full/29628;2022/2023;2;100.0
https://www.vivoscuola.it/content/view/full/29628;2022/2023;3;100.0
https://www.vivoscuola.it/content/view/full/29628;2022/2023;4;100.0
https://www.vivoscuola.it/content/view/full/29628;2022/2023;5;100.0
https://www.vivoscuola.it/content/view/full/29628;2023/2024;1;97.36842105263158
https://www.vivoscuola.it/content/view/full/29628;2023/2024;2;100.0
https://www.vivoscuola.it/content/view/full/29628;2023/2024;3;100.0
https://www.vivoscuola.it/content/view/full/29628;2023/2024;4;100.0
https://www.vivoscuola.it/content/view/full/29628;2023/2024;5;100.0
https://www.vivoscuola.it/content/view/full/29628;2024/2025;1;100.0
https://www.vivoscuola.it/content/view/full/29628;2024/2025;2;100.0
https://www.vivoscuola.it/content/view/full/29628;2024/2025;3;100.0
https://www.vivoscuola.it/content/view/full/29628;2024/2025;4;100.0
https://www.vivoscuola.it/content/view/full/29628;2024/2025;5;100.0
https://www.vivoscuola.it/content/view/full/29718;2022/2023;1;100.0
https://www.vivoscuola.it/content/view/full/29718;2022/2023;2;100.0
https://www.vivoscuola.it/content/view/full/29718;2022/2023;3;100.0
https://www.vivoscuola.it/content/view/full/29718;2022/2023;4;100.0
https://www.vivoscuola.it/content/view/full/29718;2022/2023;5;100.0
https://www.vivoscuola.it/content/view/full/29718;2023/2024;1;100.0
https://www.vivoscuola.it/content/view/full/29718;2023/2024;2;100.0
https://www.vivoscuola.it/content/view/full/29718;2023/2024;3;100.0
https://www.vivoscuola.it/content/view/full/29718;2023/2024;4;100.0
https://www.vivoscuola.it/content/view/full/29718;2023/2024;5;100.0
https://www.vivoscuola.it/content/view/full/29718;2024/2025;1;100.0
https://www.vivoscuola.it/content/view/full/29718;2024/2025;2;100.0
https://www.vivoscuola.it/content/view/full/29718;2024/2025;3;100.0
https://www.vivoscuola.it/content/view/full/29718;2024/2025;4;100.0
https://www.vivoscuola.it/content/view/full/29718;2024/2025;5;100.0
https://www.vivoscuola.it/content/view/full/29630;2022/2023;1;98.36065573770492
https://www.vivoscuola.it/content/view/full/29630;2022/2023;2;99.375
https://www.vivoscuola.it/content/view/full/29630;2022/2023;3;100.0
https://www.vivoscuola.it/content/view/full/29630;2023/2024;1;98.02631578947368
https://www.vivoscuola.it/content/view/full/29630;2023/2024;2;99.16666666666667
https://www.vivoscuola.it/content/view/full/29630;2023/2024;3;99.38271604938271
https://www.vivoscuola.it/content/view/full/29630;2024/2025;1;98.70967741935483
https://www.vivoscuola.it/content/view/full/29630;2024/2025;2;99.32885906040269
https://www.vivoscuola.it/content/view/full/29630;2024/2025;3;97.45762711864407
https://www.vivoscuola.it/content/view/full/29719;2022/2023;1;100.0
https://www.vivoscuola.it/content/view/full/29719;2022/2023;2;100.0
https://www.vivoscuola.it/content/view/full/29719;2022/2023;3;100.0
https://www.vivoscuola.it/content/view/full/29719;2022/2023;4;100.0
https://www.vivoscuola.it/content/view/full/29719;2022/2023;5;100.0
https://www.vivoscuola.it/content/view/full/29719;2023/2024;1;100.0
https://www.vivoscuola.it/content/view/full/29719;2023/2024;2;100.0
https://www.vivoscuola.it/content/view/full/29719;2023/2024;3;100.0
https://www.vivoscuola.it/content/view/full/29719;2023/2024;4;100.0
https://www.vivoscuola.it/content/view/full/29719;2023/2024;5;100.0
https://www.vivoscuola.it/content/view/full/29719;2024/2025;1;100.0
https://www.vivoscuola.it/content/view/full/29719;2024/2025;2;100.0
https://www.vivoscuola.it/content/view/full/29719;2024/2025;3;100.0
https://www.vivoscuola.it/content/view/full/29719;2024/2025;4;100.0
https://www.vivoscuola.it/content/view/full/29719;2024/2025;5;100.0
https://www.vivoscuola.it/content/view/full/29720;2022/2023;1;100.0
https://www.vivoscuola.it/content/view/full/29720;2022/2023;2;100.0
https://www.vivoscuola.it/content/view/full/29720;2022/2023;3;100.0
https://www.vivoscuola.it/content/view/full/29720;2022/2023;4;100.0
https://www.vivoscuola.it/content/view/full/29720;2022/2023;5;100.0
https://www.vivoscuola.it/content/view/full/29720;2023/2024;1;100.0
https://www.vivoscuola.it/content/view/full/29720;2023/2024;2;100.0
https://www.vivoscuola.it/content/view/full/29720;2023/2024;3;100.0
https://www.vivoscuola.it/content/view/full/29720;2023/2024;4;100.0
https://www.vivoscuola.it/content/view/full/29720;2023/2024;5;100.0
https://www.vivoscuola.it/content/view/full/29720;2024/2025;1;100.0
https://www.vivoscuola.it/content/view/full/29720;2024/2025;2;100.0
https://www.vivoscuola.it/content/view/full/29720;2024/2025;3;100.0
https://www.vivoscuola.it/content/view/full/29720;2024/2025;4;100.0
https://www.vivoscuola.it/content/view/full/29720;2024/2025;5;100.0
https://www.vivoscuola.it/content/view/full/29722;2022/2023;1;100.0
https://www.vivoscuola.it/content/view/full/29722;2022/2023;2;100.0
https://www.vivoscuola.it/content/view/full/29722;2022/2023;3;100.0
https://www.vivoscuola.it/content/view/full/29722;2022/2023;4;100.0
https://www.vivoscuola.it/content/view/full/29722;2022/2023;5;100.0
https://www.vivoscuola.it/content/view/full/29722;2023/2024;1;100.0
https://www.vivoscuola.it/content/view/full/29722;2023/2024;2;100.0
https://www.vivoscuola.it/content/view/full/29722;2023/2024;3;100.0
https://www.vivoscuola.it/content/view/full/29722;2023/2024;4;100.0
https://www.vivoscuola.it/content/view/full/29722;2023/2024;5;100.0
https://www.vivoscuola.it/content/view/full/29722;2024/2025;1;100.0
https://www.vivoscuola.it/content/view/full/29722;2024/2025;2;100.0
https://www.vivoscuola.it/content/view/full/29722;2024/2025;3;100.0
https://www.vivoscuola.it/content/view/full/29722;2024/2025;4;100.0
https://www.vivoscuola.it/content/view/full/29722;2024/2025;5;100.0
https://www.vivoscuola.it/content/view/full/29721;2022/2023;1;100.0
https://www.vivoscuola.it/content/view/full/29721;2022/2023;2;100.0
https://www.vivoscuola.it/content/view/full/29721;2022/2023;3;100.0
https://www.vivoscuola.it/content/view/full/29721;2022/2023;4;100.0
https://www.vivoscuola.it/content/view/full/29721;2022/2023;5;100.0
https://www.vivoscuola.it/content/view/full/29721;2023/2024;1;100.0
https://www.vivoscuola.it/content/view/full/29721;2023/2024;2;100.0
https://www.vivoscuola.it/content/view/full/29721;2023/2024;3;100.0
https://www.vivoscuola.it/content/view/full/29721;2023/2024;4;100.0
https://www.vivoscuola.it/content/view/full/29721;2023/2024;5;100.0
https://www.vivoscuola.it/content/view/full/29721;2024/2025;1;100.0
https://www.vivoscuola.it/content/view/full/29721;2024/2025;2;100.0
https://www.vivoscuola.it/content/view/full/29721;2024/2025;3;100.0
https://www.vivoscuola.it/content/view/full/29721;2024/2025;4;100.0
https://www.vivoscuola.it/content/view/full/29721;2024/2025;5;100.0
https://www.vivoscuola.it/content/view/full/29724;2022/2023;1;100.0
https://www.vivoscuola.it/content/view/full/29724;2022/2023;2;100.0
https://www.vivoscuola.it/content/view/full/29724;2022/2023;3;100.0
https://www.vivoscuola.it/content/view/full/29724;2022/2023;4;100.0
https://www.vivoscuola.it/content/view/full/29724;2022/2023;5;100.0
https://www.vivoscuola.it/content/view/full/29724;2023/2024;1;100.0
https://www.vivoscuola.it/content/view/full/29724;2023/2024;2;100.0
https://www.vivoscuola.it/content/view/full/29724;2023/2024;3;100.0
https://www.vivoscuola.it/content/view/full/29724;2023/2024;4;100.0
https://www.vivoscuola.it/content/view/full/29724;2023/2024;5;100.0
https://www.vivoscuola.it/content/view/full/29724;2024/2025;1;100.0
https://www.vivoscuola.it/content/view/full/29724;2024/2025;2;100.0
https://www.vivoscuola.it/content/view/full/29724;2024/2025;3;100.0
https://www.vivoscuola.it/content/view/full/29724;2024/2025;4;100.0
https://www.vivoscuola.it/content/view/full/29724;2024/2025;5;100.0
https://www.vivoscuola.it/content/view/full/29725;2022/2023;1;100.0
https://www.vivoscuola.it/content/view/full/29725;2022/2023;2;97.87234042553192
https://www.vivoscuola.it/content/view/full/29725;2022/2023;3;100.0
https://www.vivoscuola.it/content/view/full/29725;2023/2024;1;100.0
https://www.vivoscuola.it/content/view/full/29725;2023/2024;2;98.0392156862745
https://www.vivoscuola.it/content/view/full/29725;2023/2024;3;100.0
https://www.vivoscuola.it/content/view/full/29725;2024/2025;1;100.0
https://www.vivoscuola.it/content/view/full/29725;2024/2025;2;100.0
https://www.vivoscuola.it/content/view/full/29725;2024/2025;3;100.0
https://www.vivoscuola.it/content/view/full/29723;2022/2023;1;100.0
https://www.vivoscuola.it/content/view/full/29723;2022/2023;2;100.0
https://www.vivoscuola.it/content/view/full/29723;2022/2023;3;100.0
https://www.vivoscuola.it/content/view/full/29723;2022/2023;4;100.0
https://www.vivoscuola.it/content/view/full/29723;2022/2023;5;100.0
https://www.vivoscuola.it/content/view/full/29723;2023/2024;1;100.0
https://www.vivoscuola.it/content/view/full/29723;2023/2024;2;100.0
https://www.vivoscuola.it/content/view/full/29723;2023/2024;3;100.0
https://www.vivoscuola.it/content/view/full/29723;2023/2024;4;100.0
https://www.vivoscuola.it/content/view/full/29723;2023/2024;5;100.0
https://www.vivoscuola.it/content/view/full/29723;2024/2025;1;100.0
https://www.vivoscuola.it/content/view/full/29723;2024/2025;2;100.0
https://www.vivoscuola.it/content/view/full/29723;2024/2025;3;100.0
https://www.vivoscuola.it/content/view/full/29723;2024/2025;4;100.0
https://www.vivoscuola.it/content/view/full/29723;2024/2025;5;100.0
https://www.vivoscuola.it/content/view/full/29726;2022/2023;1;100.0
https://www.vivoscuola.it/content/view/full/29726;2022/2023;2;100.0
https://www.vivoscuola.it/content/view/full/29726;2022/2023;3;100.0
https://www.vivoscuola.it/content/view/full/29726;2023/2024;1;100.0
https://www.vivoscuola.it/content/view/full/29726;2023/2024;2;100.0
https://www.vivoscuola.it/content/view/full/29726;2023/2024;3;100.0
https://www.vivoscuola.it/content/view/full/29726;2024/2025;1;100.0
https://www.vivoscuola.it/content/view/full/29726;2024/2025;2;100.0
https://www.vivoscuola.it/content/view/full/29726;2024/2025;3;100.0
https://www.vivoscuola.it/content/view/full/29727;2022/2023;1;97.14285714285714
https://www.vivoscuola.it/content/view/full/29727;2022/2023;2;100.0
https://www.vivoscuola.it/content/view/full/29727;2022/2023;3;100.0
https://www.vivoscuola.it/content/view/full/29727;2023/2024;1;100.0
https://www.vivoscuola.it/content/view/full/29727;2023/2024;2;100.0
https://www.vivoscuola.it/content/view/full/29727;2023/2024;3;100.0
https://www.vivoscuola.it/content/view/full/29727;2024/2025;1;100.0
https://www.vivoscuola.it/content/view/full/29727;2024/2025;2;100.0
https://www.vivoscuola.it/content/view/full/29727;2024/2025;3;100.0
https://www.vivoscuola.it/content/view/full/29622;2022/2023;1;100.0
https://www.vivoscuola.it/content/view/full/29622;2022/2023;2;100.0
https://www.vivoscuola.it/content/view/full/29622;2022/2023;3;100.0
https://www.vivoscuola.it/content/view/full/29622;2022/2023;4;100.0
https://www.vivoscuola.it/content/view/full/29622;2022/2023;5;100.0
https://www.vivoscuola.it/content/view/full/29622;2023/2024;1;100.0
https://www.vivoscuola.it/content/view/full/29622;2023/2024;2;100.0
https://www.vivoscuola.it/content/view/full/29622;2023/2024;3;100.0
https://www.vivoscuola.it/content/view/full/29622;2023/2024;4;100.0
https://www.vivoscuola.it/content/view/full/29622;2023/2024;5;100.0
https://www.vivoscuola.it/content/view/full/29622;2024/2025;1;100.0
https://www.vivoscuola.it/content/view/full/29622;2024/2025;2;100.0
https://www.vivoscuola.it/content/view/full/29622;2024/2025;3;100.0
https://www.vivoscuola.it/content/view/full/29622;2024/2025;4;100.0
https://www.vivoscuola.it/content/view/full/29622;2024/2025;5;100.0
https://www.vivoscuola.it/content/view/full/29621;2022/2023;1;100.0
https://www.vivoscuola.it/content/view/full/29621;2022/2023;2;100.0
https://www.vivoscuola.it/content/view/full/29621;2022/2023;3;100.0
https://www.vivoscuola.it/content/view/full/29621;2022/2023;4;100.0
https://www.vivoscuola.it/content/view/full/29621;2022/2023;5;100.0
https://www.vivoscuola.it/content/view/full/29621;2023/2024;1;100.0
https://www.vivoscuola.it/content/view/full/29621;2023/2024;2;100.0
https://www.vivoscuola.it/content/view/full/29621;2023/2024;3;100.0
https://www.vivoscuola.it/content/view/full/29621;2023/2024;4;100.0
https://www.vivoscuola.it/content/view/full/29621;2023/2024;5;100.0
https://www.vivoscuola.it/content/view/full/29621;2024/2025;1;100.0
https://www.vivoscuola.it/content/view/full/29621;2024/2025;2;100.0
https://www.vivoscuola.it/content/view/full/29621;2024/2025;3;100.0
https://www.vivoscuola.it/content/view/full/29621;2024/2025;4;100.0
https://www.vivoscuola.it/content/view/full/29621;2024/2025;5;100.0
https://www.vivoscuola.it/content/view/full/29620;2022/2023;1;97.5609756097561
https://www.vivoscuola.it/content/view/full/29620;2022/2023;2;100.0
https://www.vivoscuola.it/content/view/full/29620;2022/2023;3;97.36842105263158
https://www.vivoscuola.it/content/view/full/29620;2022/2023;4;100.0
https://www.vivoscuola.it/content/view/full/29620;2022/2023;5;100.0
https://www.vivoscuola.it/content/view/full/29620;2023/2024;1;100.0
https://www.vivoscuola.it/content/view/full/29620;2023/2024;2;100.0
https://www.vivoscuola.it/content/view/full/29620;2023/2024;3;100.0
https://www.vivoscuola.it/content/view/full/29620;2023/2024;4;100.0
https://www.vivoscuola.it/content/view/full/29620;2023/2024;5;100.0
https://www.vivoscuola.it/content/view/full/29620;2024/2025;1;100.0
https://www.vivoscuola.it/content/view/full/29620;2024/2025;2;100.0
https://www.vivoscuola.it/content/view/full/29620;2024/2025;3;100.0
https://www.vivoscuola.it/content/view/full/29620;2024/2025;4;100.0
https://www.vivoscuola.it/content/view/full/29620;2024/2025;5;100.0
https://www.vivoscuola.it/content/view/full/170202;2022/2023;1;0.0
https://www.vivoscuola.it/content/view/full/170202;2022/2023;2;0.0
https://www.vivoscuola.it/content/view/full/170202;2022/2023;3;0.0
https://www.vivoscuola.it/content/view/full/170202;2022/2023;4;0.0
https://www.vivoscuola.it/content/view/full/170202;2022/2023;5;0.0
https://www.vivoscuola.it/content/view/full/170202;2023/2024;1;0.0
https://www.vivoscuola.it/content/view/full/170202;2023/2024;2;0.0
https://www.vivoscuola.it/content/view/full/170202;2023/2024;3;0.0
https://www.vivoscuola.it/content/view/full/170202;2023/2024;4;0.0
https://www.vivoscuola.it/content/view/full/170202;2023/2024;5;0.0
https://www.vivoscuola.it/content/view/full/170202;2024/2025;1;0.0
https://www.vivoscuola.it/content/view/full/170202;2024/2025;2;0.0
https://www.vivoscuola.it/content/view/full/170202;2024/2025;3;0.0
https://www.vivoscuola.it/content/view/full/170202;2024/2025;4;0.0
https://www.vivoscuola.it/content/view/full/170202;2024/2025;5;94.44444444444444
https://www.vivoscuola.it/content/view/full/29623;2022/2023;1;100.0
https://www.vivoscuola.it/content/view/full/29623;2022/2023;2;95.23809523809523
https://www.vivoscuola.it/content/view/full/29623;2022/2023;3;100.0
https://www.vivoscuola.it/content/view/full/29623;2023/2024;1;100.0
https://www.vivoscuola.it/content/view/full/29623;2023/2024;2;94.11764705882352
https://www.vivoscuola.it/content/view/full/29623;2023/2024;3;100.0
https://www.vivoscuola.it/content/view/full/29623;2024/2025;1;100.0
https://www.vivoscuola.it/content/view/full/29623;2024/2025;2;100.0
https://www.vivoscuola.it/content/view/full/29623;2024/2025;3;100.0
https://www.vivoscuola.it/content/view/full/29624;2022/2023;1;98.11320754716981
https://www.vivoscuola.it/content/view/full/29624;2022/2023;2;100.0
https://www.vivoscuola.it/content/view/full/29624;2022/2023;3;98.07692307692307
https://www.vivoscuola.it/content/view/full/29624;2023/2024;1;98.11320754716981
https://www.vivoscuola.it/content/view/full/29624;2023/2024;2;100.0
https://www.vivoscuola.it/content/view/full/29624;2023/2024;3;100.0
https://www.vivoscuola.it/content/view/full/29624;2024/2025;1;100.0
https://www.vivoscuola.it/content/view/full/29624;2024/2025;2;100.0
https://www.vivoscuola.it/content/view/full/29624;2024/2025;3;100.0
https://www.vivoscuola.it/content/view/full/29275;2022/2023;1;85.71428571428571
https://www.vivoscuola.it/content/view/full/29275;2022/2023;2;78.18181818181819
https://www.vivoscuola.it/content/view/full/29275;2022/2023;3;95.23809523809523
https://www.vivoscuola.it/content/view/full/29275;2022/2023;4;100.0
https://www.vivoscuola.it/content/view/full/29275;2023/2024;1;75.60975609756098
https://www.vivoscuola.it/content/view/full/29275;2023/2024;2;86.36363636363636
https://www.vivoscuola.it/content/view/full/29275;2023/2024;3;80.76923076923077
https://www.vivoscuola.it/content/view/full/29275;2023/2024;4;100.0
https://www.vivoscuola.it/content/view/full/29275;2024/2025;1;83.78378378378379
https://www.vivoscuola.it/content/view/full/29275;2024/2025;2;78.94736842105263
https://www.vivoscuola.it/content/view/full/29275;2024/2025;3;73.17073170731707
https://www.vivoscuola.it/content/view/full/29275;2024/2025;4;93.33333333333333
https://www.vivoscuola.it/content/view/full/29919;2022/2023;1;100.0
https://www.vivoscuola.it/content/view/full/29919;2022/2023;2;100.0
https://www.vivoscuola.it/content/view/full/29919;2022/2023;3;90.9090909090909
https://www.vivoscuola.it/content/view/full/29919;2022/2023;4;100.0
https://www.vivoscuola.it/content/view/full/29919;2022/2023;5;100.0
https://www.vivoscuola.it/content/view/full/29919;2023/2024;1;95.45454545454545
https://www.vivoscuola.it/content/view/full/29919;2023/2024;2;90.9090909090909
https://www.vivoscuola.it/content/view/full/29919;2023/2024;3;78.26086956521739
https://www.vivoscuola.it/content/view/full/29919;2023/2024;4;95.0
https://www.vivoscuola.it/content/view/full/29919;2023/2024;5;100.0
https://www.vivoscuola.it/content/view/full/29919;2024/2025;1;100.0
https://www.vivoscuola.it/content/view/full/29919;2024/2025;2;82.6086956521739
https://www.vivoscuola.it/content/view/full/29919;2024/2025;3;91.66666666666666
https://www.vivoscuola.it/content/view/full/29919;2024/2025;4;100.0
https://www.vivoscuola.it/content/view/full/29919;2024/2025;5;100.0
https://www.vivoscuola.it/content/view/full/29920;2022/2023;1;100.0
https://www.vivoscuola.it/content/view/full/29920;2022/2023;2;80.0
https://www.vivoscuola.it/content/view/full/29920;2022/2023;3;95.83333333333334
https://www.vivoscuola.it/content/view/full/29920;2022/2023;4;100.0
https://www.vivoscuola.it/content/view/full/29920;2022/2023;5;100.0
https://www.vivoscuola.it/content/view/full/29920;2023/2024;1;95.45454545454545
https://www.vivoscuola.it/content/view/full/29920;2023/2024;2;100.0
https://www.vivoscuola.it/content/view/full/29920;2023/2024;3;100.0
https://www.vivoscuola.it/content/view/full/29920;2023/2024;4;95.83333333333334
https://www.vivoscuola.it/content/view/full/29920;2023/2024;5;97.43589743589743
https://www.vivoscuola.it/content/view/full/29920;2024/2025;1;100.0
https://www.vivoscuola.it/content/view/full/29920;2024/2025;2;94.73684210526315
https://www.vivoscuola.it/content/view/full/29920;2024/2025;3;100.0
https://www.vivoscuola.it/content/view/full/29920;2024/2025;4;100.0
https://www.vivoscuola.it/content/view/full/29920;2024/2025;5;97.5
https://www.vivoscuola.it/content/view/full/29922;2022/2023;1;100.0
https://www.vivoscuola.it/content/view/full/29922;2022/2023;2;100.0
https://www.vivoscuola.it/content/view/full/29922;2022/2023;3;100.0
https://www.vivoscuola.it/content/view/full/29922;2022/2023;4;100.0
https://www.vivoscuola.it/content/view/full/29922;2023/2024;1;95.83333333333334
https://www.vivoscuola.it/content/view/full/29922;2023/2024;2;100.0
https://www.vivoscuola.it/content/view/full/29922;2023/2024;3;100.0
https://www.vivoscuola.it/content/view/full/29922;2023/2024;4;94.73684210526315
https://www.vivoscuola.it/content/view/full/29922;2024/2025;1;95.83333333333334
https://www.vivoscuola.it/content/view/full/29922;2024/2025;2;95.23809523809523
https://www.vivoscuola.it/content/view/full/29922;2024/2025;3;100.0
https://www.vivoscuola.it/content/view/full/29922;2024/2025;4;95.23809523809523
https://www.vivoscuola.it/content/view/full/29921;2022/2023;1;100.0
https://www.vivoscuola.it/content/view/full/29921;2022/2023;2;100.0
https://www.vivoscuola.it/content/view/full/29921;2022/2023;3;91.30434782608695
https://www.vivoscuola.it/content/view/full/29921;2022/2023;4;100.0
https://www.vivoscuola.it/content/view/full/29921;2022/2023;5;100.0
https://www.vivoscuola.it/content/view/full/29921;2023/2024;1;100.0
https://www.vivoscuola.it/content/view/full/29921;2023/2024;2;100.0
https://www.vivoscuola.it/content/view/full/29921;2023/2024;3;91.66666666666666
https://www.vivoscuola.it/content/view/full/29921;2023/2024;4;95.23809523809523
https://www.vivoscuola.it/content/view/full/29921;2023/2024;5;95.23809523809523
https://www.vivoscuola.it/content/view/full/29921;2024/2025;1;100.0
https://www.vivoscuola.it/content/view/full/29921;2024/2025;2;86.36363636363636
https://www.vivoscuola.it/content/view/full/29921;2024/2025;3;87.5
https://www.vivoscuola.it/content/view/full/29921;2024/2025;4;95.83333333333334
https://www.vivoscuola.it/content/view/full/29921;2024/2025;5;100.0
https://www.vivoscuola.it/content/view/full/29607;2022/2023;1;98.07692307692307
https://www.vivoscuola.it/content/view/full/29607;2022/2023;2;100.0
https://www.vivoscuola.it/content/view/full/29607;2022/2023;3;100.0
https://www.vivoscuola.it/content/view/full/29607;2022/2023;4;100.0
https://www.vivoscuola.it/content/view/full/29607;2022/2023;5;100.0
https://www.vivoscuola.it/content/view/full/29607;2023/2024;1;100.0
https://www.vivoscuola.it/content/view/full/29607;2023/2024;2;100.0
https://www.vivoscuola.it/content/view/full/29607;2023/2024;3;100.0
https://www.vivoscuola.it/content/view/full/29607;2023/2024;4;100.0
https://www.vivoscuola.it/content/view/full/29607;2023/2024;5;100.0
https://www.vivoscuola.it/content/view/full/29607;2024/2025;1;100.0
https://www.vivoscuola.it/content/view/full/29607;2024/2025;2;100.0
https://www.vivoscuola.it/content/view/full/29607;2024/2025;3;100.0
https://www.vivoscuola.it/content/view/full/29607;2024/2025;4;100.0
https://www.vivoscuola.it/content/view/full/29607;2024/2025;5;100.0
https://www.vivoscuola.it/content/view/full/170192;2022/2023;1;0.0
https://www.vivoscuola.it/content/view/full/170192;2022/2023;2;0.0
https://www.vivoscuola.it/content/view/full/170192;2022/2023;3;0.0
https://www.vivoscuola.it/content/view/full/170192;2022/2023;4;0.0
https://www.vivoscuola.it/content/view/full/170192;2022/2023;5;0.0
https://www.vivoscuola.it/content/view/full/170192;2023/2024;1;0.0
https://www.vivoscuola.it/content/view/full/170192;2023/2024;2;0.0
https://www.vivoscuola.it/content/view/full/170192;2023/2024;3;0.0
https://www.vivoscuola.it/content/view/full/170192;2023/2024;4;0.0
https://www.vivoscuola.it/content/view/full/170192;2023/2024;5;0.0
https://www.vivoscuola.it/content/view/full/170192;2024/2025;1;0.0
https://www.vivoscuola.it/content/view/full/170192;2024/2025;2;0.0
https://www.vivoscuola.it/content/view/full/170192;2024/2025;3;0.0
https://www.vivoscuola.it/content/view/full/170192;2024/2025;4;0.0
https://www.vivoscuola.it/content/view/full/170192;2024/2025;5;58.333333333333336
https://www.vivoscuola.it/content/view/full/29611;2022/2023;1;100.0
https://www.vivoscuola.it/content/view/full/29611;2022/2023;2;100.0
https://www.vivoscuola.it/content/view/full/29611;2022/2023;3;100.0
https://www.vivoscuola.it/content/view/full/29611;2022/2023;4;100.0
https://www.vivoscuola.it/content/view/full/29611;2022/2023;5;100.0
https://www.vivoscuola.it/content/view/full/29611;2023/2024;1;100.0
https://www.vivoscuola.it/content/view/full/29611;2023/2024;2;100.0
https://www.vivoscuola.it/content/view/full/29611;2023/2024;3;100.0
https://www.vivoscuola.it/content/view/full/29611;2023/2024;4;100.0
https://www.vivoscuola.it/content/view/full/29611;2023/2024;5;100.0
https://www.vivoscuola.it/content/view/full/29611;2024/2025;1;100.0
https://www.vivoscuola.it/content/view/full/29611;2024/2025;2;100.0
https://www.vivoscuola.it/content/view/full/29611;2024/2025;3;100.0
https://www.vivoscuola.it/content/view/full/29611;2024/2025;4;100.0
https://www.vivoscuola.it/content/view/full/29611;2024/2025;5;100.0
https://www.vivoscuola.it/content/view/full/29608;2022/2023;1;100.0
https://www.vivoscuola.it/content/view/full/29608;2022/2023;2;100.0
https://www.vivoscuola.it/content/view/full/29608;2022/2023;3;100.0
https://www.vivoscuola.it/content/view/full/29608;2022/2023;4;100.0
https://www.vivoscuola.it/content/view/full/29608;2022/2023;5;100.0
https://www.vivoscuola.it/content/view/full/29608;2023/2024;1;100.0
https://www.vivoscuola.it/content/view/full/29608;2023/2024;2;100.0
https://www.vivoscuola.it/content/view/full/29608;2023/2024;3;100.0
https://www.vivoscuola.it/content/view/full/29608;2023/2024;4;100.0
https://www.vivoscuola.it/content/view/full/29608;2023/2024;5;100.0
https://www.vivoscuola.it/content/view/full/29608;2024/2025;1;100.0
https://www.vivoscuola.it/content/view/full/29608;2024/2025;2;100.0
https://www.vivoscuola.it/content/view/full/29608;2024/2025;3;100.0
https://www.vivoscuola.it/content/view/full/29608;2024/2025;4;100.0
https://www.vivoscuola.it/content/view/full/29608;2024/2025;5;100.0
https://www.vivoscuola.it/content/view/full/29612;2022/2023;1;96.55172413793103
https://www.vivoscuola.it/content/view/full/29612;2022/2023;2;97.5609756097561
https://www.vivoscuola.it/content/view/full/29612;2022/2023;3;99.21875
https://www.vivoscuola.it/content/view/full/29612;2023/2024;1;95.09803921568627
https://www.vivoscuola.it/content/view/full/29612;2023/2024;2;100.0
https://www.vivoscuola.it/content/view/full/29612;2023/2024;3;100.0
https://www.vivoscuola.it/content/view/full/29612;2024/2025;1;99.01960784313727
https://www.vivoscuola.it/content/view/full/29612;2024/2025;2;98.01980198019803
https://www.vivoscuola.it/content/view/full/29612;2024/2025;3;100.0
https://www.vivoscuola.it/content/view/full/29609;2022/2023;1;100.0
https://www.vivoscuola.it/content/view/full/29609;2022/2023;2;100.0
https://www.vivoscuola.it/content/view/full/29609;2022/2023;3;100.0
https://www.vivoscuola.it/content/view/full/29609;2022/2023;4;100.0
https://www.vivoscuola.it/content/view/full/29609;2022/2023;5;100.0
https://www.vivoscuola.it/content/view/full/29609;2023/2024;1;100.0
https://www.vivoscuola.it/content/view/full/29609;2023/2024;2;100.0
https://www.vivoscuola.it/content/view/full/29609;2023/2024;3;100.0
https://www.vivoscuola.it/content/view/full/29609;2023/2024;4;100.0
https://www.vivoscuola.it/content/view/full/29609;2023/2024;5;100.0
https://www.vivoscuola.it/content/view/full/29609;2024/2025;1;100.0
https://www.vivoscuola.it/content/view/full/29609;2024/2025;2;100.0
https://www.vivoscuola.it/content/view/full/29609;2024/2025;3;100.0
https://www.vivoscuola.it/content/view/full/29609;2024/2025;4;100.0
https://www.vivoscuola.it/content/view/full/29609;2024/2025;5;100.0
https://www.vivoscuola.it/content/view/full/29249;2022/2023;1;70.83333333333334
https://www.vivoscuola.it/content/view/full/29249;2022/2023;2;80.85106382978722
https://www.vivoscuola.it/content/view/full/29249;2022/2023;3;78.26086956521739
https://www.vivoscuola.it/content/view/full/29249;2022/2023;4;88.88888888888889
https://www.vivoscuola.it/content/view/full/29249;2023/2024;1;80.64516129032258
https://www.vivoscuola.it/content/view/full/29249;2023/2024;2;77.27272727272727
https://www.vivoscuola.it/content/view/full/29249;2023/2024;3;71.42857142857143
https://www.vivoscuola.it/content/view/full/29249;2023/2024;4;95.0
https://www.vivoscuola.it/content/view/full/29249;2024/2025;1;71.15384615384616
https://www.vivoscuola.it/content/view/full/29249;2024/2025;2;87.3015873015873
https://www.vivoscuola.it/content/view/full/29249;2024/2025;3;72.5
https://www.vivoscuola.it/content/view/full/29249;2024/2025;4;83.33333333333334
https://www.vivoscuola.it/content/view/full/29610;2022/2023;1;100.0
https://www.vivoscuola.it/content/view/full/29610;2022/2023;2;100.0
https://www.vivoscuola.it/content/view/full/29610;2022/2023;3;100.0
https://www.vivoscuola.it/content/view/full/29610;2022/2023;4;100.0
https://www.vivoscuola.it/content/view/full/29610;2022/2023;5;100.0
https://www.vivoscuola.it/content/view/full/29610;2023/2024;1;100.0
https://www.vivoscuola.it/content/view/full/29610;2023/2024;2;100.0
https://www.vivoscuola.it/content/view/full/29610;2023/2024;3;100.0
https://www.vivoscuola.it/content/view/full/29610;2023/2024;4;100.0
https://www.vivoscuola.it/content/view/full/29610;2023/2024;5;100.0
https://www.vivoscuola.it/content/view/full/29610;2024/2025;1;100.0
https://www.vivoscuola.it/content/view/full/29610;2024/2025;2;100.0
https://www.vivoscuola.it/content/view/full/29610;2024/2025;3;100.0
https://www.vivoscuola.it/content/view/full/29610;2024/2025;4;100.0
https://www.vivoscuola.it/content/view/full/29610;2024/2025;5;100.0
https://www.vivoscuola.it/content/view/full/29853;2022/2023;1;78.2258064516129
https://www.vivoscuola.it/content/view/full/29853;2022/2023;2;93.6842105263158
https://www.vivoscuola.it/content/view/full/29853;2022/2023;3;88.50574712643679
https://www.vivoscuola.it/content/view/full/29853;2022/2023;4;95.3125
https://www.vivoscuola.it/content/view/full/29853;2022/2023;5;98.29545454545455
https://www.vivoscuola.it/content/view/full/29853;2023/2024;1;86.70212765957447
https://www.vivoscuola.it/content/view/full/29853;2023/2024;2;90.72164948453609
https://www.vivoscuola.it/content/view/full/29853;2023/2024;3;87.5
https://www.vivoscuola.it/content/view/full/29853;2023/2024;4;91.19496855345912
https://www.vivoscuola.it/content/view/full/29853;2023/2024;5;97.2972972972973
https://www.vivoscuola.it/content/view/full/29853;2024/2025;1;89.55223880597015
https://www.vivoscuola.it/content/view/full/29853;2024/2025;2;95.625
https://www.vivoscuola.it/content/view/full/29853;2024/2025;3;81.46067415730337
https://www.vivoscuola.it/content/view/full/29853;2024/2025;4;93.86503067484662
https://www.vivoscuola.it/content/view/full/29853;2024/2025;5;95.27027027027027
https://www.vivoscuola.it/content/view/full/29854;2022/2023;1;0.0
https://www.vivoscuola.it/content/view/full/29854;2022/2023;2;0.0
https://www.vivoscuola.it/content/view/full/29854;2022/2023;3;0.0
https://www.vivoscuola.it/content/view/full/29854;2022/2023;4;60.86956521739131
https://www.vivoscuola.it/content/view/full/29854;2022/2023;5;61.111111111111114
https://www.vivoscuola.it/content/view/full/29854;2023/2024;1;0.0
https://www.vivoscuola.it/content/view/full/29854;2023/2024;2;0.0
https://www.vivoscuola.it/content/view/full/29854;2023/2024;3;0.0
https://www.vivoscuola.it/content/view/full/29854;2023/2024;4;75.0
https://www.vivoscuola.it/content/view/full/29854;2023/2024;5;62.5
https://www.vivoscuola.it/content/view/full/29854;2024/2025;1;0.0
https://www.vivoscuola.it/content/view/full/29854;2024/2025;2;0.0
https://www.vivoscuola.it/content/view/full/29854;2024/2025;3;23.076923076923077
https://www.vivoscuola.it/content/view/full/29854;2024/2025;4;15.384615384615385
https://www.vivoscuola.it/content/view/full/29854;2024/2025;5;50.0
https://www.vivoscuola.it/content/view/full/29895;2022/2023;1;92.15686274509804
https://www.vivoscuola.it/content/view/full/29895;2022/2023;2;93.18181818181817
https://www.vivoscuola.it/content/view/full/29895;2022/2023;3;88.88888888888889
https://www.vivoscuola.it/content/view/full/29895;2022/2023;4;94.23076923076923
https://www.vivoscuola.it/content/view/full/29895;2022/2023;5;97.77777777777777
https://www.vivoscuola.it/content/view/full/29895;2023/2024;1;98.07692307692307
https://www.vivoscuola.it/content/view/full/29895;2023/2024;2;93.75
https://www.vivoscuola.it/content/view/full/29895;2023/2024;3;91.83673469387756
https://www.vivoscuola.it/content/view/full/29895;2023/2024;4;98.33333333333333
https://www.vivoscuola.it/content/view/full/29895;2023/2024;5;100.0
https://www.vivoscuola.it/content/view/full/29895;2024/2025;1;94.23076923076923
https://www.vivoscuola.it/content/view/full/29895;2024/2025;2;100.0
https://www.vivoscuola.it/content/view/full/29895;2024/2025;3;100.0
https://www.vivoscuola.it/content/view/full/29895;2024/2025;4;100.0
https://www.vivoscuola.it/content/view/full/29895;2024/2025;5;96.49122807017544
https://www.vivoscuola.it/content/view/full/29894;2022/2023;1;89.65517241379311
https://www.vivoscuola.it/content/view/full/29894;2022/2023;2;94.73684210526315
https://www.vivoscuola.it/content/view/full/29894;2022/2023;3;94.52054794520548
https://www.vivoscuola.it/content/view/full/29894;2022/2023;4;96.51162790697676
https://www.vivoscuola.it/content/view/full/29894;2022/2023;5;100.0
https://www.vivoscuola.it/content/view/full/29894;2023/2024;1;90.54054054054053
https://www.vivoscuola.it/content/view/full/29894;2023/2024;2;97.46835443037975
https://www.vivoscuola.it/content/view/full/29894;2023/2024;3;100.0
https://www.vivoscuola.it/content/view/full/29894;2023/2024;4;95.83333333333334
https://www.vivoscuola.it/content/view/full/29894;2023/2024;5;100.0
https://www.vivoscuola.it/content/view/full/29894;2024/2025;1;92.22222222222223
https://www.vivoscuola.it/content/view/full/29894;2024/2025;2;88.57142857142857
https://www.vivoscuola.it/content/view/full/29894;2024/2025;3;96.20253164556962
https://www.vivoscuola.it/content/view/full/29894;2024/2025;4;98.66666666666667
https://www.vivoscuola.it/content/view/full/29894;2024/2025;5;98.52941176470588
https://www.vivoscuola.it/content/view/full/29418;2022/2023;1;100.0
https://www.vivoscuola.it/content/view/full/29418;2022/2023;2;100.0
https://www.vivoscuola.it/content/view/full/29418;2022/2023;3;91.66666666666666
https://www.vivoscuola.it/content/view/full/29418;2022/2023;4;100.0
https://www.vivoscuola.it/content/view/full/29418;2023/2024;1;97.61904761904762
https://www.vivoscuola.it/content/view/full/29418;2023/2024;2;97.36842105263158
https://www.vivoscuola.it/content/view/full/29418;2023/2024;3;96.96969696969697
https://www.vivoscuola.it/content/view/full/29418;2023/2024;4;95.83333333333334
https://www.vivoscuola.it/content/view/full/29418;2024/2025;1;100.0
https://www.vivoscuola.it/content/view/full/29418;2024/2025;2;95.1219512195122
https://www.vivoscuola.it/content/view/full/29418;2024/2025;3;94.44444444444444
https://www.vivoscuola.it/content/view/full/29418;2024/2025;4;100.0
https://www.vivoscuola.it/content/view/full/170211;2022/2023;1;0.0
https://www.vivoscuola.it/content/view/full/170211;2022/2023;2;0.0
https://www.vivoscuola.it/content/view/full/170211;2022/2023;3;0.0
https://www.vivoscuola.it/content/view/full/170211;2022/2023;4;0.0
https://www.vivoscuola.it/content/view/full/170211;2022/2023;5;0.0
https://www.vivoscuola.it/content/view/full/170211;2023/2024;1;0.0
https://www.vivoscuola.it/content/view/full/170211;2023/2024;2;0.0
https://www.vivoscuola.it/content/view/full/170211;2023/2024;3;0.0
https://www.vivoscuola.it/content/view/full/170211;2023/2024;4;0.0
https://www.vivoscuola.it/content/view/full/170211;2023/2024;5;0.0
https://www.vivoscuola.it/content/view/full/170211;2024/2025;1;0.0
https://www.vivoscuola.it/content/view/full/170211;2024/2025;2;0.0
https://www.vivoscuola.it/content/view/full/170211;2024/2025;3;0.0
https://www.vivoscuola.it/content/view/full/170211;2024/2025;4;0.0
https://www.vivoscuola.it/content/view/full/170211;2024/2025;5;97.14285714285714
https://www.vivoscuola.it/content/view/full/29419;2022/2023;1;89.0909090909091
https://www.vivoscuola.it/content/view/full/29419;2022/2023;2;92.80000000000001
https://www.vivoscuola.it/content/view/full/29419;2022/2023;3;89.76377952755905
https://www.vivoscuola.it/content/view/full/29419;2022/2023;4;89.0
https://www.vivoscuola.it/content/view/full/29419;2023/2024;1;83.16831683168317
https://www.vivoscuola.it/content/view/full/29419;2023/2024;2;80.99173553719008
https://www.vivoscuola.it/content/view/full/29419;2023/2024;3;90.76923076923077
https://www.vivoscuola.it/content/view/full/29419;2023/2024;4;88.88888888888889
https://www.vivoscuola.it/content/view/full/29419;2024/2025;1;87.73584905660378
https://www.vivoscuola.it/content/view/full/29419;2024/2025;2;87.82608695652175
https://www.vivoscuola.it/content/view/full/29419;2024/2025;3;93.10344827586206
https://www.vivoscuola.it/content/view/full/29419;2024/2025;4;82.0
https://www.vivoscuola.it/content/view/full/29420;2022/2023;1;0.0
https://www.vivoscuola.it/content/view/full/29420;2022/2023;2;58.333333333333336
https://www.vivoscuola.it/content/view/full/29420;2022/2023;3;70.0
https://www.vivoscuola.it/content/view/full/29420;2023/2024;1;0.0
https://www.vivoscuola.it/content/view/full/29420;2023/2024;2;15.789473684210526
https://www.vivoscuola.it/content/view/full/29420;2023/2024;3;68.75
https://www.vivoscuola.it/content/view/full/29420;2024/2025;1;0.0
https://www.vivoscuola.it/content/view/full/29420;2024/2025;2;35.714285714285715
https://www.vivoscuola.it/content/view/full/29420;2024/2025;3;50.0
https://www.vivoscuola.it/content/view/full/29645;2022/2023;1;96.07843137254902
https://www.vivoscuola.it/content/view/full/29645;2022/2023;2;98.46153846153847
https://www.vivoscuola.it/content/view/full/29645;2022/2023;3;100.0
https://www.vivoscuola.it/content/view/full/29645;2022/2023;4;98.4375
https://www.vivoscuola.it/content/view/full/29645;2022/2023;5;100.0
https://www.vivoscuola.it/content/view/full/29645;2023/2024;1;97.87234042553192
https://www.vivoscuola.it/content/view/full/29645;2023/2024;2;100.0
https://www.vivoscuola.it/content/view/full/29645;2023/2024;3;100.0
https://www.vivoscuola.it/content/view/full/29645;2023/2024;4;100.0
https://www.vivoscuola.it/content/view/full/29645;2023/2024;5;100.0
https://www.vivoscuola.it/content/view/full/29645;2024/2025;1;100.0
https://www.vivoscuola.it/content/view/full/29645;2024/2025;2;100.0
https://www.vivoscuola.it/content/view/full/29645;2024/2025;3;100.0
https://www.vivoscuola.it/content/view/full/29645;2024/2025;4;100.0
https://www.vivoscuola.it/content/view/full/29645;2024/2025;5;98.48484848484848
https://www.vivoscuola.it/content/view/full/29644;2022/2023;1;93.33333333333333
https://www.vivoscuola.it/content/view/full/29644;2022/2023;2;100.0
https://www.vivoscuola.it/content/view/full/29644;2022/2023;3;100.0
https://www.vivoscuola.it/content/view/full/29644;2022/2023;4;100.0
https://www.vivoscuola.it/content/view/full/29644;2022/2023;5;100.0
https://www.vivoscuola.it/content/view/full/29644;2023/2024;1;100.0
https://www.vivoscuola.it/content/view/full/29644;2023/2024;2;100.0
https://www.vivoscuola.it/content/view/full/29644;2023/2024;3;100.0
https://www.vivoscuola.it/content/view/full/29644;2023/2024;4;100.0
https://www.vivoscuola.it/content/view/full/29644;2023/2024;5;100.0
https://www.vivoscuola.it/content/view/full/29644;2024/2025;1;100.0
https://www.vivoscuola.it/content/view/full/29644;2024/2025;2;100.0
https://www.vivoscuola.it/content/view/full/29644;2024/2025;3;100.0
https://www.vivoscuola.it/content/view/full/29644;2024/2025;4;100.0
https://www.vivoscuola.it/content/view/full/29644;2024/2025;5;100.0
https://www.vivoscuola.it/content/view/full/29646;2022/2023;1;100.0
https://www.vivoscuola.it/content/view/full/29646;2022/2023;2;99.0909090909091
https://www.vivoscuola.it/content/view/full/29646;2022/2023;3;99.09909909909909
https://www.vivoscuola.it/content/view/full/29646;2023/2024;1;100.0
https://www.vivoscuola.it/content/view/full/29646;2023/2024;2;99.12280701754386
https://www.vivoscuola.it/content/view/full/29646;2023/2024;3;100.0
https://www.vivoscuola.it/content/view/full/29646;2024/2025;1;98.1651376146789
https://www.vivoscuola.it/content/view/full/29646;2024/2025;2;99.13793103448276
https://www.vivoscuola.it/content/view/full/29646;2024/2025;3;100.0
https://www.vivoscuola.it/content/view/full/29585;2022/2023;1;100.0
https://www.vivoscuola.it/content/view/full/29585;2022/2023;2;100.0
https://www.vivoscuola.it/content/view/full/29585;2022/2023;3;98.30508474576271
https://www.vivoscuola.it/content/view/full/29585;2022/2023;4;100.0
https://www.vivoscuola.it/content/view/full/29585;2022/2023;5;98.38709677419355
https://www.vivoscuola.it/content/view/full/29585;2023/2024;1;100.0
https://www.vivoscuola.it/content/view/full/29585;2023/2024;2;100.0
https://www.vivoscuola.it/content/view/full/29585;2023/2024;3;100.0
https://www.vivoscuola.it/content/view/full/29585;2023/2024;4;100.0
https://www.vivoscuola.it/content/view/full/29585;2023/2024;5;100.0
https://www.vivoscuola.it/content/view/full/29585;2024/2025;1;100.0
https://www.vivoscuola.it/content/view/full/29585;2024/2025;2;100.0
https://www.vivoscuola.it/content/view/full/29585;2024/2025;3;100.0
https://www.vivoscuola.it/content/view/full/29585;2024/2025;4;100.0
https://www.vivoscuola.it/content/view/full/29585;2024/2025;5;100.0
https://www.vivoscuola.it/content/view/full/29587;2022/2023;1;100.0
https://www.vivoscuola.it/content/view/full/29587;2022/2023;2;100.0
https://www.vivoscuola.it/content/view/full/29587;2022/2023;3;100.0
https://www.vivoscuola.it/content/view/full/29587;2022/2023;4;100.0
https://www.vivoscuola.it/content/view/full/29587;2022/2023;5;93.75
https://www.vivoscuola.it/content/view/full/29587;2023/2024;1;100.0
https://www.vivoscuola.it/content/view/full/29587;2023/2024;2;100.0
https://www.vivoscuola.it/content/view/full/29587;2023/2024;3;100.0
https://www.vivoscuola.it/content/view/full/29587;2023/2024;4;100.0
https://www.vivoscuola.it/content/view/full/29587;2023/2024;5;100.0
https://www.vivoscuola.it/content/view/full/29587;2024/2025;1;100.0
https://www.vivoscuola.it/content/view/full/29587;2024/2025;2;100.0
https://www.vivoscuola.it/content/view/full/29587;2024/2025;3;100.0
https://www.vivoscuola.it/content/view/full/29587;2024/2025;4;100.0
https://www.vivoscuola.it/content/view/full/29587;2024/2025;5;100.0
https://www.vivoscuola.it/content/view/full/29589;2022/2023;1;93.04347826086956
https://www.vivoscuola.it/content/view/full/29589;2022/2023;2;99.16666666666667
https://www.vivoscuola.it/content/view/full/29589;2022/2023;3;99.14529914529915
https://www.vivoscuola.it/content/view/full/29589;2023/2024;1;97.82608695652173
https://www.vivoscuola.it/content/view/full/29589;2023/2024;2;99.09909909909909
https://www.vivoscuola.it/content/view/full/29589;2023/2024;3;99.16666666666667
https://www.vivoscuola.it/content/view/full/29589;2024/2025;1;99.12280701754386
https://www.vivoscuola.it/content/view/full/29589;2024/2025;2;100.0
https://www.vivoscuola.it/content/view/full/29589;2024/2025;3;99.09909909909909
https://www.vivoscuola.it/content/view/full/29586;2022/2023;1;100.0
https://www.vivoscuola.it/content/view/full/29586;2022/2023;2;100.0
https://www.vivoscuola.it/content/view/full/29586;2022/2023;3;100.0
https://www.vivoscuola.it/content/view/full/29586;2022/2023;4;100.0
https://www.vivoscuola.it/content/view/full/29586;2022/2023;5;100.0
https://www.vivoscuola.it/content/view/full/29586;2023/2024;1;100.0
https://www.vivoscuola.it/content/view/full/29586;2023/2024;2;100.0
https://www.vivoscuola.it/content/view/full/29586;2023/2024;3;100.0
https://www.vivoscuola.it/content/view/full/29586;2023/2024;4;100.0
https://www.vivoscuola.it/content/view/full/29586;2023/2024;5;100.0
https://www.vivoscuola.it/content/view/full/29586;2024/2025;1;100.0
https://www.vivoscuola.it/content/view/full/29586;2024/2025;2;100.0
https://www.vivoscuola.it/content/view/full/29586;2024/2025;3;100.0
https://www.vivoscuola.it/content/view/full/29586;2024/2025;4;100.0
https://www.vivoscuola.it/content/view/full/29586;2024/2025;5;100.0
https://www.vivoscuola.it/content/view/full/76225;2022/2023;1;0.0
https://www.vivoscuola.it/content/view/full/76225;2022/2023;2;37.5
https://www.vivoscuola.it/content/view/full/76225;2022/2023;3;71.42857142857143
https://www.vivoscuola.it/content/view/full/76225;2023/2024;1;0.0
https://www.vivoscuola.it/content/view/full/76225;2023/2024;2;54.54545454545454
https://www.vivoscuola.it/content/view/full/76225;2023/2024;3;64.70588235294117
https://www.vivoscuola.it/content/view/full/76225;2024/2025;1;0.0
https://www.vivoscuola.it/content/view/full/76225;2024/2025;2;42.857142857142854
https://www.vivoscuola.it/content/view/full/76225;2024/2025;3;86.36363636363636
https://www.vivoscuola.it/content/view/full/29588;2022/2023;1;100.0
https://www.vivoscuola.it/content/view/full/29588;2022/2023;2;100.0
https://www.vivoscuola.it/content/view/full/29588;2022/2023;3;100.0
https://www.vivoscuola.it/content/view/full/29588;2022/2023;4;100.0
https://www.vivoscuola.it/content/view/full/29588;2022/2023;5;100.0
https://www.vivoscuola.it/content/view/full/29588;2023/2024;1;100.0
https://www.vivoscuola.it/content/view/full/29588;2023/2024;2;100.0
https://www.vivoscuola.it/content/view/full/29588;2023/2024;3;100.0
https://www.vivoscuola.it/content/view/full/29588;2023/2024;4;100.0
https://www.vivoscuola.it/content/view/full/29588;2023/2024;5;100.0
https://www.vivoscuola.it/content/view/full/29588;2024/2025;1;100.0
https://www.vivoscuola.it/content/view/full/29588;2024/2025;2;100.0
https://www.vivoscuola.it/content/view/full/29588;2024/2025;3;100.0
https://www.vivoscuola.it/content/view/full/29588;2024/2025;4;100.0
https://www.vivoscuola.it/content/view/full/29588;2024/2025;5;100.0
https://www.vivoscuola.it/content/view/full/122612;2022/2023;1;56.25
https://www.vivoscuola.it/content/view/full/122612;2022/2023;2;73.33333333333333
https://www.vivoscuola.it/content/view/full/122612;2022/2023;3;0.0
https://www.vivoscuola.it/content/view/full/122612;2023/2024;1;72.22222222222221
https://www.vivoscuola.it/content/view/full/122612;2023/2024;2;58.82352941176471
https://www.vivoscuola.it/content/view/full/122612;2023/2024;3;88.23529411764706
https://www.vivoscuola.it/content/view/full/122612;2024/2025;1;0.0
https://www.vivoscuola.it/content/view/full/122612;2024/2025;2;100.0
https://www.vivoscuola.it/content/view/full/122612;2024/2025;3;100.0
https://www.vivoscuola.it/content/view/full/170208;2022/2023;1;0.0
https://www.vivoscuola.it/content/view/full/170208;2022/2023;2;0.0
https://www.vivoscuola.it/content/view/full/170208;2022/2023;3;0.0
https://www.vivoscuola.it/content/view/full/170208;2022/2023;4;0.0
https://www.vivoscuola.it/content/view/full/170208;2022/2023;5;0.0
https://www.vivoscuola.it/content/view/full/170208;2023/2024;1;0.0
https://www.vivoscuola.it/content/view/full/170208;2023/2024;2;0.0
https://www.vivoscuola.it/content/view/full/170208;2023/2024;3;0.0
https://www.vivoscuola.it/content/view/full/170208;2023/2024;4;0.0
https://www.vivoscuola.it/content/view/full/170208;2023/2024;5;0.0
https://www.vivoscuola.it/content/view/full/170208;2024/2025;1;0.0
https://www.vivoscuola.it/content/view/full/170208;2024/2025;2;0.0
https://www.vivoscuola.it/content/view/full/170208;2024/2025;3;0.0
https://www.vivoscuola.it/content/view/full/170208;2024/2025;4;0.0
https://www.vivoscuola.it/content/view/full/170208;2024/2025;5;100.0
https://www.vivoscuola.it/content/view/full/29859;2022/2023;1;45.33333333333333
https://www.vivoscuola.it/content/view/full/29859;2022/2023;2;53.57142857142857
https://www.vivoscuola.it/content/view/full/29859;2022/2023;3;82.25806451612904
https://www.vivoscuola.it/content/view/full/29859;2022/2023;4;90.625
https://www.vivoscuola.it/content/view/full/29859;2023/2024;1;48.78048780487805
https://www.vivoscuola.it/content/view/full/29859;2023/2024;2;85.1063829787234
https://www.vivoscuola.it/content/view/full/29859;2023/2024;3;65.51724137931035
https://www.vivoscuola.it/content/view/full/29859;2023/2024;4;87.09677419354838
https://www.vivoscuola.it/content/view/full/29859;2024/2025;1;69.79166666666666
https://www.vivoscuola.it/content/view/full/29859;2024/2025;2;81.03448275862068
https://www.vivoscuola.it/content/view/full/29859;2024/2025;3;89.13043478260869
https://www.vivoscuola.it/content/view/full/29859;2024/2025;4;66.66666666666666
https://www.vivoscuola.it/content/view/full/29484;2022/2023;1;100.0
https://www.vivoscuola.it/content/view/full/29484;2022/2023;2;100.0
https://www.vivoscuola.it/content/view/full/29484;2022/2023;3;100.0
https://www.vivoscuola.it/content/view/full/29484;2022/2023;4;100.0
https://www.vivoscuola.it/content/view/full/29484;2022/2023;5;100.0
https://www.vivoscuola.it/content/view/full/29484;2023/2024;1;100.0
https://www.vivoscuola.it/content/view/full/29484;2023/2024;2;100.0
https://www.vivoscuola.it/content/view/full/29484;2023/2024;3;100.0
https://www.vivoscuola.it/content/view/full/29484;2023/2024;4;100.0
https://www.vivoscuola.it/content/view/full/29484;2023/2024;5;100.0
https://www.vivoscuola.it/content/view/full/29484;2024/2025;1;100.0
https://www.vivoscuola.it/content/view/full/29484;2024/2025;2;100.0
https://www.vivoscuola.it/content/view/full/29484;2024/2025;3;100.0
https://www.vivoscuola.it/content/view/full/29484;2024/2025;4;100.0
https://www.vivoscuola.it/content/view/full/29484;2024/2025;5;100.0
https://www.vivoscuola.it/content/view/full/29483;2022/2023;1;100.0
https://www.vivoscuola.it/content/view/full/29483;2022/2023;2;100.0
https://www.vivoscuola.it/content/view/full/29483;2022/2023;3;100.0
https://www.vivoscuola.it/content/view/full/29483;2022/2023;4;100.0
https://www.vivoscuola.it/content/view/full/29483;2022/2023;5;100.0
https://www.vivoscuola.it/content/view/full/29483;2023/2024;1;100.0
https://www.vivoscuola.it/content/view/full/29483;2023/2024;2;100.0
https://www.vivoscuola.it/content/view/full/29483;2023/2024;3;100.0
https://www.vivoscuola.it/content/view/full/29483;2023/2024;4;100.0
https://www.vivoscuola.it/content/view/full/29483;2023/2024;5;100.0
https://www.vivoscuola.it/content/view/full/29483;2024/2025;1;100.0
https://www.vivoscuola.it/content/view/full/29483;2024/2025;2;100.0
https://www.vivoscuola.it/content/view/full/29483;2024/2025;3;100.0
https://www.vivoscuola.it/content/view/full/29483;2024/2025;4;100.0
https://www.vivoscuola.it/content/view/full/29483;2024/2025;5;100.0
https://www.vivoscuola.it/content/view/full/29486;2022/2023;1;100.0
https://www.vivoscuola.it/content/view/full/29486;2022/2023;2;100.0
https://www.vivoscuola.it/content/view/full/29486;2022/2023;3;100.0
https://www.vivoscuola.it/content/view/full/29486;2022/2023;4;100.0
https://www.vivoscuola.it/content/view/full/29486;2022/2023;5;100.0
https://www.vivoscuola.it/content/view/full/29486;2023/2024;1;100.0
https://www.vivoscuola.it/content/view/full/29486;2023/2024;2;100.0
https://www.vivoscuola.it/content/view/full/29486;2023/2024;3;100.0
https://www.vivoscuola.it/content/view/full/29486;2023/2024;4;100.0
https://www.vivoscuola.it/content/view/full/29486;2023/2024;5;100.0
https://www.vivoscuola.it/content/view/full/29486;2024/2025;1;100.0
https://www.vivoscuola.it/content/view/full/29486;2024/2025;2;100.0
https://www.vivoscuola.it/content/view/full/29486;2024/2025;3;100.0
https://www.vivoscuola.it/content/view/full/29486;2024/2025;4;100.0
https://www.vivoscuola.it/content/view/full/29486;2024/2025;5;100.0
https://www.vivoscuola.it/content/view/full/29485;2022/2023;1;100.0
https://www.vivoscuola.it/content/view/full/29485;2022/2023;2;100.0
https://www.vivoscuola.it/content/view/full/29485;2022/2023;3;100.0
https://www.vivoscuola.it/content/view/full/29485;2022/2023;4;100.0
https://www.vivoscuola.it/content/view/full/29485;2022/2023;5;100.0
https://www.vivoscuola.it/content/view/full/29485;2023/2024;1;100.0
https://www.vivoscuola.it/content/view/full/29485;2023/2024;2;100.0
https://www.vivoscuola.it/content/view/full/29485;2023/2024;3;100.0
https://www.vivoscuola.it/content/view/full/29485;2023/2024;4;100.0
https://www.vivoscuola.it/content/view/full/29485;2023/2024;5;75.0
https://www.vivoscuola.it/content/view/full/29485;2024/2025;1;100.0
https://www.vivoscuola.it/content/view/full/29485;2024/2025;2;100.0
https://www.vivoscuola.it/content/view/full/29485;2024/2025;3;100.0
https://www.vivoscuola.it/content/view/full/29485;2024/2025;4;100.0
https://www.vivoscuola.it/content/view/full/29485;2024/2025;5;100.0
https://www.vivoscuola.it/content/view/full/29488;2022/2023;1;100.0
https://www.vivoscuola.it/content/view/full/29488;2022/2023;2;100.0
https://www.vivoscuola.it/content/view/full/29488;2022/2023;3;100.0
https://www.vivoscuola.it/content/view/full/29488;2022/2023;4;100.0
https://www.vivoscuola.it/content/view/full/29488;2022/2023;5;100.0
https://www.vivoscuola.it/content/view/full/29488;2023/2024;1;100.0
https://www.vivoscuola.it/content/view/full/29488;2023/2024;2;100.0
https://www.vivoscuola.it/content/view/full/29488;2023/2024;3;100.0
https://www.vivoscuola.it/content/view/full/29488;2023/2024;4;100.0
https://www.vivoscuola.it/content/view/full/29488;2023/2024;5;100.0
https://www.vivoscuola.it/content/view/full/29488;2024/2025;1;100.0
https://www.vivoscuola.it/content/view/full/29488;2024/2025;2;100.0
https://www.vivoscuola.it/content/view/full/29488;2024/2025;3;100.0
https://www.vivoscuola.it/content/view/full/29488;2024/2025;4;100.0
https://www.vivoscuola.it/content/view/full/29488;2024/2025;5;100.0
https://www.vivoscuola.it/content/view/full/29490;2022/2023;1;100.0
https://www.vivoscuola.it/content/view/full/29490;2022/2023;2;100.0
https://www.vivoscuola.it/content/view/full/29490;2022/2023;3;100.0
https://www.vivoscuola.it/content/view/full/29490;2022/2023;4;100.0
https://www.vivoscuola.it/content/view/full/29490;2022/2023;5;100.0
https://www.vivoscuola.it/content/view/full/29490;2023/2024;1;100.0
https://www.vivoscuola.it/content/view/full/29490;2023/2024;2;100.0
https://www.vivoscuola.it/content/view/full/29490;2023/2024;3;100.0
https://www.vivoscuola.it/content/view/full/29490;2023/2024;4;100.0
https://www.vivoscuola.it/content/view/full/29490;2023/2024;5;100.0
https://www.vivoscuola.it/content/view/full/29490;2024/2025;1;100.0
https://www.vivoscuola.it/content/view/full/29490;2024/2025;2;100.0
https://www.vivoscuola.it/content/view/full/29490;2024/2025;3;100.0
https://www.vivoscuola.it/content/view/full/29490;2024/2025;4;100.0
https://www.vivoscuola.it/content/view/full/29490;2024/2025;5;100.0
https://www.vivoscuola.it/content/view/full/29487;2022/2023;1;100.0
https://www.vivoscuola.it/content/view/full/29487;2022/2023;2;96.55172413793103
https://www.vivoscuola.it/content/view/full/29487;2022/2023;3;100.0
https://www.vivoscuola.it/content/view/full/29487;2022/2023;4;100.0
https://www.vivoscuola.it/content/view/full/29487;2022/2023;5;100.0
https://www.vivoscuola.it/content/view/full/29487;2023/2024;1;100.0
https://www.vivoscuola.it/content/view/full/29487;2023/2024;2;100.0
https://www.vivoscuola.it/content/view/full/29487;2023/2024;3;100.0
https://www.vivoscuola.it/content/view/full/29487;2023/2024;4;100.0
https://www.vivoscuola.it/content/view/full/29487;2023/2024;5;100.0
https://www.vivoscuola.it/content/view/full/29487;2024/2025;1;100.0
https://www.vivoscuola.it/content/view/full/29487;2024/2025;2;100.0
https://www.vivoscuola.it/content/view/full/29487;2024/2025;3;100.0
https://www.vivoscuola.it/content/view/full/29487;2024/2025;4;100.0
https://www.vivoscuola.it/content/view/full/29487;2024/2025;5;100.0
https://www.vivoscuola.it/content/view/full/29489;2022/2023;1;100.0
https://www.vivoscuola.it/content/view/full/29489;2022/2023;2;100.0
https://www.vivoscuola.it/content/view/full/29489;2022/2023;3;100.0
https://www.vivoscuola.it/content/view/full/29489;2022/2023;4;100.0
https://www.vivoscuola.it/content/view/full/29489;2022/2023;5;100.0
https://www.vivoscuola.it/content/view/full/29489;2023/2024;1;100.0
https://www.vivoscuola.it/content/view/full/29489;2023/2024;2;100.0
https://www.vivoscuola.it/content/view/full/29489;2023/2024;3;100.0
https://www.vivoscuola.it/content/view/full/29489;2023/2024;4;100.0
https://www.vivoscuola.it/content/view/full/29489;2023/2024;5;100.0
https://www.vivoscuola.it/content/view/full/29489;2024/2025;1;100.0
https://www.vivoscuola.it/content/view/full/29489;2024/2025;2;100.0
https://www.vivoscuola.it/content/view/full/29489;2024/2025;3;100.0
https://www.vivoscuola.it/content/view/full/29489;2024/2025;4;100.0
https://www.vivoscuola.it/content/view/full/29489;2024/2025;5;100.0
https://www.vivoscuola.it/content/view/full/29491;2022/2023;1;100.0
https://www.vivoscuola.it/content/view/full/29491;2022/2023;2;95.65217391304348
https://www.vivoscuola.it/content/view/full/29491;2022/2023;3;99.10714285714286
https://www.vivoscuola.it/content/view/full/29491;2023/2024;1;100.0
https://www.vivoscuola.it/content/view/full/29491;2023/2024;2;97.9381443298969
https://www.vivoscuola.it/content/view/full/29491;2023/2024;3;100.0
https://www.vivoscuola.it/content/view/full/29491;2024/2025;1;100.0
https://www.vivoscuola.it/content/view/full/29491;2024/2025;2;100.0
https://www.vivoscuola.it/content/view/full/29491;2024/2025;3;100.0
