main institute;school;miur code;entity;address;miur code list;school count;check
associazione pedagogica steineriana - trento;;;institute;via conci, 86 38123;tnpmts5005|tn1e00900d|tn1m007003;3;0
associazione pedagogica steineriana - trento;associazione r. steiner - primaria;tn1e00900d;school;via conci, 86 38123;tnpmts5005|tn1e00900d|tn1m007003;3;0
associazione pedagogica steineriana - trento;associazione r. steiner - secondaria i grado;tn1m007003;school;via conci, 86 38123;tnpmts5005|tn1e00900d|tn1m007003;3;0
associazione pedagogica steineriana - trento;"liceo delle scienze umane ""scuola steiner"" trento";tnpmts5005;school;via conci - trento, 86 38123;tnpmts5005|tn1e00900d|tn1m007003;3;0
associazione rudolf steiner per la pedagogia aps - rovereto;;;institute;via stazione mori, 10 38068;"";1;1
associazione rudolf steiner per la pedagogia aps - rovereto;asilo colle fiorito;;school;via stazione mori, 10 38068;"";1;1
"centro formazione professionale ""centromoda canossa"" ";;;institute;via grazioli, 2 38122;tncf009001;2;1
"centro formazione professionale ""centromoda canossa"" ";capes - settore industria e artigianato;tncf009001;school;via grazioli, 2 38122;tncf009001;2;1
"centro formazione professionale ""centromoda canossa"" ";settore industria e artigianato;tncf009001;school;via grazioli, 2 38122;tncf009001;2;1
centro formazione professionale enaip - arco;;;institute;via gazzoletti, 8 38062;tnfp249sta|tncf00100q;2;0
centro formazione professionale enaip - arco;capes - settore industria e artigianato;tncf00100q;school;via gazzoletti - mogno, 8 38062;tnfp249sta|tncf00100q;2;0
centro formazione professionale enaip - arco;settore industria e artigianato;tnfp249sta;school;via gazzoletti, 8 38062;tnfp249sta|tncf00100q;2;0
centro formazione professionale enaip - borgo valsugana;;;institute;via giamaolle, 15 38051;tnfp250sta|tncf00200g;2;0
centro formazione professionale enaip - borgo valsugana;capes - settore industria e artigianato;tncf00200g;school;via giamaolle, 15 38051;tnfp250sta|tncf00200g;2;0
centro formazione professionale enaip - borgo valsugana;settore industria e artigianato;tnfp250sta;school;via giamaolle, 15 38051;tnfp250sta|tncf00200g;2;0
centro formazione professionale enaip - cles;;;institute;via mitterer, 10 38023;tnfp251sta;1;0
centro formazione professionale enaip - cles;settore industria e artigianato;tnfp251sta;school;via mitterer, 10 38023;tnfp251sta;1;0
centro formazione professionale enaip - ossana;;;institute;via di s antonio - ossana, 1 38026;tnfp252sta|tncf00300b;2;0
centro formazione professionale enaip - ossana;capes - settore servizi;tncf00300b;school;via di s antonio - ossana, 1 38026;tnfp252sta|tncf00300b;2;0
centro formazione professionale enaip - ossana;settore servizi;tnfp252sta;school;via di s antonio - ossana, 1 38026;tnfp252sta|tncf00300b;2;0
centro formazione professionale enaip - primiero;;;institute;via forno - transacqua, 12 38054;tnfp253sta;2;1
centro formazione professionale enaip - primiero;settore industria e artigianato;tnfp253sta;school;via forno - transacqua, 12 38054;tnfp253sta;2;1
centro formazione professionale enaip - primiero;settore servizi;tnfp253sta;school;via forno - transacqua, 12 38054;tnfp253sta;2;1
centro formazione professionale enaip - tesero;;;institute;via caltrezza, 13 38038;tncf004007|tnfp254sta;3;1
centro formazione professionale enaip - tesero;capes - settore servizi;tncf004007;school;via caltrezza, 13 38038;tncf004007|tnfp254sta;3;1
centro formazione professionale enaip - tesero;settore industria e artigianato;tnfp254sta;school;via caltrezza, 13 38038;tncf004007|tnfp254sta;3;1
centro formazione professionale enaip - tesero;settore servizi;tnfp254sta;school;via caltrezza, 13 38038;tncf004007|tnfp254sta;3;1
centro formazione professionale enaip - tione di trento;;tncf001001;institute;via durone, 57 38079;tncf001001;4;3
centro formazione professionale enaip - tione di trento;capes - settore industria e artigianato;tncf001001;school;via durone, 57 38079;tncf001001;4;3
centro formazione professionale enaip - tione di trento;capes - settore servizi;tncf001001;school;via durone, 57 38079;tncf001001;4;3
centro formazione professionale enaip - tione di trento;settore industria e artigianato;tncf001001;school;via durone, 57 38079;tncf001001;4;3
centro formazione professionale enaip - tione di trento;settore servizi;tncf001001;school;via durone, 57 38079;tncf001001;4;3
centro formazione professionale enaip - varone di riva del garda;;tncf007001;institute;rione europa, 3 38066;tncf007001;2;1
centro formazione professionale enaip - varone di riva del garda;capes - settore servizi;tncf007001;school;rione europa, 3 38066;tncf007001;2;1
centro formazione professionale enaip - varone di riva del garda;settore servizi;tncf007001;school;rione europa, 3 38066;tncf007001;2;1
centro formazione professionale enaip - villazzano;;tncf008001;institute;via asiago, 14 38123;tncf008001;3;2
centro formazione professionale enaip - villazzano;capes - settore industria e artigianato;tncf008001;school;via asiago, 14 38123;tncf008001;3;2
centro formazione professionale enaip - villazzano;settore industria e artigianato;tncf008001;school;via asiago, 14 38123;tncf008001;3;2
centro formazione professionale enaip - villazzano;settore industria e artigianato serale;;school;via asiago, 14 38123;tncf008001;3;2
centro formazione professionale opera armida barelli - levico;;;institute;viale roma, 61 38056;tnfp272sta;1;0
centro formazione professionale opera armida barelli - levico;settore servizi;tnfp272sta;school;viale roma, 61 38056;tnfp272sta;1;0
centro formazione professionale opera armida barelli - rovereto;;tncf005001;institute;via setaioli, 5 38068;tncf005001;2;1
centro formazione professionale opera armida barelli - rovereto;capes - settore servizi;tncf005001;school;via setaioli, 5 38068;tncf005001;2;1
centro formazione professionale opera armida barelli - rovereto;settore servizi;tncf005001;school;via setaioli, 5 38068;tncf005001;2;1
centro formazione professionale pavoniano artigianelli - trento;;tncf004001;institute;piazza di fiera, 4 38122;tncf004001;2;1
centro formazione professionale pavoniano artigianelli - trento;capes - settore industria e artigianato;tncf004001;school;piazza di fiera, 4 38122;tncf004001;2;1
centro formazione professionale pavoniano artigianelli - trento;settore industria e artigianato;tncf004001;school;piazza di fiera, 4 38122;tncf004001;2;1
centro formazione professionale upt - arco;;;institute;via gazzoletti, 10 38062;tncf005003|tnfp261sta;2;0
centro formazione professionale upt - arco;capes - settore servizi;tncf005003;school;via gazzoletti - mogno, 10 38062;tncf005003|tnfp261sta;2;0
centro formazione professionale upt - arco;settore servizi;tnfp261sta;school;via gazzoletti, 10 38062;tncf005003|tnfp261sta;2;0
centro formazione professionale upt - borgo valsugana;;;institute;via del mercato, 9/a 38051;tnfp273sta;1;0
centro formazione professionale upt - borgo valsugana;settore servizi;tnfp273sta;school;via del mercato, 9/a 38051;tnfp273sta;1;0
centro formazione professionale upt - cles;;;institute;via d agostin, 2 38023;tncf00600v|tnfp262sta;2;0
centro formazione professionale upt - cles;capes - settore servizi;tncf00600v;school;via d agostin, 2 38023;tncf00600v|tnfp262sta;2;0
centro formazione professionale upt - cles;settore servizi;tnfp262sta;school;via d agostin, 2 38023;tncf00600v|tnfp262sta;2;0
centro formazione professionale upt - rovereto;;;institute;via pasqui, 10 38068;tnfp000001|tncf00900a;2;0
centro formazione professionale upt - rovereto;capes - settore servizi;tncf00900a;school;via pasqui, 10 38068;tnfp000001|tncf00900a;2;0
centro formazione professionale upt - rovereto;settore servizi;tnfp000001;school;via pasqui, 10 38068;tnfp000001|tncf00900a;2;0
centro formazione professionale upt - tione di trento;;;institute;via roma, 15 38079;tncf00700p|tnfp263sta;2;0
centro formazione professionale upt - tione di trento;capes - settore servizi;tncf00700p;school;via roma, 15 38079;tncf00700p|tnfp263sta;2;0
centro formazione professionale upt - tione di trento;settore servizi;tnfp263sta;school;via roma, 15 38079;tncf00700p|tnfp263sta;2;0
centro formazione professionale upt - trento;;tncf003001;institute;via borsieri, 2 38122;tncf003001;3;2
centro formazione professionale upt - trento;capes - settore servizi;tncf003001;school;viale verona, 141 38123;tncf003001;3;2
centro formazione professionale upt - trento;settore servizi;tncf003001;school;via borsieri, 2 38122;tncf003001;3;2
centro formazione professionale upt - trento;settore servizi serale;;school;via borsieri, 2 38122;tncf003001;3;2
circolo di coordinamento n. 1;;;institute;viale dante, 5 38057;"";12;12
circolo di coordinamento n. 1;scuola dell'infanzia di baselga di piné;;school;via del municipio vecchio, 2 38042;"";12;12
circolo di coordinamento n. 1;"scuola dell'infanzia di capriana ""maddalena lazzeri""";;school;piazza scuole, 3 38030;"";12;12
circolo di coordinamento n. 1;scuola dell'infanzia di casatta;;school;frazione casatta, 54 38040;"";12;12
circolo di coordinamento n. 1;scuola dell'infanzia di civezzano;;school;via telvana, 4 38045;"";12;12
circolo di coordinamento n. 1;scuola dell'infanzia di daiano-varena;;school;via mercato - varena, 22 38030;"";12;12
circolo di coordinamento n. 1;"scuola dell'infanzia di fierozzo ""himblring""";;school;maso ronca, 9 38050;"";12;12
circolo di coordinamento n. 1;scuola dell'infanzia di miola di pinè;;school;via del dos di miola, 13 38042;"";12;12
circolo di coordinamento n. 1;scuola dell'infanzia di molina di fiemme;;school;via segherie, 64/c 38030;"";12;12
circolo di coordinamento n. 1;scuola dell'infanzia di piazze;;school;via vittorino da feltre, 24 38043;"";12;12
circolo di coordinamento n. 1;"scuola dell'infanzia di rizzolaga di pinè ""raggio di sole""";;school;frazione rizzolaga, 94 38042;"";12;12
circolo di coordinamento n. 1;"scuola dell'infanzia di s. orsola ""il girotondo""";;school;localita pintarei, 9 38050;"";12;12
circolo di coordinamento n. 1;"scuola dell'infanzia di seregnano ""arcobaleno""";;school;via alla villa wolf - rovere, 4 38045;"";12;12
circolo di coordinamento n. 10;;;institute;viale trento, 37/e 38068;"";8;8
circolo di coordinamento n. 10;scuola dell'infanzia di besenello;;school;via vanzetti, 3 38060;"";8;8
circolo di coordinamento n. 10;"scuola dell'infanzia di calliano ""matite colorate""";;school;via iii novembre, 33 38060;"";8;8
circolo di coordinamento n. 10;scuola dell'infanzia di isera;;school;vicolo zandonai,   38060;"";8;8
circolo di coordinamento n. 10;scuola dell'infanzia di nogaredo;;school;via verdi, 38 38060;"";8;8
circolo di coordinamento n. 10;"scuola dell'infanzia di pomarolo  ""don rainoldi""";;school;via g.b. adami, 10 38060;"";8;8
circolo di coordinamento n. 10;"scuola dell'infanzia di rovereto  s.ilario ""amici della scuola""";;school;via monti, 4a 38068;"";8;8
circolo di coordinamento n. 10;scuola dell'infanzia di rovereto brione;;school;via puccini, 26 38068;"";8;8
circolo di coordinamento n. 10;"scuola dell'infanzia di rovereto rione nord ""mille colori""";;school;via chiocchetti, 1 38068;"";8;8
circolo di coordinamento n. 11;;;institute;via della gana, 10 38027;"";13;13
circolo di coordinamento n. 11;scuola dell'infanzia di castelfondo;;school;via madonna pellegrina, 5 38020;"";13;13
circolo di coordinamento n. 11;"scuola dell'infanzia di cavareno ""peter pan""";;school;via castelli, 1 38011;"";13;13
circolo di coordinamento n. 11;scuola dell'infanzia di cogolo;;school;via roma, 83 38024;"";13;13
circolo di coordinamento n. 11;"scuola dell'infanzia di livo ""battito d'ali""";;school;via marconi, 17 38020;"";13;13
circolo di coordinamento n. 11;"scuola dell'infanzia di mezzana ""a. ravelli""";;school;via manzoni, 22 38020;"";13;13
circolo di coordinamento n. 11;scuola dell'infanzia di mione rumo;;school;frazione mione, 54 38020;"";13;13
circolo di coordinamento n. 11;scuola dell'infanzia di monclassico;;school;via berera - monclassico, 6 38025;"";13;13
circolo di coordinamento n. 11;"scuola dell'infanzia di pellizzano ""antonio bontempelli""";;school;via dei baschenis, 3 38020;"";13;13
circolo di coordinamento n. 11;scuola dell'infanzia di rabbi;;school;frazione pracorno, 98/b 38020;"";13;13
circolo di coordinamento n. 11;"scuola dell'infanzia di romeno  ""città della gioia""";;school;via monsignor rosati, 6 38010;"";13;13
circolo di coordinamento n. 11;scuola dell'infanzia di ruffrè;;school;maso lana, 3 38010;"";13;13
circolo di coordinamento n. 11;"scuola dell'infanzia di sarnonico ""giardino dei sogni""";;school;viale s lorenzo, 6 38011;"";13;13
circolo di coordinamento n. 11;"scuola dell'infanzia di terzolas ""caterina graifenberg""";;school;via kessler, 23 38027;"";13;13
circolo di coordinamento n. 2;;;institute;via temanza, 4 38051;"";13;13
circolo di coordinamento n. 2;scuola dell'infanzia di bieno;;school;via ammiraglio bettolo, 21 38050;"";13;13
circolo di coordinamento n. 2;scuola dell'infanzia di bosentino;;school;via alle scuole - bosentino, 12 38049;"";13;13
circolo di coordinamento n. 2;"scuola dell'infanzia di caldonazzo ""maria bambina""";;school;via asilo, 1 38052;"";13;13
circolo di coordinamento n. 2;"scuola dell'infanzia di canal san bovo ""lausen""";;school;localita lausen, 13 38050;"";13;13
circolo di coordinamento n. 2;scuola dell'infanzia di castello tesino;;school;via venezia, 16/a 38053;"";13;13
circolo di coordinamento n. 2;scuola dell'infanzia di centa san nicolò;;school;via dei campi - centa san nicolo, 14 38049;"";13;13
circolo di coordinamento n. 2;scuola dell'infanzia di imer;;school;via nazionale, 71 38050;"";13;13
circolo di coordinamento n. 2;"scuola dell'infanzia di levico terme ""taita marcos""";;school;via monsignor caproni, 1 38056;"";13;13
circolo di coordinamento n. 2;"scuola dell'infanzia di novaledo ""don evaristo forrer""";;school;via valle, 4 38050;"";13;13
circolo di coordinamento n. 2;"scuola dell'infanzia di tenna ""il sentiero""";;school;via venezia, 1 38050;"";13;13
circolo di coordinamento n. 2;scuola dell'infanzia di vattaro;;school;via giardino - vattaro, 7 38049;"";13;13
circolo di coordinamento n. 2;"scuola dell'infanzia di vigolo vattaro ""giardino dell'amicizia""";;school;via al castello - vigolo vattaro, 10 38049;"";13;13
circolo di coordinamento n. 2;"scuola dell'infanzia di villa agnedo ""natale alpino""";;school;via dei molini - agnedo, 36 38059;"";13;13
circolo di coordinamento n. 3;;;institute;via gilli, 3 38121;"";8;8
circolo di coordinamento n. 3;"scuola dell'infanzia di trento  ""crosina sartori""";;school;via gocciadoro, 84 38122;"";8;8
circolo di coordinamento n. 3;"scuola dell'infanzia di trento  ""gianni rodari""";;school;via giovanelli, 6 38122;"";8;8
circolo di coordinamento n. 3;"scuola dell'infanzia di trento  povo ""m.c. conotter""";;school;via della resistenza, 48 38123;"";8;8
circolo di coordinamento n. 3;"scuola dell'infanzia di trento clarina   ""piccolo mondo""";;school;via gramsci, 11 38123;"";8;8
circolo di coordinamento n. 3;"scuola dell'infanzia di trento cristo re ""piccolo principe""";;school;via senesi, 3 38121;"";8;8
circolo di coordinamento n. 3;"scuola dell'infanzia di trento madonna bianca ""l'albero del sole""";;school;via bettini, 3 38123;"";8;8
circolo di coordinamento n. 3;scuola dell'infanzia di trento s.martino;;school;via della predara, 16 38121;"";8;8
circolo di coordinamento n. 3;"scuola dell'infanzia di trento villazzano 3 ""l'officina degli gnomi""";;school;via conci, 10 38123;"";8;8
circolo di coordinamento n. 4;;;institute;via gilli, 3 38121;"";6;6
circolo di coordinamento n. 4;"scuola dell'infanzia di cimone ""mamma teresa""";;school;frazione petrolli, 37 38060;"";6;6
circolo di coordinamento n. 4;"scuola dell'infanzia di trento  ""torrione""";;school;via al torrione, 10 38122;"";6;6
circolo di coordinamento n. 4;"scuola dell'infanzia di trento  mattarello  ""il castello""";;school;via del castel, 1/a 38123;"";6;6
circolo di coordinamento n. 4;"scuola dell'infanzia di trento  ravina  ""girotondo""";;school;via per belvedere, 8 38123;"";6;6
circolo di coordinamento n. 4;"scuola dell'infanzia di trento  romagnano  ""gli gnomi del bosco""";;school;via delle prede, 2 38123;"";6;6
circolo di coordinamento n. 4;"scuola dell'infanzia di trento s.giuseppe ""maso ginocchio - collodi""";;school;via giusti, 56 38122;"";6;6
circolo di coordinamento n. 5;;;institute;via gilli, 3 38121;"";8;8
circolo di coordinamento n. 5;scuola dell'infanzia di calavino;;school;via pedrini - calavino, 28 38076;"";8;8
circolo di coordinamento n. 5;scuola dell'infanzia di lasino;;school;via lagolo - lasino, 47 38076;"";8;8
circolo di coordinamento n. 5;scuola dell'infanzia di terlago;;school;via degasperi - terlago, 7 38070;"";8;8
circolo di coordinamento n. 5;"scuola dell'infanzia di trento  cadine  ""il melograno""";;school;via di coltura, 3 38123;"";8;8
circolo di coordinamento n. 5;scuola dell'infanzia di trento  sardagna;;school;via dei caduti di sardagna, 8 38123;"";8;8
circolo di coordinamento n. 5;"scuola dell'infanzia di trento gardolo paludi  ""biancaneve""";;school;via paludi, 9/1 38121;"";8;8
circolo di coordinamento n. 5;scuola dell'infanzia di trento piedicastello;;school;via dos trento, 86 38122;"";8;8
circolo di coordinamento n. 5;"scuola dell'infanzia di trento roncafort  ""margit levinson""";;school;via dell asilo, 8 38121;"";8;8
circolo di coordinamento n. 6;;;institute;via gilli, 3 38121;"";7;7
circolo di coordinamento n. 6;"scuola dell'infanzia di giovo  ""il pellicano""";;school;via delle scuole, 9 38030;"";7;7
circolo di coordinamento n. 6;scuola dell'infanzia di grumes;;school;piazza municipio - grumes, 10 38030;"";7;7
circolo di coordinamento n. 6;"scuola dell'infanzia di trento  martignano  ""arcobaleno""";;school;via alla formigheta, 4 38121;"";7;7
circolo di coordinamento n. 6;"scuola dell'infanzia di trento  meano  ""m. r. giobatta partelloni""";;school;via delle sugarine, 38 38121;"";7;7
circolo di coordinamento n. 6;"scuola dell'infanzia di trento  melta di gardolo  ""il girasole""";;school;localita melta, 14 38121;"";7;7
circolo di coordinamento n. 6;"scuola dell'infanzia di trento  solteri  ""il quadrifoglio""";;school;via dei solteri, 24 38121;"";7;7
circolo di coordinamento n. 6;"scuola dell'infanzia di zambana ""girotondo""";;school;via conti spaur, 2 38010;"";7;7
circolo di coordinamento n. 7;;;institute;via filos, 2 38017;"";11;11
circolo di coordinamento n. 7;"scuola dell'infanzia di cavedago  ""l'albero azzurro""";;school;piazza s lorenzo, 2 38010;"";11;11
circolo di coordinamento n. 7;"scuola dell'infanzia di cles  ""casa del sole""";;school;via dallafior, 36 38023;"";11;11
circolo di coordinamento n. 7;scuola dell'infanzia di cunevo;;school;via delle scuole - cunevo, 6 38010;"";11;11
circolo di coordinamento n. 7;scuola dell'infanzia di fai paganella;;school;via villa, 43 38010;"";11;11
circolo di coordinamento n. 7;"scuola dell'infanzia di grumo ""il giardino del sole""";;school;via marconi, 65/a 38098;"";11;11
circolo di coordinamento n. 7;"scuola dell'infanzia di rallo di tassullo  ""nuovo germoglio""";;school;via fratelli pinamonti - rallo - tassullo,   38019;"";11;11
circolo di coordinamento n. 7;"scuola dell'infanzia di revò ""i girasoli""";;school;via canestrini, 9/a 38028;"";11;11
circolo di coordinamento n. 7;scuola dell'infanzia di roverè della luna;;school;via villotta, 10 38030;"";11;11
circolo di coordinamento n. 7;"scuola dell'infanzia di s.michele all' adige  ""il germoglio""";;school;via della prepositura, 2 38098;"";11;11
circolo di coordinamento n. 7;"scuola dell'infanzia di sporminore ""fratelli remondini""";;school;piazza anaunia, 2 38010;"";11;11
circolo di coordinamento n. 7;"scuola dell'infanzia di vervò  ""il bosco degli gnomi""";;school;via castel vervassium - vervo, 7 38012;"";11;11
circolo di coordinamento n. 8;;;institute;via circonvallazione, 65 38079;"";8;8
circolo di coordinamento n. 8;scuola dell'infanzia di bezzecca - a. cis;;school;via generale dalla chiesa - bezzecca, 2 38067;"";8;8
circolo di coordinamento n. 8;"scuola dell'infanzia di darzo ""l'albero delle castagne""";;school;via s giovanni nepomuceno, 11 38089;"";8;8
circolo di coordinamento n. 8;scuola dell'infanzia di dro;;school;via s antonio, 10 38074;"";8;8
circolo di coordinamento n. 8;scuola dell'infanzia di preore;;school;via serafini - preore, 92 38095;"";8;8
circolo di coordinamento n. 8;"scuola dell'infanzia di riva  ""rione 2 giugno""";;school;via cristoph hartung von hartungen, 4 38066;"";8;8
circolo di coordinamento n. 8;scuola dell'infanzia di romarzollo;;school;via fossa, 21 38062;"";8;8
circolo di coordinamento n. 8;scuola dell'infanzia di tiarno di sopra;;school;piazza milin - tiarno di sopra, 13 38067;"";8;8
circolo di coordinamento n. 8;scuola dell'infanzia di zuclo bolbeno;;school;via fucina - zuclo, 12 38079;"";8;8
circolo di coordinamento n. 9;;;institute;viale trento, 37/e 38068;"";9;9
circolo di coordinamento n. 9;"scuola dell'infanzia di anghebeni ""il sorriso di andrea""";;school;frazione anghebeni, 80/a 38060;"";9;9
circolo di coordinamento n. 9;"scuola dell'infanzia di rovereto ""c. battisti""";;school;via udine, 21 38068;"";9;9
circolo di coordinamento n. 9;scuola dell'infanzia di rovereto fucine;;school;via volta, 1 38068;"";9;9
circolo di coordinamento n. 9;"scuola dell'infanzia di rovereto lizzana  ""girogirotondo""";;school;via livenza, 27 38068;"";9;9
circolo di coordinamento n. 9;scuola dell'infanzia di rovereto noriglio;;school;via romani, 4 38068;"";9;9
circolo di coordinamento n. 9;"scuola dell'infanzia di rovereto rione sud  ""il giardino incantato""";;school;via venezia, 11 38068;"";9;9
circolo di coordinamento n. 9;"scuola dell'infanzia di rovereto san giorgio   ""don a. rossaro""";;school;via telani, 4 38068;"";9;9
circolo di coordinamento n. 9;scuola dell'infanzia di terragnolo piazza;;school;frazione piazza di terragnolo, 14 38060;"";9;9
circolo di coordinamento n. 9;"scuola dell'infanzia di tierno mori  ""il girasole""";;school;via della cooperazione, 20 38065;"";9;9
collegio arcivescovile c.endrici - trento;;;institute;via monsignor  endrici, 23 38122;tn1m00400g|tnps015002|tn1e00100v|tnpc01500v|tntd37500f;6;1
collegio arcivescovile c.endrici - trento;istituto tecnico per il settore economico;tntd37500f;school;via monsignor  endrici, 23 38122;tn1m00400g|tnps015002|tn1e00100v|tnpc01500v|tntd37500f;6;1
collegio arcivescovile c.endrici - trento;istituto tecnico per il settore tecnologico;tntd37500f;school;via monsignor  endrici, 23 38122;tn1m00400g|tnps015002|tn1e00100v|tnpc01500v|tntd37500f;6;1
collegio arcivescovile c.endrici - trento;liceo classico arcivescovile - trento;tnpc01500v;school;via monsignor  endrici, 23 38122;tn1m00400g|tnps015002|tn1e00100v|tnpc01500v|tntd37500f;6;1
collegio arcivescovile c.endrici - trento;liceo scientifico arcivescovile - trento;tnps015002;school;via monsignor  endrici, 23 38122;tn1m00400g|tnps015002|tn1e00100v|tnpc01500v|tntd37500f;6;1
collegio arcivescovile c.endrici - trento;scuola primaria arcivescovile trento;tn1e00100v;school;via monsignor  endrici, 23 38122;tn1m00400g|tnps015002|tn1e00100v|tnpc01500v|tntd37500f;6;1
collegio arcivescovile c.endrici - trento;scuola secondaria di primo grado arcivescovile trento;tn1m00400g;school;via monsignor  endrici, 23 38122;tn1m00400g|tnps015002|tn1e00100v|tnpc01500v|tntd37500f;6;1
collegio arcivescovile dame inglesi - rovereto;;;institute;corso bettini, 71 38068;tnpl005006|tn1m00200x|tn1e006002;3;0
collegio arcivescovile dame inglesi - rovereto;liceo linguistico arcivescovile dame inglesi - rovereto;tnpl005006;school;corso bettini, 71 38068;tnpl005006|tn1m00200x|tn1e006002;3;0
collegio arcivescovile dame inglesi - rovereto;scuola primaria arcivescovile dame inglesi rovereto;tn1e006002;school;corso bettini, 31 38068;tnpl005006|tn1m00200x|tn1e006002;3;0
collegio arcivescovile dame inglesi - rovereto;scuola secondaria di primo grado arcivescovile dame inglesi rovereto;tn1m00200x;school;corso bettini, 31 38068;tnpl005006|tn1m00200x|tn1e006002;3;0
cooperativa sociale sacra famiglia onlus;;;institute;via della saluga, 7 38121;tn1e005006;1;0
cooperativa sociale sacra famiglia onlus;scuola primaria sacra famiglia trento;tn1e005006;school;via della saluga, 7 38121;tn1e005006;1;0
coordinamento pedagogico scuole provinciali dell'infanzia ladine;;;institute;strada giuseppe soraperra - pozza di fassa, 6 38036;"";3;3
coordinamento pedagogico scuole provinciali dell'infanzia ladine;"scuola dell'infanzia di canazei ""don simone micheluzzi de ciciol""";;school;via de magoa, 24 38032;"";3;3
coordinamento pedagogico scuole provinciali dell'infanzia ladine;"scuola dell'infanzia di pera di fassa ""don edy cinzol""";;school;strada tita piaz - pozza di fassa, 13 38036;"";3;3
coordinamento pedagogico scuole provinciali dell'infanzia ladine;scuola dell'infanzia di soraga;;school;strada dolomites, 19 38030;"";3;3
fondazione edmund mach - istituto agrario san michele all'adige;;;institute;via mach, 1 38098;tncf006001|tnta01500b;3;1
fondazione edmund mach - istituto agrario san michele all'adige;capes - settore agricoltura e ambiente;tncf006001;school;via mach, 1 38098;tncf006001|tnta01500b;3;1
fondazione edmund mach - istituto agrario san michele all'adige;istituto tecnico per il settore tecnologico;tnta01500b;school;via mach, 1 38098;tncf006001|tnta01500b;3;1
fondazione edmund mach - istituto agrario san michele all'adige;settore agricoltura e ambiente;tncf006001;school;via mach, 1 38098;tncf006001|tnta01500b;3;1
"istituto comprensivo ala ""antonio bresciani""";;tnic84800q;institute;via don anzelini, 2 38061;tnee84801t|tnic84800q|tnee84802v|tnmm84801r;3;4294967295
"istituto comprensivo ala ""antonio bresciani""";"scuola primaria ""a. betta"" ala";tnee84801t;school;via betta, 9 38061;tnee84801t|tnic84800q|tnee84802v|tnmm84801r;3;4294967295
"istituto comprensivo ala ""antonio bresciani""";"scuola primaria ""m.t. di calcutta"" serravalle";tnee84802v;school;via negrelli - serravalle, 10 38061;tnee84801t|tnic84800q|tnee84802v|tnmm84801r;3;4294967295
"istituto comprensivo ala ""antonio bresciani""";"scuola secondaria di primo grado ""c. battisti"" ala";tnmm84801r;school;via don anzelini, 2 38061;tnee84801t|tnic84800q|tnee84802v|tnmm84801r;3;4294967295
istituto comprensivo aldeno mattarello;;tnic82100q;institute;via della torre franca, 1 38123;tnee821041|tnee82101t|tnmm82102t|tnmm82101r|tnee82103x|tnic82100q|tnee82102v;6;4294967295
istituto comprensivo aldeno mattarello;scuola primaria aldeno;tnee82102v;school;via xxv aprile, 1/a 38060;tnee821041|tnee82101t|tnmm82102t|tnmm82101r|tnee82103x|tnic82100q|tnee82102v;6;4294967295
istituto comprensivo aldeno mattarello;scuola primaria cimone;tnee82103x;school;frazione petrolli, 37 38060;tnee821041|tnee82101t|tnmm82102t|tnmm82101r|tnee82103x|tnic82100q|tnee82102v;6;4294967295
istituto comprensivo aldeno mattarello;scuola primaria mattarello;tnee821041;school;via poli, 11 38123;tnee821041|tnee82101t|tnmm82102t|tnmm82101r|tnee82103x|tnic82100q|tnee82102v;6;4294967295
istituto comprensivo aldeno mattarello;scuola primaria romagnano trento;tnee82101t;school;via ai comuni, 6 38123;tnee821041|tnee82101t|tnmm82102t|tnmm82101r|tnee82103x|tnic82100q|tnee82102v;6;4294967295
istituto comprensivo aldeno mattarello;"scuola secondaria di primo grado ""a. fogazzaro"" mattarello";tnmm82102t;school;via della torre franca, 1 38123;tnee821041|tnee82101t|tnmm82102t|tnmm82101r|tnee82103x|tnic82100q|tnee82102v;6;4294967295
istituto comprensivo aldeno mattarello;scuola secondaria di primo grado aldeno;tnmm82101r;school;via xxv aprile, 1 38060;tnee821041|tnee82101t|tnmm82102t|tnmm82101r|tnee82103x|tnic82100q|tnee82102v;6;4294967295
istituto comprensivo alta val di sole;;tnic832006;institute;via s michele, 11 38026;tnmm832017|tnee83208g|tnic832006|tnee83206d|tnee832029|tnee83207e|tnee83204b;6;4294967295
istituto comprensivo alta val di sole;"scuola primaria ""e. bezzi"" ossana";tnee832029;school;via di s antonio, 21 38026;tnmm832017|tnee83208g|tnic832006|tnee83206d|tnee832029|tnee83207e|tnee83204b;6;4294967295
istituto comprensivo alta val di sole;scuola primaria cogolo di peio;tnee83204b;school;via rosmini, 6 38024;tnmm832017|tnee83208g|tnic832006|tnee83206d|tnee832029|tnee83207e|tnee83204b;6;4294967295
istituto comprensivo alta val di sole;scuola primaria commezzadura;tnee83208g;school;via del comun, 5 38020;tnmm832017|tnee83208g|tnic832006|tnee83206d|tnee832029|tnee83207e|tnee83204b;6;4294967295
istituto comprensivo alta val di sole;scuola primaria passo tonale;tnee83207e;school;via nazionale, 12/c 38029;tnmm832017|tnee83208g|tnic832006|tnee83206d|tnee832029|tnee83207e|tnee83204b;6;4294967295
istituto comprensivo alta val di sole;scuola primaria vermiglio;tnee83206d;school;via senatore kessler, 5 38029;tnmm832017|tnee83208g|tnic832006|tnee83206d|tnee832029|tnee83207e|tnee83204b;6;4294967295
istituto comprensivo alta val di sole;"scuola secondaria di primo grado ""c. zanella"" fucine di ossana";tnmm832017;school;via s michele, 11 38026;tnmm832017|tnee83208g|tnic832006|tnee83206d|tnee832029|tnee83207e|tnee83204b;6;4294967295
istituto comprensivo alta vallagarina;;tnic86000a;institute;via stazione, 30 38060;tnee86002d|tnmm86001b|tnee86003e|tnee86001c|tnic86000a;4;4294967295
istituto comprensivo alta vallagarina;"scuola primaria ""a.de valentini"" calliano";tnee86002d;school;via degasperi, 4 38060;tnee86002d|tnmm86001b|tnee86003e|tnee86001c|tnic86000a;4;4294967295
istituto comprensivo alta vallagarina;"scuola primaria ""g. tovazzi"" volano";tnee86003e;school;via stazione, 30 38060;tnee86002d|tnmm86001b|tnee86003e|tnee86001c|tnic86000a;4;4294967295
istituto comprensivo alta vallagarina;"scuola primaria ""s. pellico"" besenello";tnee86001c;school;via degasperi, 2 38060;tnee86002d|tnmm86001b|tnee86003e|tnee86001c|tnic86000a;4;4294967295
istituto comprensivo alta vallagarina;"scuola secondaria di primo grado ""alta vallagarina"" volano";tnmm86001b;school;via manzoni, 3 38068;tnee86002d|tnmm86001b|tnee86003e|tnee86001c|tnic86000a;4;4294967295
istituto comprensivo altopiano di pine';;tnic816008;institute;via del xxvi maggio - baselga, 6 38042;tnee81605e|tnmm816019|tnee81601a|tnic816008|tnee81602b;4;4294967295
istituto comprensivo altopiano di pine';"scuola primaria  ""abramo andreatta"" bedollo";tnee81605e;school;via s osvaldo, 5 38043;tnee81605e|tnmm816019|tnee81601a|tnic816008|tnee81602b;4;4294967295
istituto comprensivo altopiano di pine';"scuola primaria ""g. dallafior"" baselga di pine'";tnee81601a;school;via delle scuole, 15 38042;tnee81605e|tnmm816019|tnee81601a|tnic816008|tnee81602b;4;4294967295
istituto comprensivo altopiano di pine';"scuola primaria ""g. verdi"" miola baselga di pine'";tnee81602b;school;via della chiesa, 3 38042;tnee81605e|tnmm816019|tnee81601a|tnic816008|tnee81602b;4;4294967295
istituto comprensivo altopiano di pine';"scuola secondaria di primo grado ""don giuseppe tarter""baselga di pine'";tnmm816019;school;via del xxvi maggio - baselga, 6 38042;tnee81605e|tnmm816019|tnee81601a|tnic816008|tnee81602b;4;4294967295
istituto comprensivo arco;;tnic840005;institute;localita prabi,   38062;tnic840005|tnee840028|tnee84004a|tnee840039|tnee840017|tnmm840016;5;4294967295
istituto comprensivo arco;"scuola primaria ""g. segantini"" arco";tnee840039;school;via nas, 28 38062;tnic840005|tnee840028|tnee84004a|tnee840039|tnee840017|tnmm840016;5;4294967295
istituto comprensivo arco;scuola primaria bolognano;tnee840017;school;viale stazione, 2 38062;tnic840005|tnee840028|tnee84004a|tnee840039|tnee840017|tnmm840016;5;4294967295
istituto comprensivo arco;scuola primaria massone;tnee840028;school;via maffei - san martino, 2 38062;tnic840005|tnee840028|tnee84004a|tnee840039|tnee840017|tnmm840016;5;4294967295
istituto comprensivo arco;scuola primaria romarzollo;tnee84004a;school;via fossa, 8 38062;tnic840005|tnee840028|tnee84004a|tnee840039|tnee840017|tnmm840016;5;4294967295
istituto comprensivo arco;"scuola secondaria di primo grado ""n. d'arco"" arco";tnmm840016;school;localita prabi,   38062;tnic840005|tnee840028|tnee84004a|tnee840039|tnee840017|tnmm840016;5;4294967295
istituto comprensivo avio;;tnic84700x;institute;viale degasperi, 69 38063;tnic84700x|tnmm847011|tnee847012|tnee847023;3;4294967295
istituto comprensivo avio;scuola primaria avio;tnee847012;school;via perotti, 47 38063;tnic84700x|tnmm847011|tnee847012|tnee847023;3;4294967295
istituto comprensivo avio;scuola primaria sabbionara di avio;tnee847023;school;piazza conciliazione,  1 38063;tnic84700x|tnmm847011|tnee847012|tnee847023;3;4294967295
istituto comprensivo avio;"scuola secondaria di primo grado ""d. alighieri"" avio";tnmm847011;school;viale degasperi, 69 38063;tnic84700x|tnmm847011|tnee847012|tnee847023;3;4294967295
istituto comprensivo bassa anaunia - tuenno;;tnic82900a;institute;via colle verde, 3 38010;tnee82906n|tnmm82902c|tnee82903e|tnee82908q|tnee82905l|tnmm82901b|tnee82901c|tnic82900a|tnee82907p;8;4294967295
istituto comprensivo bassa anaunia - tuenno;"scuola primaria ""m. pezzi"" campodenno";tnee82901c;school;via s maurizio, 3 38010;tnee82906n|tnmm82902c|tnee82903e|tnee82908q|tnee82905l|tnmm82901b|tnee82901c|tnic82900a|tnee82907p;8;4294967295
istituto comprensivo bassa anaunia - tuenno;"scuola primaria ""mons. s. weber"" denno";tnee82903e;school;via colle verde, 3 38010;tnee82906n|tnmm82902c|tnee82903e|tnee82908q|tnee82905l|tnmm82901b|tnee82901c|tnic82900a|tnee82907p;8;4294967295
istituto comprensivo bassa anaunia - tuenno;"scuola primaria ""v. maistrelli"" tuenno";tnee82907p;school;via maistrelli - tuenno, 11 38019;tnee82906n|tnmm82902c|tnee82903e|tnee82908q|tnee82905l|tnmm82901b|tnee82901c|tnic82900a|tnee82907p;8;4294967295
istituto comprensivo bassa anaunia - tuenno;scuola primaria flavon;tnee82906n;school;via nazionale - flavon,   38010;tnee82906n|tnmm82902c|tnee82903e|tnee82908q|tnee82905l|tnmm82901b|tnee82901c|tnic82900a|tnee82907p;8;4294967295
istituto comprensivo bassa anaunia - tuenno;scuola primaria tassullo;tnee82908q;school;piazza pilati - tassullo, 6 38019;tnee82906n|tnmm82902c|tnee82903e|tnee82908q|tnee82905l|tnmm82901b|tnee82901c|tnic82900a|tnee82907p;8;4294967295
istituto comprensivo bassa anaunia - tuenno;scuola primaria vigo ton;tnee82905l;school;piazza guardi, 7 38010;tnee82906n|tnmm82902c|tnee82903e|tnee82908q|tnee82905l|tnmm82901b|tnee82901c|tnic82900a|tnee82907p;8;4294967295
istituto comprensivo bassa anaunia - tuenno;"scuola secondaria di primo grado ""e. leonardi"" tuenno";tnmm82902c;school;via maistrelli - tuenno, 11 38019;tnee82906n|tnmm82902c|tnee82903e|tnee82908q|tnee82905l|tnmm82901b|tnee82901c|tnic82900a|tnee82907p;8;4294967295
istituto comprensivo bassa anaunia - tuenno;"scuola secondaria di primo grado ""v. vielmetti"" denno";tnmm82901b;school;via colle verde, 3 38010;tnee82906n|tnmm82902c|tnee82903e|tnee82908q|tnee82905l|tnmm82901b|tnee82901c|tnic82900a|tnee82907p;8;4294967295
"istituto comprensivo bassa val di sole ""g. ciccolini""";;tnic833002;institute;via taddei de mauris, 4 38027;tnee833014|tnee83307a|tnic833002|tnee833047|tnee833058|tnmm833013|tnee833036;6;4294967295
"istituto comprensivo bassa val di sole ""g. ciccolini""";"scuola primaria ""b. pezzen"" croviana";tnee833036;school;via delle scuole, 25 38027;tnee833014|tnee83307a|tnic833002|tnee833047|tnee833058|tnmm833013|tnee833036;6;4294967295
"istituto comprensivo bassa val di sole ""g. ciccolini""";"scuola primaria ""c. cristoforetti"" male'";tnee833058;school;via alla croce, 17 38027;tnee833014|tnee83307a|tnic833002|tnee833047|tnee833058|tnmm833013|tnee833036;6;4294967295
"istituto comprensivo bassa val di sole ""g. ciccolini""";scuola primaria caldes;tnee833014;school;via al castello, 26 38022;tnee833014|tnee83307a|tnic833002|tnee833047|tnee833058|tnmm833013|tnee833036;6;4294967295
"istituto comprensivo bassa val di sole ""g. ciccolini""";scuola primaria dimaro;tnee833047;school;piazza madonna della pace - dimaro, 14 38025;tnee833014|tnee83307a|tnic833002|tnee833047|tnee833058|tnmm833013|tnee833036;6;4294967295
"istituto comprensivo bassa val di sole ""g. ciccolini""";scuola primaria s.bernardo rabbi;tnee83307a;school;frazione san bernardo,   38020;tnee833014|tnee83307a|tnic833002|tnee833047|tnee833058|tnmm833013|tnee833036;6;4294967295
"istituto comprensivo bassa val di sole ""g. ciccolini""";"scuola secondaria di primo grado ""g. ciccolini"" male'";tnmm833013;school;via taddei de mauris, 4 38027;tnee833014|tnee83307a|tnic833002|tnee833047|tnee833058|tnmm833013|tnee833036;6;4294967295
istituto comprensivo borgo valsugana;;tnic812001;institute;via spagolla, 1 38051;tnmm812012|tnee812046|tnmm812023|tnee812024|tnic812001;4;4294967295
istituto comprensivo borgo valsugana;"scuola primaria ""rita levi montalcini"" borgo valsugana";tnee812046;school;via temanza, 13/c 38051;tnmm812012|tnee812046|tnmm812023|tnee812024|tnic812001;4;4294967295
istituto comprensivo borgo valsugana;scuola primaria grigno;tnee812024;school;viale trento, 2 38055;tnmm812012|tnee812046|tnmm812023|tnee812024|tnic812001;4;4294967295
istituto comprensivo borgo valsugana;"scuola secondaria di primo grado ""ora e veglia"" borgo valsugana";tnmm812012;school;via spagolla, 1 38051;tnmm812012|tnee812046|tnmm812023|tnee812024|tnic812001;4;4294967295
istituto comprensivo borgo valsugana;"scuola secondaria di primo grado ""s. fante"" grigno";tnmm812023;school;viale trento,   38055;tnmm812012|tnee812046|tnmm812023|tnee812024|tnic812001;4;4294967295
istituto comprensivo brentonico;;tnic861006;institute;via calzolari - localita fontana, 2 38060;tnic861006|tnee861018|tnmm861017;2;4294967295
istituto comprensivo brentonico;scuola primaria brentonico;tnee861018;school;via calzolari - localita fontana, 2 38060;tnic861006|tnee861018|tnmm861017;2;4294967295
istituto comprensivo brentonico;scuola secondaria di primo grado brentonico;tnmm861017;school;via calzolari - localita fontana, 2 38060;tnic861006|tnee861018|tnmm861017;2;4294967295
istituto comprensivo cavalese;;tnic809005;institute;piazza verdi, 6 38033;tnee809039|tnee809028|tnee80909g|tnic809005|tnee809017|tnmm809016|tnee80906c|tnee80904a|tnee80905b|tnee80908e;9;4294967295
istituto comprensivo cavalese;scuola primaria capriana;tnee809017;school;piazza scuole, 1 38030;tnee809039|tnee809028|tnee80909g|tnic809005|tnee809017|tnmm809016|tnee80906c|tnee80904a|tnee80905b|tnee80908e;9;4294967295
istituto comprensivo cavalese;scuola primaria carano;tnee809028;school;via giovanelli, 2 38033;tnee809039|tnee809028|tnee80909g|tnic809005|tnee809017|tnmm809016|tnee80906c|tnee80904a|tnee80905b|tnee80908e;9;4294967295
istituto comprensivo cavalese;scuola primaria casatta valfloriana;tnee80908e;school;frazione casatta, 18/a 38040;tnee809039|tnee809028|tnee80909g|tnic809005|tnee809017|tnmm809016|tnee80906c|tnee80904a|tnee80905b|tnee80908e;9;4294967295
istituto comprensivo cavalese;scuola primaria castello di fiemme;tnee809039;school;via roma, 40 38030;tnee809039|tnee809028|tnee80909g|tnic809005|tnee809017|tnmm809016|tnee80906c|tnee80904a|tnee80905b|tnee80908e;9;4294967295
istituto comprensivo cavalese;scuola primaria cavalese;tnee80905b;school;largo bosin, 2 38033;tnee809039|tnee809028|tnee80909g|tnic809005|tnee809017|tnmm809016|tnee80906c|tnee80904a|tnee80905b|tnee80908e;9;4294967295
istituto comprensivo cavalese;scuola primaria masi cavalese;tnee80906c;school;via damiano chiesa, 110 38033;tnee809039|tnee809028|tnee80909g|tnic809005|tnee809017|tnmm809016|tnee80906c|tnee80904a|tnee80905b|tnee80908e;9;4294967295
istituto comprensivo cavalese;scuola primaria molina di fiemme;tnee80904a;school;via segherie, 64/b 38030;tnee809039|tnee809028|tnee80909g|tnic809005|tnee809017|tnmm809016|tnee80906c|tnee80904a|tnee80905b|tnee80908e;9;4294967295
istituto comprensivo cavalese;scuola primaria varena;tnee80909g;school;via mercato, 10 38030;tnee809039|tnee809028|tnee80909g|tnic809005|tnee809017|tnmm809016|tnee80906c|tnee80904a|tnee80905b|tnee80908e;9;4294967295
istituto comprensivo cavalese;"scuola secondaria di primo grado ""g. segantini"" cavalese";tnmm809016;school;piazza verdi, 6 38033;tnee809039|tnee809028|tnee80909g|tnic809005|tnee809017|tnmm809016|tnee80906c|tnee80904a|tnee80905b|tnee80908e;9;4294967295
istituto comprensivo cembra;;tnic82200g;institute;via negritelle - cembra, 1 38034;tnmm82203p|tnee82206v|tnee82201n|tnee82203q|tnmm82201l|tnmm82202n|tnic82200g|tnee82202p|tnee82207x|tnee822081;9;4294967295
istituto comprensivo cembra;"scuola primaria ""don l. milani"" lases";tnee82206v;school;via principale, 43 38040;tnmm82203p|tnee82206v|tnee82201n|tnee82203q|tnmm82201l|tnmm82202n|tnic82200g|tnee82202p|tnee82207x|tnee822081;9;4294967295
istituto comprensivo cembra;"scuola primaria ""p. marconi"" faver";tnee82202p;school;via campagna - faver, 1 38030;tnmm82203p|tnee82206v|tnee82201n|tnee82203q|tnmm82201l|tnmm82202n|tnic82200g|tnee82202p|tnee82207x|tnee822081;9;4294967295
istituto comprensivo cembra;"scuola primaria ""p. sartori"" sover";tnee822081;school;piazza s lorenzo, 10 38048;tnmm82203p|tnee82206v|tnee82201n|tnee82203q|tnmm82201l|tnmm82202n|tnic82200g|tnee82202p|tnee82207x|tnee822081;9;4294967295
istituto comprensivo cembra;scuola primaria cembra;tnee82201n;school;via dei ciclamini - cembra, 1/1 38034;tnmm82203p|tnee82206v|tnee82201n|tnee82203q|tnmm82201l|tnmm82202n|tnic82200g|tnee82202p|tnee82207x|tnee822081;9;4294967295
istituto comprensivo cembra;scuola primaria stedro segonzano;tnee82207x;school;frazione stedro, 68 38047;tnmm82203p|tnee82206v|tnee82201n|tnee82203q|tnmm82201l|tnmm82202n|tnic82200g|tnee82202p|tnee82207x|tnee822081;9;4294967295
istituto comprensivo cembra;scuola primaria verla giovo;tnee82203q;school;via dell oratorio, 15 38030;tnmm82203p|tnee82206v|tnee82201n|tnee82203q|tnmm82201l|tnmm82202n|tnic82200g|tnee82202p|tnee82207x|tnee822081;9;4294967295
istituto comprensivo cembra;"scuola secondaria di primo grado ""a. vielmetti"" cembra";tnmm82201l;school;via negritelle - cembra, 1 38034;tnmm82203p|tnee82206v|tnee82201n|tnee82203q|tnmm82201l|tnmm82202n|tnic82200g|tnee82202p|tnee82207x|tnee822081;9;4294967295
istituto comprensivo cembra;scuola secondaria di primo grado stedro segonzano;tnmm82202n;school;frazione scancio, 69 38047;tnmm82203p|tnee82206v|tnee82201n|tnee82203q|tnmm82201l|tnmm82202n|tnic82200g|tnee82202p|tnee82207x|tnee822081;9;4294967295
istituto comprensivo cembra;scuola secondaria di primo grado verla giovo;tnmm82203p;school;via al grec, 2 38030;tnmm82203p|tnee82206v|tnee82201n|tnee82203q|tnmm82201l|tnmm82202n|tnic82200g|tnee82202p|tnee82207x|tnee822081;9;4294967295
istituto comprensivo centro valsugana;;tnic81300r;institute;via don meggio, 2/a 38050;tnmm81302v|tnee813109|tnee813075|tnee81301v|tnee813064|tnee813031|tnic81300r|tnee813086|tnee81302x|tnmm81301t;9;4294967295
istituto comprensivo centro valsugana;"scuola primaria ""c. corradi"" novaledo";tnee813064;school;piazza municipio, 5 38050;tnmm81302v|tnee813109|tnee813075|tnee81301v|tnee813064|tnee813031|tnic81300r|tnee813086|tnee81302x|tnmm81301t;9;4294967295
istituto comprensivo centro valsugana;"scuola primaria ""p. martinelli"" roncegno terme";tnee813075;school;via baldessari, 15 38050;tnmm81302v|tnee813109|tnee813075|tnee81301v|tnee813064|tnee813031|tnic81300r|tnee813086|tnee81302x|tnmm81301t;9;4294967295
istituto comprensivo centro valsugana;"scuola primaria ""t. v. gozzer"" castelnuovo";tnee81301v;school;piazza municipio, 4 38050;tnmm81302v|tnee813109|tnee813075|tnee81301v|tnee813064|tnee813031|tnic81300r|tnee813086|tnee81302x|tnmm81301t;9;4294967295
istituto comprensivo centro valsugana;scuola primaria marter;tnee813086;school;via della chiesa, 14 38050;tnmm81302v|tnee813109|tnee813075|tnee81301v|tnee813064|tnee813031|tnic81300r|tnee813086|tnee81302x|tnmm81301t;9;4294967295
istituto comprensivo centro valsugana;scuola primaria ronchi valsugana;tnee813109;school;via marchi, 14 38050;tnmm81302v|tnee813109|tnee813075|tnee81301v|tnee813064|tnee813031|tnic81300r|tnee813086|tnee81302x|tnmm81301t;9;4294967295
istituto comprensivo centro valsugana;scuola primaria telve;tnee81302x;school;via giusti, 5 38050;tnmm81302v|tnee813109|tnee813075|tnee81301v|tnee813064|tnee813031|tnic81300r|tnee813086|tnee81302x|tnmm81301t;9;4294967295
istituto comprensivo centro valsugana;scuola primaria telve di sopra;tnee813031;school;via delle scuole, 19 38050;tnmm81302v|tnee813109|tnee813075|tnee81301v|tnee813064|tnee813031|tnic81300r|tnee813086|tnee81302x|tnmm81301t;9;4294967295
istituto comprensivo centro valsugana;"scuola secondaria di primo grado ""don l. milani"" telve";tnmm81301t;school;via borgo, 2/a 38050;tnmm81302v|tnee813109|tnee813075|tnee81301v|tnee813064|tnee813031|tnic81300r|tnee813086|tnee81302x|tnmm81301t;9;4294967295
istituto comprensivo centro valsugana;"scuola secondaria di primo grado ""m. pola"" roncegno terme";tnmm81302v;school;via don meggio, 2/a 38050;tnmm81302v|tnee813109|tnee813075|tnee81301v|tnee813064|tnee813031|tnic81300r|tnee813086|tnee81302x|tnmm81301t;9;4294967295
istituto comprensivo civezzano;;tnic817004;institute;via murialdo, 27 38045;tnic817004|tnee817038|tnee817049|tnee817027|tnmm817026|tnmm817015|tnee817016;6;4294967295
istituto comprensivo civezzano;"scuola primaria ""a. girardi"" fornace";tnee817038;school;via dei mori, 2 38040;tnic817004|tnee817038|tnee817049|tnee817027|tnmm817026|tnmm817015|tnee817016;6;4294967295
istituto comprensivo civezzano;"scuola primaria ""g. b. borsieri"" civezzano";tnee817016;school;via telvana, 6 38045;tnic817004|tnee817038|tnee817049|tnee817027|tnmm817026|tnmm817015|tnee817016;6;4294967295
istituto comprensivo civezzano;scuola primaria albiano;tnee817049;school;via manzoni, 4 38041;tnic817004|tnee817038|tnee817049|tnee817027|tnmm817026|tnmm817015|tnee817016;6;4294967295
istituto comprensivo civezzano;scuola primaria seregnano civezzano;tnee817027;school;frazione cogatti,   38045;tnic817004|tnee817038|tnee817049|tnee817027|tnmm817026|tnmm817015|tnee817016;6;4294967295
istituto comprensivo civezzano;"scuola secondaria di primo grado ""g. alessandrini"" civezzano";tnmm817015;school;via murialdo, 27 38045;tnic817004|tnee817038|tnee817049|tnee817027|tnmm817026|tnmm817015|tnee817016;6;4294967295
istituto comprensivo civezzano;scuola secondaria di primo grado albiano;tnmm817026;school;via manzoni, 10 38041;tnic817004|tnee817038|tnee817049|tnee817027|tnmm817026|tnmm817015|tnee817016;6;4294967295
"istituto comprensivo cles ""b. clesio""";;tnic83100a;institute;via chini, 31 38023;tnmm83101b|tnic83100a|tnee83103e|tnee83102d|tnee83101c;4;4294967295
"istituto comprensivo cles ""b. clesio""";"scuola primaria ""chiara lubich"" livo";tnee83102d;school;frazione livo,  92 38020;tnmm83101b|tnic83100a|tnee83103e|tnee83102d|tnee83101c;4;4294967295
"istituto comprensivo cles ""b. clesio""";"scuola primaria ""o.focherini m.marchesi"" mione rumo";tnee83103e;school;via di ronco - mione, 17 38020;tnmm83101b|tnic83100a|tnee83103e|tnee83102d|tnee83101c;4;4294967295
"istituto comprensivo cles ""b. clesio""";scuola primaria cles;tnee83101c;school;via dei campi neri, 1 38023;tnmm83101b|tnic83100a|tnee83103e|tnee83102d|tnee83101c;4;4294967295
"istituto comprensivo cles ""b. clesio""";"scuola secondaria di primo grado ""v. inama"" cles";tnmm83101b;school;via chini, 31 38023;tnmm83101b|tnic83100a|tnee83103e|tnee83102d|tnee83101c;4;4294967295
"istituto comprensivo del chiese ""don l. milani""";;tnic838005;institute;via papaleoni, 5 38089;tnee83804a|tnmm838016|tnic838005|tnee83808e|tnee83806c|tnmm838027|tnee838039;6;4294967295
"istituto comprensivo del chiese ""don l. milani""";"scuola primaria ""g. papaleoni"" condino";tnee838039;school;via la marmora - condino, 13 38083;tnee83804a|tnmm838016|tnic838005|tnee83808e|tnee83806c|tnmm838027|tnee838039;6;4294967295
"istituto comprensivo del chiese ""don l. milani""";"scuola primaria ""padre c. gnesotti"" storo";tnee83804a;school;via papaleoni, 5 38089;tnee83804a|tnmm838016|tnic838005|tnee83808e|tnee83806c|tnmm838027|tnee838039;6;4294967295
"istituto comprensivo del chiese ""don l. milani""";scuola primaria pieve di bono - creto;tnee83808e;school;via fiera - creto - pieve di bono, 1 38085;tnee83804a|tnmm838016|tnic838005|tnee83808e|tnee83806c|tnmm838027|tnee838039;6;4294967295
"istituto comprensivo del chiese ""don l. milani""";scuola primaria storo - lodrone;tnee83806c;school;via xxiv maggio, 115 38089;tnee83804a|tnmm838016|tnic838005|tnee83808e|tnee83806c|tnmm838027|tnee838039;6;4294967295
"istituto comprensivo del chiese ""don l. milani""";"scuola secondaria di primo grado ""g. leopardi"" storo";tnmm838016;school;via papaleoni, 5 38089;tnee83804a|tnmm838016|tnic838005|tnee83808e|tnee83806c|tnmm838027|tnee838039;6;4294967295
"istituto comprensivo del chiese ""don l. milani""";"scuola secondaria di primo grado ""g. pascoli"" pieve di bono";tnmm838027;school;via fiera - creto - pieve di bono, 1 38085;tnee83804a|tnmm838016|tnic838005|tnee83808e|tnee83806c|tnmm838027|tnee838039;6;4294967295
istituto comprensivo di scuola primaria e secondaria di primiero;;tnic810009;institute;via delle fonti - transacqua, 10 38054;tnee81001b|tnmm81001a|tnmm81002b|tnic810009|tnps100005|tnee81007n|tntd170007|tnee81006l|tnee81003d;9;0
istituto comprensivo di scuola primaria e secondaria di primiero;istituto tecnico per il settore economico;tntd170007;school;via delle fonti - transacqua, 10 38054;tnee81001b|tnmm81001a|tnmm81002b|tnic810009|tnps100005|tnee81007n|tntd170007|tnee81006l|tnee81003d;9;0
istituto comprensivo di scuola primaria e secondaria di primiero;istituto tecnico per il settore tecnologico;tntd170007;school;via delle fonti - transacqua, 10 38054;tnee81001b|tnmm81001a|tnmm81002b|tnic810009|tnps100005|tnee81007n|tntd170007|tnee81006l|tnee81003d;9;0
istituto comprensivo di scuola primaria e secondaria di primiero;liceo scientifico opzione scienze applicate;tnps100005;school;via delle fonti - transacqua, 10 38054;tnee81001b|tnmm81001a|tnmm81002b|tnic810009|tnps100005|tnee81007n|tntd170007|tnee81006l|tnee81003d;9;0
istituto comprensivo di scuola primaria e secondaria di primiero;"scuola primaria ""b. zanetel"" s.martino di castrozza";tnee81006l;school;via laghetto - san martino di castrozza, 28 38054;tnee81001b|tnmm81001a|tnmm81002b|tnic810009|tnps100005|tnee81007n|tntd170007|tnee81006l|tnee81003d;9;0
istituto comprensivo di scuola primaria e secondaria di primiero;"scuola primaria ""card. j. bernardin"" tonadico";tnee81007n;school;via sorelle lucian - tonadico, 8 38054;tnee81001b|tnmm81001a|tnmm81002b|tnic810009|tnps100005|tnee81007n|tntd170007|tnee81006l|tnee81003d;9;0
istituto comprensivo di scuola primaria e secondaria di primiero;"scuola primaria ""f. loss"" canal san bovo";tnee81001b;school;localita lausen, 14 38050;tnee81001b|tnmm81001a|tnmm81002b|tnic810009|tnps100005|tnee81007n|tntd170007|tnee81006l|tnee81003d;9;0
istituto comprensivo di scuola primaria e secondaria di primiero;scuola primaria mezzano;tnee81003d;school;via iv novembre, 13 38050;tnee81001b|tnmm81001a|tnmm81002b|tnic810009|tnps100005|tnee81007n|tntd170007|tnee81006l|tnee81003d;9;0
istituto comprensivo di scuola primaria e secondaria di primiero;"scuola secondaria di primo grado ""l. negrelli""  - fiera di primiero";tnmm81002b;school;viale monte grappa - fiera di primiero, 12 38054;tnee81001b|tnmm81001a|tnmm81002b|tnic810009|tnps100005|tnee81007n|tntd170007|tnee81006l|tnee81003d;9;0
istituto comprensivo di scuola primaria e secondaria di primiero;scuola secondaria di primo grado canal san bovo;tnmm81001a;school;localita lausen, 13/z 38050;tnee81001b|tnmm81001a|tnmm81002b|tnic810009|tnps100005|tnee81007n|tntd170007|tnee81006l|tnee81003d;9;0
istituto comprensivo folgaria - lavarone - luserna;;tnic804002;institute;piazza marconi, 85 38064;tnic804002|tnmm804024|tnmm804013|tnee804025|tnee804014;8;3
istituto comprensivo folgaria - lavarone - luserna;scuola dell'infanzia di folgaria;;school;via roma, 30 38064;tnic804002|tnmm804024|tnmm804013|tnee804025|tnee804014;8;3
istituto comprensivo folgaria - lavarone - luserna;"scuola dell'infanzia di lavarone ""casa dell'arcobaleno""";;school;frazione gionghi,   38046;tnic804002|tnmm804024|tnmm804013|tnee804025|tnee804014;8;3
istituto comprensivo folgaria - lavarone - luserna;scuola dell'infanzia di luserna;;school;via mazzini - prundle, 7 38040;tnic804002|tnmm804024|tnmm804013|tnee804025|tnee804014;8;3
istituto comprensivo folgaria - lavarone - luserna;scuola dell'infanzia di nosellari folgaria;;school;via prati, 35 38064;tnic804002|tnmm804024|tnmm804013|tnee804025|tnee804014;8;3
istituto comprensivo folgaria - lavarone - luserna;"scuola primaria ""s. lauton"" folgaria";tnee804025;school;via d acquisto, 21/a 38064;tnic804002|tnmm804024|tnmm804013|tnee804025|tnee804014;8;3
istituto comprensivo folgaria - lavarone - luserna;scuola primaria lavarone;tnee804014;school;frazione gionghi,  107/5 38046;tnic804002|tnmm804024|tnmm804013|tnee804025|tnee804014;8;3
istituto comprensivo folgaria - lavarone - luserna;"scuola secondaria di primo grado ""g. prati"" lavarone";tnmm804024;school;frazione gionghi, 107/6 38046;tnic804002|tnmm804024|tnmm804013|tnee804025|tnee804014;8;3
istituto comprensivo folgaria - lavarone - luserna;"scuola secondaria di primo grado ""p. rella"" folgaria";tnmm804013;school;piazza marconi, 85 38064;tnic804002|tnmm804024|tnmm804013|tnee804025|tnee804014;8;3
istituto comprensivo fondo - revo';;tnic82800e;institute;via laviosa zambotti - fondo, 24 38020;tnee82807v|tnee82802n|tnee828091|tnmm82802l|tnmm82803n|tnee82805r|tnic82800e|tnee82808x|tnee82801l|tnee82804q|tnee828103;10;4294967295
istituto comprensivo fondo - revo';"scuola primaria ""c.a. martini"" revo'";tnee828091;school;via delle maddalene, 7 38028;tnee82807v|tnee82802n|tnee828091|tnmm82802l|tnmm82803n|tnee82805r|tnic82800e|tnee82808x|tnee82801l|tnee82804q|tnee828103;10;4294967295
istituto comprensivo fondo - revo';"scuola primaria ""madre teresa di calcutta"" romeno";tnee82805r;school;via monsignor rosati, 1 38010;tnee82807v|tnee82802n|tnee828091|tnmm82802l|tnmm82803n|tnee82805r|tnic82800e|tnee82808x|tnee82801l|tnee82804q|tnee828103;10;4294967295
istituto comprensivo fondo - revo';"scuola primaria ""padre a. stefenelli"" fondo";tnee82804q;school;piazza don stefenelli - fondo, 2 38020;tnee82807v|tnee82802n|tnee828091|tnmm82802l|tnmm82803n|tnee82805r|tnic82800e|tnee82808x|tnee82801l|tnee82804q|tnee828103;10;4294967295
istituto comprensivo fondo - revo';"scuola primaria ""stefano zuech"" brez";tnee82808x;school;via nigaiola - brez, 1 38028;tnee82807v|tnee82802n|tnee828091|tnmm82802l|tnmm82803n|tnee82805r|tnic82800e|tnee82808x|tnee82801l|tnee82804q|tnee828103;10;4294967295
istituto comprensivo fondo - revo';scuola primaria castelfondo;tnee82801l;school;via madonna pellegrina, 5 38020;tnee82807v|tnee82802n|tnee828091|tnmm82802l|tnmm82803n|tnee82805r|tnic82800e|tnee82808x|tnee82801l|tnee82804q|tnee828103;10;4294967295
istituto comprensivo fondo - revo';scuola primaria cavareno;tnee82802n;school;piazzale savera, 1 38011;tnee82807v|tnee82802n|tnee828091|tnmm82802l|tnmm82803n|tnee82805r|tnic82800e|tnee82808x|tnee82801l|tnee82804q|tnee828103;10;4294967295
istituto comprensivo fondo - revo';scuola primaria sanzeno;tnee828103;school;frazione banco, 98 38010;tnee82807v|tnee82802n|tnee828091|tnmm82802l|tnmm82803n|tnee82805r|tnic82800e|tnee82808x|tnee82801l|tnee82804q|tnee828103;10;4294967295
istituto comprensivo fondo - revo';scuola primaria sarnonico;tnee82807v;school;via manzoni, 7 38011;tnee82807v|tnee82802n|tnee828091|tnmm82802l|tnmm82803n|tnee82805r|tnic82800e|tnee82808x|tnee82801l|tnee82804q|tnee828103;10;4294967295
istituto comprensivo fondo - revo';"scuola secondaria di primo grado ""c.a. martini"" revo'";tnmm82802l;school;via canestrini, 7 38028;tnee82807v|tnee82802n|tnee828091|tnmm82802l|tnmm82803n|tnee82805r|tnic82800e|tnee82808x|tnee82801l|tnee82804q|tnee828103;10;4294967295
istituto comprensivo fondo - revo';"scuola secondaria di primo grado ""g. b. lampi"" fondo";tnmm82803n;school;via laviosa zambotti - fondo, 24 38020;tnee82807v|tnee82802n|tnee828091|tnmm82802l|tnmm82803n|tnee82805r|tnic82800e|tnee82808x|tnee82801l|tnee82804q|tnee828103;10;4294967295
istituto comprensivo giudicarie esteriori;;tnic837009;institute;via s giovanni bosco - ponte arche - bleggio inferiore, 14 38070;tnee83706l|tnee83705g|tnee83702c|tnmm83701a|tnee83703d|tnic837009|tnee83704e;6;4294967295
istituto comprensivo giudicarie esteriori;"scuola primaria ""g. graffer"" stenico";tnee83706l;school;via risorgimento, 11/a 38070;tnee83706l|tnee83705g|tnee83702c|tnmm83701a|tnee83703d|tnic837009|tnee83704e;6;4294967295
istituto comprensivo giudicarie esteriori;"scuola primaria ""san g. bosco"" s.lorenzo in banale";tnee83705g;school;via di prato - san lorenzo, 15/a 38078;tnee83706l|tnee83705g|tnee83702c|tnmm83701a|tnee83703d|tnic837009|tnee83704e;6;4294967295
istituto comprensivo giudicarie esteriori;scuola primaria campo lomaso;tnee83704e;school;frazione campo lomaso - lomaso,  1 38070;tnee83706l|tnee83705g|tnee83702c|tnmm83701a|tnee83703d|tnic837009|tnee83704e;6;4294967295
istituto comprensivo giudicarie esteriori;scuola primaria fiave';tnee83703d;school;via de gasperi,   38075;tnee83706l|tnee83705g|tnee83702c|tnmm83701a|tnee83703d|tnic837009|tnee83704e;6;4294967295
istituto comprensivo giudicarie esteriori;scuola primaria rango bleggio superiore;tnee83702c;school;frazione rango,   38071;tnee83706l|tnee83705g|tnee83702c|tnmm83701a|tnee83703d|tnic837009|tnee83704e;6;4294967295
istituto comprensivo giudicarie esteriori;"scuola secondaria di primo grado ""g. prati"" ponte arche";tnmm83701a;school;via s giovanni bosco - ponte arche - bleggio inferiore, 14 38070;tnee83706l|tnee83705g|tnee83702c|tnmm83701a|tnee83703d|tnic837009|tnee83704e;6;4294967295
istituto comprensivo isera - rovereto;;tnic845008;institute;viale della vittoria, 43 38068;tnee84502b|tnee84501a|tnic845008|tnmm845019;3;4294967295
istituto comprensivo isera - rovereto;"scuola primaria ""f.lli filzi"" rovereto";tnee84502b;school;via unione, 23 38068;tnee84502b|tnee84501a|tnic845008|tnmm845019;3;4294967295
istituto comprensivo isera - rovereto;"scuola primaria ""r. levi montalcini"" isera";tnee84501a;school;viale provinciale,   38060;tnee84502b|tnee84501a|tnic845008|tnmm845019;3;4294967295
istituto comprensivo isera - rovereto;"scuola secondaria di primo grado ""a. degasperi"" rovereto";tnmm845019;school;viale della vittoria, 43 38068;tnee84502b|tnee84501a|tnic845008|tnmm845019;3;4294967295
istituto comprensivo lavis;;tnic825003;institute;via sette, 13 38015;tnic825003|tnmm825014|tnee825015|tnee825026|tnee825037;4;4294967295
istituto comprensivo lavis;"scuola primaria ""a. frank"" zambana";tnee825037;school;piazza ss filippo e giacomo, 1 38010;tnic825003|tnmm825014|tnee825015|tnee825026|tnee825037;4;4294967295
istituto comprensivo lavis;"scuola primaria ""don g. grazioli"" lavis";tnee825015;school;via degasperi, 18 38015;tnic825003|tnmm825014|tnee825015|tnee825026|tnee825037;4;4294967295
istituto comprensivo lavis;scuola primaria pressano lavis;tnee825026;school;via pilati, 31 38015;tnic825003|tnmm825014|tnee825015|tnee825026|tnee825037;4;4294967295
istituto comprensivo lavis;"scuola secondaria di primo grado ""a. stainer"" lavis";tnmm825014;school;via sette, 13/a 38015;tnic825003|tnmm825014|tnee825015|tnee825026|tnee825037;4;4294967295
istituto comprensivo levico terme;;tnic81800x;institute;via della pace, 5 38056;tnee818012|tnee818034|tnmm818011|tnee818023|tnic81800x|tnee818045;5;4294967295
istituto comprensivo levico terme;"scuola primaria ""c. chiesa"" caldonazzo";tnee818023;school;via asilo, 3 38052;tnee818012|tnee818034|tnmm818011|tnee818023|tnic81800x|tnee818045;5;4294967295
istituto comprensivo levico terme;"scuola primaria ""g. rosanelli"" tenna";tnee818045;school;via albere, 2 38050;tnee818012|tnee818034|tnmm818011|tnee818023|tnic81800x|tnee818045;5;4294967295
istituto comprensivo levico terme;"scuola primaria ""padre b. martinelli"" calceranica al lago";tnee818012;school;via della scuola, 2 38050;tnee818012|tnee818034|tnmm818011|tnee818023|tnic81800x|tnee818045;5;4294967295
istituto comprensivo levico terme;scuola primaria levico terme;tnee818034;school;via della pace, 5 38056;tnee818012|tnee818034|tnmm818011|tnee818023|tnic81800x|tnee818045;5;4294967295
istituto comprensivo levico terme;"scuola secondaria di primo grado ""g. b. de gasparis"" levico terme";tnmm818011;school;via della pace, 5 38056;tnee818012|tnee818034|tnmm818011|tnee818023|tnic81800x|tnee818045;5;4294967295
istituto comprensivo mezzocorona;;tnic82300b;institute;via fornai, 1 38016;tnmm82301c|tnee82301d|tnee82302e|tnic82300b|tnee82304l|tnee82305n;5;4294967295
istituto comprensivo mezzocorona;"scuola primaria ""a. degasperi"" mezzocorona";tnee82304l;school;via dante, 9 38016;tnmm82301c|tnee82301d|tnee82302e|tnic82300b|tnee82304l|tnee82305n;5;4294967295
istituto comprensivo mezzocorona;"scuola primaria ""f. biasi"" s.michele all'adige";tnee82302e;school;via biasi, 1 38010;tnmm82301c|tnee82301d|tnee82302e|tnic82300b|tnee82304l|tnee82305n;5;4294967295
istituto comprensivo mezzocorona;"scuola primaria ""f.lli bronzetti"" rovere' della luna";tnee82305n;school;via rosmini, 5/a 38030;tnmm82301c|tnee82301d|tnee82302e|tnic82300b|tnee82304l|tnee82305n;5;4294967295
istituto comprensivo mezzocorona;scuola primaria grumo;tnee82301d;school;via marconi, 65 38010;tnmm82301c|tnee82301d|tnee82302e|tnic82300b|tnee82304l|tnee82305n;5;4294967295
istituto comprensivo mezzocorona;"scuola secondaria di primo grado ""e. chini"" mezzocorona";tnmm82301c;school;via dante, 9 38016;tnmm82301c|tnee82301d|tnee82302e|tnic82300b|tnee82304l|tnee82305n;5;4294967295
istituto comprensivo mezzolombardo - paganella;;tnic824007;institute;via degli alpini, 17 38017;tnee82408l|tnee82405d|tnee82406e|tnee82403b|tnmm824018|tnmm82403a|tnmm82404b|tnic824007|tnee824019|tnee82407g;9;4294967295
istituto comprensivo mezzolombardo - paganella;"scuola primaria ""c. darwin"" mezzolombardo";tnee824019;school;via filos, 3 38017;tnee82408l|tnee82405d|tnee82406e|tnee82403b|tnmm824018|tnmm82403a|tnmm82404b|tnic824007|tnee824019|tnee82407g;9;4294967295
istituto comprensivo mezzolombardo - paganella;"scuola primaria ""don l. rossi"" fai della paganella";tnee82405d;school;via villa, 21 38010;tnee82408l|tnee82405d|tnee82406e|tnee82403b|tnmm824018|tnmm82403a|tnmm82404b|tnic824007|tnee824019|tnee82407g;9;4294967295
istituto comprensivo mezzolombardo - paganella;"scuola primaria ""l. nicolussi"" molveno";tnee82407g;school;piazza scuole, 2 38018;tnee82408l|tnee82405d|tnee82406e|tnee82403b|tnmm824018|tnmm82403a|tnmm82404b|tnic824007|tnee824019|tnee82407g;9;4294967295
istituto comprensivo mezzolombardo - paganella;"scuola primaria ""san g. bosco"" spormaggiore";tnee82408l;school;via alt spaur, 5 38010;tnee82408l|tnee82405d|tnee82406e|tnee82403b|tnmm824018|tnmm82403a|tnmm82404b|tnic824007|tnee824019|tnee82407g;9;4294967295
istituto comprensivo mezzolombardo - paganella;scuola primaria andalo;tnee82406e;school;piazza s vito, 1 38010;tnee82408l|tnee82405d|tnee82406e|tnee82403b|tnmm824018|tnmm82403a|tnmm82404b|tnic824007|tnee824019|tnee82407g;9;4294967295
istituto comprensivo mezzolombardo - paganella;scuola primaria nave san rocco;tnee82403b;school;piazza s rocco, 15 38010;tnee82408l|tnee82405d|tnee82406e|tnee82403b|tnmm824018|tnmm82403a|tnmm82404b|tnic824007|tnee824019|tnee82407g;9;4294967295
istituto comprensivo mezzolombardo - paganella;"scuola secondaria di primo grado ""a. eccher dall'eco"" mezzolombardo";tnmm824018;school;via degli alpini, 17 38017;tnee82408l|tnee82405d|tnee82406e|tnee82403b|tnmm824018|tnmm82403a|tnmm82404b|tnic824007|tnee824019|tnee82407g;9;4294967295
istituto comprensivo mezzolombardo - paganella;"scuola secondaria di primo grado ""c. battisti"" andalo";tnmm82403a;school;piazza s vito, 1 38010;tnee82408l|tnee82405d|tnee82406e|tnee82403b|tnmm824018|tnmm82403a|tnmm82404b|tnic824007|tnee824019|tnee82407g;9;4294967295
istituto comprensivo mezzolombardo - paganella;scuola secondaria di primo grado spormaggiore;tnmm82404b;school;via alt spaur, 5 38010;tnee82408l|tnee82405d|tnee82406e|tnee82403b|tnmm824018|tnmm82403a|tnmm82404b|tnic824007|tnee824019|tnee82407g;9;4294967295
istituto comprensivo mori;;tnic84900g;institute;via giovanni xxiii, 64 38065;tnmm84901l|tnic84900g|tnee84903q|tnee84901n;3;4294967295
istituto comprensivo mori;scuola primaria mori;tnee84901n;school;via scuole, 21 38065;tnmm84901l|tnic84900g|tnee84903q|tnee84901n;3;4294967295
istituto comprensivo mori;scuola primaria ronzo chienis;tnee84903q;school;via del car, 38 38060;tnmm84901l|tnic84900g|tnee84903q|tnee84901n;3;4294967295
istituto comprensivo mori;"scuola secondaria di primo grado ""b. malfatti"" mori";tnmm84901l;school;via giovanni xxiii, 64 38065;tnmm84901l|tnic84900g|tnee84903q|tnee84901n;3;4294967295
istituto comprensivo pergine 1;;tnic81400l;institute;via monte cristallo, 2 38057;tnee81406x|tnee81401p|tnic81400l|tnee81402q|tnee81403r|tnee814071|tnmm81401n;6;4294967295
istituto comprensivo pergine 1;"scuola primaria ""don l. milani"" pergine valsugana";tnee81402q;school;via monte cristallo, 2 38057;tnee81406x|tnee81401p|tnic81400l|tnee81402q|tnee81403r|tnee814071|tnmm81401n;6;4294967295
istituto comprensivo pergine 1;scuola primaria canezza;tnee81403r;school;via delle scuole, 4 38057;tnee81406x|tnee81401p|tnic81400l|tnee81402q|tnee81403r|tnee814071|tnmm81401n;6;4294967295
istituto comprensivo pergine 1;scuola primaria s.felice fierozzo;tnee81401p;school;maso ronca, 1 38050;tnee81406x|tnee81401p|tnic81400l|tnee81402q|tnee81403r|tnee814071|tnmm81401n;6;4294967295
istituto comprensivo pergine 1;scuola primaria sant'orsola;tnee81406x;school;localita pintarei, 21 38050;tnee81406x|tnee81401p|tnic81400l|tnee81402q|tnee81403r|tnee814071|tnmm81401n;6;4294967295
istituto comprensivo pergine 1;scuola primaria zivignago;tnee814071;school;via dei spiazzi, 3 38057;tnee81406x|tnee81401p|tnic81400l|tnee81402q|tnee81403r|tnee814071|tnmm81401n;6;4294967295
istituto comprensivo pergine 1;"scuola secondaria di primo grado ""c. andreatta"" pergine valsugana";tnmm81401n;school;via caduti, 39 38057;tnee81406x|tnee81401p|tnic81400l|tnee81402q|tnee81403r|tnee814071|tnmm81401n;6;4294967295
"istituto comprensivo pergine 2 ""c. freinet""";;tnic81500c;institute;via amstetten, 4 38057;tnee81504n|tnee81503l|tnmm81501d|tnic81500c|tnee81501e|tnee81502g;5;4294967295
"istituto comprensivo pergine 2 ""c. freinet""";"scuola primaria ""g. rodari"" pergine valsugana";tnee81501e;school;via chimelli, 10 38057;tnee81504n|tnee81503l|tnmm81501d|tnic81500c|tnee81501e|tnee81502g;5;4294967295
"istituto comprensivo pergine 2 ""c. freinet""";scuola primaria canale;tnee81502g;school;viale delle nazioni unite, 44 38057;tnee81504n|tnee81503l|tnmm81501d|tnic81500c|tnee81501e|tnee81502g;5;4294967295
"istituto comprensivo pergine 2 ""c. freinet""";scuola primaria madrano;tnee81504n;school;via d oltrefersina, 149 38057;tnee81504n|tnee81503l|tnmm81501d|tnic81500c|tnee81501e|tnee81502g;5;4294967295
"istituto comprensivo pergine 2 ""c. freinet""";scuola primaria susa';tnee81503l;school;via don sopperra, 61 38057;tnee81504n|tnee81503l|tnmm81501d|tnic81500c|tnee81501e|tnee81502g;5;4294967295
"istituto comprensivo pergine 2 ""c. freinet""";"scuola secondaria di primo grado ""t. garbari"" pergine valsugana";tnmm81501d;school;via amstetten, 4 38057;tnee81504n|tnee81503l|tnmm81501d|tnic81500c|tnee81501e|tnee81502g;5;4294967295
istituto comprensivo predazzo tesero panchia' ziano;;tnic808009;institute;corso degasperi, 8 38037;tnmm80801a|tnmm80802b|tnee80801b|tnee80802c|tnic808009|tnee80804e;5;4294967295
istituto comprensivo predazzo tesero panchia' ziano;"scuola primaria ""g. manega"" tesero";tnee80804e;school;via fia, 11/a 38038;tnmm80801a|tnmm80802b|tnee80801b|tnee80802c|tnic808009|tnee80804e;5;4294967295
istituto comprensivo predazzo tesero panchia' ziano;"scuola primaria ""i. masia"" ziano di fiemme";tnee80802c;school;piazza italia, 4 38030;tnmm80801a|tnmm80802b|tnee80801b|tnee80802c|tnic808009|tnee80804e;5;4294967295
istituto comprensivo predazzo tesero panchia' ziano;"scuola primaria ""m. morandini degasperi"" predazzo";tnee80801b;school;corso degasperi, 8 38037;tnmm80801a|tnmm80802b|tnee80801b|tnee80802c|tnic808009|tnee80804e;5;4294967295
istituto comprensivo predazzo tesero panchia' ziano;"scuola secondaria di primo grado ""g. alberti"" tesero";tnmm80802b;school;via fia, 11/a 38038;tnmm80801a|tnmm80802b|tnee80801b|tnee80802c|tnic808009|tnee80804e;5;4294967295
istituto comprensivo predazzo tesero panchia' ziano;"scuola secondaria di primo grado ""marzari pencati"" predazzo";tnmm80801a;school;via vardabasso, 3 38037;tnmm80801a|tnmm80802b|tnee80801b|tnee80802c|tnic808009|tnee80804e;5;4294967295
istituto comprensivo riva 1;;tnic841001;institute;viale damiano chiesa, 10 38066;tnee841013|tnic841001|tnmm841012|tnee841035|tnee841057;4;4294967295
istituto comprensivo riva 1;"scuola primaria ""n. pernici"" riva del garda";tnee841013;school;viale pernici, 21 38066;tnee841013|tnic841001|tnmm841012|tnee841035|tnee841057;4;4294967295
istituto comprensivo riva 1;scuola primaria nago torbole;tnee841035;school;via de bonetti,   38069;tnee841013|tnic841001|tnmm841012|tnee841035|tnee841057;4;4294967295
istituto comprensivo riva 1;scuola primaria s. alessandro riva del garda;tnee841057;school;via s alessandro, 11 38066;tnee841013|tnic841001|tnmm841012|tnee841035|tnee841057;4;4294967295
istituto comprensivo riva 1;"scuola secondaria di primo grado ""d. chiesa"" riva del garda";tnmm841012;school;viale damiano chiesa, 10 38066;tnee841013|tnic841001|tnmm841012|tnee841035|tnee841057;4;4294967295
"istituto comprensivo riva 2 ""l. pizzini""";;tnic84200r;institute;piazza contini, 8 38066;tnmm84201t|tnee842031|tnee84202x|tnee84201v|tnic84200r;4;4294967295
"istituto comprensivo riva 2 ""l. pizzini""";"scuola primaria ""a. zadra"" rione degasperi riva del garda";tnee84201v;school;largo caduti delle foibe, 3 38066;tnmm84201t|tnee842031|tnee84202x|tnee84201v|tnic84200r;4;4294967295
"istituto comprensivo riva 2 ""l. pizzini""";"scuola primaria ""g. fedrigoni"" varone riva del garda";tnee842031;school;piazza della chiesa, 13 38066;tnmm84201t|tnee842031|tnee84202x|tnee84201v|tnic84200r;4;4294967295
"istituto comprensivo riva 2 ""l. pizzini""";"scuola primaria ""o. lucchi"" tenno";tnee84202x;school;via dei laghi, 47 38060;tnmm84201t|tnee842031|tnee84202x|tnee84201v|tnic84200r;4;4294967295
"istituto comprensivo riva 2 ""l. pizzini""";"scuola secondaria di primo grado ""s. sighele"" riva del garda";tnmm84201t;school;piazza contini, 8 38066;tnmm84201t|tnee842031|tnee84202x|tnee84201v|tnic84200r;4;4294967295
istituto comprensivo rovereto est;;tnic853007;institute;corso rosmini, 86 38068;tnee85302a|tnmm853018|tnee85305d|tnic853007|tnee85304c|tnee85306e;5;4294967295
istituto comprensivo rovereto est;"scuola primaria ""f. cavallin"" vallarsa raossi";tnee85306e;school;frazione raossi,   38060;tnee85302a|tnmm853018|tnee85305d|tnic853007|tnee85304c|tnee85306e;5;4294967295
istituto comprensivo rovereto est;"scuola primaria ""n. valduga"" terragnolo";tnee85304c;school;frazione piazza di terragnolo, 18 38060;tnee85302a|tnmm853018|tnee85305d|tnic853007|tnee85304c|tnee85306e;5;4294967295
istituto comprensivo rovereto est;"scuola primaria ""regina elena"" rovereto";tnee85302a;school;via dante, 41 38068;tnee85302a|tnmm853018|tnee85305d|tnic853007|tnee85304c|tnee85306e;5;4294967295
istituto comprensivo rovereto est;scuola primaria moscheri trambileno;tnee85305d;school;frazione moscheri,   38068;tnee85302a|tnmm853018|tnee85305d|tnic853007|tnee85304c|tnee85306e;5;4294967295
istituto comprensivo rovereto est;"scuola secondaria di primo grado ""d. chiesa"" rovereto";tnmm853018;school;corso rosmini, 86 38068;tnee85302a|tnmm853018|tnee85305d|tnic853007|tnee85304c|tnee85306e;5;4294967295
istituto comprensivo rovereto nord;;tnic859006;institute;corso bettini, 67 38068;tnmm859017|tnee85905c|tnee85903a|tnic859006;3;4294967295
istituto comprensivo rovereto nord;"scuola primaria ""d. chiesa"" noriglio";tnee85905c;school;via romani,  42/1 38068;tnmm859017|tnee85905c|tnee85903a|tnic859006;3;4294967295
istituto comprensivo rovereto nord;"scuola primaria ""m. k. gandhi"" rovereto";tnee85903a;school;via puccini, 22 38068;tnmm859017|tnee85905c|tnee85903a|tnic859006;3;4294967295
istituto comprensivo rovereto nord;"scuola secondaria di primo grado ""l. negrelli"" rovereto";tnmm859017;school;corso bettini, 67 38068;tnmm859017|tnee85905c|tnee85903a|tnic859006;3;4294967295
istituto comprensivo rovereto sud;;tnic85500v;institute;via benacense, 32 38068;tnee855011|tnee855022|tnmm85501x|tnic85500v|tnee855033;4;4294967295
istituto comprensivo rovereto sud;"scuola primaria ""a. rosmini"" marco";tnee855033;school;via ii novembre, 57 38068;tnee855011|tnee855022|tnmm85501x|tnic85500v|tnee855033;4;4294967295
istituto comprensivo rovereto sud;"scuola primaria ""d. alighieri"" rovereto";tnee855011;school;via benacense, 32 38068;tnee855011|tnee855022|tnmm85501x|tnic85500v|tnee855033;4;4294967295
istituto comprensivo rovereto sud;"scuola primaria ""f. guella"" lizzana";tnee855022;school;via piave,  18 38068;tnee855011|tnee855022|tnmm85501x|tnic85500v|tnee855033;4;4294967295
istituto comprensivo rovereto sud;"scuola secondaria di primo grado ""f. halbherr"" rovereto";tnmm85501x;school;via livenza, 1 38068;tnee855011|tnee855022|tnmm85501x|tnic85500v|tnee855033;4;4294967295
istituto comprensivo strigno e tesino;;tnic80100e;institute;via roma - strigno, 14 38059;tnee80107v|tnmm80101g|tnee80102n|tnic80100e|tnee80108x|tnee80104q|tnmm80102l|tnee80106t|tnee80105r;8;4294967295
istituto comprensivo strigno e tesino;"scuola primaria ""a. degasperi"" pieve tesino";tnee80102n;school;via brigata abruzzi, 6 38050;tnee80107v|tnmm80101g|tnee80102n|tnic80100e|tnee80108x|tnee80104q|tnmm80102l|tnee80106t|tnee80105r;8;4294967295
istituto comprensivo strigno e tesino;scuola primaria ospedaletto;tnee80108x;school;via roma, 52 38050;tnee80107v|tnmm80101g|tnee80102n|tnic80100e|tnee80108x|tnee80104q|tnmm80102l|tnee80106t|tnee80105r;8;4294967295
istituto comprensivo strigno e tesino;scuola primaria samone;tnee80104q;school;via delle praele, 21 38059;tnee80107v|tnmm80101g|tnee80102n|tnic80100e|tnee80108x|tnee80104q|tnmm80102l|tnee80106t|tnee80105r;8;4294967295
istituto comprensivo strigno e tesino;scuola primaria scurelle;tnee80105r;school;via xv agosto, 68 38050;tnee80107v|tnmm80101g|tnee80102n|tnic80100e|tnee80108x|tnee80104q|tnmm80102l|tnee80106t|tnee80105r;8;4294967295
istituto comprensivo strigno e tesino;scuola primaria strigno;tnee80106t;school;piazza iv novembre - strigno, 12/a 38059;tnee80107v|tnmm80101g|tnee80102n|tnic80100e|tnee80108x|tnee80104q|tnmm80102l|tnee80106t|tnee80105r;8;4294967295
istituto comprensivo strigno e tesino;scuola primaria villa agnedo;tnee80107v;school;via dei molini - agnedo, 36 38059;tnee80107v|tnmm80101g|tnee80102n|tnic80100e|tnee80108x|tnee80104q|tnmm80102l|tnee80106t|tnee80105r;8;4294967295
istituto comprensivo strigno e tesino;"scuola secondaria di primo grado ""o. brentari"" strigno";tnmm80102l;school;via roma - strigno, 14 38059;tnee80107v|tnmm80101g|tnee80102n|tnic80100e|tnee80108x|tnee80104q|tnmm80102l|tnee80106t|tnee80105r;8;4294967295
istituto comprensivo strigno e tesino;scuola secondaria di primo grado castello tesino;tnmm80101g;school;via battisti, 2 38053;tnee80107v|tnmm80101g|tnee80102n|tnic80100e|tnee80108x|tnee80104q|tnmm80102l|tnee80106t|tnee80105r;8;4294967295
istituto comprensivo taio;;tnic82600v;institute;via degli alpini - taio, 17 38012;tnmm826021|tnic82600v|tnee826011|tnmm82601x|tnee826055|tnee826033;5;4294967295
istituto comprensivo taio;"scuola primaria ""mons. a. negri"" tres";tnee826055;school;via nazionale -tres, 12 38012;tnmm826021|tnic82600v|tnee826011|tnmm82601x|tnee826055|tnee826033;5;4294967295
istituto comprensivo taio;scuola primaria coredo;tnee826011;school;via delle scuole - coredo,  6 38012;tnmm826021|tnic82600v|tnee826011|tnmm82601x|tnee826055|tnee826033;5;4294967295
istituto comprensivo taio;scuola primaria taio;tnee826033;school;via heroldsberg - taio, 5 38012;tnmm826021|tnic82600v|tnee826011|tnmm82601x|tnee826055|tnee826033;5;4294967295
istituto comprensivo taio;"scuola secondaria di primo grado ""f. barbacovi"" coredo";tnmm826021;school;via delle scuole - coredo,  6 38012;tnmm826021|tnic82600v|tnee826011|tnmm82601x|tnee826055|tnee826033;5;4294967295
istituto comprensivo taio;"scuola secondaria di primo grado ""f. barbacovi"" taio";tnmm82601x;school;via degli alpini - taio, 17 38012;tnmm826021|tnic82600v|tnee826011|tnmm82601x|tnee826055|tnee826033;5;4294967295
istituto comprensivo tione;;tnic83600d;institute;via circonvallazione, 44 38079;tnic83600d|tnee83605q|tnee83603n|tnee83604p|tnmm83601e|tnmm83602g|tnee83601g|tnee83602l;7;4294967295
istituto comprensivo tione;"scuola primaria ""a. prandini"" roncone";tnee83605q;school;via iii novembre - roncone, 22 38087;tnic83600d|tnee83605q|tnee83603n|tnee83604p|tnmm83601e|tnmm83602g|tnee83601g|tnee83602l;7;4294967295
istituto comprensivo tione;scuola primaria bondo-breguzzo;tnee83601g;school;via indipendenza - bondo, 105 38087;tnic83600d|tnee83605q|tnee83603n|tnee83604p|tnmm83601e|tnmm83602g|tnee83601g|tnee83602l;7;4294967295
istituto comprensivo tione;scuola primaria ragoli;tnee83602l;school;via roma - ragoli, 5 38070;tnic83600d|tnee83605q|tnee83603n|tnee83604p|tnmm83601e|tnmm83602g|tnee83601g|tnee83602l;7;4294967295
istituto comprensivo tione;scuola primaria tione di trento;tnee83603n;school;via pinzolo, 2 38079;tnic83600d|tnee83605q|tnee83603n|tnee83604p|tnmm83601e|tnmm83602g|tnee83601g|tnee83602l;7;4294967295
istituto comprensivo tione;scuola primaria zuclo;tnee83604p;school;via fucina - zuclo, 10 38079;tnic83600d|tnee83605q|tnee83603n|tnee83604p|tnmm83601e|tnmm83602g|tnee83601g|tnee83602l;7;4294967295
istituto comprensivo tione;"scuola secondaria di primo grado ""legione trentina"" tione di trento";tnmm83601e;school;via circonvallazione, 44 38079;tnic83600d|tnee83605q|tnee83603n|tnee83604p|tnmm83601e|tnmm83602g|tnee83601g|tnee83602l;7;4294967295
istituto comprensivo tione;scuola secondaria di primo grado roncone;tnmm83602g;school;via iii novembre - roncone, 22/a 38087;tnic83600d|tnee83605q|tnee83603n|tnee83604p|tnmm83601e|tnmm83602g|tnee83601g|tnee83602l;7;4294967295
"istituto comprensivo trento 1 ""margherita hack""";;tnic81900q;institute;via znojmo, 24 38123;tnee81901t|tnmm81901r|tnee81902v|tnic81900q;3;4294967295
"istituto comprensivo trento 1 ""margherita hack""";"scuola primaria ""g. a. tomasi"" villazzano";tnee81902v;school;piazza monsignor nicolini,  7 38123;tnee81901t|tnmm81901r|tnee81902v|tnic81900q;3;4294967295
"istituto comprensivo trento 1 ""margherita hack""";"scuola primaria ""u. moggioli"" povo";tnee81901t;school;via dei rivi, 6 38123;tnee81901t|tnmm81901r|tnee81902v|tnic81900q;3;4294967295
"istituto comprensivo trento 1 ""margherita hack""";"scuola secondaria di primo grado ""g. pascoli"" povo";tnmm81901r;school;via znojmo, 24 38123;tnee81901t|tnmm81901r|tnee81902v|tnic81900q;3;4294967295
"istituto comprensivo trento 2 ""j. a. comenius""";;tnic82000x;institute;via ponte alto, 2/1 38121;tnee820034|tnee820045|tnee820023|tnmm820011|tnic82000x|tnee820012;5;4294967295
"istituto comprensivo trento 2 ""j. a. comenius""";"scuola primaria ""e. bernardi"" cognola";tnee820012;school;via ponte alto, 2/1 38121;tnee820034|tnee820045|tnee820023|tnmm820011|tnic82000x|tnee820012;5;4294967295
"istituto comprensivo trento 2 ""j. a. comenius""";"scuola primaria ""r. belenzani"" s.vito";tnee820045;school;via s vito, 169 38121;tnee820034|tnee820045|tnee820023|tnmm820011|tnic82000x|tnee820012;5;4294967295
"istituto comprensivo trento 2 ""j. a. comenius""";"scuola primaria ""r. zandonai"" martignano";tnee820034;school;piazza menghin,  1 38121;tnee820034|tnee820045|tnee820023|tnmm820011|tnic82000x|tnee820012;5;4294967295
"istituto comprensivo trento 2 ""j. a. comenius""";scuola primaria casa serena;tnee820023;school;via alle campanelle, 23 38121;tnee820034|tnee820045|tnee820023|tnmm820011|tnic82000x|tnee820012;5;4294967295
"istituto comprensivo trento 2 ""j. a. comenius""";"scuola secondaria di primo grado ""argentario"" trento";tnmm820011;school;via ponte alto, 2/1 38121;tnee820034|tnee820045|tnee820023|tnmm820011|tnic82000x|tnee820012;5;4294967295
istituto comprensivo trento 3;;tnic85600p;institute;via vittorio veneto, 61 38122;tnee85604x|tnee85602t|tnmm85601q|tnee85601r|tnee85603v|tnic85600p;5;4294967295
istituto comprensivo trento 3;"scuola primaria ""a. nicolodi"" trento";tnee85604x;school;via fogazzaro, 2 38122;tnee85604x|tnee85602t|tnmm85601q|tnee85601r|tnee85603v|tnic85600p;5;4294967295
istituto comprensivo trento 3;"scuola primaria ""d. savio"" trento";tnee85601r;school;via s pio x, 103 38122;tnee85604x|tnee85602t|tnmm85601q|tnee85601r|tnee85603v|tnic85600p;5;4294967295
istituto comprensivo trento 3;"scuola primaria ""g. b. de gaspari"" trento";tnee85602t;school;via zandonai, 4 38122;tnee85604x|tnee85602t|tnmm85601q|tnee85601r|tnee85603v|tnic85600p;5;4294967295
istituto comprensivo trento 3;scuola primaria ravina;tnee85603v;school;via delle masere, 5 38123;tnee85604x|tnee85602t|tnmm85601q|tnee85601r|tnee85603v|tnic85600p;5;4294967295
istituto comprensivo trento 3;"scuola secondaria di primo grado ""bronzetti - segantini"" trento";tnmm85601q;school;via vittorio veneto, 61 38122;tnee85604x|tnee85602t|tnmm85601q|tnee85601r|tnee85603v|tnic85600p;5;4294967295
istituto comprensivo trento 4;;tnic85700e;institute;viale degli olmi, 22 38123;tnic85700e|tnee85701l|tnee85702n|tnee85703p|tnmm85701g;4;4294967295
istituto comprensivo trento 4;scuola primaria clarina trento;tnee85701l;school;via einaudi, 13 38123;tnic85700e|tnee85701l|tnee85702n|tnee85703p|tnmm85701g;4;4294967295
istituto comprensivo trento 4;scuola primaria localita' madonna bianca trento;tnee85702n;school;piazzale europa, 4 38123;tnic85700e|tnee85701l|tnee85702n|tnee85703p|tnmm85701g;4;4294967295
istituto comprensivo trento 4;scuola primaria ospedale infantile trento;tnee85703p;school;largo medaglie d oro, 9 38122;tnic85700e|tnee85701l|tnee85702n|tnee85703p|tnmm85701g;4;4294967295
istituto comprensivo trento 4;"scuola secondaria di primo grado ""o. winkler"" trento";tnmm85701g;school;viale degli olmi, 22 38123;tnic85700e|tnee85701l|tnee85702n|tnee85703p|tnmm85701g;4;4294967295
istituto comprensivo trento 5;;tnic85200b;institute;via s giovanni bosco, 8 38122;tnee85201d|tnmm85201c|tnee85204l|tnic85200b|tnee85202e;4;4294967295
istituto comprensivo trento 5;"scuola primaria ""a. gorfer"" trento";tnee85204l;school;via dei solteri, 22 38121;tnee85201d|tnmm85201c|tnee85204l|tnic85200b|tnee85202e;4;4294967295
istituto comprensivo trento 5;"scuola primaria ""f. crispi"" trento";tnee85202e;school;via s giovanni bosco, 8 38122;tnee85201d|tnmm85201c|tnee85204l|tnic85200b|tnee85202e;4;4294967295
istituto comprensivo trento 5;"scuola primaria ""r. sanzio"" trento";tnee85201d;school;piazza sanzio, 13 38122;tnee85201d|tnmm85201c|tnee85204l|tnic85200b|tnee85202e;4;4294967295
istituto comprensivo trento 5;"scuola secondaria di primo grado ""g. bresadola"" trento";tnmm85201c;school;via al torrione, 2 38122;tnee85201d|tnmm85201c|tnee85204l|tnic85200b|tnee85202e;4;4294967295
istituto comprensivo trento 6;;tnic85800a;institute;corso buonarroti, 50 38122;tnee85802d|tnic85800a|tnee85804g|tnee85806n|tnee85805l|tnee85803e|tnmm85801b|tnee85801c;7;4294967295
istituto comprensivo trento 6;"scuola primaria ""a. degasperi"" sardagna";tnee85806n;school;via della toresèla, 1 38123;tnee85802d|tnic85800a|tnee85804g|tnee85806n|tnee85805l|tnee85803e|tnmm85801b|tnee85801c;7;4294967295
istituto comprensivo trento 6;"scuola primaria ""a. schmid"" cristo re trento";tnee85802d;school;via schmid, 4 38121;tnee85802d|tnic85800a|tnee85804g|tnee85806n|tnee85805l|tnee85803e|tnmm85801b|tnee85801c;7;4294967295
istituto comprensivo trento 6;"scuola primaria ""beato s. bellesini"" trento";tnee85801c;school;via stoppani, 3 38121;tnee85802d|tnic85800a|tnee85804g|tnee85806n|tnee85805l|tnee85803e|tnmm85801b|tnee85801c;7;4294967295
istituto comprensivo trento 6;"scuola primaria ""s. pertini"" sopramonte";tnee85805l;school;via canelli - sopramonte, 1 38123;tnee85802d|tnic85800a|tnee85804g|tnee85806n|tnee85805l|tnee85803e|tnmm85801b|tnee85801c;7;4294967295
istituto comprensivo trento 6;"scuola primaria ""san vigilio"" vela";tnee85803e;school;localita la vela, 3 38121;tnee85802d|tnic85800a|tnee85804g|tnee85806n|tnee85805l|tnee85803e|tnmm85801b|tnee85801c;7;4294967295
istituto comprensivo trento 6;scuola primaria cadine;tnee85804g;school;via di coltura, 7 38123;tnee85802d|tnic85800a|tnee85804g|tnee85806n|tnee85805l|tnee85803e|tnmm85801b|tnee85801c;7;4294967295
istituto comprensivo trento 6;"scuola secondaria di primo grado ""a. manzoni"" trento";tnmm85801b;school;corso buonarroti, 50 38122;tnee85802d|tnic85800a|tnee85804g|tnee85806n|tnee85805l|tnee85803e|tnmm85801b|tnee85801c;7;4294967295
"istituto comprensivo trento 7 ""rita levi montalcini""";;tnic85100g;institute;via iv novembre, 35/1 38121;tnee85103q|tnee85104r|tnic85100g|tnee85102p|tnmm85101l|tnee85101n;5;4294967295
"istituto comprensivo trento 7 ""rita levi montalcini""";"scuola primaria ""e. de carli"" meano";tnee85101n;school;via delle tre croci, 40 38121;tnee85103q|tnee85104r|tnic85100g|tnee85102p|tnmm85101l|tnee85101n;5;4294967295
"istituto comprensivo trento 7 ""rita levi montalcini""";"scuola primaria ""i. calvino"" vigo meano";tnee85102p;school;via alle oselere,   38121;tnee85103q|tnee85104r|tnic85100g|tnee85102p|tnmm85101l|tnee85101n;5;4294967295
"istituto comprensivo trento 7 ""rita levi montalcini""";"scuola primaria ""pigarelli"" gardolo trento";tnee85103q;school;via iv novembre, 42/1 38121;tnee85103q|tnee85104r|tnic85100g|tnee85102p|tnmm85101l|tnee85101n;5;4294967295
"istituto comprensivo trento 7 ""rita levi montalcini""";"scuola primaria ""s. anna"" gardolo trento";tnee85104r;school;via s anna, 3 38121;tnee85103q|tnee85104r|tnic85100g|tnee85102p|tnmm85101l|tnee85101n;5;4294967295
"istituto comprensivo trento 7 ""rita levi montalcini""";"scuola secondaria di primo grado ""s. pedrolli"" gardolo trento";tnmm85101l;school;via iv novembre, 35/1 38121;tnee85103q|tnee85104r|tnic85100g|tnee85102p|tnmm85101l|tnee85101n;5;4294967295
istituto comprensivo val rendena;;tnic83400t;institute;viale della pace, 10 38086;tnee834043|tnee834032|tnee834076|tnmm83402x|tnmm83401v|tnee834021|tnmm834031|tnee834065|tnee83401x|tnee834054|tnic83400t;10;4294967295
istituto comprensivo val rendena;"scuola primaria ""g. b. righi"" madonna di campiglio";tnee834054;school;via serafini - madonna di campiglio, 9 38070;tnee834043|tnee834032|tnee834076|tnmm83402x|tnmm83401v|tnee834021|tnmm834031|tnee834065|tnee83401x|tnee834054|tnic83400t;10;4294967295
istituto comprensivo val rendena;"scuola primaria ""n. bolognini"" pinzolo";tnee834043;school;via collini borciol, 18 38086;tnee834043|tnee834032|tnee834076|tnmm83402x|tnmm83401v|tnee834021|tnmm834031|tnee834065|tnee83401x|tnee834054|tnic83400t;10;4294967295
istituto comprensivo val rendena;"scuola primaria ""s. massari"" spiazzo";tnee834065;school;frazione fisto,  112 38088;tnee834043|tnee834032|tnee834076|tnmm83402x|tnmm83401v|tnee834021|tnmm834031|tnee834065|tnee83401x|tnee834054|tnic83400t;10;4294967295
istituto comprensivo val rendena;"scuola primaria ""t. giustina"" caderzone";tnee83401x;school;via regina elena, 43 38080;tnee834043|tnee834032|tnee834076|tnmm83402x|tnmm83401v|tnee834021|tnmm834031|tnee834065|tnee83401x|tnee834054|tnic83400t;10;4294967295
istituto comprensivo val rendena;"scuola primaria ""v. gabriotti"" giustino";tnee834032;school;via presanella, 23 38086;tnee834043|tnee834032|tnee834076|tnmm83402x|tnmm83401v|tnee834021|tnmm834031|tnee834065|tnee83401x|tnee834054|tnic83400t;10;4294967295
istituto comprensivo val rendena;scuola primaria carisolo;tnee834021;school;via verdi, 18/b 38080;tnee834043|tnee834032|tnee834076|tnmm83402x|tnmm83401v|tnee834021|tnmm834031|tnee834065|tnee83401x|tnee834054|tnic83400t;10;4294967295
istituto comprensivo val rendena;scuola primaria dare';tnee834076;school;via dare - dare, 111 38080;tnee834043|tnee834032|tnee834076|tnmm83402x|tnmm83401v|tnee834021|tnmm834031|tnee834065|tnee83401x|tnee834054|tnic83400t;10;4294967295
istituto comprensivo val rendena;"scuola secondaria di primo grado ""b. de averaria"" spiazzo";tnmm83402x;school;frazione fisto,  112 38088;tnee834043|tnee834032|tnee834076|tnmm83402x|tnmm83401v|tnee834021|tnmm834031|tnee834065|tnee83401x|tnee834054|tnic83400t;10;4294967295
istituto comprensivo val rendena;"scuola secondaria di primo grado ""g. b. righi"" madonna di campiglio";tnmm834031;school;via serafini - madonna di campiglio, 9 38070;tnee834043|tnee834032|tnee834076|tnmm83402x|tnmm83401v|tnee834021|tnmm834031|tnee834065|tnee83401x|tnee834054|tnic83400t;10;4294967295
istituto comprensivo val rendena;"scuola secondaria di primo grado ""l. da vinci"" pinzolo";tnmm83401v;school;via collini borciol, 18 38086;tnee834043|tnee834032|tnee834076|tnmm83402x|tnmm83401v|tnee834021|tnmm834031|tnee834065|tnee83401x|tnee834054|tnic83400t;10;4294967295
istituto comprensivo valle dei laghi - dro;;tnic84400c;institute;via roma - vezzano, 3 38070;tnee84403l|tnee84402g|tnmm84402e|tnmm84403g|tnmm84401d|tnee84405p|tnee84401e|tnic84400c|tnee84407r|tnee84409v|tnee844101|tnee84406q;11;4294967295
istituto comprensivo valle dei laghi - dro;scuola primaria calavino;tnee84405p;school;piazza maria assunta - calavino, 1 38076;tnee84403l|tnee84402g|tnmm84402e|tnmm84403g|tnmm84401d|tnee84405p|tnee84401e|tnic84400c|tnee84407r|tnee84409v|tnee844101|tnee84406q;11;4294967295
istituto comprensivo valle dei laghi - dro;scuola primaria cavedine;tnee84406q;school;via don negri, 21 38073;tnee84403l|tnee84402g|tnmm84402e|tnmm84403g|tnmm84401d|tnee84405p|tnee84401e|tnic84400c|tnee84407r|tnee84409v|tnee844101|tnee84406q;11;4294967295
istituto comprensivo valle dei laghi - dro;scuola primaria dro;tnee84409v;school;piazza repubblica,  1 38074;tnee84403l|tnee84402g|tnmm84402e|tnmm84403g|tnmm84401d|tnee84405p|tnee84401e|tnic84400c|tnee84407r|tnee84409v|tnee844101|tnee84406q;11;4294967295
istituto comprensivo valle dei laghi - dro;scuola primaria pietramurata;tnee844101;school;piazza mercato,   38074;tnee84403l|tnee84402g|tnmm84402e|tnmm84403g|tnmm84401d|tnee84405p|tnee84401e|tnic84400c|tnee84407r|tnee84409v|tnee844101|tnee84406q;11;4294967295
istituto comprensivo valle dei laghi - dro;scuola primaria sarche calavino;tnee84401e;school;via caffaro - sarche - calavino, 2 38076;tnee84403l|tnee84402g|tnmm84402e|tnmm84403g|tnmm84401d|tnee84405p|tnee84401e|tnic84400c|tnee84407r|tnee84409v|tnee844101|tnee84406q;11;4294967295
istituto comprensivo valle dei laghi - dro;scuola primaria terlago;tnee84402g;school;via degasperi - terlago, 5 38070;tnee84403l|tnee84402g|tnmm84402e|tnmm84403g|tnmm84401d|tnee84405p|tnee84401e|tnic84400c|tnee84407r|tnee84409v|tnee844101|tnee84406q;11;4294967295
istituto comprensivo valle dei laghi - dro;scuola primaria vezzano;tnee84403l;school;via roma - vezzano, 3 38070;tnee84403l|tnee84402g|tnmm84402e|tnmm84403g|tnmm84401d|tnee84405p|tnee84401e|tnic84400c|tnee84407r|tnee84409v|tnee844101|tnee84406q;11;4294967295
istituto comprensivo valle dei laghi - dro;scuola primaria vigo cavedine;tnee84407r;school;via don negri, 21 38073;tnee84403l|tnee84402g|tnmm84402e|tnmm84403g|tnmm84401d|tnee84405p|tnee84401e|tnic84400c|tnee84407r|tnee84409v|tnee844101|tnee84406q;11;4294967295
istituto comprensivo valle dei laghi - dro;"scuola secondaria di primo grado ""c. madruzzo"" cavedine";tnmm84402e;school;via xxv aprile, 7 38073;tnee84403l|tnee84402g|tnmm84402e|tnmm84403g|tnmm84401d|tnee84405p|tnee84401e|tnic84400c|tnee84407r|tnee84409v|tnee844101|tnee84406q;11;4294967295
istituto comprensivo valle dei laghi - dro;"scuola secondaria di primo grado ""nuova europa"" dro";tnmm84403g;school;via s antonio, 17 38074;tnee84403l|tnee84402g|tnmm84402e|tnmm84403g|tnmm84401d|tnee84405p|tnee84401e|tnic84400c|tnee84407r|tnee84409v|tnee844101|tnee84406q;11;4294967295
istituto comprensivo valle dei laghi - dro;"scuola secondaria di primo grado ""s. bellesini"" vezzano";tnmm84401d;school;via roma - vezzano, 3 38070;tnee84403l|tnee84402g|tnmm84402e|tnmm84403g|tnmm84401d|tnee84405p|tnee84401e|tnic84400c|tnee84407r|tnee84409v|tnee844101|tnee84406q;11;4294967295
istituto comprensivo valle di ledro;;tnic80600n;institute;via falcone e borsellino - bezzecca, 2 38067;tnic80600n|tnee80602r|tnee80603t|tnmm80601p|tnee80601q;4;4294967295
istituto comprensivo valle di ledro;"scuola primaria ""o. ferrari"" enguiso";tnee80601q;school;via dei concei - enguiso - concei, 27 38067;tnic80600n|tnee80602r|tnee80603t|tnmm80601p|tnee80601q;4;4294967295
istituto comprensivo valle di ledro;scuola primaria molina di ledro;tnee80602r;school;via sartori - molina di ledro, 27 38067;tnic80600n|tnee80602r|tnee80603t|tnmm80601p|tnee80601q;4;4294967295
istituto comprensivo valle di ledro;scuola primaria tiarno di sopra;tnee80603t;school;piazza milin - tiarno di sopra, 14 38067;tnic80600n|tnee80602r|tnee80603t|tnmm80601p|tnee80601q;4;4294967295
istituto comprensivo valle di ledro;"scuola secondaria di primo grado ""g. garibaldi"" bezzecca";tnmm80601p;school;via falcone e borsellino - bezzecca, 2 38067;tnic80600n|tnee80602r|tnee80603t|tnmm80601p|tnee80601q;4;4294967295
istituto comprensivo vigolo vattaro;;tnic803006;institute;via garibaldi - vigolo vattaro, 8 38049;tnee803029|tnmm803017|tnic803006|tnee80303a|tnee803018;4;4294967295
istituto comprensivo vigolo vattaro;"scuola primaria ""a. fogazzaro"" vattaro";tnee803029;school;via venezia - bosentino, 12/a 38049;tnee803029|tnmm803017|tnic803006|tnee80303a|tnee803018;4;4294967295
istituto comprensivo vigolo vattaro;"scuola primaria ""don t. segnana"" centa san nicolo'";tnee80303a;school;via don rossi - centa san nicolo, 4 38049;tnee803029|tnmm803017|tnic803006|tnee80303a|tnee803018;4;4294967295
istituto comprensivo vigolo vattaro;scuola primaria vigolo vattaro;tnee803018;school;via garibaldi - vigolo vattaro, 8 38049;tnee803029|tnmm803017|tnic803006|tnee80303a|tnee803018;4;4294967295
istituto comprensivo vigolo vattaro;scuola secondaria di primo grado vigolo vattaro;tnmm803017;school;via garibaldi - vigolo vattaro, 8 38049;tnee803029|tnmm803017|tnic803006|tnee80303a|tnee803018;4;4294967295
istituto comprensivo villa lagarina;;tnic846004;institute;via stockstadt am rhein, 3 38060;tnee846038|tnee846027|tnee84606b|tnee846016|tnic846004|tnmm846015;5;4294967295
istituto comprensivo villa lagarina;"scuola primaria ""l. vicentini"" nomi";tnee84606b;school;via romani, 12 38060;tnee846038|tnee846027|tnee84606b|tnee846016|tnic846004|tnmm846015;5;4294967295
istituto comprensivo villa lagarina;"scuola primaria ""p. lodron"" villa lagarina";tnee846038;school;via stockstadt am rhein, 9 38060;tnee846038|tnee846027|tnee84606b|tnee846016|tnic846004|tnmm846015;5;4294967295
istituto comprensivo villa lagarina;"scuola primaria ""r. galvagni"" pomarolo";tnee846027;school;piazzale colonello angheben, 5 38060;tnee846038|tnee846027|tnee84606b|tnee846016|tnic846004|tnmm846015;5;4294967295
istituto comprensivo villa lagarina;scuola primaria nogaredo;tnee846016;school;via verdi, 44 38060;tnee846038|tnee846027|tnee84606b|tnee846016|tnic846004|tnmm846015;5;4294967295
istituto comprensivo villa lagarina;"scuola secondaria di primo grado ""a. frank"" villa lagarina";tnmm846015;school;via stockstadt am rhein, 3 38060;tnee846038|tnee846027|tnee84606b|tnee846016|tnic846004|tnmm846015;5;4294967295
"istituto di formazione professionale alberghiero ""giuseppe cipriani""- levico";;tncf010001;institute;via ziehl, 5 38056;tncf010001;4;3
"istituto di formazione professionale alberghiero ""giuseppe cipriani""- levico";capes - settore servizi;tncf010001;school;via ziehl, 5 38056;tncf010001;4;3
"istituto di formazione professionale alberghiero ""giuseppe cipriani""- levico";settore industria e artigianato;tncf010001;school;via ziehl, 5 38056;tncf010001;4;3
"istituto di formazione professionale alberghiero ""giuseppe cipriani""- levico";settore servizi;tncf010001;school;via ziehl, 5 38056;tncf010001;4;3
"istituto di formazione professionale alberghiero ""giuseppe cipriani""- levico";settore servizi serale;;school;via ziehl, 5 38056;tncf010001;4;3
istituto di formazione professionale alberghiero - rovereto;;tncf011001;institute;viale dei colli, 17 38068;tncf011001;4;3
istituto di formazione professionale alberghiero - rovereto;capes - settore servizi;tncf011001;school;viale dei colli, 17 38068;tncf011001;4;3
istituto di formazione professionale alberghiero - rovereto;settore industria e artigianato;tncf011001;school;viale dei colli, 17 38068;tncf011001;4;3
istituto di formazione professionale alberghiero - rovereto;settore servizi;tncf011001;school;viale dei colli, 17 38068;tncf011001;4;3
istituto di formazione professionale alberghiero - rovereto;settore servizi serale;;school;viale dei colli, 17 38068;tncf011001;4;3
"istituto di formazione professionale servizi alla persona e legno ""s. pertini"" ";;tncf012001;institute;viale verona, 141 38123;tnfp268sta|tncf012001;5;3
"istituto di formazione professionale servizi alla persona e legno ""s. pertini"" ";capes - settore servizi;tncf012001;school;viale verona, 141 38123;tnfp268sta|tncf012001;5;3
"istituto di formazione professionale servizi alla persona e legno ""s. pertini"" ";settore industria e artigianato;tnfp268sta;school;via asiago, 14 38123;tnfp268sta|tncf012001;5;3
"istituto di formazione professionale servizi alla persona e legno ""s. pertini"" ";settore industria e artigianato serale;;school;via asiago, 14 38123;tnfp268sta|tncf012001;5;3
"istituto di formazione professionale servizi alla persona e legno ""s. pertini"" ";settore servizi;tncf012001;school;viale verona, 141 38123;tnfp268sta|tncf012001;5;3
"istituto di formazione professionale servizi alla persona e legno ""s. pertini"" ";settore servizi serale;;school;viale verona, 141 38123;tnfp268sta|tncf012001;5;3
"istituto di istruzione ""a. degasperi"" - borgo valsugana";;tnis00200e;institute;via xxiv maggio, 7 38051;tnct708006|tnps002011|tntd002505|tntd00201r|tnis00200e;9;4
"istituto di istruzione ""a. degasperi"" - borgo valsugana";educazione per adulti relativa al primo ciclo;tnct708006;school;via xxiv maggio, 7 38051;tnct708006|tnps002011|tntd002505|tntd00201r|tnis00200e;9;4
"istituto di istruzione ""a. degasperi"" - borgo valsugana";istituto professionale per i servizi sanitari serale;tntd002505;school;via xxiv maggio, 7 38051;tnct708006|tnps002011|tntd002505|tntd00201r|tnis00200e;9;4
"istituto di istruzione ""a. degasperi"" - borgo valsugana";istituto tecnico per il settore economico;tntd00201r;school;via xxiv maggio, 7 38051;tnct708006|tnps002011|tntd002505|tntd00201r|tnis00200e;9;4
"istituto di istruzione ""a. degasperi"" - borgo valsugana";istituto tecnico per il settore economico serale;tntd002505;school;via xxiv maggio, 7 38051;tnct708006|tnps002011|tntd002505|tntd00201r|tnis00200e;9;4
"istituto di istruzione ""a. degasperi"" - borgo valsugana";istituto tecnico per il settore tecnologico;tntd00201r;school;via xxiv maggio, 7 38051;tnct708006|tnps002011|tntd002505|tntd00201r|tnis00200e;9;4
"istituto di istruzione ""a. degasperi"" - borgo valsugana";istituto tecnico per il settore tecnologico serale;tntd002505;school;via xxiv maggio, 7 38051;tnct708006|tnps002011|tntd002505|tntd00201r|tnis00200e;9;4
"istituto di istruzione ""a. degasperi"" - borgo valsugana";liceo delle scienze umane;tnps002011;school;via xxiv maggio, 7 38051;tnct708006|tnps002011|tntd002505|tntd00201r|tnis00200e;9;4
"istituto di istruzione ""a. degasperi"" - borgo valsugana";liceo scientifico;tnps002011;school;via xxiv maggio, 7 38051;tnct708006|tnps002011|tntd002505|tntd00201r|tnis00200e;9;4
"istituto di istruzione ""a. degasperi"" - borgo valsugana";liceo scientifico opzione scienze applicate;tnps002011;school;via xxiv maggio, 7 38051;tnct708006|tnps002011|tntd002505|tntd00201r|tnis00200e;9;4
"istituto di istruzione ""don l.milani"" - rovereto";;tnis009009;institute;via balista, 2 38068;tnrc009018|tnrc00951n|tntd00950x|tnct70100b|tnis009009|tntd00901g;5;4294967295
"istituto di istruzione ""don l.milani"" - rovereto";educazione per adulti relativa al primo ciclo;tnct70100b;school;via balista, 2 38068;tnrc009018|tnrc00951n|tntd00950x|tnct70100b|tnis009009|tntd00901g;5;4294967295
"istituto di istruzione ""don l.milani"" - rovereto";istituto professionale per il settore dei servizi;tnrc009018;school;via balista, 2 38068;tnrc009018|tnrc00951n|tntd00950x|tnct70100b|tnis009009|tntd00901g;5;4294967295
"istituto di istruzione ""don l.milani"" - rovereto";istituto professionale per il settore dei servizi serale;tnrc00951n;school;via balista, 2 38068;tnrc009018|tnrc00951n|tntd00950x|tnct70100b|tnis009009|tntd00901g;5;4294967295
"istituto di istruzione ""don l.milani"" - rovereto";istituto tecnico per il settore economico;tntd00901g;school;via balista, 2 38068;tnrc009018|tnrc00951n|tntd00950x|tnct70100b|tnis009009|tntd00901g;5;4294967295
"istituto di istruzione ""don l.milani"" - rovereto";istituto tecnico per il settore economico serale;tntd00950x;school;via balista, 2 38068;tnrc009018|tnrc00951n|tntd00950x|tnct70100b|tnis009009|tntd00901g;5;4294967295
"istituto di istruzione ""l. guetti"" - tione di trento";;tnis00700n;institute;via durone, 53 38079;tnps007014|tntd00701x|tnis00700n|tnct711002|tntd007519;9;4
"istituto di istruzione ""l. guetti"" - tione di trento";educazione per adulti relativa al primo ciclo;tnct711002;school;via durone, 53 38079;tnps007014|tntd00701x|tnis00700n|tnct711002|tntd007519;9;4
"istituto di istruzione ""l. guetti"" - tione di trento";istituto tecnico per il settore economico;tntd00701x;school;via durone, 53 38079;tnps007014|tntd00701x|tnis00700n|tnct711002|tntd007519;9;4
"istituto di istruzione ""l. guetti"" - tione di trento";istituto tecnico per il settore economico serale;tntd007519;school;via durone, 53 38079;tnps007014|tntd00701x|tnis00700n|tnct711002|tntd007519;9;4
"istituto di istruzione ""l. guetti"" - tione di trento";istituto tecnico per il settore tecnologico;tntd00701x;school;via durone, 53 38079;tnps007014|tntd00701x|tnis00700n|tnct711002|tntd007519;9;4
"istituto di istruzione ""l. guetti"" - tione di trento";istituto tecnico per il settore tecnologico serale;tntd007519;school;via durone, 53 38079;tnps007014|tntd00701x|tnis00700n|tnct711002|tntd007519;9;4
"istituto di istruzione ""l. guetti"" - tione di trento";liceo delle scienze umane;tnps007014;school;via durone, 53 38079;tnps007014|tntd00701x|tnis00700n|tnct711002|tntd007519;9;4
"istituto di istruzione ""l. guetti"" - tione di trento";liceo linguistico;tnps007014;school;via durone, 53 38079;tnps007014|tntd00701x|tnis00700n|tnct711002|tntd007519;9;4
"istituto di istruzione ""l. guetti"" - tione di trento";liceo scientifico;tnps007014;school;via durone, 53 38079;tnps007014|tntd00701x|tnis00700n|tnct711002|tntd007519;9;4
"istituto di istruzione ""l. guetti"" - tione di trento";liceo scientifico opzione scienze applicate;tnps007014;school;via durone, 53 38079;tnps007014|tntd00701x|tnis00700n|tnct711002|tntd007519;9;4
"istituto di istruzione ""la rosa bianca"" - cavalese";;tnis00100p;institute;via gandhi, 1 38033;tntd001509|tnis00100p|tntd001011|tntl00101b|tnps001015|tnct710006;9;3
"istituto di istruzione ""la rosa bianca"" - cavalese";educazione per adulti relativa al primo ciclo;tnct710006;school;via gandhi, 1 38033;tntd001509|tnis00100p|tntd001011|tntl00101b|tnps001015|tnct710006;9;3
"istituto di istruzione ""la rosa bianca"" - cavalese";istituto tecnico per il settore economico - predazzo;tntd001011;school;corso degasperi, 14 38037;tntd001509|tnis00100p|tntd001011|tntl00101b|tnps001015|tnct710006;9;3
"istituto di istruzione ""la rosa bianca"" - cavalese";istituto tecnico per il settore economico serale - predazzo;tntd001509;school;corso degasperi, 14 38037;tntd001509|tnis00100p|tntd001011|tntl00101b|tnps001015|tnct710006;9;3
"istituto di istruzione ""la rosa bianca"" - cavalese";istituto tecnico per il settore tecnologico;tntl00101b;school;via gandhi, 1 38033;tntd001509|tnis00100p|tntd001011|tntl00101b|tnps001015|tnct710006;9;3
"istituto di istruzione ""la rosa bianca"" - cavalese";istituto tecnico per il settore tecnologico serale - predazzo;tntd001509;school;corso degasperi, 14 38037;tntd001509|tnis00100p|tntd001011|tntl00101b|tnps001015|tnct710006;9;3
"istituto di istruzione ""la rosa bianca"" - cavalese";liceo delle scienze umane;tnps001015;school;via gandhi, 1 38033;tntd001509|tnis00100p|tntd001011|tntl00101b|tnps001015|tnct710006;9;3
"istituto di istruzione ""la rosa bianca"" - cavalese";liceo delle scienze umane opzione economico sociale;tnps001015;school;via gandhi, 1 38033;tntd001509|tnis00100p|tntd001011|tntl00101b|tnps001015|tnct710006;9;3
"istituto di istruzione ""la rosa bianca"" - cavalese";liceo linguistico;tnps001015;school;via gandhi, 1 38033;tntd001509|tnis00100p|tntd001011|tntl00101b|tnps001015|tnct710006;9;3
"istituto di istruzione ""la rosa bianca"" - cavalese";liceo scientifico;tnps001015;school;via gandhi, 1 38033;tntd001509|tnis00100p|tntd001011|tntl00101b|tnps001015|tnct710006;9;3
"istituto di istruzione ""m. curie"" - pergine valsugana";;tnis004006;institute;via s pietro, 4 38057;tnct703003|tnps00401l|tntd00401c|tnrc004015|tnis004006|tntd00450r;11;5
"istituto di istruzione ""m. curie"" - pergine valsugana";educazione per adulti relativa al primo ciclo;tnct703003;school;via s pietro, 4 38057;tnct703003|tnps00401l|tntd00401c|tnrc004015|tnis004006|tntd00450r;11;5
"istituto di istruzione ""m. curie"" - pergine valsugana";istituto tecnico per il settore economico - levico;tnrc004015;school;viale vittorio emanuele, 5 38056;tnct703003|tnps00401l|tntd00401c|tnrc004015|tnis004006|tntd00450r;11;5
"istituto di istruzione ""m. curie"" - pergine valsugana";istituto tecnico per il settore economico - pergine;tntd00401c;school;via san pietro, 4 38057;tnct703003|tnps00401l|tntd00401c|tnrc004015|tnis004006|tntd00450r;11;5
"istituto di istruzione ""m. curie"" - pergine valsugana";istituto tecnico per il settore economico serale;tntd00450r;school;via s pietro, 4 38057;tnct703003|tnps00401l|tntd00401c|tnrc004015|tnis004006|tntd00450r;11;5
"istituto di istruzione ""m. curie"" - pergine valsugana";istituto tecnico per il settore tecnologico;tntd00401c;school;via s pietro, 4 38057;tnct703003|tnps00401l|tntd00401c|tnrc004015|tnis004006|tntd00450r;11;5
"istituto di istruzione ""m. curie"" - pergine valsugana";istituto tecnico per il settore tecnologico serale;tntd00450r;school;via s pietro, 4 38057;tnct703003|tnps00401l|tntd00401c|tnrc004015|tnis004006|tntd00450r;11;5
"istituto di istruzione ""m. curie"" - pergine valsugana";liceo del made in italy;tnps00401l;school;via s pietro, 4 38057;tnct703003|tnps00401l|tntd00401c|tnrc004015|tnis004006|tntd00450r;11;5
"istituto di istruzione ""m. curie"" - pergine valsugana";liceo delle scienze umane;tnps00401l;school;via s pietro, 4 38057;tnct703003|tnps00401l|tntd00401c|tnrc004015|tnis004006|tntd00450r;11;5
"istituto di istruzione ""m. curie"" - pergine valsugana";liceo delle scienze umane opzione economico sociale;tnps00401l;school;via san pietro, 4 38057;tnct703003|tnps00401l|tntd00401c|tnrc004015|tnis004006|tntd00450r;11;5
"istituto di istruzione ""m. curie"" - pergine valsugana";liceo linguistico;tnps00401l;school;via s pietro, 4 38057;tnct703003|tnps00401l|tntd00401c|tnrc004015|tnis004006|tntd00450r;11;5
"istituto di istruzione ""m. curie"" - pergine valsugana";liceo scientifico;tnps00401l;school;via s pietro, 4 38057;tnct703003|tnps00401l|tntd00401c|tnrc004015|tnis004006|tntd00450r;11;5
"istituto di istruzione ""m. martini"" - mezzolombardo";;tnis00300a;institute;via perlasca, 4 38017;tnrc00350n|tnps00301r|tnct70400v|tntd00301l|tnis00300a;8;3
"istituto di istruzione ""m. martini"" - mezzolombardo";educazione per adulti relativa al primo ciclo;tnct70400v;school;via perlasca, 4 38017;tnrc00350n|tnps00301r|tnct70400v|tntd00301l|tnis00300a;8;3
"istituto di istruzione ""m. martini"" - mezzolombardo";istituto tecnico per il settore economico;tntd00301l;school;via perlasca, 4 38017;tnrc00350n|tnps00301r|tnct70400v|tntd00301l|tnis00300a;8;3
"istituto di istruzione ""m. martini"" - mezzolombardo";istituto tecnico per il settore economico serale;tnrc00350n;school;via perlasca, 4 38017;tnrc00350n|tnps00301r|tnct70400v|tntd00301l|tnis00300a;8;3
"istituto di istruzione ""m. martini"" - mezzolombardo";istituto tecnico per il settore tecnologico;tntd00301l;school;via perlasca, 4 38017;tnrc00350n|tnps00301r|tnct70400v|tntd00301l|tnis00300a;8;3
"istituto di istruzione ""m. martini"" - mezzolombardo";liceo del made in italy;tnps00301r;school;via perlasca, 4 38017;tnrc00350n|tnps00301r|tnct70400v|tntd00301l|tnis00300a;8;3
"istituto di istruzione ""m. martini"" - mezzolombardo";liceo delle scienze umane opzione economico sociale;tnps00301r;school;via perlasca, 4 38017;tnrc00350n|tnps00301r|tnct70400v|tntd00301l|tnis00300a;8;3
"istituto di istruzione ""m. martini"" - mezzolombardo";liceo scientifico;tnps00301r;school;via perlasca, 4 38017;tnrc00350n|tnps00301r|tnct70400v|tntd00301l|tnis00300a;8;3
"istituto di istruzione ""m. martini"" - mezzolombardo";liceo scientifico opzione scienze applicate;tnps00301r;school;via perlasca, 4 38017;tnrc00350n|tnps00301r|tnct70400v|tntd00301l|tnis00300a;8;3
istituto gardascuola;;;institute;via xxiv maggio, 1 38062;tntn04500g|tn1e00800n|tnps00500b|tn1m00800v;5;1
istituto gardascuola;istituto tecnico per il settore economico;tntn04500g;school;via xxiv maggio, 1 38062;tntn04500g|tn1e00800n|tnps00500b|tn1m00800v;5;1
istituto gardascuola;istituto tecnico per il settore tecnologico;tntn04500g;school;via xxiv maggio, 1 38062;tntn04500g|tn1e00800n|tnps00500b|tn1m00800v;5;1
istituto gardascuola;liceo scientifico opzione scienze applicate;tnps00500b;school;via xxiv maggio, 1 38062;tntn04500g|tn1e00800n|tnps00500b|tn1m00800v;5;1
istituto gardascuola;scuola primaria gardascuola arco;tn1e00800n;school;via xxiv maggio, 1 38062;tntn04500g|tn1e00800n|tnps00500b|tn1m00800v;5;1
istituto gardascuola;scuola secondaria di primo grado gardascuola arco;tn1m00800v;school;via xxiv maggio, 1 38062;tntn04500g|tn1e00800n|tnps00500b|tn1m00800v;5;1
istituto sacro cuore - trento;;;institute;piazza s teresa verzeri, 4 38122;tnpsi8500o|tnpm015003|tn1m006007|tn1e00300e;5;1
istituto sacro cuore - trento;liceo artistico;tnpm015003;school;piazza s teresa verzeri, 4 38122;tnpsi8500o|tnpm015003|tn1m006007|tn1e00300e;5;1
istituto sacro cuore - trento;liceo delle scienze umane;tnpm015003;school;piazza s teresa verzeri, 4 38122;tnpsi8500o|tnpm015003|tn1m006007|tn1e00300e;5;1
istituto sacro cuore - trento;liceo scientifico opzione scienze applicate;tnpsi8500o;school;piazza s teresa verzeri, 4 38122;tnpsi8500o|tnpm015003|tn1m006007|tn1e00300e;5;1
istituto sacro cuore - trento;scuola primaria sacro cuore trento;tn1e00300e;school;piazza s teresa verzeri, 4 38122;tnpsi8500o|tnpm015003|tn1m006007|tn1e00300e;5;1
istituto sacro cuore - trento;scuola secondaria di primo grado sacro cuore trento;tn1m006007;school;piazza s teresa verzeri, 4 38122;tnpsi8500o|tnpm015003|tn1m006007|tn1e00300e;5;1
istituto salesiano maria ausiliatrice - trento;;;institute;via barbacovi, 22 38122;tn1m00500b;1;0
istituto salesiano maria ausiliatrice - trento;scuola secondaria di primo grado maria ausiliatrice trento;tn1m00500b;school;via barbacovi, 22 38122;tn1m00500b;1;0
istituto salesiano s. croce - mezzano;;;institute;via molaren, 29 38050;tn1e00200p|tn1m001004;2;0
istituto salesiano s. croce - mezzano;scuola primaria santa croce mezzano;tn1e00200p;school;via molaren, 29 38050;tn1e00200p|tn1m001004;2;0
istituto salesiano s. croce - mezzano;scuola secondaria di primo grado santa croce mezzano;tn1m001004;school;via molaren, 29 38050;tn1e00200p|tn1m001004;2;0
"istituto tecnico economico ""a. tambosi"" - trento";;tntd18000t;institute;via brigata acqui, 19 38122;tntd18000t|tntd180507;2;0
"istituto tecnico economico ""a. tambosi"" - trento";istituto tecnico per il settore economico;tntd18000t;school;via brigata acqui, 19 38122;tntd18000t|tntd180507;2;0
"istituto tecnico economico ""a. tambosi"" - trento";istituto tecnico per il settore economico serale;tntd180507;school;via brigata acqui, 19 38122;tntd18000t|tntd180507;2;0
"istituto tecnico economico e tecnologico ""c.a. pilati"" - cles";;tntd100001;institute;via iv novembre, 35 38023;tntd100001|tnct709002|tntd10050a;5;2
"istituto tecnico economico e tecnologico ""c.a. pilati"" - cles";educazione per adulti relativa al primo ciclo;tnct709002;school;via iv novembre, 35 38023;tntd100001|tnct709002|tntd10050a;5;2
"istituto tecnico economico e tecnologico ""c.a. pilati"" - cles";istituto tecnico per il settore economico;tntd100001;school;via iv novembre, 35 38023;tntd100001|tnct709002|tntd10050a;5;2
"istituto tecnico economico e tecnologico ""c.a. pilati"" - cles";istituto tecnico per il settore economico serale;tntd10050a;school;via iv novembre, 35 38023;tntd100001|tnct709002|tntd10050a;5;2
"istituto tecnico economico e tecnologico ""c.a. pilati"" - cles";istituto tecnico per il settore tecnologico;tntd100001;school;via iv novembre, 35 38023;tntd100001|tnct709002|tntd10050a;5;2
"istituto tecnico economico e tecnologico ""c.a. pilati"" - cles";istituto tecnico per il settore tecnologico serale;tntd10050a;school;via iv novembre, 35 38023;tntd100001|tnct709002|tntd10050a;5;2
"istituto tecnico economico e tecnologico ""f. e g. fontana"" - rovereto";;tntd020009;institute;via del teatro, 4 38068;tntd020009|tntd02050p;4;2
"istituto tecnico economico e tecnologico ""f. e g. fontana"" - rovereto";istituto tecnico per il settore economico;tntd020009;school;via del teatro, 4 38068;tntd020009|tntd02050p;4;2
"istituto tecnico economico e tecnologico ""f. e g. fontana"" - rovereto";istituto tecnico per il settore economico serale;tntd02050p;school;via del teatro, 4 38068;tntd020009|tntd02050p;4;2
"istituto tecnico economico e tecnologico ""f. e g. fontana"" - rovereto";istituto tecnico per il settore tecnologico;tntd020009;school;via del teatro, 4 38068;tntd020009|tntd02050p;4;2
"istituto tecnico economico e tecnologico ""f. e g. fontana"" - rovereto";istituto tecnico per il settore tecnologico serale;tntd02050p;school;via del teatro, 4 38068;tntd020009|tntd02050p;4;2
"istituto tecnico economico e tecnologico ""g. floriani"" - riva del garda";;tnis00800d;institute;viale dei tigli, 43 38066;tntd008515|tntd00801q|tnis00800d|tnct702007;5;1
"istituto tecnico economico e tecnologico ""g. floriani"" - riva del garda";educazione per adulti relativa al primo ciclo;tnct702007;school;viale dei tigli, 43 38066;tntd008515|tntd00801q|tnis00800d|tnct702007;5;1
"istituto tecnico economico e tecnologico ""g. floriani"" - riva del garda";istituto tecnico per il settore economico;tntd00801q;school;viale dei tigli, 43 38066;tntd008515|tntd00801q|tnis00800d|tnct702007;5;1
"istituto tecnico economico e tecnologico ""g. floriani"" - riva del garda";istituto tecnico per il settore economico serale;tntd008515;school;viale dei tigli, 43 38066;tntd008515|tntd00801q|tnis00800d|tnct702007;5;1
"istituto tecnico economico e tecnologico ""g. floriani"" - riva del garda";istituto tecnico per il settore tecnologico;tntd00801q;school;viale dei tigli, 43 38066;tntd008515|tntd00801q|tnis00800d|tnct702007;5;1
"istituto tecnico economico e tecnologico ""g. floriani"" - riva del garda";istituto tecnico per il settore tecnologico serale;tntd008515;school;viale dei tigli, 43 38066;tntd008515|tntd00801q|tnis00800d|tnct702007;5;1
"istituto tecnico tecnologico ""g. marconi"" - rovereto";;tntf02000g;institute;via monti, 1 38068;tntf02000g|tntf020501;2;0
"istituto tecnico tecnologico ""g. marconi"" - rovereto";istituto tecnico per il settore tecnologico;tntf02000g;school;via monti, 1 38068;tntf02000g|tntf020501;2;0
"istituto tecnico tecnologico ""g. marconi"" - rovereto";istituto tecnico per il settore tecnologico serale;tntf020501;school;via monti, 1 38068;tntf02000g|tntf020501;2;0
"istituto tecnico tecnologico ""m. buonarroti"" - trento";;tnis013001;institute;via brigata acqui, 15 38122;tntf01351v|tntf01301d|tnis013001;2;4294967295
"istituto tecnico tecnologico ""m. buonarroti"" - trento";istituto tecnico per il settore tecnologico;tntf01301d;school;via brigata acqui, 15 38122;tntf01351v|tntf01301d|tnis013001;2;4294967295
"istituto tecnico tecnologico ""m. buonarroti"" - trento";istituto tecnico per il settore tecnologico serale;tntf01351v;school;via brigata acqui, 15 38122;tntf01351v|tntf01301d|tnis013001;2;4294967295
"liceo ""a. maffei"" - riva del garda";;tnpc01000q;institute;via alberti lutti, 7 38066;tnpc01000q;6;5
"liceo ""a. maffei"" - riva del garda";liceo classico;tnpc01000q;school;via alberti lutti, 7 38066;tnpc01000q;6;5
"liceo ""a. maffei"" - riva del garda";liceo delle scienze umane;tnpc01000q;school;via alberti lutti, 7 38066;tnpc01000q;6;5
"liceo ""a. maffei"" - riva del garda";liceo linguistico;tnpc01000q;school;via alberti lutti, 7 38066;tnpc01000q;6;5
"liceo ""a. maffei"" - riva del garda";liceo musicale e coreutico;tnpc01000q;school;via alberti lutti, 7 38066;tnpc01000q;6;5
"liceo ""a. maffei"" - riva del garda";liceo scientifico;tnpc01000q;school;via alberti lutti, 7 38066;tnpc01000q;6;5
"liceo ""a. maffei"" - riva del garda";liceo scientifico opzione scienze applicate;tnpc01000q;school;via alberti lutti, 7 38066;tnpc01000q;6;5
"liceo ""a. rosmini"" - rovereto";;tnpc02000a;institute;corso bettini, 86 38068;tnpc02000a;4;3
"liceo ""a. rosmini"" - rovereto";liceo classico;tnpc02000a;school;corso bettini, 86 38068;tnpc02000a;4;3
"liceo ""a. rosmini"" - rovereto";liceo linguistico;tnpc02000a;school;corso bettini, 86 38068;tnpc02000a;4;3
"liceo ""a. rosmini"" - rovereto";liceo scientifico;tnpc02000a;school;corso bettini, 86 38068;tnpc02000a;4;3
"liceo ""a. rosmini"" - rovereto";liceo scientifico opzione scienze applicate;tnpc02000a;school;corso bettini, 86 38068;tnpc02000a;4;3
"liceo ""a. rosmini"" - trento";;tnpm01000x;institute;via malfatti, 2 38122;tnpm010509|tnpm01000x|tnct70500p;7;4
"liceo ""a. rosmini"" - trento";cc educazione adulti alberghiero;;school;via malfatti, 2 38122;tnpm010509|tnpm01000x|tnct70500p;7;4
"liceo ""a. rosmini"" - trento";cc educazione adulti secondo ciclo les;;school;via malfatti, 2 38122;tnpm010509|tnpm01000x|tnct70500p;7;4
"liceo ""a. rosmini"" - trento";educazione per adulti relativa al primo ciclo;tnct70500p;school;via malfatti, 2 38122;tnpm010509|tnpm01000x|tnct70500p;7;4
"liceo ""a. rosmini"" - trento";liceo del made in italy;tnpm01000x;school;via malfatti, 2 38122;tnpm010509|tnpm01000x|tnct70500p;7;4
"liceo ""a. rosmini"" - trento";liceo delle scienze umane;tnpm01000x;school;via malfatti, 2 38122;tnpm010509|tnpm01000x|tnct70500p;7;4
"liceo ""a. rosmini"" - trento";liceo delle scienze umane opzione economico sociale;tnpm01000x;school;via malfatti, 2 38122;tnpm010509|tnpm01000x|tnct70500p;7;4
"liceo ""a. rosmini"" - trento";liceo delle scienze umane opzione economico sociale serale;tnpm010509;school;via malfatti, 2 38122;tnpm010509|tnpm01000x|tnct70500p;7;4
"liceo ""b. russell"" - cles";;tnis00600t;institute;via iv novembre, 35 38023;tnps006018|tnis00600t|tnpm006019;7;4
"liceo ""b. russell"" - cles";liceo classico;tnpm006019;school;via iv novembre, 35 38023;tnps006018|tnis00600t|tnpm006019;7;4
"liceo ""b. russell"" - cles";liceo del made in italy;;school;via iv novembre, 35 38023;tnps006018|tnis00600t|tnpm006019;7;4
"liceo ""b. russell"" - cles";liceo delle scienze umane;tnpm006019;school;via iv novembre, 35 38023;tnps006018|tnis00600t|tnpm006019;7;4
"liceo ""b. russell"" - cles";liceo delle scienze umane opzione economico sociale;tnpm006019;school;via iv novembre, 35 38023;tnps006018|tnis00600t|tnpm006019;7;4
"liceo ""b. russell"" - cles";liceo linguistico;tnps006018;school;via iv novembre, 35 38023;tnps006018|tnis00600t|tnpm006019;7;4
"liceo ""b. russell"" - cles";liceo scientifico;tnps006018;school;via iv novembre, 35 38023;tnps006018|tnis00600t|tnpm006019;7;4
"liceo ""b. russell"" - cles";liceo scientifico opzione scienze applicate;tnps006018;school;via iv novembre, 35 38023;tnps006018|tnis00600t|tnpm006019;7;4
"liceo ""f. filzi"" - rovereto";;tnpm02000e;institute;corso rosmini, 61 38068;tnpm02000e;2;1
"liceo ""f. filzi"" - rovereto";liceo delle scienze umane;tnpm02000e;school;corso rosmini, 61 38068;tnpm02000e;2;1
"liceo ""f. filzi"" - rovereto";liceo delle scienze umane opzione economico sociale;tnpm02000e;school;corso rosmini, 61 38068;tnpm02000e;2;1
"liceo classico ""g. prati"" - trento";;tnpc04000g;institute;via s trinita, 38 38122;tnpc04000g;1;0
"liceo classico ""g. prati"" - trento";liceo classico;tnpc04000g;school;via s trinita, 38 38122;tnpc04000g;1;0
"liceo delle arti di trento e rovereto ""vittoria-bonporti-depero""";;tnsd02000x;institute;via zambra, 3 38121;tnsd020011|tnsd02000x;3;1
"liceo delle arti di trento e rovereto ""vittoria-bonporti-depero""";"liceo artistico ""depero""- rovereto";tnsd020011;school;via delle fosse, 9 38068;tnsd020011|tnsd02000x;3;1
"liceo delle arti di trento e rovereto ""vittoria-bonporti-depero""";"liceo artistico ""vittoria"" - trento";tnsd02000x;school;via zambra, 3 38121;tnsd020011|tnsd02000x;3;1
"liceo delle arti di trento e rovereto ""vittoria-bonporti-depero""";liceo musicale coreutico;tnsd02000x;school;vicolo s maria maddalena, 16 38122;tnsd020011|tnsd02000x;3;1
"liceo linguistico ""s. m. scholl"" - trento";;tnps11000q;institute;via mattioli, 8 38122;tnps11000q;1;0
"liceo linguistico ""s. m. scholl"" - trento";liceo linguistico;tnps11000q;school;via mattioli, 8 38122;tnps11000q;1;0
"liceo scientifico ""g. galilei"" - trento";;tnps01000v;institute;viale bolognini, 88 38122;tnps01000v;2;1
"liceo scientifico ""g. galilei"" - trento";liceo scientifico;tnps01000v;school;viale bolognini, 88 38122;tnps01000v;2;1
"liceo scientifico ""g. galilei"" - trento";liceo scientifico opzione scienze applicate;tnps01000v;school;viale bolognini, 88 38122;tnps01000v;2;1
"liceo scientifico ""l. da vinci"" - trento";;tnps02000d;institute;via madruzzo, 24 38122;tnps02000d;2;1
"liceo scientifico ""l. da vinci"" - trento";liceo scientifico;tnps02000d;school;via madruzzo, 24 38122;tnps02000d;2;1
"liceo scientifico ""l. da vinci"" - trento";liceo scientifico opzione scienze applicate;tnps02000d;school;via madruzzo, 24 38122;tnps02000d;2;1
polo giuseppe veronesi;;tncf002001;institute;piazzale orsi, 1 38068;tncf002001|tnpsid500s;4;2
polo giuseppe veronesi;capes - settore industria e artigianato;tncf002001;school;piazzale orsi, 1 38068;tncf002001|tnpsid500s;4;2
polo giuseppe veronesi;liceo scientifico opzione scienze applicate steam;tnpsid500s;school;piazzale orsi, 1 38068;tncf002001|tnpsid500s;4;2
polo giuseppe veronesi;settore industria e artigianato;tncf002001;school;piazzale orsi, 1 38068;tncf002001|tnpsid500s;4;2
polo giuseppe veronesi;settore industria e artigianato serale;;school;piazzale orsi, 1 38068;tncf002001|tnpsid500s;4;2
scuola dell'infanzia di ala;;;institute;via de ferrari, 1 38061;"";1;1
scuola dell'infanzia di ala;scuola dell'infanzia di ala;;school;via de ferrari, 1 38061;"";1;1
scuola dell'infanzia di albiano;;;institute;via s antonio, 22 38041;"";1;1
scuola dell'infanzia di albiano;scuola dell'infanzia di albiano;;school;via s antonio, 22 38041;"";1;1
scuola dell'infanzia di aldeno;;;institute;via xxv aprile, 5 38060;"";1;1
scuola dell'infanzia di aldeno;scuola dell'infanzia di aldeno;;school;via xxv aprile, 5 38060;"";1;1
scuola dell'infanzia di andalo;;;institute;via paganella, 5 38010;"";1;1
scuola dell'infanzia di andalo;scuola dell'infanzia di andalo;;school;via paganella, 5 38010;"";1;1
scuola dell'infanzia di arco;;;institute;viale capitelli, 16 38062;"";1;1
scuola dell'infanzia di arco;scuola dell'infanzia di arco;;school;viale capitelli, 16 38062;"";1;1
scuola dell'infanzia di avio;;;institute;via dante, 5 38063;"";1;1
scuola dell'infanzia di avio;scuola dell'infanzia di avio;;school;via dante, 5 38063;"";1;1
scuola dell'infanzia di barco di levico;;;institute;via di s taddeo, 8 38056;"";1;1
scuola dell'infanzia di barco di levico;scuola dell'infanzia di barco di levico;;school;via di s taddeo, 8 38056;"";1;1
scuola dell'infanzia di bolognano;;;institute;piazza vittoria, 1 38062;"";1;1
scuola dell'infanzia di bolognano;scuola dell'infanzia di bolognano;;school;piazza vittoria, 1 38062;"";1;1
scuola dell'infanzia di bondone;;;institute;via giusti, 46 38080;"";1;1
scuola dell'infanzia di bondone;scuola dell'infanzia di bondone;;school;via giusti, 46 38080;"";1;1
scuola dell'infanzia di borgo sacco;;;institute;via fedrigotti, 9 38068;"";1;1
scuola dell'infanzia di borgo sacco;scuola dell'infanzia di borgo sacco;;school;via fedrigotti, 9 38068;"";1;1
scuola dell'infanzia di borgo valsugana;;;institute;piazza romani, 8 38051;"";1;1
scuola dell'infanzia di borgo valsugana;scuola dell'infanzia di borgo valsugana;;school;piazza romani, 8 38051;"";1;1
"scuola dell'infanzia di breguzzo - bondo ""giuseppina bonazza odv""";;;institute;via marconi - breguzzo, 5 38087;"";1;1
"scuola dell'infanzia di breguzzo - bondo ""giuseppina bonazza odv""";"scuola dell'infanzia di breguzzo - bondo  ""giuseppina bonazza odv""";;school;via marconi - breguzzo, 5 38087;"";1;1
scuola dell'infanzia di brentonico;;;institute;via mantova, 5 38060;"";1;1
scuola dell'infanzia di brentonico;scuola dell'infanzia di brentonico;;school;via mantova, 5 38060;"";1;1
scuola dell'infanzia di calceranica;;;institute;via cavour, 2 38050;"";1;1
scuola dell'infanzia di calceranica;scuola dell'infanzia di calceranica;;school;via cavour, 2 38050;"";1;1
scuola dell'infanzia di campitello di fassa;;;institute;strèda sènc felip e giacum, 9 38031;"";1;1
scuola dell'infanzia di campitello di fassa;scuola dell'infanzia di campitello di fassa;;school;strèda sènc felip e giacum, 9 38031;"";1;1
scuola dell'infanzia di campodenno;;;institute;via s maurizio, 3 38010;"";1;1
scuola dell'infanzia di campodenno;scuola dell'infanzia di campodenno;;school;via s maurizio, 3 38010;"";1;1
scuola dell'infanzia di carano;;;institute;via giovanelli, 40 38033;"";1;1
scuola dell'infanzia di carano;scuola dell'infanzia di carano;;school;via giovanelli, 40 38033;"";1;1
scuola dell'infanzia di carisolo;;;institute;viale trento, 4 38080;"";1;1
scuola dell'infanzia di carisolo;scuola dell'infanzia di carisolo;;school;viale trento, 4 38080;"";1;1
scuola dell'infanzia di casez;;;institute;via della pontara - casez, 10 38010;"";1;1
scuola dell'infanzia di casez;scuola dell'infanzia di casez;;school;via della pontara - casez, 10 38010;"";1;1
scuola dell'infanzia di castellano;;;institute;via caduti, 1 38060;"";1;1
scuola dell'infanzia di castellano;scuola dell'infanzia di castellano;;school;via caduti, 1 38060;"";1;1
scuola dell'infanzia di castello di fiemme;;;institute;via latemar, 2 38030;"";1;1
scuola dell'infanzia di castello di fiemme;scuola dell'infanzia di castello di fiemme;;school;via latemar, 2 38030;"";1;1
scuola dell'infanzia di castelnuovo;;;institute;piazza municipio, 2 38050;"";1;1
scuola dell'infanzia di castelnuovo;scuola dell'infanzia di castelnuovo;;school;piazza municipio, 2 38050;"";1;1
scuola dell'infanzia di cavalese;;;institute;via regolani, 4 38033;"";1;1
scuola dell'infanzia di cavalese;scuola dell'infanzia di cavalese;;school;via regolani, 4 38033;"";1;1
scuola dell'infanzia di cavedine;;;institute;via iv novembre, 19 38073;"";1;1
scuola dell'infanzia di cavedine;scuola dell'infanzia di cavedine;;school;via iv novembre, 19 38073;"";1;1
scuola dell'infanzia di cembra;;;institute;piazza zanotelli - cembra, 1 38034;"";1;1
scuola dell'infanzia di cembra;scuola dell'infanzia di cembra;;school;piazza zanotelli - cembra, 1 38034;"";1;1
scuola dell'infanzia di chizzola;;;institute;via canestrini - chizzola, 1 38061;"";1;1
scuola dell'infanzia di chizzola;scuola dell'infanzia di chizzola;;school;via canestrini - chizzola, 1 38061;"";1;1
scuola dell'infanzia di cles;;;institute;via mattioli, 13 38023;"";1;1
scuola dell'infanzia di cles;scuola dell'infanzia di cles;;school;via mattioli, 13 38023;"";1;1
scuola dell'infanzia di cloz e brez;;;institute;via di s stefano, 2/a 38028;"";1;1
scuola dell'infanzia di cloz e brez;scuola dell'infanzia di cloz e brez;;school;via di s stefano, 2/a 38028;"";1;1
scuola dell'infanzia di condino;;;institute;via roma - condino, 37 38083;"";1;1
scuola dell'infanzia di condino;scuola dell'infanzia di condino;;school;via roma - condino, 37 38083;"";1;1
scuola dell'infanzia di coredo;;;institute;via delle antiche fontane - coredo, 20 38012;"";1;1
scuola dell'infanzia di coredo;scuola dell'infanzia di coredo;;school;via delle antiche fontane - coredo, 20 38012;"";1;1
scuola dell'infanzia di cristo re -trento;;;institute;via bresadola, 6 38121;"";1;1
scuola dell'infanzia di cristo re -trento;scuola dell'infanzia di cristo re -trento;;school;via bresadola, 6 38121;"";1;1
scuola dell'infanzia di crosano;;;institute;via s biagio, 30 38060;"";1;1
scuola dell'infanzia di crosano;scuola dell'infanzia di crosano;;school;via s biagio, 30 38060;"";1;1
"scuola dell'infanzia di daone ""asilo infantile di daone odv""";;;institute;via re di castello - daone, 57 38080;"";1;1
"scuola dell'infanzia di daone ""asilo infantile di daone odv""";"scuola dell'infanzia di daone ""asilo infantile di daone odv""";;school;via re di castello - daone, 57 38080;"";1;1
scuola dell'infanzia di denno;;;institute;via ossanna, 3 38010;"";1;1
scuola dell'infanzia di denno;scuola dell'infanzia di denno;;school;via ossanna, 3 38010;"";1;1
scuola dell'infanzia di dimaro;;;institute;via alla chiesa - dimaro, 26 38025;"";1;1
scuola dell'infanzia di dimaro;scuola dell'infanzia di dimaro;;school;via alla chiesa - dimaro, 26 38025;"";1;1
scuola dell'infanzia di faver;;;institute;via perlaia - faver, 17 38030;"";1;1
scuola dell'infanzia di faver;scuola dell'infanzia di faver;;school;via perlaia - faver, 17 38030;"";1;1
scuola dell'infanzia di fiavè;;;institute;piazza s sebastiano, 24 38075;"";1;1
scuola dell'infanzia di fiavè;scuola dell'infanzia di fiavè;;school;piazza s sebastiano, 24 38075;"";1;1
scuola dell'infanzia di fiera di primiero;;;institute;viale marconi - pieve, 1 38054;"";1;1
scuola dell'infanzia di fiera di primiero;scuola dell'infanzia di fiera di primiero;;school;viale marconi - pieve, 1 38054;"";1;1
scuola dell'infanzia di fondo;;;institute;piazza don stefenelli - fondo, 5 38020;"";1;1
scuola dell'infanzia di fondo;scuola dell'infanzia di fondo;;school;piazza don stefenelli - fondo, 5 38020;"";1;1
scuola dell'infanzia di fornace;;;institute;via del borgolet, 16 38040;"";1;1
scuola dell'infanzia di fornace;scuola dell'infanzia di fornace;;school;via del borgolet, 16 38040;"";1;1
scuola dell'infanzia di gardolo;;;institute;via s anna, 9 38121;"";1;1
scuola dell'infanzia di gardolo;scuola dell'infanzia di gardolo;;school;via s anna, 9 38121;"";1;1
scuola dell'infanzia di ghiaie di gardolo;;;institute;via del loghét, 69 38121;"";1;1
scuola dell'infanzia di ghiaie di gardolo;scuola dell'infanzia di ghiaie di gardolo;;school;via del loghét, 69 38121;"";1;1
scuola dell'infanzia di grigno;;;institute;via nazario sauro, 25 38055;"";1;1
scuola dell'infanzia di grigno;scuola dell'infanzia di grigno;;school;via nazario sauro, 25 38055;"";1;1
scuola dell'infanzia di ischia di pergine;;;institute;piazza delle nogare, 2 38057;"";1;1
scuola dell'infanzia di ischia di pergine;scuola dell'infanzia di ischia di pergine;;school;piazza delle nogare, 2 38057;"";1;1
"scuola dell'infanzia di lavis "" madre maddalena di canossa odv""";;;institute;via dei colli, 4 38015;"";1;1
"scuola dell'infanzia di lavis "" madre maddalena di canossa odv""";"scuola dell'infanzia di lavis  ""madre maddalena di canossa odv""";;school;via dei colli, 4 38015;"";1;1
"scuola dell'infanzia di lizzana ""asilo infantile di lizzana odv""";;;institute;via brigata mantova, 1 38068;"";1;1
"scuola dell'infanzia di lizzana ""asilo infantile di lizzana odv""";"scuola dell'infanzia di lizzana ""asilo infantile di lizzana odv""";;school;via brigata mantova, 1 38068;"";1;1
"scuola dell'infanzia di lizzanella ""asilo infantile di lizzanella odv""";;;institute;corso verona, 109 38068;"";1;1
"scuola dell'infanzia di lizzanella ""asilo infantile di lizzanella odv""";"scuola dell'infanzia di lizzanella ""asilo infantile di lizzanella odv""";;school;corso verona, 109 38068;"";1;1
scuola dell'infanzia di lodrone odv;;;institute;salita alla bastia, 2 38089;"";1;1
scuola dell'infanzia di lodrone odv;scuola dell'infanzia di lodrone odv;;school;salita alla bastia, 2 38089;"";1;1
scuola dell'infanzia di lona;;;institute;via s rocco, 14 38040;"";1;1
scuola dell'infanzia di lona;scuola dell'infanzia di lona;;school;via s rocco, 14 38040;"";1;1
scuola dell'infanzia di madonna di campiglio;;;institute;via serafini - madonna di campiglio, 13 38070;"";1;1
scuola dell'infanzia di madonna di campiglio;scuola dell'infanzia di madonna di campiglio;;school;via serafini - madonna di campiglio, 13 38070;"";1;1
scuola dell'infanzia di madrano;;;institute;via d oltrefersina, 54 38057;"";1;1
scuola dell'infanzia di madrano;scuola dell'infanzia di madrano;;school;via d oltrefersina, 54 38057;"";1;1
scuola dell'infanzia di malè;;;institute;via don rauzi, 6 38027;"";1;1
scuola dell'infanzia di malè;scuola dell'infanzia di malè;;school;via don rauzi, 6 38027;"";1;1
"scuola dell'infanzia di marco - rovereto ""g. e a. rosmini - serbati odv""";;;institute;via alla stazione, 2 38068;"";1;1
"scuola dell'infanzia di marco - rovereto ""g. e a. rosmini - serbati odv""";"scuola dell'infanzia di marco-rovereto ""g. e a. rosmini-serbati odv""";;school;via alla stazione, 2 38068;"";1;1
scuola dell'infanzia di marter;;;institute;piazza s margherita, 2 38050;"";1;1
scuola dell'infanzia di marter;scuola dell'infanzia di marter;;school;piazza s margherita, 2 38050;"";1;1
"scuola dell'infanzia di martignano ""d. leone serafini""";;;institute;via sabbionare, 3 38121;"";1;1
"scuola dell'infanzia di martignano ""d. leone serafini""";scuola dell'infanzia di martignano;;school;via sabbionare, 3 38121;"";1;1
scuola dell'infanzia di masi di cavalese;;;institute;via damiano chiesa, 79 38033;"";1;1
scuola dell'infanzia di masi di cavalese;scuola dell'infanzia di masi di cavalese;;school;via damiano chiesa, 79 38033;"";1;1
scuola dell'infanzia di massone;;;institute;via maffei - san martino, 2 38062;"";1;1
scuola dell'infanzia di massone;scuola dell'infanzia di massone;;school;via maffei - san martino, 2 38062;"";1;1
scuola dell'infanzia di mechel;;;institute;via don luigi borghesi, 35 38023;"";1;1
scuola dell'infanzia di mechel;scuola dell'infanzia di mechel;;school;via don luigi borghesi, 35 38023;"";1;1
scuola dell'infanzia di mezzano;;;institute;via iv novembre, 16 38050;"";1;1
scuola dell'infanzia di mezzano;scuola dell'infanzia di mezzano;;school;via iv novembre, 16 38050;"";1;1
scuola dell'infanzia di mezzocorona;;;institute;via s giovanni bosco, 4 38016;"";1;1
scuola dell'infanzia di mezzocorona;scuola dell'infanzia di mezzocorona;;school;via s giovanni bosco, 4 38016;"";1;1
scuola dell'infanzia di mezzolombardo;;;institute;corso del popolo, 34/b 38017;"";1;1
scuola dell'infanzia di mezzolombardo;scuola dell'infanzia di mezzolombardo;;school;corso del popolo, 34/b 38017;"";1;1
scuola dell'infanzia di moena;;;institute;strada don giovanni jori, 10 38035;"";1;1
scuola dell'infanzia di moena;scuola dell'infanzia di moena;;school;strada don giovanni jori, 10 38035;"";1;1
scuola dell'infanzia di molina di ledro;;;institute;via sartori - molina di ledro, 24/c 38067;"";1;1
scuola dell'infanzia di molina di ledro;scuola dell'infanzia di molina di  ledro;;school;via sartori - molina di ledro, 24/c 38067;"";1;1
scuola dell'infanzia di mollaro;;;institute;via della pausa - mollaro, 1 38012;"";1;1
scuola dell'infanzia di mollaro;scuola dell'infanzia di mollaro;;school;via della pausa - mollaro, 1 38012;"";1;1
scuola dell'infanzia di molveno;;;institute;piazza s carlo, 20 38018;"";1;1
scuola dell'infanzia di molveno;scuola dell'infanzia di molveno;;school;piazza s carlo, 20 38018;"";1;1
scuola dell'infanzia di montesover;;;institute;via capitano santuari, 1 38048;"";1;1
scuola dell'infanzia di montesover;scuola dell'infanzia di montesover;;school;via capitano santuari, 1 38048;"";1;1
scuola dell'infanzia di mori;;;institute;via scuole, 3 38065;"";1;1
scuola dell'infanzia di mori;scuola dell'infanzia di mori;;school;via scuole, 3 38065;"";1;1
scuola dell'infanzia di nago;;;institute;localita tezze - nago,   38069;"";1;1
scuola dell'infanzia di nago;scuola dell'infanzia di nago;;school;localita tezze - nago,   38069;"";1;1
scuola dell'infanzia di nave san rocco;;;institute;via iv novembre, 34/a 38010;"";1;1
scuola dell'infanzia di nave san rocco;scuola dell'infanzia di nave san rocco;;school;via iv novembre, 34/a 38010;"";1;1
scuola dell'infanzia di nomi;;;institute;via baroni del moll, 2 38060;"";1;1
scuola dell'infanzia di nomi;scuola dell'infanzia di nomi;;school;via baroni del moll, 2 38060;"";1;1
scuola dell'infanzia di ospedaletto;;;institute;via  don tosi, 14 38050;"";1;1
scuola dell'infanzia di ospedaletto;scuola dell'infanzia di ospedaletto;;school;via  don tosi, 14 38050;"";1;1
scuola dell'infanzia di padergnone;;;institute;via alle cime - padergnone, 14 38070;"";1;1
scuola dell'infanzia di padergnone;scuola dell'infanzia di padergnone;;school;via alle cime - padergnone, 14 38070;"";1;1
scuola dell'infanzia di pedersano;;;institute;via s antonio, 1 38060;"";1;1
scuola dell'infanzia di pedersano;scuola dell'infanzia di pedersano;;school;via s antonio, 1 38060;"";1;1
"scuola dell'infanzia di pergine  ""g.b. chimelli""";;;institute;piazza garbari, 5 38057;"";1;1
"scuola dell'infanzia di pergine  ""g.b. chimelli""";"scuola dell'infanzia di pergine  ""g.b. chimelli""";;school;piazza garbari, 5 38057;"";1;1
scuola dell'infanzia di pietramurata;;;institute;piazza mercato, 11 38074;"";1;1
scuola dell'infanzia di pietramurata;scuola dell'infanzia di pietramurata;;school;piazza mercato, 11 38074;"";1;1
scuola dell'infanzia di pieve di bono;;;institute;via fiera - creto - pieve di bono, 9/b 38085;"";1;1
scuola dell'infanzia di pieve di bono;scuola dell'infanzia di pieve di bono;;school;via fiera - creto - pieve di bono, 9/b 38085;"";1;1
scuola dell'infanzia di pieve tesino;;;institute;via fratelli rizza', 14 38050;"";1;1
scuola dell'infanzia di pieve tesino;scuola dell'infanzia di pieve tesino;;school;via fratelli rizza', 14 38050;"";1;1
scuola dell'infanzia di pilcante;;;institute;piazza vittorio veneto - pilcante, 19 38061;"";1;1
scuola dell'infanzia di pilcante;scuola dell'infanzia di pilcante;;school;piazza vittorio veneto - pilcante, 19 38061;"";1;1
scuola dell'infanzia di pinzolo;;;institute;via al sole, 43 38086;"";1;1
scuola dell'infanzia di pinzolo;scuola dell'infanzia di pinzolo;;school;via al sole, 43 38086;"";1;1
scuola dell'infanzia di ponte arche;;;institute;via s giovanni bosco - ponte arche - bleggio inferiore, 7 38070;"";1;1
scuola dell'infanzia di ponte arche;scuola dell'infanzia di ponte arche;;school;via s giovanni bosco - ponte arche - bleggio inferiore, 7 38070;"";1;1
scuola dell'infanzia di povo;;;institute;via pante', 1 38123;"";1;1
scuola dell'infanzia di povo;scuola dell'infanzia di povo;;school;via pante', 1 38123;"";1;1
scuola dell'infanzia di pozza di trambileno;;;institute;frazione vanza, 50 38068;"";1;1
scuola dell'infanzia di pozza di trambileno;scuola dell'infanzia di pozza di trambileno;;school;frazione vanza, 50 38068;"";1;1
scuola dell'infanzia di predazzo;;;institute;via gabrielli, 1 38037;"";1;1
scuola dell'infanzia di predazzo;scuola dell'infanzia di predazzo;;school;via gabrielli, 1 38037;"";1;1
scuola dell'infanzia di pressano;;;institute;via pilati, 16 38015;"";1;1
scuola dell'infanzia di pressano;scuola dell'infanzia di pressano;;school;via pilati, 16 38015;"";1;1
scuola dell'infanzia di quadra - cavrasto;;;institute;frazione larido, 10 38071;"";1;1
scuola dell'infanzia di quadra - cavrasto;scuola dell'infanzia di quadra - cavrasto;;school;frazione larido, 10 38071;"";1;1
"scuola dell'infanzia di ranzo ""amici scuola infanzia di ranzo odv""";;;institute;via al castel romano - ranzo - vezzano, 29 38070;"";1;1
"scuola dell'infanzia di ranzo ""amici scuola infanzia di ranzo odv""";"scuola dell'infanzia di ranzo ""amici scuola infanzia di ranzo odv""";;school;via al castel romano - ranzo - vezzano, 29 38070;"";1;1
"scuola dell'infanzia di riva ""degasperi""";;;institute;largo caduti delle foibe, 2 38066;"";1;1
"scuola dell'infanzia di riva ""degasperi""";"scuola dell'infanzia di riva  ""degasperi""";;school;largo caduti delle foibe, 2 38066;"";1;1
"scuola dell'infanzia di riva ""giardino di infanzia odv""";;;institute;viale roma, 32 38066;"";1;1
"scuola dell'infanzia di riva ""giardino di infanzia odv""";"scuola dell'infanzia di riva  ""giardino""";;school;viale roma, 32 38066;"";1;1
"scuola dell'infanzia di riva del garda  ""s. alessandro""";;;institute;via s alessandro, 10 38066;"";1;1
"scuola dell'infanzia di riva del garda  ""s. alessandro""";"scuola dell'infanzia di riva del garda  ""s. alessandro""";;school;via s alessandro, 10 38066;"";1;1
scuola dell'infanzia di roncegno;;;institute;via baldessari, 15 38050;"";1;1
scuola dell'infanzia di roncegno;scuola dell'infanzia di roncegno;;school;via baldessari, 15 38050;"";1;1
scuola dell'infanzia di ronchi valsugana;;;institute;via marchi, 14 38050;"";1;1
scuola dell'infanzia di ronchi valsugana;scuola dell'infanzia di ronchi valsugana;;school;via marchi, 14 38050;"";1;1
scuola dell'infanzia di roncogno di pergine;;;institute;piazza di s anna, 3 38057;"";1;1
scuola dell'infanzia di roncogno di pergine;scuola dell'infanzia di roncogno di pergine;;school;piazza di s anna, 3 38057;"";1;1
"scuola dell'infanzia di roncone  ""mario amistadi sciavina odv""";;;institute;via lucchi - roncone, 1 38087;"";1;1
"scuola dell'infanzia di roncone  ""mario amistadi sciavina odv""";"scuola dell'infanzia di roncone  ""mario amistadi sciavina odv""";;school;via lucchi - roncone, 1 38087;"";1;1
scuola dell'infanzia di ronzo-chienis;;;institute;via del car, 40 38060;"";1;1
scuola dell'infanzia di ronzo-chienis;scuola dell'infanzia di ronzo-chienis;;school;via del car, 40 38060;"";1;1
"scuola dell'infanzia di rovereto ""clementino vannetti odv""";;;institute;via s maria, 58 38068;"";1;1
"scuola dell'infanzia di rovereto ""clementino vannetti odv""";"scuola dell'infanzia di rovereto ""clementino vannetti odv""";;school;via s maria, 58 38068;"";1;1
"scuola dell'infanzia di rovereto ""rosmini""";;;institute;corso rosmini, 3 38068;"";1;1
"scuola dell'infanzia di rovereto ""rosmini""";"scuola dell'infanzia di rovereto ""rosmini""";;school;corso rosmini, 3 38068;"";1;1
scuola dell'infanzia di s. croce bleggio;;;institute;frazione santa croce di bleggio inferiore, 7 38070;"";1;1
scuola dell'infanzia di s. croce bleggio;scuola dell'infanzia di s. croce bleggio;;school;frazione santa croce di bleggio inferiore, 7 38070;"";1;1
scuola dell'infanzia di s. lorenzo in banale;;;institute;strada del toat - san lorenzo, 4 38078;"";1;1
scuola dell'infanzia di s. lorenzo in banale;scuola dell'infanzia di s. lorenzo in banale;;school;strada del toat - san lorenzo, 4 38078;"";1;1
scuola dell'infanzia di s. margherita di ala;;;institute;via gazzoletti - santa margherita, 35 38061;"";1;1
scuola dell'infanzia di s. margherita di ala;scuola dell'infanzia di s. margherita di ala;;school;via gazzoletti - santa margherita, 35 38061;"";1;1
scuola dell'infanzia di sabbionara;;;institute;piazza conciliazione, 3/b 38063;"";1;1
scuola dell'infanzia di sabbionara;scuola dell'infanzia di sabbionara;;school;piazza conciliazione, 3/b 38063;"";1;1
scuola dell'infanzia di san martino di c.;;;institute;via laghetto - san martino di castrozza, 30 38054;"";1;1
scuola dell'infanzia di san martino di c.;scuola dell'infanzia di san martino di c.;;school;via laghetto - san martino di castrozza, 30 38054;"";1;1
scuola dell'infanzia di sarche;;;institute;via caffaro - sarche - calavino, 6 38076;"";1;1
scuola dell'infanzia di sarche;scuola dell'infanzia di sarche;;school;via caffaro - sarche - calavino, 6 38076;"";1;1
scuola dell'infanzia di scurelle;;;institute;via visintainer, 15 38050;"";1;1
scuola dell'infanzia di scurelle;scuola dell'infanzia di scurelle;;school;via visintainer, 15 38050;"";1;1
scuola dell'infanzia di segno;;;institute;via sonora - segno - taio, 18 38012;"";1;1
scuola dell'infanzia di segno;scuola dell'infanzia di segno;;school;via sonora - segno - taio, 18 38012;"";1;1
scuola dell'infanzia di segonzano;;;institute;frazione stedro, 80 38047;"";1;1
scuola dell'infanzia di segonzano;scuola dell'infanzia di segonzano;;school;frazione stedro, 80 38047;"";1;1
scuola dell'infanzia di serravalle;;;institute;via ingenger tomasi - serravalle, 5 38061;"";1;1
scuola dell'infanzia di serravalle;scuola dell'infanzia di serravalle;;school;via ingenger tomasi - serravalle, 5 38061;"";1;1
"scuola dell'infanzia di serso ""don ochner odv"" ";;;institute;via al casteler, 1 38057;"";1;1
"scuola dell'infanzia di serso ""don ochner odv"" ";"scuola dell'infanzia di serso ""don ochner odv""";;school;via al casteler, 1 38057;"";1;1
scuola dell'infanzia di smarano;;;institute;via torre - smarano, 6 38012;"";1;1
scuola dell'infanzia di smarano;scuola dell'infanzia di smarano;;school;via torre - smarano, 6 38012;"";1;1
scuola dell'infanzia di sopramonte;;;institute;via canelli - sopramonte, 5 38123;"";1;1
scuola dell'infanzia di sopramonte;scuola dell'infanzia di sopramonte;;school;via canelli - sopramonte, 5 38123;"";1;1
scuola dell'infanzia di spiazzo rendena;;;institute;via s vigilio, 5 38088;"";1;1
scuola dell'infanzia di spiazzo rendena;scuola dell'infanzia di spiazzo rendena;;school;via s vigilio, 5 38088;"";1;1
scuola dell'infanzia di spormaggiore;;;institute;via dell asilo, 2 38010;"";1;1
scuola dell'infanzia di spormaggiore;scuola dell'infanzia di spormaggiore;;school;via dell asilo, 2 38010;"";1;1
scuola dell'infanzia di stenico;;;institute;piazza dante, 15 38070;"";1;1
scuola dell'infanzia di stenico;scuola dell'infanzia di stenico;;school;piazza dante, 15 38070;"";1;1
scuola dell'infanzia di storo;;;institute;via s floriano, 22 38089;"";1;1
scuola dell'infanzia di storo;scuola dell'infanzia di storo;;school;via s floriano, 22 38089;"";1;1
scuola dell'infanzia di strigno;;;institute;piazza iv novembre - strigno, 11 38059;"";1;1
scuola dell'infanzia di strigno;scuola dell'infanzia di strigno;;school;piazza iv novembre - strigno, 11 38059;"";1;1
scuola dell'infanzia di susà;;;institute;via dell asilo, 5 38057;"";1;1
scuola dell'infanzia di susà;scuola dell'infanzia di susà;;school;via dell asilo, 5 38057;"";1;1
"scuola dell'infanzia di taio ""asilo infantile di taio odv""";;;institute;via edison - taio, 3 38012;"";1;1
"scuola dell'infanzia di taio ""asilo infantile di taio odv""";"scuola dell'infanzia di taio ""asilo infantile di taio odv""";;school;via edison - taio, 3 38012;"";1;1
scuola dell'infanzia di telve;;;institute;via paradiso, 1 38050;"";1;1
scuola dell'infanzia di telve;scuola dell'infanzia di telve;;school;via paradiso, 1 38050;"";1;1
scuola dell'infanzia di tenno;;;institute;via brocchetti, 53 38060;"";1;1
scuola dell'infanzia di tenno;scuola dell'infanzia di tenno;;school;via brocchetti, 53 38060;"";1;1
scuola dell'infanzia di tesero;;;institute;via fia, 20 38038;"";1;1
scuola dell'infanzia di tesero;scuola dell'infanzia di tesero;;school;via fia, 20 38038;"";1;1
scuola dell'infanzia di tezze valsugana;;;institute;via marconi, 8/a 38055;"";1;1
scuola dell'infanzia di tezze valsugana;scuola dell'infanzia di tezze valsugana;;school;via marconi, 8/a 38055;"";1;1
"scuola dell'infanzia di tione di trento ""don giovanni failoni odv""";;;institute;piazza battisti, 4 38079;"";1;1
"scuola dell'infanzia di tione di trento ""don giovanni failoni odv""";"scuola dell'infanzia di tione di trento ""don giovanni failoni""";;school;piazza battisti, 4 38079;"";1;1
scuola dell'infanzia di tonadico;;;institute;via fuganti - tonadico, 8 38054;"";1;1
scuola dell'infanzia di tonadico;scuola dell'infanzia di tonadico;;school;via fuganti - tonadico, 8 38054;"";1;1
scuola dell'infanzia di torbole;;;institute;via don davide gioppi, 72 38069;"";1;1
scuola dell'infanzia di torbole;scuola dell'infanzia di torbole;;school;via don davide gioppi, 72 38069;"";1;1
scuola dell'infanzia di torcegno odv;;;institute;via della fontana, 15 38050;"";1;1
scuola dell'infanzia di torcegno odv;scuola dell'infanzia di torcegno odv;;school;via della fontana, 15 38050;"";1;1
scuola dell'infanzia di transacqua;;;institute;piazza municipio - transacqua, 11 38054;"";1;1
scuola dell'infanzia di transacqua;scuola dell'infanzia di transacqua;;school;piazza municipio - transacqua, 11 38054;"";1;1
"scuola dell'infanzia di trento  ""pedrotti""";;;institute;via asilo pedrotti, 2 38122;"";1;1
"scuola dell'infanzia di trento  ""pedrotti""";"scuola dell'infanzia di trento  ""pedrotti""";;school;via asilo pedrotti, 2 38122;"";1;1
scuola dell'infanzia di trento  canossiane;;;institute;via dei paradisi, 4 38122;"";1;1
scuola dell'infanzia di trento  canossiane;scuola dell'infanzia di trento  canossiane;;school;via dei paradisi, 4 38122;"";1;1
scuola dell'infanzia di trento  s. bartolomeo;;;institute;viale dei tigli, 9/1 38123;"";1;1
scuola dell'infanzia di trento  s. bartolomeo;scuola dell'infanzia di trento  s. bartolomeo;;school;viale dei tigli, 9/1 38123;"";1;1
"scuola dell'infanzia di trento ""antonio tambosi odv""";;;institute;via francesco ferruccio, 4 38122;"";1;1
"scuola dell'infanzia di trento ""antonio tambosi odv""";"scuola dell'infanzia di trento ""antonio tambosi odv""";;school;via francesco ferruccio, 4 38122;"";1;1
"scuola dell'infanzia di trento ""g. b. zanella odv""";;;institute;via gar, 1 38122;"";1;1
"scuola dell'infanzia di trento ""g. b. zanella odv""";"scuola dell'infanzia di trento ""g. b. zanella odv""";;school;via gar, 1 38122;"";1;1
"scuola dell'infanzia di trento ""s. antonio odv""";;;institute;via adamello, 2 38122;"";1;1
"scuola dell'infanzia di trento ""s. antonio odv""";"scuola dell'infanzia di trento ""s. antonio odv""";;school;via adamello, 2 38122;"";1;1
"scuola dell'infanzia di trento ""sacro cuore odv""";;;institute;piazza s teresa verzeri, 4 38122;"";1;1
"scuola dell'infanzia di trento ""sacro cuore odv""";"scuola dell'infanzia di trento ""sacro cuore odv""";;school;piazza s teresa verzeri, 4 38122;"";1;1
"scuola dell'infanzia di trento cognola  ""b. kofler""";;;institute;via kofler, 10 38121;"";1;1
"scuola dell'infanzia di trento cognola  ""b. kofler""";"scuola dell'infanzia di trento cognola ""b. kofler""";;school;via kofler, 10 38121;"";1;1
scuola dell'infanzia di trento la clarina;;;institute;via einaudi, 66 38123;"";1;1
scuola dell'infanzia di trento la clarina;scuola dell'infanzia di trento la clarina;;school;via einaudi, 66 38123;"";1;1
"scuola dell'infanzia di trento san donà ""b. kofler""";;;institute;via per cognola, 43 38122;"";1;1
"scuola dell'infanzia di trento san donà ""b. kofler""";"scuola dell'infanzia di trento san donà ""b. kofler""";;school;via per cognola, 43 38122;"";1;1
scuola dell'infanzia di tuenno;;;institute;via marconi - tuenno, 2 38019;"";1;1
scuola dell'infanzia di tuenno;scuola dell'infanzia di tuenno;;school;via marconi - tuenno, 2 38019;"";1;1
scuola dell'infanzia di varone;;;institute;via sega, 5 38066;"";1;1
scuola dell'infanzia di varone;scuola dell'infanzia di varone;;school;via sega, 5 38066;"";1;1
scuola dell'infanzia di vermiglio;;;institute;via di s pietro, 26 38029;"";1;1
scuola dell'infanzia di vermiglio;scuola dell'infanzia di vermiglio;;school;via di s pietro, 26 38029;"";1;1
scuola dell'infanzia di vezzano;;;institute;via dante - vezzano, 24 38070;"";1;1
scuola dell'infanzia di vezzano;scuola dell'infanzia di vezzano;;school;via dante - vezzano, 24 38070;"";1;1
scuola dell'infanzia di vigo cavedine;;;institute;via scuola materna, 1 38073;"";1;1
scuola dell'infanzia di vigo cavedine;scuola dell'infanzia di vigo cavedine;;school;via scuola materna, 1 38073;"";1;1
scuola dell'infanzia di vigo cortesano;;;institute;via madonna dei prati, 3 38121;"";1;1
scuola dell'infanzia di vigo cortesano;scuola dell'infanzia di vigo cortesano;;school;via madonna dei prati, 3 38121;"";1;1
scuola dell'infanzia di vigo di fassa;;;institute;strada giuseppe soraperra - pozza di fassa, 4 38036;"";1;1
scuola dell'infanzia di vigo di fassa;scuola dell'infanzia di vigo di fassa;;school;strada giuseppe soraperra - pozza di fassa, 4 38036;"";1;1
scuola dell'infanzia di vigo di ton;;;institute;piazza guardi, 7 38010;"";1;1
scuola dell'infanzia di vigo di ton;scuola dell'infanzia di vigo di ton;;school;piazza guardi, 7 38010;"";1;1
scuola dell'infanzia di vigo lomaso;;;institute;frazione vigo lomaso - lomaso, 1 38070;"";1;1
scuola dell'infanzia di vigo lomaso;scuola dell'infanzia di vigo lomaso;;school;frazione vigo lomaso - lomaso, 1 38070;"";1;1
scuola dell'infanzia di villa lagarina;;;institute;via monsignor gosetti, 3 38060;"";1;1
scuola dell'infanzia di villa lagarina;scuola dell'infanzia di villa lagarina;;school;via monsignor gosetti, 3 38060;"";1;1
scuola dell'infanzia di villamontagna;;;institute;via dei carli, 16 38121;"";1;1
scuola dell'infanzia di villamontagna;scuola dell'infanzia di villamontagna;;school;via dei carli, 16 38121;"";1;1
scuola dell'infanzia di villazzano;;;institute;via giordano, 15 38123;"";1;1
scuola dell'infanzia di villazzano;scuola dell'infanzia di villazzano;;school;via giordano, 15 38123;"";1;1
scuola dell'infanzia di volano;;;institute;via s maria, 13 38060;"";1;1
scuola dell'infanzia di volano;scuola dell'infanzia di volano;;school;via s maria, 13 38060;"";1;1
scuola dell'infanzia di ziano di fiemme;;;institute;piazza italia, 8 38030;"";1;1
scuola dell'infanzia di ziano di fiemme;scuola dell'infanzia di ziano di fiemme;;school;piazza italia, 8 38030;"";1;1
scuola ladina di fassa - scola ladina de fascia;;tnic85000q;institute;strada giuseppe soraperra - pozza di fassa, 6 38036;tnee850063|tnmm85003v|tnps09000q|tnmm85001r|tnee85001t|tnic85000q|tnee85003x|tnmm85002t|tnsd010009|tnee85002v;10;0
scuola ladina di fassa - scola ladina de fascia;liceo artistico;tnsd010009;school;strada dolomites - pozza di fassa, 7 38036;tnee850063|tnmm85003v|tnps09000q|tnmm85001r|tnee85001t|tnic85000q|tnee85003x|tnmm85002t|tnsd010009|tnee85002v;10;0
scuola ladina di fassa - scola ladina de fascia;liceo ladino delle lingue;tnps09000q;school;strada de pra del monech, 6 38036;tnee850063|tnmm85003v|tnps09000q|tnmm85001r|tnee85001t|tnic85000q|tnee85003x|tnmm85002t|tnsd010009|tnee85002v;10;0
scuola ladina di fassa - scola ladina de fascia;liceo scientifico;tnps09000q;school;strada de pra del monech, 6 38036;tnee850063|tnmm85003v|tnps09000q|tnmm85001r|tnee85001t|tnic85000q|tnee85003x|tnmm85002t|tnsd010009|tnee85002v;10;0
scuola ladina di fassa - scola ladina de fascia;"scuola primaria ""don g. b. massar"" vigo di fassa";tnee850063;school;piaz jan batista massar - vigo di fassa, 14 38039;tnee850063|tnmm85003v|tnps09000q|tnmm85001r|tnee85001t|tnic85000q|tnee85003x|tnmm85002t|tnsd010009|tnee85002v;10;0
scuola ladina di fassa - scola ladina de fascia;"scuola primaria ""don l. gross"" pozza di fassa";tnee85003x;school;strada de bagnes - pozza di fassa, 10 38036;tnee850063|tnmm85003v|tnps09000q|tnmm85001r|tnee85001t|tnic85000q|tnee85003x|tnmm85002t|tnsd010009|tnee85002v;10;0
scuola ladina di fassa - scola ladina de fascia;"scuola primaria ""g. rizzi"" canazei";tnee85001t;school;via de magoa, 15 38032;tnee850063|tnmm85003v|tnps09000q|tnmm85001r|tnee85001t|tnic85000q|tnee85003x|tnmm85002t|tnsd010009|tnee85002v;10;0
scuola ladina di fassa - scola ladina de fascia;"scuola primaria ""padre e. chiocchetti"" moena";tnee85002v;school;strada don giovanni iori, 19 38035;tnee850063|tnmm85003v|tnps09000q|tnmm85001r|tnee85001t|tnic85000q|tnee85003x|tnmm85002t|tnsd010009|tnee85002v;10;0
scuola ladina di fassa - scola ladina de fascia;"scuola secondaria di primo grado ""don g. jori"" moena";tnmm85002t;school;strada don giovanni iori, 19 38035;tnee850063|tnmm85003v|tnps09000q|tnmm85001r|tnee85001t|tnic85000q|tnee85003x|tnmm85002t|tnsd010009|tnee85002v;10;0
scuola ladina di fassa - scola ladina de fascia;"scuola secondaria di primo grado ""t. soraruf"" campitello di fassa";tnmm85001r;school;strèda de marin, 3/a 38031;tnee850063|tnmm85003v|tnps09000q|tnmm85001r|tnee85001t|tnic85000q|tnee85003x|tnmm85002t|tnsd010009|tnee85002v;10;0
scuola ladina di fassa - scola ladina de fascia;scuola secondaria di primo grado pozza di fassa;tnmm85003v;school;strada dolomites - pozza di fassa, 67 38036;tnee850063|tnmm85003v|tnps09000q|tnmm85001r|tnee85001t|tnic85000q|tnee85003x|tnmm85002t|tnsd010009|tnee85002v;10;0
scuola paritaria la vela - fondazione famiglia materna - rovereto;;;institute;via saibanti, 6 38068;tn1e00700t|tn1m00900p;2;0
scuola paritaria la vela - fondazione famiglia materna - rovereto;"scuola primaria ""la vela"" rovereto";tn1e00700t;school;via saibanti, 6 38068;tn1e00700t|tn1m00900p;2;0
scuola paritaria la vela - fondazione famiglia materna - rovereto;"scuola secondaria di primo grado ""la vela"" rovereto";tn1m00900p;school;via saibanti, 6 38068;tn1e00700t|tn1m00900p;2;0
"societa' cooperativa a r.l. ""i. de carneri"" oxford civezzano";;;institute;via murialdo, 30 38045;tnte045005|tntn01500q|tnfp269sta|tnri015007;4;0
"societa' cooperativa a r.l. ""i. de carneri"" oxford civezzano";istituto professionale per il settore dei servizi;tnri015007;school;via murialdo, 30 38045;tnte045005|tntn01500q|tnfp269sta|tnri015007;4;0
"societa' cooperativa a r.l. ""i. de carneri"" oxford civezzano";istituto tecnico per il settore economico;tntn01500q;school;via murialdo, 30 38045;tnte045005|tntn01500q|tnfp269sta|tnri015007;4;0
"societa' cooperativa a r.l. ""i. de carneri"" oxford civezzano";istituto tecnico per il settore tecnologico;tnte045005;school;via murialdo, 30 38045;tnte045005|tntn01500q|tnfp269sta|tnri015007;4;0
"societa' cooperativa a r.l. ""i. de carneri"" oxford civezzano";settore servizi;tnfp269sta;school;via murialdo, 30 38045;tnte045005|tntn01500q|tnfp269sta|tnri015007;4;0
