school;address;municipality;telephone;institute email;miur code;vivoscuola institute link;wikipedia municipality link;vivoscuola school link
associazione r. steiner - primaria;via conci, 86 38123;trento;0461930658;associazione@pec.scuolasteiner-trento.it;tn1e00900d;https://www.vivoscuola.it/content/view/full/29224;https://it.wikipedia.org/wiki/Trento;https://www.vivoscuola.it/content/view/full/29225
associazione r. steiner - secondaria i grado;via conci, 86 38123;trento;0461930658;associazione@pec.scuolasteiner-trento.it;tn1m007003;https://www.vivoscuola.it/content/view/full/29224;https://it.wikipedia.org/wiki/Trento;https://www.vivoscuola.it/content/view/full/29226
"liceo delle scienze umane ""scuola steiner"" trento";via conci - trento, 86 38123;trento;0461930658;associazione@pec.scuolasteiner-trento.it;tnpmts5005;https://www.vivoscuola.it/content/view/full/29224;https://it.wikipedia.org/wiki/Trento;https://www.vivoscuola.it/content/view/full/148606
asilo colle fiorito;via stazione mori, 10 38068;rovereto;0464434899;;;https://www.vivoscuola.it/content/view/full/29227;https://it.wikipedia.org/wiki/Rovereto;https://www.vivoscuola.it/content/view/full/29228
capes - settore industria e artigianato;via grazioli, 2 38122;trento;0461260454;canossatrento@pec.it;tncf009001;https://www.vivoscuola.it/content/view/full/29246;https://it.wikipedia.org/wiki/Trento;https://www.vivoscuola.it/content/view/full/170191
settore industria e artigianato;via grazioli, 2 38122;trento;0461260454;canossatrento@pec.it;tncf009001;https://www.vivoscuola.it/content/view/full/29246;https://it.wikipedia.org/wiki/Trento;https://www.vivoscuola.it/content/view/full/29247
capes - settore industria e artigianato;via gazzoletti - mogno, 8 38062;arco;0464516465;cfp.arco@pec.it;tncf00100q;https://www.vivoscuola.it/content/view/full/29248;https://it.wikipedia.org/wiki/Arco_(Italia);https://www.vivoscuola.it/content/view/full/170192
settore industria e artigianato;via gazzoletti, 8 38062;arco;0464516465;cfp.arco@pec.it;tnfp249sta;https://www.vivoscuola.it/content/view/full/29248;https://it.wikipedia.org/wiki/Arco_(Italia);https://www.vivoscuola.it/content/view/full/29249
capes - settore industria e artigianato;via giamaolle, 15 38051;borgo valsugana;0461753037;cfp.borgo@pec.it;tncf00200g;https://www.vivoscuola.it/content/view/full/29250;https://it.wikipedia.org/wiki/Borgo_Valsugana;https://www.vivoscuola.it/content/view/full/170193
settore industria e artigianato;via giamaolle, 15 38051;borgo valsugana;0461753037;cfp.borgo@pec.it;tnfp250sta;https://www.vivoscuola.it/content/view/full/29250;https://it.wikipedia.org/wiki/Borgo_Valsugana;https://www.vivoscuola.it/content/view/full/29251
settore industria e artigianato;via mitterer, 10 38023;cles;0463421362;cfp.cles@pec.it;tnfp251sta;https://www.vivoscuola.it/content/view/full/29253;https://it.wikipedia.org/wiki/Cles;https://www.vivoscuola.it/content/view/full/29254
capes - settore servizi;via di s antonio - ossana, 1 38026;ossana;0463751102;cfp.ossana@pec.it;tncf00300b;https://www.vivoscuola.it/content/view/full/29255;https://it.wikipedia.org/wiki/Ossana;https://www.vivoscuola.it/content/view/full/170194
settore servizi;via di s antonio - ossana, 1 38026;ossana;0463751102;cfp.ossana@pec.it;tnfp252sta;https://www.vivoscuola.it/content/view/full/29255;https://it.wikipedia.org/wiki/Ossana;https://www.vivoscuola.it/content/view/full/29256
settore industria e artigianato;via forno - transacqua, 12 38054;primiero san martino di castrozza;0439762057;cfp.primiero@pec.it;tnfp253sta;https://www.vivoscuola.it/content/view/full/29285;https://it.wikipedia.org/wiki/Primiero_San_Martino_di_Castrozza;https://www.vivoscuola.it/content/view/full/29286
settore servizi;via forno - transacqua, 12 38054;primiero san martino di castrozza;0439762057;cfp.primiero@pec.it;tnfp253sta;https://www.vivoscuola.it/content/view/full/29285;https://it.wikipedia.org/wiki/Primiero_San_Martino_di_Castrozza;https://www.vivoscuola.it/content/view/full/29287
capes - settore servizi;via caltrezza, 13 38038;tesero;0462813133;cfp.tesero@pec.it;tncf004007;https://www.vivoscuola.it/content/view/full/29257;https://it.wikipedia.org/wiki/Tesero;https://www.vivoscuola.it/content/view/full/170195
settore industria e artigianato;via caltrezza, 13 38038;tesero;0462813133;cfp.tesero@pec.it;tnfp254sta;https://www.vivoscuola.it/content/view/full/29257;https://it.wikipedia.org/wiki/Tesero;https://www.vivoscuola.it/content/view/full/29258
settore servizi;via caltrezza, 13 38038;tesero;0462813133;cfp.tesero@pec.it;tnfp254sta;https://www.vivoscuola.it/content/view/full/29257;https://it.wikipedia.org/wiki/Tesero;https://www.vivoscuola.it/content/view/full/29259
capes - settore industria e artigianato;via durone, 57 38079;tione di trento;0465321316;cfp.tione@pec.it;tncf001001;https://www.vivoscuola.it/content/view/full/29260;https://it.wikipedia.org/wiki/Tione_di_Trento;https://www.vivoscuola.it/content/view/full/170196
capes - settore servizi;via durone, 57 38079;tione di trento;0465321316;cfp.tione@pec.it;tncf001001;https://www.vivoscuola.it/content/view/full/29260;https://it.wikipedia.org/wiki/Tione_di_Trento;https://www.vivoscuola.it/content/view/full/170197
settore industria e artigianato;via durone, 57 38079;tione di trento;0465321316;cfp.tione@pec.it;tncf001001;https://www.vivoscuola.it/content/view/full/29260;https://it.wikipedia.org/wiki/Tione_di_Trento;https://www.vivoscuola.it/content/view/full/29261
settore servizi;via durone, 57 38079;tione di trento;0465321316;cfp.tione@pec.it;tncf001001;https://www.vivoscuola.it/content/view/full/29260;https://it.wikipedia.org/wiki/Tione_di_Trento;https://www.vivoscuola.it/content/view/full/29262
capes - settore servizi;rione europa, 3 38066;riva del garda;0464521300;cfp.rivadelgarda@pec.it;tncf007001;https://www.vivoscuola.it/content/view/full/29263;https://it.wikipedia.org/wiki/Riva_del_Garda;https://www.vivoscuola.it/content/view/full/170198
settore servizi;rione europa, 3 38066;riva del garda;0464521300;cfp.rivadelgarda@pec.it;tncf007001;https://www.vivoscuola.it/content/view/full/29263;https://it.wikipedia.org/wiki/Riva_del_Garda;https://www.vivoscuola.it/content/view/full/29264
capes - settore industria e artigianato;via asiago, 14 38123;trento;0461920386;cfp.villazzano@pec.it;tncf008001;https://www.vivoscuola.it/content/view/full/29265;https://it.wikipedia.org/wiki/Trento;https://www.vivoscuola.it/content/view/full/170199
settore industria e artigianato;via asiago, 14 38123;trento;0461920386;cfp.villazzano@pec.it;tncf008001;https://www.vivoscuola.it/content/view/full/29265;https://it.wikipedia.org/wiki/Trento;https://www.vivoscuola.it/content/view/full/29266
settore industria e artigianato serale;via asiago, 14 38123;trento;0461920386;cfp.villazzano@pec.it;;https://www.vivoscuola.it/content/view/full/29265;https://it.wikipedia.org/wiki/Trento;https://www.vivoscuola.it/content/view/full/29267
settore servizi;viale roma, 61 38056;levico terme;0461706145;cfplevico@pec.operaarmidabarelli.org;tnfp272sta;https://www.vivoscuola.it/content/view/full/29268;https://it.wikipedia.org/wiki/Levico_Terme;https://www.vivoscuola.it/content/view/full/29269
capes - settore servizi;via setaioli, 5 38068;rovereto;0464433771;cfprovereto@pec.operaarmidabarelli.org;tncf005001;https://www.vivoscuola.it/content/view/full/29270;https://it.wikipedia.org/wiki/Rovereto;https://www.vivoscuola.it/content/view/full/170200
settore servizi;via setaioli, 5 38068;rovereto;0464433771;cfprovereto@pec.operaarmidabarelli.org;tncf005001;https://www.vivoscuola.it/content/view/full/29270;https://it.wikipedia.org/wiki/Rovereto;https://www.vivoscuola.it/content/view/full/29271
capes - settore industria e artigianato;piazza di fiera, 4 38122;trento;0461270244;scuolagrafica@pec.artigianelli.tn.it;tncf004001;https://www.vivoscuola.it/content/view/full/29272;https://it.wikipedia.org/wiki/Trento;https://www.vivoscuola.it/content/view/full/170201
settore industria e artigianato;piazza di fiera, 4 38122;trento;0461270244;scuolagrafica@pec.artigianelli.tn.it;tncf004001;https://www.vivoscuola.it/content/view/full/29272;https://it.wikipedia.org/wiki/Trento;https://www.vivoscuola.it/content/view/full/29273
capes - settore servizi;via gazzoletti - mogno, 10 38062;arco;0464556585;cfp-upt@pec.it;tncf005003;https://www.vivoscuola.it/content/view/full/29274;https://it.wikipedia.org/wiki/Arco_(Italia);https://www.vivoscuola.it/content/view/full/170202
settore servizi;via gazzoletti, 10 38062;arco;0464556585;cfp-upt@pec.it;tnfp261sta;https://www.vivoscuola.it/content/view/full/29274;https://it.wikipedia.org/wiki/Arco_(Italia);https://www.vivoscuola.it/content/view/full/29275
settore servizi;via del mercato, 9/a 38051;borgo valsugana;04611830221;cfp-upt@pec.it;tnfp273sta;https://www.vivoscuola.it/content/view/full/122609;https://it.wikipedia.org/wiki/Borgo_Valsugana;https://www.vivoscuola.it/content/view/full/122610
capes - settore servizi;via d agostin, 2 38023;cles;0463422820;cfp-upt@pec.it;tncf00600v;https://www.vivoscuola.it/content/view/full/29276;https://it.wikipedia.org/wiki/Cles;https://www.vivoscuola.it/content/view/full/170203
settore servizi;via d agostin, 2 38023;cles;0463422820;cfp-upt@pec.it;tnfp262sta;https://www.vivoscuola.it/content/view/full/29276;https://it.wikipedia.org/wiki/Cles;https://www.vivoscuola.it/content/view/full/29277
capes - settore servizi;via pasqui, 10 38068;rovereto;0464630050;cfp-upt@pec.it;tncf00900a;https://www.vivoscuola.it/content/view/full/29278;https://it.wikipedia.org/wiki/Rovereto;https://www.vivoscuola.it/content/view/full/439664
settore servizi;via pasqui, 10 38068;rovereto;0464630050;cfp-upt@pec.it;tnfp000001;https://www.vivoscuola.it/content/view/full/29278;https://it.wikipedia.org/wiki/Rovereto;https://www.vivoscuola.it/content/view/full/29279
capes - settore servizi;via roma, 15 38079;tione di trento;0465321889;cfp-upt@pec.it;tncf00700p;https://www.vivoscuola.it/content/view/full/29280;https://it.wikipedia.org/wiki/Tione_di_Trento;https://www.vivoscuola.it/content/view/full/170204
settore servizi;via roma, 15 38079;tione di trento;0465321889;cfp-upt@pec.it;tnfp263sta;https://www.vivoscuola.it/content/view/full/29280;https://it.wikipedia.org/wiki/Tione_di_Trento;https://www.vivoscuola.it/content/view/full/29281
capes - settore servizi;viale verona, 141 38123;trento;0461239997;cfp-upt@pec.it;tncf003001;https://www.vivoscuola.it/content/view/full/29282;https://it.wikipedia.org/wiki/Trento;https://www.vivoscuola.it/content/view/full/170205
settore servizi;via borsieri, 2 38122;trento;0461239997;cfp-upt@pec.it;tncf003001;https://www.vivoscuola.it/content/view/full/29282;https://it.wikipedia.org/wiki/Trento;https://www.vivoscuola.it/content/view/full/29283
settore servizi serale;via borsieri, 2 38122;trento;0461239997;cfp-upt@pec.it;;https://www.vivoscuola.it/content/view/full/29282;https://it.wikipedia.org/wiki/Trento;https://www.vivoscuola.it/content/view/full/29284
scuola dell'infanzia di baselga di piné;via del municipio vecchio, 2 38042;baselga di piné;0461557640;scuolainfanzia.baselgadipine@scuole.provincia.tn.it;;https://www.vivoscuola.it/content/view/full/29288;https://it.wikipedia.org/wiki/Baselga_di_Pin%C3%A9;https://www.vivoscuola.it/content/view/full/29289
"scuola dell'infanzia di capriana ""maddalena lazzeri""";piazza scuole, 3 38030;capriana;0462816377;scuolainfanzia.capriana@scuole.provincia.tn.it;;https://www.vivoscuola.it/content/view/full/29288;https://it.wikipedia.org/wiki/Capriana;https://www.vivoscuola.it/content/view/full/29290
scuola dell'infanzia di casatta;frazione casatta, 54 38040;valfloriana;0462910249;scuolainfanzia.casatta@scuole.provincia.tn.it;;https://www.vivoscuola.it/content/view/full/29288;https://it.wikipedia.org/wiki/Valfloriana;https://www.vivoscuola.it/content/view/full/29291
scuola dell'infanzia di civezzano;via telvana, 4 38045;civezzano;0461858481;scuolainfanzia.civezzano@scuole.provincia.tn.it;;https://www.vivoscuola.it/content/view/full/29288;https://it.wikipedia.org/wiki/Civezzano;https://www.vivoscuola.it/content/view/full/29292
scuola dell'infanzia di daiano-varena;via mercato - varena, 22 38030;ville di fiemme;0462341301;scuolainfanzia.daianovarena@scuole.provincia.tn.it;;https://www.vivoscuola.it/content/view/full/29288;https://it.wikipedia.org/wiki/Ville_di_Fiemme;https://www.vivoscuola.it/content/view/full/180180
"scuola dell'infanzia di fierozzo ""himblring""";maso ronca, 9 38050;fierozzo;0461540044;scuolainfanzia.fierozzo@scuole.provincia.tn.it;;https://www.vivoscuola.it/content/view/full/29288;https://it.wikipedia.org/wiki/Fierozzo;https://www.vivoscuola.it/content/view/full/29294
scuola dell'infanzia di miola di pinè;via del dos di miola, 13 38042;baselga di piné;0461557950;scuolainfanzia.miola@scuole.provincia.tn.it;;https://www.vivoscuola.it/content/view/full/29288;https://it.wikipedia.org/wiki/Baselga_di_Pin%C3%A9;https://www.vivoscuola.it/content/view/full/29295
scuola dell'infanzia di molina di fiemme;via segherie, 64/c 38030;castello-molina di fiemme;0462230696;scuolainfanzia.molina@scuole.provincia.tn.it;;https://www.vivoscuola.it/content/view/full/29288;https://it.wikipedia.org/wiki/Castello-Molina_di_Fiemme;https://www.vivoscuola.it/content/view/full/29296
scuola dell'infanzia di piazze;via vittorino da feltre, 24 38043;bedollo;0461556518;scuolainfanzia.bedollo@scuole.provincia.tn.it;;https://www.vivoscuola.it/content/view/full/29288;https://it.wikipedia.org/wiki/Bedollo;https://www.vivoscuola.it/content/view/full/29297
"scuola dell'infanzia di rizzolaga di pinè ""raggio di sole""";frazione rizzolaga, 94 38042;baselga di piné;0461557629;scuolainfanzia.rizzolaga@scuole.provincia.tn.it;;https://www.vivoscuola.it/content/view/full/29288;https://it.wikipedia.org/wiki/Baselga_di_Pin%C3%A9;https://www.vivoscuola.it/content/view/full/29298
"scuola dell'infanzia di s. orsola ""il girotondo""";localita pintarei, 9 38050;sant'orsola terme;0461551163;scuolainfanzia.santorsola@scuole.provincia.tn.it;;https://www.vivoscuola.it/content/view/full/29288;https://it.wikipedia.org/wiki/Sant%27Orsola_Terme;https://www.vivoscuola.it/content/view/full/29299
"scuola dell'infanzia di seregnano ""arcobaleno""";via alla villa wolf - rovere, 4 38045;civezzano;0461858736;scuolainfanzia.seregnano@scuole.provincia.tn.it;;https://www.vivoscuola.it/content/view/full/29288;https://it.wikipedia.org/wiki/Civezzano;https://www.vivoscuola.it/content/view/full/29300
scuola dell'infanzia di besenello;via vanzetti, 3 38060;besenello;0464834946;scuolainfanzia.besenello@scuole.provincia.tn.it;;https://www.vivoscuola.it/content/view/full/29302;https://it.wikipedia.org/wiki/Besenello;https://www.vivoscuola.it/content/view/full/29303
"scuola dell'infanzia di calliano ""matite colorate""";via iii novembre, 33 38060;calliano;0464835165;scuolainfanzia.calliano@scuole.provincia.tn.it;;https://www.vivoscuola.it/content/view/full/29302;https://it.wikipedia.org/wiki/Calliano_(Trentino-Alto_Adige);https://www.vivoscuola.it/content/view/full/29304
scuola dell'infanzia di isera;vicolo zandonai,   38060;isera;0464437292;scuolainfanzia.isera@scuole.provincia.tn.it;;https://www.vivoscuola.it/content/view/full/29302;https://it.wikipedia.org/wiki/Isera;https://www.vivoscuola.it/content/view/full/29305
scuola dell'infanzia di nogaredo;via verdi, 38 38060;nogaredo;0464411244;scuolainfanzia.nogaredo@scuole.provincia.tn.it;;https://www.vivoscuola.it/content/view/full/29302;https://it.wikipedia.org/wiki/Nogaredo;https://www.vivoscuola.it/content/view/full/29306
"scuola dell'infanzia di pomarolo  ""don rainoldi""";via g.b. adami, 10 38060;pomarolo;0464410211;scuolainfanzia.pomarolo@scuole.provincia.tn.it;;https://www.vivoscuola.it/content/view/full/29302;https://it.wikipedia.org/wiki/Pomarolo;https://www.vivoscuola.it/content/view/full/29307
"scuola dell'infanzia di rovereto  s.ilario ""amici della scuola""";via monti, 4a 38068;rovereto;0464411901;scuolainfanzia.santilario@scuole.provincia.tn.it;;https://www.vivoscuola.it/content/view/full/29302;https://it.wikipedia.org/wiki/Rovereto;https://www.vivoscuola.it/content/view/full/29308
scuola dell'infanzia di rovereto brione;via puccini, 26 38068;rovereto;0464412892;scuolainfanzia.brione@scuole.provincia.tn.it;;https://www.vivoscuola.it/content/view/full/29302;https://it.wikipedia.org/wiki/Rovereto;https://www.vivoscuola.it/content/view/full/29309
"scuola dell'infanzia di rovereto rione nord ""mille colori""";via chiocchetti, 1 38068;rovereto;0464435355;scuolainfanzia.rionenord@scuole.provincia.tn.it;;https://www.vivoscuola.it/content/view/full/29302;https://it.wikipedia.org/wiki/Rovereto;https://www.vivoscuola.it/content/view/full/29310
scuola dell'infanzia di castelfondo;via madonna pellegrina, 5 38020;borgo d'anaunia;0463889189;scuolainfanzia.castelfondo@scuole.provincia.tn.it;;https://www.vivoscuola.it/content/view/full/29311;https://it.wikipedia.org/wiki/Borgo_d%27Anaunia;https://www.vivoscuola.it/content/view/full/29312
"scuola dell'infanzia di cavareno ""peter pan""";via castelli, 1 38011;cavareno;0463832426;scuolainfanzia.cavareno@scuole.provincia.tn.it;;https://www.vivoscuola.it/content/view/full/29311;https://it.wikipedia.org/wiki/Cavareno;https://www.vivoscuola.it/content/view/full/29313
scuola dell'infanzia di cogolo;via roma, 83 38024;peio;0463754108;scuolainfanzia.cogolo@scuole.provincia.tn.it;;https://www.vivoscuola.it/content/view/full/29311;https://it.wikipedia.org/wiki/Peio;https://www.vivoscuola.it/content/view/full/29314
"scuola dell'infanzia di livo ""battito d'ali""";via marconi, 17 38020;livo;0463533522;scuolainfanzia.livo@scuole.provincia.tn.it;;https://www.vivoscuola.it/content/view/full/29311;https://it.wikipedia.org/wiki/Livo_(Trentino-Alto_Adige);https://www.vivoscuola.it/content/view/full/29315
"scuola dell'infanzia di mezzana ""a. ravelli""";via manzoni, 22 38020;mezzana;0463756018;scuolainfanzia.mezzana@scuole.provincia.tn.it;;https://www.vivoscuola.it/content/view/full/29311;https://it.wikipedia.org/wiki/Mezzana;https://www.vivoscuola.it/content/view/full/29316
scuola dell'infanzia di mione rumo;frazione mione, 54 38020;rumo;0463530420;scuolainfanzia.rumo@scuole.provincia.tn.it;;https://www.vivoscuola.it/content/view/full/29311;https://it.wikipedia.org/wiki/Rumo;https://www.vivoscuola.it/content/view/full/29317
scuola dell'infanzia di monclassico;via berera - monclassico, 6 38025;dimaro folgarida;0463974606;scuolainfanzia.monclassico@scuole.provincia.tn.it;;https://www.vivoscuola.it/content/view/full/29311;https://it.wikipedia.org/wiki/Dimaro_Folgarida;https://www.vivoscuola.it/content/view/full/29318
"scuola dell'infanzia di pellizzano ""antonio bontempelli""";via dei baschenis, 3 38020;pellizzano;0463751953;scuolainfanzia.pellizzano@scuole.provincia.tn.it;;https://www.vivoscuola.it/content/view/full/29311;https://it.wikipedia.org/wiki/Pellizzano;https://www.vivoscuola.it/content/view/full/29320
scuola dell'infanzia di rabbi;frazione pracorno, 98/b 38020;rabbi;0463902652;scuolainfanzia.rabbi@scuole.provincia.tn.it;;https://www.vivoscuola.it/content/view/full/29311;https://it.wikipedia.org/wiki/Rabbi_(comune);https://www.vivoscuola.it/content/view/full/29321
"scuola dell'infanzia di romeno  ""città della gioia""";via monsignor rosati, 6 38010;romeno;0463875195;scuolainfanzia.romeno@scuole.provincia.tn.it;;https://www.vivoscuola.it/content/view/full/29311;https://it.wikipedia.org/wiki/Romeno_(Italia);https://www.vivoscuola.it/content/view/full/29322
scuola dell'infanzia di ruffrè;maso lana, 3 38010;ruffré-mendola;0463870011;scuolainfanzia.ruffre@scuole.provincia.tn.it;;https://www.vivoscuola.it/content/view/full/29311;https://it.wikipedia.org/wiki/Ruffr%C3%A9-Mendola;https://www.vivoscuola.it/content/view/full/29323
"scuola dell'infanzia di sarnonico ""giardino dei sogni""";viale s lorenzo, 6 38011;sarnonico;0463831603;scuolainfanzia.sarnonico@scuole.provincia.tn.it;;https://www.vivoscuola.it/content/view/full/29311;https://it.wikipedia.org/wiki/Sarnonico;https://www.vivoscuola.it/content/view/full/29324
"scuola dell'infanzia di terzolas ""caterina graifenberg""";via kessler, 23 38027;terzolas;0463901977;scuolainfanzia.terzolas@scuole.provincia.tn.it;;https://www.vivoscuola.it/content/view/full/29311;https://it.wikipedia.org/wiki/Terzolas;https://www.vivoscuola.it/content/view/full/29325
scuola dell'infanzia di bieno;via ammiraglio bettolo, 21 38050;bieno;0461596247;scuolainfanzia.bieno@scuole.provincia.tn.it;;https://www.vivoscuola.it/content/view/full/29326;https://it.wikipedia.org/wiki/Bieno;https://www.vivoscuola.it/content/view/full/29327
scuola dell'infanzia di bosentino;via alle scuole - bosentino, 12 38049;altopiano della vigolana;0461845133;scuolainfanzia.bosentino@scuole.provincia.tn.it;;https://www.vivoscuola.it/content/view/full/29326;https://it.wikipedia.org/wiki/Altopiano_della_Vigolana;https://www.vivoscuola.it/content/view/full/29328
"scuola dell'infanzia di caldonazzo ""maria bambina""";via asilo, 1 38052;caldonazzo;0461724658;scuolainfanzia.caldonazzo@scuole.provincia.tn.it;;https://www.vivoscuola.it/content/view/full/29326;https://it.wikipedia.org/wiki/Caldonazzo;https://www.vivoscuola.it/content/view/full/180181
"scuola dell'infanzia di canal san bovo ""lausen""";localita lausen, 13 38050;canal san bovo;0439718979;scuolainfanzia.canalsanbovo@scuole.provincia.tn.it;;https://www.vivoscuola.it/content/view/full/29326;https://it.wikipedia.org/wiki/Canal_San_Bovo;https://www.vivoscuola.it/content/view/full/29329
scuola dell'infanzia di castello tesino;via venezia, 16/a 38053;castello tesino;0461593023;scuolainfanzia.castellotesino@scuole.provincia.tn.it;;https://www.vivoscuola.it/content/view/full/29326;https://it.wikipedia.org/wiki/Castello_Tesino;https://www.vivoscuola.it/content/view/full/29330
scuola dell'infanzia di centa san nicolò;via dei campi - centa san nicolo, 14 38049;altopiano della vigolana;0461722120;scuolainfanzia.centa@scuole.provincia.tn.it;;https://www.vivoscuola.it/content/view/full/29326;https://it.wikipedia.org/wiki/Altopiano_della_Vigolana;https://www.vivoscuola.it/content/view/full/29331
scuola dell'infanzia di imer;via nazionale, 71 38050;imer;043967668;scuolainfanzia.imer@scuole.provincia.tn.it;;https://www.vivoscuola.it/content/view/full/29326;https://it.wikipedia.org/wiki/Imer;https://www.vivoscuola.it/content/view/full/29332
"scuola dell'infanzia di levico terme ""taita marcos""";via monsignor caproni, 1 38056;levico terme;0461710298;scuolainfanzia.levico@scuole.provincia.tn.it;;https://www.vivoscuola.it/content/view/full/29326;https://it.wikipedia.org/wiki/Levico_Terme;https://www.vivoscuola.it/content/view/full/29333
"scuola dell'infanzia di novaledo ""don evaristo forrer""";via valle, 4 38050;novaledo;0461721100;scuolainfanzia.novaledo@scuole.provincia.tn.it;;https://www.vivoscuola.it/content/view/full/29326;https://it.wikipedia.org/wiki/Novaledo;https://www.vivoscuola.it/content/view/full/29334
"scuola dell'infanzia di tenna ""il sentiero""";via venezia, 1 38050;tenna;0461707635;scuolainfanzia.tenna@scuole.provincia.tn.it;;https://www.vivoscuola.it/content/view/full/29326;https://it.wikipedia.org/wiki/Tenna_(comune);https://www.vivoscuola.it/content/view/full/29335
scuola dell'infanzia di vattaro;via giardino - vattaro, 7 38049;altopiano della vigolana;0461848066;scuolainfanzia.vattaro@scuole.provincia.tn.it;;https://www.vivoscuola.it/content/view/full/29326;https://it.wikipedia.org/wiki/Altopiano_della_Vigolana;https://www.vivoscuola.it/content/view/full/29336
"scuola dell'infanzia di vigolo vattaro ""giardino dell'amicizia""";via al castello - vigolo vattaro, 10 38049;altopiano della vigolana;0461848577;scuolainfanzia.vigolovattaro@scuole.provincia.tn.it;;https://www.vivoscuola.it/content/view/full/29326;https://it.wikipedia.org/wiki/Altopiano_della_Vigolana;https://www.vivoscuola.it/content/view/full/29337
"scuola dell'infanzia di villa agnedo ""natale alpino""";via dei molini - agnedo, 36 38059;castel ivano;0461762822;scuolainfanzia.villagnedo@scuole.provincia.tn.it;;https://www.vivoscuola.it/content/view/full/29326;https://it.wikipedia.org/wiki/Castel_Ivano_(comune);https://www.vivoscuola.it/content/view/full/29338
"scuola dell'infanzia di trento  ""crosina sartori""";via gocciadoro, 84 38122;trento;0461925679;scuolainfanzia.crosina@scuole.provincia.tn.it;;https://www.vivoscuola.it/content/view/full/29339;https://it.wikipedia.org/wiki/Trento;https://www.vivoscuola.it/content/view/full/29340
"scuola dell'infanzia di trento  ""gianni rodari""";via giovanelli, 6 38122;trento;0461986198;scuolainfanzia.rodari@scuole.provincia.tn.it;;https://www.vivoscuola.it/content/view/full/29339;https://it.wikipedia.org/wiki/Trento;https://www.vivoscuola.it/content/view/full/29341
"scuola dell'infanzia di trento  povo ""m.c. conotter""";via della resistenza, 48 38123;trento;0461810574;scuolainfanzia.povo@scuole.provincia.tn.it;;https://www.vivoscuola.it/content/view/full/29339;https://it.wikipedia.org/wiki/Trento;https://www.vivoscuola.it/content/view/full/29342
"scuola dell'infanzia di trento clarina   ""piccolo mondo""";via gramsci, 11 38123;trento;0461925726;scuolainfanzia.piccolomondo@scuole.provincia.tn.it;;https://www.vivoscuola.it/content/view/full/29339;https://it.wikipedia.org/wiki/Trento;https://www.vivoscuola.it/content/view/full/29344
"scuola dell'infanzia di trento cristo re ""piccolo principe""";via senesi, 3 38121;trento;0461824334;scuolainfanzia.cristore@scuole.provincia.tn.it;;https://www.vivoscuola.it/content/view/full/29339;https://it.wikipedia.org/wiki/Trento;https://www.vivoscuola.it/content/view/full/29345
"scuola dell'infanzia di trento madonna bianca ""l'albero del sole""";via bettini, 3 38123;trento;0461922124;scuolainfanzia.madonnabianca@scuole.provincia.tn.it;;https://www.vivoscuola.it/content/view/full/29339;https://it.wikipedia.org/wiki/Trento;https://www.vivoscuola.it/content/view/full/29346
scuola dell'infanzia di trento s.martino;via della predara, 16 38121;trento;0461237516;scuolainfanzia.sanmartino@scuole.provincia.tn.it;;https://www.vivoscuola.it/content/view/full/29339;https://it.wikipedia.org/wiki/Trento;https://www.vivoscuola.it/content/view/full/29347
"scuola dell'infanzia di trento villazzano 3 ""l'officina degli gnomi""";via conci, 10 38123;trento;0461920367;scuolainfanzia.villazzano@scuole.provincia.tn.it;;https://www.vivoscuola.it/content/view/full/29339;https://it.wikipedia.org/wiki/Trento;https://www.vivoscuola.it/content/view/full/29343
"scuola dell'infanzia di cimone ""mamma teresa""";frazione petrolli, 37 38060;cimone;0461855216;scuolainfanzia.cimone@scuole.provincia.tn.it;;https://www.vivoscuola.it/content/view/full/29348;https://it.wikipedia.org/wiki/Cimone_(comune);https://www.vivoscuola.it/content/view/full/29349
"scuola dell'infanzia di trento  ""torrione""";via al torrione, 10 38122;trento;0461232554;scuolainfanzia.torrione@scuole.provincia.tn.it;;https://www.vivoscuola.it/content/view/full/29348;https://it.wikipedia.org/wiki/Trento;https://www.vivoscuola.it/content/view/full/29350
"scuola dell'infanzia di trento  mattarello  ""il castello""";via del castel, 1/a 38123;trento;0461945095;scuolainfanzia.mattarello@scuole.provincia.tn.it;;https://www.vivoscuola.it/content/view/full/29348;https://it.wikipedia.org/wiki/Trento;https://www.vivoscuola.it/content/view/full/29351
"scuola dell'infanzia di trento  ravina  ""girotondo""";via per belvedere, 8 38123;trento;0461922216;scuolainfanzia.ravina@scuole.provincia.tn.it;;https://www.vivoscuola.it/content/view/full/29348;https://it.wikipedia.org/wiki/Trento;https://www.vivoscuola.it/content/view/full/29352
"scuola dell'infanzia di trento  romagnano  ""gli gnomi del bosco""";via delle prede, 2 38123;trento;0461349153;scuolainfanzia.romagnano@scuole.provincia.tn.it;;https://www.vivoscuola.it/content/view/full/29348;https://it.wikipedia.org/wiki/Trento;https://www.vivoscuola.it/content/view/full/29353
"scuola dell'infanzia di trento s.giuseppe ""maso ginocchio - collodi""";via giusti, 56 38122;trento;0461930042;scuolainfanzia.sangiuseppe@scuole.provincia.tn.it;;https://www.vivoscuola.it/content/view/full/29348;https://it.wikipedia.org/wiki/Trento;https://www.vivoscuola.it/content/view/full/29354
scuola dell'infanzia di calavino;via pedrini - calavino, 28 38076;madruzzo;0461564630;scuolainfanzia.calavino@scuole.provincia.tn.it;;https://www.vivoscuola.it/content/view/full/29355;https://it.wikipedia.org/wiki/Madruzzo_(Italia);https://www.vivoscuola.it/content/view/full/29356
scuola dell'infanzia di lasino;via lagolo - lasino, 47 38076;madruzzo;0461564600;scuolainfanzia.lasino@scuole.provincia.tn.it;;https://www.vivoscuola.it/content/view/full/29355;https://it.wikipedia.org/wiki/Madruzzo_(Italia);https://www.vivoscuola.it/content/view/full/29357
scuola dell'infanzia di terlago;via degasperi - terlago, 7 38070;vallelaghi;0461860304;scuolainfanzia.terlago@scuole.provincia.tn.it;;https://www.vivoscuola.it/content/view/full/29355;https://it.wikipedia.org/wiki/Vallelaghi;https://www.vivoscuola.it/content/view/full/29358
"scuola dell'infanzia di trento  cadine  ""il melograno""";via di coltura, 3 38123;trento;0461866302;scuolainfanzia.cadine@scuole.provincia.tn.it;;https://www.vivoscuola.it/content/view/full/29355;https://it.wikipedia.org/wiki/Trento;https://www.vivoscuola.it/content/view/full/29359
scuola dell'infanzia di trento  sardagna;via dei caduti di sardagna, 8 38123;trento;0461234186;scuolainfanzia.sardagna@scuole.provincia.tn.it;;https://www.vivoscuola.it/content/view/full/29355;https://it.wikipedia.org/wiki/Trento;https://www.vivoscuola.it/content/view/full/29360
"scuola dell'infanzia di trento gardolo paludi  ""biancaneve""";via paludi, 9/1 38121;trento;0461992128;scuolainfanzia.gardolo@scuole.provincia.tn.it;;https://www.vivoscuola.it/content/view/full/29355;https://it.wikipedia.org/wiki/Trento;https://www.vivoscuola.it/content/view/full/29361
scuola dell'infanzia di trento piedicastello;via dos trento, 86 38122;trento;0461983539;scuolainfanzia.piedicastello@scuole.provincia.tn.it;;https://www.vivoscuola.it/content/view/full/29355;https://it.wikipedia.org/wiki/Trento;https://www.vivoscuola.it/content/view/full/29362
"scuola dell'infanzia di trento roncafort  ""margit levinson""";via dell asilo, 8 38121;trento;0461960422;scuolainfanzia.roncafort@scuole.provincia.tn.it;;https://www.vivoscuola.it/content/view/full/29355;https://it.wikipedia.org/wiki/Trento;https://www.vivoscuola.it/content/view/full/29363
"scuola dell'infanzia di giovo  ""il pellicano""";via delle scuole, 9 38030;giovo;0461684978;scuolainfanzia.paludigiovo@scuole.provincia.tn.it;;https://www.vivoscuola.it/content/view/full/29364;https://it.wikipedia.org/wiki/Giovo;https://www.vivoscuola.it/content/view/full/29365
scuola dell'infanzia di grumes;piazza municipio - grumes, 10 38030;altavalle;0461685022;scuolainfanzia.grumes@scuole.provincia.tn.it;;https://www.vivoscuola.it/content/view/full/29364;https://it.wikipedia.org/wiki/Altavalle;https://www.vivoscuola.it/content/view/full/29366
"scuola dell'infanzia di trento  martignano  ""arcobaleno""";via alla formigheta, 4 38121;trento;0461830411;scuolainfanzia.martignano@scuole.provincia.tn.it;;https://www.vivoscuola.it/content/view/full/29364;https://it.wikipedia.org/wiki/Trento;https://www.vivoscuola.it/content/view/full/29367
"scuola dell'infanzia di trento  meano  ""m. r. giobatta partelloni""";via delle sugarine, 38 38121;trento;0461991187;scuolainfanzia.meano@scuole.provincia.tn.it;;https://www.vivoscuola.it/content/view/full/29364;https://it.wikipedia.org/wiki/Trento;https://www.vivoscuola.it/content/view/full/29368
"scuola dell'infanzia di trento  melta di gardolo  ""il girasole""";localita melta, 14 38121;trento;0461991622;scuolainfanzia.melta@scuole.provincia.tn.it;;https://www.vivoscuola.it/content/view/full/29364;https://it.wikipedia.org/wiki/Trento;https://www.vivoscuola.it/content/view/full/29369
"scuola dell'infanzia di trento  solteri  ""il quadrifoglio""";via dei solteri, 24 38121;trento;0461821343;scuolainfanzia.solteri@scuole.provincia.tn.it;;https://www.vivoscuola.it/content/view/full/29364;https://it.wikipedia.org/wiki/Trento;https://www.vivoscuola.it/content/view/full/29370
"scuola dell'infanzia di zambana ""girotondo""";via conti spaur, 2 38010;terre d'adige;0461241060;scuolainfanzia.zambana@scuole.provincia.tn.it;;https://www.vivoscuola.it/content/view/full/29364;https://it.wikipedia.org/wiki/Terre_d%27Adige;https://www.vivoscuola.it/content/view/full/29371
"scuola dell'infanzia di cavedago  ""l'albero azzurro""";piazza s lorenzo, 2 38010;cavedago;0461654340;scuolainfanzia.cavedago@scuole.provincia.tn.it;;https://www.vivoscuola.it/content/view/full/29372;https://it.wikipedia.org/wiki/Cavedago;https://www.vivoscuola.it/content/view/full/29373
"scuola dell'infanzia di cles  ""casa del sole""";via dallafior, 36 38023;cles;0463421760;scuolainfanzia.cles@scuole.provincia.tn.it;;https://www.vivoscuola.it/content/view/full/29372;https://it.wikipedia.org/wiki/Cles;https://www.vivoscuola.it/content/view/full/29374
scuola dell'infanzia di cunevo;via delle scuole - cunevo, 6 38010;contà;0461652520;scuolainfanzia.cunevo@scuole.provincia.tn.it;;https://www.vivoscuola.it/content/view/full/29372;https://it.wikipedia.org/wiki/Cont%C3%A0;https://www.vivoscuola.it/content/view/full/29375
scuola dell'infanzia di fai paganella;via villa, 43 38010;fai della paganella;0461583360;scuolainfanzia.fai@scuole.provincia.tn.it;;https://www.vivoscuola.it/content/view/full/29372;https://it.wikipedia.org/wiki/Fai_della_Paganella;https://www.vivoscuola.it/content/view/full/29376
"scuola dell'infanzia di grumo ""il giardino del sole""";via marconi, 65/a 38098;san michele all'adige;0461650630;scuolainfanzia.grumo@scuole.provincia.tn.it;;https://www.vivoscuola.it/content/view/full/29372;https://it.wikipedia.org/wiki/San_Michele_all%27Adige;https://www.vivoscuola.it/content/view/full/29377
"scuola dell'infanzia di rallo di tassullo  ""nuovo germoglio""";via fratelli pinamonti - rallo - tassullo,   38019;ville d'anaunia;0463451568;scuolainfanzia.rallo@scuole.provincia.tn.it;;https://www.vivoscuola.it/content/view/full/29372;https://it.wikipedia.org/wiki/Ville_d%27Anaunia;https://www.vivoscuola.it/content/view/full/29378
"scuola dell'infanzia di revò ""i girasoli""";via canestrini, 9/a 38028;novella;0463431044;scuolainfanzia.revo@scuole.provincia.tn.it;;https://www.vivoscuola.it/content/view/full/29372;https://it.wikipedia.org/wiki/Novella_(Italia);https://www.vivoscuola.it/content/view/full/29379
scuola dell'infanzia di roverè della luna;via villotta, 10 38030;roveré della luna;0461658519;scuolainfanzia.roveredellaluna@scuole.provincia.tn.it;;https://www.vivoscuola.it/content/view/full/29372;https://it.wikipedia.org/wiki/Rover%C3%A9_della_Luna;https://www.vivoscuola.it/content/view/full/29380
"scuola dell'infanzia di s.michele all' adige  ""il germoglio""";via della prepositura, 2 38098;san michele all'adige;0461662154;scuolainfanzia.sanmichele@scuole.provincia.tn.it;;https://www.vivoscuola.it/content/view/full/29372;https://it.wikipedia.org/wiki/San_Michele_all%27Adige;https://www.vivoscuola.it/content/view/full/29381
"scuola dell'infanzia di sporminore ""fratelli remondini""";piazza anaunia, 2 38010;sporminore;0461641186;scuolainfanzia.sporminore@scuole.provincia.tn.it;;https://www.vivoscuola.it/content/view/full/29372;https://it.wikipedia.org/wiki/Sporminore;https://www.vivoscuola.it/content/view/full/29382
"scuola dell'infanzia di vervò  ""il bosco degli gnomi""";via castel vervassium - vervo, 7 38012;predaia;0463463314;scuolainfanzia.vervo@scuole.provincia.tn.it;;https://www.vivoscuola.it/content/view/full/29372;https://it.wikipedia.org/wiki/Predaia;https://www.vivoscuola.it/content/view/full/29383
scuola dell'infanzia di bezzecca - a. cis;via generale dalla chiesa - bezzecca, 2 38067;ledro;0464592840;scuolainfanzia.bezzecca@scuole.provincia.tn.it;;https://www.vivoscuola.it/content/view/full/29384;https://it.wikipedia.org/wiki/Ledro;https://www.vivoscuola.it/content/view/full/29385
"scuola dell'infanzia di darzo ""l'albero delle castagne""";via s giovanni nepomuceno, 11 38089;storo;0465685244;scuolainfanzia.darzo@scuole.provincia.tn.it;;https://www.vivoscuola.it/content/view/full/29384;https://it.wikipedia.org/wiki/Storo;https://www.vivoscuola.it/content/view/full/29387
scuola dell'infanzia di dro;via s antonio, 10 38074;dro;0464504211;scuolainfanzia.dro@scuole.provincia.tn.it;;https://www.vivoscuola.it/content/view/full/29384;https://it.wikipedia.org/wiki/Dro;https://www.vivoscuola.it/content/view/full/29388
scuola dell'infanzia di preore;via serafini - preore, 92 38095;tre ville;0465321393;scuolainfanzia.preore@scuole.provincia.tn.it;;https://www.vivoscuola.it/content/view/full/29384;https://it.wikipedia.org/wiki/Tre_Ville;https://www.vivoscuola.it/content/view/full/29389
"scuola dell'infanzia di riva  ""rione 2 giugno""";via cristoph hartung von hartungen, 4 38066;riva del garda;0464573920;scuolainfanzia.riva@scuole.provincia.tn.it;;https://www.vivoscuola.it/content/view/full/29384;https://it.wikipedia.org/wiki/Riva_del_Garda;https://www.vivoscuola.it/content/view/full/29390
scuola dell'infanzia di romarzollo;via fossa, 21 38062;arco;0464532848;scuolainfanzia.arco@scuole.provincia.tn.it;;https://www.vivoscuola.it/content/view/full/29384;https://it.wikipedia.org/wiki/Arco_(Italia);https://www.vivoscuola.it/content/view/full/29391
scuola dell'infanzia di tiarno di sopra;piazza milin - tiarno di sopra, 13 38067;ledro;0464592850;scuolainfanzia.tiarnodisopra@scuole.provincia.tn.it;;https://www.vivoscuola.it/content/view/full/29384;https://it.wikipedia.org/wiki/Ledro;https://www.vivoscuola.it/content/view/full/29392
scuola dell'infanzia di zuclo bolbeno;via fucina - zuclo, 12 38079;borgo lares;0465322790;scuolainfanzia.zuclo@scuole.provincia.tn.it;;https://www.vivoscuola.it/content/view/full/29384;https://it.wikipedia.org/wiki/Borgo_Lares;https://www.vivoscuola.it/content/view/full/29393
"scuola dell'infanzia di anghebeni ""il sorriso di andrea""";frazione anghebeni, 80/a 38060;vallarsa;0464869348;scuolainfanzia.anghebeni@scuole.provincia.tn.it;;https://www.vivoscuola.it/content/view/full/29394;https://it.wikipedia.org/wiki/Vallarsa;https://www.vivoscuola.it/content/view/full/122611
"scuola dell'infanzia di rovereto ""c. battisti""";via udine, 21 38068;rovereto;0464431239;scuolainfanzia.battisti@scuole.provincia.tn.it;;https://www.vivoscuola.it/content/view/full/29394;https://it.wikipedia.org/wiki/Rovereto;https://www.vivoscuola.it/content/view/full/29396
scuola dell'infanzia di rovereto fucine;via volta, 1 38068;rovereto;0464420477;scuolainfanzia.fucine@scuole.provincia.tn.it;;https://www.vivoscuola.it/content/view/full/29394;https://it.wikipedia.org/wiki/Rovereto;https://www.vivoscuola.it/content/view/full/29397
"scuola dell'infanzia di rovereto lizzana  ""girogirotondo""";via livenza, 27 38068;rovereto;0464437839;scuolainfanzia.livenza@scuole.provincia.tn.it;;https://www.vivoscuola.it/content/view/full/29394;https://it.wikipedia.org/wiki/Rovereto;https://www.vivoscuola.it/content/view/full/29398
scuola dell'infanzia di rovereto noriglio;via romani, 4 38068;rovereto;0464437430;scuolainfanzia.noriglio@scuole.provincia.tn.it;;https://www.vivoscuola.it/content/view/full/29394;https://it.wikipedia.org/wiki/Rovereto;https://www.vivoscuola.it/content/view/full/29399
"scuola dell'infanzia di rovereto rione sud  ""il giardino incantato""";via venezia, 11 38068;rovereto;0464431163;scuolainfanzia.rionesud@scuole.provincia.tn.it;;https://www.vivoscuola.it/content/view/full/29394;https://it.wikipedia.org/wiki/Rovereto;https://www.vivoscuola.it/content/view/full/29400
"scuola dell'infanzia di rovereto san giorgio   ""don a. rossaro""";via telani, 4 38068;rovereto;0464433713;scuolainfanzia.sangiorgio@scuole.provincia.tn.it;;https://www.vivoscuola.it/content/view/full/29394;https://it.wikipedia.org/wiki/Rovereto;https://www.vivoscuola.it/content/view/full/29401
scuola dell'infanzia di terragnolo piazza;frazione piazza di terragnolo, 14 38060;terragnolo;0464396345;scuolainfanzia.terragnolo@scuole.provincia.tn.it;;https://www.vivoscuola.it/content/view/full/29394;https://it.wikipedia.org/wiki/Terragnolo;https://www.vivoscuola.it/content/view/full/29403
"scuola dell'infanzia di tierno mori  ""il girasole""";via della cooperazione, 20 38065;mori;0464917200;scuolainfanzia.tierno@scuole.provincia.tn.it;;https://www.vivoscuola.it/content/view/full/29394;https://it.wikipedia.org/wiki/Mori_(Italia);https://www.vivoscuola.it/content/view/full/29404
istituto tecnico per il settore economico;via monsignor  endrici, 23 38122;trento;04611731200;collegioarcivescovile@pec.it;tntd37500f;https://www.vivoscuola.it/content/view/full/29229;https://it.wikipedia.org/wiki/Trento;https://www.vivoscuola.it/content/view/full/29230
istituto tecnico per il settore tecnologico;via monsignor  endrici, 23 38122;trento;04611731200;collegioarcivescovile@pec.it;tntd37500f;https://www.vivoscuola.it/content/view/full/29229;https://it.wikipedia.org/wiki/Trento;https://www.vivoscuola.it/content/view/full/29231
liceo classico arcivescovile - trento;via monsignor  endrici, 23 38122;trento;04611731200;collegioarcivescovile@pec.it;tnpc01500v;https://www.vivoscuola.it/content/view/full/29229;https://it.wikipedia.org/wiki/Trento;https://www.vivoscuola.it/content/view/full/29232
liceo scientifico arcivescovile - trento;via monsignor  endrici, 23 38122;trento;04611731200;collegioarcivescovile@pec.it;tnps015002;https://www.vivoscuola.it/content/view/full/29229;https://it.wikipedia.org/wiki/Trento;https://www.vivoscuola.it/content/view/full/29234
scuola primaria arcivescovile trento;via monsignor  endrici, 23 38122;trento;04611731200;collegioarcivescovile@pec.it;tn1e00100v;https://www.vivoscuola.it/content/view/full/29229;https://it.wikipedia.org/wiki/Trento;https://www.vivoscuola.it/content/view/full/29235
scuola secondaria di primo grado arcivescovile trento;via monsignor  endrici, 23 38122;trento;04611731200;collegioarcivescovile@pec.it;tn1m00400g;https://www.vivoscuola.it/content/view/full/29229;https://it.wikipedia.org/wiki/Trento;https://www.vivoscuola.it/content/view/full/29236
liceo linguistico arcivescovile dame inglesi - rovereto;corso bettini, 71 38068;rovereto;0464406000;collegioarcivescovile@pec.it;tnpl005006;https://www.vivoscuola.it/content/view/full/29237;https://it.wikipedia.org/wiki/Rovereto;https://www.vivoscuola.it/content/view/full/29238
scuola primaria arcivescovile dame inglesi rovereto;corso bettini, 31 38068;rovereto;0464406000;collegioarcivescovile@pec.it;tn1e006002;https://www.vivoscuola.it/content/view/full/29237;https://it.wikipedia.org/wiki/Rovereto;https://www.vivoscuola.it/content/view/full/29239
scuola secondaria di primo grado arcivescovile dame inglesi rovereto;corso bettini, 31 38068;rovereto;0464406000;collegioarcivescovile@pec.it;tn1m00200x;https://www.vivoscuola.it/content/view/full/29237;https://it.wikipedia.org/wiki/Rovereto;https://www.vivoscuola.it/content/view/full/29240
scuola primaria sacra famiglia trento;via della saluga, 7 38121;trento;0461080041;cooperativasacrafamiglia@pec.it;tn1e005006;https://www.vivoscuola.it/content/view/full/29244;https://it.wikipedia.org/wiki/Trento;https://www.vivoscuola.it/content/view/full/29245
"scuola dell'infanzia di canazei ""don simone micheluzzi de ciciol""";via de magoa, 24 38032;canazei;0462601631;scuolainfanzia.canazei@scuole.provincia.tn.it;;https://www.vivoscuola.it/content/view/full/29405;https://it.wikipedia.org/wiki/Canazei;https://www.vivoscuola.it/content/view/full/29406
"scuola dell'infanzia di pera di fassa ""don edy cinzol""";strada tita piaz - pozza di fassa, 13 38036;san giovanni di fassa;0462764828;scuolainfanzia.pera@scuole.provincia.tn.it;;https://www.vivoscuola.it/content/view/full/29405;https://it.wikipedia.org/wiki/San_Giovanni_di_Fassa;https://www.vivoscuola.it/content/view/full/29407
scuola dell'infanzia di soraga;strada dolomites, 19 38030;soraga di fassa;0462768277;scuolainfanzia.soraga@scuole.provincia.tn.it;;https://www.vivoscuola.it/content/view/full/29405;https://it.wikipedia.org/wiki/Soraga_di_Fassa;https://www.vivoscuola.it/content/view/full/29408
capes - settore agricoltura e ambiente;via mach, 1 38098;san michele all'adige;0461615213;amministrazione.cif@pec.iasma.it;tncf006001;https://www.vivoscuola.it/content/view/full/29409;https://it.wikipedia.org/wiki/San_Michele_all%27Adige;https://www.vivoscuola.it/content/view/full/170206
istituto tecnico per il settore tecnologico;via mach, 1 38098;san michele all'adige;0461615213;amministrazione.cif@pec.iasma.it;tnta01500b;https://www.vivoscuola.it/content/view/full/29409;https://it.wikipedia.org/wiki/San_Michele_all%27Adige;https://www.vivoscuola.it/content/view/full/29410
settore agricoltura e ambiente;via mach, 1 38098;san michele all'adige;0461615213;amministrazione.cif@pec.iasma.it;tncf006001;https://www.vivoscuola.it/content/view/full/29409;https://it.wikipedia.org/wiki/San_Michele_all%27Adige;https://www.vivoscuola.it/content/view/full/29411
"scuola primaria ""a. betta"" ala";via betta, 9 38061;ala;0464671027;ic.ala@pec.provincia.tn.it;tnee84801t;https://www.vivoscuola.it/content/view/full/29421;https://it.wikipedia.org/wiki/Ala_(Italia);https://www.vivoscuola.it/content/view/full/29422
"scuola primaria ""m.t. di calcutta"" serravalle";via negrelli - serravalle, 10 38061;ala;0464696606;ic.ala@pec.provincia.tn.it;tnee84802v;https://www.vivoscuola.it/content/view/full/29421;https://it.wikipedia.org/wiki/Ala_(Italia);https://www.vivoscuola.it/content/view/full/29423
"scuola secondaria di primo grado ""c. battisti"" ala";via don anzelini, 2 38061;ala;0464671119;ic.ala@pec.provincia.tn.it;tnmm84801r;https://www.vivoscuola.it/content/view/full/29421;https://it.wikipedia.org/wiki/Ala_(Italia);https://www.vivoscuola.it/content/view/full/29424
scuola primaria aldeno;via xxv aprile, 1/a 38060;aldeno;0461842264;ic.aldeno-mattarello@pec.provincia.tn.it;tnee82102v;https://www.vivoscuola.it/content/view/full/29425;https://it.wikipedia.org/wiki/Aldeno;https://www.vivoscuola.it/content/view/full/29426
scuola primaria cimone;frazione petrolli, 37 38060;cimone;0461855215;ic.aldeno-mattarello@pec.provincia.tn.it;tnee82103x;https://www.vivoscuola.it/content/view/full/29425;https://it.wikipedia.org/wiki/Cimone_(comune);https://www.vivoscuola.it/content/view/full/29427
scuola primaria mattarello;via poli, 11 38123;trento;0461945376;ic.aldeno-mattarello@pec.provincia.tn.it;tnee821041;https://www.vivoscuola.it/content/view/full/29425;https://it.wikipedia.org/wiki/Trento;https://www.vivoscuola.it/content/view/full/29428
scuola primaria romagnano trento;via ai comuni, 6 38123;trento;0461349119;ic.aldeno-mattarello@pec.provincia.tn.it;tnee82101t;https://www.vivoscuola.it/content/view/full/29425;https://it.wikipedia.org/wiki/Trento;https://www.vivoscuola.it/content/view/full/29429
"scuola secondaria di primo grado ""a. fogazzaro"" mattarello";via della torre franca, 1 38123;trento;0461945237;ic.aldeno-mattarello@pec.provincia.tn.it;tnmm82102t;https://www.vivoscuola.it/content/view/full/29425;https://it.wikipedia.org/wiki/Trento;https://www.vivoscuola.it/content/view/full/29430
scuola secondaria di primo grado aldeno;via xxv aprile, 1 38060;aldeno;0461842823;ic.aldeno-mattarello@pec.provincia.tn.it;tnmm82101r;https://www.vivoscuola.it/content/view/full/29425;https://it.wikipedia.org/wiki/Aldeno;https://www.vivoscuola.it/content/view/full/29431
"scuola primaria ""e. bezzi"" ossana";via di s antonio, 21 38026;ossana;0463751261;ic.altavaldisole@pec.provincia.tn.it;tnee832029;https://www.vivoscuola.it/content/view/full/29432;https://it.wikipedia.org/wiki/Ossana;https://www.vivoscuola.it/content/view/full/29433
scuola primaria cogolo di peio;via rosmini, 6 38024;peio;0463754498;ic.altavaldisole@pec.provincia.tn.it;tnee83204b;https://www.vivoscuola.it/content/view/full/29432;https://it.wikipedia.org/wiki/Peio;https://www.vivoscuola.it/content/view/full/29434
scuola primaria commezzadura;via del comun, 5 38020;commezzadura;0463751129;ic.altavaldisole@pec.provincia.tn.it;tnee83208g;https://www.vivoscuola.it/content/view/full/29432;https://it.wikipedia.org/wiki/Commezzadura;https://www.vivoscuola.it/content/view/full/29435
scuola primaria passo tonale;via nazionale, 12/c 38029;vermiglio;0364903859;ic.altavaldisole@pec.provincia.tn.it;tnee83207e;https://www.vivoscuola.it/content/view/full/29432;https://it.wikipedia.org/wiki/Vermiglio_(Italia);https://www.vivoscuola.it/content/view/full/29436
scuola primaria vermiglio;via senatore kessler, 5 38029;vermiglio;0463758373;ic.altavaldisole@pec.provincia.tn.it;tnee83206d;https://www.vivoscuola.it/content/view/full/29432;https://it.wikipedia.org/wiki/Vermiglio_(Italia);https://www.vivoscuola.it/content/view/full/29438
"scuola secondaria di primo grado ""c. zanella"" fucine di ossana";via s michele, 11 38026;ossana;0463751129;ic.altavaldisole@pec.provincia.tn.it;tnmm832017;https://www.vivoscuola.it/content/view/full/29432;https://it.wikipedia.org/wiki/Ossana;https://www.vivoscuola.it/content/view/full/29439
"scuola primaria ""a.de valentini"" calliano";via degasperi, 4 38060;calliano;0464410475;ic.altavallagarina@pec.provincia.tn.it;tnee86002d;https://www.vivoscuola.it/content/view/full/29440;https://it.wikipedia.org/wiki/Calliano_(Trentino-Alto_Adige);https://www.vivoscuola.it/content/view/full/29441
"scuola primaria ""g. tovazzi"" volano";via stazione, 30 38060;volano;0464410475;ic.altavallagarina@pec.provincia.tn.it;tnee86003e;https://www.vivoscuola.it/content/view/full/29440;https://it.wikipedia.org/wiki/Volano_(Italia);https://www.vivoscuola.it/content/view/full/29442
"scuola primaria ""s. pellico"" besenello";via degasperi, 2 38060;besenello;0464410475;ic.altavallagarina@pec.provincia.tn.it;tnee86001c;https://www.vivoscuola.it/content/view/full/29440;https://it.wikipedia.org/wiki/Besenello;https://www.vivoscuola.it/content/view/full/29443
"scuola secondaria di primo grado ""alta vallagarina"" volano";via manzoni, 3 38068;rovereto;0464410475;ic.altavallagarina@pec.provincia.tn.it;tnmm86001b;https://www.vivoscuola.it/content/view/full/29440;https://it.wikipedia.org/wiki/Rovereto;https://www.vivoscuola.it/content/view/full/29444
"scuola primaria  ""abramo andreatta"" bedollo";via s osvaldo, 5 38043;bedollo;0461556844;ic.pine@pec.provincia.tn.it;tnee81605e;https://www.vivoscuola.it/content/view/full/29445;https://it.wikipedia.org/wiki/Bedollo;https://www.vivoscuola.it/content/view/full/29446
"scuola primaria ""g. dallafior"" baselga di pine'";via delle scuole, 15 38042;baselga di piné;0461558317;ic.pine@pec.provincia.tn.it;tnee81601a;https://www.vivoscuola.it/content/view/full/29445;https://it.wikipedia.org/wiki/Baselga_di_Pin%C3%A9;https://www.vivoscuola.it/content/view/full/29447
"scuola primaria ""g. verdi"" miola baselga di pine'";via della chiesa, 3 38042;baselga di piné;0461558300;ic.pine@pec.provincia.tn.it;tnee81602b;https://www.vivoscuola.it/content/view/full/29445;https://it.wikipedia.org/wiki/Baselga_di_Pin%C3%A9;https://www.vivoscuola.it/content/view/full/29448
"scuola secondaria di primo grado ""don giuseppe tarter""baselga di pine'";via del xxvi maggio - baselga, 6 38042;baselga di piné;0461557138;ic.pine@pec.provincia.tn.it;tnmm816019;https://www.vivoscuola.it/content/view/full/29445;https://it.wikipedia.org/wiki/Baselga_di_Pin%C3%A9;https://www.vivoscuola.it/content/view/full/29449
"scuola primaria ""g. segantini"" arco";via nas, 28 38062;arco;0464532947;ic.arco@pec.provincia.tn.it;tnee840039;https://www.vivoscuola.it/content/view/full/29450;https://it.wikipedia.org/wiki/Arco_(Italia);https://www.vivoscuola.it/content/view/full/29451
scuola primaria bolognano;viale stazione, 2 38062;arco;0464518610;ic.arco@pec.provincia.tn.it;tnee840017;https://www.vivoscuola.it/content/view/full/29450;https://it.wikipedia.org/wiki/Arco_(Italia);https://www.vivoscuola.it/content/view/full/29452
scuola primaria massone;via maffei - san martino, 2 38062;arco;0464516679;ic.arco@pec.provincia.tn.it;tnee840028;https://www.vivoscuola.it/content/view/full/29450;https://it.wikipedia.org/wiki/Arco_(Italia);https://www.vivoscuola.it/content/view/full/29453
scuola primaria romarzollo;via fossa, 8 38062;arco;0464516187;ic.arco@pec.provincia.tn.it;tnee84004a;https://www.vivoscuola.it/content/view/full/29450;https://it.wikipedia.org/wiki/Arco_(Italia);https://www.vivoscuola.it/content/view/full/29454
"scuola secondaria di primo grado ""n. d'arco"" arco";localita prabi,   38062;arco;0464516429;ic.arco@pec.provincia.tn.it;tnmm840016;https://www.vivoscuola.it/content/view/full/29450;https://it.wikipedia.org/wiki/Arco_(Italia);https://www.vivoscuola.it/content/view/full/29455
scuola primaria avio;via perotti, 47 38063;avio;0464684117;ic.avio@pec.provincia.tn.it;tnee847012;https://www.vivoscuola.it/content/view/full/29456;https://it.wikipedia.org/wiki/Avio;https://www.vivoscuola.it/content/view/full/29457
scuola primaria sabbionara di avio;piazza conciliazione,  1 38063;avio;0464684067;ic.avio@pec.provincia.tn.it;tnee847023;https://www.vivoscuola.it/content/view/full/29456;https://it.wikipedia.org/wiki/Avio;https://www.vivoscuola.it/content/view/full/29458
"scuola secondaria di primo grado ""d. alighieri"" avio";viale degasperi, 69 38063;avio;0464684029;ic.avio@pec.provincia.tn.it;tnmm847011;https://www.vivoscuola.it/content/view/full/29456;https://it.wikipedia.org/wiki/Avio;https://www.vivoscuola.it/content/view/full/29459
"scuola primaria ""m. pezzi"" campodenno";via s maurizio, 3 38010;campodenno;0461655783;ic.bassaanaunia@pec.provincia.tn.it;tnee82901c;https://www.vivoscuola.it/content/view/full/29461;https://it.wikipedia.org/wiki/Campodenno;https://www.vivoscuola.it/content/view/full/29462
"scuola primaria ""mons. s. weber"" denno";via colle verde, 3 38010;denno;0461655783;ic.bassaanaunia@pec.provincia.tn.it;tnee82903e;https://www.vivoscuola.it/content/view/full/29461;https://it.wikipedia.org/wiki/Denno;https://www.vivoscuola.it/content/view/full/29463
"scuola primaria ""v. maistrelli"" tuenno";via maistrelli - tuenno, 11 38019;ville d'anaunia;0461655783;ic.bassaanaunia@pec.provincia.tn.it;tnee82907p;https://www.vivoscuola.it/content/view/full/29461;https://it.wikipedia.org/wiki/Ville_d%27Anaunia;https://www.vivoscuola.it/content/view/full/29464
scuola primaria flavon;via nazionale - flavon,   38010;contà;0461655783;ic.bassaanaunia@pec.provincia.tn.it;tnee82906n;https://www.vivoscuola.it/content/view/full/29461;https://it.wikipedia.org/wiki/Cont%C3%A0;https://www.vivoscuola.it/content/view/full/29465
scuola primaria tassullo;piazza pilati - tassullo, 6 38019;ville d'anaunia;0461655783;ic.bassaanaunia@pec.provincia.tn.it;tnee82908q;https://www.vivoscuola.it/content/view/full/29461;https://it.wikipedia.org/wiki/Ville_d%27Anaunia;https://www.vivoscuola.it/content/view/full/29466
scuola primaria vigo ton;piazza guardi, 7 38010;ton;0461655783;ic.bassaanaunia@pec.provincia.tn.it;tnee82905l;https://www.vivoscuola.it/content/view/full/29461;https://it.wikipedia.org/wiki/Ton;https://www.vivoscuola.it/content/view/full/29467
"scuola secondaria di primo grado ""e. leonardi"" tuenno";via maistrelli - tuenno, 11 38019;ville d'anaunia;0461655783;ic.bassaanaunia@pec.provincia.tn.it;tnmm82902c;https://www.vivoscuola.it/content/view/full/29461;https://it.wikipedia.org/wiki/Ville_d%27Anaunia;https://www.vivoscuola.it/content/view/full/29468
"scuola secondaria di primo grado ""v. vielmetti"" denno";via colle verde, 3 38010;denno;0461655783;ic.bassaanaunia@pec.provincia.tn.it;tnmm82901b;https://www.vivoscuola.it/content/view/full/29461;https://it.wikipedia.org/wiki/Denno;https://www.vivoscuola.it/content/view/full/29469
"scuola primaria ""b. pezzen"" croviana";via delle scuole, 25 38027;croviana;0463901237;ic.bassavaldisole@pec.provincia.tn.it;tnee833036;https://www.vivoscuola.it/content/view/full/29470;https://it.wikipedia.org/wiki/Croviana;https://www.vivoscuola.it/content/view/full/29471
"scuola primaria ""c. cristoforetti"" male'";via alla croce, 17 38027;malé;0463901237;ic.bassavaldisole@pec.provincia.tn.it;tnee833058;https://www.vivoscuola.it/content/view/full/29470;https://it.wikipedia.org/wiki/Mal%C3%A9_(Italia);https://www.vivoscuola.it/content/view/full/29472
scuola primaria caldes;via al castello, 26 38022;caldes;0463901237;ic.bassavaldisole@pec.provincia.tn.it;tnee833014;https://www.vivoscuola.it/content/view/full/29470;https://it.wikipedia.org/wiki/Caldes;https://www.vivoscuola.it/content/view/full/29473
scuola primaria dimaro;piazza madonna della pace - dimaro, 14 38025;dimaro folgarida;0463901237;ic.bassavaldisole@pec.provincia.tn.it;tnee833047;https://www.vivoscuola.it/content/view/full/29470;https://it.wikipedia.org/wiki/Dimaro_Folgarida;https://www.vivoscuola.it/content/view/full/29474
scuola primaria s.bernardo rabbi;frazione san bernardo,   38020;rabbi;0463901237;ic.bassavaldisole@pec.provincia.tn.it;tnee83307a;https://www.vivoscuola.it/content/view/full/29470;https://it.wikipedia.org/wiki/Rabbi_(comune);https://www.vivoscuola.it/content/view/full/29475
"scuola secondaria di primo grado ""g. ciccolini"" male'";via taddei de mauris, 4 38027;malé;0463901237;ic.bassavaldisole@pec.provincia.tn.it;tnmm833013;https://www.vivoscuola.it/content/view/full/29470;https://it.wikipedia.org/wiki/Mal%C3%A9_(Italia);https://www.vivoscuola.it/content/view/full/29476
"scuola primaria ""rita levi montalcini"" borgo valsugana";via temanza, 13/c 38051;borgo valsugana;0461753179;ic.borgovalsugana@pec.provincia.tn.it;tnee812046;https://www.vivoscuola.it/content/view/full/29477;https://it.wikipedia.org/wiki/Borgo_Valsugana;https://www.vivoscuola.it/content/view/full/29478
scuola primaria grigno;viale trento, 2 38055;grigno;0461753179;ic.borgovalsugana@pec.provincia.tn.it;tnee812024;https://www.vivoscuola.it/content/view/full/29477;https://it.wikipedia.org/wiki/Grigno;https://www.vivoscuola.it/content/view/full/29479
"scuola secondaria di primo grado ""ora e veglia"" borgo valsugana";via spagolla, 1 38051;borgo valsugana;0461753179;ic.borgovalsugana@pec.provincia.tn.it;tnmm812012;https://www.vivoscuola.it/content/view/full/29477;https://it.wikipedia.org/wiki/Borgo_Valsugana;https://www.vivoscuola.it/content/view/full/29480
"scuola secondaria di primo grado ""s. fante"" grigno";viale trento,   38055;grigno;0461753179;ic.borgovalsugana@pec.provincia.tn.it;tnmm812023;https://www.vivoscuola.it/content/view/full/29477;https://it.wikipedia.org/wiki/Grigno;https://www.vivoscuola.it/content/view/full/29481
scuola primaria brentonico;via calzolari - localita fontana, 2 38060;brentonico;0464395189;ic.brentonico@pec.provincia.tn.it;tnee861018;https://www.vivoscuola.it/content/view/full/63288;https://it.wikipedia.org/wiki/Brentonico;https://www.vivoscuola.it/content/view/full/63289
scuola secondaria di primo grado brentonico;via calzolari - localita fontana, 2 38060;brentonico;0464395189;ic.brentonico@pec.provincia.tn.it;tnmm861017;https://www.vivoscuola.it/content/view/full/63288;https://it.wikipedia.org/wiki/Brentonico;https://www.vivoscuola.it/content/view/full/65577
scuola primaria capriana;piazza scuole, 1 38030;capriana;0462340314;ic.cavalese@pec.provincia.tn.it;tnee809017;https://www.vivoscuola.it/content/view/full/29482;https://it.wikipedia.org/wiki/Capriana;https://www.vivoscuola.it/content/view/full/29483
scuola primaria carano;via giovanelli, 2 38033;ville di fiemme;0462340314;ic.cavalese@pec.provincia.tn.it;tnee809028;https://www.vivoscuola.it/content/view/full/29482;https://it.wikipedia.org/wiki/Ville_di_Fiemme;https://www.vivoscuola.it/content/view/full/29484
scuola primaria casatta valfloriana;frazione casatta, 18/a 38040;valfloriana;0462340314;ic.cavalese@pec.provincia.tn.it;tnee80908e;https://www.vivoscuola.it/content/view/full/29482;https://it.wikipedia.org/wiki/Valfloriana;https://www.vivoscuola.it/content/view/full/29485
scuola primaria castello di fiemme;via roma, 40 38030;castello-molina di fiemme;0462340314;ic.cavalese@pec.provincia.tn.it;tnee809039;https://www.vivoscuola.it/content/view/full/29482;https://it.wikipedia.org/wiki/Castello-Molina_di_Fiemme;https://www.vivoscuola.it/content/view/full/29486
scuola primaria cavalese;largo bosin, 2 38033;cavalese;0462340314;ic.cavalese@pec.provincia.tn.it;tnee80905b;https://www.vivoscuola.it/content/view/full/29482;https://it.wikipedia.org/wiki/Cavalese;https://www.vivoscuola.it/content/view/full/29487
scuola primaria masi cavalese;via damiano chiesa, 110 38033;cavalese;0462340314;ic.cavalese@pec.provincia.tn.it;tnee80906c;https://www.vivoscuola.it/content/view/full/29482;https://it.wikipedia.org/wiki/Cavalese;https://www.vivoscuola.it/content/view/full/29488
scuola primaria molina di fiemme;via segherie, 64/b 38030;castello-molina di fiemme;0462340314;ic.cavalese@pec.provincia.tn.it;tnee80904a;https://www.vivoscuola.it/content/view/full/29482;https://it.wikipedia.org/wiki/Castello-Molina_di_Fiemme;https://www.vivoscuola.it/content/view/full/29489
scuola primaria varena;via mercato, 10 38030;ville di fiemme;0462340314;ic.cavalese@pec.provincia.tn.it;tnee80909g;https://www.vivoscuola.it/content/view/full/29482;https://it.wikipedia.org/wiki/Ville_di_Fiemme;https://www.vivoscuola.it/content/view/full/29490
"scuola secondaria di primo grado ""g. segantini"" cavalese";piazza verdi, 6 38033;cavalese;0462340314;ic.cavalese@pec.provincia.tn.it;tnmm809016;https://www.vivoscuola.it/content/view/full/29482;https://it.wikipedia.org/wiki/Cavalese;https://www.vivoscuola.it/content/view/full/29491
"scuola primaria ""don l. milani"" lases";via principale, 43 38040;lona-lases;0461683006;ic.cembra@pec.provincia.tn.it;tnee82206v;https://www.vivoscuola.it/content/view/full/29492;https://it.wikipedia.org/wiki/Lona-Lases;https://www.vivoscuola.it/content/view/full/29493
"scuola primaria ""p. marconi"" faver";via campagna - faver, 1 38030;altavalle;0461683006;ic.cembra@pec.provincia.tn.it;tnee82202p;https://www.vivoscuola.it/content/view/full/29492;https://it.wikipedia.org/wiki/Altavalle;https://www.vivoscuola.it/content/view/full/29494
"scuola primaria ""p. sartori"" sover";piazza s lorenzo, 10 38048;sover;0461683006;ic.cembra@pec.provincia.tn.it;tnee822081;https://www.vivoscuola.it/content/view/full/29492;https://it.wikipedia.org/wiki/Sover;https://www.vivoscuola.it/content/view/full/29495
scuola primaria cembra;via dei ciclamini - cembra, 1/1 38034;cembra lisignago;0461683006;ic.cembra@pec.provincia.tn.it;tnee82201n;https://www.vivoscuola.it/content/view/full/29492;https://it.wikipedia.org/wiki/Cembra_Lisignago;https://www.vivoscuola.it/content/view/full/29496
scuola primaria stedro segonzano;frazione stedro, 68 38047;segonzano;0461683006;ic.cembra@pec.provincia.tn.it;tnee82207x;https://www.vivoscuola.it/content/view/full/29492;https://it.wikipedia.org/wiki/Segonzano;https://www.vivoscuola.it/content/view/full/29497
scuola primaria verla giovo;via dell oratorio, 15 38030;giovo;0461683006;ic.cembra@pec.provincia.tn.it;tnee82203q;https://www.vivoscuola.it/content/view/full/29492;https://it.wikipedia.org/wiki/Giovo;https://www.vivoscuola.it/content/view/full/29498
"scuola secondaria di primo grado ""a. vielmetti"" cembra";via negritelle - cembra, 1 38034;cembra lisignago;0461683006;ic.cembra@pec.provincia.tn.it;tnmm82201l;https://www.vivoscuola.it/content/view/full/29492;https://it.wikipedia.org/wiki/Cembra_Lisignago;https://www.vivoscuola.it/content/view/full/29499
scuola secondaria di primo grado stedro segonzano;frazione scancio, 69 38047;segonzano;0461683006;ic.cembra@pec.provincia.tn.it;tnmm82202n;https://www.vivoscuola.it/content/view/full/29492;https://it.wikipedia.org/wiki/Segonzano;https://www.vivoscuola.it/content/view/full/29500
scuola secondaria di primo grado verla giovo;via al grec, 2 38030;giovo;0461683006;ic.cembra@pec.provincia.tn.it;tnmm82203p;https://www.vivoscuola.it/content/view/full/29492;https://it.wikipedia.org/wiki/Giovo;https://www.vivoscuola.it/content/view/full/29501
"scuola primaria ""c. corradi"" novaledo";piazza municipio, 5 38050;novaledo;0461764581;ic.centrovalsugana@pec.provincia.tn.it;tnee813064;https://www.vivoscuola.it/content/view/full/29502;https://it.wikipedia.org/wiki/Novaledo;https://www.vivoscuola.it/content/view/full/29503
"scuola primaria ""p. martinelli"" roncegno terme";via baldessari, 15 38050;roncegno terme;0461764581;ic.centrovalsugana@pec.provincia.tn.it;tnee813075;https://www.vivoscuola.it/content/view/full/29502;https://it.wikipedia.org/wiki/Roncegno_Terme;https://www.vivoscuola.it/content/view/full/29504
"scuola primaria ""t. v. gozzer"" castelnuovo";piazza municipio, 4 38050;castelnuovo;0461764581;ic.centrovalsugana@pec.provincia.tn.it;tnee81301v;https://www.vivoscuola.it/content/view/full/29502;https://it.wikipedia.org/wiki/Castelnuovo_(Trentino-Alto_Adige);https://www.vivoscuola.it/content/view/full/29505
scuola primaria marter;via della chiesa, 14 38050;roncegno terme;0461764581;ic.centrovalsugana@pec.provincia.tn.it;tnee813086;https://www.vivoscuola.it/content/view/full/29502;https://it.wikipedia.org/wiki/Roncegno_Terme;https://www.vivoscuola.it/content/view/full/29506
scuola primaria ronchi valsugana;via marchi, 14 38050;ronchi valsugana;0461764581;ic.centrovalsugana@pec.provincia.tn.it;tnee813109;https://www.vivoscuola.it/content/view/full/29502;https://it.wikipedia.org/wiki/Ronchi_Valsugana;https://www.vivoscuola.it/content/view/full/65578
scuola primaria telve;via giusti, 5 38050;telve;0461764581;ic.centrovalsugana@pec.provincia.tn.it;tnee81302x;https://www.vivoscuola.it/content/view/full/29502;https://it.wikipedia.org/wiki/Telve;https://www.vivoscuola.it/content/view/full/29507
scuola primaria telve di sopra;via delle scuole, 19 38050;telve di sopra;0461764581;ic.centrovalsugana@pec.provincia.tn.it;tnee813031;https://www.vivoscuola.it/content/view/full/29502;https://it.wikipedia.org/wiki/Telve_di_Sopra;https://www.vivoscuola.it/content/view/full/29508
"scuola secondaria di primo grado ""don l. milani"" telve";via borgo, 2/a 38050;telve;0461764581;ic.centrovalsugana@pec.provincia.tn.it;tnmm81301t;https://www.vivoscuola.it/content/view/full/29502;https://it.wikipedia.org/wiki/Telve;https://www.vivoscuola.it/content/view/full/29509
"scuola secondaria di primo grado ""m. pola"" roncegno terme";via don meggio, 2/a 38050;roncegno terme;0461764581;ic.centrovalsugana@pec.provincia.tn.it;tnmm81302v;https://www.vivoscuola.it/content/view/full/29502;https://it.wikipedia.org/wiki/Roncegno_Terme;https://www.vivoscuola.it/content/view/full/29510
"scuola primaria ""a. girardi"" fornace";via dei mori, 2 38040;fornace;0461858485;ic.civezzano@pec.provincia.tn.it;tnee817038;https://www.vivoscuola.it/content/view/full/29511;https://it.wikipedia.org/wiki/Fornace_(Italia);https://www.vivoscuola.it/content/view/full/29512
"scuola primaria ""g. b. borsieri"" civezzano";via telvana, 6 38045;civezzano;0461858485;ic.civezzano@pec.provincia.tn.it;tnee817016;https://www.vivoscuola.it/content/view/full/29511;https://it.wikipedia.org/wiki/Civezzano;https://www.vivoscuola.it/content/view/full/29513
scuola primaria albiano;via manzoni, 4 38041;albiano;0461858485;ic.civezzano@pec.provincia.tn.it;tnee817049;https://www.vivoscuola.it/content/view/full/29511;https://it.wikipedia.org/wiki/Albiano_(Trentino-Alto_Adige);https://www.vivoscuola.it/content/view/full/29514
scuola primaria seregnano civezzano;frazione cogatti,   38045;civezzano;0461858485;ic.civezzano@pec.provincia.tn.it;tnee817027;https://www.vivoscuola.it/content/view/full/29511;https://it.wikipedia.org/wiki/Civezzano;https://www.vivoscuola.it/content/view/full/29515
"scuola secondaria di primo grado ""g. alessandrini"" civezzano";via murialdo, 27 38045;civezzano;0461858485;ic.civezzano@pec.provincia.tn.it;tnmm817015;https://www.vivoscuola.it/content/view/full/29511;https://it.wikipedia.org/wiki/Civezzano;https://www.vivoscuola.it/content/view/full/29516
scuola secondaria di primo grado albiano;via manzoni, 10 38041;albiano;0461858485;ic.civezzano@pec.provincia.tn.it;tnmm817026;https://www.vivoscuola.it/content/view/full/29511;https://it.wikipedia.org/wiki/Albiano_(Trentino-Alto_Adige);https://www.vivoscuola.it/content/view/full/29517
"scuola primaria ""chiara lubich"" livo";frazione livo,  92 38020;livo;0463421457;ic.cles@pec.provincia.tn.it;tnee83102d;https://www.vivoscuola.it/content/view/full/29518;https://it.wikipedia.org/wiki/Livo_(Trentino-Alto_Adige);https://www.vivoscuola.it/content/view/full/29521
"scuola primaria ""o.focherini m.marchesi"" mione rumo";via di ronco - mione, 17 38020;rumo;0463421457;ic.cles@pec.provincia.tn.it;tnee83103e;https://www.vivoscuola.it/content/view/full/29518;https://it.wikipedia.org/wiki/Rumo;https://www.vivoscuola.it/content/view/full/29519
scuola primaria cles;via dei campi neri, 1 38023;cles;0463421457;ic.cles@pec.provincia.tn.it;tnee83101c;https://www.vivoscuola.it/content/view/full/29518;https://it.wikipedia.org/wiki/Cles;https://www.vivoscuola.it/content/view/full/29520
"scuola secondaria di primo grado ""v. inama"" cles";via chini, 31 38023;cles;0463421457;ic.cles@pec.provincia.tn.it;tnmm83101b;https://www.vivoscuola.it/content/view/full/29518;https://it.wikipedia.org/wiki/Cles;https://www.vivoscuola.it/content/view/full/29522
"scuola primaria ""g. papaleoni"" condino";via la marmora - condino, 13 38083;borgo chiese;0465686039;ic.chiese-storo@pec.provincia.tn.it;tnee838039;https://www.vivoscuola.it/content/view/full/29523;https://it.wikipedia.org/wiki/Borgo_Chiese;https://www.vivoscuola.it/content/view/full/29524
"scuola primaria ""padre c. gnesotti"" storo";via papaleoni, 5 38089;storo;0465686039;ic.chiese-storo@pec.provincia.tn.it;tnee83804a;https://www.vivoscuola.it/content/view/full/29523;https://it.wikipedia.org/wiki/Storo;https://www.vivoscuola.it/content/view/full/29525
scuola primaria pieve di bono - creto;via fiera - creto - pieve di bono, 1 38085;pieve di bono-prezzo;0465674049;ic.chiese-storo@pec.provincia.tn.it;tnee83808e;https://www.vivoscuola.it/content/view/full/29523;https://it.wikipedia.org/wiki/Pieve_di_Bono-Prezzo;https://www.vivoscuola.it/content/view/full/29526
scuola primaria storo - lodrone;via xxiv maggio, 115 38089;storo;0465686039;ic.chiese-storo@pec.provincia.tn.it;tnee83806c;https://www.vivoscuola.it/content/view/full/29523;https://it.wikipedia.org/wiki/Storo;https://www.vivoscuola.it/content/view/full/29527
"scuola secondaria di primo grado ""g. leopardi"" storo";via papaleoni, 5 38089;storo;0465686039;ic.chiese-storo@pec.provincia.tn.it;tnmm838016;https://www.vivoscuola.it/content/view/full/29523;https://it.wikipedia.org/wiki/Storo;https://www.vivoscuola.it/content/view/full/29528
"scuola secondaria di primo grado ""g. pascoli"" pieve di bono";via fiera - creto - pieve di bono, 1 38085;pieve di bono-prezzo;0465674049;ic.chiese-storo@pec.provincia.tn.it;tnmm838027;https://www.vivoscuola.it/content/view/full/29523;https://it.wikipedia.org/wiki/Pieve_di_Bono-Prezzo;https://www.vivoscuola.it/content/view/full/29529
istituto tecnico per il settore economico;via delle fonti - transacqua, 10 38054;primiero san martino di castrozza;043962435;ic.primiero@pec.provincia.tn.it;tntd170007;https://www.vivoscuola.it/content/view/full/29530;https://it.wikipedia.org/wiki/Primiero_San_Martino_di_Castrozza;https://www.vivoscuola.it/content/view/full/29531
istituto tecnico per il settore tecnologico;via delle fonti - transacqua, 10 38054;primiero san martino di castrozza;043962435;ic.primiero@pec.provincia.tn.it;tntd170007;https://www.vivoscuola.it/content/view/full/29530;https://it.wikipedia.org/wiki/Primiero_San_Martino_di_Castrozza;https://www.vivoscuola.it/content/view/full/29532
liceo scientifico opzione scienze applicate;via delle fonti - transacqua, 10 38054;primiero san martino di castrozza;043962435;ic.primiero@pec.provincia.tn.it;tnps100005;https://www.vivoscuola.it/content/view/full/29530;https://it.wikipedia.org/wiki/Primiero_San_Martino_di_Castrozza;https://www.vivoscuola.it/content/view/full/29534
"scuola primaria ""b. zanetel"" s.martino di castrozza";via laghetto - san martino di castrozza, 28 38054;primiero san martino di castrozza;043962435;ic.primiero@pec.provincia.tn.it;tnee81006l;https://www.vivoscuola.it/content/view/full/29530;https://it.wikipedia.org/wiki/Primiero_San_Martino_di_Castrozza;https://www.vivoscuola.it/content/view/full/29535
"scuola primaria ""card. j. bernardin"" tonadico";via sorelle lucian - tonadico, 8 38054;primiero san martino di castrozza;043962435;ic.primiero@pec.provincia.tn.it;tnee81007n;https://www.vivoscuola.it/content/view/full/29530;https://it.wikipedia.org/wiki/Primiero_San_Martino_di_Castrozza;https://www.vivoscuola.it/content/view/full/29536
"scuola primaria ""f. loss"" canal san bovo";localita lausen, 14 38050;canal san bovo;043962435;ic.primiero@pec.provincia.tn.it;tnee81001b;https://www.vivoscuola.it/content/view/full/29530;https://it.wikipedia.org/wiki/Canal_San_Bovo;https://www.vivoscuola.it/content/view/full/29537
scuola primaria mezzano;via iv novembre, 13 38050;mezzano;043962435;ic.primiero@pec.provincia.tn.it;tnee81003d;https://www.vivoscuola.it/content/view/full/29530;https://it.wikipedia.org/wiki/Mezzano_(comune);https://www.vivoscuola.it/content/view/full/29538
"scuola secondaria di primo grado ""l. negrelli""  - fiera di primiero";viale monte grappa - fiera di primiero, 12 38054;primiero san martino di castrozza;043962435;ic.primiero@pec.provincia.tn.it;tnmm81002b;https://www.vivoscuola.it/content/view/full/29530;https://it.wikipedia.org/wiki/Primiero_San_Martino_di_Castrozza;https://www.vivoscuola.it/content/view/full/29539
scuola secondaria di primo grado canal san bovo;localita lausen, 13/z 38050;canal san bovo;043962435;ic.primiero@pec.provincia.tn.it;tnmm81001a;https://www.vivoscuola.it/content/view/full/29530;https://it.wikipedia.org/wiki/Canal_San_Bovo;https://www.vivoscuola.it/content/view/full/29540
scuola dell'infanzia di folgaria;via roma, 30 38064;folgaria;0464721362;scuolainfanzia.folgaria@scuole.provincia.tn.it;;https://www.vivoscuola.it/content/view/full/29541;https://it.wikipedia.org/wiki/Folgaria;https://www.vivoscuola.it/content/view/full/29546
"scuola dell'infanzia di lavarone ""casa dell'arcobaleno""";frazione gionghi,   38046;lavarone;0464783098;scuolainfanzia.lavarone@scuole.provincia.tn.it;;https://www.vivoscuola.it/content/view/full/29541;https://it.wikipedia.org/wiki/Lavarone;https://www.vivoscuola.it/content/view/full/29547
scuola dell'infanzia di luserna;via mazzini - prundle, 7 38040;luserna;0464789608;scuolainfanzia.luserna@scuole.provincia.tn.it;;https://www.vivoscuola.it/content/view/full/29541;https://it.wikipedia.org/wiki/Luserna;https://www.vivoscuola.it/content/view/full/29548
scuola dell'infanzia di nosellari folgaria;via prati, 35 38064;folgaria;0464787010;scuolainfanzia.nosellari@scuole.provincia.tn.it;;https://www.vivoscuola.it/content/view/full/29541;https://it.wikipedia.org/wiki/Folgaria;https://www.vivoscuola.it/content/view/full/29549
"scuola primaria ""s. lauton"" folgaria";via d acquisto, 21/a 38064;folgaria;0464721283;ic.folgaria-lavarone@pec.provincia.tn.it;tnee804025;https://www.vivoscuola.it/content/view/full/29541;https://it.wikipedia.org/wiki/Folgaria;https://www.vivoscuola.it/content/view/full/29542
scuola primaria lavarone;frazione gionghi,  107/5 38046;lavarone;0464721283;ic.folgaria-lavarone@pec.provincia.tn.it;tnee804014;https://www.vivoscuola.it/content/view/full/29541;https://it.wikipedia.org/wiki/Lavarone;https://www.vivoscuola.it/content/view/full/29543
"scuola secondaria di primo grado ""g. prati"" lavarone";frazione gionghi, 107/6 38046;lavarone;0464721283;ic.folgaria-lavarone@pec.provincia.tn.it;tnmm804024;https://www.vivoscuola.it/content/view/full/29541;https://it.wikipedia.org/wiki/Lavarone;https://www.vivoscuola.it/content/view/full/29544
"scuola secondaria di primo grado ""p. rella"" folgaria";piazza marconi, 85 38064;folgaria;0464721283;ic.folgaria-lavarone@pec.provincia.tn.it;tnmm804013;https://www.vivoscuola.it/content/view/full/29541;https://it.wikipedia.org/wiki/Folgaria;https://www.vivoscuola.it/content/view/full/29545
"scuola primaria ""c.a. martini"" revo'";via delle maddalene, 7 38028;novella;0463831134;ic.fondo@pec.provincia.tn.it;tnee828091;https://www.vivoscuola.it/content/view/full/29550;https://it.wikipedia.org/wiki/Novella_(Italia);https://www.vivoscuola.it/content/view/full/29551
"scuola primaria ""madre teresa di calcutta"" romeno";via monsignor rosati, 1 38010;romeno;0463831134;ic.fondo@pec.provincia.tn.it;tnee82805r;https://www.vivoscuola.it/content/view/full/29550;https://it.wikipedia.org/wiki/Romeno_(Italia);https://www.vivoscuola.it/content/view/full/29552
"scuola primaria ""padre a. stefenelli"" fondo";piazza don stefenelli - fondo, 2 38020;borgo d'anaunia;0463831134;ic.fondo@pec.provincia.tn.it;tnee82804q;https://www.vivoscuola.it/content/view/full/29550;https://it.wikipedia.org/wiki/Borgo_d%27Anaunia;https://www.vivoscuola.it/content/view/full/29553
"scuola primaria ""stefano zuech"" brez";via nigaiola - brez, 1 38028;novella;0463831134;ic.fondo@pec.provincia.tn.it;tnee82808x;https://www.vivoscuola.it/content/view/full/29550;https://it.wikipedia.org/wiki/Novella_(Italia);https://www.vivoscuola.it/content/view/full/29554
scuola primaria castelfondo;via madonna pellegrina, 5 38020;borgo d'anaunia;0463831134;ic.fondo@pec.provincia.tn.it;tnee82801l;https://www.vivoscuola.it/content/view/full/29550;https://it.wikipedia.org/wiki/Borgo_d%27Anaunia;https://www.vivoscuola.it/content/view/full/29555
scuola primaria cavareno;piazzale savera, 1 38011;cavareno;0463831134;ic.fondo@pec.provincia.tn.it;tnee82802n;https://www.vivoscuola.it/content/view/full/29550;https://it.wikipedia.org/wiki/Cavareno;https://www.vivoscuola.it/content/view/full/29556
scuola primaria sanzeno;frazione banco, 98 38010;sanzeno;0463831134;ic.fondo@pec.provincia.tn.it;tnee828103;https://www.vivoscuola.it/content/view/full/29550;https://it.wikipedia.org/wiki/Sanzeno;https://www.vivoscuola.it/content/view/full/29557
scuola primaria sarnonico;via manzoni, 7 38011;sarnonico;0463831134;ic.fondo@pec.provincia.tn.it;tnee82807v;https://www.vivoscuola.it/content/view/full/29550;https://it.wikipedia.org/wiki/Sarnonico;https://www.vivoscuola.it/content/view/full/29558
"scuola secondaria di primo grado ""c.a. martini"" revo'";via canestrini, 7 38028;novella;0463831134;ic.fondo@pec.provincia.tn.it;tnmm82802l;https://www.vivoscuola.it/content/view/full/29550;https://it.wikipedia.org/wiki/Novella_(Italia);https://www.vivoscuola.it/content/view/full/29559
"scuola secondaria di primo grado ""g. b. lampi"" fondo";via laviosa zambotti - fondo, 24 38020;borgo d'anaunia;0463831134;ic.fondo@pec.provincia.tn.it;tnmm82803n;https://www.vivoscuola.it/content/view/full/29550;https://it.wikipedia.org/wiki/Borgo_d%27Anaunia;https://www.vivoscuola.it/content/view/full/29560
"scuola primaria ""g. graffer"" stenico";via risorgimento, 11/a 38070;stenico;0465701472;ic.giudicarieesteriori@pec.provincia.tn.it;tnee83706l;https://www.vivoscuola.it/content/view/full/29561;https://it.wikipedia.org/wiki/Stenico;https://www.vivoscuola.it/content/view/full/29562
"scuola primaria ""san g. bosco"" s.lorenzo in banale";via di prato - san lorenzo, 15/a 38078;san lorenzo dorsino;0465701472;ic.giudicarieesteriori@pec.provincia.tn.it;tnee83705g;https://www.vivoscuola.it/content/view/full/29561;https://it.wikipedia.org/wiki/San_Lorenzo_Dorsino;https://www.vivoscuola.it/content/view/full/29563
scuola primaria campo lomaso;frazione campo lomaso - lomaso,  1 38070;comano terme;0465701472;ic.giudicarieesteriori@pec.provincia.tn.it;tnee83704e;https://www.vivoscuola.it/content/view/full/29561;https://it.wikipedia.org/wiki/Comano_Terme;https://www.vivoscuola.it/content/view/full/29564
scuola primaria fiave';via de gasperi,   38075;fiavé;0465701472;ic.giudicarieesteriori@pec.provincia.tn.it;tnee83703d;https://www.vivoscuola.it/content/view/full/29561;https://it.wikipedia.org/wiki/Fiav%C3%A9;https://www.vivoscuola.it/content/view/full/29565
scuola primaria rango bleggio superiore;frazione rango,   38071;bleggio superiore;0465701472;ic.giudicarieesteriori@pec.provincia.tn.it;tnee83702c;https://www.vivoscuola.it/content/view/full/29561;https://it.wikipedia.org/wiki/Bleggio_Superiore;https://www.vivoscuola.it/content/view/full/29566
"scuola secondaria di primo grado ""g. prati"" ponte arche";via s giovanni bosco - ponte arche - bleggio inferiore, 14 38070;comano terme;0465701472;ic.giudicarieesteriori@pec.provincia.tn.it;tnmm83701a;https://www.vivoscuola.it/content/view/full/29561;https://it.wikipedia.org/wiki/Comano_Terme;https://www.vivoscuola.it/content/view/full/29567
"scuola primaria ""f.lli filzi"" rovereto";via unione, 23 38068;rovereto;0464431515;ic.isera-rovereto@pec.provincia.tn.it;tnee84502b;https://www.vivoscuola.it/content/view/full/29569;https://it.wikipedia.org/wiki/Rovereto;https://www.vivoscuola.it/content/view/full/29570
"scuola primaria ""r. levi montalcini"" isera";viale provinciale,   38060;isera;0464431515;ic.isera-rovereto@pec.provincia.tn.it;tnee84501a;https://www.vivoscuola.it/content/view/full/29569;https://it.wikipedia.org/wiki/Isera;https://www.vivoscuola.it/content/view/full/29571
"scuola secondaria di primo grado ""a. degasperi"" rovereto";viale della vittoria, 43 38068;rovereto;0464431515;ic.isera-rovereto@pec.provincia.tn.it;tnmm845019;https://www.vivoscuola.it/content/view/full/29569;https://it.wikipedia.org/wiki/Rovereto;https://www.vivoscuola.it/content/view/full/29572
"scuola primaria ""a. frank"" zambana";piazza ss filippo e giacomo, 1 38010;terre d'adige;0461246535;ic.lavis@pec.provincia.tn.it;tnee825037;https://www.vivoscuola.it/content/view/full/29573;https://it.wikipedia.org/wiki/Terre_d%27Adige;https://www.vivoscuola.it/content/view/full/29574
"scuola primaria ""don g. grazioli"" lavis";via degasperi, 18 38015;lavis;0461246535;ic.lavis@pec.provincia.tn.it;tnee825015;https://www.vivoscuola.it/content/view/full/29573;https://it.wikipedia.org/wiki/Lavis;https://www.vivoscuola.it/content/view/full/29575
scuola primaria pressano lavis;via pilati, 31 38015;lavis;0461246535;ic.lavis@pec.provincia.tn.it;tnee825026;https://www.vivoscuola.it/content/view/full/29573;https://it.wikipedia.org/wiki/Lavis;https://www.vivoscuola.it/content/view/full/29576
"scuola secondaria di primo grado ""a. stainer"" lavis";via sette, 13/a 38015;lavis;0461246535;ic.lavis@pec.provincia.tn.it;tnmm825014;https://www.vivoscuola.it/content/view/full/29573;https://it.wikipedia.org/wiki/Lavis;https://www.vivoscuola.it/content/view/full/29577
"scuola primaria ""c. chiesa"" caldonazzo";via asilo, 3 38052;caldonazzo;0461706146;ic.levicoterme@pec.provincia.tn.it;tnee818023;https://www.vivoscuola.it/content/view/full/29578;https://it.wikipedia.org/wiki/Caldonazzo;https://www.vivoscuola.it/content/view/full/29579
"scuola primaria ""g. rosanelli"" tenna";via albere, 2 38050;tenna;0461706146;ic.levicoterme@pec.provincia.tn.it;tnee818045;https://www.vivoscuola.it/content/view/full/29578;https://it.wikipedia.org/wiki/Tenna_(comune);https://www.vivoscuola.it/content/view/full/29580
"scuola primaria ""padre b. martinelli"" calceranica al lago";via della scuola, 2 38050;calceranica al lago;0461706146;ic.levicoterme@pec.provincia.tn.it;tnee818012;https://www.vivoscuola.it/content/view/full/29578;https://it.wikipedia.org/wiki/Calceranica_al_Lago;https://www.vivoscuola.it/content/view/full/29581
scuola primaria levico terme;via della pace, 5 38056;levico terme;0461706146;ic.levicoterme@pec.provincia.tn.it;tnee818034;https://www.vivoscuola.it/content/view/full/29578;https://it.wikipedia.org/wiki/Levico_Terme;https://www.vivoscuola.it/content/view/full/29582
"scuola secondaria di primo grado ""g. b. de gasparis"" levico terme";via della pace, 5 38056;levico terme;0461706146;ic.levicoterme@pec.provincia.tn.it;tnmm818011;https://www.vivoscuola.it/content/view/full/29578;https://it.wikipedia.org/wiki/Levico_Terme;https://www.vivoscuola.it/content/view/full/29583
"scuola primaria ""a. degasperi"" mezzocorona";via dante, 9 38016;mezzocorona;0461605409;ic.mezzocorona@pec.provincia.tn.it;tnee82304l;https://www.vivoscuola.it/content/view/full/29584;https://it.wikipedia.org/wiki/Mezzocorona;https://www.vivoscuola.it/content/view/full/29585
"scuola primaria ""f. biasi"" s.michele all'adige";via biasi, 1 38010;san michele all'adige;0461605409;ic.mezzocorona@pec.provincia.tn.it;tnee82302e;https://www.vivoscuola.it/content/view/full/29584;https://it.wikipedia.org/wiki/San_Michele_all%27Adige;https://www.vivoscuola.it/content/view/full/29586
"scuola primaria ""f.lli bronzetti"" rovere' della luna";via rosmini, 5/a 38030;roveré della luna;0461605409;ic.mezzocorona@pec.provincia.tn.it;tnee82305n;https://www.vivoscuola.it/content/view/full/29584;https://it.wikipedia.org/wiki/Rover%C3%A9_della_Luna;https://www.vivoscuola.it/content/view/full/29587
scuola primaria grumo;via marconi, 65 38010;san michele all'adige;0461605409;ic.mezzocorona@pec.provincia.tn.it;tnee82301d;https://www.vivoscuola.it/content/view/full/29584;https://it.wikipedia.org/wiki/San_Michele_all%27Adige;https://www.vivoscuola.it/content/view/full/29588
"scuola secondaria di primo grado ""e. chini"" mezzocorona";via dante, 9 38016;mezzocorona;0461605409;ic.mezzocorona@pec.provincia.tn.it;tnmm82301c;https://www.vivoscuola.it/content/view/full/29584;https://it.wikipedia.org/wiki/Mezzocorona;https://www.vivoscuola.it/content/view/full/29589
"scuola primaria ""c. darwin"" mezzolombardo";via filos, 3 38017;mezzolombardo;0461601125;ic.mezzolombardo@pec.provincia.tn.it;tnee824019;https://www.vivoscuola.it/content/view/full/29590;https://it.wikipedia.org/wiki/Mezzolombardo;https://www.vivoscuola.it/content/view/full/29591
"scuola primaria ""don l. rossi"" fai della paganella";via villa, 21 38010;fai della paganella;0461601125;ic.mezzolombardo@pec.provincia.tn.it;tnee82405d;https://www.vivoscuola.it/content/view/full/29590;https://it.wikipedia.org/wiki/Fai_della_Paganella;https://www.vivoscuola.it/content/view/full/29592
"scuola primaria ""l. nicolussi"" molveno";piazza scuole, 2 38018;molveno;0461601125;ic.mezzolombardo@pec.provincia.tn.it;tnee82407g;https://www.vivoscuola.it/content/view/full/29590;https://it.wikipedia.org/wiki/Molveno;https://www.vivoscuola.it/content/view/full/29593
"scuola primaria ""san g. bosco"" spormaggiore";via alt spaur, 5 38010;spormaggiore;0461601125;ic.mezzolombardo@pec.provincia.tn.it;tnee82408l;https://www.vivoscuola.it/content/view/full/29590;https://it.wikipedia.org/wiki/Spormaggiore;https://www.vivoscuola.it/content/view/full/29594
scuola primaria andalo;piazza s vito, 1 38010;andalo;0461601125;ic.mezzolombardo@pec.provincia.tn.it;tnee82406e;https://www.vivoscuola.it/content/view/full/29590;https://it.wikipedia.org/wiki/Andalo;https://www.vivoscuola.it/content/view/full/29595
scuola primaria nave san rocco;piazza s rocco, 15 38010;terre d'adige;0461601125;ic.mezzolombardo@pec.provincia.tn.it;tnee82403b;https://www.vivoscuola.it/content/view/full/29590;https://it.wikipedia.org/wiki/Terre_d%27Adige;https://www.vivoscuola.it/content/view/full/29596
"scuola secondaria di primo grado ""a. eccher dall'eco"" mezzolombardo";via degli alpini, 17 38017;mezzolombardo;0461601125;ic.mezzolombardo@pec.provincia.tn.it;tnmm824018;https://www.vivoscuola.it/content/view/full/29590;https://it.wikipedia.org/wiki/Mezzolombardo;https://www.vivoscuola.it/content/view/full/29597
"scuola secondaria di primo grado ""c. battisti"" andalo";piazza s vito, 1 38010;andalo;0461601125;ic.mezzolombardo@pec.provincia.tn.it;tnmm82403a;https://www.vivoscuola.it/content/view/full/29590;https://it.wikipedia.org/wiki/Andalo;https://www.vivoscuola.it/content/view/full/29598
scuola secondaria di primo grado spormaggiore;via alt spaur, 5 38010;spormaggiore;0461601125;ic.mezzolombardo@pec.provincia.tn.it;tnmm82404b;https://www.vivoscuola.it/content/view/full/29590;https://it.wikipedia.org/wiki/Spormaggiore;https://www.vivoscuola.it/content/view/full/29599
scuola primaria mori;via scuole, 21 38065;mori;0464918669;ic.mori@pec.provincia.tn.it;tnee84901n;https://www.vivoscuola.it/content/view/full/29600;https://it.wikipedia.org/wiki/Mori_(Italia);https://www.vivoscuola.it/content/view/full/29602
scuola primaria ronzo chienis;via del car, 38 38060;ronzo-chienis;0464918669;ic.mori@pec.provincia.tn.it;tnee84903q;https://www.vivoscuola.it/content/view/full/29600;https://it.wikipedia.org/wiki/Ronzo-Chienis;https://www.vivoscuola.it/content/view/full/29603
"scuola secondaria di primo grado ""b. malfatti"" mori";via giovanni xxiii, 64 38065;mori;0464918669;ic.mori@pec.provincia.tn.it;tnmm84901l;https://www.vivoscuola.it/content/view/full/29600;https://it.wikipedia.org/wiki/Mori_(Italia);https://www.vivoscuola.it/content/view/full/29604
"scuola primaria ""don l. milani"" pergine valsugana";via monte cristallo, 2 38057;pergine valsugana;0461532261;ic.pergine1@pec.provincia.tn.it;tnee81402q;https://www.vivoscuola.it/content/view/full/29606;https://it.wikipedia.org/wiki/Pergine_Valsugana;https://www.vivoscuola.it/content/view/full/29607
scuola primaria canezza;via delle scuole, 4 38057;pergine valsugana;0461532261;ic.pergine1@pec.provincia.tn.it;tnee81403r;https://www.vivoscuola.it/content/view/full/29606;https://it.wikipedia.org/wiki/Pergine_Valsugana;https://www.vivoscuola.it/content/view/full/29608
scuola primaria s.felice fierozzo;maso ronca, 1 38050;fierozzo;0461532261;ic.pergine1@pec.provincia.tn.it;tnee81401p;https://www.vivoscuola.it/content/view/full/29606;https://it.wikipedia.org/wiki/Fierozzo;https://www.vivoscuola.it/content/view/full/29609
scuola primaria sant'orsola;localita pintarei, 21 38050;sant'orsola terme;0461532261;ic.pergine1@pec.provincia.tn.it;tnee81406x;https://www.vivoscuola.it/content/view/full/29606;https://it.wikipedia.org/wiki/Sant%27Orsola_Terme;https://www.vivoscuola.it/content/view/full/29610
scuola primaria zivignago;via dei spiazzi, 3 38057;pergine valsugana;0461532261;ic.pergine1@pec.provincia.tn.it;tnee814071;https://www.vivoscuola.it/content/view/full/29606;https://it.wikipedia.org/wiki/Pergine_Valsugana;https://www.vivoscuola.it/content/view/full/29611
"scuola secondaria di primo grado ""c. andreatta"" pergine valsugana";via caduti, 39 38057;pergine valsugana;0461532261;ic.pergine1@pec.provincia.tn.it;tnmm81401n;https://www.vivoscuola.it/content/view/full/29606;https://it.wikipedia.org/wiki/Pergine_Valsugana;https://www.vivoscuola.it/content/view/full/29612
"scuola primaria ""g. rodari"" pergine valsugana";via chimelli, 10 38057;pergine valsugana;0461512312;ic.pergine2@pec.provincia.tn.it;tnee81501e;https://www.vivoscuola.it/content/view/full/29613;https://it.wikipedia.org/wiki/Pergine_Valsugana;https://www.vivoscuola.it/content/view/full/29614
scuola primaria canale;viale delle nazioni unite, 44 38057;pergine valsugana;0461512312;ic.pergine2@pec.provincia.tn.it;tnee81502g;https://www.vivoscuola.it/content/view/full/29613;https://it.wikipedia.org/wiki/Pergine_Valsugana;https://www.vivoscuola.it/content/view/full/29615
scuola primaria madrano;via d oltrefersina, 149 38057;pergine valsugana;0461512312;ic.pergine2@pec.provincia.tn.it;tnee81504n;https://www.vivoscuola.it/content/view/full/29613;https://it.wikipedia.org/wiki/Pergine_Valsugana;https://www.vivoscuola.it/content/view/full/29616
scuola primaria susa';via don sopperra, 61 38057;pergine valsugana;0461512312;ic.pergine2@pec.provincia.tn.it;tnee81503l;https://www.vivoscuola.it/content/view/full/29613;https://it.wikipedia.org/wiki/Pergine_Valsugana;https://www.vivoscuola.it/content/view/full/29617
"scuola secondaria di primo grado ""t. garbari"" pergine valsugana";via amstetten, 4 38057;pergine valsugana;0461512312;ic.pergine2@pec.provincia.tn.it;tnmm81501d;https://www.vivoscuola.it/content/view/full/29613;https://it.wikipedia.org/wiki/Pergine_Valsugana;https://www.vivoscuola.it/content/view/full/29618
"scuola primaria ""g. manega"" tesero";via fia, 11/a 38038;tesero;0462813197;ic.predazzo@pec.provincia.tn.it;tnee80804e;https://www.vivoscuola.it/content/view/full/29619;https://it.wikipedia.org/wiki/Tesero;https://www.vivoscuola.it/content/view/full/29620
"scuola primaria ""i. masia"" ziano di fiemme";piazza italia, 4 38030;ziano di fiemme;0462571163;ic.predazzo@pec.provincia.tn.it;tnee80802c;https://www.vivoscuola.it/content/view/full/29619;https://it.wikipedia.org/wiki/Ziano_di_Fiemme;https://www.vivoscuola.it/content/view/full/29621
"scuola primaria ""m. morandini degasperi"" predazzo";corso degasperi, 8 38037;predazzo;0462501131;ic.predazzo@pec.provincia.tn.it;tnee80801b;https://www.vivoscuola.it/content/view/full/29619;https://it.wikipedia.org/wiki/Predazzo;https://www.vivoscuola.it/content/view/full/29622
"scuola secondaria di primo grado ""g. alberti"" tesero";via fia, 11/a 38038;tesero;0462501131;ic.predazzo@pec.provincia.tn.it;tnmm80802b;https://www.vivoscuola.it/content/view/full/29619;https://it.wikipedia.org/wiki/Tesero;https://www.vivoscuola.it/content/view/full/29623
"scuola secondaria di primo grado ""marzari pencati"" predazzo";via vardabasso, 3 38037;predazzo;0462501131;ic.predazzo@pec.provincia.tn.it;tnmm80801a;https://www.vivoscuola.it/content/view/full/29619;https://it.wikipedia.org/wiki/Predazzo;https://www.vivoscuola.it/content/view/full/29624
"scuola primaria ""n. pernici"" riva del garda";viale pernici, 21 38066;riva del garda;0464553088;riva1@pec.provincia.tn.it;tnee841013;https://www.vivoscuola.it/content/view/full/29625;https://it.wikipedia.org/wiki/Riva_del_Garda;https://www.vivoscuola.it/content/view/full/29626
scuola primaria nago torbole;via de bonetti,   38069;nago-torbole;0464553088;riva1@pec.provincia.tn.it;tnee841035;https://www.vivoscuola.it/content/view/full/29625;https://it.wikipedia.org/wiki/Nago-Torbole;https://www.vivoscuola.it/content/view/full/29627
scuola primaria s. alessandro riva del garda;via s alessandro, 11 38066;riva del garda;0464553088;riva1@pec.provincia.tn.it;tnee841057;https://www.vivoscuola.it/content/view/full/29625;https://it.wikipedia.org/wiki/Riva_del_Garda;https://www.vivoscuola.it/content/view/full/29628
"scuola secondaria di primo grado ""d. chiesa"" riva del garda";viale damiano chiesa, 10 38066;riva del garda;0464553088;riva1@pec.provincia.tn.it;tnmm841012;https://www.vivoscuola.it/content/view/full/29625;https://it.wikipedia.org/wiki/Riva_del_Garda;https://www.vivoscuola.it/content/view/full/29630
"scuola primaria ""a. zadra"" rione degasperi riva del garda";largo caduti delle foibe, 3 38066;riva del garda;0464552170;ic.riva2@pec.provincia.tn.it;tnee84201v;https://www.vivoscuola.it/content/view/full/29631;https://it.wikipedia.org/wiki/Riva_del_Garda;https://www.vivoscuola.it/content/view/full/29632
"scuola primaria ""g. fedrigoni"" varone riva del garda";piazza della chiesa, 13 38066;riva del garda;0464552170;ic.riva2@pec.provincia.tn.it;tnee842031;https://www.vivoscuola.it/content/view/full/29631;https://it.wikipedia.org/wiki/Riva_del_Garda;https://www.vivoscuola.it/content/view/full/29633
"scuola primaria ""o. lucchi"" tenno";via dei laghi, 47 38060;tenno;0464552170;ic.riva2@pec.provincia.tn.it;tnee84202x;https://www.vivoscuola.it/content/view/full/29631;https://it.wikipedia.org/wiki/Tenno;https://www.vivoscuola.it/content/view/full/29634
"scuola secondaria di primo grado ""s. sighele"" riva del garda";piazza contini, 8 38066;riva del garda;0464552170;ic.riva2@pec.provincia.tn.it;tnmm84201t;https://www.vivoscuola.it/content/view/full/29631;https://it.wikipedia.org/wiki/Riva_del_Garda;https://www.vivoscuola.it/content/view/full/29635
"scuola primaria ""f. cavallin"" vallarsa raossi";frazione raossi,   38060;vallarsa;0464433709;ic.roveretoest@pec.provincia.tn.it;tnee85306e;https://www.vivoscuola.it/content/view/full/29637;https://it.wikipedia.org/wiki/Vallarsa;https://www.vivoscuola.it/content/view/full/29638
"scuola primaria ""n. valduga"" terragnolo";frazione piazza di terragnolo, 18 38060;terragnolo;0464433709;ic.roveretoest@pec.provincia.tn.it;tnee85304c;https://www.vivoscuola.it/content/view/full/29637;https://it.wikipedia.org/wiki/Terragnolo;https://www.vivoscuola.it/content/view/full/29639
"scuola primaria ""regina elena"" rovereto";via dante, 41 38068;rovereto;0464433709;ic.roveretoest@pec.provincia.tn.it;tnee85302a;https://www.vivoscuola.it/content/view/full/29637;https://it.wikipedia.org/wiki/Rovereto;https://www.vivoscuola.it/content/view/full/29640
scuola primaria moscheri trambileno;frazione moscheri,   38068;trambileno;0464433709;ic.roveretoest@pec.provincia.tn.it;tnee85305d;https://www.vivoscuola.it/content/view/full/29637;https://it.wikipedia.org/wiki/Trambileno;https://www.vivoscuola.it/content/view/full/29641
"scuola secondaria di primo grado ""d. chiesa"" rovereto";corso rosmini, 86 38068;rovereto;0464433709;ic.roveretoest@pec.provincia.tn.it;tnmm853018;https://www.vivoscuola.it/content/view/full/29637;https://it.wikipedia.org/wiki/Rovereto;https://www.vivoscuola.it/content/view/full/29642
"scuola primaria ""d. chiesa"" noriglio";via romani,  42/1 38068;rovereto;0464420759;ic.roveretonord@pec.provincia.tn.it;tnee85905c;https://www.vivoscuola.it/content/view/full/29643;https://it.wikipedia.org/wiki/Rovereto;https://www.vivoscuola.it/content/view/full/29644
"scuola primaria ""m. k. gandhi"" rovereto";via puccini, 22 38068;rovereto;0464420759;ic.roveretonord@pec.provincia.tn.it;tnee85903a;https://www.vivoscuola.it/content/view/full/29643;https://it.wikipedia.org/wiki/Rovereto;https://www.vivoscuola.it/content/view/full/29645
"scuola secondaria di primo grado ""l. negrelli"" rovereto";corso bettini, 67 38068;rovereto;0464420759;ic.roveretonord@pec.provincia.tn.it;tnmm859017;https://www.vivoscuola.it/content/view/full/29643;https://it.wikipedia.org/wiki/Rovereto;https://www.vivoscuola.it/content/view/full/29646
"scuola primaria ""a. rosmini"" marco";via ii novembre, 57 38068;rovereto;0464420532;ic.roveretosud@pec.provincia.tn.it;tnee855033;https://www.vivoscuola.it/content/view/full/29647;https://it.wikipedia.org/wiki/Rovereto;https://www.vivoscuola.it/content/view/full/29648
"scuola primaria ""d. alighieri"" rovereto";via benacense, 32 38068;rovereto;0464420532;ic.roveretosud@pec.provincia.tn.it;tnee855011;https://www.vivoscuola.it/content/view/full/29647;https://it.wikipedia.org/wiki/Rovereto;https://www.vivoscuola.it/content/view/full/29649
"scuola primaria ""f. guella"" lizzana";via piave,  18 38068;rovereto;0464420532;ic.roveretosud@pec.provincia.tn.it;tnee855022;https://www.vivoscuola.it/content/view/full/29647;https://it.wikipedia.org/wiki/Rovereto;https://www.vivoscuola.it/content/view/full/29650
"scuola secondaria di primo grado ""f. halbherr"" rovereto";via livenza, 1 38068;rovereto;0464420532;ic.roveretosud@pec.provincia.tn.it;tnmm85501x;https://www.vivoscuola.it/content/view/full/29647;https://it.wikipedia.org/wiki/Rovereto;https://www.vivoscuola.it/content/view/full/29651
"scuola primaria ""a. degasperi"" pieve tesino";via brigata abruzzi, 6 38050;pieve tesino;0461762046;ic.strignotesino@pec.provincia.tn.it;tnee80102n;https://www.vivoscuola.it/content/view/full/29652;https://it.wikipedia.org/wiki/Pieve_Tesino;https://www.vivoscuola.it/content/view/full/29653
scuola primaria ospedaletto;via roma, 52 38050;ospedaletto;0461762046;ic.strignotesino@pec.provincia.tn.it;tnee80108x;https://www.vivoscuola.it/content/view/full/29652;https://it.wikipedia.org/wiki/Ospedaletto;https://www.vivoscuola.it/content/view/full/29654
scuola primaria samone;via delle praele, 21 38059;samone;0461762046;ic.strignotesino@pec.provincia.tn.it;tnee80104q;https://www.vivoscuola.it/content/view/full/29652;https://it.wikipedia.org/wiki/Samone_(Trentino-Alto_Adige);https://www.vivoscuola.it/content/view/full/29655
scuola primaria scurelle;via xv agosto, 68 38050;scurelle;0461762046;ic.strignotesino@pec.provincia.tn.it;tnee80105r;https://www.vivoscuola.it/content/view/full/29652;https://it.wikipedia.org/wiki/Scurelle;https://www.vivoscuola.it/content/view/full/29656
scuola primaria strigno;piazza iv novembre - strigno, 12/a 38059;castel ivano;0461762046;ic.strignotesino@pec.provincia.tn.it;tnee80106t;https://www.vivoscuola.it/content/view/full/29652;https://it.wikipedia.org/wiki/Castel_Ivano_(comune);https://www.vivoscuola.it/content/view/full/29657
scuola primaria villa agnedo;via dei molini - agnedo, 36 38059;castel ivano;0461762046;ic.strignotesino@pec.provincia.tn.it;tnee80107v;https://www.vivoscuola.it/content/view/full/29652;https://it.wikipedia.org/wiki/Castel_Ivano_(comune);https://www.vivoscuola.it/content/view/full/29658
"scuola secondaria di primo grado ""o. brentari"" strigno";via roma - strigno, 14 38059;castel ivano;0461762046;ic.strignotesino@pec.provincia.tn.it;tnmm80102l;https://www.vivoscuola.it/content/view/full/29652;https://it.wikipedia.org/wiki/Castel_Ivano_(comune);https://www.vivoscuola.it/content/view/full/29659
scuola secondaria di primo grado castello tesino;via battisti, 2 38053;castello tesino;0461762046;ic.strignotesino@pec.provincia.tn.it;tnmm80101g;https://www.vivoscuola.it/content/view/full/29652;https://it.wikipedia.org/wiki/Castello_Tesino;https://www.vivoscuola.it/content/view/full/29660
"scuola primaria ""mons. a. negri"" tres";via nazionale -tres, 12 38012;predaia;0463468193;ic.taio@pec.provincia.tn.it;tnee826055;https://www.vivoscuola.it/content/view/full/29661;https://it.wikipedia.org/wiki/Predaia;https://www.vivoscuola.it/content/view/full/29662
scuola primaria coredo;via delle scuole - coredo,  6 38012;predaia;0463468193;ic.taio@pec.provincia.tn.it;tnee826011;https://www.vivoscuola.it/content/view/full/29661;https://it.wikipedia.org/wiki/Predaia;https://www.vivoscuola.it/content/view/full/29663
scuola primaria taio;via heroldsberg - taio, 5 38012;predaia;0463468193;ic.taio@pec.provincia.tn.it;tnee826033;https://www.vivoscuola.it/content/view/full/29661;https://it.wikipedia.org/wiki/Predaia;https://www.vivoscuola.it/content/view/full/29664
"scuola secondaria di primo grado ""f. barbacovi"" coredo";via delle scuole - coredo,  6 38012;predaia;0463468193;ic.taio@pec.provincia.tn.it;tnmm826021;https://www.vivoscuola.it/content/view/full/29661;https://it.wikipedia.org/wiki/Predaia;https://www.vivoscuola.it/content/view/full/29665
"scuola secondaria di primo grado ""f. barbacovi"" taio";via degli alpini - taio, 17 38012;predaia;0463468193;ic.taio@pec.provincia.tn.it;tnmm82601x;https://www.vivoscuola.it/content/view/full/29661;https://it.wikipedia.org/wiki/Predaia;https://www.vivoscuola.it/content/view/full/29666
"scuola primaria ""a. prandini"" roncone";via iii novembre - roncone, 22 38087;sella giudicarie;0465321053;ic.tione@pec.provincia.tn.it;tnee83605q;https://www.vivoscuola.it/content/view/full/29667;https://it.wikipedia.org/wiki/Sella_Giudicarie;https://www.vivoscuola.it/content/view/full/29668
scuola primaria bondo-breguzzo;via indipendenza - bondo, 105 38087;sella giudicarie;0465321053;ic.tione@pec.provincia.tn.it;tnee83601g;https://www.vivoscuola.it/content/view/full/29667;https://it.wikipedia.org/wiki/Sella_Giudicarie;https://www.vivoscuola.it/content/view/full/29669
scuola primaria ragoli;via roma - ragoli, 5 38070;tre ville;0465321053;ic.tione@pec.provincia.tn.it;tnee83602l;https://www.vivoscuola.it/content/view/full/29667;https://it.wikipedia.org/wiki/Tre_Ville;https://www.vivoscuola.it/content/view/full/29670
scuola primaria tione di trento;via pinzolo, 2 38079;tione di trento;0465321053;ic.tione@pec.provincia.tn.it;tnee83603n;https://www.vivoscuola.it/content/view/full/29667;https://it.wikipedia.org/wiki/Tione_di_Trento;https://www.vivoscuola.it/content/view/full/29671
scuola primaria zuclo;via fucina - zuclo, 10 38079;borgo lares;0465321053;ic.tione@pec.provincia.tn.it;tnee83604p;https://www.vivoscuola.it/content/view/full/29667;https://it.wikipedia.org/wiki/Borgo_Lares;https://www.vivoscuola.it/content/view/full/29672
"scuola secondaria di primo grado ""legione trentina"" tione di trento";via circonvallazione, 44 38079;tione di trento;0465321053;ic.tione@pec.provincia.tn.it;tnmm83601e;https://www.vivoscuola.it/content/view/full/29667;https://it.wikipedia.org/wiki/Tione_di_Trento;https://www.vivoscuola.it/content/view/full/29673
scuola secondaria di primo grado roncone;via iii novembre - roncone, 22/a 38087;sella giudicarie;0465321053;ic.tione@pec.provincia.tn.it;tnmm83602g;https://www.vivoscuola.it/content/view/full/29667;https://it.wikipedia.org/wiki/Sella_Giudicarie;https://www.vivoscuola.it/content/view/full/29674
"scuola primaria ""g. a. tomasi"" villazzano";piazza monsignor nicolini,  7 38123;trento;0461912740;ic.trento1@pec.provincia.tn.it;tnee81902v;https://www.vivoscuola.it/content/view/full/29675;https://it.wikipedia.org/wiki/Trento;https://www.vivoscuola.it/content/view/full/29676
"scuola primaria ""u. moggioli"" povo";via dei rivi, 6 38123;trento;0461912740;ic.trento1@pec.provincia.tn.it;tnee81901t;https://www.vivoscuola.it/content/view/full/29675;https://it.wikipedia.org/wiki/Trento;https://www.vivoscuola.it/content/view/full/29677
"scuola secondaria di primo grado ""g. pascoli"" povo";via znojmo, 24 38123;trento;0461912740;ic.trento1@pec.provincia.tn.it;tnmm81901r;https://www.vivoscuola.it/content/view/full/29675;https://it.wikipedia.org/wiki/Trento;https://www.vivoscuola.it/content/view/full/29678
"scuola primaria ""e. bernardi"" cognola";via ponte alto, 2/1 38121;trento;0461982113;ic.comenius@pec.provincia.tn.it;tnee820012;https://www.vivoscuola.it/content/view/full/29679;https://it.wikipedia.org/wiki/Trento;https://www.vivoscuola.it/content/view/full/29680
"scuola primaria ""r. belenzani"" s.vito";via s vito, 169 38121;trento;0461982113;ic.comenius@pec.provincia.tn.it;tnee820045;https://www.vivoscuola.it/content/view/full/29679;https://it.wikipedia.org/wiki/Trento;https://www.vivoscuola.it/content/view/full/29681
"scuola primaria ""r. zandonai"" martignano";piazza menghin,  1 38121;trento;0461982113;ic.comenius@pec.provincia.tn.it;tnee820034;https://www.vivoscuola.it/content/view/full/29679;https://it.wikipedia.org/wiki/Trento;https://www.vivoscuola.it/content/view/full/29682
scuola primaria casa serena;via alle campanelle, 23 38121;trento;0461982113;ic.comenius@pec.provincia.tn.it;tnee820023;https://www.vivoscuola.it/content/view/full/29679;https://it.wikipedia.org/wiki/Trento;https://www.vivoscuola.it/content/view/full/29683
"scuola secondaria di primo grado ""argentario"" trento";via ponte alto, 2/1 38121;trento;0461982113;ic.comenius@pec.provincia.tn.it;tnmm820011;https://www.vivoscuola.it/content/view/full/29679;https://it.wikipedia.org/wiki/Trento;https://www.vivoscuola.it/content/view/full/29684
"scuola primaria ""a. nicolodi"" trento";via fogazzaro, 2 38122;trento;04611825610;ic.trento3@pec.provincia.tn.it;tnee85604x;https://www.vivoscuola.it/content/view/full/29685;https://it.wikipedia.org/wiki/Trento;https://www.vivoscuola.it/content/view/full/29686
"scuola primaria ""d. savio"" trento";via s pio x, 103 38122;trento;04611825610;ic.trento3@pec.provincia.tn.it;tnee85601r;https://www.vivoscuola.it/content/view/full/29685;https://it.wikipedia.org/wiki/Trento;https://www.vivoscuola.it/content/view/full/29687
"scuola primaria ""g. b. de gaspari"" trento";via zandonai, 4 38122;trento;04611825610;ic.trento3@pec.provincia.tn.it;tnee85602t;https://www.vivoscuola.it/content/view/full/29685;https://it.wikipedia.org/wiki/Trento;https://www.vivoscuola.it/content/view/full/29688
scuola primaria ravina;via delle masere, 5 38123;trento;04611825610;ic.trento3@pec.provincia.tn.it;tnee85603v;https://www.vivoscuola.it/content/view/full/29685;https://it.wikipedia.org/wiki/Trento;https://www.vivoscuola.it/content/view/full/29689
"scuola secondaria di primo grado ""bronzetti - segantini"" trento";via vittorio veneto, 61 38122;trento;04611825610;ic.trento3@pec.provincia.tn.it;tnmm85601q;https://www.vivoscuola.it/content/view/full/29685;https://it.wikipedia.org/wiki/Trento;https://www.vivoscuola.it/content/view/full/29690
scuola primaria clarina trento;via einaudi, 13 38123;trento;0461920316;ic.trento4@pec.provincia.tn.it;tnee85701l;https://www.vivoscuola.it/content/view/full/29691;https://it.wikipedia.org/wiki/Trento;https://www.vivoscuola.it/content/view/full/29692
scuola primaria localita' madonna bianca trento;piazzale europa, 4 38123;trento;0461920316;ic.trento4@pec.provincia.tn.it;tnee85702n;https://www.vivoscuola.it/content/view/full/29691;https://it.wikipedia.org/wiki/Trento;https://www.vivoscuola.it/content/view/full/29693
scuola primaria ospedale infantile trento;largo medaglie d oro, 9 38122;trento;0461920316;ic.trento4@pec.provincia.tn.it;tnee85703p;https://www.vivoscuola.it/content/view/full/29691;https://it.wikipedia.org/wiki/Trento;https://www.vivoscuola.it/content/view/full/29694
"scuola secondaria di primo grado ""o. winkler"" trento";viale degli olmi, 22 38123;trento;0461920316;ic.trento4@pec.provincia.tn.it;tnmm85701g;https://www.vivoscuola.it/content/view/full/29691;https://it.wikipedia.org/wiki/Trento;https://www.vivoscuola.it/content/view/full/29695
"scuola primaria ""a. gorfer"" trento";via dei solteri, 22 38121;trento;0461821434;ic.tn5@pec.provincia.tn.it;tnee85204l;https://www.vivoscuola.it/content/view/full/29697;https://it.wikipedia.org/wiki/Trento;https://www.vivoscuola.it/content/view/full/29698
"scuola primaria ""f. crispi"" trento";via s giovanni bosco, 8 38122;trento;0461263331;ic.tn5@pec.provincia.tn.it;tnee85202e;https://www.vivoscuola.it/content/view/full/29697;https://it.wikipedia.org/wiki/Trento;https://www.vivoscuola.it/content/view/full/29699
"scuola primaria ""r. sanzio"" trento";piazza sanzio, 13 38122;trento;0461233896;ic.tn5@pec.provincia.tn.it;tnee85201d;https://www.vivoscuola.it/content/view/full/29697;https://it.wikipedia.org/wiki/Trento;https://www.vivoscuola.it/content/view/full/29700
"scuola secondaria di primo grado ""g. bresadola"" trento";via al torrione, 2 38122;trento;0461986634;ic.tn5@pec.provincia.tn.it;tnmm85201c;https://www.vivoscuola.it/content/view/full/29697;https://it.wikipedia.org/wiki/Trento;https://www.vivoscuola.it/content/view/full/29702
"scuola primaria ""a. degasperi"" sardagna";via della toresèla, 1 38123;trento;0461236214;ic.trento6@pec.provincia.tn.it;tnee85806n;https://www.vivoscuola.it/content/view/full/29703;https://it.wikipedia.org/wiki/Trento;https://www.vivoscuola.it/content/view/full/29704
"scuola primaria ""a. schmid"" cristo re trento";via schmid, 4 38121;trento;0461236214;ic.trento6@pec.provincia.tn.it;tnee85802d;https://www.vivoscuola.it/content/view/full/29703;https://it.wikipedia.org/wiki/Trento;https://www.vivoscuola.it/content/view/full/29705
"scuola primaria ""beato s. bellesini"" trento";via stoppani, 3 38121;trento;0461236214;ic.trento6@pec.provincia.tn.it;tnee85801c;https://www.vivoscuola.it/content/view/full/29703;https://it.wikipedia.org/wiki/Trento;https://www.vivoscuola.it/content/view/full/29706
"scuola primaria ""s. pertini"" sopramonte";via canelli - sopramonte, 1 38123;trento;0461236214;ic.trento6@pec.provincia.tn.it;tnee85805l;https://www.vivoscuola.it/content/view/full/29703;https://it.wikipedia.org/wiki/Trento;https://www.vivoscuola.it/content/view/full/29707
"scuola primaria ""san vigilio"" vela";localita la vela, 3 38121;trento;0461236214;ic.trento6@pec.provincia.tn.it;tnee85803e;https://www.vivoscuola.it/content/view/full/29703;https://it.wikipedia.org/wiki/Trento;https://www.vivoscuola.it/content/view/full/29708
scuola primaria cadine;via di coltura, 7 38123;trento;0461236214;ic.trento6@pec.provincia.tn.it;tnee85804g;https://www.vivoscuola.it/content/view/full/29703;https://it.wikipedia.org/wiki/Trento;https://www.vivoscuola.it/content/view/full/29709
"scuola secondaria di primo grado ""a. manzoni"" trento";corso buonarroti, 50 38122;trento;0461236214;ic.trento6@pec.provincia.tn.it;tnmm85801b;https://www.vivoscuola.it/content/view/full/29703;https://it.wikipedia.org/wiki/Trento;https://www.vivoscuola.it/content/view/full/29710
"scuola primaria ""e. de carli"" meano";via delle tre croci, 40 38121;trento;0461990287;ic.trento7@pec.provincia.tn.it;tnee85101n;https://www.vivoscuola.it/content/view/full/29711;https://it.wikipedia.org/wiki/Trento;https://www.vivoscuola.it/content/view/full/29712
"scuola primaria ""i. calvino"" vigo meano";via alle oselere,   38121;trento;0461990287;ic.trento7@pec.provincia.tn.it;tnee85102p;https://www.vivoscuola.it/content/view/full/29711;https://it.wikipedia.org/wiki/Trento;https://www.vivoscuola.it/content/view/full/29713
"scuola primaria ""pigarelli"" gardolo trento";via iv novembre, 42/1 38121;trento;0461990287;ic.trento7@pec.provincia.tn.it;tnee85103q;https://www.vivoscuola.it/content/view/full/29711;https://it.wikipedia.org/wiki/Trento;https://www.vivoscuola.it/content/view/full/29714
"scuola primaria ""s. anna"" gardolo trento";via s anna, 3 38121;trento;0461990287;ic.trento7@pec.provincia.tn.it;tnee85104r;https://www.vivoscuola.it/content/view/full/29711;https://it.wikipedia.org/wiki/Trento;https://www.vivoscuola.it/content/view/full/29715
"scuola secondaria di primo grado ""s. pedrolli"" gardolo trento";via iv novembre, 35/1 38121;trento;0461990287;ic.trento7@pec.provincia.tn.it;tnmm85101l;https://www.vivoscuola.it/content/view/full/29711;https://it.wikipedia.org/wiki/Trento;https://www.vivoscuola.it/content/view/full/29716
"scuola primaria ""g. b. righi"" madonna di campiglio";via serafini - madonna di campiglio, 9 38070;tre ville;0465501139;ic.valrendena@pec.provincia.tn.it;tnee834054;https://www.vivoscuola.it/content/view/full/29717;https://it.wikipedia.org/wiki/Tre_Ville;https://www.vivoscuola.it/content/view/full/29718
"scuola primaria ""n. bolognini"" pinzolo";via collini borciol, 18 38086;pinzolo;0465501139;ic.valrendena@pec.provincia.tn.it;tnee834043;https://www.vivoscuola.it/content/view/full/29717;https://it.wikipedia.org/wiki/Pinzolo;https://www.vivoscuola.it/content/view/full/29719
"scuola primaria ""s. massari"" spiazzo";frazione fisto,  112 38088;spiazzo;0465501139;ic.valrendena@pec.provincia.tn.it;tnee834065;https://www.vivoscuola.it/content/view/full/29717;https://it.wikipedia.org/wiki/Spiazzo;https://www.vivoscuola.it/content/view/full/29720
"scuola primaria ""t. giustina"" caderzone";via regina elena, 43 38080;caderzone terme;0465501139;ic.valrendena@pec.provincia.tn.it;tnee83401x;https://www.vivoscuola.it/content/view/full/29717;https://it.wikipedia.org/wiki/Caderzone_Terme;https://www.vivoscuola.it/content/view/full/29721
"scuola primaria ""v. gabriotti"" giustino";via presanella, 23 38086;giustino;0465501139;ic.valrendena@pec.provincia.tn.it;tnee834032;https://www.vivoscuola.it/content/view/full/29717;https://it.wikipedia.org/wiki/Giustino_(Italia);https://www.vivoscuola.it/content/view/full/29722
scuola primaria carisolo;via verdi, 18/b 38080;carisolo;0465501139;ic.valrendena@pec.provincia.tn.it;tnee834021;https://www.vivoscuola.it/content/view/full/29717;https://it.wikipedia.org/wiki/Carisolo;https://www.vivoscuola.it/content/view/full/29723
scuola primaria dare';via dare - dare, 111 38080;porte di rendena;0465501139;ic.valrendena@pec.provincia.tn.it;tnee834076;https://www.vivoscuola.it/content/view/full/29717;https://it.wikipedia.org/wiki/Porte_di_Rendena;https://www.vivoscuola.it/content/view/full/29724
"scuola secondaria di primo grado ""b. de averaria"" spiazzo";frazione fisto,  112 38088;spiazzo;0465501139;ic.valrendena@pec.provincia.tn.it;tnmm83402x;https://www.vivoscuola.it/content/view/full/29717;https://it.wikipedia.org/wiki/Spiazzo;https://www.vivoscuola.it/content/view/full/29725
"scuola secondaria di primo grado ""g. b. righi"" madonna di campiglio";via serafini - madonna di campiglio, 9 38070;tre ville;0465501139;ic.valrendena@pec.provincia.tn.it;tnmm834031;https://www.vivoscuola.it/content/view/full/29717;https://it.wikipedia.org/wiki/Tre_Ville;https://www.vivoscuola.it/content/view/full/29726
"scuola secondaria di primo grado ""l. da vinci"" pinzolo";via collini borciol, 18 38086;pinzolo;0465501139;ic.valrendena@pec.provincia.tn.it;tnmm83401v;https://www.vivoscuola.it/content/view/full/29717;https://it.wikipedia.org/wiki/Pinzolo;https://www.vivoscuola.it/content/view/full/29727
scuola primaria calavino;piazza maria assunta - calavino, 1 38076;madruzzo;0461864026;ic.valledeilaghi@pec.provincia.tn.it;tnee84405p;https://www.vivoscuola.it/content/view/full/29728;https://it.wikipedia.org/wiki/Madruzzo_(Italia);https://www.vivoscuola.it/content/view/full/29729
scuola primaria cavedine;via don negri, 21 38073;cavedine;0461864026;ic.valledeilaghi@pec.provincia.tn.it;tnee84406q;https://www.vivoscuola.it/content/view/full/29728;https://it.wikipedia.org/wiki/Cavedine;https://www.vivoscuola.it/content/view/full/29730
scuola primaria dro;piazza repubblica,  1 38074;dro;0461864026;ic.valledeilaghi@pec.provincia.tn.it;tnee84409v;https://www.vivoscuola.it/content/view/full/29728;https://it.wikipedia.org/wiki/Dro;https://www.vivoscuola.it/content/view/full/29731
scuola primaria pietramurata;piazza mercato,   38074;dro;0461864026;ic.valledeilaghi@pec.provincia.tn.it;tnee844101;https://www.vivoscuola.it/content/view/full/29728;https://it.wikipedia.org/wiki/Dro;https://www.vivoscuola.it/content/view/full/29732
scuola primaria sarche calavino;via caffaro - sarche - calavino, 2 38076;madruzzo;0461864026;ic.valledeilaghi@pec.provincia.tn.it;tnee84401e;https://www.vivoscuola.it/content/view/full/29728;https://it.wikipedia.org/wiki/Madruzzo_(Italia);https://www.vivoscuola.it/content/view/full/29733
scuola primaria terlago;via degasperi - terlago, 5 38070;vallelaghi;0461864026;ic.valledeilaghi@pec.provincia.tn.it;tnee84402g;https://www.vivoscuola.it/content/view/full/29728;https://it.wikipedia.org/wiki/Vallelaghi;https://www.vivoscuola.it/content/view/full/29734
scuola primaria vezzano;via roma - vezzano, 3 38070;vallelaghi;0461864026;ic.valledeilaghi@pec.provincia.tn.it;tnee84403l;https://www.vivoscuola.it/content/view/full/29728;https://it.wikipedia.org/wiki/Vallelaghi;https://www.vivoscuola.it/content/view/full/29735
scuola primaria vigo cavedine;via don negri, 21 38073;cavedine;0461864026;ic.valledeilaghi@pec.provincia.tn.it;tnee84407r;https://www.vivoscuola.it/content/view/full/29728;https://it.wikipedia.org/wiki/Cavedine;https://www.vivoscuola.it/content/view/full/29736
"scuola secondaria di primo grado ""c. madruzzo"" cavedine";via xxv aprile, 7 38073;cavedine;0461864026;ic.valledeilaghi@pec.provincia.tn.it;tnmm84402e;https://www.vivoscuola.it/content/view/full/29728;https://it.wikipedia.org/wiki/Cavedine;https://www.vivoscuola.it/content/view/full/29737
"scuola secondaria di primo grado ""nuova europa"" dro";via s antonio, 17 38074;dro;0461864026;ic.valledeilaghi@pec.provincia.tn.it;tnmm84403g;https://www.vivoscuola.it/content/view/full/29728;https://it.wikipedia.org/wiki/Dro;https://www.vivoscuola.it/content/view/full/29738
"scuola secondaria di primo grado ""s. bellesini"" vezzano";via roma - vezzano, 3 38070;vallelaghi;0461864026;ic.valledeilaghi@pec.provincia.tn.it;tnmm84401d;https://www.vivoscuola.it/content/view/full/29728;https://it.wikipedia.org/wiki/Vallelaghi;https://www.vivoscuola.it/content/view/full/29739
"scuola primaria ""o. ferrari"" enguiso";via dei concei - enguiso - concei, 27 38067;ledro;0464592800;ic.vallediledro@pec.provincia.tn.it;tnee80601q;https://www.vivoscuola.it/content/view/full/29740;https://it.wikipedia.org/wiki/Ledro;https://www.vivoscuola.it/content/view/full/29741
scuola primaria molina di ledro;via sartori - molina di ledro, 27 38067;ledro;0464592800;ic.vallediledro@pec.provincia.tn.it;tnee80602r;https://www.vivoscuola.it/content/view/full/29740;https://it.wikipedia.org/wiki/Ledro;https://www.vivoscuola.it/content/view/full/29742
scuola primaria tiarno di sopra;piazza milin - tiarno di sopra, 14 38067;ledro;0464592800;ic.vallediledro@pec.provincia.tn.it;tnee80603t;https://www.vivoscuola.it/content/view/full/29740;https://it.wikipedia.org/wiki/Ledro;https://www.vivoscuola.it/content/view/full/29743
"scuola secondaria di primo grado ""g. garibaldi"" bezzecca";via falcone e borsellino - bezzecca, 2 38067;ledro;0464592800;ic.vallediledro@pec.provincia.tn.it;tnmm80601p;https://www.vivoscuola.it/content/view/full/29740;https://it.wikipedia.org/wiki/Ledro;https://www.vivoscuola.it/content/view/full/29744
"scuola primaria ""a. fogazzaro"" vattaro";via venezia - bosentino, 12/a 38049;altopiano della vigolana;0461848878;ic.vigolovattaro@pec.provincia.tn.it;tnee803029;https://www.vivoscuola.it/content/view/full/29745;https://it.wikipedia.org/wiki/Altopiano_della_Vigolana;https://www.vivoscuola.it/content/view/full/29746
"scuola primaria ""don t. segnana"" centa san nicolo'";via don rossi - centa san nicolo, 4 38049;altopiano della vigolana;0461848878;ic.vigolovattaro@pec.provincia.tn.it;tnee80303a;https://www.vivoscuola.it/content/view/full/29745;https://it.wikipedia.org/wiki/Altopiano_della_Vigolana;https://www.vivoscuola.it/content/view/full/29747
scuola primaria vigolo vattaro;via garibaldi - vigolo vattaro, 8 38049;altopiano della vigolana;0461848878;ic.vigolovattaro@pec.provincia.tn.it;tnee803018;https://www.vivoscuola.it/content/view/full/29745;https://it.wikipedia.org/wiki/Altopiano_della_Vigolana;https://www.vivoscuola.it/content/view/full/29748
scuola secondaria di primo grado vigolo vattaro;via garibaldi - vigolo vattaro, 8 38049;altopiano della vigolana;0461848878;ic.vigolovattaro@pec.provincia.tn.it;tnmm803017;https://www.vivoscuola.it/content/view/full/29745;https://it.wikipedia.org/wiki/Altopiano_della_Vigolana;https://www.vivoscuola.it/content/view/full/29749
"scuola primaria ""l. vicentini"" nomi";via romani, 12 38060;nomi;0464411312;ic.villalagarina@pec.provincia.tn.it;tnee84606b;https://www.vivoscuola.it/content/view/full/29750;https://it.wikipedia.org/wiki/Nomi_(Italia);https://www.vivoscuola.it/content/view/full/29751
"scuola primaria ""p. lodron"" villa lagarina";via stockstadt am rhein, 9 38060;villa lagarina;0464411312;ic.villalagarina@pec.provincia.tn.it;tnee846038;https://www.vivoscuola.it/content/view/full/29750;https://it.wikipedia.org/wiki/Villa_Lagarina;https://www.vivoscuola.it/content/view/full/29752
"scuola primaria ""r. galvagni"" pomarolo";piazzale colonello angheben, 5 38060;pomarolo;0464411312;ic.villalagarina@pec.provincia.tn.it;tnee846027;https://www.vivoscuola.it/content/view/full/29750;https://it.wikipedia.org/wiki/Pomarolo;https://www.vivoscuola.it/content/view/full/29753
scuola primaria nogaredo;via verdi, 44 38060;nogaredo;0464411312;ic.villalagarina@pec.provincia.tn.it;tnee846016;https://www.vivoscuola.it/content/view/full/29750;https://it.wikipedia.org/wiki/Nogaredo;https://www.vivoscuola.it/content/view/full/29754
"scuola secondaria di primo grado ""a. frank"" villa lagarina";via stockstadt am rhein, 3 38060;villa lagarina;0464411312;ic.villalagarina@pec.provincia.tn.it;tnmm846015;https://www.vivoscuola.it/content/view/full/29750;https://it.wikipedia.org/wiki/Villa_Lagarina;https://www.vivoscuola.it/content/view/full/29755
capes - settore servizi;via ziehl, 5 38056;levico terme;0461706294;ifpa.levicoterme@pec.provincia.tn.it;tncf010001;https://www.vivoscuola.it/content/view/full/29858;https://it.wikipedia.org/wiki/Levico_Terme;https://www.vivoscuola.it/content/view/full/170208
settore industria e artigianato;via ziehl, 5 38056;levico terme;0461706294;ifpa.levicoterme@pec.provincia.tn.it;tncf010001;https://www.vivoscuola.it/content/view/full/29858;https://it.wikipedia.org/wiki/Levico_Terme;https://www.vivoscuola.it/content/view/full/122612
settore servizi;via ziehl, 5 38056;levico terme;0461706294;ifpa.levicoterme@pec.provincia.tn.it;tncf010001;https://www.vivoscuola.it/content/view/full/29858;https://it.wikipedia.org/wiki/Levico_Terme;https://www.vivoscuola.it/content/view/full/29859
settore servizi serale;via ziehl, 5 38056;levico terme;0461706294;ifpa.levicoterme@pec.provincia.tn.it;;https://www.vivoscuola.it/content/view/full/29858;https://it.wikipedia.org/wiki/Levico_Terme;https://www.vivoscuola.it/content/view/full/76225
capes - settore servizi;viale dei colli, 17 38068;rovereto;0464439164;ifpa.rovereto@pec.provincia.tn.it;tncf011001;https://www.vivoscuola.it/content/view/full/29861;https://it.wikipedia.org/wiki/Rovereto;https://www.vivoscuola.it/content/view/full/170209
settore industria e artigianato;viale dei colli, 17 38068;rovereto;0464439164;ifpa.rovereto@pec.provincia.tn.it;tncf011001;https://www.vivoscuola.it/content/view/full/29861;https://it.wikipedia.org/wiki/Rovereto;https://www.vivoscuola.it/content/view/full/92004
settore servizi;viale dei colli, 17 38068;rovereto;0464439164;ifpa.rovereto@pec.provincia.tn.it;tncf011001;https://www.vivoscuola.it/content/view/full/29861;https://it.wikipedia.org/wiki/Rovereto;https://www.vivoscuola.it/content/view/full/29862
settore servizi serale;viale dei colli, 17 38068;rovereto;0464439164;ifpa.rovereto@pec.provincia.tn.it;;https://www.vivoscuola.it/content/view/full/29861;https://it.wikipedia.org/wiki/Rovereto;https://www.vivoscuola.it/content/view/full/29863
capes - settore servizi;viale verona, 141 38123;trento;0461933147;ifp.trento@pec.provincia.tn.it;tncf012001;https://www.vivoscuola.it/content/view/full/29864;https://it.wikipedia.org/wiki/Trento;https://www.vivoscuola.it/content/view/full/170210
settore industria e artigianato;via asiago, 14 38123;trento;0461933147;ifp.trento@pec.provincia.tn.it;tnfp268sta;https://www.vivoscuola.it/content/view/full/29864;https://it.wikipedia.org/wiki/Trento;https://www.vivoscuola.it/content/view/full/29865
settore industria e artigianato serale;via asiago, 14 38123;trento;0461933147;ifp.trento@pec.provincia.tn.it;;https://www.vivoscuola.it/content/view/full/29864;https://it.wikipedia.org/wiki/Trento;https://www.vivoscuola.it/content/view/full/29866
settore servizi;viale verona, 141 38123;trento;0461933147;ifp.trento@pec.provincia.tn.it;tncf012001;https://www.vivoscuola.it/content/view/full/29864;https://it.wikipedia.org/wiki/Trento;https://www.vivoscuola.it/content/view/full/29867
settore servizi serale;viale verona, 141 38123;trento;0461933147;ifp.trento@pec.provincia.tn.it;;https://www.vivoscuola.it/content/view/full/29864;https://it.wikipedia.org/wiki/Trento;https://www.vivoscuola.it/content/view/full/29868
educazione per adulti relativa al primo ciclo;via xxiv maggio, 7 38051;borgo valsugana;0461753647;degasperi@pec.provincia.tn.it;tnct708006;https://www.vivoscuola.it/content/view/full/29760;https://it.wikipedia.org/wiki/Borgo_Valsugana;https://www.vivoscuola.it/content/view/full/29761
istituto professionale per i servizi sanitari serale;via xxiv maggio, 7 38051;borgo valsugana;0461753647;degasperi@pec.provincia.tn.it;tntd002505;https://www.vivoscuola.it/content/view/full/29760;https://it.wikipedia.org/wiki/Borgo_Valsugana;https://www.vivoscuola.it/content/view/full/29762
istituto tecnico per il settore economico;via xxiv maggio, 7 38051;borgo valsugana;0461753647;degasperi@pec.provincia.tn.it;tntd00201r;https://www.vivoscuola.it/content/view/full/29760;https://it.wikipedia.org/wiki/Borgo_Valsugana;https://www.vivoscuola.it/content/view/full/29763
istituto tecnico per il settore economico serale;via xxiv maggio, 7 38051;borgo valsugana;0461753647;degasperi@pec.provincia.tn.it;tntd002505;https://www.vivoscuola.it/content/view/full/29760;https://it.wikipedia.org/wiki/Borgo_Valsugana;https://www.vivoscuola.it/content/view/full/29764
istituto tecnico per il settore tecnologico;via xxiv maggio, 7 38051;borgo valsugana;0461753647;degasperi@pec.provincia.tn.it;tntd00201r;https://www.vivoscuola.it/content/view/full/29760;https://it.wikipedia.org/wiki/Borgo_Valsugana;https://www.vivoscuola.it/content/view/full/29765
istituto tecnico per il settore tecnologico serale;via xxiv maggio, 7 38051;borgo valsugana;0461753647;degasperi@pec.provincia.tn.it;tntd002505;https://www.vivoscuola.it/content/view/full/29760;https://it.wikipedia.org/wiki/Borgo_Valsugana;https://www.vivoscuola.it/content/view/full/29766
liceo delle scienze umane;via xxiv maggio, 7 38051;borgo valsugana;0461753647;degasperi@pec.provincia.tn.it;tnps002011;https://www.vivoscuola.it/content/view/full/29760;https://it.wikipedia.org/wiki/Borgo_Valsugana;https://www.vivoscuola.it/content/view/full/29767
liceo scientifico;via xxiv maggio, 7 38051;borgo valsugana;0461753647;degasperi@pec.provincia.tn.it;tnps002011;https://www.vivoscuola.it/content/view/full/29760;https://it.wikipedia.org/wiki/Borgo_Valsugana;https://www.vivoscuola.it/content/view/full/29768
liceo scientifico opzione scienze applicate;via xxiv maggio, 7 38051;borgo valsugana;0461753647;degasperi@pec.provincia.tn.it;tnps002011;https://www.vivoscuola.it/content/view/full/29760;https://it.wikipedia.org/wiki/Borgo_Valsugana;https://www.vivoscuola.it/content/view/full/29769
educazione per adulti relativa al primo ciclo;via balista, 2 38068;rovereto;0464485511;donmilani@pec.provincia.tn.it;tnct70100b;https://www.vivoscuola.it/content/view/full/29809;https://it.wikipedia.org/wiki/Rovereto;https://www.vivoscuola.it/content/view/full/29810
istituto professionale per il settore dei servizi;via balista, 2 38068;rovereto;0464485511;donmilani@pec.provincia.tn.it;tnrc009018;https://www.vivoscuola.it/content/view/full/29809;https://it.wikipedia.org/wiki/Rovereto;https://www.vivoscuola.it/content/view/full/29811
istituto professionale per il settore dei servizi serale;via balista, 2 38068;rovereto;0464485511;donmilani@pec.provincia.tn.it;tnrc00951n;https://www.vivoscuola.it/content/view/full/29809;https://it.wikipedia.org/wiki/Rovereto;https://www.vivoscuola.it/content/view/full/29812
istituto tecnico per il settore economico;via balista, 2 38068;rovereto;0464485511;donmilani@pec.provincia.tn.it;tntd00901g;https://www.vivoscuola.it/content/view/full/29809;https://it.wikipedia.org/wiki/Rovereto;https://www.vivoscuola.it/content/view/full/29813
istituto tecnico per il settore economico serale;via balista, 2 38068;rovereto;0464485511;donmilani@pec.provincia.tn.it;tntd00950x;https://www.vivoscuola.it/content/view/full/29809;https://it.wikipedia.org/wiki/Rovereto;https://www.vivoscuola.it/content/view/full/29814
educazione per adulti relativa al primo ciclo;via durone, 53 38079;tione di trento;0465321735;guetti@pec.provincia.tn.it;tnct711002;https://www.vivoscuola.it/content/view/full/29771;https://it.wikipedia.org/wiki/Tione_di_Trento;https://www.vivoscuola.it/content/view/full/29772
istituto tecnico per il settore economico;via durone, 53 38079;tione di trento;0465321735;guetti@pec.provincia.tn.it;tntd00701x;https://www.vivoscuola.it/content/view/full/29771;https://it.wikipedia.org/wiki/Tione_di_Trento;https://www.vivoscuola.it/content/view/full/29773
istituto tecnico per il settore economico serale;via durone, 53 38079;tione di trento;0465321735;guetti@pec.provincia.tn.it;tntd007519;https://www.vivoscuola.it/content/view/full/29771;https://it.wikipedia.org/wiki/Tione_di_Trento;https://www.vivoscuola.it/content/view/full/29774
istituto tecnico per il settore tecnologico;via durone, 53 38079;tione di trento;0465321735;guetti@pec.provincia.tn.it;tntd00701x;https://www.vivoscuola.it/content/view/full/29771;https://it.wikipedia.org/wiki/Tione_di_Trento;https://www.vivoscuola.it/content/view/full/29775
istituto tecnico per il settore tecnologico serale;via durone, 53 38079;tione di trento;0465321735;guetti@pec.provincia.tn.it;tntd007519;https://www.vivoscuola.it/content/view/full/29771;https://it.wikipedia.org/wiki/Tione_di_Trento;https://www.vivoscuola.it/content/view/full/29776
liceo delle scienze umane;via durone, 53 38079;tione di trento;0465321735;guetti@pec.provincia.tn.it;tnps007014;https://www.vivoscuola.it/content/view/full/29771;https://it.wikipedia.org/wiki/Tione_di_Trento;https://www.vivoscuola.it/content/view/full/29777
liceo linguistico;via durone, 53 38079;tione di trento;0465321735;guetti@pec.provincia.tn.it;tnps007014;https://www.vivoscuola.it/content/view/full/29771;https://it.wikipedia.org/wiki/Tione_di_Trento;https://www.vivoscuola.it/content/view/full/29778
liceo scientifico;via durone, 53 38079;tione di trento;0465321735;guetti@pec.provincia.tn.it;tnps007014;https://www.vivoscuola.it/content/view/full/29771;https://it.wikipedia.org/wiki/Tione_di_Trento;https://www.vivoscuola.it/content/view/full/29779
liceo scientifico opzione scienze applicate;via durone, 53 38079;tione di trento;0465321735;guetti@pec.provincia.tn.it;tnps007014;https://www.vivoscuola.it/content/view/full/29771;https://it.wikipedia.org/wiki/Tione_di_Trento;https://www.vivoscuola.it/content/view/full/29780
educazione per adulti relativa al primo ciclo;via gandhi, 1 38033;cavalese;0462341449;weisserose@pec.provincia.tn.it;tnct710006;https://www.vivoscuola.it/content/view/full/29781;https://it.wikipedia.org/wiki/Cavalese;https://www.vivoscuola.it/content/view/full/29782
istituto tecnico per il settore economico - predazzo;corso degasperi, 14 38037;predazzo;0462341449;weisserose@pec.provincia.tn.it;tntd001011;https://www.vivoscuola.it/content/view/full/29781;https://it.wikipedia.org/wiki/Predazzo;https://www.vivoscuola.it/content/view/full/29783
istituto tecnico per il settore economico serale - predazzo;corso degasperi, 14 38037;predazzo;0462341449;weisserose@pec.provincia.tn.it;tntd001509;https://www.vivoscuola.it/content/view/full/29781;https://it.wikipedia.org/wiki/Predazzo;https://www.vivoscuola.it/content/view/full/29784
istituto tecnico per il settore tecnologico;via gandhi, 1 38033;cavalese;0462341449;weisserose@pec.provincia.tn.it;tntl00101b;https://www.vivoscuola.it/content/view/full/29781;https://it.wikipedia.org/wiki/Cavalese;https://www.vivoscuola.it/content/view/full/29785
istituto tecnico per il settore tecnologico serale - predazzo;corso degasperi, 14 38037;predazzo;0462341449;weisserose@pec.provincia.tn.it;tntd001509;https://www.vivoscuola.it/content/view/full/29781;https://it.wikipedia.org/wiki/Predazzo;https://www.vivoscuola.it/content/view/full/29786
liceo delle scienze umane;via gandhi, 1 38033;cavalese;0462341449;weisserose@pec.provincia.tn.it;tnps001015;https://www.vivoscuola.it/content/view/full/29781;https://it.wikipedia.org/wiki/Cavalese;https://www.vivoscuola.it/content/view/full/65579
liceo delle scienze umane opzione economico sociale;via gandhi, 1 38033;cavalese;0462341449;weisserose@pec.provincia.tn.it;tnps001015;https://www.vivoscuola.it/content/view/full/29781;https://it.wikipedia.org/wiki/Cavalese;https://www.vivoscuola.it/content/view/full/29787
liceo linguistico;via gandhi, 1 38033;cavalese;0462341449;weisserose@pec.provincia.tn.it;tnps001015;https://www.vivoscuola.it/content/view/full/29781;https://it.wikipedia.org/wiki/Cavalese;https://www.vivoscuola.it/content/view/full/29788
liceo scientifico;via gandhi, 1 38033;cavalese;0462341449;weisserose@pec.provincia.tn.it;tnps001015;https://www.vivoscuola.it/content/view/full/29781;https://it.wikipedia.org/wiki/Cavalese;https://www.vivoscuola.it/content/view/full/29789
educazione per adulti relativa al primo ciclo;via s pietro, 4 38057;pergine valsugana;0461511397;curie@pec.provincia.tn.it;tnct703003;https://www.vivoscuola.it/content/view/full/29790;https://it.wikipedia.org/wiki/Pergine_Valsugana;https://www.vivoscuola.it/content/view/full/29791
istituto tecnico per il settore economico - levico;viale vittorio emanuele, 5 38056;levico terme;0461706012;curie@pec.provincia.tn.it;tnrc004015;https://www.vivoscuola.it/content/view/full/29790;https://it.wikipedia.org/wiki/Levico_Terme;https://www.vivoscuola.it/content/view/full/29792
istituto tecnico per il settore economico - pergine;via san pietro, 4 38057;pergine valsugana;0461511397;curie@pec.provincia.tn.it;tntd00401c;https://www.vivoscuola.it/content/view/full/29790;https://it.wikipedia.org/wiki/Pergine_Valsugana;https://www.vivoscuola.it/content/view/full/29793
istituto tecnico per il settore economico serale;via s pietro, 4 38057;pergine valsugana;0461511397;curie@pec.provincia.tn.it;tntd00450r;https://www.vivoscuola.it/content/view/full/29790;https://it.wikipedia.org/wiki/Pergine_Valsugana;https://www.vivoscuola.it/content/view/full/29794
istituto tecnico per il settore tecnologico;via s pietro, 4 38057;pergine valsugana;0461511397;curie@pec.provincia.tn.it;tntd00401c;https://www.vivoscuola.it/content/view/full/29790;https://it.wikipedia.org/wiki/Pergine_Valsugana;https://www.vivoscuola.it/content/view/full/29795
istituto tecnico per il settore tecnologico serale;via s pietro, 4 38057;pergine valsugana;0461511397;curie@pec.provincia.tn.it;tntd00450r;https://www.vivoscuola.it/content/view/full/29790;https://it.wikipedia.org/wiki/Pergine_Valsugana;https://www.vivoscuola.it/content/view/full/29796
liceo del made in italy;via s pietro, 4 38057;pergine valsugana;0461511397;curie@pec.provincia.tn.it;tnps00401l;https://www.vivoscuola.it/content/view/full/29790;https://it.wikipedia.org/wiki/Pergine_Valsugana;https://www.vivoscuola.it/content/view/full/439665
liceo delle scienze umane;via s pietro, 4 38057;pergine valsugana;0461511397;curie@pec.provincia.tn.it;tnps00401l;https://www.vivoscuola.it/content/view/full/29790;https://it.wikipedia.org/wiki/Pergine_Valsugana;https://www.vivoscuola.it/content/view/full/29797
liceo delle scienze umane opzione economico sociale;via san pietro, 4 38057;pergine valsugana;0461511397;curie@pec.provincia.tn.it;tnps00401l;https://www.vivoscuola.it/content/view/full/29790;https://it.wikipedia.org/wiki/Pergine_Valsugana;https://www.vivoscuola.it/content/view/full/29798
liceo linguistico;via s pietro, 4 38057;pergine valsugana;0461511397;curie@pec.provincia.tn.it;tnps00401l;https://www.vivoscuola.it/content/view/full/29790;https://it.wikipedia.org/wiki/Pergine_Valsugana;https://www.vivoscuola.it/content/view/full/29799
liceo scientifico;via s pietro, 4 38057;pergine valsugana;0461511397;curie@pec.provincia.tn.it;tnps00401l;https://www.vivoscuola.it/content/view/full/29790;https://it.wikipedia.org/wiki/Pergine_Valsugana;https://www.vivoscuola.it/content/view/full/29800
educazione per adulti relativa al primo ciclo;via perlasca, 4 38017;mezzolombardo;0461601122;martini@pec.provincia.tn.it;tnct70400v;https://www.vivoscuola.it/content/view/full/29801;https://it.wikipedia.org/wiki/Mezzolombardo;https://www.vivoscuola.it/content/view/full/29802
istituto tecnico per il settore economico;via perlasca, 4 38017;mezzolombardo;0461601122;martini@pec.provincia.tn.it;tntd00301l;https://www.vivoscuola.it/content/view/full/29801;https://it.wikipedia.org/wiki/Mezzolombardo;https://www.vivoscuola.it/content/view/full/29803
istituto tecnico per il settore economico serale;via perlasca, 4 38017;mezzolombardo;0461601122;martini@pec.provincia.tn.it;tnrc00350n;https://www.vivoscuola.it/content/view/full/29801;https://it.wikipedia.org/wiki/Mezzolombardo;https://www.vivoscuola.it/content/view/full/29804
istituto tecnico per il settore tecnologico;via perlasca, 4 38017;mezzolombardo;0461601122;martini@pec.provincia.tn.it;tntd00301l;https://www.vivoscuola.it/content/view/full/29801;https://it.wikipedia.org/wiki/Mezzolombardo;https://www.vivoscuola.it/content/view/full/29805
liceo del made in italy;via perlasca, 4 38017;mezzolombardo;0461601122;martini@pec.provincia.tn.it;tnps00301r;https://www.vivoscuola.it/content/view/full/29801;https://it.wikipedia.org/wiki/Mezzolombardo;https://www.vivoscuola.it/content/view/full/439666
liceo delle scienze umane opzione economico sociale;via perlasca, 4 38017;mezzolombardo;0461601122;martini@pec.provincia.tn.it;tnps00301r;https://www.vivoscuola.it/content/view/full/29801;https://it.wikipedia.org/wiki/Mezzolombardo;https://www.vivoscuola.it/content/view/full/29806
liceo scientifico;via perlasca, 4 38017;mezzolombardo;0461601122;martini@pec.provincia.tn.it;tnps00301r;https://www.vivoscuola.it/content/view/full/29801;https://it.wikipedia.org/wiki/Mezzolombardo;https://www.vivoscuola.it/content/view/full/29807
liceo scientifico opzione scienze applicate;via perlasca, 4 38017;mezzolombardo;0461601122;martini@pec.provincia.tn.it;tnps00301r;https://www.vivoscuola.it/content/view/full/29801;https://it.wikipedia.org/wiki/Mezzolombardo;https://www.vivoscuola.it/content/view/full/29808
istituto tecnico per il settore economico;via xxiv maggio, 1 38062;arco;0464519546;gardascuola@pec.cooperazionetrentina.it;tntn04500g;https://www.vivoscuola.it/content/view/full/29412;https://it.wikipedia.org/wiki/Arco_(Italia);https://www.vivoscuola.it/content/view/full/29413
istituto tecnico per il settore tecnologico;via xxiv maggio, 1 38062;arco;0464519546;gardascuola@pec.cooperazionetrentina.it;tntn04500g;https://www.vivoscuola.it/content/view/full/29412;https://it.wikipedia.org/wiki/Arco_(Italia);https://www.vivoscuola.it/content/view/full/134612
liceo scientifico opzione scienze applicate;via xxiv maggio, 1 38062;arco;0464519546;gardascuola@pec.cooperazionetrentina.it;tnps00500b;https://www.vivoscuola.it/content/view/full/29412;https://it.wikipedia.org/wiki/Arco_(Italia);https://www.vivoscuola.it/content/view/full/29414
scuola primaria gardascuola arco;via xxiv maggio, 1 38062;arco;0464519546;gardascuola@pec.cooperazionetrentina.it;tn1e00800n;https://www.vivoscuola.it/content/view/full/29412;https://it.wikipedia.org/wiki/Arco_(Italia);https://www.vivoscuola.it/content/view/full/29415
scuola secondaria di primo grado gardascuola arco;via xxiv maggio, 1 38062;arco;0464519546;gardascuola@pec.cooperazionetrentina.it;tn1m00800v;https://www.vivoscuola.it/content/view/full/29412;https://it.wikipedia.org/wiki/Arco_(Italia);https://www.vivoscuola.it/content/view/full/29416
liceo artistico;piazza s teresa verzeri, 4 38122;trento;0461981465;;tnpm015003;https://www.vivoscuola.it/content/view/full/29820;https://it.wikipedia.org/wiki/Trento;https://www.vivoscuola.it/content/view/full/29823
liceo delle scienze umane;piazza s teresa verzeri, 4 38122;trento;0461981465;;tnpm015003;https://www.vivoscuola.it/content/view/full/29820;https://it.wikipedia.org/wiki/Trento;https://www.vivoscuola.it/content/view/full/29824
liceo scientifico opzione scienze applicate;piazza s teresa verzeri, 4 38122;trento;0461981465;;tnpsi8500o;https://www.vivoscuola.it/content/view/full/29820;https://it.wikipedia.org/wiki/Trento;https://www.vivoscuola.it/content/view/full/170207
scuola primaria sacro cuore trento;piazza s teresa verzeri, 4 38122;trento;0461981465;;tn1e00300e;https://www.vivoscuola.it/content/view/full/29820;https://it.wikipedia.org/wiki/Trento;https://www.vivoscuola.it/content/view/full/29825
scuola secondaria di primo grado sacro cuore trento;piazza s teresa verzeri, 4 38122;trento;0461981465;;tn1m006007;https://www.vivoscuola.it/content/view/full/29820;https://it.wikipedia.org/wiki/Trento;https://www.vivoscuola.it/content/view/full/29826
scuola secondaria di primo grado maria ausiliatrice trento;via barbacovi, 22 38122;trento;0461885555;sdbtrento@pcert.postecert.it;tn1m00500b;https://www.vivoscuola.it/content/view/full/29827;https://it.wikipedia.org/wiki/Trento;https://www.vivoscuola.it/content/view/full/29828
scuola primaria santa croce mezzano;via molaren, 29 38050;mezzano;0439762019;salesianimezzano@pec.it;tn1e00200p;https://www.vivoscuola.it/content/view/full/29829;https://it.wikipedia.org/wiki/Mezzano_(comune);https://www.vivoscuola.it/content/view/full/29830
scuola secondaria di primo grado santa croce mezzano;via molaren, 29 38050;mezzano;0439762019;salesianimezzano@pec.it;tn1m001004;https://www.vivoscuola.it/content/view/full/29829;https://it.wikipedia.org/wiki/Mezzano_(comune);https://www.vivoscuola.it/content/view/full/29831
istituto tecnico per il settore economico;via brigata acqui, 19 38122;trento;0461239955;tambosibattisti@pec.provincia.tn.it;tntd18000t;https://www.vivoscuola.it/content/view/full/29832;https://it.wikipedia.org/wiki/Trento;https://www.vivoscuola.it/content/view/full/29833
istituto tecnico per il settore economico serale;via brigata acqui, 19 38122;trento;0461239955;tambosibattisti@pec.provincia.tn.it;tntd180507;https://www.vivoscuola.it/content/view/full/29832;https://it.wikipedia.org/wiki/Trento;https://www.vivoscuola.it/content/view/full/29834
educazione per adulti relativa al primo ciclo;via iv novembre, 35 38023;cles;0463421695;pilati@pec.provincia.tn.it;tnct709002;https://www.vivoscuola.it/content/view/full/29835;https://it.wikipedia.org/wiki/Cles;https://www.vivoscuola.it/content/view/full/29836
istituto tecnico per il settore economico;via iv novembre, 35 38023;cles;0463421695;pilati@pec.provincia.tn.it;tntd100001;https://www.vivoscuola.it/content/view/full/29835;https://it.wikipedia.org/wiki/Cles;https://www.vivoscuola.it/content/view/full/29837
istituto tecnico per il settore economico serale;via iv novembre, 35 38023;cles;0463421695;pilati@pec.provincia.tn.it;tntd10050a;https://www.vivoscuola.it/content/view/full/29835;https://it.wikipedia.org/wiki/Cles;https://www.vivoscuola.it/content/view/full/29838
istituto tecnico per il settore tecnologico;via iv novembre, 35 38023;cles;0463421695;pilati@pec.provincia.tn.it;tntd100001;https://www.vivoscuola.it/content/view/full/29835;https://it.wikipedia.org/wiki/Cles;https://www.vivoscuola.it/content/view/full/29839
istituto tecnico per il settore tecnologico serale;via iv novembre, 35 38023;cles;0463421695;pilati@pec.provincia.tn.it;tntd10050a;https://www.vivoscuola.it/content/view/full/29835;https://it.wikipedia.org/wiki/Cles;https://www.vivoscuola.it/content/view/full/29840
istituto tecnico per il settore economico;via del teatro, 4 38068;rovereto;0464436100;fontana@pec.provincia.tn.it;tntd020009;https://www.vivoscuola.it/content/view/full/29841;https://it.wikipedia.org/wiki/Rovereto;https://www.vivoscuola.it/content/view/full/29842
istituto tecnico per il settore economico serale;via del teatro, 4 38068;rovereto;0464436100;fontana@pec.provincia.tn.it;tntd02050p;https://www.vivoscuola.it/content/view/full/29841;https://it.wikipedia.org/wiki/Rovereto;https://www.vivoscuola.it/content/view/full/29843
istituto tecnico per il settore tecnologico;via del teatro, 4 38068;rovereto;0464436100;fontana@pec.provincia.tn.it;tntd020009;https://www.vivoscuola.it/content/view/full/29841;https://it.wikipedia.org/wiki/Rovereto;https://www.vivoscuola.it/content/view/full/29844
istituto tecnico per il settore tecnologico serale;via del teatro, 4 38068;rovereto;0464436100;fontana@pec.provincia.tn.it;tntd02050p;https://www.vivoscuola.it/content/view/full/29841;https://it.wikipedia.org/wiki/Rovereto;https://www.vivoscuola.it/content/view/full/29845
educazione per adulti relativa al primo ciclo;viale dei tigli, 43 38066;riva del garda;0464578511;floriani@pec.provincia.tn.it;tnct702007;https://www.vivoscuola.it/content/view/full/29846;https://it.wikipedia.org/wiki/Riva_del_Garda;https://www.vivoscuola.it/content/view/full/29847
istituto tecnico per il settore economico;viale dei tigli, 43 38066;riva del garda;0464578511;floriani@pec.provincia.tn.it;tntd00801q;https://www.vivoscuola.it/content/view/full/29846;https://it.wikipedia.org/wiki/Riva_del_Garda;https://www.vivoscuola.it/content/view/full/29848
istituto tecnico per il settore economico serale;viale dei tigli, 43 38066;riva del garda;0464578511;floriani@pec.provincia.tn.it;tntd008515;https://www.vivoscuola.it/content/view/full/29846;https://it.wikipedia.org/wiki/Riva_del_Garda;https://www.vivoscuola.it/content/view/full/29849
istituto tecnico per il settore tecnologico;viale dei tigli, 43 38066;riva del garda;0464578511;floriani@pec.provincia.tn.it;tntd00801q;https://www.vivoscuola.it/content/view/full/29846;https://it.wikipedia.org/wiki/Riva_del_Garda;https://www.vivoscuola.it/content/view/full/29850
istituto tecnico per il settore tecnologico serale;viale dei tigli, 43 38066;riva del garda;0464578511;floriani@pec.provincia.tn.it;tntd008515;https://www.vivoscuola.it/content/view/full/29846;https://it.wikipedia.org/wiki/Riva_del_Garda;https://www.vivoscuola.it/content/view/full/29851
istituto tecnico per il settore tecnologico;via monti, 1 38068;rovereto;0464411400;marconi@pec.provincia.tn.it;tntf02000g;https://www.vivoscuola.it/content/view/full/29852;https://it.wikipedia.org/wiki/Rovereto;https://www.vivoscuola.it/content/view/full/29853
istituto tecnico per il settore tecnologico serale;via monti, 1 38068;rovereto;0464411400;marconi@pec.provincia.tn.it;tntf020501;https://www.vivoscuola.it/content/view/full/29852;https://it.wikipedia.org/wiki/Rovereto;https://www.vivoscuola.it/content/view/full/29854
istituto tecnico per il settore tecnologico;via brigata acqui, 15 38122;trento;0461216811;buonarroti@pec.provincia.tn.it;tntf01301d;https://www.vivoscuola.it/content/view/full/29855;https://it.wikipedia.org/wiki/Trento;https://www.vivoscuola.it/content/view/full/29856
istituto tecnico per il settore tecnologico serale;via brigata acqui, 15 38122;trento;0461216811;buonarroti@pec.provincia.tn.it;tntf01351v;https://www.vivoscuola.it/content/view/full/29855;https://it.wikipedia.org/wiki/Trento;https://www.vivoscuola.it/content/view/full/29857
liceo classico;via alberti lutti, 7 38066;riva del garda;0464552316;maffei@pec.provincia.tn.it;tnpc01000q;https://www.vivoscuola.it/content/view/full/29869;https://it.wikipedia.org/wiki/Riva_del_Garda;https://www.vivoscuola.it/content/view/full/29870
liceo delle scienze umane;via alberti lutti, 7 38066;riva del garda;0464552316;maffei@pec.provincia.tn.it;tnpc01000q;https://www.vivoscuola.it/content/view/full/29869;https://it.wikipedia.org/wiki/Riva_del_Garda;https://www.vivoscuola.it/content/view/full/29871
liceo linguistico;via alberti lutti, 7 38066;riva del garda;0464552316;maffei@pec.provincia.tn.it;tnpc01000q;https://www.vivoscuola.it/content/view/full/29869;https://it.wikipedia.org/wiki/Riva_del_Garda;https://www.vivoscuola.it/content/view/full/29872
liceo musicale e coreutico;via alberti lutti, 7 38066;riva del garda;0464552316;maffei@pec.provincia.tn.it;tnpc01000q;https://www.vivoscuola.it/content/view/full/29869;https://it.wikipedia.org/wiki/Riva_del_Garda;https://www.vivoscuola.it/content/view/full/29873
liceo scientifico;via alberti lutti, 7 38066;riva del garda;0464552316;maffei@pec.provincia.tn.it;tnpc01000q;https://www.vivoscuola.it/content/view/full/29869;https://it.wikipedia.org/wiki/Riva_del_Garda;https://www.vivoscuola.it/content/view/full/29874
liceo scientifico opzione scienze applicate;via alberti lutti, 7 38066;riva del garda;0464552316;maffei@pec.provincia.tn.it;tnpc01000q;https://www.vivoscuola.it/content/view/full/29869;https://it.wikipedia.org/wiki/Riva_del_Garda;https://www.vivoscuola.it/content/view/full/29875
liceo classico;corso bettini, 86 38068;rovereto;0464437700;rosmini.rovereto@pec.provincia.tn.it;tnpc02000a;https://www.vivoscuola.it/content/view/full/29876;https://it.wikipedia.org/wiki/Rovereto;https://www.vivoscuola.it/content/view/full/29877
liceo linguistico;corso bettini, 86 38068;rovereto;0464437700;rosmini.rovereto@pec.provincia.tn.it;tnpc02000a;https://www.vivoscuola.it/content/view/full/29876;https://it.wikipedia.org/wiki/Rovereto;https://www.vivoscuola.it/content/view/full/29878
liceo scientifico;corso bettini, 86 38068;rovereto;0464437700;rosmini.rovereto@pec.provincia.tn.it;tnpc02000a;https://www.vivoscuola.it/content/view/full/29876;https://it.wikipedia.org/wiki/Rovereto;https://www.vivoscuola.it/content/view/full/29879
liceo scientifico opzione scienze applicate;corso bettini, 86 38068;rovereto;0464437700;rosmini.rovereto@pec.provincia.tn.it;tnpc02000a;https://www.vivoscuola.it/content/view/full/29876;https://it.wikipedia.org/wiki/Rovereto;https://www.vivoscuola.it/content/view/full/29880
cc educazione adulti alberghiero;via malfatti, 2 38122;trento;0461914400;rosmini.trento@pec.provincia.tn.it;;https://www.vivoscuola.it/content/view/full/29881;https://it.wikipedia.org/wiki/Trento;https://www.vivoscuola.it/content/view/full/457154
cc educazione adulti secondo ciclo les;via malfatti, 2 38122;trento;0461914400;rosmini.trento@pec.provincia.tn.it;;https://www.vivoscuola.it/content/view/full/29881;https://it.wikipedia.org/wiki/Trento;https://www.vivoscuola.it/content/view/full/457155
educazione per adulti relativa al primo ciclo;via malfatti, 2 38122;trento;0461914400;rosmini.trento@pec.provincia.tn.it;tnct70500p;https://www.vivoscuola.it/content/view/full/29881;https://it.wikipedia.org/wiki/Trento;https://www.vivoscuola.it/content/view/full/29882
liceo del made in italy;via malfatti, 2 38122;trento;0461914400;rosmini.trento@pec.provincia.tn.it;tnpm01000x;https://www.vivoscuola.it/content/view/full/29881;https://it.wikipedia.org/wiki/Trento;https://www.vivoscuola.it/content/view/full/439667
liceo delle scienze umane;via malfatti, 2 38122;trento;0461914400;rosmini.trento@pec.provincia.tn.it;tnpm01000x;https://www.vivoscuola.it/content/view/full/29881;https://it.wikipedia.org/wiki/Trento;https://www.vivoscuola.it/content/view/full/29883
liceo delle scienze umane opzione economico sociale;via malfatti, 2 38122;trento;0461914400;rosmini.trento@pec.provincia.tn.it;tnpm01000x;https://www.vivoscuola.it/content/view/full/29881;https://it.wikipedia.org/wiki/Trento;https://www.vivoscuola.it/content/view/full/29884
liceo delle scienze umane opzione economico sociale serale;via malfatti, 2 38122;trento;0461914400;rosmini.trento@pec.provincia.tn.it;tnpm010509;https://www.vivoscuola.it/content/view/full/29881;https://it.wikipedia.org/wiki/Trento;https://www.vivoscuola.it/content/view/full/29885
liceo classico;via iv novembre, 35 38023;cles;0463424049;russell@pec.provincia.tn.it;tnpm006019;https://www.vivoscuola.it/content/view/full/29886;https://it.wikipedia.org/wiki/Cles;https://www.vivoscuola.it/content/view/full/29887
liceo del made in italy;via iv novembre, 35 38023;cles;0463424049;russell@pec.provincia.tn.it;;https://www.vivoscuola.it/content/view/full/29886;https://it.wikipedia.org/wiki/Cles;https://www.vivoscuola.it/content/view/full/439668
liceo delle scienze umane;via iv novembre, 35 38023;cles;0463424049;russell@pec.provincia.tn.it;tnpm006019;https://www.vivoscuola.it/content/view/full/29886;https://it.wikipedia.org/wiki/Cles;https://www.vivoscuola.it/content/view/full/29888
liceo delle scienze umane opzione economico sociale;via iv novembre, 35 38023;cles;0463424049;russell@pec.provincia.tn.it;tnpm006019;https://www.vivoscuola.it/content/view/full/29886;https://it.wikipedia.org/wiki/Cles;https://www.vivoscuola.it/content/view/full/29889
liceo linguistico;via iv novembre, 35 38023;cles;0463424049;russell@pec.provincia.tn.it;tnps006018;https://www.vivoscuola.it/content/view/full/29886;https://it.wikipedia.org/wiki/Cles;https://www.vivoscuola.it/content/view/full/29890
liceo scientifico;via iv novembre, 35 38023;cles;0463424049;russell@pec.provincia.tn.it;tnps006018;https://www.vivoscuola.it/content/view/full/29886;https://it.wikipedia.org/wiki/Cles;https://www.vivoscuola.it/content/view/full/29891
liceo scientifico opzione scienze applicate;via iv novembre, 35 38023;cles;0463424049;russell@pec.provincia.tn.it;tnps006018;https://www.vivoscuola.it/content/view/full/29886;https://it.wikipedia.org/wiki/Cles;https://www.vivoscuola.it/content/view/full/29892
liceo delle scienze umane;corso rosmini, 61 38068;rovereto;0464421223;filzi@pec.provincia.tn.it;tnpm02000e;https://www.vivoscuola.it/content/view/full/29893;https://it.wikipedia.org/wiki/Rovereto;https://www.vivoscuola.it/content/view/full/29894
liceo delle scienze umane opzione economico sociale;corso rosmini, 61 38068;rovereto;0464421223;filzi@pec.provincia.tn.it;tnpm02000e;https://www.vivoscuola.it/content/view/full/29893;https://it.wikipedia.org/wiki/Rovereto;https://www.vivoscuola.it/content/view/full/29895
liceo classico;via s trinita, 38 38122;trento;0461980190;prati@pec.provincia.tn.it;tnpc04000g;https://www.vivoscuola.it/content/view/full/29896;https://it.wikipedia.org/wiki/Trento;https://www.vivoscuola.it/content/view/full/29897
"liceo artistico ""depero""- rovereto";via delle fosse, 9 38068;rovereto;0464438836;info.depero@istitutodellearti.tn.it;tnsd020011;https://www.vivoscuola.it/content/view/full/29815;https://it.wikipedia.org/wiki/Rovereto;https://www.vivoscuola.it/content/view/full/29816
"liceo artistico ""vittoria"" - trento";via zambra, 3 38121;trento;0461824422;vittoria@pec.provincia.tn.it;tnsd02000x;https://www.vivoscuola.it/content/view/full/29815;https://it.wikipedia.org/wiki/Trento;https://www.vivoscuola.it/content/view/full/29817
liceo musicale coreutico;vicolo s maria maddalena, 16 38122;trento;0461260648;info.bonporti@istitutodellearti.tn.it;tnsd02000x;https://www.vivoscuola.it/content/view/full/29815;https://it.wikipedia.org/wiki/Trento;https://www.vivoscuola.it/content/view/full/29819
liceo linguistico;via mattioli, 8 38122;trento;0461914499;linguisticotrento@pec.provincia.tn.it;tnps11000q;https://www.vivoscuola.it/content/view/full/29898;https://it.wikipedia.org/wiki/Trento;https://www.vivoscuola.it/content/view/full/29899
liceo scientifico;viale bolognini, 88 38122;trento;0461913479;galilei@pec.provincia.tn.it;tnps01000v;https://www.vivoscuola.it/content/view/full/29900;https://it.wikipedia.org/wiki/Trento;https://www.vivoscuola.it/content/view/full/29901
liceo scientifico opzione scienze applicate;viale bolognini, 88 38122;trento;0461913479;galilei@pec.provincia.tn.it;tnps01000v;https://www.vivoscuola.it/content/view/full/29900;https://it.wikipedia.org/wiki/Trento;https://www.vivoscuola.it/content/view/full/29902
liceo scientifico;via madruzzo, 24 38122;trento;0461984099;davinci@pec.provincia.tn.it;tnps02000d;https://www.vivoscuola.it/content/view/full/29904;https://it.wikipedia.org/wiki/Trento;https://www.vivoscuola.it/content/view/full/29905
liceo scientifico opzione scienze applicate;via madruzzo, 24 38122;trento;0461984099;davinci@pec.provincia.tn.it;tnps02000d;https://www.vivoscuola.it/content/view/full/29904;https://it.wikipedia.org/wiki/Trento;https://www.vivoscuola.it/content/view/full/29906
capes - settore industria e artigianato;piazzale orsi, 1 38068;rovereto;0464433484;iscrizioni.veronesi@pec.it;tncf002001;https://www.vivoscuola.it/content/view/full/29417;https://it.wikipedia.org/wiki/Rovereto;https://www.vivoscuola.it/content/view/full/170211
liceo scientifico opzione scienze applicate steam;piazzale orsi, 1 38068;rovereto;0464433484;iscrizioni.veronesi@pec.it;tnpsid500s;https://www.vivoscuola.it/content/view/full/29417;https://it.wikipedia.org/wiki/Rovereto;https://www.vivoscuola.it/content/view/full/29418
settore industria e artigianato;piazzale orsi, 1 38068;rovereto;0464433484;iscrizioni.veronesi@pec.it;tncf002001;https://www.vivoscuola.it/content/view/full/29417;https://it.wikipedia.org/wiki/Rovereto;https://www.vivoscuola.it/content/view/full/29419
settore industria e artigianato serale;piazzale orsi, 1 38068;rovereto;0464433484;iscrizioni.veronesi@pec.it;;https://www.vivoscuola.it/content/view/full/29417;https://it.wikipedia.org/wiki/Rovereto;https://www.vivoscuola.it/content/view/full/29420
scuola dell'infanzia di ala;via de ferrari, 1 38061;ala;0464671113;ala.presidente@fpsm.tn.it;;https://www.vivoscuola.it/content/view/full/29925;https://it.wikipedia.org/wiki/Ala_(Italia);https://www.vivoscuola.it/content/view/full/29926
scuola dell'infanzia di albiano;via s antonio, 22 38041;albiano;0461689486;albiano.presidente@fpsm.tn.it;;https://www.vivoscuola.it/content/view/full/29927;https://it.wikipedia.org/wiki/Albiano_(Trentino-Alto_Adige);https://www.vivoscuola.it/content/view/full/29928
scuola dell'infanzia di aldeno;via xxv aprile, 5 38060;aldeno;0461842597;aldeno.presidente@fpsm.tn.it;;https://www.vivoscuola.it/content/view/full/29929;https://it.wikipedia.org/wiki/Aldeno;https://www.vivoscuola.it/content/view/full/29930
scuola dell'infanzia di andalo;via paganella, 5 38010;andalo;0461585898;andalo.presidente@fpsm.tn.it;;https://www.vivoscuola.it/content/view/full/29931;https://it.wikipedia.org/wiki/Andalo;https://www.vivoscuola.it/content/view/full/29932
scuola dell'infanzia di arco;viale capitelli, 16 38062;arco;0464516369;arco.segretario@fpsm.tn.it;;https://www.vivoscuola.it/content/view/full/29933;https://it.wikipedia.org/wiki/Arco_(Italia);https://www.vivoscuola.it/content/view/full/29934
scuola dell'infanzia di avio;via dante, 5 38063;avio;0464684102;avio.presidente@fpsm.tn.it;;https://www.vivoscuola.it/content/view/full/29935;https://it.wikipedia.org/wiki/Avio;https://www.vivoscuola.it/content/view/full/29936
scuola dell'infanzia di barco di levico;via di s taddeo, 8 38056;levico terme;0461707295;barco.presidente@fpsm.tn.it;;https://www.vivoscuola.it/content/view/full/29937;https://it.wikipedia.org/wiki/Levico_Terme;https://www.vivoscuola.it/content/view/full/29938
scuola dell'infanzia di bolognano;piazza vittoria, 1 38062;arco;0464516315;bolognano.presidente@fpsm.tn.it;;https://www.vivoscuola.it/content/view/full/29939;https://it.wikipedia.org/wiki/Arco_(Italia);https://www.vivoscuola.it/content/view/full/29940
scuola dell'infanzia di bondone;via giusti, 46 38080;bondone;0465898770;bondone.presidente@fpsm.tn.it;;https://www.vivoscuola.it/content/view/full/29941;https://it.wikipedia.org/wiki/Bondone;https://www.vivoscuola.it/content/view/full/29942
scuola dell'infanzia di borgo sacco;via fedrigotti, 9 38068;rovereto;0464430541;borgo.sacco.presidente@fpsm.tn.it;;https://www.vivoscuola.it/content/view/full/29943;https://it.wikipedia.org/wiki/Rovereto;https://www.vivoscuola.it/content/view/full/29944
scuola dell'infanzia di borgo valsugana;piazza romani, 8 38051;borgo valsugana;0461754771;borgo.valsugana.presidente@fpsm.tn.it;;https://www.vivoscuola.it/content/view/full/29945;https://it.wikipedia.org/wiki/Borgo_Valsugana;https://www.vivoscuola.it/content/view/full/29946
"scuola dell'infanzia di breguzzo - bondo  ""giuseppina bonazza odv""";via marconi - breguzzo, 5 38087;sella giudicarie;0465901550;breguzzo.bondo.materna@associazionecoesi.com;;https://www.vivoscuola.it/content/view/full/29923;https://it.wikipedia.org/wiki/Sella_Giudicarie;https://www.vivoscuola.it/content/view/full/29924
scuola dell'infanzia di brentonico;via mantova, 5 38060;brentonico;0464395628;brentonico.segretario@fpsm.tn.it;;https://www.vivoscuola.it/content/view/full/29947;https://it.wikipedia.org/wiki/Brentonico;https://www.vivoscuola.it/content/view/full/29948
scuola dell'infanzia di calceranica;via cavour, 2 38050;calceranica al lago;0461723325;calceranica.contabile@fpsm.tn.it;;https://www.vivoscuola.it/content/view/full/29949;https://it.wikipedia.org/wiki/Calceranica_al_Lago;https://www.vivoscuola.it/content/view/full/29950
scuola dell'infanzia di campitello di fassa;strèda sènc felip e giacum, 9 38031;campitello di fassa;0462750470;campitello.presidente@fpsm.tn.it;;https://www.vivoscuola.it/content/view/full/29953;https://it.wikipedia.org/wiki/Campitello_di_Fassa;https://www.vivoscuola.it/content/view/full/29954
scuola dell'infanzia di campodenno;via s maurizio, 3 38010;campodenno;0461655166;campodenno.presidente@fpsm.tn.it;;https://www.vivoscuola.it/content/view/full/29955;https://it.wikipedia.org/wiki/Campodenno;https://www.vivoscuola.it/content/view/full/29956
scuola dell'infanzia di carano;via giovanelli, 40 38033;ville di fiemme;0462341759;carano.presidente@fpsm.tn.it;;https://www.vivoscuola.it/content/view/full/29957;https://it.wikipedia.org/wiki/Ville_di_Fiemme;https://www.vivoscuola.it/content/view/full/29958
scuola dell'infanzia di carisolo;viale trento, 4 38080;carisolo;0465501433;carisolo.presidente@fpsm.tn.it;;https://www.vivoscuola.it/content/view/full/29959;https://it.wikipedia.org/wiki/Carisolo;https://www.vivoscuola.it/content/view/full/29960
scuola dell'infanzia di casez;via della pontara - casez, 10 38010;sanzeno;0463434219;casez.presidente@fpsm.tn.it;;https://www.vivoscuola.it/content/view/full/29961;https://it.wikipedia.org/wiki/Sanzeno;https://www.vivoscuola.it/content/view/full/29962
scuola dell'infanzia di castellano;via caduti, 1 38060;villa lagarina;0464801242;castellano.presidente@fpsm.tn.it;;https://www.vivoscuola.it/content/view/full/29963;https://it.wikipedia.org/wiki/Villa_Lagarina;https://www.vivoscuola.it/content/view/full/29964
scuola dell'infanzia di castello di fiemme;via latemar, 2 38030;castello-molina di fiemme;0462341153;castello.fiemme.segretario@fpsm.tn.it;;https://www.vivoscuola.it/content/view/full/29965;https://it.wikipedia.org/wiki/Castello-Molina_di_Fiemme;https://www.vivoscuola.it/content/view/full/29966
scuola dell'infanzia di castelnuovo;piazza municipio, 2 38050;castelnuovo;0461753637;entesantamargherita@gmail.com;;https://www.vivoscuola.it/content/view/full/29967;https://it.wikipedia.org/wiki/Castelnuovo_(Trentino-Alto_Adige);https://www.vivoscuola.it/content/view/full/29968
scuola dell'infanzia di cavalese;via regolani, 4 38033;cavalese;0462341673;cavalese.segretario@fpsm.tn.it;;https://www.vivoscuola.it/content/view/full/92005;https://it.wikipedia.org/wiki/Cavalese;https://www.vivoscuola.it/content/view/full/92006
scuola dell'infanzia di cavedine;via iv novembre, 19 38073;cavedine;0461568548;cavedine.presidente@fpsm.tn.it;;https://www.vivoscuola.it/content/view/full/29971;https://it.wikipedia.org/wiki/Cavedine;https://www.vivoscuola.it/content/view/full/29972
scuola dell'infanzia di cembra;piazza zanotelli - cembra, 1 38034;cembra lisignago;0461680173;cembra.presidente@fpsm.tn.it;;https://www.vivoscuola.it/content/view/full/29973;https://it.wikipedia.org/wiki/Cembra_Lisignago;https://www.vivoscuola.it/content/view/full/29974
scuola dell'infanzia di chizzola;via canestrini - chizzola, 1 38061;ala;0464696397;chizzola.presidente@fpsm.tn.it;;https://www.vivoscuola.it/content/view/full/29975;https://it.wikipedia.org/wiki/Ala_(Italia);https://www.vivoscuola.it/content/view/full/29976
scuola dell'infanzia di cles;via mattioli, 13 38023;cles;0463625164;cles.presidente@fpsm.tn.it;;https://www.vivoscuola.it/content/view/full/29977;https://it.wikipedia.org/wiki/Cles;https://www.vivoscuola.it/content/view/full/29978
scuola dell'infanzia di cloz e brez;via di s stefano, 2/a 38028;novella;04631980632;cloz.brez.presidente@fpsm.tn.it;;https://www.vivoscuola.it/content/view/full/29979;https://it.wikipedia.org/wiki/Novella_(Italia);https://www.vivoscuola.it/content/view/full/29980
scuola dell'infanzia di condino;via roma - condino, 37 38083;borgo chiese;0465621009;condino.presidente@fpsm.tn.it;;https://www.vivoscuola.it/content/view/full/29981;https://it.wikipedia.org/wiki/Borgo_Chiese;https://www.vivoscuola.it/content/view/full/29982
scuola dell'infanzia di coredo;via delle antiche fontane - coredo, 20 38012;predaia;0463536416;coredo.segretario@fpsm.tn.it;;https://www.vivoscuola.it/content/view/full/29983;https://it.wikipedia.org/wiki/Predaia;https://www.vivoscuola.it/content/view/full/29984
scuola dell'infanzia di cristo re -trento;via bresadola, 6 38121;trento;0461823359;trento.cristore.segretario@fpsm.tn.it;;https://www.vivoscuola.it/content/view/full/29985;https://it.wikipedia.org/wiki/Trento;https://www.vivoscuola.it/content/view/full/29986
scuola dell'infanzia di crosano;via s biagio, 30 38060;brentonico;0464395693;crosano.segretario@fpsm.tn.it;;https://www.vivoscuola.it/content/view/full/29987;https://it.wikipedia.org/wiki/Brentonico;https://www.vivoscuola.it/content/view/full/29988
"scuola dell'infanzia di daone ""asilo infantile di daone odv""";via re di castello - daone, 57 38080;valdaone;0465674060;daone.materna@associazionecoesi.com;;https://www.vivoscuola.it/content/view/full/29991;https://it.wikipedia.org/wiki/Valdaone;https://www.vivoscuola.it/content/view/full/29992
scuola dell'infanzia di denno;via ossanna, 3 38010;denno;0461655960;denno.segretario@fpsm.tn.it;;https://www.vivoscuola.it/content/view/full/29993;https://it.wikipedia.org/wiki/Denno;https://www.vivoscuola.it/content/view/full/29994
scuola dell'infanzia di dimaro;via alla chiesa - dimaro, 26 38025;dimaro folgarida;0463974301;dimaro.contabile@fpsm.tn.it;;https://www.vivoscuola.it/content/view/full/29995;https://it.wikipedia.org/wiki/Dimaro_Folgarida;https://www.vivoscuola.it/content/view/full/29996
scuola dell'infanzia di faver;via perlaia - faver, 17 38030;altavalle;3287310914;faver.presidente@fpsm.tn.it;;https://www.vivoscuola.it/content/view/full/29997;https://it.wikipedia.org/wiki/Altavalle;https://www.vivoscuola.it/content/view/full/29998
scuola dell'infanzia di fiavè;piazza s sebastiano, 24 38075;fiavé;0465735129;fiave.contabile@fpsm.tn.it;;https://www.vivoscuola.it/content/view/full/29999;https://it.wikipedia.org/wiki/Fiav%C3%A9;https://www.vivoscuola.it/content/view/full/30000
scuola dell'infanzia di fiera di primiero;viale marconi - pieve, 1 38054;primiero san martino di castrozza;0439762196;fiera.presidente@fpsm.tn.it;;https://www.vivoscuola.it/content/view/full/30001;https://it.wikipedia.org/wiki/Primiero_San_Martino_di_Castrozza;https://www.vivoscuola.it/content/view/full/30002
scuola dell'infanzia di fondo;piazza don stefenelli - fondo, 5 38020;borgo d'anaunia;0463831254;fondo.presidente@fpsm.tn.it;;https://www.vivoscuola.it/content/view/full/30003;https://it.wikipedia.org/wiki/Borgo_d%27Anaunia;https://www.vivoscuola.it/content/view/full/30004
scuola dell'infanzia di fornace;via del borgolet, 16 38040;fornace;0461849351;fornace.presidente@fpsm.tn.it;;https://www.vivoscuola.it/content/view/full/30005;https://it.wikipedia.org/wiki/Fornace_(Italia);https://www.vivoscuola.it/content/view/full/30006
scuola dell'infanzia di gardolo;via s anna, 9 38121;trento;0461990296;gardolo.segretario@fpsm.tn.it;;https://www.vivoscuola.it/content/view/full/30007;https://it.wikipedia.org/wiki/Trento;https://www.vivoscuola.it/content/view/full/30008
scuola dell'infanzia di ghiaie di gardolo;via del loghét, 69 38121;trento;0461990050;ghiaie.segretario@fpsm.tn.it;;https://www.vivoscuola.it/content/view/full/30009;https://it.wikipedia.org/wiki/Trento;https://www.vivoscuola.it/content/view/full/30010
scuola dell'infanzia di grigno;via nazario sauro, 25 38055;grigno;0461765333;grigno.presidente@fpsm.tn.it;;https://www.vivoscuola.it/content/view/full/30011;https://it.wikipedia.org/wiki/Grigno;https://www.vivoscuola.it/content/view/full/30012
scuola dell'infanzia di ischia di pergine;piazza delle nogare, 2 38057;pergine valsugana;0461532285;ischia.presidente@fpsm.tn.it;;https://www.vivoscuola.it/content/view/full/30013;https://it.wikipedia.org/wiki/Pergine_Valsugana;https://www.vivoscuola.it/content/view/full/30014
"scuola dell'infanzia di lavis  ""madre maddalena di canossa odv""";via dei colli, 4 38015;lavis;0461240366;lavis.materna@associazionecoesi.com;;https://www.vivoscuola.it/content/view/full/30015;https://it.wikipedia.org/wiki/Lavis;https://www.vivoscuola.it/content/view/full/30016
"scuola dell'infanzia di lizzana ""asilo infantile di lizzana odv""";via brigata mantova, 1 38068;rovereto;0464433395;lizzana.materna@associazionecoesi.com;;https://www.vivoscuola.it/content/view/full/61885;https://it.wikipedia.org/wiki/Rovereto;https://www.vivoscuola.it/content/view/full/61886
"scuola dell'infanzia di lizzanella ""asilo infantile di lizzanella odv""";corso verona, 109 38068;rovereto;0464432307;lizzanella.materna@associazionecoesi.com;;https://www.vivoscuola.it/content/view/full/30017;https://it.wikipedia.org/wiki/Rovereto;https://www.vivoscuola.it/content/view/full/30018
scuola dell'infanzia di lodrone odv;salita alla bastia, 2 38089;storo;0465685253;lodrone.materna@associazionecoesi.com;;https://www.vivoscuola.it/content/view/full/30019;https://it.wikipedia.org/wiki/Storo;https://www.vivoscuola.it/content/view/full/30020
scuola dell'infanzia di lona;via s rocco, 14 38040;lona-lases;0461697101;lona.presidente@fpsm.tn.it;;https://www.vivoscuola.it/content/view/full/30021;https://it.wikipedia.org/wiki/Lona-Lases;https://www.vivoscuola.it/content/view/full/30022
scuola dell'infanzia di madonna di campiglio;via serafini - madonna di campiglio, 13 38070;tre ville;0465442779;madonna.campiglio.segretario@fpsm.tn.it;;https://www.vivoscuola.it/content/view/full/30023;https://it.wikipedia.org/wiki/Tre_Ville;https://www.vivoscuola.it/content/view/full/30024
scuola dell'infanzia di madrano;via d oltrefersina, 54 38057;pergine valsugana;0461552109;madrano.segretario@fpsm.tn.it;;https://www.vivoscuola.it/content/view/full/30025;https://it.wikipedia.org/wiki/Pergine_Valsugana;https://www.vivoscuola.it/content/view/full/30026
scuola dell'infanzia di malè;via don rauzi, 6 38027;malé;0463901925;male.presidente@fpsm.tn.it;;https://www.vivoscuola.it/content/view/full/30027;https://it.wikipedia.org/wiki/Mal%C3%A9_(Italia);https://www.vivoscuola.it/content/view/full/30028
"scuola dell'infanzia di marco-rovereto ""g. e a. rosmini-serbati odv""";via alla stazione, 2 38068;rovereto;0464665395;marco.materna@associazionecoesi.com;;https://www.vivoscuola.it/content/view/full/30029;https://it.wikipedia.org/wiki/Rovereto;https://www.vivoscuola.it/content/view/full/30030
scuola dell'infanzia di marter;piazza s margherita, 2 38050;roncegno terme;0461764505;marter.segretario@fpsm.tn.it;;https://www.vivoscuola.it/content/view/full/30031;https://it.wikipedia.org/wiki/Roncegno_Terme;https://www.vivoscuola.it/content/view/full/30032
scuola dell'infanzia di martignano;via sabbionare, 3 38121;trento;0461820233;martignano.segretario@fpsm.tn.it;;https://www.vivoscuola.it/content/view/full/30033;https://it.wikipedia.org/wiki/Trento;https://www.vivoscuola.it/content/view/full/30034
scuola dell'infanzia di masi di cavalese;via damiano chiesa, 79 38033;cavalese;0462340557;cavalese.presidente@fpsm.tn.it;;https://www.vivoscuola.it/content/view/full/92007;https://it.wikipedia.org/wiki/Cavalese;https://www.vivoscuola.it/content/view/full/92008
scuola dell'infanzia di massone;via maffei - san martino, 2 38062;arco;0464517719;massone.presidente@fpsm.tn.it;;https://www.vivoscuola.it/content/view/full/30037;https://it.wikipedia.org/wiki/Arco_(Italia);https://www.vivoscuola.it/content/view/full/30038
scuola dell'infanzia di mechel;via don luigi borghesi, 35 38023;cles;0463421247;mechel.presidente@fpsm.tn.it;;https://www.vivoscuola.it/content/view/full/30039;https://it.wikipedia.org/wiki/Cles;https://www.vivoscuola.it/content/view/full/30040
scuola dell'infanzia di mezzano;via iv novembre, 16 38050;mezzano;043967027;mezzano.contabile@fpsm.tn.it;;https://www.vivoscuola.it/content/view/full/30041;https://it.wikipedia.org/wiki/Mezzano_(comune);https://www.vivoscuola.it/content/view/full/30042
scuola dell'infanzia di mezzocorona;via s giovanni bosco, 4 38016;mezzocorona;0461603933;mezzocorona.presidente@fpsm.tn.it;;https://www.vivoscuola.it/content/view/full/30043;https://it.wikipedia.org/wiki/Mezzocorona;https://www.vivoscuola.it/content/view/full/30044
scuola dell'infanzia di mezzolombardo;corso del popolo, 34/b 38017;mezzolombardo;0461601324;mezzolombardo.presidente@fpsm.tn.it;;https://www.vivoscuola.it/content/view/full/30045;https://it.wikipedia.org/wiki/Mezzolombardo;https://www.vivoscuola.it/content/view/full/30046
scuola dell'infanzia di moena;strada don giovanni jori, 10 38035;moena;0462573277;moena.presidente@fpsm.tn.it;;https://www.vivoscuola.it/content/view/full/30047;https://it.wikipedia.org/wiki/Moena;https://www.vivoscuola.it/content/view/full/30048
scuola dell'infanzia di molina di  ledro;via sartori - molina di ledro, 24/c 38067;ledro;0464876444;molina.ledro.presidente@fpsm.tn.it;;https://www.vivoscuola.it/content/view/full/30049;https://it.wikipedia.org/wiki/Ledro;https://www.vivoscuola.it/content/view/full/30050
scuola dell'infanzia di mollaro;via della pausa - mollaro, 1 38012;predaia;0463469224;mollaro.contabile@fpsm.tn.it;;https://www.vivoscuola.it/content/view/full/30051;https://it.wikipedia.org/wiki/Predaia;https://www.vivoscuola.it/content/view/full/30052
scuola dell'infanzia di molveno;piazza s carlo, 20 38018;molveno;0461586969;molveno.presidente@fpsm.tn.it;;https://www.vivoscuola.it/content/view/full/30053;https://it.wikipedia.org/wiki/Molveno;https://www.vivoscuola.it/content/view/full/30054
scuola dell'infanzia di montesover;via capitano santuari, 1 38048;sover;0461698351;sover.presidente@fpsm.tn.it;;https://www.vivoscuola.it/content/view/full/30055;https://it.wikipedia.org/wiki/Sover;https://www.vivoscuola.it/content/view/full/30056
scuola dell'infanzia di mori;via scuole, 3 38065;mori;0464918156;mori.segretario@fpsm.tn.it;;https://www.vivoscuola.it/content/view/full/30057;https://it.wikipedia.org/wiki/Mori_(Italia);https://www.vivoscuola.it/content/view/full/30058
scuola dell'infanzia di nago;localita tezze - nago,   38069;nago-torbole;0464506097;nago.segretario@fpsm.tn.it;;https://www.vivoscuola.it/content/view/full/30059;https://it.wikipedia.org/wiki/Nago-Torbole;https://www.vivoscuola.it/content/view/full/30060
scuola dell'infanzia di nave san rocco;via iv novembre, 34/a 38010;terre d'adige;0461870656;nave.presidente@fpsm.tn.it;;https://www.vivoscuola.it/content/view/full/30061;https://it.wikipedia.org/wiki/Terre_d%27Adige;https://www.vivoscuola.it/content/view/full/30062
scuola dell'infanzia di nomi;via baroni del moll, 2 38060;nomi;0464835294;nomi.segretario@fpsm.tn.it;;https://www.vivoscuola.it/content/view/full/30063;https://it.wikipedia.org/wiki/Nomi_(Italia);https://www.vivoscuola.it/content/view/full/30064
scuola dell'infanzia di ospedaletto;via  don tosi, 14 38050;ospedaletto;3470362437;ospedaletto.presidente@fpsm.tn.it;;https://www.vivoscuola.it/content/view/full/30065;https://it.wikipedia.org/wiki/Ospedaletto;https://www.vivoscuola.it/content/view/full/30066
scuola dell'infanzia di padergnone;via alle cime - padergnone, 14 38070;vallelaghi;0461864358;padergnone.presidente@fpsm.tn.it;;https://www.vivoscuola.it/content/view/full/30069;https://it.wikipedia.org/wiki/Vallelaghi;https://www.vivoscuola.it/content/view/full/30070
scuola dell'infanzia di pedersano;via s antonio, 1 38060;villa lagarina;0464412151;pedersano.presidente@fpsm.tn.it;;https://www.vivoscuola.it/content/view/full/30073;https://it.wikipedia.org/wiki/Villa_Lagarina;https://www.vivoscuola.it/content/view/full/30074
"scuola dell'infanzia di pergine  ""g.b. chimelli""";piazza garbari, 5 38057;pergine valsugana;0461502351;asifchimelli@pec.it;;https://www.vivoscuola.it/content/view/full/30075;https://it.wikipedia.org/wiki/Pergine_Valsugana;https://www.vivoscuola.it/content/view/full/30076
scuola dell'infanzia di pietramurata;piazza mercato, 11 38074;dro;0464507142;pietramurata.presidente@fpsm.tn.it;;https://www.vivoscuola.it/content/view/full/30077;https://it.wikipedia.org/wiki/Dro;https://www.vivoscuola.it/content/view/full/30078
scuola dell'infanzia di pieve di bono;via fiera - creto - pieve di bono, 9/b 38085;pieve di bono-prezzo;0465674083;pieve.bono.presidente@fpsm.tn.it;;https://www.vivoscuola.it/content/view/full/30081;https://it.wikipedia.org/wiki/Pieve_di_Bono-Prezzo;https://www.vivoscuola.it/content/view/full/30082
scuola dell'infanzia di pieve tesino;via fratelli rizza', 14 38050;pieve tesino;0461594733;pieve.tesino.presidente@fpsm.tn.it;;https://www.vivoscuola.it/content/view/full/30079;https://it.wikipedia.org/wiki/Pieve_Tesino;https://www.vivoscuola.it/content/view/full/30080
scuola dell'infanzia di pilcante;piazza vittorio veneto - pilcante, 19 38061;ala;0464672588;pilcante.presidente@fpsm.tn.it;;https://www.vivoscuola.it/content/view/full/30083;https://it.wikipedia.org/wiki/Ala_(Italia);https://www.vivoscuola.it/content/view/full/30084
scuola dell'infanzia di pinzolo;via al sole, 43 38086;pinzolo;0465501019;pinzolo.presidente@fpsm.tn.it;;https://www.vivoscuola.it/content/view/full/30085;https://it.wikipedia.org/wiki/Pinzolo;https://www.vivoscuola.it/content/view/full/30086
scuola dell'infanzia di ponte arche;via s giovanni bosco - ponte arche - bleggio inferiore, 7 38070;comano terme;0465702422;ponte.arche.presidente@fpsm.tn.it;;https://www.vivoscuola.it/content/view/full/30087;https://it.wikipedia.org/wiki/Comano_Terme;https://www.vivoscuola.it/content/view/full/30088
scuola dell'infanzia di povo;via pante', 1 38123;trento;0461810049;povo.presidente@fpsm.tn.it;;https://www.vivoscuola.it/content/view/full/30089;https://it.wikipedia.org/wiki/Trento;https://www.vivoscuola.it/content/view/full/30090
scuola dell'infanzia di pozza di trambileno;frazione vanza, 50 38068;trambileno;0464868074;trambileno.presidente@fpsm.tn.it;;https://www.vivoscuola.it/content/view/full/30091;https://it.wikipedia.org/wiki/Trambileno;https://www.vivoscuola.it/content/view/full/30092
scuola dell'infanzia di predazzo;via gabrielli, 1 38037;predazzo;0462501312;predazzo.presidente@fpsm.tn.it;;https://www.vivoscuola.it/content/view/full/30093;https://it.wikipedia.org/wiki/Predazzo;https://www.vivoscuola.it/content/view/full/30094
scuola dell'infanzia di pressano;via pilati, 16 38015;lavis;0461240394;pressano.presidente@fpsm.tn.it;;https://www.vivoscuola.it/content/view/full/30095;https://it.wikipedia.org/wiki/Lavis;https://www.vivoscuola.it/content/view/full/30096
scuola dell'infanzia di quadra - cavrasto;frazione larido, 10 38071;bleggio superiore;0465779575;quadra.cavrasto.presidente@fpsm.tn.it;;https://www.vivoscuola.it/content/view/full/30097;https://it.wikipedia.org/wiki/Bleggio_Superiore;https://www.vivoscuola.it/content/view/full/30098
"scuola dell'infanzia di ranzo ""amici scuola infanzia di ranzo odv""";via al castel romano - ranzo - vezzano, 29 38070;vallelaghi;3387970838;ranzo.materna@associazionecoesi.com;;https://www.vivoscuola.it/content/view/full/30099;https://it.wikipedia.org/wiki/Vallelaghi;https://www.vivoscuola.it/content/view/full/30100
"scuola dell'infanzia di riva  ""degasperi""";largo caduti delle foibe, 2 38066;riva del garda;0464553578;riva.rione.presidente@fpsm.tn.it;;https://www.vivoscuola.it/content/view/full/30103;https://it.wikipedia.org/wiki/Riva_del_Garda;https://www.vivoscuola.it/content/view/full/30104
"scuola dell'infanzia di riva  ""giardino""";viale roma, 32 38066;riva del garda;0464552360;rivagiardinodinfanzia@gmail.com;;https://www.vivoscuola.it/content/view/full/30101;https://it.wikipedia.org/wiki/Riva_del_Garda;https://www.vivoscuola.it/content/view/full/30102
"scuola dell'infanzia di riva del garda  ""s. alessandro""";via s alessandro, 10 38066;riva del garda;0464554051;s.alessandro.presidente@fpsm.tn.it;;https://www.vivoscuola.it/content/view/full/30105;https://it.wikipedia.org/wiki/Riva_del_Garda;https://www.vivoscuola.it/content/view/full/30106
scuola dell'infanzia di roncegno;via baldessari, 15 38050;roncegno terme;0461764199;roncegno.presidente@fpsm.tn.it;;https://www.vivoscuola.it/content/view/full/30107;https://it.wikipedia.org/wiki/Roncegno_Terme;https://www.vivoscuola.it/content/view/full/30108
scuola dell'infanzia di ronchi valsugana;via marchi, 14 38050;ronchi valsugana;0461773197;ronchi.valsugana.presidente@fpsm.tn.it;;https://www.vivoscuola.it/content/view/full/30109;https://it.wikipedia.org/wiki/Ronchi_Valsugana;https://www.vivoscuola.it/content/view/full/30110
scuola dell'infanzia di roncogno di pergine;piazza di s anna, 3 38057;pergine valsugana;0461502351;asifchimelli@pec.it;;https://www.vivoscuola.it/content/view/full/30111;https://it.wikipedia.org/wiki/Pergine_Valsugana;https://www.vivoscuola.it/content/view/full/30112
"scuola dell'infanzia di roncone  ""mario amistadi sciavina odv""";via lucchi - roncone, 1 38087;sella giudicarie;0465311525;roncone.materna@associazionecoesi.com;;https://www.vivoscuola.it/content/view/full/30113;https://it.wikipedia.org/wiki/Sella_Giudicarie;https://www.vivoscuola.it/content/view/full/30114
scuola dell'infanzia di ronzo-chienis;via del car, 40 38060;ronzo-chienis;0464802944;ronzo.chienis.presidente@fpsm.tn.it;;https://www.vivoscuola.it/content/view/full/30115;https://it.wikipedia.org/wiki/Ronzo-Chienis;https://www.vivoscuola.it/content/view/full/30116
"scuola dell'infanzia di rovereto ""clementino vannetti odv""";via s maria, 58 38068;rovereto;0464420061;asilovannetti@gmail.com;;https://www.vivoscuola.it/content/view/full/149207;https://it.wikipedia.org/wiki/Rovereto;https://www.vivoscuola.it/content/view/full/149208
"scuola dell'infanzia di rovereto ""rosmini""";corso rosmini, 3 38068;rovereto;0464421541;rovereto.rosmini.presidente@fpsm.tn.it;;https://www.vivoscuola.it/content/view/full/30119;https://it.wikipedia.org/wiki/Rovereto;https://www.vivoscuola.it/content/view/full/30120
scuola dell'infanzia di s. croce bleggio;frazione santa croce di bleggio inferiore, 7 38070;comano terme;0465779900;s.croce.presidente@fpsm.tn.it;;https://www.vivoscuola.it/content/view/full/30121;https://it.wikipedia.org/wiki/Comano_Terme;https://www.vivoscuola.it/content/view/full/30122
scuola dell'infanzia di s. lorenzo in banale;strada del toat - san lorenzo, 4 38078;san lorenzo dorsino;0465734005;san.lorenzo.banale.segretario@fpsm.tn.it;;https://www.vivoscuola.it/content/view/full/30123;https://it.wikipedia.org/wiki/San_Lorenzo_Dorsino;https://www.vivoscuola.it/content/view/full/30124
scuola dell'infanzia di s. margherita di ala;via gazzoletti - santa margherita, 35 38061;ala;0464696494;s.margherita.presidente@fpsm.tn.it;;https://www.vivoscuola.it/content/view/full/30125;https://it.wikipedia.org/wiki/Ala_(Italia);https://www.vivoscuola.it/content/view/full/30126
scuola dell'infanzia di sabbionara;piazza conciliazione, 3/b 38063;avio;0464683225;sabbionara.presidente@fpsm.tn.it;;https://www.vivoscuola.it/content/view/full/30127;https://it.wikipedia.org/wiki/Avio;https://www.vivoscuola.it/content/view/full/30128
scuola dell'infanzia di san martino di c.;via laghetto - san martino di castrozza, 30 38054;primiero san martino di castrozza;0439768666;s.martino.castrozza.presidente@fpsm.tn.it;;https://www.vivoscuola.it/content/view/full/30129;https://it.wikipedia.org/wiki/Primiero_San_Martino_di_Castrozza;https://www.vivoscuola.it/content/view/full/30130
scuola dell'infanzia di sarche;via caffaro - sarche - calavino, 6 38076;madruzzo;0461564028;sarche.presidente@fpsm.tn.it;;https://www.vivoscuola.it/content/view/full/30131;https://it.wikipedia.org/wiki/Madruzzo_(Italia);https://www.vivoscuola.it/content/view/full/30132
scuola dell'infanzia di scurelle;via visintainer, 15 38050;scurelle;0461762268;scurelle.presidente@fpsm.tn.it;;https://www.vivoscuola.it/content/view/full/30133;https://it.wikipedia.org/wiki/Scurelle;https://www.vivoscuola.it/content/view/full/30134
scuola dell'infanzia di segno;via sonora - segno - taio, 18 38012;predaia;0463468064;segno.presidente@fpsm.tn.it;;https://www.vivoscuola.it/content/view/full/30135;https://it.wikipedia.org/wiki/Predaia;https://www.vivoscuola.it/content/view/full/30136
scuola dell'infanzia di segonzano;frazione stedro, 80 38047;segonzano;3273311981;segonzano.presidente@fpsm.tn.it;;https://www.vivoscuola.it/content/view/full/30137;https://it.wikipedia.org/wiki/Segonzano;https://www.vivoscuola.it/content/view/full/30138
scuola dell'infanzia di serravalle;via ingenger tomasi - serravalle, 5 38061;ala;0464696304;serravalle.presidente@fpsm.tn.it;;https://www.vivoscuola.it/content/view/full/30139;https://it.wikipedia.org/wiki/Ala_(Italia);https://www.vivoscuola.it/content/view/full/30140
"scuola dell'infanzia di serso ""don ochner odv""";via al casteler, 1 38057;pergine valsugana;0461533843;serso.asilo@gmail.com;;https://www.vivoscuola.it/content/view/full/141891;https://it.wikipedia.org/wiki/Pergine_Valsugana;https://www.vivoscuola.it/content/view/full/141892
scuola dell'infanzia di smarano;via torre - smarano, 6 38012;predaia;0463536702;smarano.presidente@fpsm.tn.it;;https://www.vivoscuola.it/content/view/full/30145;https://it.wikipedia.org/wiki/Predaia;https://www.vivoscuola.it/content/view/full/30146
scuola dell'infanzia di sopramonte;via canelli - sopramonte, 5 38123;trento;0461867021;sopramonte.presidente@fpsm.tn.it;;https://www.vivoscuola.it/content/view/full/30147;https://it.wikipedia.org/wiki/Trento;https://www.vivoscuola.it/content/view/full/30148
scuola dell'infanzia di spiazzo rendena;via s vigilio, 5 38088;spiazzo;0465801326;spiazzo.rendena.contabile@fpsm.tn.it;;https://www.vivoscuola.it/content/view/full/30149;https://it.wikipedia.org/wiki/Spiazzo;https://www.vivoscuola.it/content/view/full/30150
scuola dell'infanzia di spormaggiore;via dell asilo, 2 38010;spormaggiore;04611827171;spormaggiore.contabile@fpsm.tn.it;;https://www.vivoscuola.it/content/view/full/30151;https://it.wikipedia.org/wiki/Spormaggiore;https://www.vivoscuola.it/content/view/full/30152
scuola dell'infanzia di stenico;piazza dante, 15 38070;stenico;0465771019;stenico.presidente@fpsm.tn.it;;https://www.vivoscuola.it/content/view/full/30153;https://it.wikipedia.org/wiki/Stenico;https://www.vivoscuola.it/content/view/full/30154
scuola dell'infanzia di storo;via s floriano, 22 38089;storo;0465898494;storo.presidente@fpsm.tn.it;;https://www.vivoscuola.it/content/view/full/30155;https://it.wikipedia.org/wiki/Storo;https://www.vivoscuola.it/content/view/full/30156
scuola dell'infanzia di strigno;piazza iv novembre - strigno, 11 38059;castel ivano;0461762327;strigno.presidente@fpsm.tn.it;;https://www.vivoscuola.it/content/view/full/30157;https://it.wikipedia.org/wiki/Castel_Ivano_(comune);https://www.vivoscuola.it/content/view/full/30158
scuola dell'infanzia di susà;via dell asilo, 5 38057;pergine valsugana;0461538471;susa.presidente@fpsm.tn.it;;https://www.vivoscuola.it/content/view/full/30159;https://it.wikipedia.org/wiki/Pergine_Valsugana;https://www.vivoscuola.it/content/view/full/30160
"scuola dell'infanzia di taio ""asilo infantile di taio odv""";via edison - taio, 3 38012;predaia;0463468269;taio.presidente@fpsm.tn.it;;https://www.vivoscuola.it/content/view/full/30161;https://it.wikipedia.org/wiki/Predaia;https://www.vivoscuola.it/content/view/full/30162
scuola dell'infanzia di telve;via paradiso, 1 38050;telve;0461766315;telve.presidente@fpsm.tn.it;;https://www.vivoscuola.it/content/view/full/30163;https://it.wikipedia.org/wiki/Telve;https://www.vivoscuola.it/content/view/full/30164
scuola dell'infanzia di tenno;via brocchetti, 53 38060;tenno;0464503034;tenno.presidente@fpsm.tn.it;;https://www.vivoscuola.it/content/view/full/30165;https://it.wikipedia.org/wiki/Tenno;https://www.vivoscuola.it/content/view/full/30166
scuola dell'infanzia di tesero;via fia, 20 38038;tesero;0462813045;tesero.presidente@fpsm.tn.it;;https://www.vivoscuola.it/content/view/full/30167;https://it.wikipedia.org/wiki/Tesero;https://www.vivoscuola.it/content/view/full/30168
scuola dell'infanzia di tezze valsugana;via marconi, 8/a 38055;grigno;0461769192;tezze.presidente@fpsm.tn.it;;https://www.vivoscuola.it/content/view/full/30169;https://it.wikipedia.org/wiki/Grigno;https://www.vivoscuola.it/content/view/full/30170
"scuola dell'infanzia di tione di trento ""don giovanni failoni""";piazza battisti, 4 38079;tione di trento;0465321314;tione.materna@associazionecoesi.com;;https://www.vivoscuola.it/content/view/full/61887;https://it.wikipedia.org/wiki/Tione_di_Trento;https://www.vivoscuola.it/content/view/full/61888
scuola dell'infanzia di tonadico;via fuganti - tonadico, 8 38054;primiero san martino di castrozza;0439762062;tonadico.segretario@fpsm.tn.it;;https://www.vivoscuola.it/content/view/full/30171;https://it.wikipedia.org/wiki/Primiero_San_Martino_di_Castrozza;https://www.vivoscuola.it/content/view/full/30172
scuola dell'infanzia di torbole;via don davide gioppi, 72 38069;nago-torbole;0464505159;torbole.presidente@fpsm.tn.it;;https://www.vivoscuola.it/content/view/full/30173;https://it.wikipedia.org/wiki/Nago-Torbole;https://www.vivoscuola.it/content/view/full/30174
scuola dell'infanzia di torcegno odv;via della fontana, 15 38050;torcegno;0461760796;torcegno.presidente@fpsm.tn.it;;https://www.vivoscuola.it/content/view/full/30175;https://it.wikipedia.org/wiki/Torcegno;https://www.vivoscuola.it/content/view/full/30176
scuola dell'infanzia di transacqua;piazza municipio - transacqua, 11 38054;primiero san martino di castrozza;043962313;transacqua.presidente@fpsm.tn.it;;https://www.vivoscuola.it/content/view/full/30177;https://it.wikipedia.org/wiki/Primiero_San_Martino_di_Castrozza;https://www.vivoscuola.it/content/view/full/30178
"scuola dell'infanzia di trento  ""pedrotti""";via asilo pedrotti, 2 38122;trento;0461914039;trento.pedrotti.presidente@fpsm.tn.it;;https://www.vivoscuola.it/content/view/full/30181;https://it.wikipedia.org/wiki/Trento;https://www.vivoscuola.it/content/view/full/30182
scuola dell'infanzia di trento  canossiane;via dei paradisi, 4 38122;trento;0461231775;trento.canossiane.segretario@fpsm.tn.it;;https://www.vivoscuola.it/content/view/full/30185;https://it.wikipedia.org/wiki/Trento;https://www.vivoscuola.it/content/view/full/30186
scuola dell'infanzia di trento  s. bartolomeo;viale dei tigli, 9/1 38123;trento;0461924555;trento.s.bartolomeo.segretario@fpsm.tn.it;;https://www.vivoscuola.it/content/view/full/30187;https://it.wikipedia.org/wiki/Trento;https://www.vivoscuola.it/content/view/full/30188
"scuola dell'infanzia di trento ""antonio tambosi odv""";via francesco ferruccio, 4 38122;trento;0461237392;scuolamaterna.tambosi@gmail.com;;https://www.vivoscuola.it/content/view/full/30179;https://it.wikipedia.org/wiki/Trento;https://www.vivoscuola.it/content/view/full/30180
"scuola dell'infanzia di trento ""g. b. zanella odv""";via gar, 1 38122;trento;0461233744;segreteria@gbzanella.it;;https://www.vivoscuola.it/content/view/full/30189;https://it.wikipedia.org/wiki/Trento;https://www.vivoscuola.it/content/view/full/30190
"scuola dell'infanzia di trento ""s. antonio odv""";via adamello, 2 38122;trento;0461911027;s.antonio.materna@associazionecoesi.com;;https://www.vivoscuola.it/content/view/full/30191;https://it.wikipedia.org/wiki/Trento;https://www.vivoscuola.it/content/view/full/30192
"scuola dell'infanzia di trento ""sacro cuore odv""";piazza s teresa verzeri, 4 38122;trento;0461981465;materna@istitutosacrocuore.it;;https://www.vivoscuola.it/content/view/full/92009;https://it.wikipedia.org/wiki/Trento;https://www.vivoscuola.it/content/view/full/92010
"scuola dell'infanzia di trento cognola ""b. kofler""";via kofler, 10 38121;trento;0461235069;cognola.segretario@fpsm.tn.it;;https://www.vivoscuola.it/content/view/full/30193;https://it.wikipedia.org/wiki/Trento;https://www.vivoscuola.it/content/view/full/30194
scuola dell'infanzia di trento la clarina;via einaudi, 66 38123;trento;0461923464;trento.clarina.presidente@fpsm.tn.it;;https://www.vivoscuola.it/content/view/full/30195;https://it.wikipedia.org/wiki/Trento;https://www.vivoscuola.it/content/view/full/30196
"scuola dell'infanzia di trento san donà ""b. kofler""";via per cognola, 43 38122;trento;0461260977;cognola.segretario@fpsm.tn.it;;https://www.vivoscuola.it/content/view/full/30197;https://it.wikipedia.org/wiki/Trento;https://www.vivoscuola.it/content/view/full/30198
scuola dell'infanzia di tuenno;via marconi - tuenno, 2 38019;ville d'anaunia;0463451238;tuenno.segretario@fpsm.tn.it;;https://www.vivoscuola.it/content/view/full/30199;https://it.wikipedia.org/wiki/Ville_d%27Anaunia;https://www.vivoscuola.it/content/view/full/30200
scuola dell'infanzia di varone;via sega, 5 38066;riva del garda;0464521350;varone.presidente@fpsm.tn.it;;https://www.vivoscuola.it/content/view/full/30201;https://it.wikipedia.org/wiki/Riva_del_Garda;https://www.vivoscuola.it/content/view/full/30202
scuola dell'infanzia di vermiglio;via di s pietro, 26 38029;vermiglio;0463758141;vermiglio.presidente@fpsm.tn.it;;https://www.vivoscuola.it/content/view/full/30203;https://it.wikipedia.org/wiki/Vermiglio_(Italia);https://www.vivoscuola.it/content/view/full/30204
scuola dell'infanzia di vezzano;via dante - vezzano, 24 38070;vallelaghi;0461864918;vezzano.presidente@fpsm.tn.it;;https://www.vivoscuola.it/content/view/full/30205;https://it.wikipedia.org/wiki/Vallelaghi;https://www.vivoscuola.it/content/view/full/30206
scuola dell'infanzia di vigo cavedine;via scuola materna, 1 38073;cavedine;0461566061;vigo.cavedine.presidente@fpsm.tn.it;;https://www.vivoscuola.it/content/view/full/30207;https://it.wikipedia.org/wiki/Cavedine;https://www.vivoscuola.it/content/view/full/30208
scuola dell'infanzia di vigo cortesano;via madonna dei prati, 3 38121;trento;0461448252;vigo.meano.presidente@fpsm.tn.it;;https://www.vivoscuola.it/content/view/full/30209;https://it.wikipedia.org/wiki/Trento;https://www.vivoscuola.it/content/view/full/30210
scuola dell'infanzia di vigo di fassa;strada giuseppe soraperra - pozza di fassa, 4 38036;san giovanni di fassa;0462763194;vigo.fassa.presidente@fpsm.tn.it;;https://www.vivoscuola.it/content/view/full/30213;https://it.wikipedia.org/wiki/San_Giovanni_di_Fassa;https://www.vivoscuola.it/content/view/full/30214
scuola dell'infanzia di vigo di ton;piazza guardi, 7 38010;ton;0461657897;vigo.ton.segretario@fpsm.tn.it;;https://www.vivoscuola.it/content/view/full/30215;https://it.wikipedia.org/wiki/Ton;https://www.vivoscuola.it/content/view/full/30216
scuola dell'infanzia di vigo lomaso;frazione vigo lomaso - lomaso, 1 38070;comano terme;0465701249;vigo.lomaso.presidente@fpsm.tn.it;;https://www.vivoscuola.it/content/view/full/30211;https://it.wikipedia.org/wiki/Comano_Terme;https://www.vivoscuola.it/content/view/full/30212
scuola dell'infanzia di villa lagarina;via monsignor gosetti, 3 38060;villa lagarina;0464411101;villalagarina.presidente@fpsm.tn.it;;https://www.vivoscuola.it/content/view/full/30217;https://it.wikipedia.org/wiki/Villa_Lagarina;https://www.vivoscuola.it/content/view/full/30218
scuola dell'infanzia di villamontagna;via dei carli, 16 38121;trento;0461209045;villamontagna.segretario@fpsm.tn.it;;https://www.vivoscuola.it/content/view/full/30219;https://it.wikipedia.org/wiki/Trento;https://www.vivoscuola.it/content/view/full/30220
scuola dell'infanzia di villazzano;via giordano, 15 38123;trento;0461920382;villazzano.segretario@fpsm.tn.it;;https://www.vivoscuola.it/content/view/full/30221;https://it.wikipedia.org/wiki/Trento;https://www.vivoscuola.it/content/view/full/30222
scuola dell'infanzia di volano;via s maria, 13 38060;volano;0464411516;volano.segretario@fpsm.tn.it;;https://www.vivoscuola.it/content/view/full/30223;https://it.wikipedia.org/wiki/Volano_(Italia);https://www.vivoscuola.it/content/view/full/30224
scuola dell'infanzia di ziano di fiemme;piazza italia, 8 38030;ziano di fiemme;3703621992;ziano.presidente@fpsm.tn.it;;https://www.vivoscuola.it/content/view/full/30225;https://it.wikipedia.org/wiki/Ziano_di_Fiemme;https://www.vivoscuola.it/content/view/full/30226
liceo artistico;strada dolomites - pozza di fassa, 7 38036;san giovanni di fassa;0462763702;scuolaladinadifassa@pec.provincia.tn.it;tnsd010009;https://www.vivoscuola.it/content/view/full/29907;https://it.wikipedia.org/wiki/San_Giovanni_di_Fassa;https://www.vivoscuola.it/content/view/full/29908
liceo ladino delle lingue;strada de pra del monech, 6 38036;san giovanni di fassa;0462763702;scuolaladinadifassa@pec.provincia.tn.it;tnps09000q;https://www.vivoscuola.it/content/view/full/29907;https://it.wikipedia.org/wiki/San_Giovanni_di_Fassa;https://www.vivoscuola.it/content/view/full/29909
liceo scientifico;strada de pra del monech, 6 38036;san giovanni di fassa;0462763702;scuolaladinadifassa@pec.provincia.tn.it;tnps09000q;https://www.vivoscuola.it/content/view/full/29907;https://it.wikipedia.org/wiki/San_Giovanni_di_Fassa;https://www.vivoscuola.it/content/view/full/29910
"scuola primaria ""don g. b. massar"" vigo di fassa";piaz jan batista massar - vigo di fassa, 14 38039;san giovanni di fassa;0462763702;scuolaladinadifassa@pec.provincia.tn.it;tnee850063;https://www.vivoscuola.it/content/view/full/29907;https://it.wikipedia.org/wiki/San_Giovanni_di_Fassa;https://www.vivoscuola.it/content/view/full/29911
"scuola primaria ""don l. gross"" pozza di fassa";strada de bagnes - pozza di fassa, 10 38036;san giovanni di fassa;0462763702;scuolaladinadifassa@pec.provincia.tn.it;tnee85003x;https://www.vivoscuola.it/content/view/full/29907;https://it.wikipedia.org/wiki/San_Giovanni_di_Fassa;https://www.vivoscuola.it/content/view/full/29912
"scuola primaria ""g. rizzi"" canazei";via de magoa, 15 38032;canazei;0462763702;scuolaladinadifassa@pec.provincia.tn.it;tnee85001t;https://www.vivoscuola.it/content/view/full/29907;https://it.wikipedia.org/wiki/Canazei;https://www.vivoscuola.it/content/view/full/29913
"scuola primaria ""padre e. chiocchetti"" moena";strada don giovanni iori, 19 38035;moena;0462763702;scuolaladinadifassa@pec.provincia.tn.it;tnee85002v;https://www.vivoscuola.it/content/view/full/29907;https://it.wikipedia.org/wiki/Moena;https://www.vivoscuola.it/content/view/full/29914
"scuola secondaria di primo grado ""don g. jori"" moena";strada don giovanni iori, 19 38035;moena;0462763702;scuolaladinadifassa@pec.provincia.tn.it;tnmm85002t;https://www.vivoscuola.it/content/view/full/29907;https://it.wikipedia.org/wiki/Moena;https://www.vivoscuola.it/content/view/full/29915
"scuola secondaria di primo grado ""t. soraruf"" campitello di fassa";strèda de marin, 3/a 38031;campitello di fassa;0462763702;scuolaladinadifassa@pec.provincia.tn.it;tnmm85001r;https://www.vivoscuola.it/content/view/full/29907;https://it.wikipedia.org/wiki/Campitello_di_Fassa;https://www.vivoscuola.it/content/view/full/29916
scuola secondaria di primo grado pozza di fassa;strada dolomites - pozza di fassa, 67 38036;san giovanni di fassa;0462763702;scuolaladinadifassa@pec.provincia.tn.it;tnmm85003v;https://www.vivoscuola.it/content/view/full/29907;https://it.wikipedia.org/wiki/San_Giovanni_di_Fassa;https://www.vivoscuola.it/content/view/full/29917
"scuola primaria ""la vela"" rovereto";via saibanti, 6 38068;rovereto;0464434047;segreteria@lavela.famigliamaterna.it;tn1e00700t;https://www.vivoscuola.it/content/view/full/29241;https://it.wikipedia.org/wiki/Rovereto;https://www.vivoscuola.it/content/view/full/29242
"scuola secondaria di primo grado ""la vela"" rovereto";via saibanti, 6 38068;rovereto;0464435746;amministrazione@scuolalavela.it;tn1m00900p;https://www.vivoscuola.it/content/view/full/29241;https://it.wikipedia.org/wiki/Rovereto;https://www.vivoscuola.it/content/view/full/29243
istituto professionale per il settore dei servizi;via murialdo, 30 38045;civezzano;0461857003;oxford@pec.cooperazionetrentina.it;tnri015007;https://www.vivoscuola.it/content/view/full/29918;https://it.wikipedia.org/wiki/Civezzano;https://www.vivoscuola.it/content/view/full/29919
istituto tecnico per il settore economico;via murialdo, 30 38045;civezzano;0461857003;oxford@pec.cooperazionetrentina.it;tntn01500q;https://www.vivoscuola.it/content/view/full/29918;https://it.wikipedia.org/wiki/Civezzano;https://www.vivoscuola.it/content/view/full/29920
istituto tecnico per il settore tecnologico;via murialdo, 30 38045;civezzano;0461857003;oxford@pec.cooperazionetrentina.it;tnte045005;https://www.vivoscuola.it/content/view/full/29918;https://it.wikipedia.org/wiki/Civezzano;https://www.vivoscuola.it/content/view/full/29921
settore servizi;via murialdo, 30 38045;civezzano;0461857003;oxford@pec.cooperazionetrentina.it;tnfp269sta;https://www.vivoscuola.it/content/view/full/29918;https://it.wikipedia.org/wiki/Civezzano;https://www.vivoscuola.it/content/view/full/29922
