id;main institute;school;institute type;administration type;manager;director;educational coordinator;address;municipality;telephone;fax;institute email;management email;secretary's office email;website;miur code;vivoscuola institute link;entity;wikipedia municipality link;vivoscuola school link
0;associazione pedagogica steineriana - trento;;istituzione scolastica e formativa;paritaria/equiparata;carlo musio;;;via conci, 86 38123;trento;0461930658;;associazione@pec.scuolasteiner-trento.it;;segreteria@scuolasteiner-trento.it;https://www.scuolasteiner-trento.it;;https://www.vivoscuola.it/content/view/full/29224;institute;https://it.wikipedia.org/wiki/Trento;
1;associazione pedagogica steineriana - trento;associazione r. steiner - primaria;;paritaria/equiparata;carlo musio;;;via conci, 86 38123;trento;0461930658;;associazione@pec.scuolasteiner-trento.it;;segreteria@scuolasteiner-trento.it;https://www.scuolasteiner-trento.it;tn1e00900d;https://www.vivoscuola.it/content/view/full/29224;school;https://it.wikipedia.org/wiki/Trento;https://www.vivoscuola.it/content/view/full/29225
2;associazione pedagogica steineriana - trento;associazione r. steiner - secondaria i grado;;paritaria/equiparata;carlo musio;;;via conci, 86 38123;trento;0461930658;;associazione@pec.scuolasteiner-trento.it;;segreteria@scuolasteiner-trento.it;https://www.scuolasteiner-trento.it;tn1m007003;https://www.vivoscuola.it/content/view/full/29224;school;https://it.wikipedia.org/wiki/Trento;https://www.vivoscuola.it/content/view/full/29226
3;associazione pedagogica steineriana - trento;"liceo delle scienze umane ""scuola steiner"" trento";;paritaria/equiparata;carlo musio;;;via conci - trento, 86 38123;trento;0461930658;;associazione@pec.scuolasteiner-trento.it;;segreteria@scuolasteiner-trento.it;https://www.scuolasteiner-trento.it;tnpmts5005;https://www.vivoscuola.it/content/view/full/29224;school;https://it.wikipedia.org/wiki/Trento;https://www.vivoscuola.it/content/view/full/148606
4;associazione rudolf steiner per la pedagogia aps - rovereto;;scuola dell'infanzia;paritaria/equiparata;;;;via stazione mori, 10 38068;rovereto;;;;;;;;https://www.vivoscuola.it/content/view/full/29227;institute;https://it.wikipedia.org/wiki/Rovereto;
5;associazione rudolf steiner per la pedagogia aps - rovereto;asilo colle fiorito;;paritaria/equiparata;;;;via stazione mori, 10 38068;rovereto;0464434899;;;;;;;https://www.vivoscuola.it/content/view/full/29227;school;https://it.wikipedia.org/wiki/Rovereto;https://www.vivoscuola.it/content/view/full/29228
6;"centro formazione professionale ""centromoda canossa"" ";;istituzione scolastica e formativa;paritaria/equiparata;;michele filippini;;via grazioli, 2 38122;trento;0461260454;0461/267864;canossatrento@pec.it;direzione@centromoda.tn.it;didattica@centromoda.tn.it;https://www.centromoda.tn.it;;https://www.vivoscuola.it/content/view/full/29246;institute;https://it.wikipedia.org/wiki/Trento;
7;"centro formazione professionale ""centromoda canossa"" ";capes - settore industria e artigianato;;paritaria/equiparata;;michele filippini;;via grazioli, 2 38122;trento;0461260454;0461/267864;canossatrento@pec.it;direzione@centromoda.tn.it;didattica@centromoda.tn.it;https://www.centromoda.tn.it;tncf009001;https://www.vivoscuola.it/content/view/full/29246;school;https://it.wikipedia.org/wiki/Trento;https://www.vivoscuola.it/content/view/full/170191
8;"centro formazione professionale ""centromoda canossa"" ";settore industria e artigianato;;paritaria/equiparata;;michele filippini;;via grazioli, 2 38122;trento;0461260454;0461/267864;canossatrento@pec.it;direzione@centromoda.tn.it;didattica@centromoda.tn.it;https://www.centromoda.tn.it;tncf009001;https://www.vivoscuola.it/content/view/full/29246;school;https://it.wikipedia.org/wiki/Trento;https://www.vivoscuola.it/content/view/full/29247
9;centro formazione professionale enaip - arco;;istituzione scolastica e formativa;paritaria/equiparata;;diego freo;;via gazzoletti, 8 38062;arco;0464516465;0464/516497;cfp.arco@pec.it;;cfp.arco@enaip.tn.it;https://arco.enaiptrentino.it;;https://www.vivoscuola.it/content/view/full/29248;institute;https://it.wikipedia.org/wiki/Arco_(Italia);
10;centro formazione professionale enaip - arco;capes - settore industria e artigianato;;paritaria/equiparata;;diego freo;;via gazzoletti - mogno, 8 38062;arco;0464516465;0464/516497;cfp.arco@pec.it;;cfp.arco@enaip.tn.it;https://arco.enaiptrentino.it;tncf00100q;https://www.vivoscuola.it/content/view/full/29248;school;https://it.wikipedia.org/wiki/Arco_(Italia);https://www.vivoscuola.it/content/view/full/170192
11;centro formazione professionale enaip - arco;settore industria e artigianato;;paritaria/equiparata;;diego freo;;via gazzoletti, 8 38062;arco;0464516465;0464/516497;cfp.arco@pec.it;;cfp.arco@enaip.tn.it;https://arco.enaiptrentino.it;tnfp249sta;https://www.vivoscuola.it/content/view/full/29248;school;https://it.wikipedia.org/wiki/Arco_(Italia);https://www.vivoscuola.it/content/view/full/29249
12;centro formazione professionale enaip - borgo valsugana;;istituzione scolastica e formativa;paritaria/equiparata;;francesco micheletti;;via giamaolle, 15 38051;borgo valsugana;0461753037;0461/752070;cfp.borgo@pec.it;;cfp.borgo@enaip.tn.it;https://borgo.enaiptrentino.it/;;https://www.vivoscuola.it/content/view/full/29250;institute;https://it.wikipedia.org/wiki/Borgo_Valsugana;
13;centro formazione professionale enaip - borgo valsugana;capes - settore industria e artigianato;;paritaria/equiparata;;francesco micheletti;;via giamaolle, 15 38051;borgo valsugana;0461753037;0461/752070;cfp.borgo@pec.it;;cfp.borgo@enaip.tn.it;https://borgo.enaiptrentino.it/;tncf00200g;https://www.vivoscuola.it/content/view/full/29250;school;https://it.wikipedia.org/wiki/Borgo_Valsugana;https://www.vivoscuola.it/content/view/full/170193
14;centro formazione professionale enaip - borgo valsugana;settore industria e artigianato;;paritaria/equiparata;;francesco micheletti;;via giamaolle, 15 38051;borgo valsugana;0461753037;0461/752070;cfp.borgo@pec.it;;cfp.borgo@enaip.tn.it;https://borgo.enaiptrentino.it/;tnfp250sta;https://www.vivoscuola.it/content/view/full/29250;school;https://it.wikipedia.org/wiki/Borgo_Valsugana;https://www.vivoscuola.it/content/view/full/29251
15;centro formazione professionale enaip - cles;;istituzione scolastica e formativa;paritaria/equiparata;;luca branz;;via mitterer, 10 38023;cles;0463421362;0463/421606;cfp.cles@pec.it;;cfp.cles@enaip.tn.it;https://cles.enaiptrentino.it/;;https://www.vivoscuola.it/content/view/full/29253;institute;https://it.wikipedia.org/wiki/Cles;
16;centro formazione professionale enaip - cles;settore industria e artigianato;;paritaria/equiparata;;luca branz;;via mitterer, 10 38023;cles;0463421362;0463/421606;cfp.cles@pec.it;;cfp.cles@enaip.tn.it;https://cles.enaiptrentino.it/;tnfp251sta;https://www.vivoscuola.it/content/view/full/29253;school;https://it.wikipedia.org/wiki/Cles;https://www.vivoscuola.it/content/view/full/29254
17;centro formazione professionale enaip - ossana;;istituzione scolastica e formativa;paritaria/equiparata;;claudia gosetti;;via di s antonio - ossana, 1 38026;ossana;0463751102;0463/751987;cfp.ossana@pec.it;;cfp.ossana@enaip.tn.it;https://ossana.enaiptrentino.it/;;https://www.vivoscuola.it/content/view/full/29255;institute;https://it.wikipedia.org/wiki/Ossana;
18;centro formazione professionale enaip - ossana;capes - settore servizi;;paritaria/equiparata;;claudia gosetti;;via di s antonio - ossana, 1 38026;ossana;0463751102;0463/751987;cfp.ossana@pec.it;;cfp.ossana@enaip.tn.it;https://ossana.enaiptrentino.it/;tncf00300b;https://www.vivoscuola.it/content/view/full/29255;school;https://it.wikipedia.org/wiki/Ossana;https://www.vivoscuola.it/content/view/full/170194
19;centro formazione professionale enaip - ossana;settore servizi;;paritaria/equiparata;;claudia gosetti;;via di s antonio - ossana, 1 38026;ossana;0463751102;0463/751987;cfp.ossana@pec.it;;cfp.ossana@enaip.tn.it;https://ossana.enaiptrentino.it/;tnfp252sta;https://www.vivoscuola.it/content/view/full/29255;school;https://it.wikipedia.org/wiki/Ossana;https://www.vivoscuola.it/content/view/full/29256
20;centro formazione professionale enaip - primiero;;istituzione scolastica e formativa;paritaria/equiparata;;fausto eccher;;via forno - transacqua, 12 38054;primiero san martino di castrozza;0439762057;0439/762833;cfp.primiero@pec.it;;cfp.primiero@enaip.tn.it;https://primiero.enaiptrentino.it/;;https://www.vivoscuola.it/content/view/full/29285;institute;https://it.wikipedia.org/wiki/Primiero_San_Martino_di_Castrozza;
21;centro formazione professionale enaip - primiero;settore industria e artigianato;;paritaria/equiparata;;fausto eccher;;via forno - transacqua, 12 38054;primiero san martino di castrozza;0439762057;0439/762833;cfp.primiero@pec.it;;cfp.primiero@enaip.tn.it;https://primiero.enaiptrentino.it/;tnfp253sta;https://www.vivoscuola.it/content/view/full/29285;school;https://it.wikipedia.org/wiki/Primiero_San_Martino_di_Castrozza;https://www.vivoscuola.it/content/view/full/29286
22;centro formazione professionale enaip - primiero;settore servizi;;paritaria/equiparata;;fausto eccher;;via forno - transacqua, 12 38054;primiero san martino di castrozza;0439762057;0439/762833;cfp.primiero@pec.it;;cfp.primiero@enaip.tn.it;https://primiero.enaiptrentino.it/;tnfp253sta;https://www.vivoscuola.it/content/view/full/29285;school;https://it.wikipedia.org/wiki/Primiero_San_Martino_di_Castrozza;https://www.vivoscuola.it/content/view/full/29287
23;centro formazione professionale enaip - tesero;;istituzione scolastica e formativa;paritaria/equiparata;;dino moser;;via caltrezza, 13 38038;tesero;0462813133;0462/813145;cfp.tesero@pec.it;;cfp.tesero@enaip.tn.it;https://tesero.enaiptrentino.it/;;https://www.vivoscuola.it/content/view/full/29257;institute;https://it.wikipedia.org/wiki/Tesero;
24;centro formazione professionale enaip - tesero;capes - settore servizi;;paritaria/equiparata;;dino moser;;via caltrezza, 13 38038;tesero;0462813133;0462/813145;cfp.tesero@pec.it;;cfp.tesero@enaip.tn.it;https://tesero.enaiptrentino.it/;tncf004007;https://www.vivoscuola.it/content/view/full/29257;school;https://it.wikipedia.org/wiki/Tesero;https://www.vivoscuola.it/content/view/full/170195
25;centro formazione professionale enaip - tesero;settore industria e artigianato;;paritaria/equiparata;;dino moser;;via caltrezza, 13 38038;tesero;0462813133;0462/813145;cfp.tesero@pec.it;;cfp.tesero@enaip.tn.it;https://tesero.enaiptrentino.it/;tnfp254sta;https://www.vivoscuola.it/content/view/full/29257;school;https://it.wikipedia.org/wiki/Tesero;https://www.vivoscuola.it/content/view/full/29258
26;centro formazione professionale enaip - tesero;settore servizi;;paritaria/equiparata;;dino moser;;via caltrezza, 13 38038;tesero;0462813133;0462/813145;cfp.tesero@pec.it;;cfp.tesero@enaip.tn.it;https://tesero.enaiptrentino.it/;tnfp254sta;https://www.vivoscuola.it/content/view/full/29257;school;https://it.wikipedia.org/wiki/Tesero;https://www.vivoscuola.it/content/view/full/29259
27;centro formazione professionale enaip - tione di trento;;istituzione scolastica e formativa;paritaria/equiparata;;ketty pellizzari;;via durone, 57 38079;tione di trento;0465321316;0465/322091;cfp.tione@pec.it;;cfp.tione@enaip.tn.it;https://tione.enaiptrentino.it/;tncf001001;https://www.vivoscuola.it/content/view/full/29260;institute;https://it.wikipedia.org/wiki/Tione_di_Trento;
28;centro formazione professionale enaip - tione di trento;capes - settore industria e artigianato;;paritaria/equiparata;;ketty pellizzari;;via durone, 57 38079;tione di trento;0465321316;0465/322091;cfp.tione@pec.it;;cfp.tione@enaip.tn.it;https://tione.enaiptrentino.it/;tncf001001;https://www.vivoscuola.it/content/view/full/29260;school;https://it.wikipedia.org/wiki/Tione_di_Trento;https://www.vivoscuola.it/content/view/full/170196
29;centro formazione professionale enaip - tione di trento;capes - settore servizi;;paritaria/equiparata;;ketty pellizzari;;via durone, 57 38079;tione di trento;0465321316;0465/322091;cfp.tione@pec.it;;cfp.tione@enaip.tn.it;https://tione.enaiptrentino.it/;tncf001001;https://www.vivoscuola.it/content/view/full/29260;school;https://it.wikipedia.org/wiki/Tione_di_Trento;https://www.vivoscuola.it/content/view/full/170197
30;centro formazione professionale enaip - tione di trento;settore industria e artigianato;;paritaria/equiparata;;ketty pellizzari;;via durone, 57 38079;tione di trento;0465321316;0465/322091;cfp.tione@pec.it;;cfp.tione@enaip.tn.it;https://tione.enaiptrentino.it/;tncf001001;https://www.vivoscuola.it/content/view/full/29260;school;https://it.wikipedia.org/wiki/Tione_di_Trento;https://www.vivoscuola.it/content/view/full/29261
31;centro formazione professionale enaip - tione di trento;settore servizi;;paritaria/equiparata;;ketty pellizzari;;via durone, 57 38079;tione di trento;0465321316;0465/322091;cfp.tione@pec.it;;cfp.tione@enaip.tn.it;https://tione.enaiptrentino.it/;tncf001001;https://www.vivoscuola.it/content/view/full/29260;school;https://it.wikipedia.org/wiki/Tione_di_Trento;https://www.vivoscuola.it/content/view/full/29262
32;centro formazione professionale enaip - varone di riva del garda;;istituzione scolastica e formativa;paritaria/equiparata;;elisabetta filippi;;rione europa, 3 38066;riva del garda;0464521300;0464/521553;cfp.rivadelgarda@pec.it;;cfp.rivadelgarda@enaip.tn.it;https://rivadelgarda.enaiptrentino.it/;tncf007001;https://www.vivoscuola.it/content/view/full/29263;institute;https://it.wikipedia.org/wiki/Riva_del_Garda;
33;centro formazione professionale enaip - varone di riva del garda;capes - settore servizi;;paritaria/equiparata;;elisabetta filippi;;rione europa, 3 38066;riva del garda;0464521300;0464/521553;cfp.rivadelgarda@pec.it;;cfp.rivadelgarda@enaip.tn.it;https://rivadelgarda.enaiptrentino.it/;tncf007001;https://www.vivoscuola.it/content/view/full/29263;school;https://it.wikipedia.org/wiki/Riva_del_Garda;https://www.vivoscuola.it/content/view/full/170198
34;centro formazione professionale enaip - varone di riva del garda;settore servizi;;paritaria/equiparata;;elisabetta filippi;;rione europa, 3 38066;riva del garda;0464521300;0464/521553;cfp.rivadelgarda@pec.it;;cfp.rivadelgarda@enaip.tn.it;https://rivadelgarda.enaiptrentino.it/;tncf007001;https://www.vivoscuola.it/content/view/full/29263;school;https://it.wikipedia.org/wiki/Riva_del_Garda;https://www.vivoscuola.it/content/view/full/29264
35;centro formazione professionale enaip - villazzano;;istituzione scolastica e formativa;paritaria/equiparata;;paola coccia;;via asiago, 14 38123;trento;0461920386;0461/914935;cfp.villazzano@pec.it;;cfp.villazzano@enaip.tn.it;https://villazzano.enaiptrentino.it/;tncf008001;https://www.vivoscuola.it/content/view/full/29265;institute;https://it.wikipedia.org/wiki/Trento;
36;centro formazione professionale enaip - villazzano;capes - settore industria e artigianato;;paritaria/equiparata;;paola coccia;;via asiago, 14 38123;trento;0461920386;0461/914935;cfp.villazzano@pec.it;;cfp.villazzano@enaip.tn.it;https://villazzano.enaiptrentino.it/;tncf008001;https://www.vivoscuola.it/content/view/full/29265;school;https://it.wikipedia.org/wiki/Trento;https://www.vivoscuola.it/content/view/full/170199
37;centro formazione professionale enaip - villazzano;settore industria e artigianato;;paritaria/equiparata;;paola coccia;;via asiago, 14 38123;trento;0461920386;0461/914935;cfp.villazzano@pec.it;;cfp.villazzano@enaip.tn.it;https://villazzano.enaiptrentino.it/;tncf008001;https://www.vivoscuola.it/content/view/full/29265;school;https://it.wikipedia.org/wiki/Trento;https://www.vivoscuola.it/content/view/full/29266
38;centro formazione professionale enaip - villazzano;settore industria e artigianato serale;;paritaria/equiparata;;paola coccia;;via asiago, 14 38123;trento;0461920386;0461/914935;cfp.villazzano@pec.it;;cfp.villazzano@enaip.tn.it;https://villazzano.enaiptrentino.it/;;https://www.vivoscuola.it/content/view/full/29265;school;https://it.wikipedia.org/wiki/Trento;https://www.vivoscuola.it/content/view/full/29267
39;centro formazione professionale opera armida barelli - levico;;istituzione scolastica e formativa;paritaria/equiparata;bernardo zanoner;michele linardi;;viale roma, 61 38056;levico terme;0461706145;0461/701940;cfplevico@pec.operaarmidabarelli.org;;cfplevico@operaarmidabarelli.org;https://www.operaarmidabarelli.org;;https://www.vivoscuola.it/content/view/full/29268;institute;https://it.wikipedia.org/wiki/Levico_Terme;
40;centro formazione professionale opera armida barelli - levico;settore servizi;;paritaria/equiparata;bernardo zanoner;michele linardi;;viale roma, 61 38056;levico terme;0461706145;0461/701940;cfplevico@pec.operaarmidabarelli.org;;cfplevico@operaarmidabarelli.org;https://www.operaarmidabarelli.org;tnfp272sta;https://www.vivoscuola.it/content/view/full/29268;school;https://it.wikipedia.org/wiki/Levico_Terme;https://www.vivoscuola.it/content/view/full/29269
41;centro formazione professionale opera armida barelli - rovereto;;istituzione scolastica e formativa;paritaria/equiparata;bernardo zanoner;camilla cestari;;via setaioli, 5 38068;rovereto;0464433771;0464/431711;cfprovereto@pec.operaarmidabarelli.org;;cfprovereto@operaarmidabarelli.org;https://www.operaarmidabarelli.org;tncf005001;https://www.vivoscuola.it/content/view/full/29270;institute;https://it.wikipedia.org/wiki/Rovereto;
42;centro formazione professionale opera armida barelli - rovereto;capes - settore servizi;;paritaria/equiparata;bernardo zanoner;camilla cestari;;via setaioli, 5 38068;rovereto;0464433771;0464/431711;cfprovereto@pec.operaarmidabarelli.org;;cfprovereto@operaarmidabarelli.org;https://www.operaarmidabarelli.org;tncf005001;https://www.vivoscuola.it/content/view/full/29270;school;https://it.wikipedia.org/wiki/Rovereto;https://www.vivoscuola.it/content/view/full/170200
43;centro formazione professionale opera armida barelli - rovereto;settore servizi;;paritaria/equiparata;bernardo zanoner;camilla cestari;;via setaioli, 5 38068;rovereto;0464433771;0464/431711;cfprovereto@pec.operaarmidabarelli.org;;cfprovereto@operaarmidabarelli.org;https://www.operaarmidabarelli.org;tncf005001;https://www.vivoscuola.it/content/view/full/29270;school;https://it.wikipedia.org/wiki/Rovereto;https://www.vivoscuola.it/content/view/full/29271
44;centro formazione professionale pavoniano artigianelli - trento;;istituzione scolastica e formativa;paritaria/equiparata;erik gadotti;;;piazza di fiera, 4 38122;trento;0461270244;0461/270241;scuolagrafica@pec.artigianelli.tn.it;;scuolagrafica@artigianelli.tn.it;http://www.artigianelli.tn.it/;tncf004001;https://www.vivoscuola.it/content/view/full/29272;institute;https://it.wikipedia.org/wiki/Trento;
45;centro formazione professionale pavoniano artigianelli - trento;capes - settore industria e artigianato;;paritaria/equiparata;erik gadotti;;;piazza di fiera, 4 38122;trento;0461270244;0461/270241;scuolagrafica@pec.artigianelli.tn.it;;scuolagrafica@artigianelli.tn.it;http://www.artigianelli.tn.it/;tncf004001;https://www.vivoscuola.it/content/view/full/29272;school;https://it.wikipedia.org/wiki/Trento;https://www.vivoscuola.it/content/view/full/170201
46;centro formazione professionale pavoniano artigianelli - trento;settore industria e artigianato;;paritaria/equiparata;erik gadotti;;;piazza di fiera, 4 38122;trento;0461270244;0461/270241;scuolagrafica@pec.artigianelli.tn.it;;scuolagrafica@artigianelli.tn.it;http://www.artigianelli.tn.it/;tncf004001;https://www.vivoscuola.it/content/view/full/29272;school;https://it.wikipedia.org/wiki/Trento;https://www.vivoscuola.it/content/view/full/29273
47;centro formazione professionale upt - arco;;istituzione scolastica e formativa;paritaria/equiparata;;claudio nicolussi;;via gazzoletti, 10 38062;arco;0464556585;0464/556599;cfp-upt@pec.it;;segreteria.arco@cfp-upt.it;https://www.cfpupt.it/sede-di-arco;;https://www.vivoscuola.it/content/view/full/29274;institute;https://it.wikipedia.org/wiki/Arco_(Italia);
48;centro formazione professionale upt - arco;capes - settore servizi;;paritaria/equiparata;;claudio nicolussi;;via gazzoletti - mogno, 10 38062;arco;0464556585;0464/556599;cfp-upt@pec.it;;segreteria.arco@cfp-upt.it;https://www.cfpupt.it/sede-di-arco;tncf005003;https://www.vivoscuola.it/content/view/full/29274;school;https://it.wikipedia.org/wiki/Arco_(Italia);https://www.vivoscuola.it/content/view/full/170202
49;centro formazione professionale upt - arco;settore servizi;;paritaria/equiparata;;claudio nicolussi;;via gazzoletti, 10 38062;arco;0464556585;0464/556599;cfp-upt@pec.it;;segreteria.arco@cfp-upt.it;https://www.cfpupt.it/sede-di-arco;tnfp261sta;https://www.vivoscuola.it/content/view/full/29274;school;https://it.wikipedia.org/wiki/Arco_(Italia);https://www.vivoscuola.it/content/view/full/29275
50;centro formazione professionale upt - borgo valsugana;;istituzione scolastica e formativa;paritaria/equiparata;;claudia mammani;;via del mercato, 9/a 38051;borgo valsugana;04611830221;0461/233877;cfp-upt@pec.it;;segreteria.sede@cfp-upt.it;https://www.cfp-upt.it;;https://www.vivoscuola.it/content/view/full/122609;institute;https://it.wikipedia.org/wiki/Borgo_Valsugana;
51;centro formazione professionale upt - borgo valsugana;settore servizi;;paritaria/equiparata;;claudia mammani;;via del mercato, 9/a 38051;borgo valsugana;04611830221;0461/233877;cfp-upt@pec.it;;segreteria.sede@cfp-upt.it;https://www.cfp-upt.it;tnfp273sta;https://www.vivoscuola.it/content/view/full/122609;school;https://it.wikipedia.org/wiki/Borgo_Valsugana;https://www.vivoscuola.it/content/view/full/122610
52;centro formazione professionale upt - cles;;istituzione scolastica e formativa;paritaria/equiparata;;walter iori;;via d agostin, 2 38023;cles;0463422820;0463/424409;cfp-upt@pec.it;;segreteria.cles@cfp-upt.it;https://www.cfp-upt.it;;https://www.vivoscuola.it/content/view/full/29276;institute;https://it.wikipedia.org/wiki/Cles;
53;centro formazione professionale upt - cles;capes - settore servizi;;paritaria/equiparata;;walter iori;;via d agostin, 2 38023;cles;0463422820;0463/424409;cfp-upt@pec.it;;segreteria.cles@cfp-upt.it;https://www.cfp-upt.it;tncf00600v;https://www.vivoscuola.it/content/view/full/29276;school;https://it.wikipedia.org/wiki/Cles;https://www.vivoscuola.it/content/view/full/170203
54;centro formazione professionale upt - cles;settore servizi;;paritaria/equiparata;;walter iori;;via d agostin, 2 38023;cles;0463422820;0463/424409;cfp-upt@pec.it;;segreteria.cles@cfp-upt.it;https://www.cfp-upt.it;tnfp262sta;https://www.vivoscuola.it/content/view/full/29276;school;https://it.wikipedia.org/wiki/Cles;https://www.vivoscuola.it/content/view/full/29277
55;centro formazione professionale upt - rovereto;;istituzione scolastica e formativa;paritaria/equiparata;;paolo zanlucchi;;via pasqui, 10 38068;rovereto;0464630050;;cfp-upt@pec.it;;segreteria.rovereto@cfp-upt.it;https://www.cfp-upt.it;;https://www.vivoscuola.it/content/view/full/29278;institute;https://it.wikipedia.org/wiki/Rovereto;
56;centro formazione professionale upt - rovereto;capes - settore servizi;;paritaria/equiparata;;paolo zanlucchi;;via pasqui, 10 38068;rovereto;0464630050;;cfp-upt@pec.it;;segreteria.rovereto@cfp-upt.it;https://www.cfp-upt.it;tncf00900a;https://www.vivoscuola.it/content/view/full/29278;school;https://it.wikipedia.org/wiki/Rovereto;https://www.vivoscuola.it/content/view/full/439664
57;centro formazione professionale upt - rovereto;settore servizi;;paritaria/equiparata;;paolo zanlucchi;;via pasqui, 10 38068;rovereto;0464630050;;cfp-upt@pec.it;;segreteria.rovereto@cfp-upt.it;https://www.cfp-upt.it;tnfp000001;https://www.vivoscuola.it/content/view/full/29278;school;https://it.wikipedia.org/wiki/Rovereto;https://www.vivoscuola.it/content/view/full/29279
58;centro formazione professionale upt - tione di trento;;istituzione scolastica e formativa;paritaria/equiparata;;maurizio cadonna ;;via roma, 15 38079;tione di trento;0465321889;0465/324518;cfp-upt@pec.it;;segreteria.tione@cfp-upt.it;https://www.cfp-upt.it;;https://www.vivoscuola.it/content/view/full/29280;institute;https://it.wikipedia.org/wiki/Tione_di_Trento;
59;centro formazione professionale upt - tione di trento;capes - settore servizi;;paritaria/equiparata;;maurizio cadonna ;;via roma, 15 38079;tione di trento;0465321889;0465/324518;cfp-upt@pec.it;;segreteria.tione@cfp-upt.it;https://www.cfp-upt.it;tncf00700p;https://www.vivoscuola.it/content/view/full/29280;school;https://it.wikipedia.org/wiki/Tione_di_Trento;https://www.vivoscuola.it/content/view/full/170204
60;centro formazione professionale upt - tione di trento;settore servizi;;paritaria/equiparata;;maurizio cadonna ;;via roma, 15 38079;tione di trento;0465321889;0465/324518;cfp-upt@pec.it;;segreteria.tione@cfp-upt.it;https://www.cfp-upt.it;tnfp263sta;https://www.vivoscuola.it/content/view/full/29280;school;https://it.wikipedia.org/wiki/Tione_di_Trento;https://www.vivoscuola.it/content/view/full/29281
61;centro formazione professionale upt - trento;;istituzione scolastica e formativa;paritaria/equiparata;;walter iori;;via borsieri, 2 38122;trento;0461239997;0461/260235;cfp-upt@pec.it;;segreteria.sede@cfp-upt.it;https://www.cfp-upt.it;tncf003001;https://www.vivoscuola.it/content/view/full/29282;institute;https://it.wikipedia.org/wiki/Trento;
62;centro formazione professionale upt - trento;capes - settore servizi;;paritaria/equiparata;;walter iori;;viale verona, 141 38123;trento;0461239997;0461/260235;cfp-upt@pec.it;;segreteria.sede@cfp-upt.it;https://www.cfp-upt.it;tncf003001;https://www.vivoscuola.it/content/view/full/29282;school;https://it.wikipedia.org/wiki/Trento;https://www.vivoscuola.it/content/view/full/170205
63;centro formazione professionale upt - trento;settore servizi;;paritaria/equiparata;;walter iori;;via borsieri, 2 38122;trento;0461239997;0461/260235;cfp-upt@pec.it;;segreteria.sede@cfp-upt.it;https://www.cfp-upt.it;tncf003001;https://www.vivoscuola.it/content/view/full/29282;school;https://it.wikipedia.org/wiki/Trento;https://www.vivoscuola.it/content/view/full/29283
64;centro formazione professionale upt - trento;settore servizi serale;;paritaria/equiparata;;walter iori;;via borsieri, 2 38122;trento;0461239997;0461/260235;cfp-upt@pec.it;;segreteria.sede@cfp-upt.it;https://www.cfp-upt.it;;https://www.vivoscuola.it/content/view/full/29282;school;https://it.wikipedia.org/wiki/Trento;https://www.vivoscuola.it/content/view/full/29284
65;circolo di coordinamento n. 1;;circolo di coordinamento pedagogico;a carattere statale/provinciale;;;katia pegoretti;viale dante, 5 38057;pergine valsugana;0461493491;0461/493495;circolo.coordinamento01@provincia.tn.it;;circolo.coordinamento01@provincia.tn.it;;;https://www.vivoscuola.it/content/view/full/29288;institute;https://it.wikipedia.org/wiki/Pergine_Valsugana;
66;circolo di coordinamento n. 1;scuola dell'infanzia di baselga di piné;;a carattere statale/provinciale;;;katia pegoretti;via del municipio vecchio, 2 38042;baselga di piné;0461557640;0461/493495;scuolainfanzia.baselgadipine@scuole.provincia.tn.it;;circolo.coordinamento01@provincia.tn.it;;;https://www.vivoscuola.it/content/view/full/29288;school;https://it.wikipedia.org/wiki/Baselga_di_Pin%C3%A9;https://www.vivoscuola.it/content/view/full/29289
67;circolo di coordinamento n. 1;"scuola dell'infanzia di capriana ""maddalena lazzeri""";;a carattere statale/provinciale;;;katia pegoretti;piazza scuole, 3 38030;capriana;0462816377;0461/493495;scuolainfanzia.capriana@scuole.provincia.tn.it;;circolo.coordinamento01@provincia.tn.it;;;https://www.vivoscuola.it/content/view/full/29288;school;https://it.wikipedia.org/wiki/Capriana;https://www.vivoscuola.it/content/view/full/29290
68;circolo di coordinamento n. 1;scuola dell'infanzia di casatta;;a carattere statale/provinciale;;;katia pegoretti;frazione casatta, 54 38040;valfloriana;0462910249;0461/493495;scuolainfanzia.casatta@scuole.provincia.tn.it;;circolo.coordinamento01@provincia.tn.it;;;https://www.vivoscuola.it/content/view/full/29288;school;https://it.wikipedia.org/wiki/Valfloriana;https://www.vivoscuola.it/content/view/full/29291
69;circolo di coordinamento n. 1;scuola dell'infanzia di civezzano;;a carattere statale/provinciale;;;katia pegoretti;via telvana, 4 38045;civezzano;0461858481;0461/493495;scuolainfanzia.civezzano@scuole.provincia.tn.it;;circolo.coordinamento01@provincia.tn.it;;;https://www.vivoscuola.it/content/view/full/29288;school;https://it.wikipedia.org/wiki/Civezzano;https://www.vivoscuola.it/content/view/full/29292
70;circolo di coordinamento n. 1;scuola dell'infanzia di daiano-varena;;a carattere statale/provinciale;;;katia pegoretti;via mercato - varena, 22 38030;ville di fiemme;0462341301;0461/493495;scuolainfanzia.daianovarena@scuole.provincia.tn.it;;circolo.coordinamento01@provincia.tn.it;;;https://www.vivoscuola.it/content/view/full/29288;school;https://it.wikipedia.org/wiki/Ville_di_Fiemme;https://www.vivoscuola.it/content/view/full/180180
71;circolo di coordinamento n. 1;"scuola dell'infanzia di fierozzo ""himblring""";;a carattere statale/provinciale;;;katia pegoretti;maso ronca, 9 38050;fierozzo;0461540044;0461/493495;scuolainfanzia.fierozzo@scuole.provincia.tn.it;;circolo.coordinamento01@provincia.tn.it;;;https://www.vivoscuola.it/content/view/full/29288;school;https://it.wikipedia.org/wiki/Fierozzo;https://www.vivoscuola.it/content/view/full/29294
72;circolo di coordinamento n. 1;scuola dell'infanzia di miola di pinè;;a carattere statale/provinciale;;;katia pegoretti;via del dos di miola, 13 38042;baselga di piné;0461557950;0461/493495;scuolainfanzia.miola@scuole.provincia.tn.it;;circolo.coordinamento01@provincia.tn.it;;;https://www.vivoscuola.it/content/view/full/29288;school;https://it.wikipedia.org/wiki/Baselga_di_Pin%C3%A9;https://www.vivoscuola.it/content/view/full/29295
73;circolo di coordinamento n. 1;scuola dell'infanzia di molina di fiemme;;a carattere statale/provinciale;;;katia pegoretti;via segherie, 64/c 38030;castello-molina di fiemme;0462230696;0461/493495;scuolainfanzia.molina@scuole.provincia.tn.it;;circolo.coordinamento01@provincia.tn.it;;;https://www.vivoscuola.it/content/view/full/29288;school;https://it.wikipedia.org/wiki/Castello-Molina_di_Fiemme;https://www.vivoscuola.it/content/view/full/29296
74;circolo di coordinamento n. 1;scuola dell'infanzia di piazze;;a carattere statale/provinciale;;;katia pegoretti;via vittorino da feltre, 24 38043;bedollo;0461556518;0461/493495;scuolainfanzia.bedollo@scuole.provincia.tn.it;;circolo.coordinamento01@provincia.tn.it;;;https://www.vivoscuola.it/content/view/full/29288;school;https://it.wikipedia.org/wiki/Bedollo;https://www.vivoscuola.it/content/view/full/29297
75;circolo di coordinamento n. 1;"scuola dell'infanzia di rizzolaga di pinè ""raggio di sole""";;a carattere statale/provinciale;;;katia pegoretti;frazione rizzolaga, 94 38042;baselga di piné;0461557629;0461/493495;scuolainfanzia.rizzolaga@scuole.provincia.tn.it;;circolo.coordinamento01@provincia.tn.it;;;https://www.vivoscuola.it/content/view/full/29288;school;https://it.wikipedia.org/wiki/Baselga_di_Pin%C3%A9;https://www.vivoscuola.it/content/view/full/29298
76;circolo di coordinamento n. 1;"scuola dell'infanzia di s. orsola ""il girotondo""";;a carattere statale/provinciale;;;katia pegoretti;localita pintarei, 9 38050;sant'orsola terme;0461551163;0461/493495;scuolainfanzia.santorsola@scuole.provincia.tn.it;;circolo.coordinamento01@provincia.tn.it;;;https://www.vivoscuola.it/content/view/full/29288;school;https://it.wikipedia.org/wiki/Sant%27Orsola_Terme;https://www.vivoscuola.it/content/view/full/29299
77;circolo di coordinamento n. 1;"scuola dell'infanzia di seregnano ""arcobaleno""";;a carattere statale/provinciale;;;katia pegoretti;via alla villa wolf - rovere, 4 38045;civezzano;0461858736;0461/493495;scuolainfanzia.seregnano@scuole.provincia.tn.it;;circolo.coordinamento01@provincia.tn.it;;;https://www.vivoscuola.it/content/view/full/29288;school;https://it.wikipedia.org/wiki/Civezzano;https://www.vivoscuola.it/content/view/full/29300
78;circolo di coordinamento n. 10;;circolo di coordinamento pedagogico;a carattere statale/provinciale;;;ginevra rella;viale trento, 37/e 38068;rovereto;0464493114;0464/493115;circolo.coordinamento10@provincia.tn.it;;circolo.coordinamento10@provincia.tn.it;;;https://www.vivoscuola.it/content/view/full/29302;institute;https://it.wikipedia.org/wiki/Rovereto;
79;circolo di coordinamento n. 10;scuola dell'infanzia di besenello;;a carattere statale/provinciale;;;ginevra rella;via vanzetti, 3 38060;besenello;0464834946;0464/493115;scuolainfanzia.besenello@scuole.provincia.tn.it;;circolo.coordinamento10@provincia.tn.it;;;https://www.vivoscuola.it/content/view/full/29302;school;https://it.wikipedia.org/wiki/Besenello;https://www.vivoscuola.it/content/view/full/29303
80;circolo di coordinamento n. 10;"scuola dell'infanzia di calliano ""matite colorate""";;a carattere statale/provinciale;;;ginevra rella;via iii novembre, 33 38060;calliano;0464835165;0464/493115;scuolainfanzia.calliano@scuole.provincia.tn.it;;circolo.coordinamento10@provincia.tn.it;;;https://www.vivoscuola.it/content/view/full/29302;school;https://it.wikipedia.org/wiki/Calliano_(Trentino-Alto_Adige);https://www.vivoscuola.it/content/view/full/29304
81;circolo di coordinamento n. 10;scuola dell'infanzia di isera;;a carattere statale/provinciale;;;ginevra rella;vicolo zandonai,   38060;isera;0464437292;0464/493115;scuolainfanzia.isera@scuole.provincia.tn.it;;circolo.coordinamento10@provincia.tn.it;;;https://www.vivoscuola.it/content/view/full/29302;school;https://it.wikipedia.org/wiki/Isera;https://www.vivoscuola.it/content/view/full/29305
82;circolo di coordinamento n. 10;scuola dell'infanzia di nogaredo;;a carattere statale/provinciale;;;ginevra rella;via verdi, 38 38060;nogaredo;0464411244;0464/493115;scuolainfanzia.nogaredo@scuole.provincia.tn.it;;circolo.coordinamento10@provincia.tn.it;;;https://www.vivoscuola.it/content/view/full/29302;school;https://it.wikipedia.org/wiki/Nogaredo;https://www.vivoscuola.it/content/view/full/29306
83;circolo di coordinamento n. 10;"scuola dell'infanzia di pomarolo  ""don rainoldi""";;a carattere statale/provinciale;;;ginevra rella;via g.b. adami, 10 38060;pomarolo;0464410211;0464/493115;scuolainfanzia.pomarolo@scuole.provincia.tn.it;;circolo.coordinamento10@provincia.tn.it;;;https://www.vivoscuola.it/content/view/full/29302;school;https://it.wikipedia.org/wiki/Pomarolo;https://www.vivoscuola.it/content/view/full/29307
84;circolo di coordinamento n. 10;"scuola dell'infanzia di rovereto  s.ilario ""amici della scuola""";;a carattere statale/provinciale;;;ginevra rella;via monti, 4a 38068;rovereto;0464411901;0464/493115;scuolainfanzia.santilario@scuole.provincia.tn.it;;circolo.coordinamento10@provincia.tn.it;;;https://www.vivoscuola.it/content/view/full/29302;school;https://it.wikipedia.org/wiki/Rovereto;https://www.vivoscuola.it/content/view/full/29308
85;circolo di coordinamento n. 10;scuola dell'infanzia di rovereto brione;;a carattere statale/provinciale;;;ginevra rella;via puccini, 26 38068;rovereto;0464412892;0464/493115;scuolainfanzia.brione@scuole.provincia.tn.it;;circolo.coordinamento10@provincia.tn.it;;;https://www.vivoscuola.it/content/view/full/29302;school;https://it.wikipedia.org/wiki/Rovereto;https://www.vivoscuola.it/content/view/full/29309
86;circolo di coordinamento n. 10;"scuola dell'infanzia di rovereto rione nord ""mille colori""";;a carattere statale/provinciale;;;ginevra rella;via chiocchetti, 1 38068;rovereto;0464435355;0464/493115;scuolainfanzia.rionenord@scuole.provincia.tn.it;;circolo.coordinamento10@provincia.tn.it;;;https://www.vivoscuola.it/content/view/full/29302;school;https://it.wikipedia.org/wiki/Rovereto;https://www.vivoscuola.it/content/view/full/29310
87;circolo di coordinamento n. 11;;circolo di coordinamento pedagogico;a carattere statale/provinciale;;;simonetta errigo;via della gana, 10 38027;malé;0461491939;0461/491940;circolo.coordinamento11@provincia.tn.it;;circolo.coordinamento11@provincia.tn.it;;;https://www.vivoscuola.it/content/view/full/29311;institute;https://it.wikipedia.org/wiki/Mal%C3%A9_(Italia);
88;circolo di coordinamento n. 11;scuola dell'infanzia di castelfondo;;a carattere statale/provinciale;;;simonetta errigo;via madonna pellegrina, 5 38020;borgo d'anaunia;0463889189;0461/491940;scuolainfanzia.castelfondo@scuole.provincia.tn.it;;circolo.coordinamento11@provincia.tn.it;;;https://www.vivoscuola.it/content/view/full/29311;school;https://it.wikipedia.org/wiki/Borgo_d%27Anaunia;https://www.vivoscuola.it/content/view/full/29312
89;circolo di coordinamento n. 11;"scuola dell'infanzia di cavareno ""peter pan""";;a carattere statale/provinciale;;;simonetta errigo;via castelli, 1 38011;cavareno;0463832426;0461/491940;scuolainfanzia.cavareno@scuole.provincia.tn.it;;circolo.coordinamento11@provincia.tn.it;;;https://www.vivoscuola.it/content/view/full/29311;school;https://it.wikipedia.org/wiki/Cavareno;https://www.vivoscuola.it/content/view/full/29313
90;circolo di coordinamento n. 11;scuola dell'infanzia di cogolo;;a carattere statale/provinciale;;;simonetta errigo;via roma, 83 38024;peio;0463754108;0461/491940;scuolainfanzia.cogolo@scuole.provincia.tn.it;;circolo.coordinamento11@provincia.tn.it;;;https://www.vivoscuola.it/content/view/full/29311;school;https://it.wikipedia.org/wiki/Peio;https://www.vivoscuola.it/content/view/full/29314
91;circolo di coordinamento n. 11;"scuola dell'infanzia di livo ""battito d'ali""";;a carattere statale/provinciale;;;simonetta errigo;via marconi, 17 38020;livo;0463533522;0461/491940;scuolainfanzia.livo@scuole.provincia.tn.it;;circolo.coordinamento11@provincia.tn.it;;;https://www.vivoscuola.it/content/view/full/29311;school;https://it.wikipedia.org/wiki/Livo_(Trentino-Alto_Adige);https://www.vivoscuola.it/content/view/full/29315
92;circolo di coordinamento n. 11;"scuola dell'infanzia di mezzana ""a. ravelli""";;a carattere statale/provinciale;;;simonetta errigo;via manzoni, 22 38020;mezzana;0463756018;0461/491940;scuolainfanzia.mezzana@scuole.provincia.tn.it;;circolo.coordinamento11@provincia.tn.it;;;https://www.vivoscuola.it/content/view/full/29311;school;https://it.wikipedia.org/wiki/Mezzana;https://www.vivoscuola.it/content/view/full/29316
93;circolo di coordinamento n. 11;scuola dell'infanzia di mione rumo;;a carattere statale/provinciale;;;simonetta errigo;frazione mione, 54 38020;rumo;0463530420;0461/491940;scuolainfanzia.rumo@scuole.provincia.tn.it;;circolo.coordinamento11@provincia.tn.it;;;https://www.vivoscuola.it/content/view/full/29311;school;https://it.wikipedia.org/wiki/Rumo;https://www.vivoscuola.it/content/view/full/29317
94;circolo di coordinamento n. 11;scuola dell'infanzia di monclassico;;a carattere statale/provinciale;;;simonetta errigo;via berera - monclassico, 6 38025;dimaro folgarida;0463974606;0461/491940;scuolainfanzia.monclassico@scuole.provincia.tn.it;;circolo.coordinamento11@provincia.tn.it;;;https://www.vivoscuola.it/content/view/full/29311;school;https://it.wikipedia.org/wiki/Dimaro_Folgarida;https://www.vivoscuola.it/content/view/full/29318
95;circolo di coordinamento n. 11;"scuola dell'infanzia di pellizzano ""antonio bontempelli""";;a carattere statale/provinciale;;;simonetta errigo;via dei baschenis, 3 38020;pellizzano;0463751953;0461/491940;scuolainfanzia.pellizzano@scuole.provincia.tn.it;;circolo.coordinamento11@provincia.tn.it;;;https://www.vivoscuola.it/content/view/full/29311;school;https://it.wikipedia.org/wiki/Pellizzano;https://www.vivoscuola.it/content/view/full/29320
96;circolo di coordinamento n. 11;scuola dell'infanzia di rabbi;;a carattere statale/provinciale;;;simonetta errigo;frazione pracorno, 98/b 38020;rabbi;0463902652;0461/491940;scuolainfanzia.rabbi@scuole.provincia.tn.it;;circolo.coordinamento11@provincia.tn.it;;;https://www.vivoscuola.it/content/view/full/29311;school;https://it.wikipedia.org/wiki/Rabbi_(comune);https://www.vivoscuola.it/content/view/full/29321
97;circolo di coordinamento n. 11;"scuola dell'infanzia di romeno  ""città della gioia""";;a carattere statale/provinciale;;;simonetta errigo;via monsignor rosati, 6 38010;romeno;0463875195;0461/491940;scuolainfanzia.romeno@scuole.provincia.tn.it;;circolo.coordinamento11@provincia.tn.it;;;https://www.vivoscuola.it/content/view/full/29311;school;https://it.wikipedia.org/wiki/Romeno_(Italia);https://www.vivoscuola.it/content/view/full/29322
98;circolo di coordinamento n. 11;scuola dell'infanzia di ruffrè;;a carattere statale/provinciale;;;simonetta errigo;maso lana, 3 38010;ruffré-mendola;0463870011;0461/491940;scuolainfanzia.ruffre@scuole.provincia.tn.it;;circolo.coordinamento11@provincia.tn.it;;;https://www.vivoscuola.it/content/view/full/29311;school;https://it.wikipedia.org/wiki/Ruffr%C3%A9-Mendola;https://www.vivoscuola.it/content/view/full/29323
99;circolo di coordinamento n. 11;"scuola dell'infanzia di sarnonico ""giardino dei sogni""";;a carattere statale/provinciale;;;simonetta errigo;viale s lorenzo, 6 38011;sarnonico;0463831603;0461/491940;scuolainfanzia.sarnonico@scuole.provincia.tn.it;;circolo.coordinamento11@provincia.tn.it;;;https://www.vivoscuola.it/content/view/full/29311;school;https://it.wikipedia.org/wiki/Sarnonico;https://www.vivoscuola.it/content/view/full/29324
100;circolo di coordinamento n. 11;"scuola dell'infanzia di terzolas ""caterina graifenberg""";;a carattere statale/provinciale;;;simonetta errigo;via kessler, 23 38027;terzolas;0463901977;0461/491940;scuolainfanzia.terzolas@scuole.provincia.tn.it;;circolo.coordinamento11@provincia.tn.it;;;https://www.vivoscuola.it/content/view/full/29311;school;https://it.wikipedia.org/wiki/Terzolas;https://www.vivoscuola.it/content/view/full/29325
101;circolo di coordinamento n. 2;;circolo di coordinamento pedagogico;a carattere statale/provinciale;;;helene giacomelli;via temanza, 4 38051;borgo valsugana;0461491980;0461 491976;circolo.coordinamento02@provincia.tn.it;;circolo.coordinamento02@provincia.tn.it;;;https://www.vivoscuola.it/content/view/full/29326;institute;https://it.wikipedia.org/wiki/Borgo_Valsugana;
102;circolo di coordinamento n. 2;scuola dell'infanzia di bieno;;a carattere statale/provinciale;;;helene giacomelli;via ammiraglio bettolo, 21 38050;bieno;0461596247;0461 491976;scuolainfanzia.bieno@scuole.provincia.tn.it;;circolo.coordinamento02@provincia.tn.it;;;https://www.vivoscuola.it/content/view/full/29326;school;https://it.wikipedia.org/wiki/Bieno;https://www.vivoscuola.it/content/view/full/29327
103;circolo di coordinamento n. 2;scuola dell'infanzia di bosentino;;a carattere statale/provinciale;;;helene giacomelli;via alle scuole - bosentino, 12 38049;altopiano della vigolana;0461845133;0461 491976;scuolainfanzia.bosentino@scuole.provincia.tn.it;;circolo.coordinamento02@provincia.tn.it;;;https://www.vivoscuola.it/content/view/full/29326;school;https://it.wikipedia.org/wiki/Altopiano_della_Vigolana;https://www.vivoscuola.it/content/view/full/29328
104;circolo di coordinamento n. 2;"scuola dell'infanzia di caldonazzo ""maria bambina""";;a carattere statale/provinciale;;;helene giacomelli;via asilo, 1 38052;caldonazzo;0461724658;0461 491976;scuolainfanzia.caldonazzo@scuole.provincia.tn.it;;circolo.coordinamento02@provincia.tn.it;;;https://www.vivoscuola.it/content/view/full/29326;school;https://it.wikipedia.org/wiki/Caldonazzo;https://www.vivoscuola.it/content/view/full/180181
105;circolo di coordinamento n. 2;"scuola dell'infanzia di canal san bovo ""lausen""";;a carattere statale/provinciale;;;helene giacomelli;localita lausen, 13 38050;canal san bovo;0439718979;0461 491976;scuolainfanzia.canalsanbovo@scuole.provincia.tn.it;;circolo.coordinamento02@provincia.tn.it;;;https://www.vivoscuola.it/content/view/full/29326;school;https://it.wikipedia.org/wiki/Canal_San_Bovo;https://www.vivoscuola.it/content/view/full/29329
106;circolo di coordinamento n. 2;scuola dell'infanzia di castello tesino;;a carattere statale/provinciale;;;helene giacomelli;via venezia, 16/a 38053;castello tesino;0461593023;0461 491976;scuolainfanzia.castellotesino@scuole.provincia.tn.it;;circolo.coordinamento02@provincia.tn.it;;;https://www.vivoscuola.it/content/view/full/29326;school;https://it.wikipedia.org/wiki/Castello_Tesino;https://www.vivoscuola.it/content/view/full/29330
107;circolo di coordinamento n. 2;scuola dell'infanzia di centa san nicolò;;a carattere statale/provinciale;;;helene giacomelli;via dei campi - centa san nicolo, 14 38049;altopiano della vigolana;0461722120;0461 491976;scuolainfanzia.centa@scuole.provincia.tn.it;;circolo.coordinamento02@provincia.tn.it;;;https://www.vivoscuola.it/content/view/full/29326;school;https://it.wikipedia.org/wiki/Altopiano_della_Vigolana;https://www.vivoscuola.it/content/view/full/29331
108;circolo di coordinamento n. 2;scuola dell'infanzia di imer;;a carattere statale/provinciale;;;helene giacomelli;via nazionale, 71 38050;imer;043967668;0461 491976;scuolainfanzia.imer@scuole.provincia.tn.it;;circolo.coordinamento02@provincia.tn.it;;;https://www.vivoscuola.it/content/view/full/29326;school;https://it.wikipedia.org/wiki/Imer;https://www.vivoscuola.it/content/view/full/29332
109;circolo di coordinamento n. 2;"scuola dell'infanzia di levico terme ""taita marcos""";;a carattere statale/provinciale;;;helene giacomelli;via monsignor caproni, 1 38056;levico terme;0461710298;0461 491976;scuolainfanzia.levico@scuole.provincia.tn.it;;circolo.coordinamento02@provincia.tn.it;;;https://www.vivoscuola.it/content/view/full/29326;school;https://it.wikipedia.org/wiki/Levico_Terme;https://www.vivoscuola.it/content/view/full/29333
110;circolo di coordinamento n. 2;"scuola dell'infanzia di novaledo ""don evaristo forrer""";;a carattere statale/provinciale;;;helene giacomelli;via valle, 4 38050;novaledo;0461721100;0461 491976;scuolainfanzia.novaledo@scuole.provincia.tn.it;;circolo.coordinamento02@provincia.tn.it;;;https://www.vivoscuola.it/content/view/full/29326;school;https://it.wikipedia.org/wiki/Novaledo;https://www.vivoscuola.it/content/view/full/29334
111;circolo di coordinamento n. 2;"scuola dell'infanzia di tenna ""il sentiero""";;a carattere statale/provinciale;;;helene giacomelli;via venezia, 1 38050;tenna;0461707635;0461 491976;scuolainfanzia.tenna@scuole.provincia.tn.it;;circolo.coordinamento02@provincia.tn.it;;;https://www.vivoscuola.it/content/view/full/29326;school;https://it.wikipedia.org/wiki/Tenna_(comune);https://www.vivoscuola.it/content/view/full/29335
112;circolo di coordinamento n. 2;scuola dell'infanzia di vattaro;;a carattere statale/provinciale;;;helene giacomelli;via giardino - vattaro, 7 38049;altopiano della vigolana;0461848066;0461 491976;scuolainfanzia.vattaro@scuole.provincia.tn.it;;circolo.coordinamento02@provincia.tn.it;;;https://www.vivoscuola.it/content/view/full/29326;school;https://it.wikipedia.org/wiki/Altopiano_della_Vigolana;https://www.vivoscuola.it/content/view/full/29336
113;circolo di coordinamento n. 2;"scuola dell'infanzia di vigolo vattaro ""giardino dell'amicizia""";;a carattere statale/provinciale;;;helene giacomelli;via al castello - vigolo vattaro, 10 38049;altopiano della vigolana;0461848577;0461 491976;scuolainfanzia.vigolovattaro@scuole.provincia.tn.it;;circolo.coordinamento02@provincia.tn.it;;;https://www.vivoscuola.it/content/view/full/29326;school;https://it.wikipedia.org/wiki/Altopiano_della_Vigolana;https://www.vivoscuola.it/content/view/full/29337
114;circolo di coordinamento n. 2;"scuola dell'infanzia di villa agnedo ""natale alpino""";;a carattere statale/provinciale;;;helene giacomelli;via dei molini - agnedo, 36 38059;castel ivano;0461762822;0461 491976;scuolainfanzia.villagnedo@scuole.provincia.tn.it;;circolo.coordinamento02@provincia.tn.it;;;https://www.vivoscuola.it/content/view/full/29326;school;https://it.wikipedia.org/wiki/Castel_Ivano_(comune);https://www.vivoscuola.it/content/view/full/29338
115;circolo di coordinamento n. 3;;circolo di coordinamento pedagogico;a carattere statale/provinciale;;;chiara nadalon;via gilli, 3 38121;trento;0461496000;0461/497257;circolo.coordinamento03@provincia.tn.it;;circolo.coordinamento03@provincia.tn.it;;;https://www.vivoscuola.it/content/view/full/29339;institute;https://it.wikipedia.org/wiki/Trento;
116;circolo di coordinamento n. 3;"scuola dell'infanzia di trento  ""crosina sartori""";;a carattere statale/provinciale;;;chiara nadalon;via gocciadoro, 84 38122;trento;0461925679;0461/497257;scuolainfanzia.crosina@scuole.provincia.tn.it;;circolo.coordinamento03@provincia.tn.it;;;https://www.vivoscuola.it/content/view/full/29339;school;https://it.wikipedia.org/wiki/Trento;https://www.vivoscuola.it/content/view/full/29340
117;circolo di coordinamento n. 3;"scuola dell'infanzia di trento  ""gianni rodari""";;a carattere statale/provinciale;;;chiara nadalon;via giovanelli, 6 38122;trento;0461986198;0461/497257;scuolainfanzia.rodari@scuole.provincia.tn.it;;circolo.coordinamento03@provincia.tn.it;;;https://www.vivoscuola.it/content/view/full/29339;school;https://it.wikipedia.org/wiki/Trento;https://www.vivoscuola.it/content/view/full/29341
118;circolo di coordinamento n. 3;"scuola dell'infanzia di trento  povo ""m.c. conotter""";;a carattere statale/provinciale;;;chiara nadalon;via della resistenza, 48 38123;trento;0461810574;0461/497257;scuolainfanzia.povo@scuole.provincia.tn.it;;circolo.coordinamento03@provincia.tn.it;;;https://www.vivoscuola.it/content/view/full/29339;school;https://it.wikipedia.org/wiki/Trento;https://www.vivoscuola.it/content/view/full/29342
119;circolo di coordinamento n. 3;"scuola dell'infanzia di trento clarina   ""piccolo mondo""";;a carattere statale/provinciale;;;chiara nadalon;via gramsci, 11 38123;trento;0461925726;0461/497257;scuolainfanzia.piccolomondo@scuole.provincia.tn.it;;circolo.coordinamento03@provincia.tn.it;;;https://www.vivoscuola.it/content/view/full/29339;school;https://it.wikipedia.org/wiki/Trento;https://www.vivoscuola.it/content/view/full/29344
120;circolo di coordinamento n. 3;"scuola dell'infanzia di trento cristo re ""piccolo principe""";;a carattere statale/provinciale;;;chiara nadalon;via senesi, 3 38121;trento;0461824334;0461/497257;scuolainfanzia.cristore@scuole.provincia.tn.it;;circolo.coordinamento03@provincia.tn.it;;;https://www.vivoscuola.it/content/view/full/29339;school;https://it.wikipedia.org/wiki/Trento;https://www.vivoscuola.it/content/view/full/29345
121;circolo di coordinamento n. 3;"scuola dell'infanzia di trento madonna bianca ""l'albero del sole""";;a carattere statale/provinciale;;;chiara nadalon;via bettini, 3 38123;trento;0461922124;0461/497257;scuolainfanzia.madonnabianca@scuole.provincia.tn.it;;circolo.coordinamento03@provincia.tn.it;;;https://www.vivoscuola.it/content/view/full/29339;school;https://it.wikipedia.org/wiki/Trento;https://www.vivoscuola.it/content/view/full/29346
122;circolo di coordinamento n. 3;scuola dell'infanzia di trento s.martino;;a carattere statale/provinciale;;;chiara nadalon;via della predara, 16 38121;trento;0461237516;0461/497257;scuolainfanzia.sanmartino@scuole.provincia.tn.it;;circolo.coordinamento03@provincia.tn.it;;;https://www.vivoscuola.it/content/view/full/29339;school;https://it.wikipedia.org/wiki/Trento;https://www.vivoscuola.it/content/view/full/29347
123;circolo di coordinamento n. 3;"scuola dell'infanzia di trento villazzano 3 ""l'officina degli gnomi""";;a carattere statale/provinciale;;;chiara nadalon;via conci, 10 38123;trento;0461920367;0461/497257;scuolainfanzia.villazzano@scuole.provincia.tn.it;;circolo.coordinamento03@provincia.tn.it;;;https://www.vivoscuola.it/content/view/full/29339;school;https://it.wikipedia.org/wiki/Trento;https://www.vivoscuola.it/content/view/full/29343
124;circolo di coordinamento n. 4;;circolo di coordinamento pedagogico;a carattere statale/provinciale;;;rita ferenzena;via gilli, 3 38121;trento;0461496000;0461/496950;circolo.coordinamento04@provincia.tn.it;;circolo.coordinamento04@provincia.tn.it;;;https://www.vivoscuola.it/content/view/full/29348;institute;https://it.wikipedia.org/wiki/Trento;
125;circolo di coordinamento n. 4;"scuola dell'infanzia di cimone ""mamma teresa""";;a carattere statale/provinciale;;;rita ferenzena;frazione petrolli, 37 38060;cimone;0461855216;0461/496950;scuolainfanzia.cimone@scuole.provincia.tn.it;;circolo.coordinamento04@provincia.tn.it;;;https://www.vivoscuola.it/content/view/full/29348;school;https://it.wikipedia.org/wiki/Cimone_(comune);https://www.vivoscuola.it/content/view/full/29349
126;circolo di coordinamento n. 4;"scuola dell'infanzia di trento  ""torrione""";;a carattere statale/provinciale;;;rita ferenzena;via al torrione, 10 38122;trento;0461232554;0461/496950;scuolainfanzia.torrione@scuole.provincia.tn.it;;circolo.coordinamento04@provincia.tn.it;;;https://www.vivoscuola.it/content/view/full/29348;school;https://it.wikipedia.org/wiki/Trento;https://www.vivoscuola.it/content/view/full/29350
127;circolo di coordinamento n. 4;"scuola dell'infanzia di trento  mattarello  ""il castello""";;a carattere statale/provinciale;;;rita ferenzena;via del castel, 1/a 38123;trento;0461945095;0461/496950;scuolainfanzia.mattarello@scuole.provincia.tn.it;;circolo.coordinamento04@provincia.tn.it;;;https://www.vivoscuola.it/content/view/full/29348;school;https://it.wikipedia.org/wiki/Trento;https://www.vivoscuola.it/content/view/full/29351
128;circolo di coordinamento n. 4;"scuola dell'infanzia di trento  ravina  ""girotondo""";;a carattere statale/provinciale;;;rita ferenzena;via per belvedere, 8 38123;trento;0461922216;0461/496950;scuolainfanzia.ravina@scuole.provincia.tn.it;;circolo.coordinamento04@provincia.tn.it;;;https://www.vivoscuola.it/content/view/full/29348;school;https://it.wikipedia.org/wiki/Trento;https://www.vivoscuola.it/content/view/full/29352
129;circolo di coordinamento n. 4;"scuola dell'infanzia di trento  romagnano  ""gli gnomi del bosco""";;a carattere statale/provinciale;;;rita ferenzena;via delle prede, 2 38123;trento;0461349153;0461/496950;scuolainfanzia.romagnano@scuole.provincia.tn.it;;circolo.coordinamento04@provincia.tn.it;;;https://www.vivoscuola.it/content/view/full/29348;school;https://it.wikipedia.org/wiki/Trento;https://www.vivoscuola.it/content/view/full/29353
130;circolo di coordinamento n. 4;"scuola dell'infanzia di trento s.giuseppe ""maso ginocchio - collodi""";;a carattere statale/provinciale;;;rita ferenzena;via giusti, 56 38122;trento;0461930042;0461/496950;scuolainfanzia.sangiuseppe@scuole.provincia.tn.it;;circolo.coordinamento04@provincia.tn.it;;;https://www.vivoscuola.it/content/view/full/29348;school;https://it.wikipedia.org/wiki/Trento;https://www.vivoscuola.it/content/view/full/29354
131;circolo di coordinamento n. 5;;circolo di coordinamento pedagogico;a carattere statale/provinciale;;;martina bassetti;via gilli, 3 38121;trento;0461496000;0461/497257;circolo.coordinamento05@provincia.tn.it;;circolo.coordinamento05@provincia.tn.it;;;https://www.vivoscuola.it/content/view/full/29355;institute;https://it.wikipedia.org/wiki/Trento;
132;circolo di coordinamento n. 5;scuola dell'infanzia di calavino;;a carattere statale/provinciale;;;martina bassetti;via pedrini - calavino, 28 38076;madruzzo;0461564630;0461/497257;scuolainfanzia.calavino@scuole.provincia.tn.it;;circolo.coordinamento05@provincia.tn.it;;;https://www.vivoscuola.it/content/view/full/29355;school;https://it.wikipedia.org/wiki/Madruzzo_(Italia);https://www.vivoscuola.it/content/view/full/29356
133;circolo di coordinamento n. 5;scuola dell'infanzia di lasino;;a carattere statale/provinciale;;;martina bassetti;via lagolo - lasino, 47 38076;madruzzo;0461564600;0461/497257;scuolainfanzia.lasino@scuole.provincia.tn.it;;circolo.coordinamento05@provincia.tn.it;;;https://www.vivoscuola.it/content/view/full/29355;school;https://it.wikipedia.org/wiki/Madruzzo_(Italia);https://www.vivoscuola.it/content/view/full/29357
134;circolo di coordinamento n. 5;scuola dell'infanzia di terlago;;a carattere statale/provinciale;;;martina bassetti;via degasperi - terlago, 7 38070;vallelaghi;0461860304;0461/497257;scuolainfanzia.terlago@scuole.provincia.tn.it;;circolo.coordinamento05@provincia.tn.it;;;https://www.vivoscuola.it/content/view/full/29355;school;https://it.wikipedia.org/wiki/Vallelaghi;https://www.vivoscuola.it/content/view/full/29358
135;circolo di coordinamento n. 5;"scuola dell'infanzia di trento  cadine  ""il melograno""";;a carattere statale/provinciale;;;martina bassetti;via di coltura, 3 38123;trento;0461866302;0461/497257;scuolainfanzia.cadine@scuole.provincia.tn.it;;circolo.coordinamento05@provincia.tn.it;;;https://www.vivoscuola.it/content/view/full/29355;school;https://it.wikipedia.org/wiki/Trento;https://www.vivoscuola.it/content/view/full/29359
136;circolo di coordinamento n. 5;scuola dell'infanzia di trento  sardagna;;a carattere statale/provinciale;;;martina bassetti;via dei caduti di sardagna, 8 38123;trento;0461234186;0461/497257;scuolainfanzia.sardagna@scuole.provincia.tn.it;;circolo.coordinamento05@provincia.tn.it;;;https://www.vivoscuola.it/content/view/full/29355;school;https://it.wikipedia.org/wiki/Trento;https://www.vivoscuola.it/content/view/full/29360
137;circolo di coordinamento n. 5;"scuola dell'infanzia di trento gardolo paludi  ""biancaneve""";;a carattere statale/provinciale;;;martina bassetti;via paludi, 9/1 38121;trento;0461992128;0461/497257;scuolainfanzia.gardolo@scuole.provincia.tn.it;;circolo.coordinamento05@provincia.tn.it;;;https://www.vivoscuola.it/content/view/full/29355;school;https://it.wikipedia.org/wiki/Trento;https://www.vivoscuola.it/content/view/full/29361
138;circolo di coordinamento n. 5;scuola dell'infanzia di trento piedicastello;;a carattere statale/provinciale;;;martina bassetti;via dos trento, 86 38122;trento;0461983539;0461/497257;scuolainfanzia.piedicastello@scuole.provincia.tn.it;;circolo.coordinamento05@provincia.tn.it;;;https://www.vivoscuola.it/content/view/full/29355;school;https://it.wikipedia.org/wiki/Trento;https://www.vivoscuola.it/content/view/full/29362
139;circolo di coordinamento n. 5;"scuola dell'infanzia di trento roncafort  ""margit levinson""";;a carattere statale/provinciale;;;martina bassetti;via dell asilo, 8 38121;trento;0461960422;0461/497257;scuolainfanzia.roncafort@scuole.provincia.tn.it;;circolo.coordinamento05@provincia.tn.it;;;https://www.vivoscuola.it/content/view/full/29355;school;https://it.wikipedia.org/wiki/Trento;https://www.vivoscuola.it/content/view/full/29363
140;circolo di coordinamento n. 6;;circolo di coordinamento pedagogico;a carattere statale/provinciale;;;valentina rizzon;via gilli, 3 38121;trento;0461496000;0461/499283;circolo.coordinamento06@provincia.tn.it;;circolo.coordinamento06@provincia.tn.it;;;https://www.vivoscuola.it/content/view/full/29364;institute;https://it.wikipedia.org/wiki/Trento;
141;circolo di coordinamento n. 6;"scuola dell'infanzia di giovo  ""il pellicano""";;a carattere statale/provinciale;;;valentina rizzon;via delle scuole, 9 38030;giovo;0461684978;0461/499283;scuolainfanzia.paludigiovo@scuole.provincia.tn.it;;circolo.coordinamento06@provincia.tn.it;;;https://www.vivoscuola.it/content/view/full/29364;school;https://it.wikipedia.org/wiki/Giovo;https://www.vivoscuola.it/content/view/full/29365
142;circolo di coordinamento n. 6;scuola dell'infanzia di grumes;;a carattere statale/provinciale;;;valentina rizzon;piazza municipio - grumes, 10 38030;altavalle;0461685022;0461/499283;scuolainfanzia.grumes@scuole.provincia.tn.it;;circolo.coordinamento06@provincia.tn.it;;;https://www.vivoscuola.it/content/view/full/29364;school;https://it.wikipedia.org/wiki/Altavalle;https://www.vivoscuola.it/content/view/full/29366
143;circolo di coordinamento n. 6;"scuola dell'infanzia di trento  martignano  ""arcobaleno""";;a carattere statale/provinciale;;;valentina rizzon;via alla formigheta, 4 38121;trento;0461830411;0461/499283;scuolainfanzia.martignano@scuole.provincia.tn.it;;circolo.coordinamento06@provincia.tn.it;;;https://www.vivoscuola.it/content/view/full/29364;school;https://it.wikipedia.org/wiki/Trento;https://www.vivoscuola.it/content/view/full/29367
144;circolo di coordinamento n. 6;"scuola dell'infanzia di trento  meano  ""m. r. giobatta partelloni""";;a carattere statale/provinciale;;;valentina rizzon;via delle sugarine, 38 38121;trento;0461991187;0461/499283;scuolainfanzia.meano@scuole.provincia.tn.it;;circolo.coordinamento06@provincia.tn.it;;;https://www.vivoscuola.it/content/view/full/29364;school;https://it.wikipedia.org/wiki/Trento;https://www.vivoscuola.it/content/view/full/29368
145;circolo di coordinamento n. 6;"scuola dell'infanzia di trento  melta di gardolo  ""il girasole""";;a carattere statale/provinciale;;;valentina rizzon;localita melta, 14 38121;trento;0461991622;0461/499283;scuolainfanzia.melta@scuole.provincia.tn.it;;circolo.coordinamento06@provincia.tn.it;;;https://www.vivoscuola.it/content/view/full/29364;school;https://it.wikipedia.org/wiki/Trento;https://www.vivoscuola.it/content/view/full/29369
146;circolo di coordinamento n. 6;"scuola dell'infanzia di trento  solteri  ""il quadrifoglio""";;a carattere statale/provinciale;;;valentina rizzon;via dei solteri, 24 38121;trento;0461821343;0461/499283;scuolainfanzia.solteri@scuole.provincia.tn.it;;circolo.coordinamento06@provincia.tn.it;;;https://www.vivoscuola.it/content/view/full/29364;school;https://it.wikipedia.org/wiki/Trento;https://www.vivoscuola.it/content/view/full/29370
147;circolo di coordinamento n. 6;"scuola dell'infanzia di zambana ""girotondo""";;a carattere statale/provinciale;;;valentina rizzon;via conti spaur, 2 38010;terre d'adige;0461241060;0461/499283;scuolainfanzia.zambana@scuole.provincia.tn.it;;circolo.coordinamento06@provincia.tn.it;;;https://www.vivoscuola.it/content/view/full/29364;school;https://it.wikipedia.org/wiki/Terre_d%27Adige;https://www.vivoscuola.it/content/view/full/29371
148;circolo di coordinamento n. 7;;circolo di coordinamento pedagogico;a carattere statale/provinciale;;;laura bertoldi;via filos, 2 38017;mezzolombardo;0461494331;0461/494334;circolo.coordinamento07@provincia.tn.it;;circolo.coordinamento07@provincia.tn.it;;;https://www.vivoscuola.it/content/view/full/29372;institute;https://it.wikipedia.org/wiki/Mezzolombardo;
149;circolo di coordinamento n. 7;"scuola dell'infanzia di cavedago  ""l'albero azzurro""";;a carattere statale/provinciale;;;laura bertoldi;piazza s lorenzo, 2 38010;cavedago;0461654340;0461/494334;scuolainfanzia.cavedago@scuole.provincia.tn.it;;circolo.coordinamento07@provincia.tn.it;;;https://www.vivoscuola.it/content/view/full/29372;school;https://it.wikipedia.org/wiki/Cavedago;https://www.vivoscuola.it/content/view/full/29373
150;circolo di coordinamento n. 7;"scuola dell'infanzia di cles  ""casa del sole""";;a carattere statale/provinciale;;;laura bertoldi;via dallafior, 36 38023;cles;0463421760;0461/494334;scuolainfanzia.cles@scuole.provincia.tn.it;;circolo.coordinamento07@provincia.tn.it;;;https://www.vivoscuola.it/content/view/full/29372;school;https://it.wikipedia.org/wiki/Cles;https://www.vivoscuola.it/content/view/full/29374
151;circolo di coordinamento n. 7;scuola dell'infanzia di cunevo;;a carattere statale/provinciale;;;laura bertoldi;via delle scuole - cunevo, 6 38010;contà;0461652520;0461/494334;scuolainfanzia.cunevo@scuole.provincia.tn.it;;circolo.coordinamento07@provincia.tn.it;;;https://www.vivoscuola.it/content/view/full/29372;school;https://it.wikipedia.org/wiki/Cont%C3%A0;https://www.vivoscuola.it/content/view/full/29375
152;circolo di coordinamento n. 7;scuola dell'infanzia di fai paganella;;a carattere statale/provinciale;;;laura bertoldi;via villa, 43 38010;fai della paganella;0461583360;0461/494334;scuolainfanzia.fai@scuole.provincia.tn.it;;circolo.coordinamento07@provincia.tn.it;;;https://www.vivoscuola.it/content/view/full/29372;school;https://it.wikipedia.org/wiki/Fai_della_Paganella;https://www.vivoscuola.it/content/view/full/29376
153;circolo di coordinamento n. 7;"scuola dell'infanzia di grumo ""il giardino del sole""";;a carattere statale/provinciale;;;laura bertoldi;via marconi, 65/a 38098;san michele all'adige;0461650630;0461/494334;scuolainfanzia.grumo@scuole.provincia.tn.it;;circolo.coordinamento07@provincia.tn.it;;;https://www.vivoscuola.it/content/view/full/29372;school;https://it.wikipedia.org/wiki/San_Michele_all%27Adige;https://www.vivoscuola.it/content/view/full/29377
154;circolo di coordinamento n. 7;"scuola dell'infanzia di rallo di tassullo  ""nuovo germoglio""";;a carattere statale/provinciale;;;laura bertoldi;via fratelli pinamonti - rallo - tassullo,   38019;ville d'anaunia;0463451568;0461/494334;scuolainfanzia.rallo@scuole.provincia.tn.it;;circolo.coordinamento07@provincia.tn.it;;;https://www.vivoscuola.it/content/view/full/29372;school;https://it.wikipedia.org/wiki/Ville_d%27Anaunia;https://www.vivoscuola.it/content/view/full/29378
155;circolo di coordinamento n. 7;"scuola dell'infanzia di revò ""i girasoli""";;a carattere statale/provinciale;;;laura bertoldi;via canestrini, 9/a 38028;novella;0463431044;0461/494334;scuolainfanzia.revo@scuole.provincia.tn.it;;circolo.coordinamento07@provincia.tn.it;;;https://www.vivoscuola.it/content/view/full/29372;school;https://it.wikipedia.org/wiki/Novella_(Italia);https://www.vivoscuola.it/content/view/full/29379
156;circolo di coordinamento n. 7;scuola dell'infanzia di roverè della luna;;a carattere statale/provinciale;;;laura bertoldi;via villotta, 10 38030;roveré della luna;0461658519;0461/494334;scuolainfanzia.roveredellaluna@scuole.provincia.tn.it;;circolo.coordinamento07@provincia.tn.it;;;https://www.vivoscuola.it/content/view/full/29372;school;https://it.wikipedia.org/wiki/Rover%C3%A9_della_Luna;https://www.vivoscuola.it/content/view/full/29380
157;circolo di coordinamento n. 7;"scuola dell'infanzia di s.michele all' adige  ""il germoglio""";;a carattere statale/provinciale;;;laura bertoldi;via della prepositura, 2 38098;san michele all'adige;0461662154;0461/494334;scuolainfanzia.sanmichele@scuole.provincia.tn.it;;circolo.coordinamento07@provincia.tn.it;;;https://www.vivoscuola.it/content/view/full/29372;school;https://it.wikipedia.org/wiki/San_Michele_all%27Adige;https://www.vivoscuola.it/content/view/full/29381
158;circolo di coordinamento n. 7;"scuola dell'infanzia di sporminore ""fratelli remondini""";;a carattere statale/provinciale;;;laura bertoldi;piazza anaunia, 2 38010;sporminore;0461641186;0461/494334;scuolainfanzia.sporminore@scuole.provincia.tn.it;;circolo.coordinamento07@provincia.tn.it;;;https://www.vivoscuola.it/content/view/full/29372;school;https://it.wikipedia.org/wiki/Sporminore;https://www.vivoscuola.it/content/view/full/29382
159;circolo di coordinamento n. 7;"scuola dell'infanzia di vervò  ""il bosco degli gnomi""";;a carattere statale/provinciale;;;laura bertoldi;via castel vervassium - vervo, 7 38012;predaia;0463463314;0461/494334;scuolainfanzia.vervo@scuole.provincia.tn.it;;circolo.coordinamento07@provincia.tn.it;;;https://www.vivoscuola.it/content/view/full/29372;school;https://it.wikipedia.org/wiki/Predaia;https://www.vivoscuola.it/content/view/full/29383
160;circolo di coordinamento n. 8;;circolo di coordinamento pedagogico;a carattere statale/provinciale;;;maria teresa scarpellini;via circonvallazione, 65 38079;tione di trento;0461493385;0461/493389;circolo.coordinamento08@provincia.tn.it;;circolo.coordinamento08@provincia.tn.it;;;https://www.vivoscuola.it/content/view/full/29384;institute;https://it.wikipedia.org/wiki/Tione_di_Trento;
161;circolo di coordinamento n. 8;scuola dell'infanzia di bezzecca - a. cis;;a carattere statale/provinciale;;;maria teresa scarpellini;via generale dalla chiesa - bezzecca, 2 38067;ledro;0464592840;0461/493389;scuolainfanzia.bezzecca@scuole.provincia.tn.it;;circolo.coordinamento08@provincia.tn.it;;;https://www.vivoscuola.it/content/view/full/29384;school;https://it.wikipedia.org/wiki/Ledro;https://www.vivoscuola.it/content/view/full/29385
162;circolo di coordinamento n. 8;"scuola dell'infanzia di darzo ""l'albero delle castagne""";;a carattere statale/provinciale;;;maria teresa scarpellini;via s giovanni nepomuceno, 11 38089;storo;0465685244;0461/493389;scuolainfanzia.darzo@scuole.provincia.tn.it;;circolo.coordinamento08@provincia.tn.it;;;https://www.vivoscuola.it/content/view/full/29384;school;https://it.wikipedia.org/wiki/Storo;https://www.vivoscuola.it/content/view/full/29387
163;circolo di coordinamento n. 8;scuola dell'infanzia di dro;;a carattere statale/provinciale;;;maria teresa scarpellini;via s antonio, 10 38074;dro;0464504211;0461/493389;scuolainfanzia.dro@scuole.provincia.tn.it;;circolo.coordinamento08@provincia.tn.it;;;https://www.vivoscuola.it/content/view/full/29384;school;https://it.wikipedia.org/wiki/Dro;https://www.vivoscuola.it/content/view/full/29388
164;circolo di coordinamento n. 8;scuola dell'infanzia di preore;;a carattere statale/provinciale;;;maria teresa scarpellini;via serafini - preore, 92 38095;tre ville;0465321393;0461/493389;scuolainfanzia.preore@scuole.provincia.tn.it;;circolo.coordinamento08@provincia.tn.it;;;https://www.vivoscuola.it/content/view/full/29384;school;https://it.wikipedia.org/wiki/Tre_Ville;https://www.vivoscuola.it/content/view/full/29389
165;circolo di coordinamento n. 8;"scuola dell'infanzia di riva  ""rione 2 giugno""";;a carattere statale/provinciale;;;maria teresa scarpellini;via cristoph hartung von hartungen, 4 38066;riva del garda;0464573920;0461/493389;scuolainfanzia.riva@scuole.provincia.tn.it;;circolo.coordinamento08@provincia.tn.it;;;https://www.vivoscuola.it/content/view/full/29384;school;https://it.wikipedia.org/wiki/Riva_del_Garda;https://www.vivoscuola.it/content/view/full/29390
166;circolo di coordinamento n. 8;scuola dell'infanzia di romarzollo;;a carattere statale/provinciale;;;maria teresa scarpellini;via fossa, 21 38062;arco;0464532848;0461/493389;scuolainfanzia.arco@scuole.provincia.tn.it;;circolo.coordinamento08@provincia.tn.it;;;https://www.vivoscuola.it/content/view/full/29384;school;https://it.wikipedia.org/wiki/Arco_(Italia);https://www.vivoscuola.it/content/view/full/29391
167;circolo di coordinamento n. 8;scuola dell'infanzia di tiarno di sopra;;a carattere statale/provinciale;;;maria teresa scarpellini;piazza milin - tiarno di sopra, 13 38067;ledro;0464592850;0461/493389;scuolainfanzia.tiarnodisopra@scuole.provincia.tn.it;;circolo.coordinamento08@provincia.tn.it;;;https://www.vivoscuola.it/content/view/full/29384;school;https://it.wikipedia.org/wiki/Ledro;https://www.vivoscuola.it/content/view/full/29392
168;circolo di coordinamento n. 8;scuola dell'infanzia di zuclo bolbeno;;a carattere statale/provinciale;;;maria teresa scarpellini;via fucina - zuclo, 12 38079;borgo lares;0465322790;0461/493389;scuolainfanzia.zuclo@scuole.provincia.tn.it;;circolo.coordinamento08@provincia.tn.it;;;https://www.vivoscuola.it/content/view/full/29384;school;https://it.wikipedia.org/wiki/Borgo_Lares;https://www.vivoscuola.it/content/view/full/29393
169;circolo di coordinamento n. 9;;circolo di coordinamento pedagogico;a carattere statale/provinciale;;;donatella segnana;viale trento, 37/e 38068;rovereto;0464493116;0464/493117;circolo.coordinamento09@provincia.tn.it;;circolo.coordinamento09@provincia.tn.it;;;https://www.vivoscuola.it/content/view/full/29394;institute;https://it.wikipedia.org/wiki/Rovereto;
170;circolo di coordinamento n. 9;"scuola dell'infanzia di anghebeni ""il sorriso di andrea""";;a carattere statale/provinciale;;;donatella segnana;frazione anghebeni, 80/a 38060;vallarsa;0464869348;0464/493117;scuolainfanzia.anghebeni@scuole.provincia.tn.it;;circolo.coordinamento09@provincia.tn.it;;;https://www.vivoscuola.it/content/view/full/29394;school;https://it.wikipedia.org/wiki/Vallarsa;https://www.vivoscuola.it/content/view/full/122611
171;circolo di coordinamento n. 9;"scuola dell'infanzia di rovereto ""c. battisti""";;a carattere statale/provinciale;;;donatella segnana;via udine, 21 38068;rovereto;0464431239;0464/493117;scuolainfanzia.battisti@scuole.provincia.tn.it;;circolo.coordinamento09@provincia.tn.it;;;https://www.vivoscuola.it/content/view/full/29394;school;https://it.wikipedia.org/wiki/Rovereto;https://www.vivoscuola.it/content/view/full/29396
172;circolo di coordinamento n. 9;scuola dell'infanzia di rovereto fucine;;a carattere statale/provinciale;;;donatella segnana;via volta, 1 38068;rovereto;0464420477;0464/493117;scuolainfanzia.fucine@scuole.provincia.tn.it;;circolo.coordinamento09@provincia.tn.it;;;https://www.vivoscuola.it/content/view/full/29394;school;https://it.wikipedia.org/wiki/Rovereto;https://www.vivoscuola.it/content/view/full/29397
173;circolo di coordinamento n. 9;"scuola dell'infanzia di rovereto lizzana  ""girogirotondo""";;a carattere statale/provinciale;;;donatella segnana;via livenza, 27 38068;rovereto;0464437839;0464/493117;scuolainfanzia.livenza@scuole.provincia.tn.it;;circolo.coordinamento09@provincia.tn.it;;;https://www.vivoscuola.it/content/view/full/29394;school;https://it.wikipedia.org/wiki/Rovereto;https://www.vivoscuola.it/content/view/full/29398
174;circolo di coordinamento n. 9;scuola dell'infanzia di rovereto noriglio;;a carattere statale/provinciale;;;donatella segnana;via romani, 4 38068;rovereto;0464437430;0464/493117;scuolainfanzia.noriglio@scuole.provincia.tn.it;;circolo.coordinamento09@provincia.tn.it;;;https://www.vivoscuola.it/content/view/full/29394;school;https://it.wikipedia.org/wiki/Rovereto;https://www.vivoscuola.it/content/view/full/29399
175;circolo di coordinamento n. 9;"scuola dell'infanzia di rovereto rione sud  ""il giardino incantato""";;a carattere statale/provinciale;;;donatella segnana;via venezia, 11 38068;rovereto;0464431163;0464/493117;scuolainfanzia.rionesud@scuole.provincia.tn.it;;circolo.coordinamento09@provincia.tn.it;;;https://www.vivoscuola.it/content/view/full/29394;school;https://it.wikipedia.org/wiki/Rovereto;https://www.vivoscuola.it/content/view/full/29400
176;circolo di coordinamento n. 9;"scuola dell'infanzia di rovereto san giorgio   ""don a. rossaro""";;a carattere statale/provinciale;;;donatella segnana;via telani, 4 38068;rovereto;0464433713;0464/493117;scuolainfanzia.sangiorgio@scuole.provincia.tn.it;;circolo.coordinamento09@provincia.tn.it;;;https://www.vivoscuola.it/content/view/full/29394;school;https://it.wikipedia.org/wiki/Rovereto;https://www.vivoscuola.it/content/view/full/29401
177;circolo di coordinamento n. 9;scuola dell'infanzia di terragnolo piazza;;a carattere statale/provinciale;;;donatella segnana;frazione piazza di terragnolo, 14 38060;terragnolo;0464396345;0464/493117;scuolainfanzia.terragnolo@scuole.provincia.tn.it;;circolo.coordinamento09@provincia.tn.it;;;https://www.vivoscuola.it/content/view/full/29394;school;https://it.wikipedia.org/wiki/Terragnolo;https://www.vivoscuola.it/content/view/full/29403
178;circolo di coordinamento n. 9;"scuola dell'infanzia di tierno mori  ""il girasole""";;a carattere statale/provinciale;;;donatella segnana;via della cooperazione, 20 38065;mori;0464917200;0464/493117;scuolainfanzia.tierno@scuole.provincia.tn.it;;circolo.coordinamento09@provincia.tn.it;;;https://www.vivoscuola.it/content/view/full/29394;school;https://it.wikipedia.org/wiki/Mori_(Italia);https://www.vivoscuola.it/content/view/full/29404
179;collegio arcivescovile c.endrici - trento;;istituzione scolastica e formativa;paritaria/equiparata;christian bonazza;bruno daves;;via monsignor  endrici, 23 38122;trento;04611731200;0461/1731288;collegioarcivescovile@pec.it;collegioarcivescovile@arcivescoviletrento.it;didatticatn@arcivescoviletrento.it;https://www.arcivescoviletrento.it;;https://www.vivoscuola.it/content/view/full/29229;institute;https://it.wikipedia.org/wiki/Trento;
180;collegio arcivescovile c.endrici - trento;istituto tecnico per il settore economico;;paritaria/equiparata;christian bonazza;bruno daves;;via monsignor  endrici, 23 38122;trento;04611731200;0461/1731288;collegioarcivescovile@pec.it;collegioarcivescovile@arcivescoviletrento.it;didatticatn@arcivescoviletrento.it;https://www.arcivescoviletrento.it;tntd37500f;https://www.vivoscuola.it/content/view/full/29229;school;https://it.wikipedia.org/wiki/Trento;https://www.vivoscuola.it/content/view/full/29230
181;collegio arcivescovile c.endrici - trento;istituto tecnico per il settore tecnologico;;paritaria/equiparata;christian bonazza;bruno daves;;via monsignor  endrici, 23 38122;trento;04611731200;0461/1731288;collegioarcivescovile@pec.it;collegioarcivescovile@arcivescoviletrento.it;didatticatn@arcivescoviletrento.it;https://www.arcivescoviletrento.it;tntd37500f;https://www.vivoscuola.it/content/view/full/29229;school;https://it.wikipedia.org/wiki/Trento;https://www.vivoscuola.it/content/view/full/29231
182;collegio arcivescovile c.endrici - trento;liceo classico arcivescovile - trento;;paritaria/equiparata;christian bonazza;bruno daves;;via monsignor  endrici, 23 38122;trento;04611731200;0461/1731288;collegioarcivescovile@pec.it;collegioarcivescovile@arcivescoviletrento.it;didatticatn@arcivescoviletrento.it;https://www.arcivescoviletrento.it;tnpc01500v;https://www.vivoscuola.it/content/view/full/29229;school;https://it.wikipedia.org/wiki/Trento;https://www.vivoscuola.it/content/view/full/29232
183;collegio arcivescovile c.endrici - trento;liceo scientifico arcivescovile - trento;;paritaria/equiparata;christian bonazza;bruno daves;;via monsignor  endrici, 23 38122;trento;04611731200;0461/1731288;collegioarcivescovile@pec.it;collegioarcivescovile@arcivescoviletrento.it;didatticatn@arcivescoviletrento.it;https://www.arcivescoviletrento.it;tnps015002;https://www.vivoscuola.it/content/view/full/29229;school;https://it.wikipedia.org/wiki/Trento;https://www.vivoscuola.it/content/view/full/29234
184;collegio arcivescovile c.endrici - trento;scuola primaria arcivescovile trento;;paritaria/equiparata;christian bonazza;bruno daves;;via monsignor  endrici, 23 38122;trento;04611731200;0461/1731288;collegioarcivescovile@pec.it;collegioarcivescovile@arcivescoviletrento.it;didatticatn@arcivescoviletrento.it;https://www.arcivescoviletrento.it;tn1e00100v;https://www.vivoscuola.it/content/view/full/29229;school;https://it.wikipedia.org/wiki/Trento;https://www.vivoscuola.it/content/view/full/29235
185;collegio arcivescovile c.endrici - trento;scuola secondaria di primo grado arcivescovile trento;;paritaria/equiparata;christian bonazza;bruno daves;;via monsignor  endrici, 23 38122;trento;04611731200;0461/1731288;collegioarcivescovile@pec.it;collegioarcivescovile@arcivescoviletrento.it;didatticatn@arcivescoviletrento.it;https://www.arcivescoviletrento.it;tn1m00400g;https://www.vivoscuola.it/content/view/full/29229;school;https://it.wikipedia.org/wiki/Trento;https://www.vivoscuola.it/content/view/full/29236
186;collegio arcivescovile dame inglesi - rovereto;;istituzione scolastica e formativa;paritaria/equiparata;christian bonazza;bruno daves;;corso bettini, 71 38068;rovereto;0464406000;0464/406077;collegioarcivescovile@pec.it;dameinglesi@arcivescoviletrento.it;lia@arcivescoviletrento.it;https://www.arcivescoviletrento.it;;https://www.vivoscuola.it/content/view/full/29237;institute;https://it.wikipedia.org/wiki/Rovereto;
187;collegio arcivescovile dame inglesi - rovereto;liceo linguistico arcivescovile dame inglesi - rovereto;;paritaria/equiparata;christian bonazza;bruno daves;;corso bettini, 71 38068;rovereto;0464406000;0464/406077;collegioarcivescovile@pec.it;dameinglesi@arcivescoviletrento.it;lia@arcivescoviletrento.it;https://www.arcivescoviletrento.it;tnpl005006;https://www.vivoscuola.it/content/view/full/29237;school;https://it.wikipedia.org/wiki/Rovereto;https://www.vivoscuola.it/content/view/full/29238
188;collegio arcivescovile dame inglesi - rovereto;scuola primaria arcivescovile dame inglesi rovereto;;paritaria/equiparata;christian bonazza;bruno daves;;corso bettini, 31 38068;rovereto;0464406000;0464/406077;collegioarcivescovile@pec.it;dameinglesi@arcivescoviletrento.it;lia@arcivescoviletrento.it;https://www.arcivescoviletrento.it;tn1e006002;https://www.vivoscuola.it/content/view/full/29237;school;https://it.wikipedia.org/wiki/Rovereto;https://www.vivoscuola.it/content/view/full/29239
189;collegio arcivescovile dame inglesi - rovereto;scuola secondaria di primo grado arcivescovile dame inglesi rovereto;;paritaria/equiparata;christian bonazza;bruno daves;;corso bettini, 31 38068;rovereto;0464406000;0464/406077;collegioarcivescovile@pec.it;dameinglesi@arcivescoviletrento.it;lia@arcivescoviletrento.it;https://www.arcivescoviletrento.it;tn1m00200x;https://www.vivoscuola.it/content/view/full/29237;school;https://it.wikipedia.org/wiki/Rovereto;https://www.vivoscuola.it/content/view/full/29240
190;cooperativa sociale sacra famiglia onlus;;istituzione scolastica e formativa;paritaria/equiparata;marcello sottopietra;;;via della saluga, 7 38121;trento;0461080041;;cooperativasacrafamiglia@pec.it;segreteria@sacrafamigliatrento.it;segreteria@sacrafamigliatrento.it;https://www.sacrafamigliatrento.it;;https://www.vivoscuola.it/content/view/full/29244;institute;https://it.wikipedia.org/wiki/Trento;
191;cooperativa sociale sacra famiglia onlus;scuola primaria sacra famiglia trento;;paritaria/equiparata;marcello sottopietra;;;via della saluga, 7 38121;trento;0461080041;;cooperativasacrafamiglia@pec.it;segreteria@sacrafamigliatrento.it;segreteria@sacrafamigliatrento.it;https://www.sacrafamigliatrento.it;tn1e005006;https://www.vivoscuola.it/content/view/full/29244;school;https://it.wikipedia.org/wiki/Trento;https://www.vivoscuola.it/content/view/full/29245
192;coordinamento pedagogico scuole provinciali dell'infanzia ladine;;circolo di coordinamento pedagogico;a carattere statale/provinciale;;;tatiana soraperra;strada giuseppe soraperra - pozza di fassa, 6 38036;san giovanni di fassa;0462760340;0462/760001;coordinamento.scuoleladine@provincia.tn.it;;coordinamento.scuoleladine@provincia.tn.it;;;https://www.vivoscuola.it/content/view/full/29405;institute;https://it.wikipedia.org/wiki/San_Giovanni_di_Fassa;
193;coordinamento pedagogico scuole provinciali dell'infanzia ladine;"scuola dell'infanzia di canazei ""don simone micheluzzi de ciciol""";;a carattere statale/provinciale;;;tatiana soraperra;via de magoa, 24 38032;canazei;0462601631;0462/760001;scuolainfanzia.canazei@scuole.provincia.tn.it;;coordinamento.scuoleladine@provincia.tn.it;;;https://www.vivoscuola.it/content/view/full/29405;school;https://it.wikipedia.org/wiki/Canazei;https://www.vivoscuola.it/content/view/full/29406
194;coordinamento pedagogico scuole provinciali dell'infanzia ladine;"scuola dell'infanzia di pera di fassa ""don edy cinzol""";;a carattere statale/provinciale;;;tatiana soraperra;strada tita piaz - pozza di fassa, 13 38036;san giovanni di fassa;0462764828;0462/760001;scuolainfanzia.pera@scuole.provincia.tn.it;;coordinamento.scuoleladine@provincia.tn.it;;;https://www.vivoscuola.it/content/view/full/29405;school;https://it.wikipedia.org/wiki/San_Giovanni_di_Fassa;https://www.vivoscuola.it/content/view/full/29407
195;coordinamento pedagogico scuole provinciali dell'infanzia ladine;scuola dell'infanzia di soraga;;a carattere statale/provinciale;;;tatiana soraperra;strada dolomites, 19 38030;soraga di fassa;0462768277;0462/760001;scuolainfanzia.soraga@scuole.provincia.tn.it;;coordinamento.scuoleladine@provincia.tn.it;;;https://www.vivoscuola.it/content/view/full/29405;school;https://it.wikipedia.org/wiki/Soraga_di_Fassa;https://www.vivoscuola.it/content/view/full/29408
196;fondazione edmund mach - istituto agrario san michele all'adige;;istituzione scolastica e formativa;paritaria/equiparata;manuel penasa;claudia bisognin;;via mach, 1 38098;san michele all'adige;0461615213;0461/615273;amministrazione.cif@pec.iasma.it;;segreteria.scuola@fmach.it;https://www.fmach.it;;https://www.vivoscuola.it/content/view/full/29409;institute;https://it.wikipedia.org/wiki/San_Michele_all%27Adige;
197;fondazione edmund mach - istituto agrario san michele all'adige;capes - settore agricoltura e ambiente;;paritaria/equiparata;manuel penasa;claudia bisognin;;via mach, 1 38098;san michele all'adige;0461615213;0461/615273;amministrazione.cif@pec.iasma.it;;segreteria.scuola@fmach.it;https://www.fmach.it;tncf006001;https://www.vivoscuola.it/content/view/full/29409;school;https://it.wikipedia.org/wiki/San_Michele_all%27Adige;https://www.vivoscuola.it/content/view/full/170206
198;fondazione edmund mach - istituto agrario san michele all'adige;istituto tecnico per il settore tecnologico;;paritaria/equiparata;manuel penasa;claudia bisognin;;via mach, 1 38098;san michele all'adige;0461615213;0461/615273;amministrazione.cif@pec.iasma.it;;segreteria.scuola@fmach.it;https://www.fmach.it;tnta01500b;https://www.vivoscuola.it/content/view/full/29409;school;https://it.wikipedia.org/wiki/San_Michele_all%27Adige;https://www.vivoscuola.it/content/view/full/29410
199;fondazione edmund mach - istituto agrario san michele all'adige;settore agricoltura e ambiente;;paritaria/equiparata;manuel penasa;claudia bisognin;;via mach, 1 38098;san michele all'adige;0461615213;0461/615273;amministrazione.cif@pec.iasma.it;;segreteria.scuola@fmach.it;https://www.fmach.it;tncf006001;https://www.vivoscuola.it/content/view/full/29409;school;https://it.wikipedia.org/wiki/San_Michele_all%27Adige;https://www.vivoscuola.it/content/view/full/29411
200;"istituto comprensivo ala ""antonio bresciani""";;istituzione scolastica e formativa;a carattere statale/provinciale;maura maino;;;via don anzelini, 2 38061;ala;0464671119;0464/674138;ic.ala@pec.provincia.tn.it;dir.ic.ala@scuole.provincia.tn.it;segr.ic.ala@scuole.provincia.tn.it;https://www.istitutocomprensivoala.it;tnic84800q;https://www.vivoscuola.it/content/view/full/29421;institute;https://it.wikipedia.org/wiki/Ala_(Italia);
201;"istituto comprensivo ala ""antonio bresciani""";"scuola primaria ""a. betta"" ala";;a carattere statale/provinciale;maura maino;;;via betta, 9 38061;ala;0464671027;0464/674138;ic.ala@pec.provincia.tn.it;dir.ic.ala@scuole.provincia.tn.it;segr.ic.ala@scuole.provincia.tn.it;https://www.istitutocomprensivoala.it;tnee84801t;https://www.vivoscuola.it/content/view/full/29421;school;https://it.wikipedia.org/wiki/Ala_(Italia);https://www.vivoscuola.it/content/view/full/29422
202;"istituto comprensivo ala ""antonio bresciani""";"scuola primaria ""m.t. di calcutta"" serravalle";;a carattere statale/provinciale;maura maino;;;via negrelli - serravalle, 10 38061;ala;0464696606;0464/674138;ic.ala@pec.provincia.tn.it;dir.ic.ala@scuole.provincia.tn.it;segr.ic.ala@scuole.provincia.tn.it;https://www.istitutocomprensivoala.it;tnee84802v;https://www.vivoscuola.it/content/view/full/29421;school;https://it.wikipedia.org/wiki/Ala_(Italia);https://www.vivoscuola.it/content/view/full/29423
203;"istituto comprensivo ala ""antonio bresciani""";"scuola secondaria di primo grado ""c. battisti"" ala";;a carattere statale/provinciale;maura maino;;;via don anzelini, 2 38061;ala;0464671119;0464/674138;ic.ala@pec.provincia.tn.it;dir.ic.ala@scuole.provincia.tn.it;segr.ic.ala@scuole.provincia.tn.it;https://www.istitutocomprensivoala.it;tnmm84801r;https://www.vivoscuola.it/content/view/full/29421;school;https://it.wikipedia.org/wiki/Ala_(Italia);https://www.vivoscuola.it/content/view/full/29424
204;istituto comprensivo aldeno mattarello;;istituzione scolastica e formativa;a carattere statale/provinciale;michele ruele;;;via della torre franca, 1 38123;trento;0461945237;0464/946007;ic.aldeno-mattarello@pec.provincia.tn.it;dir.aldeno.mattarello@scuole.provincia.tn.it;segr.aldeno.mattarello@scuole.provincia.tn.it;https://www.icaldenomattarello.it;tnic82100q;https://www.vivoscuola.it/content/view/full/29425;institute;https://it.wikipedia.org/wiki/Trento;
205;istituto comprensivo aldeno mattarello;scuola primaria aldeno;;a carattere statale/provinciale;michele ruele;;;via xxv aprile, 1/a 38060;aldeno;0461842264;0464/946007;ic.aldeno-mattarello@pec.provincia.tn.it;dir.aldeno.mattarello@scuole.provincia.tn.it;segr.aldeno.mattarello@scuole.provincia.tn.it;https://www.icaldenomattarello.it;tnee82102v;https://www.vivoscuola.it/content/view/full/29425;school;https://it.wikipedia.org/wiki/Aldeno;https://www.vivoscuola.it/content/view/full/29426
206;istituto comprensivo aldeno mattarello;scuola primaria cimone;;a carattere statale/provinciale;michele ruele;;;frazione petrolli, 37 38060;cimone;0461855215;0464/946007;ic.aldeno-mattarello@pec.provincia.tn.it;dir.aldeno.mattarello@scuole.provincia.tn.it;segr.aldeno.mattarello@scuole.provincia.tn.it;https://www.icaldenomattarello.it;tnee82103x;https://www.vivoscuola.it/content/view/full/29425;school;https://it.wikipedia.org/wiki/Cimone_(comune);https://www.vivoscuola.it/content/view/full/29427
207;istituto comprensivo aldeno mattarello;scuola primaria mattarello;;a carattere statale/provinciale;michele ruele;;;via poli, 11 38123;trento;0461945376;0464/946007;ic.aldeno-mattarello@pec.provincia.tn.it;dir.aldeno.mattarello@scuole.provincia.tn.it;segr.aldeno.mattarello@scuole.provincia.tn.it;https://www.icaldenomattarello.it;tnee821041;https://www.vivoscuola.it/content/view/full/29425;school;https://it.wikipedia.org/wiki/Trento;https://www.vivoscuola.it/content/view/full/29428
208;istituto comprensivo aldeno mattarello;scuola primaria romagnano trento;;a carattere statale/provinciale;michele ruele;;;via ai comuni, 6 38123;trento;0461349119;0464/946007;ic.aldeno-mattarello@pec.provincia.tn.it;dir.aldeno.mattarello@scuole.provincia.tn.it;segr.aldeno.mattarello@scuole.provincia.tn.it;https://www.icaldenomattarello.it;tnee82101t;https://www.vivoscuola.it/content/view/full/29425;school;https://it.wikipedia.org/wiki/Trento;https://www.vivoscuola.it/content/view/full/29429
209;istituto comprensivo aldeno mattarello;"scuola secondaria di primo grado ""a. fogazzaro"" mattarello";;a carattere statale/provinciale;michele ruele;;;via della torre franca, 1 38123;trento;0461945237;0464/946007;ic.aldeno-mattarello@pec.provincia.tn.it;dir.aldeno.mattarello@scuole.provincia.tn.it;segr.aldeno.mattarello@scuole.provincia.tn.it;https://www.icaldenomattarello.it;tnmm82102t;https://www.vivoscuola.it/content/view/full/29425;school;https://it.wikipedia.org/wiki/Trento;https://www.vivoscuola.it/content/view/full/29430
210;istituto comprensivo aldeno mattarello;scuola secondaria di primo grado aldeno;;a carattere statale/provinciale;michele ruele;;;via xxv aprile, 1 38060;aldeno;0461842823;0464/946007;ic.aldeno-mattarello@pec.provincia.tn.it;dir.aldeno.mattarello@scuole.provincia.tn.it;segr.aldeno.mattarello@scuole.provincia.tn.it;https://www.icaldenomattarello.it;tnmm82101r;https://www.vivoscuola.it/content/view/full/29425;school;https://it.wikipedia.org/wiki/Aldeno;https://www.vivoscuola.it/content/view/full/29431
211;istituto comprensivo alta val di sole;;istituzione scolastica e formativa;a carattere statale/provinciale;franco vanin;;;via s michele, 11 38026;ossana;0463751129;0463/750043;ic.altavaldisole@pec.provincia.tn.it;dir.icaltavaldisole@scuole.provincia.tn.it;segr.icaltavaldisole@scuole.provincia.tn.it;https://www.icaltavaldisole.it;tnic832006;https://www.vivoscuola.it/content/view/full/29432;institute;https://it.wikipedia.org/wiki/Ossana;
212;istituto comprensivo alta val di sole;"scuola primaria ""e. bezzi"" ossana";;a carattere statale/provinciale;franco vanin;;;via di s antonio, 21 38026;ossana;0463751261;0463/750043;ic.altavaldisole@pec.provincia.tn.it;dir.icaltavaldisole@scuole.provincia.tn.it;segr.icaltavaldisole@scuole.provincia.tn.it;https://www.icaltavaldisole.it;tnee832029;https://www.vivoscuola.it/content/view/full/29432;school;https://it.wikipedia.org/wiki/Ossana;https://www.vivoscuola.it/content/view/full/29433
213;istituto comprensivo alta val di sole;scuola primaria cogolo di peio;;a carattere statale/provinciale;franco vanin;;;via rosmini, 6 38024;peio;0463754498;0463/750043;ic.altavaldisole@pec.provincia.tn.it;dir.icaltavaldisole@scuole.provincia.tn.it;segr.icaltavaldisole@scuole.provincia.tn.it;https://www.icaltavaldisole.it;tnee83204b;https://www.vivoscuola.it/content/view/full/29432;school;https://it.wikipedia.org/wiki/Peio;https://www.vivoscuola.it/content/view/full/29434
214;istituto comprensivo alta val di sole;scuola primaria commezzadura;;a carattere statale/provinciale;franco vanin;;;via del comun, 5 38020;commezzadura;0463751129;0463/750043;ic.altavaldisole@pec.provincia.tn.it;dir.icaltavaldisole@scuole.provincia.tn.it;segr.icaltavaldisole@scuole.provincia.tn.it;https://www.icaltavaldisole.it;tnee83208g;https://www.vivoscuola.it/content/view/full/29432;school;https://it.wikipedia.org/wiki/Commezzadura;https://www.vivoscuola.it/content/view/full/29435
215;istituto comprensivo alta val di sole;scuola primaria passo tonale;;a carattere statale/provinciale;franco vanin;;;via nazionale, 12/c 38029;vermiglio;0364903859;0463/750043;ic.altavaldisole@pec.provincia.tn.it;dir.icaltavaldisole@scuole.provincia.tn.it;segr.icaltavaldisole@scuole.provincia.tn.it;https://www.icaltavaldisole.it;tnee83207e;https://www.vivoscuola.it/content/view/full/29432;school;https://it.wikipedia.org/wiki/Vermiglio_(Italia);https://www.vivoscuola.it/content/view/full/29436
216;istituto comprensivo alta val di sole;scuola primaria vermiglio;;a carattere statale/provinciale;franco vanin;;;via senatore kessler, 5 38029;vermiglio;0463758373;0463/750043;ic.altavaldisole@pec.provincia.tn.it;dir.icaltavaldisole@scuole.provincia.tn.it;segr.icaltavaldisole@scuole.provincia.tn.it;https://www.icaltavaldisole.it;tnee83206d;https://www.vivoscuola.it/content/view/full/29432;school;https://it.wikipedia.org/wiki/Vermiglio_(Italia);https://www.vivoscuola.it/content/view/full/29438
217;istituto comprensivo alta val di sole;"scuola secondaria di primo grado ""c. zanella"" fucine di ossana";;a carattere statale/provinciale;franco vanin;;;via s michele, 11 38026;ossana;0463751129;0463/750043;ic.altavaldisole@pec.provincia.tn.it;dir.icaltavaldisole@scuole.provincia.tn.it;segr.icaltavaldisole@scuole.provincia.tn.it;https://www.icaltavaldisole.it;tnmm832017;https://www.vivoscuola.it/content/view/full/29432;school;https://it.wikipedia.org/wiki/Ossana;https://www.vivoscuola.it/content/view/full/29439
218;istituto comprensivo alta vallagarina;;istituzione scolastica e formativa;a carattere statale/provinciale;pasquale tappa;;;via stazione, 30 38060;volano;0464410475;0461/490699;ic.altavallagarina@pec.provincia.tn.it;dir.ic.altavallagarina@scuole.provincia.tn.it;segr.ic.altavallagarina@scuole.provincia.tn.it;https://www.ic-altavallagarina.it;tnic86000a;https://www.vivoscuola.it/content/view/full/29440;institute;https://it.wikipedia.org/wiki/Volano_(Italia);
219;istituto comprensivo alta vallagarina;"scuola primaria ""a.de valentini"" calliano";;a carattere statale/provinciale;pasquale tappa;;;via degasperi, 4 38060;calliano;0464410475;0461/490699;ic.altavallagarina@pec.provincia.tn.it;dir.ic.altavallagarina@scuole.provincia.tn.it;segr.ic.altavallagarina@scuole.provincia.tn.it;https://www.ic-altavallagarina.it;tnee86002d;https://www.vivoscuola.it/content/view/full/29440;school;https://it.wikipedia.org/wiki/Calliano_(Trentino-Alto_Adige);https://www.vivoscuola.it/content/view/full/29441
220;istituto comprensivo alta vallagarina;"scuola primaria ""g. tovazzi"" volano";;a carattere statale/provinciale;pasquale tappa;;;via stazione, 30 38060;volano;0464410475;0461/490699;ic.altavallagarina@pec.provincia.tn.it;dir.ic.altavallagarina@scuole.provincia.tn.it;segr.ic.altavallagarina@scuole.provincia.tn.it;https://www.ic-altavallagarina.it;tnee86003e;https://www.vivoscuola.it/content/view/full/29440;school;https://it.wikipedia.org/wiki/Volano_(Italia);https://www.vivoscuola.it/content/view/full/29442
221;istituto comprensivo alta vallagarina;"scuola primaria ""s. pellico"" besenello";;a carattere statale/provinciale;pasquale tappa;;;via degasperi, 2 38060;besenello;0464410475;0461/490699;ic.altavallagarina@pec.provincia.tn.it;dir.ic.altavallagarina@scuole.provincia.tn.it;segr.ic.altavallagarina@scuole.provincia.tn.it;https://www.ic-altavallagarina.it;tnee86001c;https://www.vivoscuola.it/content/view/full/29440;school;https://it.wikipedia.org/wiki/Besenello;https://www.vivoscuola.it/content/view/full/29443
222;istituto comprensivo alta vallagarina;"scuola secondaria di primo grado ""alta vallagarina"" volano";;a carattere statale/provinciale;pasquale tappa;;;via manzoni, 3 38068;rovereto;0464410475;0461/490699;ic.altavallagarina@pec.provincia.tn.it;dir.ic.altavallagarina@scuole.provincia.tn.it;segr.ic.altavallagarina@scuole.provincia.tn.it;https://www.ic-altavallagarina.it;tnmm86001b;https://www.vivoscuola.it/content/view/full/29440;school;https://it.wikipedia.org/wiki/Rovereto;https://www.vivoscuola.it/content/view/full/29444
223;istituto comprensivo altopiano di pine';;istituzione scolastica e formativa;a carattere statale/provinciale;elisabetta pizio;;;via del xxvi maggio - baselga, 6 38042;baselga di piné;0461557138;0461/558163;ic.pine@pec.provincia.tn.it;dir.ic.altopianodipine@scuole.provincia.tn.it;segr.ic.altopianodipine@scuole.provincia.tn.it;https://www.icpine.eu;tnic816008;https://www.vivoscuola.it/content/view/full/29445;institute;https://it.wikipedia.org/wiki/Baselga_di_Pin%C3%A9;
224;istituto comprensivo altopiano di pine';"scuola primaria  ""abramo andreatta"" bedollo";;a carattere statale/provinciale;elisabetta pizio;;;via s osvaldo, 5 38043;bedollo;0461556844;0461/558163;ic.pine@pec.provincia.tn.it;dir.ic.altopianodipine@scuole.provincia.tn.it;segr.ic.altopianodipine@scuole.provincia.tn.it;https://www.icpine.eu;tnee81605e;https://www.vivoscuola.it/content/view/full/29445;school;https://it.wikipedia.org/wiki/Bedollo;https://www.vivoscuola.it/content/view/full/29446
225;istituto comprensivo altopiano di pine';"scuola primaria ""g. dallafior"" baselga di pine'";;a carattere statale/provinciale;elisabetta pizio;;;via delle scuole, 15 38042;baselga di piné;0461558317;0461/558163;ic.pine@pec.provincia.tn.it;dir.ic.altopianodipine@scuole.provincia.tn.it;segr.ic.altopianodipine@scuole.provincia.tn.it;https://www.icpine.eu;tnee81601a;https://www.vivoscuola.it/content/view/full/29445;school;https://it.wikipedia.org/wiki/Baselga_di_Pin%C3%A9;https://www.vivoscuola.it/content/view/full/29447
226;istituto comprensivo altopiano di pine';"scuola primaria ""g. verdi"" miola baselga di pine'";;a carattere statale/provinciale;elisabetta pizio;;;via della chiesa, 3 38042;baselga di piné;0461558300;0461/558163;ic.pine@pec.provincia.tn.it;dir.ic.altopianodipine@scuole.provincia.tn.it;segr.ic.altopianodipine@scuole.provincia.tn.it;https://www.icpine.eu;tnee81602b;https://www.vivoscuola.it/content/view/full/29445;school;https://it.wikipedia.org/wiki/Baselga_di_Pin%C3%A9;https://www.vivoscuola.it/content/view/full/29448
227;istituto comprensivo altopiano di pine';"scuola secondaria di primo grado ""don giuseppe tarter""baselga di pine'";;a carattere statale/provinciale;elisabetta pizio;;;via del xxvi maggio - baselga, 6 38042;baselga di piné;0461557138;0461/558163;ic.pine@pec.provincia.tn.it;dir.ic.altopianodipine@scuole.provincia.tn.it;segr.ic.altopianodipine@scuole.provincia.tn.it;https://www.icpine.eu;tnmm816019;https://www.vivoscuola.it/content/view/full/29445;school;https://it.wikipedia.org/wiki/Baselga_di_Pin%C3%A9;https://www.vivoscuola.it/content/view/full/29449
228;istituto comprensivo arco;;istituzione scolastica e formativa;a carattere statale/provinciale;paola maroni;;;localita prabi,   38062;arco;0464516429;0464/517064;ic.arco@pec.provincia.tn.it;dir.ic.arco@scuole.provincia.tn.it;segr.ic.arco@scuole.provincia.tn.it;https://www.icarco.edu.it;tnic840005;https://www.vivoscuola.it/content/view/full/29450;institute;https://it.wikipedia.org/wiki/Arco_(Italia);
229;istituto comprensivo arco;"scuola primaria ""g. segantini"" arco";;a carattere statale/provinciale;paola maroni;;;via nas, 28 38062;arco;0464532947;0464/517064;ic.arco@pec.provincia.tn.it;dir.ic.arco@scuole.provincia.tn.it;segr.ic.arco@scuole.provincia.tn.it;https://www.icarco.edu.it;tnee840039;https://www.vivoscuola.it/content/view/full/29450;school;https://it.wikipedia.org/wiki/Arco_(Italia);https://www.vivoscuola.it/content/view/full/29451
230;istituto comprensivo arco;scuola primaria bolognano;;a carattere statale/provinciale;paola maroni;;;viale stazione, 2 38062;arco;0464518610;0464/517064;ic.arco@pec.provincia.tn.it;dir.ic.arco@scuole.provincia.tn.it;segr.ic.arco@scuole.provincia.tn.it;https://www.icarco.edu.it;tnee840017;https://www.vivoscuola.it/content/view/full/29450;school;https://it.wikipedia.org/wiki/Arco_(Italia);https://www.vivoscuola.it/content/view/full/29452
231;istituto comprensivo arco;scuola primaria massone;;a carattere statale/provinciale;paola maroni;;;via maffei - san martino, 2 38062;arco;0464516679;0464/517064;ic.arco@pec.provincia.tn.it;dir.ic.arco@scuole.provincia.tn.it;segr.ic.arco@scuole.provincia.tn.it;https://www.icarco.edu.it;tnee840028;https://www.vivoscuola.it/content/view/full/29450;school;https://it.wikipedia.org/wiki/Arco_(Italia);https://www.vivoscuola.it/content/view/full/29453
232;istituto comprensivo arco;scuola primaria romarzollo;;a carattere statale/provinciale;paola maroni;;;via fossa, 8 38062;arco;0464516187;0464/517064;ic.arco@pec.provincia.tn.it;dir.ic.arco@scuole.provincia.tn.it;segr.ic.arco@scuole.provincia.tn.it;https://www.icarco.edu.it;tnee84004a;https://www.vivoscuola.it/content/view/full/29450;school;https://it.wikipedia.org/wiki/Arco_(Italia);https://www.vivoscuola.it/content/view/full/29454
233;istituto comprensivo arco;"scuola secondaria di primo grado ""n. d'arco"" arco";;a carattere statale/provinciale;paola maroni;;;localita prabi,   38062;arco;0464516429;0464/517064;ic.arco@pec.provincia.tn.it;dir.ic.arco@scuole.provincia.tn.it;segr.ic.arco@scuole.provincia.tn.it;https://www.icarco.edu.it;tnmm840016;https://www.vivoscuola.it/content/view/full/29450;school;https://it.wikipedia.org/wiki/Arco_(Italia);https://www.vivoscuola.it/content/view/full/29455
234;istituto comprensivo avio;;istituzione scolastica e formativa;a carattere statale/provinciale;niccolo' dai pra';;;viale degasperi, 69 38063;avio;0464684029;0464/687570;ic.avio@pec.provincia.tn.it;dir.ic.avio@scuole.provincia.tn.it;segr.ic.avio@scuole.provincia.tn.it;https://www.istitutoavio.it;tnic84700x;https://www.vivoscuola.it/content/view/full/29456;institute;https://it.wikipedia.org/wiki/Avio;
235;istituto comprensivo avio;scuola primaria avio;;a carattere statale/provinciale;niccolo' dai pra';;;via perotti, 47 38063;avio;0464684117;0464/687570;ic.avio@pec.provincia.tn.it;dir.ic.avio@scuole.provincia.tn.it;segr.ic.avio@scuole.provincia.tn.it;https://www.istitutoavio.it;tnee847012;https://www.vivoscuola.it/content/view/full/29456;school;https://it.wikipedia.org/wiki/Avio;https://www.vivoscuola.it/content/view/full/29457
236;istituto comprensivo avio;scuola primaria sabbionara di avio;;a carattere statale/provinciale;niccolo' dai pra';;;piazza conciliazione,  1 38063;avio;0464684067;0464/687570;ic.avio@pec.provincia.tn.it;dir.ic.avio@scuole.provincia.tn.it;segr.ic.avio@scuole.provincia.tn.it;https://www.istitutoavio.it;tnee847023;https://www.vivoscuola.it/content/view/full/29456;school;https://it.wikipedia.org/wiki/Avio;https://www.vivoscuola.it/content/view/full/29458
237;istituto comprensivo avio;"scuola secondaria di primo grado ""d. alighieri"" avio";;a carattere statale/provinciale;niccolo' dai pra';;;viale degasperi, 69 38063;avio;0464684029;0464/687570;ic.avio@pec.provincia.tn.it;dir.ic.avio@scuole.provincia.tn.it;segr.ic.avio@scuole.provincia.tn.it;https://www.istitutoavio.it;tnmm847011;https://www.vivoscuola.it/content/view/full/29456;school;https://it.wikipedia.org/wiki/Avio;https://www.vivoscuola.it/content/view/full/29459
238;istituto comprensivo bassa anaunia - tuenno;;istituzione scolastica e formativa;a carattere statale/provinciale;licia campi;;;via colle verde, 3 38010;denno;0461655783;0461/655783;ic.bassaanaunia@pec.provincia.tn.it;dir.ic.bassaanauniatuenno@scuole.provincia.tn.it;segr.ic.denno@scuole.provincia.tn.it;https://www.icbassaanauniatuenno.it;tnic82900a;https://www.vivoscuola.it/content/view/full/29461;institute;https://it.wikipedia.org/wiki/Denno;
239;istituto comprensivo bassa anaunia - tuenno;"scuola primaria ""m. pezzi"" campodenno";;a carattere statale/provinciale;licia campi;;;via s maurizio, 3 38010;campodenno;0461655783;0461/655783;ic.bassaanaunia@pec.provincia.tn.it;dir.ic.bassaanauniatuenno@scuole.provincia.tn.it;segr.ic.denno@scuole.provincia.tn.it;https://www.icbassaanauniatuenno.it;tnee82901c;https://www.vivoscuola.it/content/view/full/29461;school;https://it.wikipedia.org/wiki/Campodenno;https://www.vivoscuola.it/content/view/full/29462
240;istituto comprensivo bassa anaunia - tuenno;"scuola primaria ""mons. s. weber"" denno";;a carattere statale/provinciale;licia campi;;;via colle verde, 3 38010;denno;0461655783;0461/655783;ic.bassaanaunia@pec.provincia.tn.it;dir.ic.bassaanauniatuenno@scuole.provincia.tn.it;segr.ic.denno@scuole.provincia.tn.it;https://www.icbassaanauniatuenno.it;tnee82903e;https://www.vivoscuola.it/content/view/full/29461;school;https://it.wikipedia.org/wiki/Denno;https://www.vivoscuola.it/content/view/full/29463
241;istituto comprensivo bassa anaunia - tuenno;"scuola primaria ""v. maistrelli"" tuenno";;a carattere statale/provinciale;licia campi;;;via maistrelli - tuenno, 11 38019;ville d'anaunia;0461655783;0461/655783;ic.bassaanaunia@pec.provincia.tn.it;dir.ic.bassaanauniatuenno@scuole.provincia.tn.it;segr.ic.denno@scuole.provincia.tn.it;https://www.icbassaanauniatuenno.it;tnee82907p;https://www.vivoscuola.it/content/view/full/29461;school;https://it.wikipedia.org/wiki/Ville_d%27Anaunia;https://www.vivoscuola.it/content/view/full/29464
242;istituto comprensivo bassa anaunia - tuenno;scuola primaria flavon;;a carattere statale/provinciale;licia campi;;;via nazionale - flavon,   38010;contà;0461655783;0461/655783;ic.bassaanaunia@pec.provincia.tn.it;dir.ic.bassaanauniatuenno@scuole.provincia.tn.it;segr.ic.denno@scuole.provincia.tn.it;https://www.icbassaanauniatuenno.it;tnee82906n;https://www.vivoscuola.it/content/view/full/29461;school;https://it.wikipedia.org/wiki/Cont%C3%A0;https://www.vivoscuola.it/content/view/full/29465
243;istituto comprensivo bassa anaunia - tuenno;scuola primaria tassullo;;a carattere statale/provinciale;licia campi;;;piazza pilati - tassullo, 6 38019;ville d'anaunia;0461655783;0461/655783;ic.bassaanaunia@pec.provincia.tn.it;dir.ic.bassaanauniatuenno@scuole.provincia.tn.it;segr.ic.denno@scuole.provincia.tn.it;https://www.icbassaanauniatuenno.it;tnee82908q;https://www.vivoscuola.it/content/view/full/29461;school;https://it.wikipedia.org/wiki/Ville_d%27Anaunia;https://www.vivoscuola.it/content/view/full/29466
244;istituto comprensivo bassa anaunia - tuenno;scuola primaria vigo ton;;a carattere statale/provinciale;licia campi;;;piazza guardi, 7 38010;ton;0461655783;0461/655783;ic.bassaanaunia@pec.provincia.tn.it;dir.ic.bassaanauniatuenno@scuole.provincia.tn.it;segr.ic.denno@scuole.provincia.tn.it;https://www.icbassaanauniatuenno.it;tnee82905l;https://www.vivoscuola.it/content/view/full/29461;school;https://it.wikipedia.org/wiki/Ton;https://www.vivoscuola.it/content/view/full/29467
245;istituto comprensivo bassa anaunia - tuenno;"scuola secondaria di primo grado ""e. leonardi"" tuenno";;a carattere statale/provinciale;licia campi;;;via maistrelli - tuenno, 11 38019;ville d'anaunia;0461655783;0461/655783;ic.bassaanaunia@pec.provincia.tn.it;dir.ic.bassaanauniatuenno@scuole.provincia.tn.it;segr.ic.denno@scuole.provincia.tn.it;https://www.icbassaanauniatuenno.it;tnmm82902c;https://www.vivoscuola.it/content/view/full/29461;school;https://it.wikipedia.org/wiki/Ville_d%27Anaunia;https://www.vivoscuola.it/content/view/full/29468
246;istituto comprensivo bassa anaunia - tuenno;"scuola secondaria di primo grado ""v. vielmetti"" denno";;a carattere statale/provinciale;licia campi;;;via colle verde, 3 38010;denno;0461655783;0461/655783;ic.bassaanaunia@pec.provincia.tn.it;dir.ic.bassaanauniatuenno@scuole.provincia.tn.it;segr.ic.denno@scuole.provincia.tn.it;https://www.icbassaanauniatuenno.it;tnmm82901b;https://www.vivoscuola.it/content/view/full/29461;school;https://it.wikipedia.org/wiki/Denno;https://www.vivoscuola.it/content/view/full/29469
247;"istituto comprensivo bassa val di sole ""g. ciccolini""";;istituzione scolastica e formativa;a carattere statale/provinciale;nicola parzian;;;via taddei de mauris, 4 38027;malé;0463901237;0463/902866;ic.bassavaldisole@pec.provincia.tn.it;dir.ciccolini.male@scuole.provincia.tn.it;segr.ciccolini.male@scuole.provincia.tn.it;https://www.icbassavaldisole.it;tnic833002;https://www.vivoscuola.it/content/view/full/29470;institute;https://it.wikipedia.org/wiki/Mal%C3%A9_(Italia);
248;"istituto comprensivo bassa val di sole ""g. ciccolini""";"scuola primaria ""b. pezzen"" croviana";;a carattere statale/provinciale;nicola parzian;;;via delle scuole, 25 38027;croviana;0463901237;0463/902866;ic.bassavaldisole@pec.provincia.tn.it;dir.ciccolini.male@scuole.provincia.tn.it;segr.ciccolini.male@scuole.provincia.tn.it;https://www.icbassavaldisole.it;tnee833036;https://www.vivoscuola.it/content/view/full/29470;school;https://it.wikipedia.org/wiki/Croviana;https://www.vivoscuola.it/content/view/full/29471
249;"istituto comprensivo bassa val di sole ""g. ciccolini""";"scuola primaria ""c. cristoforetti"" male'";;a carattere statale/provinciale;nicola parzian;;;via alla croce, 17 38027;malé;0463901237;0463/902866;ic.bassavaldisole@pec.provincia.tn.it;dir.ciccolini.male@scuole.provincia.tn.it;segr.ciccolini.male@scuole.provincia.tn.it;https://www.icbassavaldisole.it;tnee833058;https://www.vivoscuola.it/content/view/full/29470;school;https://it.wikipedia.org/wiki/Mal%C3%A9_(Italia);https://www.vivoscuola.it/content/view/full/29472
250;"istituto comprensivo bassa val di sole ""g. ciccolini""";scuola primaria caldes;;a carattere statale/provinciale;nicola parzian;;;via al castello, 26 38022;caldes;0463901237;0463/902866;ic.bassavaldisole@pec.provincia.tn.it;dir.ciccolini.male@scuole.provincia.tn.it;segr.ciccolini.male@scuole.provincia.tn.it;https://www.icbassavaldisole.it;tnee833014;https://www.vivoscuola.it/content/view/full/29470;school;https://it.wikipedia.org/wiki/Caldes;https://www.vivoscuola.it/content/view/full/29473
251;"istituto comprensivo bassa val di sole ""g. ciccolini""";scuola primaria dimaro;;a carattere statale/provinciale;nicola parzian;;;piazza madonna della pace - dimaro, 14 38025;dimaro folgarida;0463901237;0463/902866;ic.bassavaldisole@pec.provincia.tn.it;dir.ciccolini.male@scuole.provincia.tn.it;segr.ciccolini.male@scuole.provincia.tn.it;https://www.icbassavaldisole.it;tnee833047;https://www.vivoscuola.it/content/view/full/29470;school;https://it.wikipedia.org/wiki/Dimaro_Folgarida;https://www.vivoscuola.it/content/view/full/29474
252;"istituto comprensivo bassa val di sole ""g. ciccolini""";scuola primaria s.bernardo rabbi;;a carattere statale/provinciale;nicola parzian;;;frazione san bernardo,   38020;rabbi;0463901237;0463/902866;ic.bassavaldisole@pec.provincia.tn.it;dir.ciccolini.male@scuole.provincia.tn.it;segr.ciccolini.male@scuole.provincia.tn.it;https://www.icbassavaldisole.it;tnee83307a;https://www.vivoscuola.it/content/view/full/29470;school;https://it.wikipedia.org/wiki/Rabbi_(comune);https://www.vivoscuola.it/content/view/full/29475
253;"istituto comprensivo bassa val di sole ""g. ciccolini""";"scuola secondaria di primo grado ""g. ciccolini"" male'";;a carattere statale/provinciale;nicola parzian;;;via taddei de mauris, 4 38027;malé;0463901237;0463/902866;ic.bassavaldisole@pec.provincia.tn.it;dir.ciccolini.male@scuole.provincia.tn.it;segr.ciccolini.male@scuole.provincia.tn.it;https://www.icbassavaldisole.it;tnmm833013;https://www.vivoscuola.it/content/view/full/29470;school;https://it.wikipedia.org/wiki/Mal%C3%A9_(Italia);https://www.vivoscuola.it/content/view/full/29476
254;istituto comprensivo borgo valsugana;;istituzione scolastica e formativa;a carattere statale/provinciale;luigi vitullo;;;via spagolla, 1 38051;borgo valsugana;0461753179;0461/754131;ic.borgovalsugana@pec.provincia.tn.it;dir.ic.borgovalsugana@scuole.provincia.tn.it;segr.ic.borgovalsugana@scuole.provincia.tn.it;http://www.icborgovalsugana.edu.it/;tnic812001;https://www.vivoscuola.it/content/view/full/29477;institute;https://it.wikipedia.org/wiki/Borgo_Valsugana;
255;istituto comprensivo borgo valsugana;"scuola primaria ""rita levi montalcini"" borgo valsugana";;a carattere statale/provinciale;luigi vitullo;;;via temanza, 13/c 38051;borgo valsugana;0461753179;0461/754131;ic.borgovalsugana@pec.provincia.tn.it;dir.ic.borgovalsugana@scuole.provincia.tn.it;segr.ic.borgovalsugana@scuole.provincia.tn.it;http://www.icborgovalsugana.edu.it/;tnee812046;https://www.vivoscuola.it/content/view/full/29477;school;https://it.wikipedia.org/wiki/Borgo_Valsugana;https://www.vivoscuola.it/content/view/full/29478
256;istituto comprensivo borgo valsugana;scuola primaria grigno;;a carattere statale/provinciale;luigi vitullo;;;viale trento, 2 38055;grigno;0461753179;0461/754131;ic.borgovalsugana@pec.provincia.tn.it;dir.ic.borgovalsugana@scuole.provincia.tn.it;segr.ic.borgovalsugana@scuole.provincia.tn.it;http://www.icborgovalsugana.edu.it/;tnee812024;https://www.vivoscuola.it/content/view/full/29477;school;https://it.wikipedia.org/wiki/Grigno;https://www.vivoscuola.it/content/view/full/29479
257;istituto comprensivo borgo valsugana;"scuola secondaria di primo grado ""ora e veglia"" borgo valsugana";;a carattere statale/provinciale;luigi vitullo;;;via spagolla, 1 38051;borgo valsugana;0461753179;0461/754131;ic.borgovalsugana@pec.provincia.tn.it;dir.ic.borgovalsugana@scuole.provincia.tn.it;segr.ic.borgovalsugana@scuole.provincia.tn.it;http://www.icborgovalsugana.edu.it/;tnmm812012;https://www.vivoscuola.it/content/view/full/29477;school;https://it.wikipedia.org/wiki/Borgo_Valsugana;https://www.vivoscuola.it/content/view/full/29480
258;istituto comprensivo borgo valsugana;"scuola secondaria di primo grado ""s. fante"" grigno";;a carattere statale/provinciale;luigi vitullo;;;viale trento,   38055;grigno;0461753179;0461/754131;ic.borgovalsugana@pec.provincia.tn.it;dir.ic.borgovalsugana@scuole.provincia.tn.it;segr.ic.borgovalsugana@scuole.provincia.tn.it;http://www.icborgovalsugana.edu.it/;tnmm812023;https://www.vivoscuola.it/content/view/full/29477;school;https://it.wikipedia.org/wiki/Grigno;https://www.vivoscuola.it/content/view/full/29481
259;istituto comprensivo brentonico;;istituzione scolastica e formativa;a carattere statale/provinciale;enrica rigotti;;;via calzolari - localita fontana, 2 38060;brentonico;0464395189;0464/392710;ic.brentonico@pec.provincia.tn.it;dir.ic.brentonico@scuole.provincia.tn.it;segr.ic.brentonico@scuole.provincia.tn.it;https://www.icbrentonico.it/;tnic861006;https://www.vivoscuola.it/content/view/full/63288;institute;https://it.wikipedia.org/wiki/Brentonico;
260;istituto comprensivo brentonico;scuola primaria brentonico;;a carattere statale/provinciale;enrica rigotti;;;via calzolari - localita fontana, 2 38060;brentonico;0464395189;0464/392710;ic.brentonico@pec.provincia.tn.it;dir.ic.brentonico@scuole.provincia.tn.it;segr.ic.brentonico@scuole.provincia.tn.it;https://www.icbrentonico.it/;tnee861018;https://www.vivoscuola.it/content/view/full/63288;school;https://it.wikipedia.org/wiki/Brentonico;https://www.vivoscuola.it/content/view/full/63289
261;istituto comprensivo brentonico;scuola secondaria di primo grado brentonico;;a carattere statale/provinciale;enrica rigotti;;;via calzolari - localita fontana, 2 38060;brentonico;0464395189;0464/392710;ic.brentonico@pec.provincia.tn.it;dir.ic.brentonico@scuole.provincia.tn.it;segr.ic.brentonico@scuole.provincia.tn.it;https://www.icbrentonico.it/;tnmm861017;https://www.vivoscuola.it/content/view/full/63288;school;https://it.wikipedia.org/wiki/Brentonico;https://www.vivoscuola.it/content/view/full/65577
262;istituto comprensivo cavalese;;istituzione scolastica e formativa;a carattere statale/provinciale;roberto trolli;;;piazza verdi, 6 38033;cavalese;0462340314;0462/342294;ic.cavalese@pec.provincia.tn.it;dir.cavalese@scuole.provincia.tn.it;segr.cavalese@scuole.provincia.tn.it;https://www.iccavalese.it;tnic809005;https://www.vivoscuola.it/content/view/full/29482;institute;https://it.wikipedia.org/wiki/Cavalese;
263;istituto comprensivo cavalese;scuola primaria capriana;;a carattere statale/provinciale;roberto trolli;;;piazza scuole, 1 38030;capriana;0462340314;0462/342294;ic.cavalese@pec.provincia.tn.it;dir.cavalese@scuole.provincia.tn.it;segr.cavalese@scuole.provincia.tn.it;https://www.iccavalese.it;tnee809017;https://www.vivoscuola.it/content/view/full/29482;school;https://it.wikipedia.org/wiki/Capriana;https://www.vivoscuola.it/content/view/full/29483
264;istituto comprensivo cavalese;scuola primaria carano;;a carattere statale/provinciale;roberto trolli;;;via giovanelli, 2 38033;ville di fiemme;0462340314;0462/342294;ic.cavalese@pec.provincia.tn.it;dir.cavalese@scuole.provincia.tn.it;segr.cavalese@scuole.provincia.tn.it;https://www.iccavalese.it;tnee809028;https://www.vivoscuola.it/content/view/full/29482;school;https://it.wikipedia.org/wiki/Ville_di_Fiemme;https://www.vivoscuola.it/content/view/full/29484
265;istituto comprensivo cavalese;scuola primaria casatta valfloriana;;a carattere statale/provinciale;roberto trolli;;;frazione casatta, 18/a 38040;valfloriana;0462340314;0462/342294;ic.cavalese@pec.provincia.tn.it;dir.cavalese@scuole.provincia.tn.it;segr.cavalese@scuole.provincia.tn.it;https://www.iccavalese.it;tnee80908e;https://www.vivoscuola.it/content/view/full/29482;school;https://it.wikipedia.org/wiki/Valfloriana;https://www.vivoscuola.it/content/view/full/29485
266;istituto comprensivo cavalese;scuola primaria castello di fiemme;;a carattere statale/provinciale;roberto trolli;;;via roma, 40 38030;castello-molina di fiemme;0462340314;0462/342294;ic.cavalese@pec.provincia.tn.it;dir.cavalese@scuole.provincia.tn.it;segr.cavalese@scuole.provincia.tn.it;https://www.iccavalese.it;tnee809039;https://www.vivoscuola.it/content/view/full/29482;school;https://it.wikipedia.org/wiki/Castello-Molina_di_Fiemme;https://www.vivoscuola.it/content/view/full/29486
267;istituto comprensivo cavalese;scuola primaria cavalese;;a carattere statale/provinciale;roberto trolli;;;largo bosin, 2 38033;cavalese;0462340314;0462/342294;ic.cavalese@pec.provincia.tn.it;dir.cavalese@scuole.provincia.tn.it;segr.cavalese@scuole.provincia.tn.it;https://www.iccavalese.it;tnee80905b;https://www.vivoscuola.it/content/view/full/29482;school;https://it.wikipedia.org/wiki/Cavalese;https://www.vivoscuola.it/content/view/full/29487
268;istituto comprensivo cavalese;scuola primaria masi cavalese;;a carattere statale/provinciale;roberto trolli;;;via damiano chiesa, 110 38033;cavalese;0462340314;0462/342294;ic.cavalese@pec.provincia.tn.it;dir.cavalese@scuole.provincia.tn.it;segr.cavalese@scuole.provincia.tn.it;https://www.iccavalese.it;tnee80906c;https://www.vivoscuola.it/content/view/full/29482;school;https://it.wikipedia.org/wiki/Cavalese;https://www.vivoscuola.it/content/view/full/29488
269;istituto comprensivo cavalese;scuola primaria molina di fiemme;;a carattere statale/provinciale;roberto trolli;;;via segherie, 64/b 38030;castello-molina di fiemme;0462340314;0462/342294;ic.cavalese@pec.provincia.tn.it;dir.cavalese@scuole.provincia.tn.it;segr.cavalese@scuole.provincia.tn.it;https://www.iccavalese.it;tnee80904a;https://www.vivoscuola.it/content/view/full/29482;school;https://it.wikipedia.org/wiki/Castello-Molina_di_Fiemme;https://www.vivoscuola.it/content/view/full/29489
270;istituto comprensivo cavalese;scuola primaria varena;;a carattere statale/provinciale;roberto trolli;;;via mercato, 10 38030;ville di fiemme;0462340314;0462/342294;ic.cavalese@pec.provincia.tn.it;dir.cavalese@scuole.provincia.tn.it;segr.cavalese@scuole.provincia.tn.it;https://www.iccavalese.it;tnee80909g;https://www.vivoscuola.it/content/view/full/29482;school;https://it.wikipedia.org/wiki/Ville_di_Fiemme;https://www.vivoscuola.it/content/view/full/29490
271;istituto comprensivo cavalese;"scuola secondaria di primo grado ""g. segantini"" cavalese";;a carattere statale/provinciale;roberto trolli;;;piazza verdi, 6 38033;cavalese;0462340314;0462/342294;ic.cavalese@pec.provincia.tn.it;dir.cavalese@scuole.provincia.tn.it;segr.cavalese@scuole.provincia.tn.it;https://www.iccavalese.it;tnmm809016;https://www.vivoscuola.it/content/view/full/29482;school;https://it.wikipedia.org/wiki/Cavalese;https://www.vivoscuola.it/content/view/full/29491
272;istituto comprensivo cembra;;istituzione scolastica e formativa;a carattere statale/provinciale;stefano chesini;;;via negritelle - cembra, 1 38034;cembra lisignago;0461683006;0461/682166;ic.cembra@pec.provincia.tn.it;dir.cembra@scuole.provincia.tn.it;segr.cembra@scuole.provincia.tn.it;https://www.iccembra.it;tnic82200g;https://www.vivoscuola.it/content/view/full/29492;institute;https://it.wikipedia.org/wiki/Cembra_Lisignago;
273;istituto comprensivo cembra;"scuola primaria ""don l. milani"" lases";;a carattere statale/provinciale;stefano chesini;;;via principale, 43 38040;lona-lases;0461683006;0461/682166;ic.cembra@pec.provincia.tn.it;dir.cembra@scuole.provincia.tn.it;segr.cembra@scuole.provincia.tn.it;https://www.iccembra.it;tnee82206v;https://www.vivoscuola.it/content/view/full/29492;school;https://it.wikipedia.org/wiki/Lona-Lases;https://www.vivoscuola.it/content/view/full/29493
274;istituto comprensivo cembra;"scuola primaria ""p. marconi"" faver";;a carattere statale/provinciale;stefano chesini;;;via campagna - faver, 1 38030;altavalle;0461683006;0461/682166;ic.cembra@pec.provincia.tn.it;dir.cembra@scuole.provincia.tn.it;segr.cembra@scuole.provincia.tn.it;https://www.iccembra.it;tnee82202p;https://www.vivoscuola.it/content/view/full/29492;school;https://it.wikipedia.org/wiki/Altavalle;https://www.vivoscuola.it/content/view/full/29494
275;istituto comprensivo cembra;"scuola primaria ""p. sartori"" sover";;a carattere statale/provinciale;stefano chesini;;;piazza s lorenzo, 10 38048;sover;0461683006;0461/682166;ic.cembra@pec.provincia.tn.it;dir.cembra@scuole.provincia.tn.it;segr.cembra@scuole.provincia.tn.it;https://www.iccembra.it;tnee822081;https://www.vivoscuola.it/content/view/full/29492;school;https://it.wikipedia.org/wiki/Sover;https://www.vivoscuola.it/content/view/full/29495
276;istituto comprensivo cembra;scuola primaria cembra;;a carattere statale/provinciale;stefano chesini;;;via dei ciclamini - cembra, 1/1 38034;cembra lisignago;0461683006;0461/682166;ic.cembra@pec.provincia.tn.it;dir.cembra@scuole.provincia.tn.it;segr.cembra@scuole.provincia.tn.it;https://www.iccembra.it;tnee82201n;https://www.vivoscuola.it/content/view/full/29492;school;https://it.wikipedia.org/wiki/Cembra_Lisignago;https://www.vivoscuola.it/content/view/full/29496
277;istituto comprensivo cembra;scuola primaria stedro segonzano;;a carattere statale/provinciale;stefano chesini;;;frazione stedro, 68 38047;segonzano;0461683006;0461/682166;ic.cembra@pec.provincia.tn.it;dir.cembra@scuole.provincia.tn.it;segr.cembra@scuole.provincia.tn.it;https://www.iccembra.it;tnee82207x;https://www.vivoscuola.it/content/view/full/29492;school;https://it.wikipedia.org/wiki/Segonzano;https://www.vivoscuola.it/content/view/full/29497
278;istituto comprensivo cembra;scuola primaria verla giovo;;a carattere statale/provinciale;stefano chesini;;;via dell oratorio, 15 38030;giovo;0461683006;0461/682166;ic.cembra@pec.provincia.tn.it;dir.cembra@scuole.provincia.tn.it;segr.cembra@scuole.provincia.tn.it;https://www.iccembra.it;tnee82203q;https://www.vivoscuola.it/content/view/full/29492;school;https://it.wikipedia.org/wiki/Giovo;https://www.vivoscuola.it/content/view/full/29498
279;istituto comprensivo cembra;"scuola secondaria di primo grado ""a. vielmetti"" cembra";;a carattere statale/provinciale;stefano chesini;;;via negritelle - cembra, 1 38034;cembra lisignago;0461683006;0461/682166;ic.cembra@pec.provincia.tn.it;dir.cembra@scuole.provincia.tn.it;segr.cembra@scuole.provincia.tn.it;https://www.iccembra.it;tnmm82201l;https://www.vivoscuola.it/content/view/full/29492;school;https://it.wikipedia.org/wiki/Cembra_Lisignago;https://www.vivoscuola.it/content/view/full/29499
280;istituto comprensivo cembra;scuola secondaria di primo grado stedro segonzano;;a carattere statale/provinciale;stefano chesini;;;frazione scancio, 69 38047;segonzano;0461683006;0461/682166;ic.cembra@pec.provincia.tn.it;dir.cembra@scuole.provincia.tn.it;segr.cembra@scuole.provincia.tn.it;https://www.iccembra.it;tnmm82202n;https://www.vivoscuola.it/content/view/full/29492;school;https://it.wikipedia.org/wiki/Segonzano;https://www.vivoscuola.it/content/view/full/29500
281;istituto comprensivo cembra;scuola secondaria di primo grado verla giovo;;a carattere statale/provinciale;stefano chesini;;;via al grec, 2 38030;giovo;0461683006;0461/682166;ic.cembra@pec.provincia.tn.it;dir.cembra@scuole.provincia.tn.it;segr.cembra@scuole.provincia.tn.it;https://www.iccembra.it;tnmm82203p;https://www.vivoscuola.it/content/view/full/29492;school;https://it.wikipedia.org/wiki/Giovo;https://www.vivoscuola.it/content/view/full/29501
282;istituto comprensivo centro valsugana;;istituzione scolastica e formativa;a carattere statale/provinciale;loredana montanaro;;;via don meggio, 2/a 38050;roncegno terme;0461764581;0461/771046;ic.centrovalsugana@pec.provincia.tn.it;dir.ic.centrovalsugana@scuole.provincia.tn.it;segr.ic.centrovalsugana@scuole.provincia.tn.it;https://www.iccentrovalsugana.it;tnic81300r;https://www.vivoscuola.it/content/view/full/29502;institute;https://it.wikipedia.org/wiki/Roncegno_Terme;
283;istituto comprensivo centro valsugana;"scuola primaria ""c. corradi"" novaledo";;a carattere statale/provinciale;loredana montanaro;;;piazza municipio, 5 38050;novaledo;0461764581;0461/771046;ic.centrovalsugana@pec.provincia.tn.it;dir.ic.centrovalsugana@scuole.provincia.tn.it;segr.ic.centrovalsugana@scuole.provincia.tn.it;https://www.iccentrovalsugana.it;tnee813064;https://www.vivoscuola.it/content/view/full/29502;school;https://it.wikipedia.org/wiki/Novaledo;https://www.vivoscuola.it/content/view/full/29503
284;istituto comprensivo centro valsugana;"scuola primaria ""p. martinelli"" roncegno terme";;a carattere statale/provinciale;loredana montanaro;;;via baldessari, 15 38050;roncegno terme;0461764581;0461/771046;ic.centrovalsugana@pec.provincia.tn.it;dir.ic.centrovalsugana@scuole.provincia.tn.it;segr.ic.centrovalsugana@scuole.provincia.tn.it;https://www.iccentrovalsugana.it;tnee813075;https://www.vivoscuola.it/content/view/full/29502;school;https://it.wikipedia.org/wiki/Roncegno_Terme;https://www.vivoscuola.it/content/view/full/29504
285;istituto comprensivo centro valsugana;"scuola primaria ""t. v. gozzer"" castelnuovo";;a carattere statale/provinciale;loredana montanaro;;;piazza municipio, 4 38050;castelnuovo;0461764581;0461/771046;ic.centrovalsugana@pec.provincia.tn.it;dir.ic.centrovalsugana@scuole.provincia.tn.it;segr.ic.centrovalsugana@scuole.provincia.tn.it;https://www.iccentrovalsugana.it;tnee81301v;https://www.vivoscuola.it/content/view/full/29502;school;https://it.wikipedia.org/wiki/Castelnuovo_(Trentino-Alto_Adige);https://www.vivoscuola.it/content/view/full/29505
286;istituto comprensivo centro valsugana;scuola primaria marter;;a carattere statale/provinciale;loredana montanaro;;;via della chiesa, 14 38050;roncegno terme;0461764581;0461/771046;ic.centrovalsugana@pec.provincia.tn.it;dir.ic.centrovalsugana@scuole.provincia.tn.it;segr.ic.centrovalsugana@scuole.provincia.tn.it;https://www.iccentrovalsugana.it;tnee813086;https://www.vivoscuola.it/content/view/full/29502;school;https://it.wikipedia.org/wiki/Roncegno_Terme;https://www.vivoscuola.it/content/view/full/29506
287;istituto comprensivo centro valsugana;scuola primaria ronchi valsugana;;a carattere statale/provinciale;loredana montanaro;;;via marchi, 14 38050;ronchi valsugana;0461764581;0461/771046;ic.centrovalsugana@pec.provincia.tn.it;dir.ic.centrovalsugana@scuole.provincia.tn.it;segr.ic.centrovalsugana@scuole.provincia.tn.it;https://www.iccentrovalsugana.it;tnee813109;https://www.vivoscuola.it/content/view/full/29502;school;https://it.wikipedia.org/wiki/Ronchi_Valsugana;https://www.vivoscuola.it/content/view/full/65578
288;istituto comprensivo centro valsugana;scuola primaria telve;;a carattere statale/provinciale;loredana montanaro;;;via giusti, 5 38050;telve;0461764581;0461/771046;ic.centrovalsugana@pec.provincia.tn.it;dir.ic.centrovalsugana@scuole.provincia.tn.it;segr.ic.centrovalsugana@scuole.provincia.tn.it;https://www.iccentrovalsugana.it;tnee81302x;https://www.vivoscuola.it/content/view/full/29502;school;https://it.wikipedia.org/wiki/Telve;https://www.vivoscuola.it/content/view/full/29507
289;istituto comprensivo centro valsugana;scuola primaria telve di sopra;;a carattere statale/provinciale;loredana montanaro;;;via delle scuole, 19 38050;telve di sopra;0461764581;0461/771046;ic.centrovalsugana@pec.provincia.tn.it;dir.ic.centrovalsugana@scuole.provincia.tn.it;segr.ic.centrovalsugana@scuole.provincia.tn.it;https://www.iccentrovalsugana.it;tnee813031;https://www.vivoscuola.it/content/view/full/29502;school;https://it.wikipedia.org/wiki/Telve_di_Sopra;https://www.vivoscuola.it/content/view/full/29508
290;istituto comprensivo centro valsugana;"scuola secondaria di primo grado ""don l. milani"" telve";;a carattere statale/provinciale;loredana montanaro;;;via borgo, 2/a 38050;telve;0461764581;0461/771046;ic.centrovalsugana@pec.provincia.tn.it;dir.ic.centrovalsugana@scuole.provincia.tn.it;segr.ic.centrovalsugana@scuole.provincia.tn.it;https://www.iccentrovalsugana.it;tnmm81301t;https://www.vivoscuola.it/content/view/full/29502;school;https://it.wikipedia.org/wiki/Telve;https://www.vivoscuola.it/content/view/full/29509
291;istituto comprensivo centro valsugana;"scuola secondaria di primo grado ""m. pola"" roncegno terme";;a carattere statale/provinciale;loredana montanaro;;;via don meggio, 2/a 38050;roncegno terme;0461764581;0461/771046;ic.centrovalsugana@pec.provincia.tn.it;dir.ic.centrovalsugana@scuole.provincia.tn.it;segr.ic.centrovalsugana@scuole.provincia.tn.it;https://www.iccentrovalsugana.it;tnmm81302v;https://www.vivoscuola.it/content/view/full/29502;school;https://it.wikipedia.org/wiki/Roncegno_Terme;https://www.vivoscuola.it/content/view/full/29510
292;istituto comprensivo civezzano;;istituzione scolastica e formativa;a carattere statale/provinciale;venera munafo';;;via murialdo, 27 38045;civezzano;0461858485;0461/858901;ic.civezzano@pec.provincia.tn.it;dir.i.c.civezzano@scuole.provincia.tn.it;segr.i.c.civezzano@scuole.provincia.tn.it;https://www.iccivezzano.eu;tnic817004;https://www.vivoscuola.it/content/view/full/29511;institute;https://it.wikipedia.org/wiki/Civezzano;
293;istituto comprensivo civezzano;"scuola primaria ""a. girardi"" fornace";;a carattere statale/provinciale;venera munafo';;;via dei mori, 2 38040;fornace;0461858485;0461/858901;ic.civezzano@pec.provincia.tn.it;dir.i.c.civezzano@scuole.provincia.tn.it;segr.i.c.civezzano@scuole.provincia.tn.it;https://www.iccivezzano.eu;tnee817038;https://www.vivoscuola.it/content/view/full/29511;school;https://it.wikipedia.org/wiki/Fornace_(Italia);https://www.vivoscuola.it/content/view/full/29512
294;istituto comprensivo civezzano;"scuola primaria ""g. b. borsieri"" civezzano";;a carattere statale/provinciale;venera munafo';;;via telvana, 6 38045;civezzano;0461858485;0461/858901;ic.civezzano@pec.provincia.tn.it;dir.i.c.civezzano@scuole.provincia.tn.it;segr.i.c.civezzano@scuole.provincia.tn.it;https://www.iccivezzano.eu;tnee817016;https://www.vivoscuola.it/content/view/full/29511;school;https://it.wikipedia.org/wiki/Civezzano;https://www.vivoscuola.it/content/view/full/29513
295;istituto comprensivo civezzano;scuola primaria albiano;;a carattere statale/provinciale;venera munafo';;;via manzoni, 4 38041;albiano;0461858485;0461/858901;ic.civezzano@pec.provincia.tn.it;dir.i.c.civezzano@scuole.provincia.tn.it;segr.i.c.civezzano@scuole.provincia.tn.it;https://www.iccivezzano.eu;tnee817049;https://www.vivoscuola.it/content/view/full/29511;school;https://it.wikipedia.org/wiki/Albiano_(Trentino-Alto_Adige);https://www.vivoscuola.it/content/view/full/29514
296;istituto comprensivo civezzano;scuola primaria seregnano civezzano;;a carattere statale/provinciale;venera munafo';;;frazione cogatti,   38045;civezzano;0461858485;0461/858901;ic.civezzano@pec.provincia.tn.it;dir.i.c.civezzano@scuole.provincia.tn.it;segr.i.c.civezzano@scuole.provincia.tn.it;https://www.iccivezzano.eu;tnee817027;https://www.vivoscuola.it/content/view/full/29511;school;https://it.wikipedia.org/wiki/Civezzano;https://www.vivoscuola.it/content/view/full/29515
297;istituto comprensivo civezzano;"scuola secondaria di primo grado ""g. alessandrini"" civezzano";;a carattere statale/provinciale;venera munafo';;;via murialdo, 27 38045;civezzano;0461858485;0461/858901;ic.civezzano@pec.provincia.tn.it;dir.i.c.civezzano@scuole.provincia.tn.it;segr.i.c.civezzano@scuole.provincia.tn.it;https://www.iccivezzano.eu;tnmm817015;https://www.vivoscuola.it/content/view/full/29511;school;https://it.wikipedia.org/wiki/Civezzano;https://www.vivoscuola.it/content/view/full/29516
298;istituto comprensivo civezzano;scuola secondaria di primo grado albiano;;a carattere statale/provinciale;venera munafo';;;via manzoni, 10 38041;albiano;0461858485;0461/858901;ic.civezzano@pec.provincia.tn.it;dir.i.c.civezzano@scuole.provincia.tn.it;segr.i.c.civezzano@scuole.provincia.tn.it;https://www.iccivezzano.eu;tnmm817026;https://www.vivoscuola.it/content/view/full/29511;school;https://it.wikipedia.org/wiki/Albiano_(Trentino-Alto_Adige);https://www.vivoscuola.it/content/view/full/29517
299;"istituto comprensivo cles ""b. clesio""";;istituzione scolastica e formativa;a carattere statale/provinciale;massimo gaburro;;;via chini, 31 38023;cles;0463421457;0463/424830;ic.cles@pec.provincia.tn.it;dir.ic.cles@scuole.provincia.tn.it;segr.ic.cles@scuole.provincia.tn.it;https://www.iccles.it;tnic83100a;https://www.vivoscuola.it/content/view/full/29518;institute;https://it.wikipedia.org/wiki/Cles;
300;"istituto comprensivo cles ""b. clesio""";"scuola primaria ""chiara lubich"" livo";;a carattere statale/provinciale;massimo gaburro;;;frazione livo,  92 38020;livo;0463421457;0463/424830;ic.cles@pec.provincia.tn.it;dir.ic.cles@scuole.provincia.tn.it;segr.ic.cles@scuole.provincia.tn.it;https://www.iccles.it;tnee83102d;https://www.vivoscuola.it/content/view/full/29518;school;https://it.wikipedia.org/wiki/Livo_(Trentino-Alto_Adige);https://www.vivoscuola.it/content/view/full/29521
301;"istituto comprensivo cles ""b. clesio""";"scuola primaria ""o.focherini m.marchesi"" mione rumo";;a carattere statale/provinciale;massimo gaburro;;;via di ronco - mione, 17 38020;rumo;0463421457;0463/424830;ic.cles@pec.provincia.tn.it;dir.ic.cles@scuole.provincia.tn.it;segr.ic.cles@scuole.provincia.tn.it;https://www.iccles.it;tnee83103e;https://www.vivoscuola.it/content/view/full/29518;school;https://it.wikipedia.org/wiki/Rumo;https://www.vivoscuola.it/content/view/full/29519
302;"istituto comprensivo cles ""b. clesio""";scuola primaria cles;;a carattere statale/provinciale;massimo gaburro;;;via dei campi neri, 1 38023;cles;0463421457;0463/424830;ic.cles@pec.provincia.tn.it;dir.ic.cles@scuole.provincia.tn.it;segr.ic.cles@scuole.provincia.tn.it;https://www.iccles.it;tnee83101c;https://www.vivoscuola.it/content/view/full/29518;school;https://it.wikipedia.org/wiki/Cles;https://www.vivoscuola.it/content/view/full/29520
303;"istituto comprensivo cles ""b. clesio""";"scuola secondaria di primo grado ""v. inama"" cles";;a carattere statale/provinciale;massimo gaburro;;;via chini, 31 38023;cles;0463421457;0463/424830;ic.cles@pec.provincia.tn.it;dir.ic.cles@scuole.provincia.tn.it;segr.ic.cles@scuole.provincia.tn.it;https://www.iccles.it;tnmm83101b;https://www.vivoscuola.it/content/view/full/29518;school;https://it.wikipedia.org/wiki/Cles;https://www.vivoscuola.it/content/view/full/29522
304;"istituto comprensivo del chiese ""don l. milani""";;istituzione scolastica e formativa;a carattere statale/provinciale;romeo collini;;;via papaleoni, 5 38089;storo;0465686039;0465/687076;ic.chiese-storo@pec.provincia.tn.it;dir.ic.chiese@scuole.provincia.tn.it;segr.ic.chiese@scuole.provincia.tn.it;https://www.istitutodelchiese.it;tnic838005;https://www.vivoscuola.it/content/view/full/29523;institute;https://it.wikipedia.org/wiki/Storo;
305;"istituto comprensivo del chiese ""don l. milani""";"scuola primaria ""g. papaleoni"" condino";;a carattere statale/provinciale;romeo collini;;;via la marmora - condino, 13 38083;borgo chiese;0465686039;0465/687076;ic.chiese-storo@pec.provincia.tn.it;dir.ic.chiese@scuole.provincia.tn.it;segr.ic.chiese@scuole.provincia.tn.it;https://www.istitutodelchiese.it;tnee838039;https://www.vivoscuola.it/content/view/full/29523;school;https://it.wikipedia.org/wiki/Borgo_Chiese;https://www.vivoscuola.it/content/view/full/29524
306;"istituto comprensivo del chiese ""don l. milani""";"scuola primaria ""padre c. gnesotti"" storo";;a carattere statale/provinciale;romeo collini;;;via papaleoni, 5 38089;storo;0465686039;0465/687076;ic.chiese-storo@pec.provincia.tn.it;dir.ic.chiese@scuole.provincia.tn.it;segr.ic.chiese@scuole.provincia.tn.it;https://www.istitutodelchiese.it;tnee83804a;https://www.vivoscuola.it/content/view/full/29523;school;https://it.wikipedia.org/wiki/Storo;https://www.vivoscuola.it/content/view/full/29525
307;"istituto comprensivo del chiese ""don l. milani""";scuola primaria pieve di bono - creto;;a carattere statale/provinciale;romeo collini;;;via fiera - creto - pieve di bono, 1 38085;pieve di bono-prezzo;0465674049;0465/687076;ic.chiese-storo@pec.provincia.tn.it;dir.ic.chiese@scuole.provincia.tn.it;segr.ic.chiese@scuole.provincia.tn.it;https://www.istitutodelchiese.it;tnee83808e;https://www.vivoscuola.it/content/view/full/29523;school;https://it.wikipedia.org/wiki/Pieve_di_Bono-Prezzo;https://www.vivoscuola.it/content/view/full/29526
308;"istituto comprensivo del chiese ""don l. milani""";scuola primaria storo - lodrone;;a carattere statale/provinciale;romeo collini;;;via xxiv maggio, 115 38089;storo;0465686039;0465/687076;ic.chiese-storo@pec.provincia.tn.it;dir.ic.chiese@scuole.provincia.tn.it;segr.ic.chiese@scuole.provincia.tn.it;https://www.istitutodelchiese.it;tnee83806c;https://www.vivoscuola.it/content/view/full/29523;school;https://it.wikipedia.org/wiki/Storo;https://www.vivoscuola.it/content/view/full/29527
309;"istituto comprensivo del chiese ""don l. milani""";"scuola secondaria di primo grado ""g. leopardi"" storo";;a carattere statale/provinciale;romeo collini;;;via papaleoni, 5 38089;storo;0465686039;0465/687076;ic.chiese-storo@pec.provincia.tn.it;dir.ic.chiese@scuole.provincia.tn.it;segr.ic.chiese@scuole.provincia.tn.it;https://www.istitutodelchiese.it;tnmm838016;https://www.vivoscuola.it/content/view/full/29523;school;https://it.wikipedia.org/wiki/Storo;https://www.vivoscuola.it/content/view/full/29528
310;"istituto comprensivo del chiese ""don l. milani""";"scuola secondaria di primo grado ""g. pascoli"" pieve di bono";;a carattere statale/provinciale;romeo collini;;;via fiera - creto - pieve di bono, 1 38085;pieve di bono-prezzo;0465674049;0465/687076;ic.chiese-storo@pec.provincia.tn.it;dir.ic.chiese@scuole.provincia.tn.it;segr.ic.chiese@scuole.provincia.tn.it;https://www.istitutodelchiese.it;tnmm838027;https://www.vivoscuola.it/content/view/full/29523;school;https://it.wikipedia.org/wiki/Pieve_di_Bono-Prezzo;https://www.vivoscuola.it/content/view/full/29529
311;istituto comprensivo di scuola primaria e secondaria di primiero;;istituzione scolastica e formativa;a carattere statale/provinciale;maria prodi;;;via delle fonti - transacqua, 10 38054;primiero san martino di castrozza;043962435;0439/762466;ic.primiero@pec.provincia.tn.it;dir.icprimiero@scuole.provincia.tn.it;segr.icprimiero@scuole.provincia.tn.it;https://www.scuoleprimiero.it;tnic810009;https://www.vivoscuola.it/content/view/full/29530;institute;https://it.wikipedia.org/wiki/Primiero_San_Martino_di_Castrozza;
312;istituto comprensivo di scuola primaria e secondaria di primiero;istituto tecnico per il settore economico;;a carattere statale/provinciale;maria prodi;;;via delle fonti - transacqua, 10 38054;primiero san martino di castrozza;043962435;0439/762466;ic.primiero@pec.provincia.tn.it;dir.icprimiero@scuole.provincia.tn.it;segr.icprimiero@scuole.provincia.tn.it;https://www.scuoleprimiero.it;tntd170007;https://www.vivoscuola.it/content/view/full/29530;school;https://it.wikipedia.org/wiki/Primiero_San_Martino_di_Castrozza;https://www.vivoscuola.it/content/view/full/29531
313;istituto comprensivo di scuola primaria e secondaria di primiero;istituto tecnico per il settore tecnologico;;a carattere statale/provinciale;maria prodi;;;via delle fonti - transacqua, 10 38054;primiero san martino di castrozza;043962435;0439/762466;ic.primiero@pec.provincia.tn.it;dir.icprimiero@scuole.provincia.tn.it;segr.icprimiero@scuole.provincia.tn.it;https://www.scuoleprimiero.it;tntd170007;https://www.vivoscuola.it/content/view/full/29530;school;https://it.wikipedia.org/wiki/Primiero_San_Martino_di_Castrozza;https://www.vivoscuola.it/content/view/full/29532
314;istituto comprensivo di scuola primaria e secondaria di primiero;liceo scientifico opzione scienze applicate;;a carattere statale/provinciale;maria prodi;;;via delle fonti - transacqua, 10 38054;primiero san martino di castrozza;043962435;0439/762466;ic.primiero@pec.provincia.tn.it;dir.icprimiero@scuole.provincia.tn.it;segr.icprimiero@scuole.provincia.tn.it;https://www.scuoleprimiero.it;tnps100005;https://www.vivoscuola.it/content/view/full/29530;school;https://it.wikipedia.org/wiki/Primiero_San_Martino_di_Castrozza;https://www.vivoscuola.it/content/view/full/29534
315;istituto comprensivo di scuola primaria e secondaria di primiero;"scuola primaria ""b. zanetel"" s.martino di castrozza";;a carattere statale/provinciale;maria prodi;;;via laghetto - san martino di castrozza, 28 38054;primiero san martino di castrozza;043962435;0439/762466;ic.primiero@pec.provincia.tn.it;dir.icprimiero@scuole.provincia.tn.it;segr.icprimiero@scuole.provincia.tn.it;https://www.scuoleprimiero.it;tnee81006l;https://www.vivoscuola.it/content/view/full/29530;school;https://it.wikipedia.org/wiki/Primiero_San_Martino_di_Castrozza;https://www.vivoscuola.it/content/view/full/29535
316;istituto comprensivo di scuola primaria e secondaria di primiero;"scuola primaria ""card. j. bernardin"" tonadico";;a carattere statale/provinciale;maria prodi;;;via sorelle lucian - tonadico, 8 38054;primiero san martino di castrozza;043962435;0439/762466;ic.primiero@pec.provincia.tn.it;dir.icprimiero@scuole.provincia.tn.it;segr.icprimiero@scuole.provincia.tn.it;https://www.scuoleprimiero.it;tnee81007n;https://www.vivoscuola.it/content/view/full/29530;school;https://it.wikipedia.org/wiki/Primiero_San_Martino_di_Castrozza;https://www.vivoscuola.it/content/view/full/29536
317;istituto comprensivo di scuola primaria e secondaria di primiero;"scuola primaria ""f. loss"" canal san bovo";;a carattere statale/provinciale;maria prodi;;;localita lausen, 14 38050;canal san bovo;043962435;0439/762466;ic.primiero@pec.provincia.tn.it;dir.icprimiero@scuole.provincia.tn.it;segr.icprimiero@scuole.provincia.tn.it;https://www.scuoleprimiero.it;tnee81001b;https://www.vivoscuola.it/content/view/full/29530;school;https://it.wikipedia.org/wiki/Canal_San_Bovo;https://www.vivoscuola.it/content/view/full/29537
318;istituto comprensivo di scuola primaria e secondaria di primiero;scuola primaria mezzano;;a carattere statale/provinciale;maria prodi;;;via iv novembre, 13 38050;mezzano;043962435;0439/762466;ic.primiero@pec.provincia.tn.it;dir.icprimiero@scuole.provincia.tn.it;segr.icprimiero@scuole.provincia.tn.it;https://www.scuoleprimiero.it;tnee81003d;https://www.vivoscuola.it/content/view/full/29530;school;https://it.wikipedia.org/wiki/Mezzano_(comune);https://www.vivoscuola.it/content/view/full/29538
319;istituto comprensivo di scuola primaria e secondaria di primiero;"scuola secondaria di primo grado ""l. negrelli""  - fiera di primiero";;a carattere statale/provinciale;maria prodi;;;viale monte grappa - fiera di primiero, 12 38054;primiero san martino di castrozza;043962435;0439/762466;ic.primiero@pec.provincia.tn.it;dir.icprimiero@scuole.provincia.tn.it;segr.icprimiero@scuole.provincia.tn.it;https://www.scuoleprimiero.it;tnmm81002b;https://www.vivoscuola.it/content/view/full/29530;school;https://it.wikipedia.org/wiki/Primiero_San_Martino_di_Castrozza;https://www.vivoscuola.it/content/view/full/29539
320;istituto comprensivo di scuola primaria e secondaria di primiero;scuola secondaria di primo grado canal san bovo;;a carattere statale/provinciale;maria prodi;;;localita lausen, 13/z 38050;canal san bovo;043962435;0439/762466;ic.primiero@pec.provincia.tn.it;dir.icprimiero@scuole.provincia.tn.it;segr.icprimiero@scuole.provincia.tn.it;https://www.scuoleprimiero.it;tnmm81001a;https://www.vivoscuola.it/content/view/full/29530;school;https://it.wikipedia.org/wiki/Canal_San_Bovo;https://www.vivoscuola.it/content/view/full/29540
321;istituto comprensivo folgaria - lavarone - luserna;;istituzione scolastica e formativa;a carattere statale/provinciale;morena manfrin;;;piazza marconi, 85 38064;folgaria;0464721283;;ic.folgaria-lavarone@pec.provincia.tn.it;dir.rella.folgaria@scuole.provincia.tn.it;segr.rella.folgaria@scuole.provincia.tn.it;https://www.icfolgarialavaroneluserna.it;tnic804002;https://www.vivoscuola.it/content/view/full/29541;institute;https://it.wikipedia.org/wiki/Folgaria;
322;istituto comprensivo folgaria - lavarone - luserna;scuola dell'infanzia di folgaria;;a carattere statale/provinciale;morena manfrin;;;via roma, 30 38064;folgaria;0464721362;;scuolainfanzia.folgaria@scuole.provincia.tn.it;dir.rella.folgaria@scuole.provincia.tn.it;segr.rella.folgaria@scuole.provincia.tn.it;https://www.icfolgarialavaroneluserna.it;;https://www.vivoscuola.it/content/view/full/29541;school;https://it.wikipedia.org/wiki/Folgaria;https://www.vivoscuola.it/content/view/full/29546
323;istituto comprensivo folgaria - lavarone - luserna;"scuola dell'infanzia di lavarone ""casa dell'arcobaleno""";;a carattere statale/provinciale;morena manfrin;;;frazione gionghi,   38046;lavarone;0464783098;;scuolainfanzia.lavarone@scuole.provincia.tn.it;dir.rella.folgaria@scuole.provincia.tn.it;segr.rella.folgaria@scuole.provincia.tn.it;https://www.icfolgarialavaroneluserna.it;;https://www.vivoscuola.it/content/view/full/29541;school;https://it.wikipedia.org/wiki/Lavarone;https://www.vivoscuola.it/content/view/full/29547
324;istituto comprensivo folgaria - lavarone - luserna;scuola dell'infanzia di luserna;;a carattere statale/provinciale;morena manfrin;;;via mazzini - prundle, 7 38040;luserna;0464789608;;scuolainfanzia.luserna@scuole.provincia.tn.it;dir.rella.folgaria@scuole.provincia.tn.it;segr.rella.folgaria@scuole.provincia.tn.it;https://www.icfolgarialavaroneluserna.it;;https://www.vivoscuola.it/content/view/full/29541;school;https://it.wikipedia.org/wiki/Luserna;https://www.vivoscuola.it/content/view/full/29548
325;istituto comprensivo folgaria - lavarone - luserna;scuola dell'infanzia di nosellari folgaria;;a carattere statale/provinciale;morena manfrin;;;via prati, 35 38064;folgaria;0464787010;;scuolainfanzia.nosellari@scuole.provincia.tn.it;dir.rella.folgaria@scuole.provincia.tn.it;segr.rella.folgaria@scuole.provincia.tn.it;https://www.icfolgarialavaroneluserna.it;;https://www.vivoscuola.it/content/view/full/29541;school;https://it.wikipedia.org/wiki/Folgaria;https://www.vivoscuola.it/content/view/full/29549
326;istituto comprensivo folgaria - lavarone - luserna;"scuola primaria ""s. lauton"" folgaria";;a carattere statale/provinciale;morena manfrin;;;via d acquisto, 21/a 38064;folgaria;0464721283;;ic.folgaria-lavarone@pec.provincia.tn.it;dir.rella.folgaria@scuole.provincia.tn.it;segr.rella.folgaria@scuole.provincia.tn.it;https://www.icfolgarialavaroneluserna.it;tnee804025;https://www.vivoscuola.it/content/view/full/29541;school;https://it.wikipedia.org/wiki/Folgaria;https://www.vivoscuola.it/content/view/full/29542
327;istituto comprensivo folgaria - lavarone - luserna;scuola primaria lavarone;;a carattere statale/provinciale;morena manfrin;;;frazione gionghi,  107/5 38046;lavarone;0464721283;;ic.folgaria-lavarone@pec.provincia.tn.it;dir.rella.folgaria@scuole.provincia.tn.it;segr.rella.folgaria@scuole.provincia.tn.it;https://www.icfolgarialavaroneluserna.it;tnee804014;https://www.vivoscuola.it/content/view/full/29541;school;https://it.wikipedia.org/wiki/Lavarone;https://www.vivoscuola.it/content/view/full/29543
328;istituto comprensivo folgaria - lavarone - luserna;"scuola secondaria di primo grado ""g. prati"" lavarone";;a carattere statale/provinciale;morena manfrin;;;frazione gionghi, 107/6 38046;lavarone;0464721283;;ic.folgaria-lavarone@pec.provincia.tn.it;dir.rella.folgaria@scuole.provincia.tn.it;segr.rella.folgaria@scuole.provincia.tn.it;https://www.icfolgarialavaroneluserna.it;tnmm804024;https://www.vivoscuola.it/content/view/full/29541;school;https://it.wikipedia.org/wiki/Lavarone;https://www.vivoscuola.it/content/view/full/29544
329;istituto comprensivo folgaria - lavarone - luserna;"scuola secondaria di primo grado ""p. rella"" folgaria";;a carattere statale/provinciale;morena manfrin;;;piazza marconi, 85 38064;folgaria;0464721283;;ic.folgaria-lavarone@pec.provincia.tn.it;dir.rella.folgaria@scuole.provincia.tn.it;segr.rella.folgaria@scuole.provincia.tn.it;https://www.icfolgarialavaroneluserna.it;tnmm804013;https://www.vivoscuola.it/content/view/full/29541;school;https://it.wikipedia.org/wiki/Folgaria;https://www.vivoscuola.it/content/view/full/29545
330;istituto comprensivo fondo - revo';;istituzione scolastica e formativa;a carattere statale/provinciale;miriam predelli;;;via laviosa zambotti - fondo, 24 38020;borgo d'anaunia;0463831134;0463/831746;ic.fondo@pec.provincia.tn.it;dir.ic.fondo@scuole.provincia.tn.it;segr.ic.fondo@scuole.provincia.tn.it;https://www.icfondorevo.it;tnic82800e;https://www.vivoscuola.it/content/view/full/29550;institute;https://it.wikipedia.org/wiki/Borgo_d%27Anaunia;
331;istituto comprensivo fondo - revo';"scuola primaria ""c.a. martini"" revo'";;a carattere statale/provinciale;miriam predelli;;;via delle maddalene, 7 38028;novella;0463831134;0463/831746;ic.fondo@pec.provincia.tn.it;dir.ic.fondo@scuole.provincia.tn.it;segr.ic.fondo@scuole.provincia.tn.it;https://www.icfondorevo.it;tnee828091;https://www.vivoscuola.it/content/view/full/29550;school;https://it.wikipedia.org/wiki/Novella_(Italia);https://www.vivoscuola.it/content/view/full/29551
332;istituto comprensivo fondo - revo';"scuola primaria ""madre teresa di calcutta"" romeno";;a carattere statale/provinciale;miriam predelli;;;via monsignor rosati, 1 38010;romeno;0463831134;0463/831746;ic.fondo@pec.provincia.tn.it;dir.ic.fondo@scuole.provincia.tn.it;segr.ic.fondo@scuole.provincia.tn.it;https://www.icfondorevo.it;tnee82805r;https://www.vivoscuola.it/content/view/full/29550;school;https://it.wikipedia.org/wiki/Romeno_(Italia);https://www.vivoscuola.it/content/view/full/29552
333;istituto comprensivo fondo - revo';"scuola primaria ""padre a. stefenelli"" fondo";;a carattere statale/provinciale;miriam predelli;;;piazza don stefenelli - fondo, 2 38020;borgo d'anaunia;0463831134;0463/831746;ic.fondo@pec.provincia.tn.it;dir.ic.fondo@scuole.provincia.tn.it;segr.ic.fondo@scuole.provincia.tn.it;https://www.icfondorevo.it;tnee82804q;https://www.vivoscuola.it/content/view/full/29550;school;https://it.wikipedia.org/wiki/Borgo_d%27Anaunia;https://www.vivoscuola.it/content/view/full/29553
334;istituto comprensivo fondo - revo';"scuola primaria ""stefano zuech"" brez";;a carattere statale/provinciale;miriam predelli;;;via nigaiola - brez, 1 38028;novella;0463831134;0463/831746;ic.fondo@pec.provincia.tn.it;dir.ic.fondo@scuole.provincia.tn.it;segr.ic.fondo@scuole.provincia.tn.it;https://www.icfondorevo.it;tnee82808x;https://www.vivoscuola.it/content/view/full/29550;school;https://it.wikipedia.org/wiki/Novella_(Italia);https://www.vivoscuola.it/content/view/full/29554
335;istituto comprensivo fondo - revo';scuola primaria castelfondo;;a carattere statale/provinciale;miriam predelli;;;via madonna pellegrina, 5 38020;borgo d'anaunia;0463831134;0463/831746;ic.fondo@pec.provincia.tn.it;dir.ic.fondo@scuole.provincia.tn.it;segr.ic.fondo@scuole.provincia.tn.it;https://www.icfondorevo.it;tnee82801l;https://www.vivoscuola.it/content/view/full/29550;school;https://it.wikipedia.org/wiki/Borgo_d%27Anaunia;https://www.vivoscuola.it/content/view/full/29555
336;istituto comprensivo fondo - revo';scuola primaria cavareno;;a carattere statale/provinciale;miriam predelli;;;piazzale savera, 1 38011;cavareno;0463831134;0463/831746;ic.fondo@pec.provincia.tn.it;dir.ic.fondo@scuole.provincia.tn.it;segr.ic.fondo@scuole.provincia.tn.it;https://www.icfondorevo.it;tnee82802n;https://www.vivoscuola.it/content/view/full/29550;school;https://it.wikipedia.org/wiki/Cavareno;https://www.vivoscuola.it/content/view/full/29556
337;istituto comprensivo fondo - revo';scuola primaria sanzeno;;a carattere statale/provinciale;miriam predelli;;;frazione banco, 98 38010;sanzeno;0463831134;0463/831746;ic.fondo@pec.provincia.tn.it;dir.ic.fondo@scuole.provincia.tn.it;segr.ic.fondo@scuole.provincia.tn.it;https://www.icfondorevo.it;tnee828103;https://www.vivoscuola.it/content/view/full/29550;school;https://it.wikipedia.org/wiki/Sanzeno;https://www.vivoscuola.it/content/view/full/29557
338;istituto comprensivo fondo - revo';scuola primaria sarnonico;;a carattere statale/provinciale;miriam predelli;;;via manzoni, 7 38011;sarnonico;0463831134;0463/831746;ic.fondo@pec.provincia.tn.it;dir.ic.fondo@scuole.provincia.tn.it;segr.ic.fondo@scuole.provincia.tn.it;https://www.icfondorevo.it;tnee82807v;https://www.vivoscuola.it/content/view/full/29550;school;https://it.wikipedia.org/wiki/Sarnonico;https://www.vivoscuola.it/content/view/full/29558
339;istituto comprensivo fondo - revo';"scuola secondaria di primo grado ""c.a. martini"" revo'";;a carattere statale/provinciale;miriam predelli;;;via canestrini, 7 38028;novella;0463831134;0463/831746;ic.fondo@pec.provincia.tn.it;dir.ic.fondo@scuole.provincia.tn.it;segr.ic.fondo@scuole.provincia.tn.it;https://www.icfondorevo.it;tnmm82802l;https://www.vivoscuola.it/content/view/full/29550;school;https://it.wikipedia.org/wiki/Novella_(Italia);https://www.vivoscuola.it/content/view/full/29559
340;istituto comprensivo fondo - revo';"scuola secondaria di primo grado ""g. b. lampi"" fondo";;a carattere statale/provinciale;miriam predelli;;;via laviosa zambotti - fondo, 24 38020;borgo d'anaunia;0463831134;0463/831746;ic.fondo@pec.provincia.tn.it;dir.ic.fondo@scuole.provincia.tn.it;segr.ic.fondo@scuole.provincia.tn.it;https://www.icfondorevo.it;tnmm82803n;https://www.vivoscuola.it/content/view/full/29550;school;https://it.wikipedia.org/wiki/Borgo_d%27Anaunia;https://www.vivoscuola.it/content/view/full/29560
341;istituto comprensivo giudicarie esteriori;;istituzione scolastica e formativa;a carattere statale/provinciale;bruno gentilini;;;via s giovanni bosco - ponte arche - bleggio inferiore, 14 38070;comano terme;0465701472;0465/702452;ic.giudicarieesteriori@pec.provincia.tn.it;dir.ic.pontearche@scuole.provincia.tn.it;segr.ic.pontearche@scuole.provincia.tn.it;https://www.giudicariescuola.it;tnic837009;https://www.vivoscuola.it/content/view/full/29561;institute;https://it.wikipedia.org/wiki/Comano_Terme;
342;istituto comprensivo giudicarie esteriori;"scuola primaria ""g. graffer"" stenico";;a carattere statale/provinciale;bruno gentilini;;;via risorgimento, 11/a 38070;stenico;0465701472;0465/702452;ic.giudicarieesteriori@pec.provincia.tn.it;dir.ic.pontearche@scuole.provincia.tn.it;segr.ic.pontearche@scuole.provincia.tn.it;https://www.giudicariescuola.it;tnee83706l;https://www.vivoscuola.it/content/view/full/29561;school;https://it.wikipedia.org/wiki/Stenico;https://www.vivoscuola.it/content/view/full/29562
343;istituto comprensivo giudicarie esteriori;"scuola primaria ""san g. bosco"" s.lorenzo in banale";;a carattere statale/provinciale;bruno gentilini;;;via di prato - san lorenzo, 15/a 38078;san lorenzo dorsino;0465701472;0465/702452;ic.giudicarieesteriori@pec.provincia.tn.it;dir.ic.pontearche@scuole.provincia.tn.it;segr.ic.pontearche@scuole.provincia.tn.it;https://www.giudicariescuola.it;tnee83705g;https://www.vivoscuola.it/content/view/full/29561;school;https://it.wikipedia.org/wiki/San_Lorenzo_Dorsino;https://www.vivoscuola.it/content/view/full/29563
344;istituto comprensivo giudicarie esteriori;scuola primaria campo lomaso;;a carattere statale/provinciale;bruno gentilini;;;frazione campo lomaso - lomaso,  1 38070;comano terme;0465701472;0465/702452;ic.giudicarieesteriori@pec.provincia.tn.it;dir.ic.pontearche@scuole.provincia.tn.it;segr.ic.pontearche@scuole.provincia.tn.it;https://www.giudicariescuola.it;tnee83704e;https://www.vivoscuola.it/content/view/full/29561;school;https://it.wikipedia.org/wiki/Comano_Terme;https://www.vivoscuola.it/content/view/full/29564
345;istituto comprensivo giudicarie esteriori;scuola primaria fiave';;a carattere statale/provinciale;bruno gentilini;;;via de gasperi,   38075;fiavé;0465701472;0465/702452;ic.giudicarieesteriori@pec.provincia.tn.it;dir.ic.pontearche@scuole.provincia.tn.it;segr.ic.pontearche@scuole.provincia.tn.it;https://www.giudicariescuola.it;tnee83703d;https://www.vivoscuola.it/content/view/full/29561;school;https://it.wikipedia.org/wiki/Fiav%C3%A9;https://www.vivoscuola.it/content/view/full/29565
346;istituto comprensivo giudicarie esteriori;scuola primaria rango bleggio superiore;;a carattere statale/provinciale;bruno gentilini;;;frazione rango,   38071;bleggio superiore;0465701472;0465/702452;ic.giudicarieesteriori@pec.provincia.tn.it;dir.ic.pontearche@scuole.provincia.tn.it;segr.ic.pontearche@scuole.provincia.tn.it;https://www.giudicariescuola.it;tnee83702c;https://www.vivoscuola.it/content/view/full/29561;school;https://it.wikipedia.org/wiki/Bleggio_Superiore;https://www.vivoscuola.it/content/view/full/29566
347;istituto comprensivo giudicarie esteriori;"scuola secondaria di primo grado ""g. prati"" ponte arche";;a carattere statale/provinciale;bruno gentilini;;;via s giovanni bosco - ponte arche - bleggio inferiore, 14 38070;comano terme;0465701472;0465/702452;ic.giudicarieesteriori@pec.provincia.tn.it;dir.ic.pontearche@scuole.provincia.tn.it;segr.ic.pontearche@scuole.provincia.tn.it;https://www.giudicariescuola.it;tnmm83701a;https://www.vivoscuola.it/content/view/full/29561;school;https://it.wikipedia.org/wiki/Comano_Terme;https://www.vivoscuola.it/content/view/full/29567
348;istituto comprensivo isera - rovereto;;istituzione scolastica e formativa;a carattere statale/provinciale;francesca borroi;;;viale della vittoria, 43 38068;rovereto;0464431515;0464/489616;ic.isera-rovereto@pec.provincia.tn.it;dir.ic.isera_rovereto@scuole.provincia.tn.it;segr.ic.isera_rovereto@scuole.provincia.tn.it;https://www.isera-rovereto.it;tnic845008;https://www.vivoscuola.it/content/view/full/29569;institute;https://it.wikipedia.org/wiki/Rovereto;
349;istituto comprensivo isera - rovereto;"scuola primaria ""f.lli filzi"" rovereto";;a carattere statale/provinciale;francesca borroi;;;via unione, 23 38068;rovereto;0464431515;0464/489616;ic.isera-rovereto@pec.provincia.tn.it;dir.ic.isera_rovereto@scuole.provincia.tn.it;segr.ic.isera_rovereto@scuole.provincia.tn.it;https://www.isera-rovereto.it;tnee84502b;https://www.vivoscuola.it/content/view/full/29569;school;https://it.wikipedia.org/wiki/Rovereto;https://www.vivoscuola.it/content/view/full/29570
350;istituto comprensivo isera - rovereto;"scuola primaria ""r. levi montalcini"" isera";;a carattere statale/provinciale;francesca borroi;;;viale provinciale,   38060;isera;0464431515;0464/489616;ic.isera-rovereto@pec.provincia.tn.it;dir.ic.isera_rovereto@scuole.provincia.tn.it;segr.ic.isera_rovereto@scuole.provincia.tn.it;https://www.isera-rovereto.it;tnee84501a;https://www.vivoscuola.it/content/view/full/29569;school;https://it.wikipedia.org/wiki/Isera;https://www.vivoscuola.it/content/view/full/29571
351;istituto comprensivo isera - rovereto;"scuola secondaria di primo grado ""a. degasperi"" rovereto";;a carattere statale/provinciale;francesca borroi;;;viale della vittoria, 43 38068;rovereto;0464431515;0464/489616;ic.isera-rovereto@pec.provincia.tn.it;dir.ic.isera_rovereto@scuole.provincia.tn.it;segr.ic.isera_rovereto@scuole.provincia.tn.it;https://www.isera-rovereto.it;tnmm845019;https://www.vivoscuola.it/content/view/full/29569;school;https://it.wikipedia.org/wiki/Rovereto;https://www.vivoscuola.it/content/view/full/29572
352;istituto comprensivo lavis;;istituzione scolastica e formativa;a carattere statale/provinciale;francesca lasaracina;;;via sette, 13 38015;lavis;0461246535;0461/242955;ic.lavis@pec.provincia.tn.it;dir.ic.lavis@scuole.provincia.tn.it;segr.ic.lavis@scuole.provincia.tn.it;https://www.iclavis.it;tnic825003;https://www.vivoscuola.it/content/view/full/29573;institute;https://it.wikipedia.org/wiki/Lavis;
353;istituto comprensivo lavis;"scuola primaria ""a. frank"" zambana";;a carattere statale/provinciale;francesca lasaracina;;;piazza ss filippo e giacomo, 1 38010;terre d'adige;0461246535;0461/242955;ic.lavis@pec.provincia.tn.it;dir.ic.lavis@scuole.provincia.tn.it;segr.ic.lavis@scuole.provincia.tn.it;https://www.iclavis.it;tnee825037;https://www.vivoscuola.it/content/view/full/29573;school;https://it.wikipedia.org/wiki/Terre_d%27Adige;https://www.vivoscuola.it/content/view/full/29574
354;istituto comprensivo lavis;"scuola primaria ""don g. grazioli"" lavis";;a carattere statale/provinciale;francesca lasaracina;;;via degasperi, 18 38015;lavis;0461246535;0461/242955;ic.lavis@pec.provincia.tn.it;dir.ic.lavis@scuole.provincia.tn.it;segr.ic.lavis@scuole.provincia.tn.it;https://www.iclavis.it;tnee825015;https://www.vivoscuola.it/content/view/full/29573;school;https://it.wikipedia.org/wiki/Lavis;https://www.vivoscuola.it/content/view/full/29575
355;istituto comprensivo lavis;scuola primaria pressano lavis;;a carattere statale/provinciale;francesca lasaracina;;;via pilati, 31 38015;lavis;0461246535;0461/242955;ic.lavis@pec.provincia.tn.it;dir.ic.lavis@scuole.provincia.tn.it;segr.ic.lavis@scuole.provincia.tn.it;https://www.iclavis.it;tnee825026;https://www.vivoscuola.it/content/view/full/29573;school;https://it.wikipedia.org/wiki/Lavis;https://www.vivoscuola.it/content/view/full/29576
356;istituto comprensivo lavis;"scuola secondaria di primo grado ""a. stainer"" lavis";;a carattere statale/provinciale;francesca lasaracina;;;via sette, 13/a 38015;lavis;0461246535;0461/242955;ic.lavis@pec.provincia.tn.it;dir.ic.lavis@scuole.provincia.tn.it;segr.ic.lavis@scuole.provincia.tn.it;https://www.iclavis.it;tnmm825014;https://www.vivoscuola.it/content/view/full/29573;school;https://it.wikipedia.org/wiki/Lavis;https://www.vivoscuola.it/content/view/full/29577
357;istituto comprensivo levico terme;;istituzione scolastica e formativa;a carattere statale/provinciale;ezio montibeller;;;via della pace, 5 38056;levico terme;0461706146;0461/706099;ic.levicoterme@pec.provincia.tn.it;dir.ic.levico@scuole.provincia.tn.it;segr.ic.levico@scuole.provincia.tn.it;https://www.iclevico.eu;tnic81800x;https://www.vivoscuola.it/content/view/full/29578;institute;https://it.wikipedia.org/wiki/Levico_Terme;
358;istituto comprensivo levico terme;"scuola primaria ""c. chiesa"" caldonazzo";;a carattere statale/provinciale;ezio montibeller;;;via asilo, 3 38052;caldonazzo;0461706146;0461/706099;ic.levicoterme@pec.provincia.tn.it;dir.ic.levico@scuole.provincia.tn.it;segr.ic.levico@scuole.provincia.tn.it;https://www.iclevico.eu;tnee818023;https://www.vivoscuola.it/content/view/full/29578;school;https://it.wikipedia.org/wiki/Caldonazzo;https://www.vivoscuola.it/content/view/full/29579
359;istituto comprensivo levico terme;"scuola primaria ""g. rosanelli"" tenna";;a carattere statale/provinciale;ezio montibeller;;;via albere, 2 38050;tenna;0461706146;0461/706099;ic.levicoterme@pec.provincia.tn.it;dir.ic.levico@scuole.provincia.tn.it;segr.ic.levico@scuole.provincia.tn.it;https://www.iclevico.eu;tnee818045;https://www.vivoscuola.it/content/view/full/29578;school;https://it.wikipedia.org/wiki/Tenna_(comune);https://www.vivoscuola.it/content/view/full/29580
360;istituto comprensivo levico terme;"scuola primaria ""padre b. martinelli"" calceranica al lago";;a carattere statale/provinciale;ezio montibeller;;;via della scuola, 2 38050;calceranica al lago;0461706146;0461/706099;ic.levicoterme@pec.provincia.tn.it;dir.ic.levico@scuole.provincia.tn.it;segr.ic.levico@scuole.provincia.tn.it;https://www.iclevico.eu;tnee818012;https://www.vivoscuola.it/content/view/full/29578;school;https://it.wikipedia.org/wiki/Calceranica_al_Lago;https://www.vivoscuola.it/content/view/full/29581
361;istituto comprensivo levico terme;scuola primaria levico terme;;a carattere statale/provinciale;ezio montibeller;;;via della pace, 5 38056;levico terme;0461706146;0461/706099;ic.levicoterme@pec.provincia.tn.it;dir.ic.levico@scuole.provincia.tn.it;segr.ic.levico@scuole.provincia.tn.it;https://www.iclevico.eu;tnee818034;https://www.vivoscuola.it/content/view/full/29578;school;https://it.wikipedia.org/wiki/Levico_Terme;https://www.vivoscuola.it/content/view/full/29582
362;istituto comprensivo levico terme;"scuola secondaria di primo grado ""g. b. de gasparis"" levico terme";;a carattere statale/provinciale;ezio montibeller;;;via della pace, 5 38056;levico terme;0461706146;0461/706099;ic.levicoterme@pec.provincia.tn.it;dir.ic.levico@scuole.provincia.tn.it;segr.ic.levico@scuole.provincia.tn.it;https://www.iclevico.eu;tnmm818011;https://www.vivoscuola.it/content/view/full/29578;school;https://it.wikipedia.org/wiki/Levico_Terme;https://www.vivoscuola.it/content/view/full/29583
363;istituto comprensivo mezzocorona;;istituzione scolastica e formativa;a carattere statale/provinciale;paola sigmund;;;via fornai, 1 38016;mezzocorona;0461605409;0461/605142;ic.mezzocorona@pec.provincia.tn.it;dir.ic.mezzocorona@scuole.provincia.tn.it;segr.ic.mezzocorona@scuole.provincia.tn.it;https://www.icmezzocorona.it;tnic82300b;https://www.vivoscuola.it/content/view/full/29584;institute;https://it.wikipedia.org/wiki/Mezzocorona;
364;istituto comprensivo mezzocorona;"scuola primaria ""a. degasperi"" mezzocorona";;a carattere statale/provinciale;paola sigmund;;;via dante, 9 38016;mezzocorona;0461605409;0461/605142;ic.mezzocorona@pec.provincia.tn.it;dir.ic.mezzocorona@scuole.provincia.tn.it;segr.ic.mezzocorona@scuole.provincia.tn.it;https://www.icmezzocorona.it;tnee82304l;https://www.vivoscuola.it/content/view/full/29584;school;https://it.wikipedia.org/wiki/Mezzocorona;https://www.vivoscuola.it/content/view/full/29585
365;istituto comprensivo mezzocorona;"scuola primaria ""f. biasi"" s.michele all'adige";;a carattere statale/provinciale;paola sigmund;;;via biasi, 1 38010;san michele all'adige;0461605409;0461/605142;ic.mezzocorona@pec.provincia.tn.it;dir.ic.mezzocorona@scuole.provincia.tn.it;segr.ic.mezzocorona@scuole.provincia.tn.it;https://www.icmezzocorona.it;tnee82302e;https://www.vivoscuola.it/content/view/full/29584;school;https://it.wikipedia.org/wiki/San_Michele_all%27Adige;https://www.vivoscuola.it/content/view/full/29586
366;istituto comprensivo mezzocorona;"scuola primaria ""f.lli bronzetti"" rovere' della luna";;a carattere statale/provinciale;paola sigmund;;;via rosmini, 5/a 38030;roveré della luna;0461605409;0461/605142;ic.mezzocorona@pec.provincia.tn.it;dir.ic.mezzocorona@scuole.provincia.tn.it;segr.ic.mezzocorona@scuole.provincia.tn.it;https://www.icmezzocorona.it;tnee82305n;https://www.vivoscuola.it/content/view/full/29584;school;https://it.wikipedia.org/wiki/Rover%C3%A9_della_Luna;https://www.vivoscuola.it/content/view/full/29587
367;istituto comprensivo mezzocorona;scuola primaria grumo;;a carattere statale/provinciale;paola sigmund;;;via marconi, 65 38010;san michele all'adige;0461605409;0461/605142;ic.mezzocorona@pec.provincia.tn.it;dir.ic.mezzocorona@scuole.provincia.tn.it;segr.ic.mezzocorona@scuole.provincia.tn.it;https://www.icmezzocorona.it;tnee82301d;https://www.vivoscuola.it/content/view/full/29584;school;https://it.wikipedia.org/wiki/San_Michele_all%27Adige;https://www.vivoscuola.it/content/view/full/29588
368;istituto comprensivo mezzocorona;"scuola secondaria di primo grado ""e. chini"" mezzocorona";;a carattere statale/provinciale;paola sigmund;;;via dante, 9 38016;mezzocorona;0461605409;0461/605142;ic.mezzocorona@pec.provincia.tn.it;dir.ic.mezzocorona@scuole.provincia.tn.it;segr.ic.mezzocorona@scuole.provincia.tn.it;https://www.icmezzocorona.it;tnmm82301c;https://www.vivoscuola.it/content/view/full/29584;school;https://it.wikipedia.org/wiki/Mezzocorona;https://www.vivoscuola.it/content/view/full/29589
369;istituto comprensivo mezzolombardo - paganella;;istituzione scolastica e formativa;a carattere statale/provinciale;cinzia casna;;;via degli alpini, 17 38017;mezzolombardo;0461601125;0461/601125;ic.mezzolombardo@pec.provincia.tn.it;dir.ic.mezzolombardo@scuole.provincia.tn.it;segr.ic.mezzolombardo@scuole.provincia.tn.it;https://icmezzolombardopaganella.edu.it;tnic824007;https://www.vivoscuola.it/content/view/full/29590;institute;https://it.wikipedia.org/wiki/Mezzolombardo;
370;istituto comprensivo mezzolombardo - paganella;"scuola primaria ""c. darwin"" mezzolombardo";;a carattere statale/provinciale;cinzia casna;;;via filos, 3 38017;mezzolombardo;0461601125;0461/601125;ic.mezzolombardo@pec.provincia.tn.it;dir.ic.mezzolombardo@scuole.provincia.tn.it;segr.ic.mezzolombardo@scuole.provincia.tn.it;https://icmezzolombardopaganella.edu.it;tnee824019;https://www.vivoscuola.it/content/view/full/29590;school;https://it.wikipedia.org/wiki/Mezzolombardo;https://www.vivoscuola.it/content/view/full/29591
371;istituto comprensivo mezzolombardo - paganella;"scuola primaria ""don l. rossi"" fai della paganella";;a carattere statale/provinciale;cinzia casna;;;via villa, 21 38010;fai della paganella;0461601125;0461/601125;ic.mezzolombardo@pec.provincia.tn.it;dir.ic.mezzolombardo@scuole.provincia.tn.it;segr.ic.mezzolombardo@scuole.provincia.tn.it;https://icmezzolombardopaganella.edu.it;tnee82405d;https://www.vivoscuola.it/content/view/full/29590;school;https://it.wikipedia.org/wiki/Fai_della_Paganella;https://www.vivoscuola.it/content/view/full/29592
372;istituto comprensivo mezzolombardo - paganella;"scuola primaria ""l. nicolussi"" molveno";;a carattere statale/provinciale;cinzia casna;;;piazza scuole, 2 38018;molveno;0461601125;0461/601125;ic.mezzolombardo@pec.provincia.tn.it;dir.ic.mezzolombardo@scuole.provincia.tn.it;segr.ic.mezzolombardo@scuole.provincia.tn.it;https://icmezzolombardopaganella.edu.it;tnee82407g;https://www.vivoscuola.it/content/view/full/29590;school;https://it.wikipedia.org/wiki/Molveno;https://www.vivoscuola.it/content/view/full/29593
373;istituto comprensivo mezzolombardo - paganella;"scuola primaria ""san g. bosco"" spormaggiore";;a carattere statale/provinciale;cinzia casna;;;via alt spaur, 5 38010;spormaggiore;0461601125;0461/601125;ic.mezzolombardo@pec.provincia.tn.it;dir.ic.mezzolombardo@scuole.provincia.tn.it;segr.ic.mezzolombardo@scuole.provincia.tn.it;https://icmezzolombardopaganella.edu.it;tnee82408l;https://www.vivoscuola.it/content/view/full/29590;school;https://it.wikipedia.org/wiki/Spormaggiore;https://www.vivoscuola.it/content/view/full/29594
374;istituto comprensivo mezzolombardo - paganella;scuola primaria andalo;;a carattere statale/provinciale;cinzia casna;;;piazza s vito, 1 38010;andalo;0461601125;0461/601125;ic.mezzolombardo@pec.provincia.tn.it;dir.ic.mezzolombardo@scuole.provincia.tn.it;segr.ic.mezzolombardo@scuole.provincia.tn.it;https://icmezzolombardopaganella.edu.it;tnee82406e;https://www.vivoscuola.it/content/view/full/29590;school;https://it.wikipedia.org/wiki/Andalo;https://www.vivoscuola.it/content/view/full/29595
375;istituto comprensivo mezzolombardo - paganella;scuola primaria nave san rocco;;a carattere statale/provinciale;cinzia casna;;;piazza s rocco, 15 38010;terre d'adige;0461601125;0461/601125;ic.mezzolombardo@pec.provincia.tn.it;dir.ic.mezzolombardo@scuole.provincia.tn.it;segr.ic.mezzolombardo@scuole.provincia.tn.it;https://icmezzolombardopaganella.edu.it;tnee82403b;https://www.vivoscuola.it/content/view/full/29590;school;https://it.wikipedia.org/wiki/Terre_d%27Adige;https://www.vivoscuola.it/content/view/full/29596
376;istituto comprensivo mezzolombardo - paganella;"scuola secondaria di primo grado ""a. eccher dall'eco"" mezzolombardo";;a carattere statale/provinciale;cinzia casna;;;via degli alpini, 17 38017;mezzolombardo;0461601125;0461/601125;ic.mezzolombardo@pec.provincia.tn.it;dir.ic.mezzolombardo@scuole.provincia.tn.it;segr.ic.mezzolombardo@scuole.provincia.tn.it;https://icmezzolombardopaganella.edu.it;tnmm824018;https://www.vivoscuola.it/content/view/full/29590;school;https://it.wikipedia.org/wiki/Mezzolombardo;https://www.vivoscuola.it/content/view/full/29597
377;istituto comprensivo mezzolombardo - paganella;"scuola secondaria di primo grado ""c. battisti"" andalo";;a carattere statale/provinciale;cinzia casna;;;piazza s vito, 1 38010;andalo;0461601125;0461/601125;ic.mezzolombardo@pec.provincia.tn.it;dir.ic.mezzolombardo@scuole.provincia.tn.it;segr.ic.mezzolombardo@scuole.provincia.tn.it;https://icmezzolombardopaganella.edu.it;tnmm82403a;https://www.vivoscuola.it/content/view/full/29590;school;https://it.wikipedia.org/wiki/Andalo;https://www.vivoscuola.it/content/view/full/29598
378;istituto comprensivo mezzolombardo - paganella;scuola secondaria di primo grado spormaggiore;;a carattere statale/provinciale;cinzia casna;;;via alt spaur, 5 38010;spormaggiore;0461601125;0461/601125;ic.mezzolombardo@pec.provincia.tn.it;dir.ic.mezzolombardo@scuole.provincia.tn.it;segr.ic.mezzolombardo@scuole.provincia.tn.it;https://icmezzolombardopaganella.edu.it;tnmm82404b;https://www.vivoscuola.it/content/view/full/29590;school;https://it.wikipedia.org/wiki/Spormaggiore;https://www.vivoscuola.it/content/view/full/29599
379;istituto comprensivo mori;;istituzione scolastica e formativa;a carattere statale/provinciale;massimiliano latino;;;via giovanni xxiii, 64 38065;mori;0464918669;;ic.mori@pec.provincia.tn.it;dir.ic.mori@scuole.provincia.tn.it;segr.ic.mori@scuole.provincia.tn.it;https://www.icmori.it/;tnic84900g;https://www.vivoscuola.it/content/view/full/29600;institute;https://it.wikipedia.org/wiki/Mori_(Italia);
380;istituto comprensivo mori;scuola primaria mori;;a carattere statale/provinciale;massimiliano latino;;;via scuole, 21 38065;mori;0464918669;;ic.mori@pec.provincia.tn.it;dir.ic.mori@scuole.provincia.tn.it;segr.ic.mori@scuole.provincia.tn.it;https://www.icmori.it/;tnee84901n;https://www.vivoscuola.it/content/view/full/29600;school;https://it.wikipedia.org/wiki/Mori_(Italia);https://www.vivoscuola.it/content/view/full/29602
381;istituto comprensivo mori;scuola primaria ronzo chienis;;a carattere statale/provinciale;massimiliano latino;;;via del car, 38 38060;ronzo-chienis;0464918669;;ic.mori@pec.provincia.tn.it;dir.ic.mori@scuole.provincia.tn.it;segr.ic.mori@scuole.provincia.tn.it;https://www.icmori.it/;tnee84903q;https://www.vivoscuola.it/content/view/full/29600;school;https://it.wikipedia.org/wiki/Ronzo-Chienis;https://www.vivoscuola.it/content/view/full/29603
382;istituto comprensivo mori;"scuola secondaria di primo grado ""b. malfatti"" mori";;a carattere statale/provinciale;massimiliano latino;;;via giovanni xxiii, 64 38065;mori;0464918669;;ic.mori@pec.provincia.tn.it;dir.ic.mori@scuole.provincia.tn.it;segr.ic.mori@scuole.provincia.tn.it;https://www.icmori.it/;tnmm84901l;https://www.vivoscuola.it/content/view/full/29600;school;https://it.wikipedia.org/wiki/Mori_(Italia);https://www.vivoscuola.it/content/view/full/29604
383;istituto comprensivo pergine 1;;istituzione scolastica e formativa;a carattere statale/provinciale;daniela fruet;;;via monte cristallo, 2 38057;pergine valsugana;0461532261;0461/533167;ic.pergine1@pec.provincia.tn.it;dir.ic.pergine1@scuole.provincia.tn.it;segr.ic.pergine1@scuole.provincia.tn.it;https://www.icpergine1.it/;tnic81400l;https://www.vivoscuola.it/content/view/full/29606;institute;https://it.wikipedia.org/wiki/Pergine_Valsugana;
384;istituto comprensivo pergine 1;"scuola primaria ""don l. milani"" pergine valsugana";;a carattere statale/provinciale;daniela fruet;;;via monte cristallo, 2 38057;pergine valsugana;0461532261;0461/533167;ic.pergine1@pec.provincia.tn.it;dir.ic.pergine1@scuole.provincia.tn.it;segr.ic.pergine1@scuole.provincia.tn.it;https://www.icpergine1.it/;tnee81402q;https://www.vivoscuola.it/content/view/full/29606;school;https://it.wikipedia.org/wiki/Pergine_Valsugana;https://www.vivoscuola.it/content/view/full/29607
385;istituto comprensivo pergine 1;scuola primaria canezza;;a carattere statale/provinciale;daniela fruet;;;via delle scuole, 4 38057;pergine valsugana;0461532261;0461/533167;ic.pergine1@pec.provincia.tn.it;dir.ic.pergine1@scuole.provincia.tn.it;segr.ic.pergine1@scuole.provincia.tn.it;https://www.icpergine1.it/;tnee81403r;https://www.vivoscuola.it/content/view/full/29606;school;https://it.wikipedia.org/wiki/Pergine_Valsugana;https://www.vivoscuola.it/content/view/full/29608
386;istituto comprensivo pergine 1;scuola primaria s.felice fierozzo;;a carattere statale/provinciale;daniela fruet;;;maso ronca, 1 38050;fierozzo;0461532261;0461/533167;ic.pergine1@pec.provincia.tn.it;dir.ic.pergine1@scuole.provincia.tn.it;segr.ic.pergine1@scuole.provincia.tn.it;https://www.icpergine1.it/;tnee81401p;https://www.vivoscuola.it/content/view/full/29606;school;https://it.wikipedia.org/wiki/Fierozzo;https://www.vivoscuola.it/content/view/full/29609
387;istituto comprensivo pergine 1;scuola primaria sant'orsola;;a carattere statale/provinciale;daniela fruet;;;localita pintarei, 21 38050;sant'orsola terme;0461532261;0461/533167;ic.pergine1@pec.provincia.tn.it;dir.ic.pergine1@scuole.provincia.tn.it;segr.ic.pergine1@scuole.provincia.tn.it;https://www.icpergine1.it/;tnee81406x;https://www.vivoscuola.it/content/view/full/29606;school;https://it.wikipedia.org/wiki/Sant%27Orsola_Terme;https://www.vivoscuola.it/content/view/full/29610
388;istituto comprensivo pergine 1;scuola primaria zivignago;;a carattere statale/provinciale;daniela fruet;;;via dei spiazzi, 3 38057;pergine valsugana;0461532261;0461/533167;ic.pergine1@pec.provincia.tn.it;dir.ic.pergine1@scuole.provincia.tn.it;segr.ic.pergine1@scuole.provincia.tn.it;https://www.icpergine1.it/;tnee814071;https://www.vivoscuola.it/content/view/full/29606;school;https://it.wikipedia.org/wiki/Pergine_Valsugana;https://www.vivoscuola.it/content/view/full/29611
389;istituto comprensivo pergine 1;"scuola secondaria di primo grado ""c. andreatta"" pergine valsugana";;a carattere statale/provinciale;daniela fruet;;;via caduti, 39 38057;pergine valsugana;0461532261;0461/533167;ic.pergine1@pec.provincia.tn.it;dir.ic.pergine1@scuole.provincia.tn.it;segr.ic.pergine1@scuole.provincia.tn.it;https://www.icpergine1.it/;tnmm81401n;https://www.vivoscuola.it/content/view/full/29606;school;https://it.wikipedia.org/wiki/Pergine_Valsugana;https://www.vivoscuola.it/content/view/full/29612
390;"istituto comprensivo pergine 2 ""c. freinet""";;istituzione scolastica e formativa;a carattere statale/provinciale;stefano morelato;;;via amstetten, 4 38057;pergine valsugana;0461512312;0461/530043;ic.pergine2@pec.provincia.tn.it;dir.freinet@scuole.provincia.tn.it;segr.freinet@scuole.provincia.tn.it;https://www.icpergine2.it;tnic81500c;https://www.vivoscuola.it/content/view/full/29613;institute;https://it.wikipedia.org/wiki/Pergine_Valsugana;
391;"istituto comprensivo pergine 2 ""c. freinet""";"scuola primaria ""g. rodari"" pergine valsugana";;a carattere statale/provinciale;stefano morelato;;;via chimelli, 10 38057;pergine valsugana;0461512312;0461/530043;ic.pergine2@pec.provincia.tn.it;dir.freinet@scuole.provincia.tn.it;segr.freinet@scuole.provincia.tn.it;https://www.icpergine2.it;tnee81501e;https://www.vivoscuola.it/content/view/full/29613;school;https://it.wikipedia.org/wiki/Pergine_Valsugana;https://www.vivoscuola.it/content/view/full/29614
392;"istituto comprensivo pergine 2 ""c. freinet""";scuola primaria canale;;a carattere statale/provinciale;stefano morelato;;;viale delle nazioni unite, 44 38057;pergine valsugana;0461512312;0461/530043;ic.pergine2@pec.provincia.tn.it;dir.freinet@scuole.provincia.tn.it;segr.freinet@scuole.provincia.tn.it;https://www.icpergine2.it;tnee81502g;https://www.vivoscuola.it/content/view/full/29613;school;https://it.wikipedia.org/wiki/Pergine_Valsugana;https://www.vivoscuola.it/content/view/full/29615
393;"istituto comprensivo pergine 2 ""c. freinet""";scuola primaria madrano;;a carattere statale/provinciale;stefano morelato;;;via d oltrefersina, 149 38057;pergine valsugana;0461512312;0461/530043;ic.pergine2@pec.provincia.tn.it;dir.freinet@scuole.provincia.tn.it;segr.freinet@scuole.provincia.tn.it;https://www.icpergine2.it;tnee81504n;https://www.vivoscuola.it/content/view/full/29613;school;https://it.wikipedia.org/wiki/Pergine_Valsugana;https://www.vivoscuola.it/content/view/full/29616
394;"istituto comprensivo pergine 2 ""c. freinet""";scuola primaria susa';;a carattere statale/provinciale;stefano morelato;;;via don sopperra, 61 38057;pergine valsugana;0461512312;0461/530043;ic.pergine2@pec.provincia.tn.it;dir.freinet@scuole.provincia.tn.it;segr.freinet@scuole.provincia.tn.it;https://www.icpergine2.it;tnee81503l;https://www.vivoscuola.it/content/view/full/29613;school;https://it.wikipedia.org/wiki/Pergine_Valsugana;https://www.vivoscuola.it/content/view/full/29617
395;"istituto comprensivo pergine 2 ""c. freinet""";"scuola secondaria di primo grado ""t. garbari"" pergine valsugana";;a carattere statale/provinciale;stefano morelato;;;via amstetten, 4 38057;pergine valsugana;0461512312;0461/530043;ic.pergine2@pec.provincia.tn.it;dir.freinet@scuole.provincia.tn.it;segr.freinet@scuole.provincia.tn.it;https://www.icpergine2.it;tnmm81501d;https://www.vivoscuola.it/content/view/full/29613;school;https://it.wikipedia.org/wiki/Pergine_Valsugana;https://www.vivoscuola.it/content/view/full/29618
396;istituto comprensivo predazzo tesero panchia' ziano;;istituzione scolastica e formativa;a carattere statale/provinciale;marco felicetti;;;corso degasperi, 8 38037;predazzo;0462501131;0462/500023;ic.predazzo@pec.provincia.tn.it;dir.ic.predazzo@scuole.provincia.tn.it;segr.ic.predazzo@scuole.provincia.tn.it;https://www.ic-predazzotesero.it;tnic808009;https://www.vivoscuola.it/content/view/full/29619;institute;https://it.wikipedia.org/wiki/Predazzo;
397;istituto comprensivo predazzo tesero panchia' ziano;"scuola primaria ""g. manega"" tesero";;a carattere statale/provinciale;marco felicetti;;;via fia, 11/a 38038;tesero;0462813197;0462/500023;ic.predazzo@pec.provincia.tn.it;dir.ic.predazzo@scuole.provincia.tn.it;segr.ic.predazzo@scuole.provincia.tn.it;https://www.ic-predazzotesero.it;tnee80804e;https://www.vivoscuola.it/content/view/full/29619;school;https://it.wikipedia.org/wiki/Tesero;https://www.vivoscuola.it/content/view/full/29620
398;istituto comprensivo predazzo tesero panchia' ziano;"scuola primaria ""i. masia"" ziano di fiemme";;a carattere statale/provinciale;marco felicetti;;;piazza italia, 4 38030;ziano di fiemme;0462571163;0462/500023;ic.predazzo@pec.provincia.tn.it;dir.ic.predazzo@scuole.provincia.tn.it;segr.ic.predazzo@scuole.provincia.tn.it;https://www.ic-predazzotesero.it;tnee80802c;https://www.vivoscuola.it/content/view/full/29619;school;https://it.wikipedia.org/wiki/Ziano_di_Fiemme;https://www.vivoscuola.it/content/view/full/29621
399;istituto comprensivo predazzo tesero panchia' ziano;"scuola primaria ""m. morandini degasperi"" predazzo";;a carattere statale/provinciale;marco felicetti;;;corso degasperi, 8 38037;predazzo;0462501131;0462/500023;ic.predazzo@pec.provincia.tn.it;dir.ic.predazzo@scuole.provincia.tn.it;segr.ic.predazzo@scuole.provincia.tn.it;https://www.ic-predazzotesero.it;tnee80801b;https://www.vivoscuola.it/content/view/full/29619;school;https://it.wikipedia.org/wiki/Predazzo;https://www.vivoscuola.it/content/view/full/29622
400;istituto comprensivo predazzo tesero panchia' ziano;"scuola secondaria di primo grado ""g. alberti"" tesero";;a carattere statale/provinciale;marco felicetti;;;via fia, 11/a 38038;tesero;0462501131;0462/500023;ic.predazzo@pec.provincia.tn.it;dir.ic.predazzo@scuole.provincia.tn.it;segr.ic.predazzo@scuole.provincia.tn.it;https://www.ic-predazzotesero.it;tnmm80802b;https://www.vivoscuola.it/content/view/full/29619;school;https://it.wikipedia.org/wiki/Tesero;https://www.vivoscuola.it/content/view/full/29623
401;istituto comprensivo predazzo tesero panchia' ziano;"scuola secondaria di primo grado ""marzari pencati"" predazzo";;a carattere statale/provinciale;marco felicetti;;;via vardabasso, 3 38037;predazzo;0462501131;0462/500023;ic.predazzo@pec.provincia.tn.it;dir.ic.predazzo@scuole.provincia.tn.it;segr.ic.predazzo@scuole.provincia.tn.it;https://www.ic-predazzotesero.it;tnmm80801a;https://www.vivoscuola.it/content/view/full/29619;school;https://it.wikipedia.org/wiki/Predazzo;https://www.vivoscuola.it/content/view/full/29624
402;istituto comprensivo riva 1;;istituzione scolastica e formativa;a carattere statale/provinciale;paola bortolotti;;;viale damiano chiesa, 10 38066;riva del garda;0464553088;0464/553088;riva1@pec.provincia.tn.it;dir.riva1@scuole.provincia.tn.it;segr.riva1@scuole.provincia.tn.it;https://www.riva1.it;tnic841001;https://www.vivoscuola.it/content/view/full/29625;institute;https://it.wikipedia.org/wiki/Riva_del_Garda;
403;istituto comprensivo riva 1;"scuola primaria ""n. pernici"" riva del garda";;a carattere statale/provinciale;paola bortolotti;;;viale pernici, 21 38066;riva del garda;0464553088;0464/553088;riva1@pec.provincia.tn.it;dir.riva1@scuole.provincia.tn.it;segr.riva1@scuole.provincia.tn.it;https://www.riva1.it;tnee841013;https://www.vivoscuola.it/content/view/full/29625;school;https://it.wikipedia.org/wiki/Riva_del_Garda;https://www.vivoscuola.it/content/view/full/29626
404;istituto comprensivo riva 1;scuola primaria nago torbole;;a carattere statale/provinciale;paola bortolotti;;;via de bonetti,   38069;nago-torbole;0464553088;0464/553088;riva1@pec.provincia.tn.it;dir.riva1@scuole.provincia.tn.it;segr.riva1@scuole.provincia.tn.it;https://www.riva1.it;tnee841035;https://www.vivoscuola.it/content/view/full/29625;school;https://it.wikipedia.org/wiki/Nago-Torbole;https://www.vivoscuola.it/content/view/full/29627
405;istituto comprensivo riva 1;scuola primaria s. alessandro riva del garda;;a carattere statale/provinciale;paola bortolotti;;;via s alessandro, 11 38066;riva del garda;0464553088;0464/553088;riva1@pec.provincia.tn.it;dir.riva1@scuole.provincia.tn.it;segr.riva1@scuole.provincia.tn.it;https://www.riva1.it;tnee841057;https://www.vivoscuola.it/content/view/full/29625;school;https://it.wikipedia.org/wiki/Riva_del_Garda;https://www.vivoscuola.it/content/view/full/29628
406;istituto comprensivo riva 1;"scuola secondaria di primo grado ""d. chiesa"" riva del garda";;a carattere statale/provinciale;paola bortolotti;;;viale damiano chiesa, 10 38066;riva del garda;0464553088;0464/553088;riva1@pec.provincia.tn.it;dir.riva1@scuole.provincia.tn.it;segr.riva1@scuole.provincia.tn.it;https://www.riva1.it;tnmm841012;https://www.vivoscuola.it/content/view/full/29625;school;https://it.wikipedia.org/wiki/Riva_del_Garda;https://www.vivoscuola.it/content/view/full/29630
407;"istituto comprensivo riva 2 ""l. pizzini""";;istituzione scolastica e formativa;a carattere statale/provinciale;maurizio caproni;;;piazza contini, 8 38066;riva del garda;0464552170;0464/520789;ic.riva2@pec.provincia.tn.it;dir.ic.riva2@scuole.provincia.tn.it;segr.ic.riva2@scuole.provincia.tn.it;https://www.riva2.it;tnic84200r;https://www.vivoscuola.it/content/view/full/29631;institute;https://it.wikipedia.org/wiki/Riva_del_Garda;
408;"istituto comprensivo riva 2 ""l. pizzini""";"scuola primaria ""a. zadra"" rione degasperi riva del garda";;a carattere statale/provinciale;maurizio caproni;;;largo caduti delle foibe, 3 38066;riva del garda;0464552170;0464/520789;ic.riva2@pec.provincia.tn.it;dir.ic.riva2@scuole.provincia.tn.it;segr.ic.riva2@scuole.provincia.tn.it;https://www.riva2.it;tnee84201v;https://www.vivoscuola.it/content/view/full/29631;school;https://it.wikipedia.org/wiki/Riva_del_Garda;https://www.vivoscuola.it/content/view/full/29632
409;"istituto comprensivo riva 2 ""l. pizzini""";"scuola primaria ""g. fedrigoni"" varone riva del garda";;a carattere statale/provinciale;maurizio caproni;;;piazza della chiesa, 13 38066;riva del garda;0464552170;0464/520789;ic.riva2@pec.provincia.tn.it;dir.ic.riva2@scuole.provincia.tn.it;segr.ic.riva2@scuole.provincia.tn.it;https://www.riva2.it;tnee842031;https://www.vivoscuola.it/content/view/full/29631;school;https://it.wikipedia.org/wiki/Riva_del_Garda;https://www.vivoscuola.it/content/view/full/29633
410;"istituto comprensivo riva 2 ""l. pizzini""";"scuola primaria ""o. lucchi"" tenno";;a carattere statale/provinciale;maurizio caproni;;;via dei laghi, 47 38060;tenno;0464552170;0464/520789;ic.riva2@pec.provincia.tn.it;dir.ic.riva2@scuole.provincia.tn.it;segr.ic.riva2@scuole.provincia.tn.it;https://www.riva2.it;tnee84202x;https://www.vivoscuola.it/content/view/full/29631;school;https://it.wikipedia.org/wiki/Tenno;https://www.vivoscuola.it/content/view/full/29634
411;"istituto comprensivo riva 2 ""l. pizzini""";"scuola secondaria di primo grado ""s. sighele"" riva del garda";;a carattere statale/provinciale;maurizio caproni;;;piazza contini, 8 38066;riva del garda;0464552170;0464/520789;ic.riva2@pec.provincia.tn.it;dir.ic.riva2@scuole.provincia.tn.it;segr.ic.riva2@scuole.provincia.tn.it;https://www.riva2.it;tnmm84201t;https://www.vivoscuola.it/content/view/full/29631;school;https://it.wikipedia.org/wiki/Riva_del_Garda;https://www.vivoscuola.it/content/view/full/29635
412;istituto comprensivo rovereto est;;istituzione scolastica e formativa;a carattere statale/provinciale;michele rosa;;;corso rosmini, 86 38068;rovereto;0464433709;0464/450456;ic.roveretoest@pec.provincia.tn.it;dir.ic.roveretoest@scuole.provincia.tn.it;segr.ic.roveretoest@scuole.provincia.tn.it;https://www.roveretoest.it;tnic853007;https://www.vivoscuola.it/content/view/full/29637;institute;https://it.wikipedia.org/wiki/Rovereto;
413;istituto comprensivo rovereto est;"scuola primaria ""f. cavallin"" vallarsa raossi";;a carattere statale/provinciale;michele rosa;;;frazione raossi,   38060;vallarsa;0464433709;0464/450456;ic.roveretoest@pec.provincia.tn.it;dir.ic.roveretoest@scuole.provincia.tn.it;segr.ic.roveretoest@scuole.provincia.tn.it;https://www.roveretoest.it;tnee85306e;https://www.vivoscuola.it/content/view/full/29637;school;https://it.wikipedia.org/wiki/Vallarsa;https://www.vivoscuola.it/content/view/full/29638
414;istituto comprensivo rovereto est;"scuola primaria ""n. valduga"" terragnolo";;a carattere statale/provinciale;michele rosa;;;frazione piazza di terragnolo, 18 38060;terragnolo;0464433709;0464/450456;ic.roveretoest@pec.provincia.tn.it;dir.ic.roveretoest@scuole.provincia.tn.it;segr.ic.roveretoest@scuole.provincia.tn.it;https://www.roveretoest.it;tnee85304c;https://www.vivoscuola.it/content/view/full/29637;school;https://it.wikipedia.org/wiki/Terragnolo;https://www.vivoscuola.it/content/view/full/29639
415;istituto comprensivo rovereto est;"scuola primaria ""regina elena"" rovereto";;a carattere statale/provinciale;michele rosa;;;via dante, 41 38068;rovereto;0464433709;0464/450456;ic.roveretoest@pec.provincia.tn.it;dir.ic.roveretoest@scuole.provincia.tn.it;segr.ic.roveretoest@scuole.provincia.tn.it;https://www.roveretoest.it;tnee85302a;https://www.vivoscuola.it/content/view/full/29637;school;https://it.wikipedia.org/wiki/Rovereto;https://www.vivoscuola.it/content/view/full/29640
416;istituto comprensivo rovereto est;scuola primaria moscheri trambileno;;a carattere statale/provinciale;michele rosa;;;frazione moscheri,   38068;trambileno;0464433709;0464/450456;ic.roveretoest@pec.provincia.tn.it;dir.ic.roveretoest@scuole.provincia.tn.it;segr.ic.roveretoest@scuole.provincia.tn.it;https://www.roveretoest.it;tnee85305d;https://www.vivoscuola.it/content/view/full/29637;school;https://it.wikipedia.org/wiki/Trambileno;https://www.vivoscuola.it/content/view/full/29641
417;istituto comprensivo rovereto est;"scuola secondaria di primo grado ""d. chiesa"" rovereto";;a carattere statale/provinciale;michele rosa;;;corso rosmini, 86 38068;rovereto;0464433709;0464/450456;ic.roveretoest@pec.provincia.tn.it;dir.ic.roveretoest@scuole.provincia.tn.it;segr.ic.roveretoest@scuole.provincia.tn.it;https://www.roveretoest.it;tnmm853018;https://www.vivoscuola.it/content/view/full/29637;school;https://it.wikipedia.org/wiki/Rovereto;https://www.vivoscuola.it/content/view/full/29642
418;istituto comprensivo rovereto nord;;istituzione scolastica e formativa;a carattere statale/provinciale;tiziana chiara pasquini;;;corso bettini, 67 38068;rovereto;0464420759;0464/480415;ic.roveretonord@pec.provincia.tn.it;dir.ic.roveretonord@scuole.provincia.tn.it;segr.ic.roveretonord@scuole.provincia.tn.it;https://www.icroveretonord.it;tnic859006;https://www.vivoscuola.it/content/view/full/29643;institute;https://it.wikipedia.org/wiki/Rovereto;
419;istituto comprensivo rovereto nord;"scuola primaria ""d. chiesa"" noriglio";;a carattere statale/provinciale;tiziana chiara pasquini;;;via romani,  42/1 38068;rovereto;0464420759;0464/480415;ic.roveretonord@pec.provincia.tn.it;dir.ic.roveretonord@scuole.provincia.tn.it;segr.ic.roveretonord@scuole.provincia.tn.it;https://www.icroveretonord.it;tnee85905c;https://www.vivoscuola.it/content/view/full/29643;school;https://it.wikipedia.org/wiki/Rovereto;https://www.vivoscuola.it/content/view/full/29644
420;istituto comprensivo rovereto nord;"scuola primaria ""m. k. gandhi"" rovereto";;a carattere statale/provinciale;tiziana chiara pasquini;;;via puccini, 22 38068;rovereto;0464420759;0464/480415;ic.roveretonord@pec.provincia.tn.it;dir.ic.roveretonord@scuole.provincia.tn.it;segr.ic.roveretonord@scuole.provincia.tn.it;https://www.icroveretonord.it;tnee85903a;https://www.vivoscuola.it/content/view/full/29643;school;https://it.wikipedia.org/wiki/Rovereto;https://www.vivoscuola.it/content/view/full/29645
421;istituto comprensivo rovereto nord;"scuola secondaria di primo grado ""l. negrelli"" rovereto";;a carattere statale/provinciale;tiziana chiara pasquini;;;corso bettini, 67 38068;rovereto;0464420759;0464/480415;ic.roveretonord@pec.provincia.tn.it;dir.ic.roveretonord@scuole.provincia.tn.it;segr.ic.roveretonord@scuole.provincia.tn.it;https://www.icroveretonord.it;tnmm859017;https://www.vivoscuola.it/content/view/full/29643;school;https://it.wikipedia.org/wiki/Rovereto;https://www.vivoscuola.it/content/view/full/29646
422;istituto comprensivo rovereto sud;;istituzione scolastica e formativa;a carattere statale/provinciale;giuseppe gammino;;;via benacense, 32 38068;rovereto;0464420532;0464/432707;ic.roveretosud@pec.provincia.tn.it;dir.ic.roveretosud@scuole.provincia.tn.it;segr.ic.roveretosud@scuole.provincia.tn.it;https://icroveretosud.edu.it;tnic85500v;https://www.vivoscuola.it/content/view/full/29647;institute;https://it.wikipedia.org/wiki/Rovereto;
423;istituto comprensivo rovereto sud;"scuola primaria ""a. rosmini"" marco";;a carattere statale/provinciale;giuseppe gammino;;;via ii novembre, 57 38068;rovereto;0464420532;0464/432707;ic.roveretosud@pec.provincia.tn.it;dir.ic.roveretosud@scuole.provincia.tn.it;segr.ic.roveretosud@scuole.provincia.tn.it;https://icroveretosud.edu.it;tnee855033;https://www.vivoscuola.it/content/view/full/29647;school;https://it.wikipedia.org/wiki/Rovereto;https://www.vivoscuola.it/content/view/full/29648
424;istituto comprensivo rovereto sud;"scuola primaria ""d. alighieri"" rovereto";;a carattere statale/provinciale;giuseppe gammino;;;via benacense, 32 38068;rovereto;0464420532;0464/432707;ic.roveretosud@pec.provincia.tn.it;dir.ic.roveretosud@scuole.provincia.tn.it;segr.ic.roveretosud@scuole.provincia.tn.it;https://icroveretosud.edu.it;tnee855011;https://www.vivoscuola.it/content/view/full/29647;school;https://it.wikipedia.org/wiki/Rovereto;https://www.vivoscuola.it/content/view/full/29649
425;istituto comprensivo rovereto sud;"scuola primaria ""f. guella"" lizzana";;a carattere statale/provinciale;giuseppe gammino;;;via piave,  18 38068;rovereto;0464420532;0464/432707;ic.roveretosud@pec.provincia.tn.it;dir.ic.roveretosud@scuole.provincia.tn.it;segr.ic.roveretosud@scuole.provincia.tn.it;https://icroveretosud.edu.it;tnee855022;https://www.vivoscuola.it/content/view/full/29647;school;https://it.wikipedia.org/wiki/Rovereto;https://www.vivoscuola.it/content/view/full/29650
426;istituto comprensivo rovereto sud;"scuola secondaria di primo grado ""f. halbherr"" rovereto";;a carattere statale/provinciale;giuseppe gammino;;;via livenza, 1 38068;rovereto;0464420532;0464/432707;ic.roveretosud@pec.provincia.tn.it;dir.ic.roveretosud@scuole.provincia.tn.it;segr.ic.roveretosud@scuole.provincia.tn.it;https://icroveretosud.edu.it;tnmm85501x;https://www.vivoscuola.it/content/view/full/29647;school;https://it.wikipedia.org/wiki/Rovereto;https://www.vivoscuola.it/content/view/full/29651
427;istituto comprensivo strigno e tesino;;istituzione scolastica e formativa;a carattere statale/provinciale;giuliana sighel;;;via roma - strigno, 14 38059;castel ivano;0461762046;0461/763409;ic.strignotesino@pec.provincia.tn.it;dir.ic.strignoetesino@scuole.provincia.tn.it;segr.ic.strignoetesino@scuole.provincia.tn.it;https://www.icstrignoetesino.it;tnic80100e;https://www.vivoscuola.it/content/view/full/29652;institute;https://it.wikipedia.org/wiki/Castel_Ivano_(comune);
428;istituto comprensivo strigno e tesino;"scuola primaria ""a. degasperi"" pieve tesino";;a carattere statale/provinciale;giuliana sighel;;;via brigata abruzzi, 6 38050;pieve tesino;0461762046;0461/763409;ic.strignotesino@pec.provincia.tn.it;dir.ic.strignoetesino@scuole.provincia.tn.it;segr.ic.strignoetesino@scuole.provincia.tn.it;https://www.icstrignoetesino.it;tnee80102n;https://www.vivoscuola.it/content/view/full/29652;school;https://it.wikipedia.org/wiki/Pieve_Tesino;https://www.vivoscuola.it/content/view/full/29653
429;istituto comprensivo strigno e tesino;scuola primaria ospedaletto;;a carattere statale/provinciale;giuliana sighel;;;via roma, 52 38050;ospedaletto;0461762046;0461/763409;ic.strignotesino@pec.provincia.tn.it;dir.ic.strignoetesino@scuole.provincia.tn.it;segr.ic.strignoetesino@scuole.provincia.tn.it;https://www.icstrignoetesino.it;tnee80108x;https://www.vivoscuola.it/content/view/full/29652;school;https://it.wikipedia.org/wiki/Ospedaletto;https://www.vivoscuola.it/content/view/full/29654
430;istituto comprensivo strigno e tesino;scuola primaria samone;;a carattere statale/provinciale;giuliana sighel;;;via delle praele, 21 38059;samone;0461762046;0461/763409;ic.strignotesino@pec.provincia.tn.it;dir.ic.strignoetesino@scuole.provincia.tn.it;segr.ic.strignoetesino@scuole.provincia.tn.it;https://www.icstrignoetesino.it;tnee80104q;https://www.vivoscuola.it/content/view/full/29652;school;https://it.wikipedia.org/wiki/Samone_(Trentino-Alto_Adige);https://www.vivoscuola.it/content/view/full/29655
431;istituto comprensivo strigno e tesino;scuola primaria scurelle;;a carattere statale/provinciale;giuliana sighel;;;via xv agosto, 68 38050;scurelle;0461762046;0461/763409;ic.strignotesino@pec.provincia.tn.it;dir.ic.strignoetesino@scuole.provincia.tn.it;segr.ic.strignoetesino@scuole.provincia.tn.it;https://www.icstrignoetesino.it;tnee80105r;https://www.vivoscuola.it/content/view/full/29652;school;https://it.wikipedia.org/wiki/Scurelle;https://www.vivoscuola.it/content/view/full/29656
432;istituto comprensivo strigno e tesino;scuola primaria strigno;;a carattere statale/provinciale;giuliana sighel;;;piazza iv novembre - strigno, 12/a 38059;castel ivano;0461762046;0461/763409;ic.strignotesino@pec.provincia.tn.it;dir.ic.strignoetesino@scuole.provincia.tn.it;segr.ic.strignoetesino@scuole.provincia.tn.it;https://www.icstrignoetesino.it;tnee80106t;https://www.vivoscuola.it/content/view/full/29652;school;https://it.wikipedia.org/wiki/Castel_Ivano_(comune);https://www.vivoscuola.it/content/view/full/29657
433;istituto comprensivo strigno e tesino;scuola primaria villa agnedo;;a carattere statale/provinciale;giuliana sighel;;;via dei molini - agnedo, 36 38059;castel ivano;0461762046;0461/763409;ic.strignotesino@pec.provincia.tn.it;dir.ic.strignoetesino@scuole.provincia.tn.it;segr.ic.strignoetesino@scuole.provincia.tn.it;https://www.icstrignoetesino.it;tnee80107v;https://www.vivoscuola.it/content/view/full/29652;school;https://it.wikipedia.org/wiki/Castel_Ivano_(comune);https://www.vivoscuola.it/content/view/full/29658
434;istituto comprensivo strigno e tesino;"scuola secondaria di primo grado ""o. brentari"" strigno";;a carattere statale/provinciale;giuliana sighel;;;via roma - strigno, 14 38059;castel ivano;0461762046;0461/763409;ic.strignotesino@pec.provincia.tn.it;dir.ic.strignoetesino@scuole.provincia.tn.it;segr.ic.strignoetesino@scuole.provincia.tn.it;https://www.icstrignoetesino.it;tnmm80102l;https://www.vivoscuola.it/content/view/full/29652;school;https://it.wikipedia.org/wiki/Castel_Ivano_(comune);https://www.vivoscuola.it/content/view/full/29659
435;istituto comprensivo strigno e tesino;scuola secondaria di primo grado castello tesino;;a carattere statale/provinciale;giuliana sighel;;;via battisti, 2 38053;castello tesino;0461762046;0461/763409;ic.strignotesino@pec.provincia.tn.it;dir.ic.strignoetesino@scuole.provincia.tn.it;segr.ic.strignoetesino@scuole.provincia.tn.it;https://www.icstrignoetesino.it;tnmm80101g;https://www.vivoscuola.it/content/view/full/29652;school;https://it.wikipedia.org/wiki/Castello_Tesino;https://www.vivoscuola.it/content/view/full/29660
436;istituto comprensivo taio;;istituzione scolastica e formativa;a carattere statale/provinciale;maura zini;;;via degli alpini - taio, 17 38012;predaia;0463468193;0463/467616;ic.taio@pec.provincia.tn.it;dir.ictaio@scuole.provincia.tn.it;segr.ictaio@scuole.provincia.tn.it;https://www.ictaio.it;tnic82600v;https://www.vivoscuola.it/content/view/full/29661;institute;https://it.wikipedia.org/wiki/Predaia;
437;istituto comprensivo taio;"scuola primaria ""mons. a. negri"" tres";;a carattere statale/provinciale;maura zini;;;via nazionale -tres, 12 38012;predaia;0463468193;0463/467616;ic.taio@pec.provincia.tn.it;dir.ictaio@scuole.provincia.tn.it;segr.ictaio@scuole.provincia.tn.it;https://www.ictaio.it;tnee826055;https://www.vivoscuola.it/content/view/full/29661;school;https://it.wikipedia.org/wiki/Predaia;https://www.vivoscuola.it/content/view/full/29662
438;istituto comprensivo taio;scuola primaria coredo;;a carattere statale/provinciale;maura zini;;;via delle scuole - coredo,  6 38012;predaia;0463468193;0463/467616;ic.taio@pec.provincia.tn.it;dir.ictaio@scuole.provincia.tn.it;segr.ictaio@scuole.provincia.tn.it;https://www.ictaio.it;tnee826011;https://www.vivoscuola.it/content/view/full/29661;school;https://it.wikipedia.org/wiki/Predaia;https://www.vivoscuola.it/content/view/full/29663
439;istituto comprensivo taio;scuola primaria taio;;a carattere statale/provinciale;maura zini;;;via heroldsberg - taio, 5 38012;predaia;0463468193;0463/467616;ic.taio@pec.provincia.tn.it;dir.ictaio@scuole.provincia.tn.it;segr.ictaio@scuole.provincia.tn.it;https://www.ictaio.it;tnee826033;https://www.vivoscuola.it/content/view/full/29661;school;https://it.wikipedia.org/wiki/Predaia;https://www.vivoscuola.it/content/view/full/29664
440;istituto comprensivo taio;"scuola secondaria di primo grado ""f. barbacovi"" coredo";;a carattere statale/provinciale;maura zini;;;via delle scuole - coredo,  6 38012;predaia;0463468193;0463/467616;ic.taio@pec.provincia.tn.it;dir.ictaio@scuole.provincia.tn.it;segr.ictaio@scuole.provincia.tn.it;https://www.ictaio.it;tnmm826021;https://www.vivoscuola.it/content/view/full/29661;school;https://it.wikipedia.org/wiki/Predaia;https://www.vivoscuola.it/content/view/full/29665
441;istituto comprensivo taio;"scuola secondaria di primo grado ""f. barbacovi"" taio";;a carattere statale/provinciale;maura zini;;;via degli alpini - taio, 17 38012;predaia;0463468193;0463/467616;ic.taio@pec.provincia.tn.it;dir.ictaio@scuole.provincia.tn.it;segr.ictaio@scuole.provincia.tn.it;https://www.ictaio.it;tnmm82601x;https://www.vivoscuola.it/content/view/full/29661;school;https://it.wikipedia.org/wiki/Predaia;https://www.vivoscuola.it/content/view/full/29666
442;istituto comprensivo tione;;istituzione scolastica e formativa;a carattere statale/provinciale;alessandro bonesini;;;via circonvallazione, 44 38079;tione di trento;0465321053;0465/324039;ic.tione@pec.provincia.tn.it;dir.ictione@scuole.provincia.tn.it;segr.ictione@scuole.provincia.tn.it;https://www.ictione.tn.it;tnic83600d;https://www.vivoscuola.it/content/view/full/29667;institute;https://it.wikipedia.org/wiki/Tione_di_Trento;
443;istituto comprensivo tione;"scuola primaria ""a. prandini"" roncone";;a carattere statale/provinciale;alessandro bonesini;;;via iii novembre - roncone, 22 38087;sella giudicarie;0465321053;0465/324039;ic.tione@pec.provincia.tn.it;dir.ictione@scuole.provincia.tn.it;segr.ictione@scuole.provincia.tn.it;https://www.ictione.tn.it;tnee83605q;https://www.vivoscuola.it/content/view/full/29667;school;https://it.wikipedia.org/wiki/Sella_Giudicarie;https://www.vivoscuola.it/content/view/full/29668
444;istituto comprensivo tione;scuola primaria bondo-breguzzo;;a carattere statale/provinciale;alessandro bonesini;;;via indipendenza - bondo, 105 38087;sella giudicarie;0465321053;0465/324039;ic.tione@pec.provincia.tn.it;dir.ictione@scuole.provincia.tn.it;segr.ictione@scuole.provincia.tn.it;https://www.ictione.tn.it;tnee83601g;https://www.vivoscuola.it/content/view/full/29667;school;https://it.wikipedia.org/wiki/Sella_Giudicarie;https://www.vivoscuola.it/content/view/full/29669
445;istituto comprensivo tione;scuola primaria ragoli;;a carattere statale/provinciale;alessandro bonesini;;;via roma - ragoli, 5 38070;tre ville;0465321053;0465/324039;ic.tione@pec.provincia.tn.it;dir.ictione@scuole.provincia.tn.it;segr.ictione@scuole.provincia.tn.it;https://www.ictione.tn.it;tnee83602l;https://www.vivoscuola.it/content/view/full/29667;school;https://it.wikipedia.org/wiki/Tre_Ville;https://www.vivoscuola.it/content/view/full/29670
446;istituto comprensivo tione;scuola primaria tione di trento;;a carattere statale/provinciale;alessandro bonesini;;;via pinzolo, 2 38079;tione di trento;0465321053;0465/324039;ic.tione@pec.provincia.tn.it;dir.ictione@scuole.provincia.tn.it;segr.ictione@scuole.provincia.tn.it;https://www.ictione.tn.it;tnee83603n;https://www.vivoscuola.it/content/view/full/29667;school;https://it.wikipedia.org/wiki/Tione_di_Trento;https://www.vivoscuola.it/content/view/full/29671
447;istituto comprensivo tione;scuola primaria zuclo;;a carattere statale/provinciale;alessandro bonesini;;;via fucina - zuclo, 10 38079;borgo lares;0465321053;0465/324039;ic.tione@pec.provincia.tn.it;dir.ictione@scuole.provincia.tn.it;segr.ictione@scuole.provincia.tn.it;https://www.ictione.tn.it;tnee83604p;https://www.vivoscuola.it/content/view/full/29667;school;https://it.wikipedia.org/wiki/Borgo_Lares;https://www.vivoscuola.it/content/view/full/29672
448;istituto comprensivo tione;"scuola secondaria di primo grado ""legione trentina"" tione di trento";;a carattere statale/provinciale;alessandro bonesini;;;via circonvallazione, 44 38079;tione di trento;0465321053;0465/324039;ic.tione@pec.provincia.tn.it;dir.ictione@scuole.provincia.tn.it;segr.ictione@scuole.provincia.tn.it;https://www.ictione.tn.it;tnmm83601e;https://www.vivoscuola.it/content/view/full/29667;school;https://it.wikipedia.org/wiki/Tione_di_Trento;https://www.vivoscuola.it/content/view/full/29673
449;istituto comprensivo tione;scuola secondaria di primo grado roncone;;a carattere statale/provinciale;alessandro bonesini;;;via iii novembre - roncone, 22/a 38087;sella giudicarie;0465321053;0465/324039;ic.tione@pec.provincia.tn.it;dir.ictione@scuole.provincia.tn.it;segr.ictione@scuole.provincia.tn.it;https://www.ictione.tn.it;tnmm83602g;https://www.vivoscuola.it/content/view/full/29667;school;https://it.wikipedia.org/wiki/Sella_Giudicarie;https://www.vivoscuola.it/content/view/full/29674
450;"istituto comprensivo trento 1 ""margherita hack""";;istituzione scolastica e formativa;a carattere statale/provinciale;piera pegoretti;;;via znojmo, 24 38123;trento;0461912740;0461/912065;ic.trento1@pec.provincia.tn.it;dir.ic.tn1@scuole.provincia.tn.it;segr.ic.tn1@scuole.provincia.tn.it;https://www.ictrento1.it;tnic81900q;https://www.vivoscuola.it/content/view/full/29675;institute;https://it.wikipedia.org/wiki/Trento;
451;"istituto comprensivo trento 1 ""margherita hack""";"scuola primaria ""g. a. tomasi"" villazzano";;a carattere statale/provinciale;piera pegoretti;;;piazza monsignor nicolini,  7 38123;trento;0461912740;0461/912065;ic.trento1@pec.provincia.tn.it;dir.ic.tn1@scuole.provincia.tn.it;segr.ic.tn1@scuole.provincia.tn.it;https://www.ictrento1.it;tnee81902v;https://www.vivoscuola.it/content/view/full/29675;school;https://it.wikipedia.org/wiki/Trento;https://www.vivoscuola.it/content/view/full/29676
452;"istituto comprensivo trento 1 ""margherita hack""";"scuola primaria ""u. moggioli"" povo";;a carattere statale/provinciale;piera pegoretti;;;via dei rivi, 6 38123;trento;0461912740;0461/912065;ic.trento1@pec.provincia.tn.it;dir.ic.tn1@scuole.provincia.tn.it;segr.ic.tn1@scuole.provincia.tn.it;https://www.ictrento1.it;tnee81901t;https://www.vivoscuola.it/content/view/full/29675;school;https://it.wikipedia.org/wiki/Trento;https://www.vivoscuola.it/content/view/full/29677
453;"istituto comprensivo trento 1 ""margherita hack""";"scuola secondaria di primo grado ""g. pascoli"" povo";;a carattere statale/provinciale;piera pegoretti;;;via znojmo, 24 38123;trento;0461912740;0461/912065;ic.trento1@pec.provincia.tn.it;dir.ic.tn1@scuole.provincia.tn.it;segr.ic.tn1@scuole.provincia.tn.it;https://www.ictrento1.it;tnmm81901r;https://www.vivoscuola.it/content/view/full/29675;school;https://it.wikipedia.org/wiki/Trento;https://www.vivoscuola.it/content/view/full/29678
454;"istituto comprensivo trento 2 ""j. a. comenius""";;istituzione scolastica e formativa;a carattere statale/provinciale;carlo zanetti;;;via ponte alto, 2/1 38121;trento;0461982113;0461/237554;ic.comenius@pec.provincia.tn.it;dir.ictn2@scuole.provincia.tn.it;segr.ictn2@scuole.provincia.tn.it;https://www.icomenius.it;tnic82000x;https://www.vivoscuola.it/content/view/full/29679;institute;https://it.wikipedia.org/wiki/Trento;
455;"istituto comprensivo trento 2 ""j. a. comenius""";"scuola primaria ""e. bernardi"" cognola";;a carattere statale/provinciale;carlo zanetti;;;via ponte alto, 2/1 38121;trento;0461982113;0461/237554;ic.comenius@pec.provincia.tn.it;dir.ictn2@scuole.provincia.tn.it;segr.ictn2@scuole.provincia.tn.it;https://www.icomenius.it;tnee820012;https://www.vivoscuola.it/content/view/full/29679;school;https://it.wikipedia.org/wiki/Trento;https://www.vivoscuola.it/content/view/full/29680
456;"istituto comprensivo trento 2 ""j. a. comenius""";"scuola primaria ""r. belenzani"" s.vito";;a carattere statale/provinciale;carlo zanetti;;;via s vito, 169 38121;trento;0461982113;0461/237554;ic.comenius@pec.provincia.tn.it;dir.ictn2@scuole.provincia.tn.it;segr.ictn2@scuole.provincia.tn.it;https://www.icomenius.it;tnee820045;https://www.vivoscuola.it/content/view/full/29679;school;https://it.wikipedia.org/wiki/Trento;https://www.vivoscuola.it/content/view/full/29681
457;"istituto comprensivo trento 2 ""j. a. comenius""";"scuola primaria ""r. zandonai"" martignano";;a carattere statale/provinciale;carlo zanetti;;;piazza menghin,  1 38121;trento;0461982113;0461/237554;ic.comenius@pec.provincia.tn.it;dir.ictn2@scuole.provincia.tn.it;segr.ictn2@scuole.provincia.tn.it;https://www.icomenius.it;tnee820034;https://www.vivoscuola.it/content/view/full/29679;school;https://it.wikipedia.org/wiki/Trento;https://www.vivoscuola.it/content/view/full/29682
458;"istituto comprensivo trento 2 ""j. a. comenius""";scuola primaria casa serena;;a carattere statale/provinciale;carlo zanetti;;;via alle campanelle, 23 38121;trento;0461982113;0461/237554;ic.comenius@pec.provincia.tn.it;dir.ictn2@scuole.provincia.tn.it;segr.ictn2@scuole.provincia.tn.it;https://www.icomenius.it;tnee820023;https://www.vivoscuola.it/content/view/full/29679;school;https://it.wikipedia.org/wiki/Trento;https://www.vivoscuola.it/content/view/full/29683
459;"istituto comprensivo trento 2 ""j. a. comenius""";"scuola secondaria di primo grado ""argentario"" trento";;a carattere statale/provinciale;carlo zanetti;;;via ponte alto, 2/1 38121;trento;0461982113;0461/237554;ic.comenius@pec.provincia.tn.it;dir.ictn2@scuole.provincia.tn.it;segr.ictn2@scuole.provincia.tn.it;https://www.icomenius.it;tnmm820011;https://www.vivoscuola.it/content/view/full/29679;school;https://it.wikipedia.org/wiki/Trento;https://www.vivoscuola.it/content/view/full/29684
460;istituto comprensivo trento 3;;istituzione scolastica e formativa;a carattere statale/provinciale;lina broch;;;via vittorio veneto, 61 38122;trento;04611825610;0461/920605;ic.trento3@pec.provincia.tn.it;dir.ic.tn3@scuole.provincia.tn.it;segr.ic.tn3@scuole.provincia.tn.it;http://www.ictrento3.it;tnic85600p;https://www.vivoscuola.it/content/view/full/29685;institute;https://it.wikipedia.org/wiki/Trento;
461;istituto comprensivo trento 3;"scuola primaria ""a. nicolodi"" trento";;a carattere statale/provinciale;lina broch;;;via fogazzaro, 2 38122;trento;04611825610;0461/920605;ic.trento3@pec.provincia.tn.it;dir.ic.tn3@scuole.provincia.tn.it;segr.ic.tn3@scuole.provincia.tn.it;http://www.ictrento3.it;tnee85604x;https://www.vivoscuola.it/content/view/full/29685;school;https://it.wikipedia.org/wiki/Trento;https://www.vivoscuola.it/content/view/full/29686
462;istituto comprensivo trento 3;"scuola primaria ""d. savio"" trento";;a carattere statale/provinciale;lina broch;;;via s pio x, 103 38122;trento;04611825610;0461/920605;ic.trento3@pec.provincia.tn.it;dir.ic.tn3@scuole.provincia.tn.it;segr.ic.tn3@scuole.provincia.tn.it;http://www.ictrento3.it;tnee85601r;https://www.vivoscuola.it/content/view/full/29685;school;https://it.wikipedia.org/wiki/Trento;https://www.vivoscuola.it/content/view/full/29687
463;istituto comprensivo trento 3;"scuola primaria ""g. b. de gaspari"" trento";;a carattere statale/provinciale;lina broch;;;via zandonai, 4 38122;trento;04611825610;0461/920605;ic.trento3@pec.provincia.tn.it;dir.ic.tn3@scuole.provincia.tn.it;segr.ic.tn3@scuole.provincia.tn.it;http://www.ictrento3.it;tnee85602t;https://www.vivoscuola.it/content/view/full/29685;school;https://it.wikipedia.org/wiki/Trento;https://www.vivoscuola.it/content/view/full/29688
464;istituto comprensivo trento 3;scuola primaria ravina;;a carattere statale/provinciale;lina broch;;;via delle masere, 5 38123;trento;04611825610;0461/920605;ic.trento3@pec.provincia.tn.it;dir.ic.tn3@scuole.provincia.tn.it;segr.ic.tn3@scuole.provincia.tn.it;http://www.ictrento3.it;tnee85603v;https://www.vivoscuola.it/content/view/full/29685;school;https://it.wikipedia.org/wiki/Trento;https://www.vivoscuola.it/content/view/full/29689
465;istituto comprensivo trento 3;"scuola secondaria di primo grado ""bronzetti - segantini"" trento";;a carattere statale/provinciale;lina broch;;;via vittorio veneto, 61 38122;trento;04611825610;0461/920605;ic.trento3@pec.provincia.tn.it;dir.ic.tn3@scuole.provincia.tn.it;segr.ic.tn3@scuole.provincia.tn.it;http://www.ictrento3.it;tnmm85601q;https://www.vivoscuola.it/content/view/full/29685;school;https://it.wikipedia.org/wiki/Trento;https://www.vivoscuola.it/content/view/full/29690
466;istituto comprensivo trento 4;;istituzione scolastica e formativa;a carattere statale/provinciale;elena  valduga;;;viale degli olmi, 22 38123;trento;0461920316;0461/922030;ic.trento4@pec.provincia.tn.it;dir.ictn4@scuole.provincia.tn.it;segr.ictn4@scuole.provincia.tn.it;https://www.ictrento4.it;tnic85700e;https://www.vivoscuola.it/content/view/full/29691;institute;https://it.wikipedia.org/wiki/Trento;
467;istituto comprensivo trento 4;scuola primaria clarina trento;;a carattere statale/provinciale;elena  valduga;;;via einaudi, 13 38123;trento;0461920316;0461/922030;ic.trento4@pec.provincia.tn.it;dir.ictn4@scuole.provincia.tn.it;segr.ictn4@scuole.provincia.tn.it;https://www.ictrento4.it;tnee85701l;https://www.vivoscuola.it/content/view/full/29691;school;https://it.wikipedia.org/wiki/Trento;https://www.vivoscuola.it/content/view/full/29692
468;istituto comprensivo trento 4;scuola primaria localita' madonna bianca trento;;a carattere statale/provinciale;elena  valduga;;;piazzale europa, 4 38123;trento;0461920316;0461/922030;ic.trento4@pec.provincia.tn.it;dir.ictn4@scuole.provincia.tn.it;segr.ictn4@scuole.provincia.tn.it;https://www.ictrento4.it;tnee85702n;https://www.vivoscuola.it/content/view/full/29691;school;https://it.wikipedia.org/wiki/Trento;https://www.vivoscuola.it/content/view/full/29693
469;istituto comprensivo trento 4;scuola primaria ospedale infantile trento;;a carattere statale/provinciale;elena  valduga;;;largo medaglie d oro, 9 38122;trento;0461920316;0461/922030;ic.trento4@pec.provincia.tn.it;dir.ictn4@scuole.provincia.tn.it;segr.ictn4@scuole.provincia.tn.it;https://www.ictrento4.it;tnee85703p;https://www.vivoscuola.it/content/view/full/29691;school;https://it.wikipedia.org/wiki/Trento;https://www.vivoscuola.it/content/view/full/29694
470;istituto comprensivo trento 4;"scuola secondaria di primo grado ""o. winkler"" trento";;a carattere statale/provinciale;elena  valduga;;;viale degli olmi, 22 38123;trento;0461920316;0461/922030;ic.trento4@pec.provincia.tn.it;dir.ictn4@scuole.provincia.tn.it;segr.ictn4@scuole.provincia.tn.it;https://www.ictrento4.it;tnmm85701g;https://www.vivoscuola.it/content/view/full/29691;school;https://it.wikipedia.org/wiki/Trento;https://www.vivoscuola.it/content/view/full/29695
471;istituto comprensivo trento 5;;istituzione scolastica e formativa;a carattere statale/provinciale;paola pasqualin;;;via s giovanni bosco, 8 38122;trento;0461986634;0461/984463;ic.tn5@pec.provincia.tn.it;dir.ic.tn5@scuole.provincia.tn.it;segr.ic.tn5@scuole.provincia.tn.it;http://www.istitutotrento5.it/;tnic85200b;https://www.vivoscuola.it/content/view/full/29697;institute;https://it.wikipedia.org/wiki/Trento;
472;istituto comprensivo trento 5;"scuola primaria ""a. gorfer"" trento";;a carattere statale/provinciale;paola pasqualin;;;via dei solteri, 22 38121;trento;0461821434;0461/984463;ic.tn5@pec.provincia.tn.it;dir.ic.tn5@scuole.provincia.tn.it;segr.ic.tn5@scuole.provincia.tn.it;http://www.istitutotrento5.it/;tnee85204l;https://www.vivoscuola.it/content/view/full/29697;school;https://it.wikipedia.org/wiki/Trento;https://www.vivoscuola.it/content/view/full/29698
473;istituto comprensivo trento 5;"scuola primaria ""f. crispi"" trento";;a carattere statale/provinciale;paola pasqualin;;;via s giovanni bosco, 8 38122;trento;0461263331;0461/984463;ic.tn5@pec.provincia.tn.it;dir.ic.tn5@scuole.provincia.tn.it;segr.ic.tn5@scuole.provincia.tn.it;http://www.istitutotrento5.it/;tnee85202e;https://www.vivoscuola.it/content/view/full/29697;school;https://it.wikipedia.org/wiki/Trento;https://www.vivoscuola.it/content/view/full/29699
474;istituto comprensivo trento 5;"scuola primaria ""r. sanzio"" trento";;a carattere statale/provinciale;paola pasqualin;;;piazza sanzio, 13 38122;trento;0461233896;0461/984463;ic.tn5@pec.provincia.tn.it;dir.ic.tn5@scuole.provincia.tn.it;segr.ic.tn5@scuole.provincia.tn.it;http://www.istitutotrento5.it/;tnee85201d;https://www.vivoscuola.it/content/view/full/29697;school;https://it.wikipedia.org/wiki/Trento;https://www.vivoscuola.it/content/view/full/29700
475;istituto comprensivo trento 5;"scuola secondaria di primo grado ""g. bresadola"" trento";;a carattere statale/provinciale;paola pasqualin;;;via al torrione, 2 38122;trento;0461986634;0461/984463;ic.tn5@pec.provincia.tn.it;dir.ic.tn5@scuole.provincia.tn.it;segr.ic.tn5@scuole.provincia.tn.it;http://www.istitutotrento5.it/;tnmm85201c;https://www.vivoscuola.it/content/view/full/29697;school;https://it.wikipedia.org/wiki/Trento;https://www.vivoscuola.it/content/view/full/29702
476;istituto comprensivo trento 6;;istituzione scolastica e formativa;a carattere statale/provinciale;chiara ghetta;;;corso buonarroti, 50 38122;trento;0461236214;0461/230583;ic.trento6@pec.provincia.tn.it;dir.ic.tn6@scuole.provincia.tn.it;segr.ic.tn6@scuole.provincia.tn.it;https://www.ictrento6.it;tnic85800a;https://www.vivoscuola.it/content/view/full/29703;institute;https://it.wikipedia.org/wiki/Trento;
477;istituto comprensivo trento 6;"scuola primaria ""a. degasperi"" sardagna";;a carattere statale/provinciale;chiara ghetta;;;via della toresèla, 1 38123;trento;0461236214;0461/230583;ic.trento6@pec.provincia.tn.it;dir.ic.tn6@scuole.provincia.tn.it;segr.ic.tn6@scuole.provincia.tn.it;https://www.ictrento6.it;tnee85806n;https://www.vivoscuola.it/content/view/full/29703;school;https://it.wikipedia.org/wiki/Trento;https://www.vivoscuola.it/content/view/full/29704
478;istituto comprensivo trento 6;"scuola primaria ""a. schmid"" cristo re trento";;a carattere statale/provinciale;chiara ghetta;;;via schmid, 4 38121;trento;0461236214;0461/230583;ic.trento6@pec.provincia.tn.it;dir.ic.tn6@scuole.provincia.tn.it;segr.ic.tn6@scuole.provincia.tn.it;https://www.ictrento6.it;tnee85802d;https://www.vivoscuola.it/content/view/full/29703;school;https://it.wikipedia.org/wiki/Trento;https://www.vivoscuola.it/content/view/full/29705
479;istituto comprensivo trento 6;"scuola primaria ""beato s. bellesini"" trento";;a carattere statale/provinciale;chiara ghetta;;;via stoppani, 3 38121;trento;0461236214;0461/230583;ic.trento6@pec.provincia.tn.it;dir.ic.tn6@scuole.provincia.tn.it;segr.ic.tn6@scuole.provincia.tn.it;https://www.ictrento6.it;tnee85801c;https://www.vivoscuola.it/content/view/full/29703;school;https://it.wikipedia.org/wiki/Trento;https://www.vivoscuola.it/content/view/full/29706
480;istituto comprensivo trento 6;"scuola primaria ""s. pertini"" sopramonte";;a carattere statale/provinciale;chiara ghetta;;;via canelli - sopramonte, 1 38123;trento;0461236214;0461/230583;ic.trento6@pec.provincia.tn.it;dir.ic.tn6@scuole.provincia.tn.it;segr.ic.tn6@scuole.provincia.tn.it;https://www.ictrento6.it;tnee85805l;https://www.vivoscuola.it/content/view/full/29703;school;https://it.wikipedia.org/wiki/Trento;https://www.vivoscuola.it/content/view/full/29707
481;istituto comprensivo trento 6;"scuola primaria ""san vigilio"" vela";;a carattere statale/provinciale;chiara ghetta;;;localita la vela, 3 38121;trento;0461236214;0461/230583;ic.trento6@pec.provincia.tn.it;dir.ic.tn6@scuole.provincia.tn.it;segr.ic.tn6@scuole.provincia.tn.it;https://www.ictrento6.it;tnee85803e;https://www.vivoscuola.it/content/view/full/29703;school;https://it.wikipedia.org/wiki/Trento;https://www.vivoscuola.it/content/view/full/29708
482;istituto comprensivo trento 6;scuola primaria cadine;;a carattere statale/provinciale;chiara ghetta;;;via di coltura, 7 38123;trento;0461236214;0461/230583;ic.trento6@pec.provincia.tn.it;dir.ic.tn6@scuole.provincia.tn.it;segr.ic.tn6@scuole.provincia.tn.it;https://www.ictrento6.it;tnee85804g;https://www.vivoscuola.it/content/view/full/29703;school;https://it.wikipedia.org/wiki/Trento;https://www.vivoscuola.it/content/view/full/29709
483;istituto comprensivo trento 6;"scuola secondaria di primo grado ""a. manzoni"" trento";;a carattere statale/provinciale;chiara ghetta;;;corso buonarroti, 50 38122;trento;0461236214;0461/230583;ic.trento6@pec.provincia.tn.it;dir.ic.tn6@scuole.provincia.tn.it;segr.ic.tn6@scuole.provincia.tn.it;https://www.ictrento6.it;tnmm85801b;https://www.vivoscuola.it/content/view/full/29703;school;https://it.wikipedia.org/wiki/Trento;https://www.vivoscuola.it/content/view/full/29710
484;"istituto comprensivo trento 7 ""rita levi montalcini""";;istituzione scolastica e formativa;a carattere statale/provinciale;laura de donno;;;via iv novembre, 35/1 38121;trento;0461990287;0461/994418;ic.trento7@pec.provincia.tn.it;dir.ic.tn7@scuole.provincia.tn.it;segr.ic.tn7@scuole.provincia.tn.it;https://www.trento7.it;tnic85100g;https://www.vivoscuola.it/content/view/full/29711;institute;https://it.wikipedia.org/wiki/Trento;
485;"istituto comprensivo trento 7 ""rita levi montalcini""";"scuola primaria ""e. de carli"" meano";;a carattere statale/provinciale;laura de donno;;;via delle tre croci, 40 38121;trento;0461990287;0461/994418;ic.trento7@pec.provincia.tn.it;dir.ic.tn7@scuole.provincia.tn.it;segr.ic.tn7@scuole.provincia.tn.it;https://www.trento7.it;tnee85101n;https://www.vivoscuola.it/content/view/full/29711;school;https://it.wikipedia.org/wiki/Trento;https://www.vivoscuola.it/content/view/full/29712
486;"istituto comprensivo trento 7 ""rita levi montalcini""";"scuola primaria ""i. calvino"" vigo meano";;a carattere statale/provinciale;laura de donno;;;via alle oselere,   38121;trento;0461990287;0461/994418;ic.trento7@pec.provincia.tn.it;dir.ic.tn7@scuole.provincia.tn.it;segr.ic.tn7@scuole.provincia.tn.it;https://www.trento7.it;tnee85102p;https://www.vivoscuola.it/content/view/full/29711;school;https://it.wikipedia.org/wiki/Trento;https://www.vivoscuola.it/content/view/full/29713
487;"istituto comprensivo trento 7 ""rita levi montalcini""";"scuola primaria ""pigarelli"" gardolo trento";;a carattere statale/provinciale;laura de donno;;;via iv novembre, 42/1 38121;trento;0461990287;0461/994418;ic.trento7@pec.provincia.tn.it;dir.ic.tn7@scuole.provincia.tn.it;segr.ic.tn7@scuole.provincia.tn.it;https://www.trento7.it;tnee85103q;https://www.vivoscuola.it/content/view/full/29711;school;https://it.wikipedia.org/wiki/Trento;https://www.vivoscuola.it/content/view/full/29714
488;"istituto comprensivo trento 7 ""rita levi montalcini""";"scuola primaria ""s. anna"" gardolo trento";;a carattere statale/provinciale;laura de donno;;;via s anna, 3 38121;trento;0461990287;0461/994418;ic.trento7@pec.provincia.tn.it;dir.ic.tn7@scuole.provincia.tn.it;segr.ic.tn7@scuole.provincia.tn.it;https://www.trento7.it;tnee85104r;https://www.vivoscuola.it/content/view/full/29711;school;https://it.wikipedia.org/wiki/Trento;https://www.vivoscuola.it/content/view/full/29715
489;"istituto comprensivo trento 7 ""rita levi montalcini""";"scuola secondaria di primo grado ""s. pedrolli"" gardolo trento";;a carattere statale/provinciale;laura de donno;;;via iv novembre, 35/1 38121;trento;0461990287;0461/994418;ic.trento7@pec.provincia.tn.it;dir.ic.tn7@scuole.provincia.tn.it;segr.ic.tn7@scuole.provincia.tn.it;https://www.trento7.it;tnmm85101l;https://www.vivoscuola.it/content/view/full/29711;school;https://it.wikipedia.org/wiki/Trento;https://www.vivoscuola.it/content/view/full/29716
490;istituto comprensivo val rendena;;istituzione scolastica e formativa;a carattere statale/provinciale;giuseppe prigiotti;;;viale della pace, 10 38086;pinzolo;0465501139;0465/512119;ic.valrendena@pec.provincia.tn.it;dir.ic.valrendena@scuole.provincia.tn.it;segr.ic.valrendena@scuole.provincia.tn.it;https://www.icvalrendena.edu.it;tnic83400t;https://www.vivoscuola.it/content/view/full/29717;institute;https://it.wikipedia.org/wiki/Pinzolo;
491;istituto comprensivo val rendena;"scuola primaria ""g. b. righi"" madonna di campiglio";;a carattere statale/provinciale;giuseppe prigiotti;;;via serafini - madonna di campiglio, 9 38070;tre ville;0465501139;0465/512119;ic.valrendena@pec.provincia.tn.it;dir.ic.valrendena@scuole.provincia.tn.it;segr.ic.valrendena@scuole.provincia.tn.it;https://www.icvalrendena.edu.it;tnee834054;https://www.vivoscuola.it/content/view/full/29717;school;https://it.wikipedia.org/wiki/Tre_Ville;https://www.vivoscuola.it/content/view/full/29718
492;istituto comprensivo val rendena;"scuola primaria ""n. bolognini"" pinzolo";;a carattere statale/provinciale;giuseppe prigiotti;;;via collini borciol, 18 38086;pinzolo;0465501139;0465/512119;ic.valrendena@pec.provincia.tn.it;dir.ic.valrendena@scuole.provincia.tn.it;segr.ic.valrendena@scuole.provincia.tn.it;https://www.icvalrendena.edu.it;tnee834043;https://www.vivoscuola.it/content/view/full/29717;school;https://it.wikipedia.org/wiki/Pinzolo;https://www.vivoscuola.it/content/view/full/29719
493;istituto comprensivo val rendena;"scuola primaria ""s. massari"" spiazzo";;a carattere statale/provinciale;giuseppe prigiotti;;;frazione fisto,  112 38088;spiazzo;0465501139;0465/512119;ic.valrendena@pec.provincia.tn.it;dir.ic.valrendena@scuole.provincia.tn.it;segr.ic.valrendena@scuole.provincia.tn.it;https://www.icvalrendena.edu.it;tnee834065;https://www.vivoscuola.it/content/view/full/29717;school;https://it.wikipedia.org/wiki/Spiazzo;https://www.vivoscuola.it/content/view/full/29720
494;istituto comprensivo val rendena;"scuola primaria ""t. giustina"" caderzone";;a carattere statale/provinciale;giuseppe prigiotti;;;via regina elena, 43 38080;caderzone terme;0465501139;0465/512119;ic.valrendena@pec.provincia.tn.it;dir.ic.valrendena@scuole.provincia.tn.it;segr.ic.valrendena@scuole.provincia.tn.it;https://www.icvalrendena.edu.it;tnee83401x;https://www.vivoscuola.it/content/view/full/29717;school;https://it.wikipedia.org/wiki/Caderzone_Terme;https://www.vivoscuola.it/content/view/full/29721
495;istituto comprensivo val rendena;"scuola primaria ""v. gabriotti"" giustino";;a carattere statale/provinciale;giuseppe prigiotti;;;via presanella, 23 38086;giustino;0465501139;0465/512119;ic.valrendena@pec.provincia.tn.it;dir.ic.valrendena@scuole.provincia.tn.it;segr.ic.valrendena@scuole.provincia.tn.it;https://www.icvalrendena.edu.it;tnee834032;https://www.vivoscuola.it/content/view/full/29717;school;https://it.wikipedia.org/wiki/Giustino_(Italia);https://www.vivoscuola.it/content/view/full/29722
496;istituto comprensivo val rendena;scuola primaria carisolo;;a carattere statale/provinciale;giuseppe prigiotti;;;via verdi, 18/b 38080;carisolo;0465501139;0465/512119;ic.valrendena@pec.provincia.tn.it;dir.ic.valrendena@scuole.provincia.tn.it;segr.ic.valrendena@scuole.provincia.tn.it;https://www.icvalrendena.edu.it;tnee834021;https://www.vivoscuola.it/content/view/full/29717;school;https://it.wikipedia.org/wiki/Carisolo;https://www.vivoscuola.it/content/view/full/29723
497;istituto comprensivo val rendena;scuola primaria dare';;a carattere statale/provinciale;giuseppe prigiotti;;;via dare - dare, 111 38080;porte di rendena;0465501139;0465/512119;ic.valrendena@pec.provincia.tn.it;dir.ic.valrendena@scuole.provincia.tn.it;segr.ic.valrendena@scuole.provincia.tn.it;https://www.icvalrendena.edu.it;tnee834076;https://www.vivoscuola.it/content/view/full/29717;school;https://it.wikipedia.org/wiki/Porte_di_Rendena;https://www.vivoscuola.it/content/view/full/29724
498;istituto comprensivo val rendena;"scuola secondaria di primo grado ""b. de averaria"" spiazzo";;a carattere statale/provinciale;giuseppe prigiotti;;;frazione fisto,  112 38088;spiazzo;0465501139;0465/512119;ic.valrendena@pec.provincia.tn.it;dir.ic.valrendena@scuole.provincia.tn.it;segr.ic.valrendena@scuole.provincia.tn.it;https://www.icvalrendena.edu.it;tnmm83402x;https://www.vivoscuola.it/content/view/full/29717;school;https://it.wikipedia.org/wiki/Spiazzo;https://www.vivoscuola.it/content/view/full/29725
499;istituto comprensivo val rendena;"scuola secondaria di primo grado ""g. b. righi"" madonna di campiglio";;a carattere statale/provinciale;giuseppe prigiotti;;;via serafini - madonna di campiglio, 9 38070;tre ville;0465501139;0465/512119;ic.valrendena@pec.provincia.tn.it;dir.ic.valrendena@scuole.provincia.tn.it;segr.ic.valrendena@scuole.provincia.tn.it;https://www.icvalrendena.edu.it;tnmm834031;https://www.vivoscuola.it/content/view/full/29717;school;https://it.wikipedia.org/wiki/Tre_Ville;https://www.vivoscuola.it/content/view/full/29726
500;istituto comprensivo val rendena;"scuola secondaria di primo grado ""l. da vinci"" pinzolo";;a carattere statale/provinciale;giuseppe prigiotti;;;via collini borciol, 18 38086;pinzolo;0465501139;0465/512119;ic.valrendena@pec.provincia.tn.it;dir.ic.valrendena@scuole.provincia.tn.it;segr.ic.valrendena@scuole.provincia.tn.it;https://www.icvalrendena.edu.it;tnmm83401v;https://www.vivoscuola.it/content/view/full/29717;school;https://it.wikipedia.org/wiki/Pinzolo;https://www.vivoscuola.it/content/view/full/29727
501;istituto comprensivo valle dei laghi - dro;;istituzione scolastica e formativa;a carattere statale/provinciale;alessandro fabris;;;via roma - vezzano, 3 38070;vallelaghi;0461864026;0461/340648;ic.valledeilaghi@pec.provincia.tn.it;dir.ic.valledeilaghi@scuole.provincia.tn.it;segr.ic.valledeilaghi@scuole.provincia.tn.it;https://www.icvalledeilaghidro.it;tnic84400c;https://www.vivoscuola.it/content/view/full/29728;institute;https://it.wikipedia.org/wiki/Vallelaghi;
502;istituto comprensivo valle dei laghi - dro;scuola primaria calavino;;a carattere statale/provinciale;alessandro fabris;;;piazza maria assunta - calavino, 1 38076;madruzzo;0461864026;0461/340648;ic.valledeilaghi@pec.provincia.tn.it;dir.ic.valledeilaghi@scuole.provincia.tn.it;segr.ic.valledeilaghi@scuole.provincia.tn.it;https://www.icvalledeilaghidro.it;tnee84405p;https://www.vivoscuola.it/content/view/full/29728;school;https://it.wikipedia.org/wiki/Madruzzo_(Italia);https://www.vivoscuola.it/content/view/full/29729
503;istituto comprensivo valle dei laghi - dro;scuola primaria cavedine;;a carattere statale/provinciale;alessandro fabris;;;via don negri, 21 38073;cavedine;0461864026;0461/340648;ic.valledeilaghi@pec.provincia.tn.it;dir.ic.valledeilaghi@scuole.provincia.tn.it;segr.ic.valledeilaghi@scuole.provincia.tn.it;https://www.icvalledeilaghidro.it;tnee84406q;https://www.vivoscuola.it/content/view/full/29728;school;https://it.wikipedia.org/wiki/Cavedine;https://www.vivoscuola.it/content/view/full/29730
504;istituto comprensivo valle dei laghi - dro;scuola primaria dro;;a carattere statale/provinciale;alessandro fabris;;;piazza repubblica,  1 38074;dro;0461864026;0461/340648;ic.valledeilaghi@pec.provincia.tn.it;dir.ic.valledeilaghi@scuole.provincia.tn.it;segr.ic.valledeilaghi@scuole.provincia.tn.it;https://www.icvalledeilaghidro.it;tnee84409v;https://www.vivoscuola.it/content/view/full/29728;school;https://it.wikipedia.org/wiki/Dro;https://www.vivoscuola.it/content/view/full/29731
505;istituto comprensivo valle dei laghi - dro;scuola primaria pietramurata;;a carattere statale/provinciale;alessandro fabris;;;piazza mercato,   38074;dro;0461864026;0461/340648;ic.valledeilaghi@pec.provincia.tn.it;dir.ic.valledeilaghi@scuole.provincia.tn.it;segr.ic.valledeilaghi@scuole.provincia.tn.it;https://www.icvalledeilaghidro.it;tnee844101;https://www.vivoscuola.it/content/view/full/29728;school;https://it.wikipedia.org/wiki/Dro;https://www.vivoscuola.it/content/view/full/29732
506;istituto comprensivo valle dei laghi - dro;scuola primaria sarche calavino;;a carattere statale/provinciale;alessandro fabris;;;via caffaro - sarche - calavino, 2 38076;madruzzo;0461864026;0461/340648;ic.valledeilaghi@pec.provincia.tn.it;dir.ic.valledeilaghi@scuole.provincia.tn.it;segr.ic.valledeilaghi@scuole.provincia.tn.it;https://www.icvalledeilaghidro.it;tnee84401e;https://www.vivoscuola.it/content/view/full/29728;school;https://it.wikipedia.org/wiki/Madruzzo_(Italia);https://www.vivoscuola.it/content/view/full/29733
507;istituto comprensivo valle dei laghi - dro;scuola primaria terlago;;a carattere statale/provinciale;alessandro fabris;;;via degasperi - terlago, 5 38070;vallelaghi;0461864026;0461/340648;ic.valledeilaghi@pec.provincia.tn.it;dir.ic.valledeilaghi@scuole.provincia.tn.it;segr.ic.valledeilaghi@scuole.provincia.tn.it;https://www.icvalledeilaghidro.it;tnee84402g;https://www.vivoscuola.it/content/view/full/29728;school;https://it.wikipedia.org/wiki/Vallelaghi;https://www.vivoscuola.it/content/view/full/29734
508;istituto comprensivo valle dei laghi - dro;scuola primaria vezzano;;a carattere statale/provinciale;alessandro fabris;;;via roma - vezzano, 3 38070;vallelaghi;0461864026;0461/340648;ic.valledeilaghi@pec.provincia.tn.it;dir.ic.valledeilaghi@scuole.provincia.tn.it;segr.ic.valledeilaghi@scuole.provincia.tn.it;https://www.icvalledeilaghidro.it;tnee84403l;https://www.vivoscuola.it/content/view/full/29728;school;https://it.wikipedia.org/wiki/Vallelaghi;https://www.vivoscuola.it/content/view/full/29735
509;istituto comprensivo valle dei laghi - dro;scuola primaria vigo cavedine;;a carattere statale/provinciale;alessandro fabris;;;via don negri, 21 38073;cavedine;0461864026;0461/340648;ic.valledeilaghi@pec.provincia.tn.it;dir.ic.valledeilaghi@scuole.provincia.tn.it;segr.ic.valledeilaghi@scuole.provincia.tn.it;https://www.icvalledeilaghidro.it;tnee84407r;https://www.vivoscuola.it/content/view/full/29728;school;https://it.wikipedia.org/wiki/Cavedine;https://www.vivoscuola.it/content/view/full/29736
510;istituto comprensivo valle dei laghi - dro;"scuola secondaria di primo grado ""c. madruzzo"" cavedine";;a carattere statale/provinciale;alessandro fabris;;;via xxv aprile, 7 38073;cavedine;0461864026;0461/340648;ic.valledeilaghi@pec.provincia.tn.it;dir.ic.valledeilaghi@scuole.provincia.tn.it;segr.ic.valledeilaghi@scuole.provincia.tn.it;https://www.icvalledeilaghidro.it;tnmm84402e;https://www.vivoscuola.it/content/view/full/29728;school;https://it.wikipedia.org/wiki/Cavedine;https://www.vivoscuola.it/content/view/full/29737
511;istituto comprensivo valle dei laghi - dro;"scuola secondaria di primo grado ""nuova europa"" dro";;a carattere statale/provinciale;alessandro fabris;;;via s antonio, 17 38074;dro;0461864026;0461/340648;ic.valledeilaghi@pec.provincia.tn.it;dir.ic.valledeilaghi@scuole.provincia.tn.it;segr.ic.valledeilaghi@scuole.provincia.tn.it;https://www.icvalledeilaghidro.it;tnmm84403g;https://www.vivoscuola.it/content/view/full/29728;school;https://it.wikipedia.org/wiki/Dro;https://www.vivoscuola.it/content/view/full/29738
512;istituto comprensivo valle dei laghi - dro;"scuola secondaria di primo grado ""s. bellesini"" vezzano";;a carattere statale/provinciale;alessandro fabris;;;via roma - vezzano, 3 38070;vallelaghi;0461864026;0461/340648;ic.valledeilaghi@pec.provincia.tn.it;dir.ic.valledeilaghi@scuole.provincia.tn.it;segr.ic.valledeilaghi@scuole.provincia.tn.it;https://www.icvalledeilaghidro.it;tnmm84401d;https://www.vivoscuola.it/content/view/full/29728;school;https://it.wikipedia.org/wiki/Vallelaghi;https://www.vivoscuola.it/content/view/full/29739
513;istituto comprensivo valle di ledro;;istituzione scolastica e formativa;a carattere statale/provinciale;massimo amistadi;;;via falcone e borsellino - bezzecca, 2 38067;ledro;0464592800;0464/592819;ic.vallediledro@pec.provincia.tn.it;dir.ic.bezzecca@scuole.provincia.tn.it;segr.ic.bezzecca@scuole.provincia.tn.it;https://www.icvallediledro.it;tnic80600n;https://www.vivoscuola.it/content/view/full/29740;institute;https://it.wikipedia.org/wiki/Ledro;
514;istituto comprensivo valle di ledro;"scuola primaria ""o. ferrari"" enguiso";;a carattere statale/provinciale;massimo amistadi;;;via dei concei - enguiso - concei, 27 38067;ledro;0464592800;0464/592819;ic.vallediledro@pec.provincia.tn.it;dir.ic.bezzecca@scuole.provincia.tn.it;segr.ic.bezzecca@scuole.provincia.tn.it;https://www.icvallediledro.it;tnee80601q;https://www.vivoscuola.it/content/view/full/29740;school;https://it.wikipedia.org/wiki/Ledro;https://www.vivoscuola.it/content/view/full/29741
515;istituto comprensivo valle di ledro;scuola primaria molina di ledro;;a carattere statale/provinciale;massimo amistadi;;;via sartori - molina di ledro, 27 38067;ledro;0464592800;0464/592819;ic.vallediledro@pec.provincia.tn.it;dir.ic.bezzecca@scuole.provincia.tn.it;segr.ic.bezzecca@scuole.provincia.tn.it;https://www.icvallediledro.it;tnee80602r;https://www.vivoscuola.it/content/view/full/29740;school;https://it.wikipedia.org/wiki/Ledro;https://www.vivoscuola.it/content/view/full/29742
516;istituto comprensivo valle di ledro;scuola primaria tiarno di sopra;;a carattere statale/provinciale;massimo amistadi;;;piazza milin - tiarno di sopra, 14 38067;ledro;0464592800;0464/592819;ic.vallediledro@pec.provincia.tn.it;dir.ic.bezzecca@scuole.provincia.tn.it;segr.ic.bezzecca@scuole.provincia.tn.it;https://www.icvallediledro.it;tnee80603t;https://www.vivoscuola.it/content/view/full/29740;school;https://it.wikipedia.org/wiki/Ledro;https://www.vivoscuola.it/content/view/full/29743
517;istituto comprensivo valle di ledro;"scuola secondaria di primo grado ""g. garibaldi"" bezzecca";;a carattere statale/provinciale;massimo amistadi;;;via falcone e borsellino - bezzecca, 2 38067;ledro;0464592800;0464/592819;ic.vallediledro@pec.provincia.tn.it;dir.ic.bezzecca@scuole.provincia.tn.it;segr.ic.bezzecca@scuole.provincia.tn.it;https://www.icvallediledro.it;tnmm80601p;https://www.vivoscuola.it/content/view/full/29740;school;https://it.wikipedia.org/wiki/Ledro;https://www.vivoscuola.it/content/view/full/29744
518;istituto comprensivo vigolo vattaro;;istituzione scolastica e formativa;a carattere statale/provinciale;gabriella vitale;;;via garibaldi - vigolo vattaro, 8 38049;altopiano della vigolana;0461848878;0461/845217;ic.vigolovattaro@pec.provincia.tn.it;dir.vigolovattaro@scuole.provincia.tn.it;segr.vigolovattaro@scuole.provincia.tn.it;https://www.icvigolovattaro.it;tnic803006;https://www.vivoscuola.it/content/view/full/29745;institute;https://it.wikipedia.org/wiki/Altopiano_della_Vigolana;
519;istituto comprensivo vigolo vattaro;"scuola primaria ""a. fogazzaro"" vattaro";;a carattere statale/provinciale;gabriella vitale;;;via venezia - bosentino, 12/a 38049;altopiano della vigolana;0461848878;0461/845217;ic.vigolovattaro@pec.provincia.tn.it;dir.vigolovattaro@scuole.provincia.tn.it;segr.vigolovattaro@scuole.provincia.tn.it;https://www.icvigolovattaro.it;tnee803029;https://www.vivoscuola.it/content/view/full/29745;school;https://it.wikipedia.org/wiki/Altopiano_della_Vigolana;https://www.vivoscuola.it/content/view/full/29746
520;istituto comprensivo vigolo vattaro;"scuola primaria ""don t. segnana"" centa san nicolo'";;a carattere statale/provinciale;gabriella vitale;;;via don rossi - centa san nicolo, 4 38049;altopiano della vigolana;0461848878;0461/845217;ic.vigolovattaro@pec.provincia.tn.it;dir.vigolovattaro@scuole.provincia.tn.it;segr.vigolovattaro@scuole.provincia.tn.it;https://www.icvigolovattaro.it;tnee80303a;https://www.vivoscuola.it/content/view/full/29745;school;https://it.wikipedia.org/wiki/Altopiano_della_Vigolana;https://www.vivoscuola.it/content/view/full/29747
521;istituto comprensivo vigolo vattaro;scuola primaria vigolo vattaro;;a carattere statale/provinciale;gabriella vitale;;;via garibaldi - vigolo vattaro, 8 38049;altopiano della vigolana;0461848878;0461/845217;ic.vigolovattaro@pec.provincia.tn.it;dir.vigolovattaro@scuole.provincia.tn.it;segr.vigolovattaro@scuole.provincia.tn.it;https://www.icvigolovattaro.it;tnee803018;https://www.vivoscuola.it/content/view/full/29745;school;https://it.wikipedia.org/wiki/Altopiano_della_Vigolana;https://www.vivoscuola.it/content/view/full/29748
522;istituto comprensivo vigolo vattaro;scuola secondaria di primo grado vigolo vattaro;;a carattere statale/provinciale;gabriella vitale;;;via garibaldi - vigolo vattaro, 8 38049;altopiano della vigolana;0461848878;0461/845217;ic.vigolovattaro@pec.provincia.tn.it;dir.vigolovattaro@scuole.provincia.tn.it;segr.vigolovattaro@scuole.provincia.tn.it;https://www.icvigolovattaro.it;tnmm803017;https://www.vivoscuola.it/content/view/full/29745;school;https://it.wikipedia.org/wiki/Altopiano_della_Vigolana;https://www.vivoscuola.it/content/view/full/29749
523;istituto comprensivo villa lagarina;;istituzione scolastica e formativa;a carattere statale/provinciale;tiziana chemotti;;;via stockstadt am rhein, 3 38060;villa lagarina;0464411312;0464/411705;ic.villalagarina@pec.provincia.tn.it;dir.ic.villalagarina@scuole.provincia.tn.it;segr.ic.villalagarina@scuole.provincia.tn.it;https://www.icvillalagarina.it;tnic846004;https://www.vivoscuola.it/content/view/full/29750;institute;https://it.wikipedia.org/wiki/Villa_Lagarina;
524;istituto comprensivo villa lagarina;"scuola primaria ""l. vicentini"" nomi";;a carattere statale/provinciale;tiziana chemotti;;;via romani, 12 38060;nomi;0464411312;0464/411705;ic.villalagarina@pec.provincia.tn.it;dir.ic.villalagarina@scuole.provincia.tn.it;segr.ic.villalagarina@scuole.provincia.tn.it;https://www.icvillalagarina.it;tnee84606b;https://www.vivoscuola.it/content/view/full/29750;school;https://it.wikipedia.org/wiki/Nomi_(Italia);https://www.vivoscuola.it/content/view/full/29751
525;istituto comprensivo villa lagarina;"scuola primaria ""p. lodron"" villa lagarina";;a carattere statale/provinciale;tiziana chemotti;;;via stockstadt am rhein, 9 38060;villa lagarina;0464411312;0464/411705;ic.villalagarina@pec.provincia.tn.it;dir.ic.villalagarina@scuole.provincia.tn.it;segr.ic.villalagarina@scuole.provincia.tn.it;https://www.icvillalagarina.it;tnee846038;https://www.vivoscuola.it/content/view/full/29750;school;https://it.wikipedia.org/wiki/Villa_Lagarina;https://www.vivoscuola.it/content/view/full/29752
526;istituto comprensivo villa lagarina;"scuola primaria ""r. galvagni"" pomarolo";;a carattere statale/provinciale;tiziana chemotti;;;piazzale colonello angheben, 5 38060;pomarolo;0464411312;0464/411705;ic.villalagarina@pec.provincia.tn.it;dir.ic.villalagarina@scuole.provincia.tn.it;segr.ic.villalagarina@scuole.provincia.tn.it;https://www.icvillalagarina.it;tnee846027;https://www.vivoscuola.it/content/view/full/29750;school;https://it.wikipedia.org/wiki/Pomarolo;https://www.vivoscuola.it/content/view/full/29753
527;istituto comprensivo villa lagarina;scuola primaria nogaredo;;a carattere statale/provinciale;tiziana chemotti;;;via verdi, 44 38060;nogaredo;0464411312;0464/411705;ic.villalagarina@pec.provincia.tn.it;dir.ic.villalagarina@scuole.provincia.tn.it;segr.ic.villalagarina@scuole.provincia.tn.it;https://www.icvillalagarina.it;tnee846016;https://www.vivoscuola.it/content/view/full/29750;school;https://it.wikipedia.org/wiki/Nogaredo;https://www.vivoscuola.it/content/view/full/29754
528;istituto comprensivo villa lagarina;"scuola secondaria di primo grado ""a. frank"" villa lagarina";;a carattere statale/provinciale;tiziana chemotti;;;via stockstadt am rhein, 3 38060;villa lagarina;0464411312;0464/411705;ic.villalagarina@pec.provincia.tn.it;dir.ic.villalagarina@scuole.provincia.tn.it;segr.ic.villalagarina@scuole.provincia.tn.it;https://www.icvillalagarina.it;tnmm846015;https://www.vivoscuola.it/content/view/full/29750;school;https://it.wikipedia.org/wiki/Villa_Lagarina;https://www.vivoscuola.it/content/view/full/29755
529;"istituto di formazione professionale alberghiero ""giuseppe cipriani""- levico";;istituzione scolastica e formativa;a carattere statale/provinciale;lucia russo;targa walter;;via ziehl, 5 38056;levico terme;0461706294;0461/702025;ifpa.levicoterme@pec.provincia.tn.it;dir.ifpa.levicoterme@scuole.provincia.tn.it;segr.ifpa.levicoterme@scuole.provincia.tn.it;https://www.alberghierolevico.it;tncf010001;https://www.vivoscuola.it/content/view/full/29858;institute;https://it.wikipedia.org/wiki/Levico_Terme;
530;"istituto di formazione professionale alberghiero ""giuseppe cipriani""- levico";capes - settore servizi;;a carattere statale/provinciale;lucia russo;targa walter;;via ziehl, 5 38056;levico terme;0461706294;0461/702025;ifpa.levicoterme@pec.provincia.tn.it;dir.ifpa.levicoterme@scuole.provincia.tn.it;segr.ifpa.levicoterme@scuole.provincia.tn.it;https://www.alberghierolevico.it;tncf010001;https://www.vivoscuola.it/content/view/full/29858;school;https://it.wikipedia.org/wiki/Levico_Terme;https://www.vivoscuola.it/content/view/full/170208
531;"istituto di formazione professionale alberghiero ""giuseppe cipriani""- levico";settore industria e artigianato;;a carattere statale/provinciale;lucia russo;targa walter;;via ziehl, 5 38056;levico terme;0461706294;0461/702025;ifpa.levicoterme@pec.provincia.tn.it;dir.ifpa.levicoterme@scuole.provincia.tn.it;segr.ifpa.levicoterme@scuole.provincia.tn.it;https://www.alberghierolevico.it;tncf010001;https://www.vivoscuola.it/content/view/full/29858;school;https://it.wikipedia.org/wiki/Levico_Terme;https://www.vivoscuola.it/content/view/full/122612
532;"istituto di formazione professionale alberghiero ""giuseppe cipriani""- levico";settore servizi;;a carattere statale/provinciale;lucia russo;targa walter;;via ziehl, 5 38056;levico terme;0461706294;0461/702025;ifpa.levicoterme@pec.provincia.tn.it;dir.ifpa.levicoterme@scuole.provincia.tn.it;segr.ifpa.levicoterme@scuole.provincia.tn.it;https://www.alberghierolevico.it;tncf010001;https://www.vivoscuola.it/content/view/full/29858;school;https://it.wikipedia.org/wiki/Levico_Terme;https://www.vivoscuola.it/content/view/full/29859
533;"istituto di formazione professionale alberghiero ""giuseppe cipriani""- levico";settore servizi serale;;a carattere statale/provinciale;lucia russo;targa walter;;via ziehl, 5 38056;levico terme;0461706294;0461/702025;ifpa.levicoterme@pec.provincia.tn.it;dir.ifpa.levicoterme@scuole.provincia.tn.it;segr.ifpa.levicoterme@scuole.provincia.tn.it;https://www.alberghierolevico.it;;https://www.vivoscuola.it/content/view/full/29858;school;https://it.wikipedia.org/wiki/Levico_Terme;https://www.vivoscuola.it/content/view/full/76225
534;istituto di formazione professionale alberghiero - rovereto;;istituzione scolastica e formativa;a carattere statale/provinciale;vito rovigo;cazzani daniela;;viale dei colli, 17 38068;rovereto;0464439164;0464/435851;ifpa.rovereto@pec.provincia.tn.it;dir.ifpa.rovereto@scuole.provincia.tn.it;segr.ifpa.rovereto@scuole.provincia.tn.it;https://www.alberghierorovereto.it;tncf011001;https://www.vivoscuola.it/content/view/full/29861;institute;https://it.wikipedia.org/wiki/Rovereto;
535;istituto di formazione professionale alberghiero - rovereto;capes - settore servizi;;a carattere statale/provinciale;vito rovigo;cazzani daniela;;viale dei colli, 17 38068;rovereto;0464439164;0464/435851;ifpa.rovereto@pec.provincia.tn.it;dir.ifpa.rovereto@scuole.provincia.tn.it;segr.ifpa.rovereto@scuole.provincia.tn.it;https://www.alberghierorovereto.it;tncf011001;https://www.vivoscuola.it/content/view/full/29861;school;https://it.wikipedia.org/wiki/Rovereto;https://www.vivoscuola.it/content/view/full/170209
536;istituto di formazione professionale alberghiero - rovereto;settore industria e artigianato;;a carattere statale/provinciale;vito rovigo;cazzani daniela;;viale dei colli, 17 38068;rovereto;0464439164;0464/435851;ifpa.rovereto@pec.provincia.tn.it;dir.ifpa.rovereto@scuole.provincia.tn.it;segr.ifpa.rovereto@scuole.provincia.tn.it;https://www.alberghierorovereto.it;tncf011001;https://www.vivoscuola.it/content/view/full/29861;school;https://it.wikipedia.org/wiki/Rovereto;https://www.vivoscuola.it/content/view/full/92004
537;istituto di formazione professionale alberghiero - rovereto;settore servizi;;a carattere statale/provinciale;vito rovigo;cazzani daniela;;viale dei colli, 17 38068;rovereto;0464439164;0464/435851;ifpa.rovereto@pec.provincia.tn.it;dir.ifpa.rovereto@scuole.provincia.tn.it;segr.ifpa.rovereto@scuole.provincia.tn.it;https://www.alberghierorovereto.it;tncf011001;https://www.vivoscuola.it/content/view/full/29861;school;https://it.wikipedia.org/wiki/Rovereto;https://www.vivoscuola.it/content/view/full/29862
538;istituto di formazione professionale alberghiero - rovereto;settore servizi serale;;a carattere statale/provinciale;vito rovigo;cazzani daniela;;viale dei colli, 17 38068;rovereto;0464439164;0464/435851;ifpa.rovereto@pec.provincia.tn.it;dir.ifpa.rovereto@scuole.provincia.tn.it;segr.ifpa.rovereto@scuole.provincia.tn.it;https://www.alberghierorovereto.it;;https://www.vivoscuola.it/content/view/full/29861;school;https://it.wikipedia.org/wiki/Rovereto;https://www.vivoscuola.it/content/view/full/29863
539;"istituto di formazione professionale servizi alla persona e legno ""s. pertini"" ";;istituzione scolastica e formativa;a carattere statale/provinciale;maria rita magistro;maria rita magistro;;viale verona, 141 38123;trento;0461933147;0461/931682;ifp.trento@pec.provincia.tn.it;ifp.trento@scuole.provincia.tn.it;ifp.trento@scuole.provincia.tn.it;https://ifpsandropertinitrento.it;tncf012001;https://www.vivoscuola.it/content/view/full/29864;institute;https://it.wikipedia.org/wiki/Trento;
540;"istituto di formazione professionale servizi alla persona e legno ""s. pertini"" ";capes - settore servizi;;a carattere statale/provinciale;maria rita magistro;maria rita magistro;;viale verona, 141 38123;trento;0461933147;0461/931682;ifp.trento@pec.provincia.tn.it;ifp.trento@scuole.provincia.tn.it;ifp.trento@scuole.provincia.tn.it;https://ifpsandropertinitrento.it;tncf012001;https://www.vivoscuola.it/content/view/full/29864;school;https://it.wikipedia.org/wiki/Trento;https://www.vivoscuola.it/content/view/full/170210
541;"istituto di formazione professionale servizi alla persona e legno ""s. pertini"" ";settore industria e artigianato;;a carattere statale/provinciale;maria rita magistro;maria rita magistro;;via asiago, 14 38123;trento;0461933147;0461/931682;ifp.trento@pec.provincia.tn.it;ifp.trento@scuole.provincia.tn.it;ifp.trento@scuole.provincia.tn.it;https://ifpsandropertinitrento.it;tnfp268sta;https://www.vivoscuola.it/content/view/full/29864;school;https://it.wikipedia.org/wiki/Trento;https://www.vivoscuola.it/content/view/full/29865
542;"istituto di formazione professionale servizi alla persona e legno ""s. pertini"" ";settore industria e artigianato serale;;a carattere statale/provinciale;maria rita magistro;maria rita magistro;;via asiago, 14 38123;trento;0461933147;0461/931682;ifp.trento@pec.provincia.tn.it;ifp.trento@scuole.provincia.tn.it;ifp.trento@scuole.provincia.tn.it;https://ifpsandropertinitrento.it;;https://www.vivoscuola.it/content/view/full/29864;school;https://it.wikipedia.org/wiki/Trento;https://www.vivoscuola.it/content/view/full/29866
543;"istituto di formazione professionale servizi alla persona e legno ""s. pertini"" ";settore servizi;;a carattere statale/provinciale;maria rita magistro;maria rita magistro;;viale verona, 141 38123;trento;0461933147;0461/931682;ifp.trento@pec.provincia.tn.it;ifp.trento@scuole.provincia.tn.it;ifp.trento@scuole.provincia.tn.it;https://ifpsandropertinitrento.it;tncf012001;https://www.vivoscuola.it/content/view/full/29864;school;https://it.wikipedia.org/wiki/Trento;https://www.vivoscuola.it/content/view/full/29867
544;"istituto di formazione professionale servizi alla persona e legno ""s. pertini"" ";settore servizi serale;;a carattere statale/provinciale;maria rita magistro;maria rita magistro;;viale verona, 141 38123;trento;0461933147;0461/931682;ifp.trento@pec.provincia.tn.it;ifp.trento@scuole.provincia.tn.it;ifp.trento@scuole.provincia.tn.it;https://ifpsandropertinitrento.it;;https://www.vivoscuola.it/content/view/full/29864;school;https://it.wikipedia.org/wiki/Trento;https://www.vivoscuola.it/content/view/full/29868
545;"istituto di istruzione ""a. degasperi"" - borgo valsugana";;istituzione scolastica e formativa;a carattere statale/provinciale;giulio bertoldi;;;via xxiv maggio, 7 38051;borgo valsugana;0461753647;0461/753364;degasperi@pec.provincia.tn.it;dir.istalcidedegasperi@scuole.provincia.tn.it;segr.istalcidedegasperi@scuole.provincia.tn.it;https://www.istalcidedegasperi.it;tnis00200e;https://www.vivoscuola.it/content/view/full/29760;institute;https://it.wikipedia.org/wiki/Borgo_Valsugana;
546;"istituto di istruzione ""a. degasperi"" - borgo valsugana";educazione per adulti relativa al primo ciclo;;a carattere statale/provinciale;giulio bertoldi;;;via xxiv maggio, 7 38051;borgo valsugana;0461753647;0461/753364;degasperi@pec.provincia.tn.it;dir.istalcidedegasperi@scuole.provincia.tn.it;segr.istalcidedegasperi@scuole.provincia.tn.it;https://www.istalcidedegasperi.it;tnct708006;https://www.vivoscuola.it/content/view/full/29760;school;https://it.wikipedia.org/wiki/Borgo_Valsugana;https://www.vivoscuola.it/content/view/full/29761
547;"istituto di istruzione ""a. degasperi"" - borgo valsugana";istituto professionale per i servizi sanitari serale;;a carattere statale/provinciale;giulio bertoldi;;;via xxiv maggio, 7 38051;borgo valsugana;0461753647;0461/753364;degasperi@pec.provincia.tn.it;dir.istalcidedegasperi@scuole.provincia.tn.it;segr.istalcidedegasperi@scuole.provincia.tn.it;https://www.istalcidedegasperi.it;tntd002505;https://www.vivoscuola.it/content/view/full/29760;school;https://it.wikipedia.org/wiki/Borgo_Valsugana;https://www.vivoscuola.it/content/view/full/29762
548;"istituto di istruzione ""a. degasperi"" - borgo valsugana";istituto tecnico per il settore economico;;a carattere statale/provinciale;giulio bertoldi;;;via xxiv maggio, 7 38051;borgo valsugana;0461753647;0461/753364;degasperi@pec.provincia.tn.it;dir.istalcidedegasperi@scuole.provincia.tn.it;segr.istalcidedegasperi@scuole.provincia.tn.it;https://www.istalcidedegasperi.it;tntd00201r;https://www.vivoscuola.it/content/view/full/29760;school;https://it.wikipedia.org/wiki/Borgo_Valsugana;https://www.vivoscuola.it/content/view/full/29763
549;"istituto di istruzione ""a. degasperi"" - borgo valsugana";istituto tecnico per il settore economico serale;;a carattere statale/provinciale;giulio bertoldi;;;via xxiv maggio, 7 38051;borgo valsugana;0461753647;0461/753364;degasperi@pec.provincia.tn.it;dir.istalcidedegasperi@scuole.provincia.tn.it;segr.istalcidedegasperi@scuole.provincia.tn.it;https://www.istalcidedegasperi.it;tntd002505;https://www.vivoscuola.it/content/view/full/29760;school;https://it.wikipedia.org/wiki/Borgo_Valsugana;https://www.vivoscuola.it/content/view/full/29764
550;"istituto di istruzione ""a. degasperi"" - borgo valsugana";istituto tecnico per il settore tecnologico;;a carattere statale/provinciale;giulio bertoldi;;;via xxiv maggio, 7 38051;borgo valsugana;0461753647;0461/753364;degasperi@pec.provincia.tn.it;dir.istalcidedegasperi@scuole.provincia.tn.it;segr.istalcidedegasperi@scuole.provincia.tn.it;https://www.istalcidedegasperi.it;tntd00201r;https://www.vivoscuola.it/content/view/full/29760;school;https://it.wikipedia.org/wiki/Borgo_Valsugana;https://www.vivoscuola.it/content/view/full/29765
551;"istituto di istruzione ""a. degasperi"" - borgo valsugana";istituto tecnico per il settore tecnologico serale;;a carattere statale/provinciale;giulio bertoldi;;;via xxiv maggio, 7 38051;borgo valsugana;0461753647;0461/753364;degasperi@pec.provincia.tn.it;dir.istalcidedegasperi@scuole.provincia.tn.it;segr.istalcidedegasperi@scuole.provincia.tn.it;https://www.istalcidedegasperi.it;tntd002505;https://www.vivoscuola.it/content/view/full/29760;school;https://it.wikipedia.org/wiki/Borgo_Valsugana;https://www.vivoscuola.it/content/view/full/29766
552;"istituto di istruzione ""a. degasperi"" - borgo valsugana";liceo delle scienze umane;;a carattere statale/provinciale;giulio bertoldi;;;via xxiv maggio, 7 38051;borgo valsugana;0461753647;0461/753364;degasperi@pec.provincia.tn.it;dir.istalcidedegasperi@scuole.provincia.tn.it;segr.istalcidedegasperi@scuole.provincia.tn.it;https://www.istalcidedegasperi.it;tnps002011;https://www.vivoscuola.it/content/view/full/29760;school;https://it.wikipedia.org/wiki/Borgo_Valsugana;https://www.vivoscuola.it/content/view/full/29767
553;"istituto di istruzione ""a. degasperi"" - borgo valsugana";liceo scientifico;;a carattere statale/provinciale;giulio bertoldi;;;via xxiv maggio, 7 38051;borgo valsugana;0461753647;0461/753364;degasperi@pec.provincia.tn.it;dir.istalcidedegasperi@scuole.provincia.tn.it;segr.istalcidedegasperi@scuole.provincia.tn.it;https://www.istalcidedegasperi.it;tnps002011;https://www.vivoscuola.it/content/view/full/29760;school;https://it.wikipedia.org/wiki/Borgo_Valsugana;https://www.vivoscuola.it/content/view/full/29768
554;"istituto di istruzione ""a. degasperi"" - borgo valsugana";liceo scientifico opzione scienze applicate;;a carattere statale/provinciale;giulio bertoldi;;;via xxiv maggio, 7 38051;borgo valsugana;0461753647;0461/753364;degasperi@pec.provincia.tn.it;dir.istalcidedegasperi@scuole.provincia.tn.it;segr.istalcidedegasperi@scuole.provincia.tn.it;https://www.istalcidedegasperi.it;tnps002011;https://www.vivoscuola.it/content/view/full/29760;school;https://it.wikipedia.org/wiki/Borgo_Valsugana;https://www.vivoscuola.it/content/view/full/29769
555;"istituto di istruzione ""don l.milani"" - rovereto";;istituzione scolastica e formativa;a carattere statale/provinciale;maria teresa dosso;;;via balista, 2 38068;rovereto;0464485511;0464/485550;donmilani@pec.provincia.tn.it;dir.donmilani@scuole.provincia.tn.it;segr.donmilani@scuole.provincia.tn.it;www.domir.edu.it;tnis009009;https://www.vivoscuola.it/content/view/full/29809;institute;https://it.wikipedia.org/wiki/Rovereto;
556;"istituto di istruzione ""don l.milani"" - rovereto";educazione per adulti relativa al primo ciclo;;a carattere statale/provinciale;maria teresa dosso;;;via balista, 2 38068;rovereto;0464485511;0464/485550;donmilani@pec.provincia.tn.it;dir.donmilani@scuole.provincia.tn.it;segr.donmilani@scuole.provincia.tn.it;www.domir.edu.it;tnct70100b;https://www.vivoscuola.it/content/view/full/29809;school;https://it.wikipedia.org/wiki/Rovereto;https://www.vivoscuola.it/content/view/full/29810
557;"istituto di istruzione ""don l.milani"" - rovereto";istituto professionale per il settore dei servizi;;a carattere statale/provinciale;maria teresa dosso;;;via balista, 2 38068;rovereto;0464485511;0464/485550;donmilani@pec.provincia.tn.it;dir.donmilani@scuole.provincia.tn.it;segr.donmilani@scuole.provincia.tn.it;www.domir.edu.it;tnrc009018;https://www.vivoscuola.it/content/view/full/29809;school;https://it.wikipedia.org/wiki/Rovereto;https://www.vivoscuola.it/content/view/full/29811
558;"istituto di istruzione ""don l.milani"" - rovereto";istituto professionale per il settore dei servizi serale;;a carattere statale/provinciale;maria teresa dosso;;;via balista, 2 38068;rovereto;0464485511;0464/485550;donmilani@pec.provincia.tn.it;dir.donmilani@scuole.provincia.tn.it;segr.donmilani@scuole.provincia.tn.it;www.domir.edu.it;tnrc00951n;https://www.vivoscuola.it/content/view/full/29809;school;https://it.wikipedia.org/wiki/Rovereto;https://www.vivoscuola.it/content/view/full/29812
559;"istituto di istruzione ""don l.milani"" - rovereto";istituto tecnico per il settore economico;;a carattere statale/provinciale;maria teresa dosso;;;via balista, 2 38068;rovereto;0464485511;0464/485550;donmilani@pec.provincia.tn.it;dir.donmilani@scuole.provincia.tn.it;segr.donmilani@scuole.provincia.tn.it;www.domir.edu.it;tntd00901g;https://www.vivoscuola.it/content/view/full/29809;school;https://it.wikipedia.org/wiki/Rovereto;https://www.vivoscuola.it/content/view/full/29813
560;"istituto di istruzione ""don l.milani"" - rovereto";istituto tecnico per il settore economico serale;;a carattere statale/provinciale;maria teresa dosso;;;via balista, 2 38068;rovereto;0464485511;0464/485550;donmilani@pec.provincia.tn.it;dir.donmilani@scuole.provincia.tn.it;segr.donmilani@scuole.provincia.tn.it;www.domir.edu.it;tntd00950x;https://www.vivoscuola.it/content/view/full/29809;school;https://it.wikipedia.org/wiki/Rovereto;https://www.vivoscuola.it/content/view/full/29814
561;"istituto di istruzione ""l. guetti"" - tione di trento";;istituzione scolastica e formativa;a carattere statale/provinciale;renato paoli;;;via durone, 53 38079;tione di trento;0465321735;0465/322811;guetti@pec.provincia.tn.it;dir.guetti@scuole.provincia.tn.it;segr.guetti@scuole.provincia.tn.it;https://www.guetti.tn.it;tnis00700n;https://www.vivoscuola.it/content/view/full/29771;institute;https://it.wikipedia.org/wiki/Tione_di_Trento;
562;"istituto di istruzione ""l. guetti"" - tione di trento";educazione per adulti relativa al primo ciclo;;a carattere statale/provinciale;renato paoli;;;via durone, 53 38079;tione di trento;0465321735;0465/322811;guetti@pec.provincia.tn.it;dir.guetti@scuole.provincia.tn.it;segr.guetti@scuole.provincia.tn.it;https://www.guetti.tn.it;tnct711002;https://www.vivoscuola.it/content/view/full/29771;school;https://it.wikipedia.org/wiki/Tione_di_Trento;https://www.vivoscuola.it/content/view/full/29772
563;"istituto di istruzione ""l. guetti"" - tione di trento";istituto tecnico per il settore economico;;a carattere statale/provinciale;renato paoli;;;via durone, 53 38079;tione di trento;0465321735;0465/322811;guetti@pec.provincia.tn.it;dir.guetti@scuole.provincia.tn.it;segr.guetti@scuole.provincia.tn.it;https://www.guetti.tn.it;tntd00701x;https://www.vivoscuola.it/content/view/full/29771;school;https://it.wikipedia.org/wiki/Tione_di_Trento;https://www.vivoscuola.it/content/view/full/29773
564;"istituto di istruzione ""l. guetti"" - tione di trento";istituto tecnico per il settore economico serale;;a carattere statale/provinciale;renato paoli;;;via durone, 53 38079;tione di trento;0465321735;0465/322811;guetti@pec.provincia.tn.it;dir.guetti@scuole.provincia.tn.it;segr.guetti@scuole.provincia.tn.it;https://www.guetti.tn.it;tntd007519;https://www.vivoscuola.it/content/view/full/29771;school;https://it.wikipedia.org/wiki/Tione_di_Trento;https://www.vivoscuola.it/content/view/full/29774
565;"istituto di istruzione ""l. guetti"" - tione di trento";istituto tecnico per il settore tecnologico;;a carattere statale/provinciale;renato paoli;;;via durone, 53 38079;tione di trento;0465321735;0465/322811;guetti@pec.provincia.tn.it;dir.guetti@scuole.provincia.tn.it;segr.guetti@scuole.provincia.tn.it;https://www.guetti.tn.it;tntd00701x;https://www.vivoscuola.it/content/view/full/29771;school;https://it.wikipedia.org/wiki/Tione_di_Trento;https://www.vivoscuola.it/content/view/full/29775
566;"istituto di istruzione ""l. guetti"" - tione di trento";istituto tecnico per il settore tecnologico serale;;a carattere statale/provinciale;renato paoli;;;via durone, 53 38079;tione di trento;0465321735;0465/322811;guetti@pec.provincia.tn.it;dir.guetti@scuole.provincia.tn.it;segr.guetti@scuole.provincia.tn.it;https://www.guetti.tn.it;tntd007519;https://www.vivoscuola.it/content/view/full/29771;school;https://it.wikipedia.org/wiki/Tione_di_Trento;https://www.vivoscuola.it/content/view/full/29776
567;"istituto di istruzione ""l. guetti"" - tione di trento";liceo delle scienze umane;;a carattere statale/provinciale;renato paoli;;;via durone, 53 38079;tione di trento;0465321735;0465/322811;guetti@pec.provincia.tn.it;dir.guetti@scuole.provincia.tn.it;segr.guetti@scuole.provincia.tn.it;https://www.guetti.tn.it;tnps007014;https://www.vivoscuola.it/content/view/full/29771;school;https://it.wikipedia.org/wiki/Tione_di_Trento;https://www.vivoscuola.it/content/view/full/29777
568;"istituto di istruzione ""l. guetti"" - tione di trento";liceo linguistico;;a carattere statale/provinciale;renato paoli;;;via durone, 53 38079;tione di trento;0465321735;0465/322811;guetti@pec.provincia.tn.it;dir.guetti@scuole.provincia.tn.it;segr.guetti@scuole.provincia.tn.it;https://www.guetti.tn.it;tnps007014;https://www.vivoscuola.it/content/view/full/29771;school;https://it.wikipedia.org/wiki/Tione_di_Trento;https://www.vivoscuola.it/content/view/full/29778
569;"istituto di istruzione ""l. guetti"" - tione di trento";liceo scientifico;;a carattere statale/provinciale;renato paoli;;;via durone, 53 38079;tione di trento;0465321735;0465/322811;guetti@pec.provincia.tn.it;dir.guetti@scuole.provincia.tn.it;segr.guetti@scuole.provincia.tn.it;https://www.guetti.tn.it;tnps007014;https://www.vivoscuola.it/content/view/full/29771;school;https://it.wikipedia.org/wiki/Tione_di_Trento;https://www.vivoscuola.it/content/view/full/29779
570;"istituto di istruzione ""l. guetti"" - tione di trento";liceo scientifico opzione scienze applicate;;a carattere statale/provinciale;renato paoli;;;via durone, 53 38079;tione di trento;0465321735;0465/322811;guetti@pec.provincia.tn.it;dir.guetti@scuole.provincia.tn.it;segr.guetti@scuole.provincia.tn.it;https://www.guetti.tn.it;tnps007014;https://www.vivoscuola.it/content/view/full/29771;school;https://it.wikipedia.org/wiki/Tione_di_Trento;https://www.vivoscuola.it/content/view/full/29780
571;"istituto di istruzione ""la rosa bianca"" - cavalese";;istituzione scolastica e formativa;a carattere statale/provinciale;marco felicetti;;;via gandhi, 1 38033;cavalese;0462341449;0462/248071;weisserose@pec.provincia.tn.it;dir.iicavalese@scuole.provincia.tn.it;segr.iicavalese@scuole.provincia.tn.it;https://www.scuolefiemme.tn.it;tnis00100p;https://www.vivoscuola.it/content/view/full/29781;institute;https://it.wikipedia.org/wiki/Cavalese;
572;"istituto di istruzione ""la rosa bianca"" - cavalese";educazione per adulti relativa al primo ciclo;;a carattere statale/provinciale;marco felicetti;;;via gandhi, 1 38033;cavalese;0462341449;0462/248071;weisserose@pec.provincia.tn.it;dir.iicavalese@scuole.provincia.tn.it;segr.iicavalese@scuole.provincia.tn.it;https://www.scuolefiemme.tn.it;tnct710006;https://www.vivoscuola.it/content/view/full/29781;school;https://it.wikipedia.org/wiki/Cavalese;https://www.vivoscuola.it/content/view/full/29782
573;"istituto di istruzione ""la rosa bianca"" - cavalese";istituto tecnico per il settore economico - predazzo;;a carattere statale/provinciale;marco felicetti;;;corso degasperi, 14 38037;predazzo;0462341449;0462/248071;weisserose@pec.provincia.tn.it;dir.iicavalese@scuole.provincia.tn.it;segr.iicavalese@scuole.provincia.tn.it;https://www.scuolefiemme.tn.it;tntd001011;https://www.vivoscuola.it/content/view/full/29781;school;https://it.wikipedia.org/wiki/Predazzo;https://www.vivoscuola.it/content/view/full/29783
574;"istituto di istruzione ""la rosa bianca"" - cavalese";istituto tecnico per il settore economico serale - predazzo;;a carattere statale/provinciale;marco felicetti;;;corso degasperi, 14 38037;predazzo;0462341449;0462/248071;weisserose@pec.provincia.tn.it;dir.iicavalese@scuole.provincia.tn.it;segr.iicavalese@scuole.provincia.tn.it;https://www.scuolefiemme.tn.it;tntd001509;https://www.vivoscuola.it/content/view/full/29781;school;https://it.wikipedia.org/wiki/Predazzo;https://www.vivoscuola.it/content/view/full/29784
575;"istituto di istruzione ""la rosa bianca"" - cavalese";istituto tecnico per il settore tecnologico;;a carattere statale/provinciale;marco felicetti;;;via gandhi, 1 38033;cavalese;0462341449;0462/248071;weisserose@pec.provincia.tn.it;dir.iicavalese@scuole.provincia.tn.it;segr.iicavalese@scuole.provincia.tn.it;https://www.scuolefiemme.tn.it;tntl00101b;https://www.vivoscuola.it/content/view/full/29781;school;https://it.wikipedia.org/wiki/Cavalese;https://www.vivoscuola.it/content/view/full/29785
576;"istituto di istruzione ""la rosa bianca"" - cavalese";istituto tecnico per il settore tecnologico serale - predazzo;;a carattere statale/provinciale;marco felicetti;;;corso degasperi, 14 38037;predazzo;0462341449;0462/248071;weisserose@pec.provincia.tn.it;dir.iicavalese@scuole.provincia.tn.it;segr.iicavalese@scuole.provincia.tn.it;https://www.scuolefiemme.tn.it;tntd001509;https://www.vivoscuola.it/content/view/full/29781;school;https://it.wikipedia.org/wiki/Predazzo;https://www.vivoscuola.it/content/view/full/29786
577;"istituto di istruzione ""la rosa bianca"" - cavalese";liceo delle scienze umane;;a carattere statale/provinciale;marco felicetti;;;via gandhi, 1 38033;cavalese;0462341449;0462/248071;weisserose@pec.provincia.tn.it;dir.iicavalese@scuole.provincia.tn.it;segr.iicavalese@scuole.provincia.tn.it;https://www.scuolefiemme.tn.it;tnps001015;https://www.vivoscuola.it/content/view/full/29781;school;https://it.wikipedia.org/wiki/Cavalese;https://www.vivoscuola.it/content/view/full/65579
578;"istituto di istruzione ""la rosa bianca"" - cavalese";liceo delle scienze umane opzione economico sociale;;a carattere statale/provinciale;marco felicetti;;;via gandhi, 1 38033;cavalese;0462341449;0462/248071;weisserose@pec.provincia.tn.it;dir.iicavalese@scuole.provincia.tn.it;segr.iicavalese@scuole.provincia.tn.it;https://www.scuolefiemme.tn.it;tnps001015;https://www.vivoscuola.it/content/view/full/29781;school;https://it.wikipedia.org/wiki/Cavalese;https://www.vivoscuola.it/content/view/full/29787
579;"istituto di istruzione ""la rosa bianca"" - cavalese";liceo linguistico;;a carattere statale/provinciale;marco felicetti;;;via gandhi, 1 38033;cavalese;0462341449;0462/248071;weisserose@pec.provincia.tn.it;dir.iicavalese@scuole.provincia.tn.it;segr.iicavalese@scuole.provincia.tn.it;https://www.scuolefiemme.tn.it;tnps001015;https://www.vivoscuola.it/content/view/full/29781;school;https://it.wikipedia.org/wiki/Cavalese;https://www.vivoscuola.it/content/view/full/29788
580;"istituto di istruzione ""la rosa bianca"" - cavalese";liceo scientifico;;a carattere statale/provinciale;marco felicetti;;;via gandhi, 1 38033;cavalese;0462341449;0462/248071;weisserose@pec.provincia.tn.it;dir.iicavalese@scuole.provincia.tn.it;segr.iicavalese@scuole.provincia.tn.it;https://www.scuolefiemme.tn.it;tnps001015;https://www.vivoscuola.it/content/view/full/29781;school;https://it.wikipedia.org/wiki/Cavalese;https://www.vivoscuola.it/content/view/full/29789
581;"istituto di istruzione ""m. curie"" - pergine valsugana";;istituzione scolastica e formativa;a carattere statale/provinciale;tiziana gulli;;;via s pietro, 4 38057;pergine valsugana;0461511397;0461/531743;curie@pec.provincia.tn.it;dir.curie.pergine@scuole.provincia.tn.it;segr.curie.pergine@scuole.provincia.tn.it;https://www.curiepergine.it;tnis004006;https://www.vivoscuola.it/content/view/full/29790;institute;https://it.wikipedia.org/wiki/Pergine_Valsugana;
582;"istituto di istruzione ""m. curie"" - pergine valsugana";educazione per adulti relativa al primo ciclo;;a carattere statale/provinciale;tiziana gulli;;;via s pietro, 4 38057;pergine valsugana;0461511397;0461/531743;curie@pec.provincia.tn.it;dir.curie.pergine@scuole.provincia.tn.it;segr.curie.pergine@scuole.provincia.tn.it;https://www.curiepergine.it;tnct703003;https://www.vivoscuola.it/content/view/full/29790;school;https://it.wikipedia.org/wiki/Pergine_Valsugana;https://www.vivoscuola.it/content/view/full/29791
583;"istituto di istruzione ""m. curie"" - pergine valsugana";istituto tecnico per il settore economico - levico;;a carattere statale/provinciale;tiziana gulli;;;viale vittorio emanuele, 5 38056;levico terme;0461706012;0461/531743;curie@pec.provincia.tn.it;dir.curie.pergine@scuole.provincia.tn.it;segr.curie.pergine@scuole.provincia.tn.it;https://www.curiepergine.it;tnrc004015;https://www.vivoscuola.it/content/view/full/29790;school;https://it.wikipedia.org/wiki/Levico_Terme;https://www.vivoscuola.it/content/view/full/29792
584;"istituto di istruzione ""m. curie"" - pergine valsugana";istituto tecnico per il settore economico - pergine;;a carattere statale/provinciale;tiziana gulli;;;via san pietro, 4 38057;pergine valsugana;0461511397;0461/531743;curie@pec.provincia.tn.it;dir.curie.pergine@scuole.provincia.tn.it;segr.curie.pergine@scuole.provincia.tn.it;https://www.curiepergine.it;tntd00401c;https://www.vivoscuola.it/content/view/full/29790;school;https://it.wikipedia.org/wiki/Pergine_Valsugana;https://www.vivoscuola.it/content/view/full/29793
585;"istituto di istruzione ""m. curie"" - pergine valsugana";istituto tecnico per il settore economico serale;;a carattere statale/provinciale;tiziana gulli;;;via s pietro, 4 38057;pergine valsugana;0461511397;0461/531743;curie@pec.provincia.tn.it;dir.curie.pergine@scuole.provincia.tn.it;segr.curie.pergine@scuole.provincia.tn.it;https://www.curiepergine.it;tntd00450r;https://www.vivoscuola.it/content/view/full/29790;school;https://it.wikipedia.org/wiki/Pergine_Valsugana;https://www.vivoscuola.it/content/view/full/29794
586;"istituto di istruzione ""m. curie"" - pergine valsugana";istituto tecnico per il settore tecnologico;;a carattere statale/provinciale;tiziana gulli;;;via s pietro, 4 38057;pergine valsugana;0461511397;0461/531743;curie@pec.provincia.tn.it;dir.curie.pergine@scuole.provincia.tn.it;segr.curie.pergine@scuole.provincia.tn.it;https://www.curiepergine.it;tntd00401c;https://www.vivoscuola.it/content/view/full/29790;school;https://it.wikipedia.org/wiki/Pergine_Valsugana;https://www.vivoscuola.it/content/view/full/29795
587;"istituto di istruzione ""m. curie"" - pergine valsugana";istituto tecnico per il settore tecnologico serale;;a carattere statale/provinciale;tiziana gulli;;;via s pietro, 4 38057;pergine valsugana;0461511397;0461/531743;curie@pec.provincia.tn.it;dir.curie.pergine@scuole.provincia.tn.it;segr.curie.pergine@scuole.provincia.tn.it;https://www.curiepergine.it;tntd00450r;https://www.vivoscuola.it/content/view/full/29790;school;https://it.wikipedia.org/wiki/Pergine_Valsugana;https://www.vivoscuola.it/content/view/full/29796
588;"istituto di istruzione ""m. curie"" - pergine valsugana";liceo del made in italy;;a carattere statale/provinciale;tiziana gulli;;;via s pietro, 4 38057;pergine valsugana;0461511397;0461/531743;curie@pec.provincia.tn.it;dir.curie.pergine@scuole.provincia.tn.it;segr.curie.pergine@scuole.provincia.tn.it;https://www.curiepergine.it;tnps00401l;https://www.vivoscuola.it/content/view/full/29790;school;https://it.wikipedia.org/wiki/Pergine_Valsugana;https://www.vivoscuola.it/content/view/full/439665
589;"istituto di istruzione ""m. curie"" - pergine valsugana";liceo delle scienze umane;;a carattere statale/provinciale;tiziana gulli;;;via s pietro, 4 38057;pergine valsugana;0461511397;0461/531743;curie@pec.provincia.tn.it;dir.curie.pergine@scuole.provincia.tn.it;segr.curie.pergine@scuole.provincia.tn.it;https://www.curiepergine.it;tnps00401l;https://www.vivoscuola.it/content/view/full/29790;school;https://it.wikipedia.org/wiki/Pergine_Valsugana;https://www.vivoscuola.it/content/view/full/29797
590;"istituto di istruzione ""m. curie"" - pergine valsugana";liceo delle scienze umane opzione economico sociale;;a carattere statale/provinciale;tiziana gulli;;;via san pietro, 4 38057;pergine valsugana;0461511397;0461/531743;curie@pec.provincia.tn.it;dir.curie.pergine@scuole.provincia.tn.it;segr.curie.pergine@scuole.provincia.tn.it;https://www.curiepergine.it;tnps00401l;https://www.vivoscuola.it/content/view/full/29790;school;https://it.wikipedia.org/wiki/Pergine_Valsugana;https://www.vivoscuola.it/content/view/full/29798
591;"istituto di istruzione ""m. curie"" - pergine valsugana";liceo linguistico;;a carattere statale/provinciale;tiziana gulli;;;via s pietro, 4 38057;pergine valsugana;0461511397;0461/531743;curie@pec.provincia.tn.it;dir.curie.pergine@scuole.provincia.tn.it;segr.curie.pergine@scuole.provincia.tn.it;https://www.curiepergine.it;tnps00401l;https://www.vivoscuola.it/content/view/full/29790;school;https://it.wikipedia.org/wiki/Pergine_Valsugana;https://www.vivoscuola.it/content/view/full/29799
592;"istituto di istruzione ""m. curie"" - pergine valsugana";liceo scientifico;;a carattere statale/provinciale;tiziana gulli;;;via s pietro, 4 38057;pergine valsugana;0461511397;0461/531743;curie@pec.provincia.tn.it;dir.curie.pergine@scuole.provincia.tn.it;segr.curie.pergine@scuole.provincia.tn.it;https://www.curiepergine.it;tnps00401l;https://www.vivoscuola.it/content/view/full/29790;school;https://it.wikipedia.org/wiki/Pergine_Valsugana;https://www.vivoscuola.it/content/view/full/29800
593;"istituto di istruzione ""m. martini"" - mezzolombardo";;istituzione scolastica e formativa;a carattere statale/provinciale;valentina zanolla;;;via perlasca, 4 38017;mezzolombardo;0461601122;0461/601470;martini@pec.provincia.tn.it;dir.martini.mezzolombardo@scuole.provincia.tn.it;segr.martini.mezzolombardo@scuole.provincia.tn.it;https://www.martinomartini.eu;tnis00300a;https://www.vivoscuola.it/content/view/full/29801;institute;https://it.wikipedia.org/wiki/Mezzolombardo;
594;"istituto di istruzione ""m. martini"" - mezzolombardo";educazione per adulti relativa al primo ciclo;;a carattere statale/provinciale;valentina zanolla;;;via perlasca, 4 38017;mezzolombardo;0461601122;0461/601470;martini@pec.provincia.tn.it;dir.martini.mezzolombardo@scuole.provincia.tn.it;segr.martini.mezzolombardo@scuole.provincia.tn.it;https://www.martinomartini.eu;tnct70400v;https://www.vivoscuola.it/content/view/full/29801;school;https://it.wikipedia.org/wiki/Mezzolombardo;https://www.vivoscuola.it/content/view/full/29802
595;"istituto di istruzione ""m. martini"" - mezzolombardo";istituto tecnico per il settore economico;;a carattere statale/provinciale;valentina zanolla;;;via perlasca, 4 38017;mezzolombardo;0461601122;0461/601470;martini@pec.provincia.tn.it;dir.martini.mezzolombardo@scuole.provincia.tn.it;segr.martini.mezzolombardo@scuole.provincia.tn.it;https://www.martinomartini.eu;tntd00301l;https://www.vivoscuola.it/content/view/full/29801;school;https://it.wikipedia.org/wiki/Mezzolombardo;https://www.vivoscuola.it/content/view/full/29803
596;"istituto di istruzione ""m. martini"" - mezzolombardo";istituto tecnico per il settore economico serale;;a carattere statale/provinciale;valentina zanolla;;;via perlasca, 4 38017;mezzolombardo;0461601122;0461/601470;martini@pec.provincia.tn.it;dir.martini.mezzolombardo@scuole.provincia.tn.it;segr.martini.mezzolombardo@scuole.provincia.tn.it;https://www.martinomartini.eu;tnrc00350n;https://www.vivoscuola.it/content/view/full/29801;school;https://it.wikipedia.org/wiki/Mezzolombardo;https://www.vivoscuola.it/content/view/full/29804
597;"istituto di istruzione ""m. martini"" - mezzolombardo";istituto tecnico per il settore tecnologico;;a carattere statale/provinciale;valentina zanolla;;;via perlasca, 4 38017;mezzolombardo;0461601122;0461/601470;martini@pec.provincia.tn.it;dir.martini.mezzolombardo@scuole.provincia.tn.it;segr.martini.mezzolombardo@scuole.provincia.tn.it;https://www.martinomartini.eu;tntd00301l;https://www.vivoscuola.it/content/view/full/29801;school;https://it.wikipedia.org/wiki/Mezzolombardo;https://www.vivoscuola.it/content/view/full/29805
598;"istituto di istruzione ""m. martini"" - mezzolombardo";liceo del made in italy;;a carattere statale/provinciale;valentina zanolla;;;via perlasca, 4 38017;mezzolombardo;0461601122;0461/601470;martini@pec.provincia.tn.it;dir.martini.mezzolombardo@scuole.provincia.tn.it;segr.martini.mezzolombardo@scuole.provincia.tn.it;https://www.martinomartini.eu;tnps00301r;https://www.vivoscuola.it/content/view/full/29801;school;https://it.wikipedia.org/wiki/Mezzolombardo;https://www.vivoscuola.it/content/view/full/439666
599;"istituto di istruzione ""m. martini"" - mezzolombardo";liceo delle scienze umane opzione economico sociale;;a carattere statale/provinciale;valentina zanolla;;;via perlasca, 4 38017;mezzolombardo;0461601122;0461/601470;martini@pec.provincia.tn.it;dir.martini.mezzolombardo@scuole.provincia.tn.it;segr.martini.mezzolombardo@scuole.provincia.tn.it;https://www.martinomartini.eu;tnps00301r;https://www.vivoscuola.it/content/view/full/29801;school;https://it.wikipedia.org/wiki/Mezzolombardo;https://www.vivoscuola.it/content/view/full/29806
600;"istituto di istruzione ""m. martini"" - mezzolombardo";liceo scientifico;;a carattere statale/provinciale;valentina zanolla;;;via perlasca, 4 38017;mezzolombardo;0461601122;0461/601470;martini@pec.provincia.tn.it;dir.martini.mezzolombardo@scuole.provincia.tn.it;segr.martini.mezzolombardo@scuole.provincia.tn.it;https://www.martinomartini.eu;tnps00301r;https://www.vivoscuola.it/content/view/full/29801;school;https://it.wikipedia.org/wiki/Mezzolombardo;https://www.vivoscuola.it/content/view/full/29807
601;"istituto di istruzione ""m. martini"" - mezzolombardo";liceo scientifico opzione scienze applicate;;a carattere statale/provinciale;valentina zanolla;;;via perlasca, 4 38017;mezzolombardo;0461601122;0461/601470;martini@pec.provincia.tn.it;dir.martini.mezzolombardo@scuole.provincia.tn.it;segr.martini.mezzolombardo@scuole.provincia.tn.it;https://www.martinomartini.eu;tnps00301r;https://www.vivoscuola.it/content/view/full/29801;school;https://it.wikipedia.org/wiki/Mezzolombardo;https://www.vivoscuola.it/content/view/full/29808
602;istituto gardascuola;;istituzione scolastica e formativa;paritaria/equiparata;lorenzo angeli;;;via xxiv maggio, 1 38062;arco;0464519546;0464/519959;gardascuola@pec.cooperazionetrentina.it;;segreteria@gardascuola.it;https://www.gardascuola.it;;https://www.vivoscuola.it/content/view/full/29412;institute;https://it.wikipedia.org/wiki/Arco_(Italia);
603;istituto gardascuola;istituto tecnico per il settore economico;;paritaria/equiparata;lorenzo angeli;;;via xxiv maggio, 1 38062;arco;0464519546;0464/519959;gardascuola@pec.cooperazionetrentina.it;;segreteria@gardascuola.it;https://www.gardascuola.it;tntn04500g;https://www.vivoscuola.it/content/view/full/29412;school;https://it.wikipedia.org/wiki/Arco_(Italia);https://www.vivoscuola.it/content/view/full/29413
604;istituto gardascuola;istituto tecnico per il settore tecnologico;;paritaria/equiparata;lorenzo angeli;;;via xxiv maggio, 1 38062;arco;0464519546;0464/519959;gardascuola@pec.cooperazionetrentina.it;;segreteria@gardascuola.it;https://www.gardascuola.it;tntn04500g;https://www.vivoscuola.it/content/view/full/29412;school;https://it.wikipedia.org/wiki/Arco_(Italia);https://www.vivoscuola.it/content/view/full/134612
605;istituto gardascuola;liceo scientifico opzione scienze applicate;;paritaria/equiparata;lorenzo angeli;;;via xxiv maggio, 1 38062;arco;0464519546;0464/519959;gardascuola@pec.cooperazionetrentina.it;;segreteria@gardascuola.it;https://www.gardascuola.it;tnps00500b;https://www.vivoscuola.it/content/view/full/29412;school;https://it.wikipedia.org/wiki/Arco_(Italia);https://www.vivoscuola.it/content/view/full/29414
606;istituto gardascuola;scuola primaria gardascuola arco;;paritaria/equiparata;lorenzo angeli;;;via xxiv maggio, 1 38062;arco;0464519546;0464/519959;gardascuola@pec.cooperazionetrentina.it;;segreteria@gardascuola.it;https://www.gardascuola.it;tn1e00800n;https://www.vivoscuola.it/content/view/full/29412;school;https://it.wikipedia.org/wiki/Arco_(Italia);https://www.vivoscuola.it/content/view/full/29415
607;istituto gardascuola;scuola secondaria di primo grado gardascuola arco;;paritaria/equiparata;lorenzo angeli;;;via xxiv maggio, 1 38062;arco;0464519546;0464/519959;gardascuola@pec.cooperazionetrentina.it;;segreteria@gardascuola.it;https://www.gardascuola.it;tn1m00800v;https://www.vivoscuola.it/content/view/full/29412;school;https://it.wikipedia.org/wiki/Arco_(Italia);https://www.vivoscuola.it/content/view/full/29416
608;istituto sacro cuore - trento;;istituzione scolastica e formativa;paritaria/equiparata;alberto ventroni;;;piazza s teresa verzeri, 4 38122;trento;0461981465;0461/982734;;;istitutocomprensivo@istitutosacrocuore.it;https://www.istitutosacrocuore.it;;https://www.vivoscuola.it/content/view/full/29820;institute;https://it.wikipedia.org/wiki/Trento;
609;istituto sacro cuore - trento;liceo artistico;;paritaria/equiparata;alberto ventroni;;;piazza s teresa verzeri, 4 38122;trento;0461981465;0461/982734;;;istitutocomprensivo@istitutosacrocuore.it;https://www.istitutosacrocuore.it;tnpm015003;https://www.vivoscuola.it/content/view/full/29820;school;https://it.wikipedia.org/wiki/Trento;https://www.vivoscuola.it/content/view/full/29823
610;istituto sacro cuore - trento;liceo delle scienze umane;;paritaria/equiparata;alberto ventroni;;;piazza s teresa verzeri, 4 38122;trento;0461981465;0461/982734;;;istitutocomprensivo@istitutosacrocuore.it;https://www.istitutosacrocuore.it;tnpm015003;https://www.vivoscuola.it/content/view/full/29820;school;https://it.wikipedia.org/wiki/Trento;https://www.vivoscuola.it/content/view/full/29824
611;istituto sacro cuore - trento;liceo scientifico opzione scienze applicate;;paritaria/equiparata;alberto ventroni;;;piazza s teresa verzeri, 4 38122;trento;0461981465;0461/982734;;;istitutocomprensivo@istitutosacrocuore.it;https://www.istitutosacrocuore.it;tnpsi8500o;https://www.vivoscuola.it/content/view/full/29820;school;https://it.wikipedia.org/wiki/Trento;https://www.vivoscuola.it/content/view/full/170207
612;istituto sacro cuore - trento;scuola primaria sacro cuore trento;;paritaria/equiparata;alberto ventroni;;;piazza s teresa verzeri, 4 38122;trento;0461981465;0461/982734;;;istitutocomprensivo@istitutosacrocuore.it;https://www.istitutosacrocuore.it;tn1e00300e;https://www.vivoscuola.it/content/view/full/29820;school;https://it.wikipedia.org/wiki/Trento;https://www.vivoscuola.it/content/view/full/29825
613;istituto sacro cuore - trento;scuola secondaria di primo grado sacro cuore trento;;paritaria/equiparata;alberto ventroni;;;piazza s teresa verzeri, 4 38122;trento;0461981465;0461/982734;;;istitutocomprensivo@istitutosacrocuore.it;https://www.istitutosacrocuore.it;tn1m006007;https://www.vivoscuola.it/content/view/full/29820;school;https://it.wikipedia.org/wiki/Trento;https://www.vivoscuola.it/content/view/full/29826
614;istituto salesiano maria ausiliatrice - trento;;istituzione scolastica e formativa;paritaria/equiparata;lara pisetta;;;via barbacovi, 22 38122;trento;0461885555;;sdbtrento@pcert.postecert.it;;segreteria@sdbtrento.it;https://www.sdbtrento.it;;https://www.vivoscuola.it/content/view/full/29827;institute;https://it.wikipedia.org/wiki/Trento;
615;istituto salesiano maria ausiliatrice - trento;scuola secondaria di primo grado maria ausiliatrice trento;;paritaria/equiparata;lara pisetta;;;via barbacovi, 22 38122;trento;0461885555;;sdbtrento@pcert.postecert.it;;segreteria@sdbtrento.it;https://www.sdbtrento.it;tn1m00500b;https://www.vivoscuola.it/content/view/full/29827;school;https://it.wikipedia.org/wiki/Trento;https://www.vivoscuola.it/content/view/full/29828
616;istituto salesiano s. croce - mezzano;;istituzione scolastica e formativa;paritaria/equiparata;agostino pradel;;;via molaren, 29 38050;mezzano;0439762019;0439/762664;salesianimezzano@pec.it;;segreteria@sdbmezzano.it;https://www.salesianimezzano.it;;https://www.vivoscuola.it/content/view/full/29829;institute;https://it.wikipedia.org/wiki/Mezzano_(comune);
617;istituto salesiano s. croce - mezzano;scuola primaria santa croce mezzano;;paritaria/equiparata;agostino pradel;;;via molaren, 29 38050;mezzano;0439762019;0439/762664;salesianimezzano@pec.it;;segreteria@sdbmezzano.it;https://www.salesianimezzano.it;tn1e00200p;https://www.vivoscuola.it/content/view/full/29829;school;https://it.wikipedia.org/wiki/Mezzano_(comune);https://www.vivoscuola.it/content/view/full/29830
618;istituto salesiano s. croce - mezzano;scuola secondaria di primo grado santa croce mezzano;;paritaria/equiparata;agostino pradel;;;via molaren, 29 38050;mezzano;0439762019;0439/762664;salesianimezzano@pec.it;;segreteria@sdbmezzano.it;https://www.salesianimezzano.it;tn1m001004;https://www.vivoscuola.it/content/view/full/29829;school;https://it.wikipedia.org/wiki/Mezzano_(comune);https://www.vivoscuola.it/content/view/full/29831
619;"istituto tecnico economico ""a. tambosi"" - trento";;istituzione scolastica e formativa;a carattere statale/provinciale;andrea bezzi;;;via brigata acqui, 19 38122;trento;0461239955;0461230175;tambosibattisti@pec.provincia.tn.it;dir.tambositn@scuole.provincia.tn.it;segr.tambositn@scuole.provincia.tn.it;https://tambosi.tn.it;tntd18000t;https://www.vivoscuola.it/content/view/full/29832;institute;https://it.wikipedia.org/wiki/Trento;
620;"istituto tecnico economico ""a. tambosi"" - trento";istituto tecnico per il settore economico;;a carattere statale/provinciale;andrea bezzi;;;via brigata acqui, 19 38122;trento;0461239955;0461230175;tambosibattisti@pec.provincia.tn.it;dir.tambositn@scuole.provincia.tn.it;segr.tambositn@scuole.provincia.tn.it;https://tambosi.tn.it;tntd18000t;https://www.vivoscuola.it/content/view/full/29832;school;https://it.wikipedia.org/wiki/Trento;https://www.vivoscuola.it/content/view/full/29833
621;"istituto tecnico economico ""a. tambosi"" - trento";istituto tecnico per il settore economico serale;;a carattere statale/provinciale;andrea bezzi;;;via brigata acqui, 19 38122;trento;0461239955;0461230175;tambosibattisti@pec.provincia.tn.it;dir.tambositn@scuole.provincia.tn.it;segr.tambositn@scuole.provincia.tn.it;https://tambosi.tn.it;tntd180507;https://www.vivoscuola.it/content/view/full/29832;school;https://it.wikipedia.org/wiki/Trento;https://www.vivoscuola.it/content/view/full/29834
622;"istituto tecnico economico e tecnologico ""c.a. pilati"" - cles";;istituzione scolastica e formativa;a carattere statale/provinciale;alfredo romantini;;;via iv novembre, 35 38023;cles;0463421695;0463/421477;pilati@pec.provincia.tn.it;dir.itetpilati@scuole.provincia.tn.it;segr.itetpilati@scuole.provincia.tn.it;https://www.istitutopilati.it;tntd100001;https://www.vivoscuola.it/content/view/full/29835;institute;https://it.wikipedia.org/wiki/Cles;
623;"istituto tecnico economico e tecnologico ""c.a. pilati"" - cles";educazione per adulti relativa al primo ciclo;;a carattere statale/provinciale;alfredo romantini;;;via iv novembre, 35 38023;cles;0463421695;0463/421477;pilati@pec.provincia.tn.it;dir.itetpilati@scuole.provincia.tn.it;segr.itetpilati@scuole.provincia.tn.it;https://www.istitutopilati.it;tnct709002;https://www.vivoscuola.it/content/view/full/29835;school;https://it.wikipedia.org/wiki/Cles;https://www.vivoscuola.it/content/view/full/29836
624;"istituto tecnico economico e tecnologico ""c.a. pilati"" - cles";istituto tecnico per il settore economico;;a carattere statale/provinciale;alfredo romantini;;;via iv novembre, 35 38023;cles;0463421695;0463/421477;pilati@pec.provincia.tn.it;dir.itetpilati@scuole.provincia.tn.it;segr.itetpilati@scuole.provincia.tn.it;https://www.istitutopilati.it;tntd100001;https://www.vivoscuola.it/content/view/full/29835;school;https://it.wikipedia.org/wiki/Cles;https://www.vivoscuola.it/content/view/full/29837
625;"istituto tecnico economico e tecnologico ""c.a. pilati"" - cles";istituto tecnico per il settore economico serale;;a carattere statale/provinciale;alfredo romantini;;;via iv novembre, 35 38023;cles;0463421695;0463/421477;pilati@pec.provincia.tn.it;dir.itetpilati@scuole.provincia.tn.it;segr.itetpilati@scuole.provincia.tn.it;https://www.istitutopilati.it;tntd10050a;https://www.vivoscuola.it/content/view/full/29835;school;https://it.wikipedia.org/wiki/Cles;https://www.vivoscuola.it/content/view/full/29838
626;"istituto tecnico economico e tecnologico ""c.a. pilati"" - cles";istituto tecnico per il settore tecnologico;;a carattere statale/provinciale;alfredo romantini;;;via iv novembre, 35 38023;cles;0463421695;0463/421477;pilati@pec.provincia.tn.it;dir.itetpilati@scuole.provincia.tn.it;segr.itetpilati@scuole.provincia.tn.it;https://www.istitutopilati.it;tntd100001;https://www.vivoscuola.it/content/view/full/29835;school;https://it.wikipedia.org/wiki/Cles;https://www.vivoscuola.it/content/view/full/29839
627;"istituto tecnico economico e tecnologico ""c.a. pilati"" - cles";istituto tecnico per il settore tecnologico serale;;a carattere statale/provinciale;alfredo romantini;;;via iv novembre, 35 38023;cles;0463421695;0463/421477;pilati@pec.provincia.tn.it;dir.itetpilati@scuole.provincia.tn.it;segr.itetpilati@scuole.provincia.tn.it;https://www.istitutopilati.it;tntd10050a;https://www.vivoscuola.it/content/view/full/29835;school;https://it.wikipedia.org/wiki/Cles;https://www.vivoscuola.it/content/view/full/29840
628;"istituto tecnico economico e tecnologico ""f. e g. fontana"" - rovereto";;istituzione scolastica e formativa;a carattere statale/provinciale;giuseppe santoli;;;via del teatro, 4 38068;rovereto;0464436100;0464/434116;fontana@pec.provincia.tn.it;dir.fontana@scuole.provincia.tn.it;segr.fontana@scuole.provincia.tn.it;https://www.fgfontana.eu;tntd020009;https://www.vivoscuola.it/content/view/full/29841;institute;https://it.wikipedia.org/wiki/Rovereto;
629;"istituto tecnico economico e tecnologico ""f. e g. fontana"" - rovereto";istituto tecnico per il settore economico;;a carattere statale/provinciale;giuseppe santoli;;;via del teatro, 4 38068;rovereto;0464436100;0464/434116;fontana@pec.provincia.tn.it;dir.fontana@scuole.provincia.tn.it;segr.fontana@scuole.provincia.tn.it;https://www.fgfontana.eu;tntd020009;https://www.vivoscuola.it/content/view/full/29841;school;https://it.wikipedia.org/wiki/Rovereto;https://www.vivoscuola.it/content/view/full/29842
630;"istituto tecnico economico e tecnologico ""f. e g. fontana"" - rovereto";istituto tecnico per il settore economico serale;;a carattere statale/provinciale;giuseppe santoli;;;via del teatro, 4 38068;rovereto;0464436100;0464/434116;fontana@pec.provincia.tn.it;dir.fontana@scuole.provincia.tn.it;segr.fontana@scuole.provincia.tn.it;https://www.fgfontana.eu;tntd02050p;https://www.vivoscuola.it/content/view/full/29841;school;https://it.wikipedia.org/wiki/Rovereto;https://www.vivoscuola.it/content/view/full/29843
631;"istituto tecnico economico e tecnologico ""f. e g. fontana"" - rovereto";istituto tecnico per il settore tecnologico;;a carattere statale/provinciale;giuseppe santoli;;;via del teatro, 4 38068;rovereto;0464436100;0464/434116;fontana@pec.provincia.tn.it;dir.fontana@scuole.provincia.tn.it;segr.fontana@scuole.provincia.tn.it;https://www.fgfontana.eu;tntd020009;https://www.vivoscuola.it/content/view/full/29841;school;https://it.wikipedia.org/wiki/Rovereto;https://www.vivoscuola.it/content/view/full/29844
632;"istituto tecnico economico e tecnologico ""f. e g. fontana"" - rovereto";istituto tecnico per il settore tecnologico serale;;a carattere statale/provinciale;giuseppe santoli;;;via del teatro, 4 38068;rovereto;0464436100;0464/434116;fontana@pec.provincia.tn.it;dir.fontana@scuole.provincia.tn.it;segr.fontana@scuole.provincia.tn.it;https://www.fgfontana.eu;tntd02050p;https://www.vivoscuola.it/content/view/full/29841;school;https://it.wikipedia.org/wiki/Rovereto;https://www.vivoscuola.it/content/view/full/29845
633;"istituto tecnico economico e tecnologico ""g. floriani"" - riva del garda";;istituzione scolastica e formativa;a carattere statale/provinciale;paolo chincarini;;;viale dei tigli, 43 38066;riva del garda;0464578511;0464/578555;floriani@pec.provincia.tn.it;dir.istitutofloriani@scuole.provincia.tn.it;segr.istitutofloriani@scuole.provincia.tn.it;https://www.g-floriani.it;tnis00800d;https://www.vivoscuola.it/content/view/full/29846;institute;https://it.wikipedia.org/wiki/Riva_del_Garda;
634;"istituto tecnico economico e tecnologico ""g. floriani"" - riva del garda";educazione per adulti relativa al primo ciclo;;a carattere statale/provinciale;paolo chincarini;;;viale dei tigli, 43 38066;riva del garda;0464578511;0464/578555;floriani@pec.provincia.tn.it;dir.istitutofloriani@scuole.provincia.tn.it;segr.istitutofloriani@scuole.provincia.tn.it;https://www.g-floriani.it;tnct702007;https://www.vivoscuola.it/content/view/full/29846;school;https://it.wikipedia.org/wiki/Riva_del_Garda;https://www.vivoscuola.it/content/view/full/29847
635;"istituto tecnico economico e tecnologico ""g. floriani"" - riva del garda";istituto tecnico per il settore economico;;a carattere statale/provinciale;paolo chincarini;;;viale dei tigli, 43 38066;riva del garda;0464578511;0464/578555;floriani@pec.provincia.tn.it;dir.istitutofloriani@scuole.provincia.tn.it;segr.istitutofloriani@scuole.provincia.tn.it;https://www.g-floriani.it;tntd00801q;https://www.vivoscuola.it/content/view/full/29846;school;https://it.wikipedia.org/wiki/Riva_del_Garda;https://www.vivoscuola.it/content/view/full/29848
636;"istituto tecnico economico e tecnologico ""g. floriani"" - riva del garda";istituto tecnico per il settore economico serale;;a carattere statale/provinciale;paolo chincarini;;;viale dei tigli, 43 38066;riva del garda;0464578511;0464/578555;floriani@pec.provincia.tn.it;dir.istitutofloriani@scuole.provincia.tn.it;segr.istitutofloriani@scuole.provincia.tn.it;https://www.g-floriani.it;tntd008515;https://www.vivoscuola.it/content/view/full/29846;school;https://it.wikipedia.org/wiki/Riva_del_Garda;https://www.vivoscuola.it/content/view/full/29849
637;"istituto tecnico economico e tecnologico ""g. floriani"" - riva del garda";istituto tecnico per il settore tecnologico;;a carattere statale/provinciale;paolo chincarini;;;viale dei tigli, 43 38066;riva del garda;0464578511;0464/578555;floriani@pec.provincia.tn.it;dir.istitutofloriani@scuole.provincia.tn.it;segr.istitutofloriani@scuole.provincia.tn.it;https://www.g-floriani.it;tntd00801q;https://www.vivoscuola.it/content/view/full/29846;school;https://it.wikipedia.org/wiki/Riva_del_Garda;https://www.vivoscuola.it/content/view/full/29850
638;"istituto tecnico economico e tecnologico ""g. floriani"" - riva del garda";istituto tecnico per il settore tecnologico serale;;a carattere statale/provinciale;paolo chincarini;;;viale dei tigli, 43 38066;riva del garda;0464578511;0464/578555;floriani@pec.provincia.tn.it;dir.istitutofloriani@scuole.provincia.tn.it;segr.istitutofloriani@scuole.provincia.tn.it;https://www.g-floriani.it;tntd008515;https://www.vivoscuola.it/content/view/full/29846;school;https://it.wikipedia.org/wiki/Riva_del_Garda;https://www.vivoscuola.it/content/view/full/29851
639;"istituto tecnico tecnologico ""g. marconi"" - rovereto";;istituzione scolastica e formativa;a carattere statale/provinciale;daniela depentori;;;via monti, 1 38068;rovereto;0464411400;0464/419130;marconi@pec.provincia.tn.it;dir.itimarconi@scuole.provincia.tn.it;segr.itimarconi@scuole.provincia.tn.it;https://www.marconirovereto.it;tntf02000g;https://www.vivoscuola.it/content/view/full/29852;institute;https://it.wikipedia.org/wiki/Rovereto;
640;"istituto tecnico tecnologico ""g. marconi"" - rovereto";istituto tecnico per il settore tecnologico;;a carattere statale/provinciale;daniela depentori;;;via monti, 1 38068;rovereto;0464411400;0464/419130;marconi@pec.provincia.tn.it;dir.itimarconi@scuole.provincia.tn.it;segr.itimarconi@scuole.provincia.tn.it;https://www.marconirovereto.it;tntf02000g;https://www.vivoscuola.it/content/view/full/29852;school;https://it.wikipedia.org/wiki/Rovereto;https://www.vivoscuola.it/content/view/full/29853
641;"istituto tecnico tecnologico ""g. marconi"" - rovereto";istituto tecnico per il settore tecnologico serale;;a carattere statale/provinciale;daniela depentori;;;via monti, 1 38068;rovereto;0464411400;0464/419130;marconi@pec.provincia.tn.it;dir.itimarconi@scuole.provincia.tn.it;segr.itimarconi@scuole.provincia.tn.it;https://www.marconirovereto.it;tntf020501;https://www.vivoscuola.it/content/view/full/29852;school;https://it.wikipedia.org/wiki/Rovereto;https://www.vivoscuola.it/content/view/full/29854
642;"istituto tecnico tecnologico ""m. buonarroti"" - trento";;istituzione scolastica e formativa;a carattere statale/provinciale;tiziana rossi;;;via brigata acqui, 15 38122;trento;0461216811;0461/984216;buonarroti@pec.provincia.tn.it;dir.buonarroti@scuole.provincia.tn.it;istituto.tecnico@buonarroti.tn.it;https://www.buonarroti.tn.it/;tnis013001;https://www.vivoscuola.it/content/view/full/29855;institute;https://it.wikipedia.org/wiki/Trento;
643;"istituto tecnico tecnologico ""m. buonarroti"" - trento";istituto tecnico per il settore tecnologico;;a carattere statale/provinciale;tiziana rossi;;;via brigata acqui, 15 38122;trento;0461216811;0461/984216;buonarroti@pec.provincia.tn.it;dir.buonarroti@scuole.provincia.tn.it;istituto.tecnico@buonarroti.tn.it;https://www.buonarroti.tn.it/;tntf01301d;https://www.vivoscuola.it/content/view/full/29855;school;https://it.wikipedia.org/wiki/Trento;https://www.vivoscuola.it/content/view/full/29856
644;"istituto tecnico tecnologico ""m. buonarroti"" - trento";istituto tecnico per il settore tecnologico serale;;a carattere statale/provinciale;tiziana rossi;;;via brigata acqui, 15 38122;trento;0461216811;0461/984216;buonarroti@pec.provincia.tn.it;dir.buonarroti@scuole.provincia.tn.it;istituto.tecnico@buonarroti.tn.it;https://www.buonarroti.tn.it/;tntf01351v;https://www.vivoscuola.it/content/view/full/29855;school;https://it.wikipedia.org/wiki/Trento;https://www.vivoscuola.it/content/view/full/29857
645;"liceo ""a. maffei"" - riva del garda";;istituzione scolastica e formativa;a carattere statale/provinciale;roberta bisoffi;;;via alberti lutti, 7 38066;riva del garda;0464552316;0464/552316;maffei@pec.provincia.tn.it;dir.liceo.maffei@scuole.provincia.tn.it;segr.liceo.maffei@scuole.provincia.tn.it;https://e.liceomaffei.it;tnpc01000q;https://www.vivoscuola.it/content/view/full/29869;institute;https://it.wikipedia.org/wiki/Riva_del_Garda;
646;"liceo ""a. maffei"" - riva del garda";liceo classico;;a carattere statale/provinciale;roberta bisoffi;;;via alberti lutti, 7 38066;riva del garda;0464552316;0464/552316;maffei@pec.provincia.tn.it;dir.liceo.maffei@scuole.provincia.tn.it;segr.liceo.maffei@scuole.provincia.tn.it;https://e.liceomaffei.it;tnpc01000q;https://www.vivoscuola.it/content/view/full/29869;school;https://it.wikipedia.org/wiki/Riva_del_Garda;https://www.vivoscuola.it/content/view/full/29870
647;"liceo ""a. maffei"" - riva del garda";liceo delle scienze umane;;a carattere statale/provinciale;roberta bisoffi;;;via alberti lutti, 7 38066;riva del garda;0464552316;0464/552316;maffei@pec.provincia.tn.it;dir.liceo.maffei@scuole.provincia.tn.it;segr.liceo.maffei@scuole.provincia.tn.it;https://e.liceomaffei.it;tnpc01000q;https://www.vivoscuola.it/content/view/full/29869;school;https://it.wikipedia.org/wiki/Riva_del_Garda;https://www.vivoscuola.it/content/view/full/29871
648;"liceo ""a. maffei"" - riva del garda";liceo linguistico;;a carattere statale/provinciale;roberta bisoffi;;;via alberti lutti, 7 38066;riva del garda;0464552316;0464/552316;maffei@pec.provincia.tn.it;dir.liceo.maffei@scuole.provincia.tn.it;segr.liceo.maffei@scuole.provincia.tn.it;https://e.liceomaffei.it;tnpc01000q;https://www.vivoscuola.it/content/view/full/29869;school;https://it.wikipedia.org/wiki/Riva_del_Garda;https://www.vivoscuola.it/content/view/full/29872
649;"liceo ""a. maffei"" - riva del garda";liceo musicale e coreutico;;a carattere statale/provinciale;roberta bisoffi;;;via alberti lutti, 7 38066;riva del garda;0464552316;0464/552316;maffei@pec.provincia.tn.it;dir.liceo.maffei@scuole.provincia.tn.it;segr.liceo.maffei@scuole.provincia.tn.it;https://e.liceomaffei.it;tnpc01000q;https://www.vivoscuola.it/content/view/full/29869;school;https://it.wikipedia.org/wiki/Riva_del_Garda;https://www.vivoscuola.it/content/view/full/29873
650;"liceo ""a. maffei"" - riva del garda";liceo scientifico;;a carattere statale/provinciale;roberta bisoffi;;;via alberti lutti, 7 38066;riva del garda;0464552316;0464/552316;maffei@pec.provincia.tn.it;dir.liceo.maffei@scuole.provincia.tn.it;segr.liceo.maffei@scuole.provincia.tn.it;https://e.liceomaffei.it;tnpc01000q;https://www.vivoscuola.it/content/view/full/29869;school;https://it.wikipedia.org/wiki/Riva_del_Garda;https://www.vivoscuola.it/content/view/full/29874
651;"liceo ""a. maffei"" - riva del garda";liceo scientifico opzione scienze applicate;;a carattere statale/provinciale;roberta bisoffi;;;via alberti lutti, 7 38066;riva del garda;0464552316;0464/552316;maffei@pec.provincia.tn.it;dir.liceo.maffei@scuole.provincia.tn.it;segr.liceo.maffei@scuole.provincia.tn.it;https://e.liceomaffei.it;tnpc01000q;https://www.vivoscuola.it/content/view/full/29869;school;https://it.wikipedia.org/wiki/Riva_del_Garda;https://www.vivoscuola.it/content/view/full/29875
652;"liceo ""a. rosmini"" - rovereto";;istituzione scolastica e formativa;a carattere statale/provinciale;paolo pendenza;;;corso bettini, 86 38068;rovereto;0464437700;0464/420025;rosmini.rovereto@pec.provincia.tn.it;dir.liceorosmini@scuole.provincia.tn.it;segr.liceorosmini@scuole.provincia.tn.it;https://www.liceorosmini.eu;tnpc02000a;https://www.vivoscuola.it/content/view/full/29876;institute;https://it.wikipedia.org/wiki/Rovereto;
653;"liceo ""a. rosmini"" - rovereto";liceo classico;;a carattere statale/provinciale;paolo pendenza;;;corso bettini, 86 38068;rovereto;0464437700;0464/420025;rosmini.rovereto@pec.provincia.tn.it;dir.liceorosmini@scuole.provincia.tn.it;segr.liceorosmini@scuole.provincia.tn.it;https://www.liceorosmini.eu;tnpc02000a;https://www.vivoscuola.it/content/view/full/29876;school;https://it.wikipedia.org/wiki/Rovereto;https://www.vivoscuola.it/content/view/full/29877
654;"liceo ""a. rosmini"" - rovereto";liceo linguistico;;a carattere statale/provinciale;paolo pendenza;;;corso bettini, 86 38068;rovereto;0464437700;0464/420025;rosmini.rovereto@pec.provincia.tn.it;dir.liceorosmini@scuole.provincia.tn.it;segr.liceorosmini@scuole.provincia.tn.it;https://www.liceorosmini.eu;tnpc02000a;https://www.vivoscuola.it/content/view/full/29876;school;https://it.wikipedia.org/wiki/Rovereto;https://www.vivoscuola.it/content/view/full/29878
655;"liceo ""a. rosmini"" - rovereto";liceo scientifico;;a carattere statale/provinciale;paolo pendenza;;;corso bettini, 86 38068;rovereto;0464437700;0464/420025;rosmini.rovereto@pec.provincia.tn.it;dir.liceorosmini@scuole.provincia.tn.it;segr.liceorosmini@scuole.provincia.tn.it;https://www.liceorosmini.eu;tnpc02000a;https://www.vivoscuola.it/content/view/full/29876;school;https://it.wikipedia.org/wiki/Rovereto;https://www.vivoscuola.it/content/view/full/29879
656;"liceo ""a. rosmini"" - rovereto";liceo scientifico opzione scienze applicate;;a carattere statale/provinciale;paolo pendenza;;;corso bettini, 86 38068;rovereto;0464437700;0464/420025;rosmini.rovereto@pec.provincia.tn.it;dir.liceorosmini@scuole.provincia.tn.it;segr.liceorosmini@scuole.provincia.tn.it;https://www.liceorosmini.eu;tnpc02000a;https://www.vivoscuola.it/content/view/full/29876;school;https://it.wikipedia.org/wiki/Rovereto;https://www.vivoscuola.it/content/view/full/29880
657;"liceo ""a. rosmini"" - trento";;istituzione scolastica e formativa;a carattere statale/provinciale;patrizia visconti;;;via malfatti, 2 38122;trento;0461914400;0461/914498;rosmini.trento@pec.provincia.tn.it;dir.rosmini.tn@scuole.provincia.tn.it;segr.rosmini.tn@scuole.provincia.tn.it;https://www.rosmini.eu;tnpm01000x;https://www.vivoscuola.it/content/view/full/29881;institute;https://it.wikipedia.org/wiki/Trento;
658;"liceo ""a. rosmini"" - trento";cc educazione adulti alberghiero;;a carattere statale/provinciale;patrizia visconti;;;via malfatti, 2 38122;trento;0461914400;0461/914498;rosmini.trento@pec.provincia.tn.it;dir.rosmini.tn@scuole.provincia.tn.it;segr.rosmini.tn@scuole.provincia.tn.it;https://www.rosmini.eu;;https://www.vivoscuola.it/content/view/full/29881;school;https://it.wikipedia.org/wiki/Trento;https://www.vivoscuola.it/content/view/full/457154
659;"liceo ""a. rosmini"" - trento";cc educazione adulti secondo ciclo les;;a carattere statale/provinciale;patrizia visconti;;;via malfatti, 2 38122;trento;0461914400;0461/914498;rosmini.trento@pec.provincia.tn.it;dir.rosmini.tn@scuole.provincia.tn.it;segr.rosmini.tn@scuole.provincia.tn.it;https://www.rosmini.eu;;https://www.vivoscuola.it/content/view/full/29881;school;https://it.wikipedia.org/wiki/Trento;https://www.vivoscuola.it/content/view/full/457155
660;"liceo ""a. rosmini"" - trento";educazione per adulti relativa al primo ciclo;;a carattere statale/provinciale;patrizia visconti;;;via malfatti, 2 38122;trento;0461914400;0461/914498;rosmini.trento@pec.provincia.tn.it;dir.rosmini.tn@scuole.provincia.tn.it;segr.rosmini.tn@scuole.provincia.tn.it;https://www.rosmini.eu;tnct70500p;https://www.vivoscuola.it/content/view/full/29881;school;https://it.wikipedia.org/wiki/Trento;https://www.vivoscuola.it/content/view/full/29882
661;"liceo ""a. rosmini"" - trento";liceo del made in italy;;a carattere statale/provinciale;patrizia visconti;;;via malfatti, 2 38122;trento;0461914400;0461/914498;rosmini.trento@pec.provincia.tn.it;dir.rosmini.tn@scuole.provincia.tn.it;segr.rosmini.tn@scuole.provincia.tn.it;https://www.rosmini.eu;tnpm01000x;https://www.vivoscuola.it/content/view/full/29881;school;https://it.wikipedia.org/wiki/Trento;https://www.vivoscuola.it/content/view/full/439667
662;"liceo ""a. rosmini"" - trento";liceo delle scienze umane;;a carattere statale/provinciale;patrizia visconti;;;via malfatti, 2 38122;trento;0461914400;0461/914498;rosmini.trento@pec.provincia.tn.it;dir.rosmini.tn@scuole.provincia.tn.it;segr.rosmini.tn@scuole.provincia.tn.it;https://www.rosmini.eu;tnpm01000x;https://www.vivoscuola.it/content/view/full/29881;school;https://it.wikipedia.org/wiki/Trento;https://www.vivoscuola.it/content/view/full/29883
663;"liceo ""a. rosmini"" - trento";liceo delle scienze umane opzione economico sociale;;a carattere statale/provinciale;patrizia visconti;;;via malfatti, 2 38122;trento;0461914400;0461/914498;rosmini.trento@pec.provincia.tn.it;dir.rosmini.tn@scuole.provincia.tn.it;segr.rosmini.tn@scuole.provincia.tn.it;https://www.rosmini.eu;tnpm01000x;https://www.vivoscuola.it/content/view/full/29881;school;https://it.wikipedia.org/wiki/Trento;https://www.vivoscuola.it/content/view/full/29884
664;"liceo ""a. rosmini"" - trento";liceo delle scienze umane opzione economico sociale serale;;a carattere statale/provinciale;patrizia visconti;;;via malfatti, 2 38122;trento;0461914400;0461/914498;rosmini.trento@pec.provincia.tn.it;dir.rosmini.tn@scuole.provincia.tn.it;segr.rosmini.tn@scuole.provincia.tn.it;https://www.rosmini.eu;tnpm010509;https://www.vivoscuola.it/content/view/full/29881;school;https://it.wikipedia.org/wiki/Trento;https://www.vivoscuola.it/content/view/full/29885
665;"liceo ""b. russell"" - cles";;istituzione scolastica e formativa;a carattere statale/provinciale;roberta gambaro;;;via iv novembre, 35 38023;cles;0463424049;0463/424577;russell@pec.provincia.tn.it;dir.russell@scuole.provincia.tn.it;segr.russell@scuole.provincia.tn.it;https://www.liceorussell.eu;tnis00600t;https://www.vivoscuola.it/content/view/full/29886;institute;https://it.wikipedia.org/wiki/Cles;
666;"liceo ""b. russell"" - cles";liceo classico;;a carattere statale/provinciale;roberta gambaro;;;via iv novembre, 35 38023;cles;0463424049;0463/424577;russell@pec.provincia.tn.it;dir.russell@scuole.provincia.tn.it;segr.russell@scuole.provincia.tn.it;https://www.liceorussell.eu;tnpm006019;https://www.vivoscuola.it/content/view/full/29886;school;https://it.wikipedia.org/wiki/Cles;https://www.vivoscuola.it/content/view/full/29887
667;"liceo ""b. russell"" - cles";liceo del made in italy;;a carattere statale/provinciale;roberta gambaro;;;via iv novembre, 35 38023;cles;0463424049;0463/424577;russell@pec.provincia.tn.it;dir.russell@scuole.provincia.tn.it;segr.russell@scuole.provincia.tn.it;https://www.liceorussell.eu;;https://www.vivoscuola.it/content/view/full/29886;school;https://it.wikipedia.org/wiki/Cles;https://www.vivoscuola.it/content/view/full/439668
668;"liceo ""b. russell"" - cles";liceo delle scienze umane;;a carattere statale/provinciale;roberta gambaro;;;via iv novembre, 35 38023;cles;0463424049;0463/424577;russell@pec.provincia.tn.it;dir.russell@scuole.provincia.tn.it;segr.russell@scuole.provincia.tn.it;https://www.liceorussell.eu;tnpm006019;https://www.vivoscuola.it/content/view/full/29886;school;https://it.wikipedia.org/wiki/Cles;https://www.vivoscuola.it/content/view/full/29888
669;"liceo ""b. russell"" - cles";liceo delle scienze umane opzione economico sociale;;a carattere statale/provinciale;roberta gambaro;;;via iv novembre, 35 38023;cles;0463424049;0463/424577;russell@pec.provincia.tn.it;dir.russell@scuole.provincia.tn.it;segr.russell@scuole.provincia.tn.it;https://www.liceorussell.eu;tnpm006019;https://www.vivoscuola.it/content/view/full/29886;school;https://it.wikipedia.org/wiki/Cles;https://www.vivoscuola.it/content/view/full/29889
670;"liceo ""b. russell"" - cles";liceo linguistico;;a carattere statale/provinciale;roberta gambaro;;;via iv novembre, 35 38023;cles;0463424049;0463/424577;russell@pec.provincia.tn.it;dir.russell@scuole.provincia.tn.it;segr.russell@scuole.provincia.tn.it;https://www.liceorussell.eu;tnps006018;https://www.vivoscuola.it/content/view/full/29886;school;https://it.wikipedia.org/wiki/Cles;https://www.vivoscuola.it/content/view/full/29890
671;"liceo ""b. russell"" - cles";liceo scientifico;;a carattere statale/provinciale;roberta gambaro;;;via iv novembre, 35 38023;cles;0463424049;0463/424577;russell@pec.provincia.tn.it;dir.russell@scuole.provincia.tn.it;segr.russell@scuole.provincia.tn.it;https://www.liceorussell.eu;tnps006018;https://www.vivoscuola.it/content/view/full/29886;school;https://it.wikipedia.org/wiki/Cles;https://www.vivoscuola.it/content/view/full/29891
672;"liceo ""b. russell"" - cles";liceo scientifico opzione scienze applicate;;a carattere statale/provinciale;roberta gambaro;;;via iv novembre, 35 38023;cles;0463424049;0463/424577;russell@pec.provincia.tn.it;dir.russell@scuole.provincia.tn.it;segr.russell@scuole.provincia.tn.it;https://www.liceorussell.eu;tnps006018;https://www.vivoscuola.it/content/view/full/29886;school;https://it.wikipedia.org/wiki/Cles;https://www.vivoscuola.it/content/view/full/29892
673;"liceo ""f. filzi"" - rovereto";;istituzione scolastica e formativa;a carattere statale/provinciale;norma borgogno;;;corso rosmini, 61 38068;rovereto;0464421223;0464/433003;filzi@pec.provincia.tn.it;dir.isup.filzi@scuole.provincia.tn.it;segr.isup.filzi@scuole.provincia.tn.it;https://www.liceofilzi.it;tnpm02000e;https://www.vivoscuola.it/content/view/full/29893;institute;https://it.wikipedia.org/wiki/Rovereto;
674;"liceo ""f. filzi"" - rovereto";liceo delle scienze umane;;a carattere statale/provinciale;norma borgogno;;;corso rosmini, 61 38068;rovereto;0464421223;0464/433003;filzi@pec.provincia.tn.it;dir.isup.filzi@scuole.provincia.tn.it;segr.isup.filzi@scuole.provincia.tn.it;https://www.liceofilzi.it;tnpm02000e;https://www.vivoscuola.it/content/view/full/29893;school;https://it.wikipedia.org/wiki/Rovereto;https://www.vivoscuola.it/content/view/full/29894
675;"liceo ""f. filzi"" - rovereto";liceo delle scienze umane opzione economico sociale;;a carattere statale/provinciale;norma borgogno;;;corso rosmini, 61 38068;rovereto;0464421223;0464/433003;filzi@pec.provincia.tn.it;dir.isup.filzi@scuole.provincia.tn.it;segr.isup.filzi@scuole.provincia.tn.it;https://www.liceofilzi.it;tnpm02000e;https://www.vivoscuola.it/content/view/full/29893;school;https://it.wikipedia.org/wiki/Rovereto;https://www.vivoscuola.it/content/view/full/29895
676;"liceo classico ""g. prati"" - trento";;istituzione scolastica e formativa;a carattere statale/provinciale;paola baratter;;;via s trinita, 38 38122;trento;0461980190;0461/980747;prati@pec.provincia.tn.it;dir.liceoprati@scuole.provincia.tn.it;segr.liceoprati@scuole.provincia.tn.it;https://www.liceoprati.it;tnpc04000g;https://www.vivoscuola.it/content/view/full/29896;institute;https://it.wikipedia.org/wiki/Trento;
677;"liceo classico ""g. prati"" - trento";liceo classico;;a carattere statale/provinciale;paola baratter;;;via s trinita, 38 38122;trento;0461980190;0461/980747;prati@pec.provincia.tn.it;dir.liceoprati@scuole.provincia.tn.it;segr.liceoprati@scuole.provincia.tn.it;https://www.liceoprati.it;tnpc04000g;https://www.vivoscuola.it/content/view/full/29896;school;https://it.wikipedia.org/wiki/Trento;https://www.vivoscuola.it/content/view/full/29897
678;"liceo delle arti di trento e rovereto ""vittoria-bonporti-depero""";;istituzione scolastica e formativa;a carattere statale/provinciale;daniela simoncelli;;;via zambra, 3 38121;trento;0461824422;;vittoria@pec.provincia.tn.it;dir.istitutodellearti@scuole.provincia.tn.it;info@liceodellearti.tn.it;https://www.liceodellearti.tn.it;tnsd02000x;https://www.vivoscuola.it/content/view/full/29815;institute;https://it.wikipedia.org/wiki/Trento;
679;"liceo delle arti di trento e rovereto ""vittoria-bonporti-depero""";"liceo artistico ""depero""- rovereto";;a carattere statale/provinciale;daniela simoncelli;;;via delle fosse, 9 38068;rovereto;0464438836;;info.depero@istitutodellearti.tn.it;dir.istitutodellearti@scuole.provincia.tn.it;info@liceodellearti.tn.it;https://www.liceodellearti.tn.it;tnsd020011;https://www.vivoscuola.it/content/view/full/29815;school;https://it.wikipedia.org/wiki/Rovereto;https://www.vivoscuola.it/content/view/full/29816
680;"liceo delle arti di trento e rovereto ""vittoria-bonporti-depero""";"liceo artistico ""vittoria"" - trento";;a carattere statale/provinciale;daniela simoncelli;;;via zambra, 3 38121;trento;0461824422;;vittoria@pec.provincia.tn.it;dir.istitutodellearti@scuole.provincia.tn.it;info@liceodellearti.tn.it;https://www.liceodellearti.tn.it;tnsd02000x;https://www.vivoscuola.it/content/view/full/29815;school;https://it.wikipedia.org/wiki/Trento;https://www.vivoscuola.it/content/view/full/29817
681;"liceo delle arti di trento e rovereto ""vittoria-bonporti-depero""";liceo musicale coreutico;;a carattere statale/provinciale;daniela simoncelli;;;vicolo s maria maddalena, 16 38122;trento;0461260648;;info.bonporti@istitutodellearti.tn.it;dir.istitutodellearti@scuole.provincia.tn.it;info@liceodellearti.tn.it;https://www.liceodellearti.tn.it;tnsd02000x;https://www.vivoscuola.it/content/view/full/29815;school;https://it.wikipedia.org/wiki/Trento;https://www.vivoscuola.it/content/view/full/29819
682;"liceo linguistico ""s. m. scholl"" - trento";;istituzione scolastica e formativa;a carattere statale/provinciale;chiara motter;;;via mattioli, 8 38122;trento;0461914499;0461915472;linguisticotrento@pec.provincia.tn.it;dir.linguisticotrento@scuole.provincia.tn.it;segr.linguisticotrento@scuole.provincia.tn.it;https://www.linguisticotrento.it;tnps11000q;https://www.vivoscuola.it/content/view/full/29898;institute;https://it.wikipedia.org/wiki/Trento;
683;"liceo linguistico ""s. m. scholl"" - trento";liceo linguistico;;a carattere statale/provinciale;chiara motter;;;via mattioli, 8 38122;trento;0461914499;0461915472;linguisticotrento@pec.provincia.tn.it;dir.linguisticotrento@scuole.provincia.tn.it;segr.linguisticotrento@scuole.provincia.tn.it;https://www.linguisticotrento.it;tnps11000q;https://www.vivoscuola.it/content/view/full/29898;school;https://it.wikipedia.org/wiki/Trento;https://www.vivoscuola.it/content/view/full/29899
684;"liceo scientifico ""g. galilei"" - trento";;istituzione scolastica e formativa;a carattere statale/provinciale;elena ruggieri;;;viale bolognini, 88 38122;trento;0461913479;0461/913367;galilei@pec.provincia.tn.it;dir.liceogalilei@scuole.provincia.tn.it;segr.liceogalilei@scuole.provincia.tn.it;https://www.lsgalilei.org/;tnps01000v;https://www.vivoscuola.it/content/view/full/29900;institute;https://it.wikipedia.org/wiki/Trento;
685;"liceo scientifico ""g. galilei"" - trento";liceo scientifico;;a carattere statale/provinciale;elena ruggieri;;;viale bolognini, 88 38122;trento;0461913479;0461/913367;galilei@pec.provincia.tn.it;dir.liceogalilei@scuole.provincia.tn.it;segr.liceogalilei@scuole.provincia.tn.it;https://www.lsgalilei.org/;tnps01000v;https://www.vivoscuola.it/content/view/full/29900;school;https://it.wikipedia.org/wiki/Trento;https://www.vivoscuola.it/content/view/full/29901
686;"liceo scientifico ""g. galilei"" - trento";liceo scientifico opzione scienze applicate;;a carattere statale/provinciale;elena ruggieri;;;viale bolognini, 88 38122;trento;0461913479;0461/913367;galilei@pec.provincia.tn.it;dir.liceogalilei@scuole.provincia.tn.it;segr.liceogalilei@scuole.provincia.tn.it;https://www.lsgalilei.org/;tnps01000v;https://www.vivoscuola.it/content/view/full/29900;school;https://it.wikipedia.org/wiki/Trento;https://www.vivoscuola.it/content/view/full/29902
687;"liceo scientifico ""l. da vinci"" - trento";;istituzione scolastica e formativa;a carattere statale/provinciale;viviana sbardella ;;;via madruzzo, 24 38122;trento;0461984099;0461/986257;davinci@pec.provincia.tn.it;dir.liceodavinci@scuole.provincia.tn.it;segr.liceodavinci@scuole.provincia.tn.it;https://www.liceodavincitn.it;tnps02000d;https://www.vivoscuola.it/content/view/full/29904;institute;https://it.wikipedia.org/wiki/Trento;
688;"liceo scientifico ""l. da vinci"" - trento";liceo scientifico;;a carattere statale/provinciale;viviana sbardella ;;;via madruzzo, 24 38122;trento;0461984099;0461/986257;davinci@pec.provincia.tn.it;dir.liceodavinci@scuole.provincia.tn.it;segr.liceodavinci@scuole.provincia.tn.it;https://www.liceodavincitn.it;tnps02000d;https://www.vivoscuola.it/content/view/full/29904;school;https://it.wikipedia.org/wiki/Trento;https://www.vivoscuola.it/content/view/full/29905
689;"liceo scientifico ""l. da vinci"" - trento";liceo scientifico opzione scienze applicate;;a carattere statale/provinciale;viviana sbardella ;;;via madruzzo, 24 38122;trento;0461984099;0461/986257;davinci@pec.provincia.tn.it;dir.liceodavinci@scuole.provincia.tn.it;segr.liceodavinci@scuole.provincia.tn.it;https://www.liceodavincitn.it;tnps02000d;https://www.vivoscuola.it/content/view/full/29904;school;https://it.wikipedia.org/wiki/Trento;https://www.vivoscuola.it/content/view/full/29906
690;polo giuseppe veronesi;;istituzione scolastica e formativa;paritaria/equiparata;;laura scalfi;;piazzale orsi, 1 38068;rovereto;0464433484;0464/436873;iscrizioni.veronesi@pec.it;;segreteria.dir@cfpgveronesi.it;https://www.poloveronesi.it/;tncf002001;https://www.vivoscuola.it/content/view/full/29417;institute;https://it.wikipedia.org/wiki/Rovereto;
691;polo giuseppe veronesi;capes - settore industria e artigianato;;paritaria/equiparata;;laura scalfi;;piazzale orsi, 1 38068;rovereto;0464433484;0464/436873;iscrizioni.veronesi@pec.it;;segreteria.dir@cfpgveronesi.it;https://www.poloveronesi.it/;tncf002001;https://www.vivoscuola.it/content/view/full/29417;school;https://it.wikipedia.org/wiki/Rovereto;https://www.vivoscuola.it/content/view/full/170211
692;polo giuseppe veronesi;liceo scientifico opzione scienze applicate steam;;paritaria/equiparata;;laura scalfi;;piazzale orsi, 1 38068;rovereto;0464433484;0464/436873;iscrizioni.veronesi@pec.it;;segreteria.dir@cfpgveronesi.it;https://www.poloveronesi.it/;tnpsid500s;https://www.vivoscuola.it/content/view/full/29417;school;https://it.wikipedia.org/wiki/Rovereto;https://www.vivoscuola.it/content/view/full/29418
693;polo giuseppe veronesi;settore industria e artigianato;;paritaria/equiparata;;laura scalfi;;piazzale orsi, 1 38068;rovereto;0464433484;0464/436873;iscrizioni.veronesi@pec.it;;segreteria.dir@cfpgveronesi.it;https://www.poloveronesi.it/;tncf002001;https://www.vivoscuola.it/content/view/full/29417;school;https://it.wikipedia.org/wiki/Rovereto;https://www.vivoscuola.it/content/view/full/29419
694;polo giuseppe veronesi;settore industria e artigianato serale;;paritaria/equiparata;;laura scalfi;;piazzale orsi, 1 38068;rovereto;0464433484;0464/436873;iscrizioni.veronesi@pec.it;;segreteria.dir@cfpgveronesi.it;https://www.poloveronesi.it/;;https://www.vivoscuola.it/content/view/full/29417;school;https://it.wikipedia.org/wiki/Rovereto;https://www.vivoscuola.it/content/view/full/29420
695;scuola dell'infanzia di ala;;scuola dell'infanzia;paritaria/equiparata;;;francesca vareschi;via de ferrari, 1 38061;ala;0464671113;0464 674717;ala.presidente@fpsm.tn.it;;ala.segretario@fpsm.tn.it;;;https://www.vivoscuola.it/content/view/full/29925;institute;https://it.wikipedia.org/wiki/Ala_(Italia);
696;scuola dell'infanzia di ala;scuola dell'infanzia di ala;;paritaria/equiparata;;;francesca vareschi;via de ferrari, 1 38061;ala;0464671113;0464 674717;ala.presidente@fpsm.tn.it;;ala.segretario@fpsm.tn.it;;;https://www.vivoscuola.it/content/view/full/29925;school;https://it.wikipedia.org/wiki/Ala_(Italia);https://www.vivoscuola.it/content/view/full/29926
697;scuola dell'infanzia di albiano;;scuola dell'infanzia;paritaria/equiparata;;;pamela tomaselli;via s antonio, 22 38041;albiano;0461689486;0461 723325;albiano.presidente@fpsm.tn.it;;albiano.segretario@fpsm.tn.it;;;https://www.vivoscuola.it/content/view/full/29927;institute;https://it.wikipedia.org/wiki/Albiano_(Trentino-Alto_Adige);
698;scuola dell'infanzia di albiano;scuola dell'infanzia di albiano;;paritaria/equiparata;;;pamela tomaselli;via s antonio, 22 38041;albiano;0461689486;0461 723325;albiano.presidente@fpsm.tn.it;;albiano.segretario@fpsm.tn.it;;;https://www.vivoscuola.it/content/view/full/29927;school;https://it.wikipedia.org/wiki/Albiano_(Trentino-Alto_Adige);https://www.vivoscuola.it/content/view/full/29928
699;scuola dell'infanzia di aldeno;;scuola dell'infanzia;paritaria/equiparata;;;sandra ciappi;via xxv aprile, 5 38060;aldeno;0461842597;;aldeno.presidente@fpsm.tn.it;;aldeno.segretario@fpsm.tn.it;;;https://www.vivoscuola.it/content/view/full/29929;institute;https://it.wikipedia.org/wiki/Aldeno;
700;scuola dell'infanzia di aldeno;scuola dell'infanzia di aldeno;;paritaria/equiparata;;;sandra ciappi;via xxv aprile, 5 38060;aldeno;0461842597;;aldeno.presidente@fpsm.tn.it;;aldeno.segretario@fpsm.tn.it;;;https://www.vivoscuola.it/content/view/full/29929;school;https://it.wikipedia.org/wiki/Aldeno;https://www.vivoscuola.it/content/view/full/29930
701;scuola dell'infanzia di andalo;;scuola dell'infanzia;paritaria/equiparata;;;elena ricci;via paganella, 5 38010;andalo;0461585898;;andalo.presidente@fpsm.tn.it;;andalo.segretario@fpsm.tn.it;;;https://www.vivoscuola.it/content/view/full/29931;institute;https://it.wikipedia.org/wiki/Andalo;
702;scuola dell'infanzia di andalo;scuola dell'infanzia di andalo;;paritaria/equiparata;;;elena ricci;via paganella, 5 38010;andalo;0461585898;;andalo.presidente@fpsm.tn.it;;andalo.segretario@fpsm.tn.it;;;https://www.vivoscuola.it/content/view/full/29931;school;https://it.wikipedia.org/wiki/Andalo;https://www.vivoscuola.it/content/view/full/29932
703;scuola dell'infanzia di arco;;scuola dell'infanzia;paritaria/equiparata;;;gianna angeli;viale capitelli, 16 38062;arco;0464516369;;arco.segretario@fpsm.tn.it;;arco.segretario@fpsm.tn.it;;;https://www.vivoscuola.it/content/view/full/29933;institute;https://it.wikipedia.org/wiki/Arco_(Italia);
704;scuola dell'infanzia di arco;scuola dell'infanzia di arco;;paritaria/equiparata;;;gianna angeli;viale capitelli, 16 38062;arco;0464516369;;arco.segretario@fpsm.tn.it;;arco.segretario@fpsm.tn.it;;;https://www.vivoscuola.it/content/view/full/29933;school;https://it.wikipedia.org/wiki/Arco_(Italia);https://www.vivoscuola.it/content/view/full/29934
705;scuola dell'infanzia di avio;;scuola dell'infanzia;paritaria/equiparata;;;francesca vareschi;via dante, 5 38063;avio;0464684102;;avio.presidente@fpsm.tn.it;;avio.segretario@fpsm.tn.it;;;https://www.vivoscuola.it/content/view/full/29935;institute;https://it.wikipedia.org/wiki/Avio;
706;scuola dell'infanzia di avio;scuola dell'infanzia di avio;;paritaria/equiparata;;;francesca vareschi;via dante, 5 38063;avio;0464684102;;avio.presidente@fpsm.tn.it;;avio.segretario@fpsm.tn.it;;;https://www.vivoscuola.it/content/view/full/29935;school;https://it.wikipedia.org/wiki/Avio;https://www.vivoscuola.it/content/view/full/29936
707;scuola dell'infanzia di barco di levico;;scuola dell'infanzia;paritaria/equiparata;;;mariangela simoncini;via di s taddeo, 8 38056;levico terme;0461707295;;barco.presidente@fpsm.tn.it;;barco.segretario@fpsm.tn.it;;;https://www.vivoscuola.it/content/view/full/29937;institute;https://it.wikipedia.org/wiki/Levico_Terme;
708;scuola dell'infanzia di barco di levico;scuola dell'infanzia di barco di levico;;paritaria/equiparata;;;mariangela simoncini;via di s taddeo, 8 38056;levico terme;0461707295;;barco.presidente@fpsm.tn.it;;barco.segretario@fpsm.tn.it;;;https://www.vivoscuola.it/content/view/full/29937;school;https://it.wikipedia.org/wiki/Levico_Terme;https://www.vivoscuola.it/content/view/full/29938
709;scuola dell'infanzia di bolognano;;scuola dell'infanzia;paritaria/equiparata;;;gianna angeli;piazza vittoria, 1 38062;arco;0464516315;;bolognano.presidente@fpsm.tn.it;;bolognano.segretario@fpsm.tn.it;;;https://www.vivoscuola.it/content/view/full/29939;institute;https://it.wikipedia.org/wiki/Arco_(Italia);
710;scuola dell'infanzia di bolognano;scuola dell'infanzia di bolognano;;paritaria/equiparata;;;gianna angeli;piazza vittoria, 1 38062;arco;0464516315;;bolognano.presidente@fpsm.tn.it;;bolognano.segretario@fpsm.tn.it;;;https://www.vivoscuola.it/content/view/full/29939;school;https://it.wikipedia.org/wiki/Arco_(Italia);https://www.vivoscuola.it/content/view/full/29940
711;scuola dell'infanzia di bondone;;scuola dell'infanzia;paritaria/equiparata;;;alessandra pomilio;via giusti, 46 38080;bondone;0465898770;;bondone.presidente@fpsm.tn.it;;bondone.segretario@fpsm.tn.it;;;https://www.vivoscuola.it/content/view/full/29941;institute;https://it.wikipedia.org/wiki/Bondone;
712;scuola dell'infanzia di bondone;scuola dell'infanzia di bondone;;paritaria/equiparata;;;alessandra pomilio;via giusti, 46 38080;bondone;0465898770;;bondone.presidente@fpsm.tn.it;;bondone.segretario@fpsm.tn.it;;;https://www.vivoscuola.it/content/view/full/29941;school;https://it.wikipedia.org/wiki/Bondone;https://www.vivoscuola.it/content/view/full/29942
713;scuola dell'infanzia di borgo sacco;;scuola dell'infanzia;paritaria/equiparata;;;roberta medeghini;via fedrigotti, 9 38068;rovereto;0464430541;;borgo.sacco.presidente@fpsm.tn.it;;borgo.sacco.segretario@fpsm.tn.it;;;https://www.vivoscuola.it/content/view/full/29943;institute;https://it.wikipedia.org/wiki/Rovereto;
714;scuola dell'infanzia di borgo sacco;scuola dell'infanzia di borgo sacco;;paritaria/equiparata;;;roberta medeghini;via fedrigotti, 9 38068;rovereto;0464430541;;borgo.sacco.presidente@fpsm.tn.it;;borgo.sacco.segretario@fpsm.tn.it;;;https://www.vivoscuola.it/content/view/full/29943;school;https://it.wikipedia.org/wiki/Rovereto;https://www.vivoscuola.it/content/view/full/29944
715;scuola dell'infanzia di borgo valsugana;;scuola dell'infanzia;paritaria/equiparata;;;paola sangiorgi;piazza romani, 8 38051;borgo valsugana;0461754771;;borgo.valsugana.presidente@fpsm.tn.it;;borgo.valsugana.segretario@fpsm.tn.it;;;https://www.vivoscuola.it/content/view/full/29945;institute;https://it.wikipedia.org/wiki/Borgo_Valsugana;
716;scuola dell'infanzia di borgo valsugana;scuola dell'infanzia di borgo valsugana;;paritaria/equiparata;;;paola sangiorgi;piazza romani, 8 38051;borgo valsugana;0461754771;;borgo.valsugana.presidente@fpsm.tn.it;;borgo.valsugana.segretario@fpsm.tn.it;;;https://www.vivoscuola.it/content/view/full/29945;school;https://it.wikipedia.org/wiki/Borgo_Valsugana;https://www.vivoscuola.it/content/view/full/29946
717;"scuola dell'infanzia di breguzzo - bondo ""giuseppina bonazza odv""";;scuola dell'infanzia;paritaria/equiparata;;;;via marconi - breguzzo, 5 38087;sella giudicarie;0465901550;;breguzzo.bondo.materna@associazionecoesi.com;;;;;https://www.vivoscuola.it/content/view/full/29923;institute;https://it.wikipedia.org/wiki/Sella_Giudicarie;
718;"scuola dell'infanzia di breguzzo - bondo ""giuseppina bonazza odv""";"scuola dell'infanzia di breguzzo - bondo  ""giuseppina bonazza odv""";;paritaria/equiparata;;;;via marconi - breguzzo, 5 38087;sella giudicarie;0465901550;;breguzzo.bondo.materna@associazionecoesi.com;;;;;https://www.vivoscuola.it/content/view/full/29923;school;https://it.wikipedia.org/wiki/Sella_Giudicarie;https://www.vivoscuola.it/content/view/full/29924
719;scuola dell'infanzia di brentonico;;scuola dell'infanzia;paritaria/equiparata;;;francesca vareschi;via mantova, 5 38060;brentonico;0464395628;;brentonico.segretario@fpsm.tn.it;;brentonico.segretario@fpsm.tn.it;;;https://www.vivoscuola.it/content/view/full/29947;institute;https://it.wikipedia.org/wiki/Brentonico;
720;scuola dell'infanzia di brentonico;scuola dell'infanzia di brentonico;;paritaria/equiparata;;;francesca vareschi;via mantova, 5 38060;brentonico;0464395628;;brentonico.segretario@fpsm.tn.it;;brentonico.segretario@fpsm.tn.it;;;https://www.vivoscuola.it/content/view/full/29947;school;https://it.wikipedia.org/wiki/Brentonico;https://www.vivoscuola.it/content/view/full/29948
721;scuola dell'infanzia di calceranica;;scuola dell'infanzia;paritaria/equiparata;;;mariangela simoncini;via cavour, 2 38050;calceranica al lago;0461723325;;calceranica.contabile@fpsm.tn.it;;calceranica.segretario@fpsm.tn.it;;;https://www.vivoscuola.it/content/view/full/29949;institute;https://it.wikipedia.org/wiki/Calceranica_al_Lago;
722;scuola dell'infanzia di calceranica;scuola dell'infanzia di calceranica;;paritaria/equiparata;;;mariangela simoncini;via cavour, 2 38050;calceranica al lago;0461723325;;calceranica.contabile@fpsm.tn.it;;calceranica.segretario@fpsm.tn.it;;;https://www.vivoscuola.it/content/view/full/29949;school;https://it.wikipedia.org/wiki/Calceranica_al_Lago;https://www.vivoscuola.it/content/view/full/29950
723;scuola dell'infanzia di campitello di fassa;;scuola dell'infanzia;paritaria/equiparata;;;sara de zolt;strèda sènc felip e giacum, 9 38031;campitello di fassa;0462750470;;campitello.presidente@fpsm.tn.it;;campitello.segretario@fpsm.tn.it;;;https://www.vivoscuola.it/content/view/full/29953;institute;https://it.wikipedia.org/wiki/Campitello_di_Fassa;
724;scuola dell'infanzia di campitello di fassa;scuola dell'infanzia di campitello di fassa;;paritaria/equiparata;;;sara de zolt;strèda sènc felip e giacum, 9 38031;campitello di fassa;0462750470;;campitello.presidente@fpsm.tn.it;;campitello.segretario@fpsm.tn.it;;;https://www.vivoscuola.it/content/view/full/29953;school;https://it.wikipedia.org/wiki/Campitello_di_Fassa;https://www.vivoscuola.it/content/view/full/29954
725;scuola dell'infanzia di campodenno;;scuola dell'infanzia;paritaria/equiparata;;;ute pancher;via s maurizio, 3 38010;campodenno;0461655166;;campodenno.presidente@fpsm.tn.it;;campodenno.segretario@fpsm.tn.it;;;https://www.vivoscuola.it/content/view/full/29955;institute;https://it.wikipedia.org/wiki/Campodenno;
726;scuola dell'infanzia di campodenno;scuola dell'infanzia di campodenno;;paritaria/equiparata;;;ute pancher;via s maurizio, 3 38010;campodenno;0461655166;;campodenno.presidente@fpsm.tn.it;;campodenno.segretario@fpsm.tn.it;;;https://www.vivoscuola.it/content/view/full/29955;school;https://it.wikipedia.org/wiki/Campodenno;https://www.vivoscuola.it/content/view/full/29956
727;scuola dell'infanzia di carano;;scuola dell'infanzia;paritaria/equiparata;;;tiziana ceol;via giovanelli, 40 38033;ville di fiemme;0462341759;;carano.presidente@fpsm.tn.it;;carano.segretario@fpsm.tn.it;;;https://www.vivoscuola.it/content/view/full/29957;institute;https://it.wikipedia.org/wiki/Ville_di_Fiemme;
728;scuola dell'infanzia di carano;scuola dell'infanzia di carano;;paritaria/equiparata;;;tiziana ceol;via giovanelli, 40 38033;ville di fiemme;0462341759;;carano.presidente@fpsm.tn.it;;carano.segretario@fpsm.tn.it;;;https://www.vivoscuola.it/content/view/full/29957;school;https://it.wikipedia.org/wiki/Ville_di_Fiemme;https://www.vivoscuola.it/content/view/full/29958
729;scuola dell'infanzia di carisolo;;scuola dell'infanzia;paritaria/equiparata;;;alessandra pomilio;viale trento, 4 38080;carisolo;0465501433;;carisolo.presidente@fpsm.tn.it;;carisolo.segretario@fpsm.tn.it;;;https://www.vivoscuola.it/content/view/full/29959;institute;https://it.wikipedia.org/wiki/Carisolo;
730;scuola dell'infanzia di carisolo;scuola dell'infanzia di carisolo;;paritaria/equiparata;;;alessandra pomilio;viale trento, 4 38080;carisolo;0465501433;;carisolo.presidente@fpsm.tn.it;;carisolo.segretario@fpsm.tn.it;;;https://www.vivoscuola.it/content/view/full/29959;school;https://it.wikipedia.org/wiki/Carisolo;https://www.vivoscuola.it/content/view/full/29960
731;scuola dell'infanzia di casez;;scuola dell'infanzia;paritaria/equiparata;;;ilaria mancini;via della pontara - casez, 10 38010;sanzeno;0463434219;;casez.presidente@fpsm.tn.it;;casez.segretario@fpsm.tn.it;;;https://www.vivoscuola.it/content/view/full/29961;institute;https://it.wikipedia.org/wiki/Sanzeno;
732;scuola dell'infanzia di casez;scuola dell'infanzia di casez;;paritaria/equiparata;;;ilaria mancini;via della pontara - casez, 10 38010;sanzeno;0463434219;;casez.presidente@fpsm.tn.it;;casez.segretario@fpsm.tn.it;;;https://www.vivoscuola.it/content/view/full/29961;school;https://it.wikipedia.org/wiki/Sanzeno;https://www.vivoscuola.it/content/view/full/29962
733;scuola dell'infanzia di castellano;;scuola dell'infanzia;paritaria/equiparata;;;roberta medeghini;via caduti, 1 38060;villa lagarina;0464801242;;castellano.presidente@fpsm.tn.it;;castellano.segretario@fpsm.tn.it;;;https://www.vivoscuola.it/content/view/full/29963;institute;https://it.wikipedia.org/wiki/Villa_Lagarina;
734;scuola dell'infanzia di castellano;scuola dell'infanzia di castellano;;paritaria/equiparata;;;roberta medeghini;via caduti, 1 38060;villa lagarina;0464801242;;castellano.presidente@fpsm.tn.it;;castellano.segretario@fpsm.tn.it;;;https://www.vivoscuola.it/content/view/full/29963;school;https://it.wikipedia.org/wiki/Villa_Lagarina;https://www.vivoscuola.it/content/view/full/29964
735;scuola dell'infanzia di castello di fiemme;;scuola dell'infanzia;paritaria/equiparata;;;tiziana ceol;via latemar, 2 38030;castello-molina di fiemme;0462341153;;castello.fiemme.segretario@fpsm.tn.it;;castello.fiemme.segretario@fpsm.tn.it;;;https://www.vivoscuola.it/content/view/full/29965;institute;https://it.wikipedia.org/wiki/Castello-Molina_di_Fiemme;
736;scuola dell'infanzia di castello di fiemme;scuola dell'infanzia di castello di fiemme;;paritaria/equiparata;;;tiziana ceol;via latemar, 2 38030;castello-molina di fiemme;0462341153;;castello.fiemme.segretario@fpsm.tn.it;;castello.fiemme.segretario@fpsm.tn.it;;;https://www.vivoscuola.it/content/view/full/29965;school;https://it.wikipedia.org/wiki/Castello-Molina_di_Fiemme;https://www.vivoscuola.it/content/view/full/29966
737;scuola dell'infanzia di castelnuovo;;scuola dell'infanzia;paritaria/equiparata;;;paola sangiorgi;piazza municipio, 2 38050;castelnuovo;0461753637;;entesantamargherita@gmail.com;;castelnuovo.segretario@fpsm.tn.it;;;https://www.vivoscuola.it/content/view/full/29967;institute;https://it.wikipedia.org/wiki/Castelnuovo_(Trentino-Alto_Adige);
738;scuola dell'infanzia di castelnuovo;scuola dell'infanzia di castelnuovo;;paritaria/equiparata;;;paola sangiorgi;piazza municipio, 2 38050;castelnuovo;0461753637;;entesantamargherita@gmail.com;;castelnuovo.segretario@fpsm.tn.it;;;https://www.vivoscuola.it/content/view/full/29967;school;https://it.wikipedia.org/wiki/Castelnuovo_(Trentino-Alto_Adige);https://www.vivoscuola.it/content/view/full/29968
739;scuola dell'infanzia di cavalese;;scuola dell'infanzia;paritaria/equiparata;;;tiziana ceol;via regolani, 4 38033;cavalese;0462341673;;cavalese.segretario@fpsm.tn.it;;cavalese.presidente@fpsm.tn.it;;;https://www.vivoscuola.it/content/view/full/92005;institute;https://it.wikipedia.org/wiki/Cavalese;
740;scuola dell'infanzia di cavalese;scuola dell'infanzia di cavalese;;paritaria/equiparata;;;tiziana ceol;via regolani, 4 38033;cavalese;0462341673;;cavalese.segretario@fpsm.tn.it;;cavalese.presidente@fpsm.tn.it;;;https://www.vivoscuola.it/content/view/full/92005;school;https://it.wikipedia.org/wiki/Cavalese;https://www.vivoscuola.it/content/view/full/92006
741;scuola dell'infanzia di cavedine;;scuola dell'infanzia;paritaria/equiparata;;;gianna angeli;via iv novembre, 19 38073;cavedine;0461568548;;cavedine.presidente@fpsm.tn.it;;cavedine.segretario@fpsm.tn.it;;;https://www.vivoscuola.it/content/view/full/29971;institute;https://it.wikipedia.org/wiki/Cavedine;
742;scuola dell'infanzia di cavedine;scuola dell'infanzia di cavedine;;paritaria/equiparata;;;gianna angeli;via iv novembre, 19 38073;cavedine;0461568548;;cavedine.presidente@fpsm.tn.it;;cavedine.segretario@fpsm.tn.it;;;https://www.vivoscuola.it/content/view/full/29971;school;https://it.wikipedia.org/wiki/Cavedine;https://www.vivoscuola.it/content/view/full/29972
743;scuola dell'infanzia di cembra;;scuola dell'infanzia;paritaria/equiparata;;;pamela tomaselli;piazza zanotelli - cembra, 1 38034;cembra lisignago;0461680173;;cembra.presidente@fpsm.tn.it;;cembra.segretario@fpsm.tn.it;;;https://www.vivoscuola.it/content/view/full/29973;institute;https://it.wikipedia.org/wiki/Cembra_Lisignago;
744;scuola dell'infanzia di cembra;scuola dell'infanzia di cembra;;paritaria/equiparata;;;pamela tomaselli;piazza zanotelli - cembra, 1 38034;cembra lisignago;0461680173;;cembra.presidente@fpsm.tn.it;;cembra.segretario@fpsm.tn.it;;;https://www.vivoscuola.it/content/view/full/29973;school;https://it.wikipedia.org/wiki/Cembra_Lisignago;https://www.vivoscuola.it/content/view/full/29974
745;scuola dell'infanzia di chizzola;;scuola dell'infanzia;paritaria/equiparata;;;francesca vareschi;via canestrini - chizzola, 1 38061;ala;0464696397;;chizzola.presidente@fpsm.tn.it;;chizzola.segretario@fpsm.tn.it;;;https://www.vivoscuola.it/content/view/full/29975;institute;https://it.wikipedia.org/wiki/Ala_(Italia);
746;scuola dell'infanzia di chizzola;scuola dell'infanzia di chizzola;;paritaria/equiparata;;;francesca vareschi;via canestrini - chizzola, 1 38061;ala;0464696397;;chizzola.presidente@fpsm.tn.it;;chizzola.segretario@fpsm.tn.it;;;https://www.vivoscuola.it/content/view/full/29975;school;https://it.wikipedia.org/wiki/Ala_(Italia);https://www.vivoscuola.it/content/view/full/29976
747;scuola dell'infanzia di cles;;scuola dell'infanzia;paritaria/equiparata;;;ilaria mancini;via mattioli, 13 38023;cles;0463625164;;cles.presidente@fpsm.tn.it;;cles.segretario@fpsm.tn.it;;;https://www.vivoscuola.it/content/view/full/29977;institute;https://it.wikipedia.org/wiki/Cles;
748;scuola dell'infanzia di cles;scuola dell'infanzia di cles;;paritaria/equiparata;;;ilaria mancini;via mattioli, 13 38023;cles;0463625164;;cles.presidente@fpsm.tn.it;;cles.segretario@fpsm.tn.it;;;https://www.vivoscuola.it/content/view/full/29977;school;https://it.wikipedia.org/wiki/Cles;https://www.vivoscuola.it/content/view/full/29978
749;scuola dell'infanzia di cloz e brez;;scuola dell'infanzia;paritaria/equiparata;;;ilaria mancini;via di s stefano, 2/a 38028;novella;04631980632;;cloz.brez.presidente@fpsm.tn.it;;cloz.brez.segretario@fpsm.tn.it;;;https://www.vivoscuola.it/content/view/full/29979;institute;https://it.wikipedia.org/wiki/Novella_(Italia);
750;scuola dell'infanzia di cloz e brez;scuola dell'infanzia di cloz e brez;;paritaria/equiparata;;;ilaria mancini;via di s stefano, 2/a 38028;novella;04631980632;;cloz.brez.presidente@fpsm.tn.it;;cloz.brez.segretario@fpsm.tn.it;;;https://www.vivoscuola.it/content/view/full/29979;school;https://it.wikipedia.org/wiki/Novella_(Italia);https://www.vivoscuola.it/content/view/full/29980
751;scuola dell'infanzia di condino;;scuola dell'infanzia;paritaria/equiparata;;;alessandra pomilio;via roma - condino, 37 38083;borgo chiese;0465621009;;condino.presidente@fpsm.tn.it;;condino.segretario@fpsm.tn.it;;;https://www.vivoscuola.it/content/view/full/29981;institute;https://it.wikipedia.org/wiki/Borgo_Chiese;
752;scuola dell'infanzia di condino;scuola dell'infanzia di condino;;paritaria/equiparata;;;alessandra pomilio;via roma - condino, 37 38083;borgo chiese;0465621009;;condino.presidente@fpsm.tn.it;;condino.segretario@fpsm.tn.it;;;https://www.vivoscuola.it/content/view/full/29981;school;https://it.wikipedia.org/wiki/Borgo_Chiese;https://www.vivoscuola.it/content/view/full/29982
753;scuola dell'infanzia di coredo;;scuola dell'infanzia;paritaria/equiparata;;;ilaria mancini;via delle antiche fontane - coredo, 20 38012;predaia;0463536416;;coredo.segretario@fpsm.tn.it;;coredo.segretario@fpsm.tn.it;;;https://www.vivoscuola.it/content/view/full/29983;institute;https://it.wikipedia.org/wiki/Predaia;
754;scuola dell'infanzia di coredo;scuola dell'infanzia di coredo;;paritaria/equiparata;;;ilaria mancini;via delle antiche fontane - coredo, 20 38012;predaia;0463536416;;coredo.segretario@fpsm.tn.it;;coredo.segretario@fpsm.tn.it;;;https://www.vivoscuola.it/content/view/full/29983;school;https://it.wikipedia.org/wiki/Predaia;https://www.vivoscuola.it/content/view/full/29984
755;scuola dell'infanzia di cristo re -trento;;scuola dell'infanzia;paritaria/equiparata;;;carmen fattori;via bresadola, 6 38121;trento;0461823359;;trento.cristore.segretario@fpsm.tn.it;;trento.cristore.segretario@fpsm.tn.it;;;https://www.vivoscuola.it/content/view/full/29985;institute;https://it.wikipedia.org/wiki/Trento;
756;scuola dell'infanzia di cristo re -trento;scuola dell'infanzia di cristo re -trento;;paritaria/equiparata;;;carmen fattori;via bresadola, 6 38121;trento;0461823359;;trento.cristore.segretario@fpsm.tn.it;;trento.cristore.segretario@fpsm.tn.it;;;https://www.vivoscuola.it/content/view/full/29985;school;https://it.wikipedia.org/wiki/Trento;https://www.vivoscuola.it/content/view/full/29986
757;scuola dell'infanzia di crosano;;scuola dell'infanzia;paritaria/equiparata;;;silvano medves;via s biagio, 30 38060;brentonico;0464395693;;crosano.segretario@fpsm.tn.it;;crosano.segretario@fpsm.tn.it;;;https://www.vivoscuola.it/content/view/full/29987;institute;https://it.wikipedia.org/wiki/Brentonico;
758;scuola dell'infanzia di crosano;scuola dell'infanzia di crosano;;paritaria/equiparata;;;silvano medves;via s biagio, 30 38060;brentonico;0464395693;;crosano.segretario@fpsm.tn.it;;crosano.segretario@fpsm.tn.it;;;https://www.vivoscuola.it/content/view/full/29987;school;https://it.wikipedia.org/wiki/Brentonico;https://www.vivoscuola.it/content/view/full/29988
759;"scuola dell'infanzia di daone ""asilo infantile di daone odv""";;scuola dell'infanzia;paritaria/equiparata;;;doris losa;via re di castello - daone, 57 38080;valdaone;0465674060;;daone.materna@associazionecoesi.com;;;;;https://www.vivoscuola.it/content/view/full/29991;institute;https://it.wikipedia.org/wiki/Valdaone;
760;"scuola dell'infanzia di daone ""asilo infantile di daone odv""";"scuola dell'infanzia di daone ""asilo infantile di daone odv""";;paritaria/equiparata;;;doris losa;via re di castello - daone, 57 38080;valdaone;0465674060;;daone.materna@associazionecoesi.com;;;;;https://www.vivoscuola.it/content/view/full/29991;school;https://it.wikipedia.org/wiki/Valdaone;https://www.vivoscuola.it/content/view/full/29992
761;scuola dell'infanzia di denno;;scuola dell'infanzia;paritaria/equiparata;;;ute pancher;via ossanna, 3 38010;denno;0461655960;;denno.segretario@fpsm.tn.it;;denno.segretario@fpsm.tn.it;;;https://www.vivoscuola.it/content/view/full/29993;institute;https://it.wikipedia.org/wiki/Denno;
762;scuola dell'infanzia di denno;scuola dell'infanzia di denno;;paritaria/equiparata;;;ute pancher;via ossanna, 3 38010;denno;0461655960;;denno.segretario@fpsm.tn.it;;denno.segretario@fpsm.tn.it;;;https://www.vivoscuola.it/content/view/full/29993;school;https://it.wikipedia.org/wiki/Denno;https://www.vivoscuola.it/content/view/full/29994
763;scuola dell'infanzia di dimaro;;scuola dell'infanzia;paritaria/equiparata;;;roberta bertolas;via alla chiesa - dimaro, 26 38025;dimaro folgarida;0463974301;;dimaro.contabile@fpsm.tn.it;;dimaro.segretario@fpsm.tn.it;;;https://www.vivoscuola.it/content/view/full/29995;institute;https://it.wikipedia.org/wiki/Dimaro_Folgarida;
764;scuola dell'infanzia di dimaro;scuola dell'infanzia di dimaro;;paritaria/equiparata;;;roberta bertolas;via alla chiesa - dimaro, 26 38025;dimaro folgarida;0463974301;;dimaro.contabile@fpsm.tn.it;;dimaro.segretario@fpsm.tn.it;;;https://www.vivoscuola.it/content/view/full/29995;school;https://it.wikipedia.org/wiki/Dimaro_Folgarida;https://www.vivoscuola.it/content/view/full/29996
765;scuola dell'infanzia di faver;;scuola dell'infanzia;paritaria/equiparata;;;pamela tomaselli;via perlaia - faver, 17 38030;altavalle;3287310914;;faver.presidente@fpsm.tn.it;;faver.segretario@fpsm.tn.it;;;https://www.vivoscuola.it/content/view/full/29997;institute;https://it.wikipedia.org/wiki/Altavalle;
766;scuola dell'infanzia di faver;scuola dell'infanzia di faver;;paritaria/equiparata;;;pamela tomaselli;via perlaia - faver, 17 38030;altavalle;3287310914;;faver.presidente@fpsm.tn.it;;faver.segretario@fpsm.tn.it;;;https://www.vivoscuola.it/content/view/full/29997;school;https://it.wikipedia.org/wiki/Altavalle;https://www.vivoscuola.it/content/view/full/29998
767;scuola dell'infanzia di fiavè;;scuola dell'infanzia;paritaria/equiparata;;;lorenzo santorum;piazza s sebastiano, 24 38075;fiavé;0465735129;;fiave.contabile@fpsm.tn.it;;fiave.segretario@fpsm.tn.it;;;https://www.vivoscuola.it/content/view/full/29999;institute;https://it.wikipedia.org/wiki/Fiav%C3%A9;
768;scuola dell'infanzia di fiavè;scuola dell'infanzia di fiavè;;paritaria/equiparata;;;lorenzo santorum;piazza s sebastiano, 24 38075;fiavé;0465735129;;fiave.contabile@fpsm.tn.it;;fiave.segretario@fpsm.tn.it;;;https://www.vivoscuola.it/content/view/full/29999;school;https://it.wikipedia.org/wiki/Fiav%C3%A9;https://www.vivoscuola.it/content/view/full/30000
769;scuola dell'infanzia di fiera di primiero;;scuola dell'infanzia;paritaria/equiparata;;;daniela dalcastagne';viale marconi - pieve, 1 38054;primiero san martino di castrozza;0439762196;0439764911;fiera.presidente@fpsm.tn.it;;fiera.segretario@fpsm.tn.it;;;https://www.vivoscuola.it/content/view/full/30001;institute;https://it.wikipedia.org/wiki/Primiero_San_Martino_di_Castrozza;
770;scuola dell'infanzia di fiera di primiero;scuola dell'infanzia di fiera di primiero;;paritaria/equiparata;;;daniela dalcastagne';viale marconi - pieve, 1 38054;primiero san martino di castrozza;0439762196;0439764911;fiera.presidente@fpsm.tn.it;;fiera.segretario@fpsm.tn.it;;;https://www.vivoscuola.it/content/view/full/30001;school;https://it.wikipedia.org/wiki/Primiero_San_Martino_di_Castrozza;https://www.vivoscuola.it/content/view/full/30002
771;scuola dell'infanzia di fondo;;scuola dell'infanzia;paritaria/equiparata;;;ilaria mancini;piazza don stefenelli - fondo, 5 38020;borgo d'anaunia;0463831254;;fondo.presidente@fpsm.tn.it;;fondo.segretario@fpsm.tn.it;;;https://www.vivoscuola.it/content/view/full/30003;institute;https://it.wikipedia.org/wiki/Borgo_d%27Anaunia;
772;scuola dell'infanzia di fondo;scuola dell'infanzia di fondo;;paritaria/equiparata;;;ilaria mancini;piazza don stefenelli - fondo, 5 38020;borgo d'anaunia;0463831254;;fondo.presidente@fpsm.tn.it;;fondo.segretario@fpsm.tn.it;;;https://www.vivoscuola.it/content/view/full/30003;school;https://it.wikipedia.org/wiki/Borgo_d%27Anaunia;https://www.vivoscuola.it/content/view/full/30004
773;scuola dell'infanzia di fornace;;scuola dell'infanzia;paritaria/equiparata;;;mariangela simoncini;via del borgolet, 16 38040;fornace;0461849351;;fornace.presidente@fpsm.tn.it;;fornace.segretario@fpsm.tn.it;;;https://www.vivoscuola.it/content/view/full/30005;institute;https://it.wikipedia.org/wiki/Fornace_(Italia);
774;scuola dell'infanzia di fornace;scuola dell'infanzia di fornace;;paritaria/equiparata;;;mariangela simoncini;via del borgolet, 16 38040;fornace;0461849351;;fornace.presidente@fpsm.tn.it;;fornace.segretario@fpsm.tn.it;;;https://www.vivoscuola.it/content/view/full/30005;school;https://it.wikipedia.org/wiki/Fornace_(Italia);https://www.vivoscuola.it/content/view/full/30006
775;scuola dell'infanzia di gardolo;;scuola dell'infanzia;paritaria/equiparata;;;carmen fattori;via s anna, 9 38121;trento;0461990296;;gardolo.segretario@fpsm.tn.it;;gardolo.segretario@fpsm.tn.it;;;https://www.vivoscuola.it/content/view/full/30007;institute;https://it.wikipedia.org/wiki/Trento;
776;scuola dell'infanzia di gardolo;scuola dell'infanzia di gardolo;;paritaria/equiparata;;;carmen fattori;via s anna, 9 38121;trento;0461990296;;gardolo.segretario@fpsm.tn.it;;gardolo.segretario@fpsm.tn.it;;;https://www.vivoscuola.it/content/view/full/30007;school;https://it.wikipedia.org/wiki/Trento;https://www.vivoscuola.it/content/view/full/30008
777;scuola dell'infanzia di ghiaie di gardolo;;scuola dell'infanzia;paritaria/equiparata;;;carmen fattori;via del loghét, 69 38121;trento;0461990050;;ghiaie.segretario@fpsm.tn.it;;ghiaie.segretario@fpsm.tn.it;;;https://www.vivoscuola.it/content/view/full/30009;institute;https://it.wikipedia.org/wiki/Trento;
778;scuola dell'infanzia di ghiaie di gardolo;scuola dell'infanzia di ghiaie di gardolo;;paritaria/equiparata;;;carmen fattori;via del loghét, 69 38121;trento;0461990050;;ghiaie.segretario@fpsm.tn.it;;ghiaie.segretario@fpsm.tn.it;;;https://www.vivoscuola.it/content/view/full/30009;school;https://it.wikipedia.org/wiki/Trento;https://www.vivoscuola.it/content/view/full/30010
779;scuola dell'infanzia di grigno;;scuola dell'infanzia;paritaria/equiparata;;;daniela dalcastagne';via nazario sauro, 25 38055;grigno;0461765333;;grigno.presidente@fpsm.tn.it;;grigno.segretario@fpsm.tn.it;;;https://www.vivoscuola.it/content/view/full/30011;institute;https://it.wikipedia.org/wiki/Grigno;
780;scuola dell'infanzia di grigno;scuola dell'infanzia di grigno;;paritaria/equiparata;;;daniela dalcastagne';via nazario sauro, 25 38055;grigno;0461765333;;grigno.presidente@fpsm.tn.it;;grigno.segretario@fpsm.tn.it;;;https://www.vivoscuola.it/content/view/full/30011;school;https://it.wikipedia.org/wiki/Grigno;https://www.vivoscuola.it/content/view/full/30012
781;scuola dell'infanzia di ischia di pergine;;scuola dell'infanzia;paritaria/equiparata;;;mariangela simoncini;piazza delle nogare, 2 38057;pergine valsugana;0461532285;;ischia.presidente@fpsm.tn.it;;ischia.segretario@fpsm.tn.it;;;https://www.vivoscuola.it/content/view/full/30013;institute;https://it.wikipedia.org/wiki/Pergine_Valsugana;
782;scuola dell'infanzia di ischia di pergine;scuola dell'infanzia di ischia di pergine;;paritaria/equiparata;;;mariangela simoncini;piazza delle nogare, 2 38057;pergine valsugana;0461532285;;ischia.presidente@fpsm.tn.it;;ischia.segretario@fpsm.tn.it;;;https://www.vivoscuola.it/content/view/full/30013;school;https://it.wikipedia.org/wiki/Pergine_Valsugana;https://www.vivoscuola.it/content/view/full/30014
783;"scuola dell'infanzia di lavis "" madre maddalena di canossa odv""";;scuola dell'infanzia;paritaria/equiparata;;;;via dei colli, 4 38015;lavis;0461240366;0461-249078;lavis.materna@associazionecoesi.com;;;;;https://www.vivoscuola.it/content/view/full/30015;institute;https://it.wikipedia.org/wiki/Lavis;
784;"scuola dell'infanzia di lavis "" madre maddalena di canossa odv""";"scuola dell'infanzia di lavis  ""madre maddalena di canossa odv""";;paritaria/equiparata;;;;via dei colli, 4 38015;lavis;0461240366;0461-249078;lavis.materna@associazionecoesi.com;;;;;https://www.vivoscuola.it/content/view/full/30015;school;https://it.wikipedia.org/wiki/Lavis;https://www.vivoscuola.it/content/view/full/30016
785;"scuola dell'infanzia di lizzana ""asilo infantile di lizzana odv""";;scuola dell'infanzia;paritaria/equiparata;;;;via brigata mantova, 1 38068;rovereto;0464433395;;lizzana.materna@associazionecoesi.com;;;;;https://www.vivoscuola.it/content/view/full/61885;institute;https://it.wikipedia.org/wiki/Rovereto;
786;"scuola dell'infanzia di lizzana ""asilo infantile di lizzana odv""";"scuola dell'infanzia di lizzana ""asilo infantile di lizzana odv""";;paritaria/equiparata;;;;via brigata mantova, 1 38068;rovereto;0464433395;;lizzana.materna@associazionecoesi.com;;;;;https://www.vivoscuola.it/content/view/full/61885;school;https://it.wikipedia.org/wiki/Rovereto;https://www.vivoscuola.it/content/view/full/61886
787;"scuola dell'infanzia di lizzanella ""asilo infantile di lizzanella odv""";;scuola dell'infanzia;paritaria/equiparata;;;;corso verona, 109 38068;rovereto;0464432307;0464-400420;lizzanella.materna@associazionecoesi.com;;;;;https://www.vivoscuola.it/content/view/full/30017;institute;https://it.wikipedia.org/wiki/Rovereto;
788;"scuola dell'infanzia di lizzanella ""asilo infantile di lizzanella odv""";"scuola dell'infanzia di lizzanella ""asilo infantile di lizzanella odv""";;paritaria/equiparata;;;;corso verona, 109 38068;rovereto;0464432307;0464-400420;lizzanella.materna@associazionecoesi.com;;;;;https://www.vivoscuola.it/content/view/full/30017;school;https://it.wikipedia.org/wiki/Rovereto;https://www.vivoscuola.it/content/view/full/30018
789;scuola dell'infanzia di lodrone odv;;scuola dell'infanzia;paritaria/equiparata;;;;salita alla bastia, 2 38089;storo;0465685253;;lodrone.materna@associazionecoesi.com;;;;;https://www.vivoscuola.it/content/view/full/30019;institute;https://it.wikipedia.org/wiki/Storo;
790;scuola dell'infanzia di lodrone odv;scuola dell'infanzia di lodrone odv;;paritaria/equiparata;;;;salita alla bastia, 2 38089;storo;0465685253;;lodrone.materna@associazionecoesi.com;;;;;https://www.vivoscuola.it/content/view/full/30019;school;https://it.wikipedia.org/wiki/Storo;https://www.vivoscuola.it/content/view/full/30020
791;scuola dell'infanzia di lona;;scuola dell'infanzia;paritaria/equiparata;;;pamela tomaselli;via s rocco, 14 38040;lona-lases;0461697101;;lona.presidente@fpsm.tn.it;;lona.segretario@fpsm.tn.it;;;https://www.vivoscuola.it/content/view/full/30021;institute;https://it.wikipedia.org/wiki/Lona-Lases;
792;scuola dell'infanzia di lona;scuola dell'infanzia di lona;;paritaria/equiparata;;;pamela tomaselli;via s rocco, 14 38040;lona-lases;0461697101;;lona.presidente@fpsm.tn.it;;lona.segretario@fpsm.tn.it;;;https://www.vivoscuola.it/content/view/full/30021;school;https://it.wikipedia.org/wiki/Lona-Lases;https://www.vivoscuola.it/content/view/full/30022
793;scuola dell'infanzia di madonna di campiglio;;scuola dell'infanzia;paritaria/equiparata;;;alessandra pomilio;via serafini - madonna di campiglio, 13 38070;tre ville;0465442779;0465 442779;madonna.campiglio.segretario@fpsm.tn.it;;madonna.campiglio.segretario@fpsm.tn.it;;;https://www.vivoscuola.it/content/view/full/30023;institute;https://it.wikipedia.org/wiki/Tre_Ville;
794;scuola dell'infanzia di madonna di campiglio;scuola dell'infanzia di madonna di campiglio;;paritaria/equiparata;;;alessandra pomilio;via serafini - madonna di campiglio, 13 38070;tre ville;0465442779;0465 442779;madonna.campiglio.segretario@fpsm.tn.it;;madonna.campiglio.segretario@fpsm.tn.it;;;https://www.vivoscuola.it/content/view/full/30023;school;https://it.wikipedia.org/wiki/Tre_Ville;https://www.vivoscuola.it/content/view/full/30024
795;scuola dell'infanzia di madrano;;scuola dell'infanzia;paritaria/equiparata;;;mariangela simoncini;via d oltrefersina, 54 38057;pergine valsugana;0461552109;;madrano.segretario@fpsm.tn.it;;madrano.segretario@fpsm.tn.it;;;https://www.vivoscuola.it/content/view/full/30025;institute;https://it.wikipedia.org/wiki/Pergine_Valsugana;
796;scuola dell'infanzia di madrano;scuola dell'infanzia di madrano;;paritaria/equiparata;;;mariangela simoncini;via d oltrefersina, 54 38057;pergine valsugana;0461552109;;madrano.segretario@fpsm.tn.it;;madrano.segretario@fpsm.tn.it;;;https://www.vivoscuola.it/content/view/full/30025;school;https://it.wikipedia.org/wiki/Pergine_Valsugana;https://www.vivoscuola.it/content/view/full/30026
797;scuola dell'infanzia di malè;;scuola dell'infanzia;paritaria/equiparata;;;roberta bertolas;via don rauzi, 6 38027;malé;0463901925;;male.presidente@fpsm.tn.it;;male.segretario@fpsm.tn.it;;;https://www.vivoscuola.it/content/view/full/30027;institute;https://it.wikipedia.org/wiki/Mal%C3%A9_(Italia);
798;scuola dell'infanzia di malè;scuola dell'infanzia di malè;;paritaria/equiparata;;;roberta bertolas;via don rauzi, 6 38027;malé;0463901925;;male.presidente@fpsm.tn.it;;male.segretario@fpsm.tn.it;;;https://www.vivoscuola.it/content/view/full/30027;school;https://it.wikipedia.org/wiki/Mal%C3%A9_(Italia);https://www.vivoscuola.it/content/view/full/30028
799;"scuola dell'infanzia di marco - rovereto ""g. e a. rosmini - serbati odv""";;scuola dell'infanzia;paritaria/equiparata;;;;via alla stazione, 2 38068;rovereto;0464665395;0464/665395;marco.materna@associazionecoesi.com;;;;;https://www.vivoscuola.it/content/view/full/30029;institute;https://it.wikipedia.org/wiki/Rovereto;
800;"scuola dell'infanzia di marco - rovereto ""g. e a. rosmini - serbati odv""";"scuola dell'infanzia di marco-rovereto ""g. e a. rosmini-serbati odv""";;paritaria/equiparata;;;;via alla stazione, 2 38068;rovereto;0464665395;0464/665395;marco.materna@associazionecoesi.com;;;;;https://www.vivoscuola.it/content/view/full/30029;school;https://it.wikipedia.org/wiki/Rovereto;https://www.vivoscuola.it/content/view/full/30030
801;scuola dell'infanzia di marter;;scuola dell'infanzia;paritaria/equiparata;;;paola sangiorgi;piazza s margherita, 2 38050;roncegno terme;0461764505;;marter.segretario@fpsm.tn.it;;marter.segretario@fpsm.tn.it;;;https://www.vivoscuola.it/content/view/full/30031;institute;https://it.wikipedia.org/wiki/Roncegno_Terme;
802;scuola dell'infanzia di marter;scuola dell'infanzia di marter;;paritaria/equiparata;;;paola sangiorgi;piazza s margherita, 2 38050;roncegno terme;0461764505;;marter.segretario@fpsm.tn.it;;marter.segretario@fpsm.tn.it;;;https://www.vivoscuola.it/content/view/full/30031;school;https://it.wikipedia.org/wiki/Roncegno_Terme;https://www.vivoscuola.it/content/view/full/30032
803;"scuola dell'infanzia di martignano ""d. leone serafini""";;scuola dell'infanzia;paritaria/equiparata;;;carmen fattori;via sabbionare, 3 38121;trento;0461820233;;martignano.segretario@fpsm.tn.it;;martignano.segretario@fpsm.tn.it;;;https://www.vivoscuola.it/content/view/full/30033;institute;https://it.wikipedia.org/wiki/Trento;
804;"scuola dell'infanzia di martignano ""d. leone serafini""";scuola dell'infanzia di martignano;;paritaria/equiparata;;;carmen fattori;via sabbionare, 3 38121;trento;0461820233;;martignano.segretario@fpsm.tn.it;;martignano.segretario@fpsm.tn.it;;;https://www.vivoscuola.it/content/view/full/30033;school;https://it.wikipedia.org/wiki/Trento;https://www.vivoscuola.it/content/view/full/30034
805;scuola dell'infanzia di masi di cavalese;;scuola dell'infanzia;paritaria/equiparata;;;tiziana ceol;via damiano chiesa, 79 38033;cavalese;0462340557;;cavalese.presidente@fpsm.tn.it;;cavalese.segretario@fpsm.tn.it;;;https://www.vivoscuola.it/content/view/full/92007;institute;https://it.wikipedia.org/wiki/Cavalese;
806;scuola dell'infanzia di masi di cavalese;scuola dell'infanzia di masi di cavalese;;paritaria/equiparata;;;tiziana ceol;via damiano chiesa, 79 38033;cavalese;0462340557;;cavalese.presidente@fpsm.tn.it;;cavalese.segretario@fpsm.tn.it;;;https://www.vivoscuola.it/content/view/full/92007;school;https://it.wikipedia.org/wiki/Cavalese;https://www.vivoscuola.it/content/view/full/92008
807;scuola dell'infanzia di massone;;scuola dell'infanzia;paritaria/equiparata;;;gianna angeli;via maffei - san martino, 2 38062;arco;0464517719;;massone.presidente@fpsm.tn.it;;massone.segretario@fpsm.tn.it;;;https://www.vivoscuola.it/content/view/full/30037;institute;https://it.wikipedia.org/wiki/Arco_(Italia);
808;scuola dell'infanzia di massone;scuola dell'infanzia di massone;;paritaria/equiparata;;;gianna angeli;via maffei - san martino, 2 38062;arco;0464517719;;massone.presidente@fpsm.tn.it;;massone.segretario@fpsm.tn.it;;;https://www.vivoscuola.it/content/view/full/30037;school;https://it.wikipedia.org/wiki/Arco_(Italia);https://www.vivoscuola.it/content/view/full/30038
809;scuola dell'infanzia di mechel;;scuola dell'infanzia;paritaria/equiparata;;;ilaria mancini;via don luigi borghesi, 35 38023;cles;0463421247;;mechel.presidente@fpsm.tn.it;;mechel.segretario@fpsm.tn.it;;;https://www.vivoscuola.it/content/view/full/30039;institute;https://it.wikipedia.org/wiki/Cles;
810;scuola dell'infanzia di mechel;scuola dell'infanzia di mechel;;paritaria/equiparata;;;ilaria mancini;via don luigi borghesi, 35 38023;cles;0463421247;;mechel.presidente@fpsm.tn.it;;mechel.segretario@fpsm.tn.it;;;https://www.vivoscuola.it/content/view/full/30039;school;https://it.wikipedia.org/wiki/Cles;https://www.vivoscuola.it/content/view/full/30040
811;scuola dell'infanzia di mezzano;;scuola dell'infanzia;paritaria/equiparata;;;daniela dalcastagne';via iv novembre, 16 38050;mezzano;043967027;;mezzano.contabile@fpsm.tn.it;;mezzano.segretario@fpsm.tn.it;;;https://www.vivoscuola.it/content/view/full/30041;institute;https://it.wikipedia.org/wiki/Mezzano_(comune);
812;scuola dell'infanzia di mezzano;scuola dell'infanzia di mezzano;;paritaria/equiparata;;;daniela dalcastagne';via iv novembre, 16 38050;mezzano;043967027;;mezzano.contabile@fpsm.tn.it;;mezzano.segretario@fpsm.tn.it;;;https://www.vivoscuola.it/content/view/full/30041;school;https://it.wikipedia.org/wiki/Mezzano_(comune);https://www.vivoscuola.it/content/view/full/30042
813;scuola dell'infanzia di mezzocorona;;scuola dell'infanzia;paritaria/equiparata;;;elena ricci;via s giovanni bosco, 4 38016;mezzocorona;0461603933;;mezzocorona.presidente@fpsm.tn.it;;mezzocorona.segretario@fpsm.tn.it;;;https://www.vivoscuola.it/content/view/full/30043;institute;https://it.wikipedia.org/wiki/Mezzocorona;
814;scuola dell'infanzia di mezzocorona;scuola dell'infanzia di mezzocorona;;paritaria/equiparata;;;elena ricci;via s giovanni bosco, 4 38016;mezzocorona;0461603933;;mezzocorona.presidente@fpsm.tn.it;;mezzocorona.segretario@fpsm.tn.it;;;https://www.vivoscuola.it/content/view/full/30043;school;https://it.wikipedia.org/wiki/Mezzocorona;https://www.vivoscuola.it/content/view/full/30044
815;scuola dell'infanzia di mezzolombardo;;scuola dell'infanzia;paritaria/equiparata;;;elena ricci;corso del popolo, 34/b 38017;mezzolombardo;0461601324;;mezzolombardo.presidente@fpsm.tn.it;;mezzolombardo.segretario@fpsm.tn.it;;;https://www.vivoscuola.it/content/view/full/30045;institute;https://it.wikipedia.org/wiki/Mezzolombardo;
816;scuola dell'infanzia di mezzolombardo;scuola dell'infanzia di mezzolombardo;;paritaria/equiparata;;;elena ricci;corso del popolo, 34/b 38017;mezzolombardo;0461601324;;mezzolombardo.presidente@fpsm.tn.it;;mezzolombardo.segretario@fpsm.tn.it;;;https://www.vivoscuola.it/content/view/full/30045;school;https://it.wikipedia.org/wiki/Mezzolombardo;https://www.vivoscuola.it/content/view/full/30046
817;scuola dell'infanzia di moena;;scuola dell'infanzia;paritaria/equiparata;;;sara de zolt;strada don giovanni jori, 10 38035;moena;0462573277;;moena.presidente@fpsm.tn.it;;moena.segretario@fpsm.tn.it;;;https://www.vivoscuola.it/content/view/full/30047;institute;https://it.wikipedia.org/wiki/Moena;
818;scuola dell'infanzia di moena;scuola dell'infanzia di moena;;paritaria/equiparata;;;sara de zolt;strada don giovanni jori, 10 38035;moena;0462573277;;moena.presidente@fpsm.tn.it;;moena.segretario@fpsm.tn.it;;;https://www.vivoscuola.it/content/view/full/30047;school;https://it.wikipedia.org/wiki/Moena;https://www.vivoscuola.it/content/view/full/30048
819;scuola dell'infanzia di molina di ledro;;scuola dell'infanzia;paritaria/equiparata;;;luisa fontanari;via sartori - molina di ledro, 24/c 38067;ledro;0464876444;;molina.ledro.presidente@fpsm.tn.it;;molina.ledro.segretario@fpsm.tn.it;;;https://www.vivoscuola.it/content/view/full/30049;institute;https://it.wikipedia.org/wiki/Ledro;
820;scuola dell'infanzia di molina di ledro;scuola dell'infanzia di molina di  ledro;;paritaria/equiparata;;;luisa fontanari;via sartori - molina di ledro, 24/c 38067;ledro;0464876444;;molina.ledro.presidente@fpsm.tn.it;;molina.ledro.segretario@fpsm.tn.it;;;https://www.vivoscuola.it/content/view/full/30049;school;https://it.wikipedia.org/wiki/Ledro;https://www.vivoscuola.it/content/view/full/30050
821;scuola dell'infanzia di mollaro;;scuola dell'infanzia;paritaria/equiparata;;;ute pancher;via della pausa - mollaro, 1 38012;predaia;0463469224;;mollaro.contabile@fpsm.tn.it;;mollaro.segretario@fpsm.tn.it;;;https://www.vivoscuola.it/content/view/full/30051;institute;https://it.wikipedia.org/wiki/Predaia;
822;scuola dell'infanzia di mollaro;scuola dell'infanzia di mollaro;;paritaria/equiparata;;;ute pancher;via della pausa - mollaro, 1 38012;predaia;0463469224;;mollaro.contabile@fpsm.tn.it;;mollaro.segretario@fpsm.tn.it;;;https://www.vivoscuola.it/content/view/full/30051;school;https://it.wikipedia.org/wiki/Predaia;https://www.vivoscuola.it/content/view/full/30052
823;scuola dell'infanzia di molveno;;scuola dell'infanzia;paritaria/equiparata;;;elena ricci;piazza s carlo, 20 38018;molveno;0461586969;;molveno.presidente@fpsm.tn.it;;molveno.segretario@fpsm.tn.it;;;https://www.vivoscuola.it/content/view/full/30053;institute;https://it.wikipedia.org/wiki/Molveno;
824;scuola dell'infanzia di molveno;scuola dell'infanzia di molveno;;paritaria/equiparata;;;elena ricci;piazza s carlo, 20 38018;molveno;0461586969;;molveno.presidente@fpsm.tn.it;;molveno.segretario@fpsm.tn.it;;;https://www.vivoscuola.it/content/view/full/30053;school;https://it.wikipedia.org/wiki/Molveno;https://www.vivoscuola.it/content/view/full/30054
825;scuola dell'infanzia di montesover;;scuola dell'infanzia;paritaria/equiparata;;;pamela tomaselli;via capitano santuari, 1 38048;sover;0461698351;;sover.presidente@fpsm.tn.it;;sover.segretario@fpsm.tn.it;;;https://www.vivoscuola.it/content/view/full/30055;institute;https://it.wikipedia.org/wiki/Sover;
826;scuola dell'infanzia di montesover;scuola dell'infanzia di montesover;;paritaria/equiparata;;;pamela tomaselli;via capitano santuari, 1 38048;sover;0461698351;;sover.presidente@fpsm.tn.it;;sover.segretario@fpsm.tn.it;;;https://www.vivoscuola.it/content/view/full/30055;school;https://it.wikipedia.org/wiki/Sover;https://www.vivoscuola.it/content/view/full/30056
827;scuola dell'infanzia di mori;;scuola dell'infanzia;paritaria/equiparata;;;silvano medves;via scuole, 3 38065;mori;0464918156;;mori.segretario@fpsm.tn.it;;mori.segretario@fpsm.tn.it;;;https://www.vivoscuola.it/content/view/full/30057;institute;https://it.wikipedia.org/wiki/Mori_(Italia);
828;scuola dell'infanzia di mori;scuola dell'infanzia di mori;;paritaria/equiparata;;;silvano medves;via scuole, 3 38065;mori;0464918156;;mori.segretario@fpsm.tn.it;;mori.segretario@fpsm.tn.it;;;https://www.vivoscuola.it/content/view/full/30057;school;https://it.wikipedia.org/wiki/Mori_(Italia);https://www.vivoscuola.it/content/view/full/30058
829;scuola dell'infanzia di nago;;scuola dell'infanzia;paritaria/equiparata;;;luisa fontanari;localita tezze - nago,   38069;nago-torbole;0464506097;;nago.segretario@fpsm.tn.it;;nago.segretario@fpsm.tn.it;;;https://www.vivoscuola.it/content/view/full/30059;institute;https://it.wikipedia.org/wiki/Nago-Torbole;
830;scuola dell'infanzia di nago;scuola dell'infanzia di nago;;paritaria/equiparata;;;luisa fontanari;localita tezze - nago,   38069;nago-torbole;0464506097;;nago.segretario@fpsm.tn.it;;nago.segretario@fpsm.tn.it;;;https://www.vivoscuola.it/content/view/full/30059;school;https://it.wikipedia.org/wiki/Nago-Torbole;https://www.vivoscuola.it/content/view/full/30060
831;scuola dell'infanzia di nave san rocco;;scuola dell'infanzia;paritaria/equiparata;;;pamela tomaselli;via iv novembre, 34/a 38010;terre d'adige;0461870656;;nave.presidente@fpsm.tn.it;;nave.segretario@fpsm.tn.it;;;https://www.vivoscuola.it/content/view/full/30061;institute;https://it.wikipedia.org/wiki/Terre_d%27Adige;
832;scuola dell'infanzia di nave san rocco;scuola dell'infanzia di nave san rocco;;paritaria/equiparata;;;pamela tomaselli;via iv novembre, 34/a 38010;terre d'adige;0461870656;;nave.presidente@fpsm.tn.it;;nave.segretario@fpsm.tn.it;;;https://www.vivoscuola.it/content/view/full/30061;school;https://it.wikipedia.org/wiki/Terre_d%27Adige;https://www.vivoscuola.it/content/view/full/30062
833;scuola dell'infanzia di nomi;;scuola dell'infanzia;paritaria/equiparata;;;roberta medeghini;via baroni del moll, 2 38060;nomi;0464835294;;nomi.segretario@fpsm.tn.it;;nomi.segretario@fpsm.tn.it;;;https://www.vivoscuola.it/content/view/full/30063;institute;https://it.wikipedia.org/wiki/Nomi_(Italia);
834;scuola dell'infanzia di nomi;scuola dell'infanzia di nomi;;paritaria/equiparata;;;roberta medeghini;via baroni del moll, 2 38060;nomi;0464835294;;nomi.segretario@fpsm.tn.it;;nomi.segretario@fpsm.tn.it;;;https://www.vivoscuola.it/content/view/full/30063;school;https://it.wikipedia.org/wiki/Nomi_(Italia);https://www.vivoscuola.it/content/view/full/30064
835;scuola dell'infanzia di ospedaletto;;scuola dell'infanzia;paritaria/equiparata;;;daniela dalcastagne';via  don tosi, 14 38050;ospedaletto;3470362437;;ospedaletto.presidente@fpsm.tn.it;;ospedaletto.segretario@fpsm.tn.it;;;https://www.vivoscuola.it/content/view/full/30065;institute;https://it.wikipedia.org/wiki/Ospedaletto;
836;scuola dell'infanzia di ospedaletto;scuola dell'infanzia di ospedaletto;;paritaria/equiparata;;;daniela dalcastagne';via  don tosi, 14 38050;ospedaletto;3470362437;;ospedaletto.presidente@fpsm.tn.it;;ospedaletto.segretario@fpsm.tn.it;;;https://www.vivoscuola.it/content/view/full/30065;school;https://it.wikipedia.org/wiki/Ospedaletto;https://www.vivoscuola.it/content/view/full/30066
837;scuola dell'infanzia di padergnone;;scuola dell'infanzia;paritaria/equiparata;;;sandra ciappi;via alle cime - padergnone, 14 38070;vallelaghi;0461864358;;padergnone.presidente@fpsm.tn.it;;padergnone.segretario@fpsm.tn.it;;;https://www.vivoscuola.it/content/view/full/30069;institute;https://it.wikipedia.org/wiki/Vallelaghi;
838;scuola dell'infanzia di padergnone;scuola dell'infanzia di padergnone;;paritaria/equiparata;;;sandra ciappi;via alle cime - padergnone, 14 38070;vallelaghi;0461864358;;padergnone.presidente@fpsm.tn.it;;padergnone.segretario@fpsm.tn.it;;;https://www.vivoscuola.it/content/view/full/30069;school;https://it.wikipedia.org/wiki/Vallelaghi;https://www.vivoscuola.it/content/view/full/30070
839;scuola dell'infanzia di pedersano;;scuola dell'infanzia;paritaria/equiparata;;;roberta medeghini;via s antonio, 1 38060;villa lagarina;0464412151;;pedersano.presidente@fpsm.tn.it;;pedersano.segretario@fpsm.tn.it;;;https://www.vivoscuola.it/content/view/full/30073;institute;https://it.wikipedia.org/wiki/Villa_Lagarina;
840;scuola dell'infanzia di pedersano;scuola dell'infanzia di pedersano;;paritaria/equiparata;;;roberta medeghini;via s antonio, 1 38060;villa lagarina;0464412151;;pedersano.presidente@fpsm.tn.it;;pedersano.segretario@fpsm.tn.it;;;https://www.vivoscuola.it/content/view/full/30073;school;https://it.wikipedia.org/wiki/Villa_Lagarina;https://www.vivoscuola.it/content/view/full/30074
841;"scuola dell'infanzia di pergine  ""g.b. chimelli""";;scuola dell'infanzia;paritaria/equiparata;;francesca parolari;;piazza garbari, 5 38057;pergine valsugana;0461502351;;asifchimelli@pec.it;;;;;https://www.vivoscuola.it/content/view/full/30075;institute;https://it.wikipedia.org/wiki/Pergine_Valsugana;
842;"scuola dell'infanzia di pergine  ""g.b. chimelli""";"scuola dell'infanzia di pergine  ""g.b. chimelli""";;paritaria/equiparata;;francesca parolari;;piazza garbari, 5 38057;pergine valsugana;0461502351;;asifchimelli@pec.it;;;;;https://www.vivoscuola.it/content/view/full/30075;school;https://it.wikipedia.org/wiki/Pergine_Valsugana;https://www.vivoscuola.it/content/view/full/30076
843;scuola dell'infanzia di pietramurata;;scuola dell'infanzia;paritaria/equiparata;;;gianna angeli;piazza mercato, 11 38074;dro;0464507142;;pietramurata.presidente@fpsm.tn.it;;pietramurata.segretario@fpsm.tn.it;;;https://www.vivoscuola.it/content/view/full/30077;institute;https://it.wikipedia.org/wiki/Dro;
844;scuola dell'infanzia di pietramurata;scuola dell'infanzia di pietramurata;;paritaria/equiparata;;;gianna angeli;piazza mercato, 11 38074;dro;0464507142;;pietramurata.presidente@fpsm.tn.it;;pietramurata.segretario@fpsm.tn.it;;;https://www.vivoscuola.it/content/view/full/30077;school;https://it.wikipedia.org/wiki/Dro;https://www.vivoscuola.it/content/view/full/30078
845;scuola dell'infanzia di pieve di bono;;scuola dell'infanzia;paritaria/equiparata;;;alessandra pomilio;via fiera - creto - pieve di bono, 9/b 38085;pieve di bono-prezzo;0465674083;;pieve.bono.presidente@fpsm.tn.it;;pieve.bono.segretario@fpsm.tn.it;;;https://www.vivoscuola.it/content/view/full/30081;institute;https://it.wikipedia.org/wiki/Pieve_di_Bono-Prezzo;
846;scuola dell'infanzia di pieve di bono;scuola dell'infanzia di pieve di bono;;paritaria/equiparata;;;alessandra pomilio;via fiera - creto - pieve di bono, 9/b 38085;pieve di bono-prezzo;0465674083;;pieve.bono.presidente@fpsm.tn.it;;pieve.bono.segretario@fpsm.tn.it;;;https://www.vivoscuola.it/content/view/full/30081;school;https://it.wikipedia.org/wiki/Pieve_di_Bono-Prezzo;https://www.vivoscuola.it/content/view/full/30082
847;scuola dell'infanzia di pieve tesino;;scuola dell'infanzia;paritaria/equiparata;;;daniela dalcastagne';via fratelli rizza', 14 38050;pieve tesino;0461594733;;pieve.tesino.presidente@fpsm.tn.it;;pieve.tesino.segretario@fpsm.tn.it;;;https://www.vivoscuola.it/content/view/full/30079;institute;https://it.wikipedia.org/wiki/Pieve_Tesino;
848;scuola dell'infanzia di pieve tesino;scuola dell'infanzia di pieve tesino;;paritaria/equiparata;;;daniela dalcastagne';via fratelli rizza', 14 38050;pieve tesino;0461594733;;pieve.tesino.presidente@fpsm.tn.it;;pieve.tesino.segretario@fpsm.tn.it;;;https://www.vivoscuola.it/content/view/full/30079;school;https://it.wikipedia.org/wiki/Pieve_Tesino;https://www.vivoscuola.it/content/view/full/30080
849;scuola dell'infanzia di pilcante;;scuola dell'infanzia;paritaria/equiparata;;;francesca vareschi;piazza vittorio veneto - pilcante, 19 38061;ala;0464672588;;pilcante.presidente@fpsm.tn.it;;pilcante.segretario@fpsm.tn.it;;;https://www.vivoscuola.it/content/view/full/30083;institute;https://it.wikipedia.org/wiki/Ala_(Italia);
850;scuola dell'infanzia di pilcante;scuola dell'infanzia di pilcante;;paritaria/equiparata;;;francesca vareschi;piazza vittorio veneto - pilcante, 19 38061;ala;0464672588;;pilcante.presidente@fpsm.tn.it;;pilcante.segretario@fpsm.tn.it;;;https://www.vivoscuola.it/content/view/full/30083;school;https://it.wikipedia.org/wiki/Ala_(Italia);https://www.vivoscuola.it/content/view/full/30084
851;scuola dell'infanzia di pinzolo;;scuola dell'infanzia;paritaria/equiparata;;;alessandra pomilio;via al sole, 43 38086;pinzolo;0465501019;;pinzolo.presidente@fpsm.tn.it;;pinzolo.segretario@fpsm.tn.it;;;https://www.vivoscuola.it/content/view/full/30085;institute;https://it.wikipedia.org/wiki/Pinzolo;
852;scuola dell'infanzia di pinzolo;scuola dell'infanzia di pinzolo;;paritaria/equiparata;;;alessandra pomilio;via al sole, 43 38086;pinzolo;0465501019;;pinzolo.presidente@fpsm.tn.it;;pinzolo.segretario@fpsm.tn.it;;;https://www.vivoscuola.it/content/view/full/30085;school;https://it.wikipedia.org/wiki/Pinzolo;https://www.vivoscuola.it/content/view/full/30086
853;scuola dell'infanzia di ponte arche;;scuola dell'infanzia;paritaria/equiparata;;;lorenzo santorum;via s giovanni bosco - ponte arche - bleggio inferiore, 7 38070;comano terme;0465702422;;ponte.arche.presidente@fpsm.tn.it;;ponte.arche.segretario@fpsm.tn.it;;;https://www.vivoscuola.it/content/view/full/30087;institute;https://it.wikipedia.org/wiki/Comano_Terme;
854;scuola dell'infanzia di ponte arche;scuola dell'infanzia di ponte arche;;paritaria/equiparata;;;lorenzo santorum;via s giovanni bosco - ponte arche - bleggio inferiore, 7 38070;comano terme;0465702422;;ponte.arche.presidente@fpsm.tn.it;;ponte.arche.segretario@fpsm.tn.it;;;https://www.vivoscuola.it/content/view/full/30087;school;https://it.wikipedia.org/wiki/Comano_Terme;https://www.vivoscuola.it/content/view/full/30088
855;scuola dell'infanzia di povo;;scuola dell'infanzia;paritaria/equiparata;;;ivana leonardelli;via pante', 1 38123;trento;0461810049;;povo.presidente@fpsm.tn.it;;povo.segretario@fpsm.tn.it;;;https://www.vivoscuola.it/content/view/full/30089;institute;https://it.wikipedia.org/wiki/Trento;
856;scuola dell'infanzia di povo;scuola dell'infanzia di povo;;paritaria/equiparata;;;ivana leonardelli;via pante', 1 38123;trento;0461810049;;povo.presidente@fpsm.tn.it;;povo.segretario@fpsm.tn.it;;;https://www.vivoscuola.it/content/view/full/30089;school;https://it.wikipedia.org/wiki/Trento;https://www.vivoscuola.it/content/view/full/30090
857;scuola dell'infanzia di pozza di trambileno;;scuola dell'infanzia;paritaria/equiparata;;;roberta medeghini;frazione vanza, 50 38068;trambileno;0464868074;;trambileno.presidente@fpsm.tn.it;;trambileno.segretario@fpsm.tn.it;;;https://www.vivoscuola.it/content/view/full/30091;institute;https://it.wikipedia.org/wiki/Trambileno;
858;scuola dell'infanzia di pozza di trambileno;scuola dell'infanzia di pozza di trambileno;;paritaria/equiparata;;;roberta medeghini;frazione vanza, 50 38068;trambileno;0464868074;;trambileno.presidente@fpsm.tn.it;;trambileno.segretario@fpsm.tn.it;;;https://www.vivoscuola.it/content/view/full/30091;school;https://it.wikipedia.org/wiki/Trambileno;https://www.vivoscuola.it/content/view/full/30092
859;scuola dell'infanzia di predazzo;;scuola dell'infanzia;paritaria/equiparata;;;sara de zolt;via gabrielli, 1 38037;predazzo;0462501312;;predazzo.presidente@fpsm.tn.it;;predazzo.segretario@fpsm.tn.it;;;https://www.vivoscuola.it/content/view/full/30093;institute;https://it.wikipedia.org/wiki/Predazzo;
860;scuola dell'infanzia di predazzo;scuola dell'infanzia di predazzo;;paritaria/equiparata;;;sara de zolt;via gabrielli, 1 38037;predazzo;0462501312;;predazzo.presidente@fpsm.tn.it;;predazzo.segretario@fpsm.tn.it;;;https://www.vivoscuola.it/content/view/full/30093;school;https://it.wikipedia.org/wiki/Predazzo;https://www.vivoscuola.it/content/view/full/30094
861;scuola dell'infanzia di pressano;;scuola dell'infanzia;paritaria/equiparata;;;pamela tomaselli;via pilati, 16 38015;lavis;0461240394;;pressano.presidente@fpsm.tn.it;;pressano.segretario@fpsm.tn.it;;;https://www.vivoscuola.it/content/view/full/30095;institute;https://it.wikipedia.org/wiki/Lavis;
862;scuola dell'infanzia di pressano;scuola dell'infanzia di pressano;;paritaria/equiparata;;;pamela tomaselli;via pilati, 16 38015;lavis;0461240394;;pressano.presidente@fpsm.tn.it;;pressano.segretario@fpsm.tn.it;;;https://www.vivoscuola.it/content/view/full/30095;school;https://it.wikipedia.org/wiki/Lavis;https://www.vivoscuola.it/content/view/full/30096
863;scuola dell'infanzia di quadra - cavrasto;;scuola dell'infanzia;paritaria/equiparata;;;lorenzo santorum;frazione larido, 10 38071;bleggio superiore;0465779575;;quadra.cavrasto.presidente@fpsm.tn.it;;quadra.cavrasto.segretario@fpsm.tn.it;;;https://www.vivoscuola.it/content/view/full/30097;institute;https://it.wikipedia.org/wiki/Bleggio_Superiore;
864;scuola dell'infanzia di quadra - cavrasto;scuola dell'infanzia di quadra - cavrasto;;paritaria/equiparata;;;lorenzo santorum;frazione larido, 10 38071;bleggio superiore;0465779575;;quadra.cavrasto.presidente@fpsm.tn.it;;quadra.cavrasto.segretario@fpsm.tn.it;;;https://www.vivoscuola.it/content/view/full/30097;school;https://it.wikipedia.org/wiki/Bleggio_Superiore;https://www.vivoscuola.it/content/view/full/30098
865;"scuola dell'infanzia di ranzo ""amici scuola infanzia di ranzo odv""";;scuola dell'infanzia;paritaria/equiparata;;;;via al castel romano - ranzo - vezzano, 29 38070;vallelaghi;3387970838;;ranzo.materna@associazionecoesi.com;;;;;https://www.vivoscuola.it/content/view/full/30099;institute;https://it.wikipedia.org/wiki/Vallelaghi;
866;"scuola dell'infanzia di ranzo ""amici scuola infanzia di ranzo odv""";"scuola dell'infanzia di ranzo ""amici scuola infanzia di ranzo odv""";;paritaria/equiparata;;;;via al castel romano - ranzo - vezzano, 29 38070;vallelaghi;3387970838;;ranzo.materna@associazionecoesi.com;;;;;https://www.vivoscuola.it/content/view/full/30099;school;https://it.wikipedia.org/wiki/Vallelaghi;https://www.vivoscuola.it/content/view/full/30100
867;"scuola dell'infanzia di riva ""degasperi""";;scuola dell'infanzia;paritaria/equiparata;;;luisa fontanari;largo caduti delle foibe, 2 38066;riva del garda;0464553578;;riva.rione.presidente@fpsm.tn.it;;riva.rione.segretario@fpsm.tn.it;;;https://www.vivoscuola.it/content/view/full/30103;institute;https://it.wikipedia.org/wiki/Riva_del_Garda;
868;"scuola dell'infanzia di riva ""degasperi""";"scuola dell'infanzia di riva  ""degasperi""";;paritaria/equiparata;;;luisa fontanari;largo caduti delle foibe, 2 38066;riva del garda;0464553578;;riva.rione.presidente@fpsm.tn.it;;riva.rione.segretario@fpsm.tn.it;;;https://www.vivoscuola.it/content/view/full/30103;school;https://it.wikipedia.org/wiki/Riva_del_Garda;https://www.vivoscuola.it/content/view/full/30104
869;"scuola dell'infanzia di riva ""giardino di infanzia odv""";;scuola dell'infanzia;paritaria/equiparata;;;;viale roma, 32 38066;riva del garda;0464552360;0464-560456;rivagiardinodinfanzia@gmail.com;;;;;https://www.vivoscuola.it/content/view/full/30101;institute;https://it.wikipedia.org/wiki/Riva_del_Garda;
870;"scuola dell'infanzia di riva ""giardino di infanzia odv""";"scuola dell'infanzia di riva  ""giardino""";;paritaria/equiparata;;;;viale roma, 32 38066;riva del garda;0464552360;0464-560456;rivagiardinodinfanzia@gmail.com;;;;;https://www.vivoscuola.it/content/view/full/30101;school;https://it.wikipedia.org/wiki/Riva_del_Garda;https://www.vivoscuola.it/content/view/full/30102
871;"scuola dell'infanzia di riva del garda  ""s. alessandro""";;scuola dell'infanzia;paritaria/equiparata;;;luisa fontanari;via s alessandro, 10 38066;riva del garda;0464554051;;s.alessandro.presidente@fpsm.tn.it;;s.alessandro.segretario@fpsm.tn.it;;;https://www.vivoscuola.it/content/view/full/30105;institute;https://it.wikipedia.org/wiki/Riva_del_Garda;
872;"scuola dell'infanzia di riva del garda  ""s. alessandro""";"scuola dell'infanzia di riva del garda  ""s. alessandro""";;paritaria/equiparata;;;luisa fontanari;via s alessandro, 10 38066;riva del garda;0464554051;;s.alessandro.presidente@fpsm.tn.it;;s.alessandro.segretario@fpsm.tn.it;;;https://www.vivoscuola.it/content/view/full/30105;school;https://it.wikipedia.org/wiki/Riva_del_Garda;https://www.vivoscuola.it/content/view/full/30106
873;scuola dell'infanzia di roncegno;;scuola dell'infanzia;paritaria/equiparata;;;paola sangiorgi;via baldessari, 15 38050;roncegno terme;0461764199;;roncegno.presidente@fpsm.tn.it;;roncegno.segretario@fpsm.tn.it;;;https://www.vivoscuola.it/content/view/full/30107;institute;https://it.wikipedia.org/wiki/Roncegno_Terme;
874;scuola dell'infanzia di roncegno;scuola dell'infanzia di roncegno;;paritaria/equiparata;;;paola sangiorgi;via baldessari, 15 38050;roncegno terme;0461764199;;roncegno.presidente@fpsm.tn.it;;roncegno.segretario@fpsm.tn.it;;;https://www.vivoscuola.it/content/view/full/30107;school;https://it.wikipedia.org/wiki/Roncegno_Terme;https://www.vivoscuola.it/content/view/full/30108
875;scuola dell'infanzia di ronchi valsugana;;scuola dell'infanzia;paritaria/equiparata;;;paola sangiorgi;via marchi, 14 38050;ronchi valsugana;0461773197;;ronchi.valsugana.presidente@fpsm.tn.it;;ronchi.valsugana.segretario@fpsm.tn.it;;;https://www.vivoscuola.it/content/view/full/30109;institute;https://it.wikipedia.org/wiki/Ronchi_Valsugana;
876;scuola dell'infanzia di ronchi valsugana;scuola dell'infanzia di ronchi valsugana;;paritaria/equiparata;;;paola sangiorgi;via marchi, 14 38050;ronchi valsugana;0461773197;;ronchi.valsugana.presidente@fpsm.tn.it;;ronchi.valsugana.segretario@fpsm.tn.it;;;https://www.vivoscuola.it/content/view/full/30109;school;https://it.wikipedia.org/wiki/Ronchi_Valsugana;https://www.vivoscuola.it/content/view/full/30110
877;scuola dell'infanzia di roncogno di pergine;;scuola dell'infanzia;paritaria/equiparata;;francesca parolari;;piazza di s anna, 3 38057;pergine valsugana;0461502351;;asifchimelli@pec.it;;;;;https://www.vivoscuola.it/content/view/full/30111;institute;https://it.wikipedia.org/wiki/Pergine_Valsugana;
878;scuola dell'infanzia di roncogno di pergine;scuola dell'infanzia di roncogno di pergine;;paritaria/equiparata;;francesca parolari;;piazza di s anna, 3 38057;pergine valsugana;0461502351;;asifchimelli@pec.it;;;;;https://www.vivoscuola.it/content/view/full/30111;school;https://it.wikipedia.org/wiki/Pergine_Valsugana;https://www.vivoscuola.it/content/view/full/30112
879;"scuola dell'infanzia di roncone  ""mario amistadi sciavina odv""";;scuola dell'infanzia;paritaria/equiparata;;;;via lucchi - roncone, 1 38087;sella giudicarie;0465311525;0465-901285;roncone.materna@associazionecoesi.com;;;;;https://www.vivoscuola.it/content/view/full/30113;institute;https://it.wikipedia.org/wiki/Sella_Giudicarie;
880;"scuola dell'infanzia di roncone  ""mario amistadi sciavina odv""";"scuola dell'infanzia di roncone  ""mario amistadi sciavina odv""";;paritaria/equiparata;;;;via lucchi - roncone, 1 38087;sella giudicarie;0465311525;0465-901285;roncone.materna@associazionecoesi.com;;;;;https://www.vivoscuola.it/content/view/full/30113;school;https://it.wikipedia.org/wiki/Sella_Giudicarie;https://www.vivoscuola.it/content/view/full/30114
881;scuola dell'infanzia di ronzo-chienis;;scuola dell'infanzia;paritaria/equiparata;;;silvano medves;via del car, 40 38060;ronzo-chienis;0464802944;;ronzo.chienis.presidente@fpsm.tn.it;;ronzo.chienis.segretario@fpsm.tn.it;;;https://www.vivoscuola.it/content/view/full/30115;institute;https://it.wikipedia.org/wiki/Ronzo-Chienis;
882;scuola dell'infanzia di ronzo-chienis;scuola dell'infanzia di ronzo-chienis;;paritaria/equiparata;;;silvano medves;via del car, 40 38060;ronzo-chienis;0464802944;;ronzo.chienis.presidente@fpsm.tn.it;;ronzo.chienis.segretario@fpsm.tn.it;;;https://www.vivoscuola.it/content/view/full/30115;school;https://it.wikipedia.org/wiki/Ronzo-Chienis;https://www.vivoscuola.it/content/view/full/30116
883;"scuola dell'infanzia di rovereto ""clementino vannetti odv""";;scuola dell'infanzia;paritaria/equiparata;;;;via s maria, 58 38068;rovereto;0464420061;;asilovannetti@gmail.com;;;;;https://www.vivoscuola.it/content/view/full/149207;institute;https://it.wikipedia.org/wiki/Rovereto;
884;"scuola dell'infanzia di rovereto ""clementino vannetti odv""";"scuola dell'infanzia di rovereto ""clementino vannetti odv""";;paritaria/equiparata;;;;via s maria, 58 38068;rovereto;0464420061;;asilovannetti@gmail.com;;;;;https://www.vivoscuola.it/content/view/full/149207;school;https://it.wikipedia.org/wiki/Rovereto;https://www.vivoscuola.it/content/view/full/149208
885;"scuola dell'infanzia di rovereto ""rosmini""";;scuola dell'infanzia;paritaria/equiparata;;;roberta medeghini;corso rosmini, 3 38068;rovereto;0464421541;;rovereto.rosmini.presidente@fpsm.tn.it;;rovereto.rosmini.segretario@fpsm.tn.it;;;https://www.vivoscuola.it/content/view/full/30119;institute;https://it.wikipedia.org/wiki/Rovereto;
886;"scuola dell'infanzia di rovereto ""rosmini""";"scuola dell'infanzia di rovereto ""rosmini""";;paritaria/equiparata;;;roberta medeghini;corso rosmini, 3 38068;rovereto;0464421541;;rovereto.rosmini.presidente@fpsm.tn.it;;rovereto.rosmini.segretario@fpsm.tn.it;;;https://www.vivoscuola.it/content/view/full/30119;school;https://it.wikipedia.org/wiki/Rovereto;https://www.vivoscuola.it/content/view/full/30120
887;scuola dell'infanzia di s. croce bleggio;;scuola dell'infanzia;paritaria/equiparata;;;lorenzo santorum;frazione santa croce di bleggio inferiore, 7 38070;comano terme;0465779900;;s.croce.presidente@fpsm.tn.it;;s.croce.segretario@fpsm.tn.it;;;https://www.vivoscuola.it/content/view/full/30121;institute;https://it.wikipedia.org/wiki/Comano_Terme;
888;scuola dell'infanzia di s. croce bleggio;scuola dell'infanzia di s. croce bleggio;;paritaria/equiparata;;;lorenzo santorum;frazione santa croce di bleggio inferiore, 7 38070;comano terme;0465779900;;s.croce.presidente@fpsm.tn.it;;s.croce.segretario@fpsm.tn.it;;;https://www.vivoscuola.it/content/view/full/30121;school;https://it.wikipedia.org/wiki/Comano_Terme;https://www.vivoscuola.it/content/view/full/30122
889;scuola dell'infanzia di s. lorenzo in banale;;scuola dell'infanzia;paritaria/equiparata;;;lorenzo santorum;strada del toat - san lorenzo, 4 38078;san lorenzo dorsino;0465734005;;san.lorenzo.banale.segretario@fpsm.tn.it;;san.lorenzo.banale.segretario@fpsm.tn.it;;;https://www.vivoscuola.it/content/view/full/30123;institute;https://it.wikipedia.org/wiki/San_Lorenzo_Dorsino;
890;scuola dell'infanzia di s. lorenzo in banale;scuola dell'infanzia di s. lorenzo in banale;;paritaria/equiparata;;;lorenzo santorum;strada del toat - san lorenzo, 4 38078;san lorenzo dorsino;0465734005;;san.lorenzo.banale.segretario@fpsm.tn.it;;san.lorenzo.banale.segretario@fpsm.tn.it;;;https://www.vivoscuola.it/content/view/full/30123;school;https://it.wikipedia.org/wiki/San_Lorenzo_Dorsino;https://www.vivoscuola.it/content/view/full/30124
891;scuola dell'infanzia di s. margherita di ala;;scuola dell'infanzia;paritaria/equiparata;;;francesca vareschi;via gazzoletti - santa margherita, 35 38061;ala;0464696494;;s.margherita.presidente@fpsm.tn.it;;s.margherita.segretario@fpsm.tn.it;;;https://www.vivoscuola.it/content/view/full/30125;institute;https://it.wikipedia.org/wiki/Ala_(Italia);
892;scuola dell'infanzia di s. margherita di ala;scuola dell'infanzia di s. margherita di ala;;paritaria/equiparata;;;francesca vareschi;via gazzoletti - santa margherita, 35 38061;ala;0464696494;;s.margherita.presidente@fpsm.tn.it;;s.margherita.segretario@fpsm.tn.it;;;https://www.vivoscuola.it/content/view/full/30125;school;https://it.wikipedia.org/wiki/Ala_(Italia);https://www.vivoscuola.it/content/view/full/30126
893;scuola dell'infanzia di sabbionara;;scuola dell'infanzia;paritaria/equiparata;;;francesca vareschi;piazza conciliazione, 3/b 38063;avio;0464683225;;sabbionara.presidente@fpsm.tn.it;;sabbionara.segretario@fpsm.tn.it;;;https://www.vivoscuola.it/content/view/full/30127;institute;https://it.wikipedia.org/wiki/Avio;
894;scuola dell'infanzia di sabbionara;scuola dell'infanzia di sabbionara;;paritaria/equiparata;;;francesca vareschi;piazza conciliazione, 3/b 38063;avio;0464683225;;sabbionara.presidente@fpsm.tn.it;;sabbionara.segretario@fpsm.tn.it;;;https://www.vivoscuola.it/content/view/full/30127;school;https://it.wikipedia.org/wiki/Avio;https://www.vivoscuola.it/content/view/full/30128
895;scuola dell'infanzia di san martino di c.;;scuola dell'infanzia;paritaria/equiparata;;;daniela dalcastagne';via laghetto - san martino di castrozza, 30 38054;primiero san martino di castrozza;0439768666;;s.martino.castrozza.presidente@fpsm.tn.it;;s.martino.castrozza.segretario@fpsm.tn.it;;;https://www.vivoscuola.it/content/view/full/30129;institute;https://it.wikipedia.org/wiki/Primiero_San_Martino_di_Castrozza;
896;scuola dell'infanzia di san martino di c.;scuola dell'infanzia di san martino di c.;;paritaria/equiparata;;;daniela dalcastagne';via laghetto - san martino di castrozza, 30 38054;primiero san martino di castrozza;0439768666;;s.martino.castrozza.presidente@fpsm.tn.it;;s.martino.castrozza.segretario@fpsm.tn.it;;;https://www.vivoscuola.it/content/view/full/30129;school;https://it.wikipedia.org/wiki/Primiero_San_Martino_di_Castrozza;https://www.vivoscuola.it/content/view/full/30130
897;scuola dell'infanzia di sarche;;scuola dell'infanzia;paritaria/equiparata;;;gianna angeli;via caffaro - sarche - calavino, 6 38076;madruzzo;0461564028;;sarche.presidente@fpsm.tn.it;;sarche.segretario@fpsm.tn.it;;;https://www.vivoscuola.it/content/view/full/30131;institute;https://it.wikipedia.org/wiki/Madruzzo_(Italia);
898;scuola dell'infanzia di sarche;scuola dell'infanzia di sarche;;paritaria/equiparata;;;gianna angeli;via caffaro - sarche - calavino, 6 38076;madruzzo;0461564028;;sarche.presidente@fpsm.tn.it;;sarche.segretario@fpsm.tn.it;;;https://www.vivoscuola.it/content/view/full/30131;school;https://it.wikipedia.org/wiki/Madruzzo_(Italia);https://www.vivoscuola.it/content/view/full/30132
899;scuola dell'infanzia di scurelle;;scuola dell'infanzia;paritaria/equiparata;;;paola sangiorgi;via visintainer, 15 38050;scurelle;0461762268;;scurelle.presidente@fpsm.tn.it;;scurelle.segretario@fpsm.tn.it;;;https://www.vivoscuola.it/content/view/full/30133;institute;https://it.wikipedia.org/wiki/Scurelle;
900;scuola dell'infanzia di scurelle;scuola dell'infanzia di scurelle;;paritaria/equiparata;;;paola sangiorgi;via visintainer, 15 38050;scurelle;0461762268;;scurelle.presidente@fpsm.tn.it;;scurelle.segretario@fpsm.tn.it;;;https://www.vivoscuola.it/content/view/full/30133;school;https://it.wikipedia.org/wiki/Scurelle;https://www.vivoscuola.it/content/view/full/30134
901;scuola dell'infanzia di segno;;scuola dell'infanzia;paritaria/equiparata;;;ute pancher;via sonora - segno - taio, 18 38012;predaia;0463468064;;segno.presidente@fpsm.tn.it;;segno.segretario@fpsm.tn.it;;;https://www.vivoscuola.it/content/view/full/30135;institute;https://it.wikipedia.org/wiki/Predaia;
902;scuola dell'infanzia di segno;scuola dell'infanzia di segno;;paritaria/equiparata;;;ute pancher;via sonora - segno - taio, 18 38012;predaia;0463468064;;segno.presidente@fpsm.tn.it;;segno.segretario@fpsm.tn.it;;;https://www.vivoscuola.it/content/view/full/30135;school;https://it.wikipedia.org/wiki/Predaia;https://www.vivoscuola.it/content/view/full/30136
903;scuola dell'infanzia di segonzano;;scuola dell'infanzia;paritaria/equiparata;;;pamela tomaselli;frazione stedro, 80 38047;segonzano;3273311981;;segonzano.presidente@fpsm.tn.it;;segonzano.segretario@fpsm.tn.it;;;https://www.vivoscuola.it/content/view/full/30137;institute;https://it.wikipedia.org/wiki/Segonzano;
904;scuola dell'infanzia di segonzano;scuola dell'infanzia di segonzano;;paritaria/equiparata;;;pamela tomaselli;frazione stedro, 80 38047;segonzano;3273311981;;segonzano.presidente@fpsm.tn.it;;segonzano.segretario@fpsm.tn.it;;;https://www.vivoscuola.it/content/view/full/30137;school;https://it.wikipedia.org/wiki/Segonzano;https://www.vivoscuola.it/content/view/full/30138
905;scuola dell'infanzia di serravalle;;scuola dell'infanzia;paritaria/equiparata;;;francesca vareschi;via ingenger tomasi - serravalle, 5 38061;ala;0464696304;;serravalle.presidente@fpsm.tn.it;;serravalle.segretario@fpsm.tn.it;;;https://www.vivoscuola.it/content/view/full/30139;institute;https://it.wikipedia.org/wiki/Ala_(Italia);
906;scuola dell'infanzia di serravalle;scuola dell'infanzia di serravalle;;paritaria/equiparata;;;francesca vareschi;via ingenger tomasi - serravalle, 5 38061;ala;0464696304;;serravalle.presidente@fpsm.tn.it;;serravalle.segretario@fpsm.tn.it;;;https://www.vivoscuola.it/content/view/full/30139;school;https://it.wikipedia.org/wiki/Ala_(Italia);https://www.vivoscuola.it/content/view/full/30140
907;"scuola dell'infanzia di serso ""don ochner odv"" ";;scuola dell'infanzia;paritaria/equiparata;;;;via al casteler, 1 38057;pergine valsugana;0461533843;;serso.asilo@gmail.com;;scuola.donochner@email.it;;;https://www.vivoscuola.it/content/view/full/141891;institute;https://it.wikipedia.org/wiki/Pergine_Valsugana;
908;"scuola dell'infanzia di serso ""don ochner odv"" ";"scuola dell'infanzia di serso ""don ochner odv""";;paritaria/equiparata;;;;via al casteler, 1 38057;pergine valsugana;0461533843;;serso.asilo@gmail.com;;scuola.donochner@email.it;;;https://www.vivoscuola.it/content/view/full/141891;school;https://it.wikipedia.org/wiki/Pergine_Valsugana;https://www.vivoscuola.it/content/view/full/141892
909;scuola dell'infanzia di smarano;;scuola dell'infanzia;paritaria/equiparata;;;ilaria mancini;via torre - smarano, 6 38012;predaia;0463536702;;smarano.presidente@fpsm.tn.it;;smarano.segretario@fpsm.tn.it;;;https://www.vivoscuola.it/content/view/full/30145;institute;https://it.wikipedia.org/wiki/Predaia;
910;scuola dell'infanzia di smarano;scuola dell'infanzia di smarano;;paritaria/equiparata;;;ilaria mancini;via torre - smarano, 6 38012;predaia;0463536702;;smarano.presidente@fpsm.tn.it;;smarano.segretario@fpsm.tn.it;;;https://www.vivoscuola.it/content/view/full/30145;school;https://it.wikipedia.org/wiki/Predaia;https://www.vivoscuola.it/content/view/full/30146
911;scuola dell'infanzia di sopramonte;;scuola dell'infanzia;paritaria/equiparata;;;carmen fattori;via canelli - sopramonte, 5 38123;trento;0461867021;;sopramonte.presidente@fpsm.tn.it;;sopramonte.segretario@fpsm.tn.it;;;https://www.vivoscuola.it/content/view/full/30147;institute;https://it.wikipedia.org/wiki/Trento;
912;scuola dell'infanzia di sopramonte;scuola dell'infanzia di sopramonte;;paritaria/equiparata;;;carmen fattori;via canelli - sopramonte, 5 38123;trento;0461867021;;sopramonte.presidente@fpsm.tn.it;;sopramonte.segretario@fpsm.tn.it;;;https://www.vivoscuola.it/content/view/full/30147;school;https://it.wikipedia.org/wiki/Trento;https://www.vivoscuola.it/content/view/full/30148
913;scuola dell'infanzia di spiazzo rendena;;scuola dell'infanzia;paritaria/equiparata;;;alessandra pomilio;via s vigilio, 5 38088;spiazzo;0465801326;;spiazzo.rendena.contabile@fpsm.tn.it;;spiazzo.rendena.segretario@fpsm.tn.it;;;https://www.vivoscuola.it/content/view/full/30149;institute;https://it.wikipedia.org/wiki/Spiazzo;
914;scuola dell'infanzia di spiazzo rendena;scuola dell'infanzia di spiazzo rendena;;paritaria/equiparata;;;alessandra pomilio;via s vigilio, 5 38088;spiazzo;0465801326;;spiazzo.rendena.contabile@fpsm.tn.it;;spiazzo.rendena.segretario@fpsm.tn.it;;;https://www.vivoscuola.it/content/view/full/30149;school;https://it.wikipedia.org/wiki/Spiazzo;https://www.vivoscuola.it/content/view/full/30150
915;scuola dell'infanzia di spormaggiore;;scuola dell'infanzia;paritaria/equiparata;;;ute pancher;via dell asilo, 2 38010;spormaggiore;04611827171;;spormaggiore.contabile@fpsm.tn.it;;spormaggiore.segretario@fpsm.tn.it;;;https://www.vivoscuola.it/content/view/full/30151;institute;https://it.wikipedia.org/wiki/Spormaggiore;
916;scuola dell'infanzia di spormaggiore;scuola dell'infanzia di spormaggiore;;paritaria/equiparata;;;ute pancher;via dell asilo, 2 38010;spormaggiore;04611827171;;spormaggiore.contabile@fpsm.tn.it;;spormaggiore.segretario@fpsm.tn.it;;;https://www.vivoscuola.it/content/view/full/30151;school;https://it.wikipedia.org/wiki/Spormaggiore;https://www.vivoscuola.it/content/view/full/30152
917;scuola dell'infanzia di stenico;;scuola dell'infanzia;paritaria/equiparata;;;lorenzo santorum;piazza dante, 15 38070;stenico;0465771019;;stenico.presidente@fpsm.tn.it;;stenico.segretario@fpsm.tn.it;;;https://www.vivoscuola.it/content/view/full/30153;institute;https://it.wikipedia.org/wiki/Stenico;
918;scuola dell'infanzia di stenico;scuola dell'infanzia di stenico;;paritaria/equiparata;;;lorenzo santorum;piazza dante, 15 38070;stenico;0465771019;;stenico.presidente@fpsm.tn.it;;stenico.segretario@fpsm.tn.it;;;https://www.vivoscuola.it/content/view/full/30153;school;https://it.wikipedia.org/wiki/Stenico;https://www.vivoscuola.it/content/view/full/30154
919;scuola dell'infanzia di storo;;scuola dell'infanzia;paritaria/equiparata;;;alessandra pomilio;via s floriano, 22 38089;storo;0465898494;;storo.presidente@fpsm.tn.it;;storo.segretario@fpsm.tn.it;;;https://www.vivoscuola.it/content/view/full/30155;institute;https://it.wikipedia.org/wiki/Storo;
920;scuola dell'infanzia di storo;scuola dell'infanzia di storo;;paritaria/equiparata;;;alessandra pomilio;via s floriano, 22 38089;storo;0465898494;;storo.presidente@fpsm.tn.it;;storo.segretario@fpsm.tn.it;;;https://www.vivoscuola.it/content/view/full/30155;school;https://it.wikipedia.org/wiki/Storo;https://www.vivoscuola.it/content/view/full/30156
921;scuola dell'infanzia di strigno;;scuola dell'infanzia;paritaria/equiparata;;;daniela dalcastagne';piazza iv novembre - strigno, 11 38059;castel ivano;0461762327;;strigno.presidente@fpsm.tn.it;;strigno.segretario@fpsm.tn.it;;;https://www.vivoscuola.it/content/view/full/30157;institute;https://it.wikipedia.org/wiki/Castel_Ivano_(comune);
922;scuola dell'infanzia di strigno;scuola dell'infanzia di strigno;;paritaria/equiparata;;;daniela dalcastagne';piazza iv novembre - strigno, 11 38059;castel ivano;0461762327;;strigno.presidente@fpsm.tn.it;;strigno.segretario@fpsm.tn.it;;;https://www.vivoscuola.it/content/view/full/30157;school;https://it.wikipedia.org/wiki/Castel_Ivano_(comune);https://www.vivoscuola.it/content/view/full/30158
923;scuola dell'infanzia di susà;;scuola dell'infanzia;paritaria/equiparata;;;mariangela simoncini;via dell asilo, 5 38057;pergine valsugana;0461538471;;susa.presidente@fpsm.tn.it;;susa.segretario@fpsm.tn.it;;;https://www.vivoscuola.it/content/view/full/30159;institute;https://it.wikipedia.org/wiki/Pergine_Valsugana;
924;scuola dell'infanzia di susà;scuola dell'infanzia di susà;;paritaria/equiparata;;;mariangela simoncini;via dell asilo, 5 38057;pergine valsugana;0461538471;;susa.presidente@fpsm.tn.it;;susa.segretario@fpsm.tn.it;;;https://www.vivoscuola.it/content/view/full/30159;school;https://it.wikipedia.org/wiki/Pergine_Valsugana;https://www.vivoscuola.it/content/view/full/30160
925;"scuola dell'infanzia di taio ""asilo infantile di taio odv""";;scuola dell'infanzia;paritaria/equiparata;;;ute pancher;via edison - taio, 3 38012;predaia;0463468269;;taio.presidente@fpsm.tn.it;;taio.segretario@fpsm.tn.it;;;https://www.vivoscuola.it/content/view/full/30161;institute;https://it.wikipedia.org/wiki/Predaia;
926;"scuola dell'infanzia di taio ""asilo infantile di taio odv""";"scuola dell'infanzia di taio ""asilo infantile di taio odv""";;paritaria/equiparata;;;ute pancher;via edison - taio, 3 38012;predaia;0463468269;;taio.presidente@fpsm.tn.it;;taio.segretario@fpsm.tn.it;;;https://www.vivoscuola.it/content/view/full/30161;school;https://it.wikipedia.org/wiki/Predaia;https://www.vivoscuola.it/content/view/full/30162
927;scuola dell'infanzia di telve;;scuola dell'infanzia;paritaria/equiparata;;;paola sangiorgi;via paradiso, 1 38050;telve;0461766315;;telve.presidente@fpsm.tn.it;;telve.segretario@fpsm.tn.it;;;https://www.vivoscuola.it/content/view/full/30163;institute;https://it.wikipedia.org/wiki/Telve;
928;scuola dell'infanzia di telve;scuola dell'infanzia di telve;;paritaria/equiparata;;;paola sangiorgi;via paradiso, 1 38050;telve;0461766315;;telve.presidente@fpsm.tn.it;;telve.segretario@fpsm.tn.it;;;https://www.vivoscuola.it/content/view/full/30163;school;https://it.wikipedia.org/wiki/Telve;https://www.vivoscuola.it/content/view/full/30164
929;scuola dell'infanzia di tenno;;scuola dell'infanzia;paritaria/equiparata;;;luisa fontanari;via brocchetti, 53 38060;tenno;0464503034;;tenno.presidente@fpsm.tn.it;;tenno.segretario@fpsm.tn.it;;;https://www.vivoscuola.it/content/view/full/30165;institute;https://it.wikipedia.org/wiki/Tenno;
930;scuola dell'infanzia di tenno;scuola dell'infanzia di tenno;;paritaria/equiparata;;;luisa fontanari;via brocchetti, 53 38060;tenno;0464503034;;tenno.presidente@fpsm.tn.it;;tenno.segretario@fpsm.tn.it;;;https://www.vivoscuola.it/content/view/full/30165;school;https://it.wikipedia.org/wiki/Tenno;https://www.vivoscuola.it/content/view/full/30166
931;scuola dell'infanzia di tesero;;scuola dell'infanzia;paritaria/equiparata;;;tiziana ceol;via fia, 20 38038;tesero;0462813045;;tesero.presidente@fpsm.tn.it;;tesero.segretario@fpsm.tn.it;;;https://www.vivoscuola.it/content/view/full/30167;institute;https://it.wikipedia.org/wiki/Tesero;
932;scuola dell'infanzia di tesero;scuola dell'infanzia di tesero;;paritaria/equiparata;;;tiziana ceol;via fia, 20 38038;tesero;0462813045;;tesero.presidente@fpsm.tn.it;;tesero.segretario@fpsm.tn.it;;;https://www.vivoscuola.it/content/view/full/30167;school;https://it.wikipedia.org/wiki/Tesero;https://www.vivoscuola.it/content/view/full/30168
933;scuola dell'infanzia di tezze valsugana;;scuola dell'infanzia;paritaria/equiparata;;;daniela dalcastagne';via marconi, 8/a 38055;grigno;0461769192;;tezze.presidente@fpsm.tn.it;;tezze.segretario@fpsm.tn.it;;;https://www.vivoscuola.it/content/view/full/30169;institute;https://it.wikipedia.org/wiki/Grigno;
934;scuola dell'infanzia di tezze valsugana;scuola dell'infanzia di tezze valsugana;;paritaria/equiparata;;;daniela dalcastagne';via marconi, 8/a 38055;grigno;0461769192;;tezze.presidente@fpsm.tn.it;;tezze.segretario@fpsm.tn.it;;;https://www.vivoscuola.it/content/view/full/30169;school;https://it.wikipedia.org/wiki/Grigno;https://www.vivoscuola.it/content/view/full/30170
935;"scuola dell'infanzia di tione di trento ""don giovanni failoni odv""";;scuola dell'infanzia;paritaria/equiparata;;;;piazza battisti, 4 38079;tione di trento;0461321314;0461/329714;tione.materna@associazionecoesi.com;;;;;https://www.vivoscuola.it/content/view/full/61887;institute;https://it.wikipedia.org/wiki/Tione_di_Trento;
936;"scuola dell'infanzia di tione di trento ""don giovanni failoni odv""";"scuola dell'infanzia di tione di trento ""don giovanni failoni""";;paritaria/equiparata;;;;piazza battisti, 4 38079;tione di trento;0465321314;0461/329714;tione.materna@associazionecoesi.com;;;;;https://www.vivoscuola.it/content/view/full/61887;school;https://it.wikipedia.org/wiki/Tione_di_Trento;https://www.vivoscuola.it/content/view/full/61888
937;scuola dell'infanzia di tonadico;;scuola dell'infanzia;paritaria/equiparata;;;daniela dalcastagne';via fuganti - tonadico, 8 38054;primiero san martino di castrozza;0439762062;;tonadico.segretario@fpsm.tn.it;;tonadico.segretario@fpsm.tn.it;;;https://www.vivoscuola.it/content/view/full/30171;institute;https://it.wikipedia.org/wiki/Primiero_San_Martino_di_Castrozza;
938;scuola dell'infanzia di tonadico;scuola dell'infanzia di tonadico;;paritaria/equiparata;;;daniela dalcastagne';via fuganti - tonadico, 8 38054;primiero san martino di castrozza;0439762062;;tonadico.segretario@fpsm.tn.it;;tonadico.segretario@fpsm.tn.it;;;https://www.vivoscuola.it/content/view/full/30171;school;https://it.wikipedia.org/wiki/Primiero_San_Martino_di_Castrozza;https://www.vivoscuola.it/content/view/full/30172
939;scuola dell'infanzia di torbole;;scuola dell'infanzia;paritaria/equiparata;;;luisa fontanari;via don davide gioppi, 72 38069;nago-torbole;0464505159;;torbole.presidente@fpsm.tn.it;;torbole.segretario@fpsm.tn.it;;;https://www.vivoscuola.it/content/view/full/30173;institute;https://it.wikipedia.org/wiki/Nago-Torbole;
940;scuola dell'infanzia di torbole;scuola dell'infanzia di torbole;;paritaria/equiparata;;;luisa fontanari;via don davide gioppi, 72 38069;nago-torbole;0464505159;;torbole.presidente@fpsm.tn.it;;torbole.segretario@fpsm.tn.it;;;https://www.vivoscuola.it/content/view/full/30173;school;https://it.wikipedia.org/wiki/Nago-Torbole;https://www.vivoscuola.it/content/view/full/30174
941;scuola dell'infanzia di torcegno odv;;scuola dell'infanzia;paritaria/equiparata;;;paola sangiorgi;via della fontana, 15 38050;torcegno;0461760796;;torcegno.presidente@fpsm.tn.it;;torcegno.segretario@fpsm.tn.it;;;https://www.vivoscuola.it/content/view/full/30175;institute;https://it.wikipedia.org/wiki/Torcegno;
942;scuola dell'infanzia di torcegno odv;scuola dell'infanzia di torcegno odv;;paritaria/equiparata;;;paola sangiorgi;via della fontana, 15 38050;torcegno;0461760796;;torcegno.presidente@fpsm.tn.it;;torcegno.segretario@fpsm.tn.it;;;https://www.vivoscuola.it/content/view/full/30175;school;https://it.wikipedia.org/wiki/Torcegno;https://www.vivoscuola.it/content/view/full/30176
943;scuola dell'infanzia di transacqua;;scuola dell'infanzia;paritaria/equiparata;;;daniela dalcastagne';piazza municipio - transacqua, 11 38054;primiero san martino di castrozza;043962313;;transacqua.presidente@fpsm.tn.it;;transacqua.segretario@fpsm.tn.it;;;https://www.vivoscuola.it/content/view/full/30177;institute;https://it.wikipedia.org/wiki/Primiero_San_Martino_di_Castrozza;
944;scuola dell'infanzia di transacqua;scuola dell'infanzia di transacqua;;paritaria/equiparata;;;daniela dalcastagne';piazza municipio - transacqua, 11 38054;primiero san martino di castrozza;043962313;;transacqua.presidente@fpsm.tn.it;;transacqua.segretario@fpsm.tn.it;;;https://www.vivoscuola.it/content/view/full/30177;school;https://it.wikipedia.org/wiki/Primiero_San_Martino_di_Castrozza;https://www.vivoscuola.it/content/view/full/30178
945;"scuola dell'infanzia di trento  ""pedrotti""";;scuola dell'infanzia;paritaria/equiparata;;;sandra ciappi;via asilo pedrotti, 2 38122;trento;0461914039;;trento.pedrotti.presidente@fpsm.tn.it;;trento.pedrotti.segretario@fpsm.tn.it;;;https://www.vivoscuola.it/content/view/full/30181;institute;https://it.wikipedia.org/wiki/Trento;
946;"scuola dell'infanzia di trento  ""pedrotti""";"scuola dell'infanzia di trento  ""pedrotti""";;paritaria/equiparata;;;sandra ciappi;via asilo pedrotti, 2 38122;trento;0461914039;;trento.pedrotti.presidente@fpsm.tn.it;;trento.pedrotti.segretario@fpsm.tn.it;;;https://www.vivoscuola.it/content/view/full/30181;school;https://it.wikipedia.org/wiki/Trento;https://www.vivoscuola.it/content/view/full/30182
947;scuola dell'infanzia di trento  canossiane;;scuola dell'infanzia;paritaria/equiparata;;;ivana leonardelli;via dei paradisi, 4 38122;trento;0461231775;;trento.canossiane.segretario@fpsm.tn.it;;trento.canossiane.segretario@fpsm.tn.it;;;https://www.vivoscuola.it/content/view/full/30185;institute;https://it.wikipedia.org/wiki/Trento;
948;scuola dell'infanzia di trento  canossiane;scuola dell'infanzia di trento  canossiane;;paritaria/equiparata;;;ivana leonardelli;via dei paradisi, 4 38122;trento;0461231775;;trento.canossiane.segretario@fpsm.tn.it;;trento.canossiane.segretario@fpsm.tn.it;;;https://www.vivoscuola.it/content/view/full/30185;school;https://it.wikipedia.org/wiki/Trento;https://www.vivoscuola.it/content/view/full/30186
949;scuola dell'infanzia di trento  s. bartolomeo;;scuola dell'infanzia;paritaria/equiparata;;;sandra ciappi;viale dei tigli, 9/1 38123;trento;0461924555;;trento.s.bartolomeo.segretario@fpsm.tn.it;;trento.s.bartolomeo.segretario@fpsm.tn.it;;;https://www.vivoscuola.it/content/view/full/30187;institute;https://it.wikipedia.org/wiki/Trento;
950;scuola dell'infanzia di trento  s. bartolomeo;scuola dell'infanzia di trento  s. bartolomeo;;paritaria/equiparata;;;sandra ciappi;viale dei tigli, 9/1 38123;trento;0461924555;;trento.s.bartolomeo.segretario@fpsm.tn.it;;trento.s.bartolomeo.segretario@fpsm.tn.it;;;https://www.vivoscuola.it/content/view/full/30187;school;https://it.wikipedia.org/wiki/Trento;https://www.vivoscuola.it/content/view/full/30188
951;"scuola dell'infanzia di trento ""antonio tambosi odv""";;scuola dell'infanzia;paritaria/equiparata;;;;via francesco ferruccio, 4 38122;trento;0461237392;0461-237392;scuolamaterna.tambosi@gmail.com;;;;;https://www.vivoscuola.it/content/view/full/30179;institute;https://it.wikipedia.org/wiki/Trento;
952;"scuola dell'infanzia di trento ""antonio tambosi odv""";"scuola dell'infanzia di trento ""antonio tambosi odv""";;paritaria/equiparata;;;;via francesco ferruccio, 4 38122;trento;0461237392;0461-237392;scuolamaterna.tambosi@gmail.com;;;;;https://www.vivoscuola.it/content/view/full/30179;school;https://it.wikipedia.org/wiki/Trento;https://www.vivoscuola.it/content/view/full/30180
953;"scuola dell'infanzia di trento ""g. b. zanella odv""";;scuola dell'infanzia;paritaria/equiparata;;;alessandra bianchi;via gar, 1 38122;trento;0461233744;0461-233744;segreteria@gbzanella.it;;;;;https://www.vivoscuola.it/content/view/full/30189;institute;https://it.wikipedia.org/wiki/Trento;
954;"scuola dell'infanzia di trento ""g. b. zanella odv""";"scuola dell'infanzia di trento ""g. b. zanella odv""";;paritaria/equiparata;;;alessandra bianchi;via gar, 1 38122;trento;0461233744;0461-233744;segreteria@gbzanella.it;;;;;https://www.vivoscuola.it/content/view/full/30189;school;https://it.wikipedia.org/wiki/Trento;https://www.vivoscuola.it/content/view/full/30190
955;"scuola dell'infanzia di trento ""s. antonio odv""";;scuola dell'infanzia;paritaria/equiparata;;;;via adamello, 2 38122;trento;0461911027;0461/394133;s.antonio.materna@associazionecoesi.com;;;;;https://www.vivoscuola.it/content/view/full/30191;institute;https://it.wikipedia.org/wiki/Trento;
956;"scuola dell'infanzia di trento ""s. antonio odv""";"scuola dell'infanzia di trento ""s. antonio odv""";;paritaria/equiparata;;;;via adamello, 2 38122;trento;0461911027;0461/394133;s.antonio.materna@associazionecoesi.com;;;;;https://www.vivoscuola.it/content/view/full/30191;school;https://it.wikipedia.org/wiki/Trento;https://www.vivoscuola.it/content/view/full/30192
957;"scuola dell'infanzia di trento ""sacro cuore odv""";;scuola dell'infanzia;paritaria/equiparata;;;sara tonazzoli;piazza s teresa verzeri, 4 38122;trento;0461981465;;materna@istitutosacrocuore.it;;;;;https://www.vivoscuola.it/content/view/full/92009;institute;https://it.wikipedia.org/wiki/Trento;
958;"scuola dell'infanzia di trento ""sacro cuore odv""";"scuola dell'infanzia di trento ""sacro cuore odv""";;paritaria/equiparata;;;sara tonazzoli;piazza s teresa verzeri, 4 38122;trento;0461981465;;materna@istitutosacrocuore.it;;;;;https://www.vivoscuola.it/content/view/full/92009;school;https://it.wikipedia.org/wiki/Trento;https://www.vivoscuola.it/content/view/full/92010
959;"scuola dell'infanzia di trento cognola  ""b. kofler""";;scuola dell'infanzia;paritaria/equiparata;;;ivana leonardelli;via kofler, 10 38121;trento;0461235069;0461 983903;cognola.segretario@fpsm.tn.it;;cognola.segretario@fpsm.tn.it;;;https://www.vivoscuola.it/content/view/full/30193;institute;https://it.wikipedia.org/wiki/Trento;
960;"scuola dell'infanzia di trento cognola  ""b. kofler""";"scuola dell'infanzia di trento cognola ""b. kofler""";;paritaria/equiparata;;;ivana leonardelli;via kofler, 10 38121;trento;0461235069;0461 983903;cognola.segretario@fpsm.tn.it;;cognola.segretario@fpsm.tn.it;;;https://www.vivoscuola.it/content/view/full/30193;school;https://it.wikipedia.org/wiki/Trento;https://www.vivoscuola.it/content/view/full/30194
961;scuola dell'infanzia di trento la clarina;;scuola dell'infanzia;paritaria/equiparata;;;sandra ciappi;via einaudi, 66 38123;trento;0461923464;;trento.clarina.presidente@fpsm.tn.it;;trento.clarina.segretario@fpsm.tn.it;;;https://www.vivoscuola.it/content/view/full/30195;institute;https://it.wikipedia.org/wiki/Trento;
962;scuola dell'infanzia di trento la clarina;scuola dell'infanzia di trento la clarina;;paritaria/equiparata;;;sandra ciappi;via einaudi, 66 38123;trento;0461923464;;trento.clarina.presidente@fpsm.tn.it;;trento.clarina.segretario@fpsm.tn.it;;;https://www.vivoscuola.it/content/view/full/30195;school;https://it.wikipedia.org/wiki/Trento;https://www.vivoscuola.it/content/view/full/30196
963;"scuola dell'infanzia di trento san donà ""b. kofler""";;scuola dell'infanzia;paritaria/equiparata;;;ivana leonardelli;via per cognola, 43 38122;trento;0461260977;0461 983903;cognola.segretario@fpsm.tn.it;;trento.san.dona.segretario@fpsm.tn.it;;;https://www.vivoscuola.it/content/view/full/30197;institute;https://it.wikipedia.org/wiki/Trento;
964;"scuola dell'infanzia di trento san donà ""b. kofler""";"scuola dell'infanzia di trento san donà ""b. kofler""";;paritaria/equiparata;;;ivana leonardelli;via per cognola, 43 38122;trento;0461260977;0461 983903;cognola.segretario@fpsm.tn.it;;trento.san.dona.segretario@fpsm.tn.it;;;https://www.vivoscuola.it/content/view/full/30197;school;https://it.wikipedia.org/wiki/Trento;https://www.vivoscuola.it/content/view/full/30198
965;scuola dell'infanzia di tuenno;;scuola dell'infanzia;paritaria/equiparata;;;ute pancher;via marconi - tuenno, 2 38019;ville d'anaunia;0463451238;;tuenno.segretario@fpsm.tn.it;;tuenno.segretario@fpsm.tn.it;;;https://www.vivoscuola.it/content/view/full/30199;institute;https://it.wikipedia.org/wiki/Ville_d%27Anaunia;
966;scuola dell'infanzia di tuenno;scuola dell'infanzia di tuenno;;paritaria/equiparata;;;ute pancher;via marconi - tuenno, 2 38019;ville d'anaunia;0463451238;;tuenno.segretario@fpsm.tn.it;;tuenno.segretario@fpsm.tn.it;;;https://www.vivoscuola.it/content/view/full/30199;school;https://it.wikipedia.org/wiki/Ville_d%27Anaunia;https://www.vivoscuola.it/content/view/full/30200
967;scuola dell'infanzia di varone;;scuola dell'infanzia;paritaria/equiparata;;;luisa fontanari;via sega, 5 38066;riva del garda;0464521350;;varone.presidente@fpsm.tn.it;;varone.segretario@fpsm.tn.it;;;https://www.vivoscuola.it/content/view/full/30201;institute;https://it.wikipedia.org/wiki/Riva_del_Garda;
968;scuola dell'infanzia di varone;scuola dell'infanzia di varone;;paritaria/equiparata;;;luisa fontanari;via sega, 5 38066;riva del garda;0464521350;;varone.presidente@fpsm.tn.it;;varone.segretario@fpsm.tn.it;;;https://www.vivoscuola.it/content/view/full/30201;school;https://it.wikipedia.org/wiki/Riva_del_Garda;https://www.vivoscuola.it/content/view/full/30202
969;scuola dell'infanzia di vermiglio;;scuola dell'infanzia;paritaria/equiparata;;;roberta bertolas;via di s pietro, 26 38029;vermiglio;0463758141;;vermiglio.presidente@fpsm.tn.it;;vermiglio.segretario@fpsm.tn.it;;;https://www.vivoscuola.it/content/view/full/30203;institute;https://it.wikipedia.org/wiki/Vermiglio_(Italia);
970;scuola dell'infanzia di vermiglio;scuola dell'infanzia di vermiglio;;paritaria/equiparata;;;roberta bertolas;via di s pietro, 26 38029;vermiglio;0463758141;;vermiglio.presidente@fpsm.tn.it;;vermiglio.segretario@fpsm.tn.it;;;https://www.vivoscuola.it/content/view/full/30203;school;https://it.wikipedia.org/wiki/Vermiglio_(Italia);https://www.vivoscuola.it/content/view/full/30204
971;scuola dell'infanzia di vezzano;;scuola dell'infanzia;paritaria/equiparata;;;sandra ciappi;via dante - vezzano, 24 38070;vallelaghi;0461864918;;vezzano.presidente@fpsm.tn.it;;vezzano.segretario@fpsm.tn.it;;;https://www.vivoscuola.it/content/view/full/30205;institute;https://it.wikipedia.org/wiki/Vallelaghi;
972;scuola dell'infanzia di vezzano;scuola dell'infanzia di vezzano;;paritaria/equiparata;;;sandra ciappi;via dante - vezzano, 24 38070;vallelaghi;0461864918;;vezzano.presidente@fpsm.tn.it;;vezzano.segretario@fpsm.tn.it;;;https://www.vivoscuola.it/content/view/full/30205;school;https://it.wikipedia.org/wiki/Vallelaghi;https://www.vivoscuola.it/content/view/full/30206
973;scuola dell'infanzia di vigo cavedine;;scuola dell'infanzia;paritaria/equiparata;;;gianna angeli;via scuola materna, 1 38073;cavedine;0461566061;;vigo.cavedine.presidente@fpsm.tn.it;;vigo.cavedine.segretario@fpsm.tn.it;;;https://www.vivoscuola.it/content/view/full/30207;institute;https://it.wikipedia.org/wiki/Cavedine;
974;scuola dell'infanzia di vigo cavedine;scuola dell'infanzia di vigo cavedine;;paritaria/equiparata;;;gianna angeli;via scuola materna, 1 38073;cavedine;0461566061;;vigo.cavedine.presidente@fpsm.tn.it;;vigo.cavedine.segretario@fpsm.tn.it;;;https://www.vivoscuola.it/content/view/full/30207;school;https://it.wikipedia.org/wiki/Cavedine;https://www.vivoscuola.it/content/view/full/30208
975;scuola dell'infanzia di vigo cortesano;;scuola dell'infanzia;paritaria/equiparata;;;carmen fattori;via madonna dei prati, 3 38121;trento;0461448252;;vigo.meano.presidente@fpsm.tn.it;;vigo.meano.segretario@fpsm.tn.it;;;https://www.vivoscuola.it/content/view/full/30209;institute;https://it.wikipedia.org/wiki/Trento;
976;scuola dell'infanzia di vigo cortesano;scuola dell'infanzia di vigo cortesano;;paritaria/equiparata;;;carmen fattori;via madonna dei prati, 3 38121;trento;0461448252;;vigo.meano.presidente@fpsm.tn.it;;vigo.meano.segretario@fpsm.tn.it;;;https://www.vivoscuola.it/content/view/full/30209;school;https://it.wikipedia.org/wiki/Trento;https://www.vivoscuola.it/content/view/full/30210
977;scuola dell'infanzia di vigo di fassa;;scuola dell'infanzia;paritaria/equiparata;;;sara de zolt;strada giuseppe soraperra - pozza di fassa, 4 38036;san giovanni di fassa;0462763194;;vigo.fassa.presidente@fpsm.tn.it;;vigo.fassa.segretario@fpsm.tn.it;;;https://www.vivoscuola.it/content/view/full/30213;institute;https://it.wikipedia.org/wiki/San_Giovanni_di_Fassa;
978;scuola dell'infanzia di vigo di fassa;scuola dell'infanzia di vigo di fassa;;paritaria/equiparata;;;sara de zolt;strada giuseppe soraperra - pozza di fassa, 4 38036;san giovanni di fassa;0462763194;;vigo.fassa.presidente@fpsm.tn.it;;vigo.fassa.segretario@fpsm.tn.it;;;https://www.vivoscuola.it/content/view/full/30213;school;https://it.wikipedia.org/wiki/San_Giovanni_di_Fassa;https://www.vivoscuola.it/content/view/full/30214
979;scuola dell'infanzia di vigo di ton;;scuola dell'infanzia;paritaria/equiparata;;;elena ricci;piazza guardi, 7 38010;ton;0461657897;;vigo.ton.segretario@fpsm.tn.it;;vigo.ton.segretario@fpsm.tn.it;;;https://www.vivoscuola.it/content/view/full/30215;institute;https://it.wikipedia.org/wiki/Ton;
980;scuola dell'infanzia di vigo di ton;scuola dell'infanzia di vigo di ton;;paritaria/equiparata;;;elena ricci;piazza guardi, 7 38010;ton;0461657897;;vigo.ton.segretario@fpsm.tn.it;;vigo.ton.segretario@fpsm.tn.it;;;https://www.vivoscuola.it/content/view/full/30215;school;https://it.wikipedia.org/wiki/Ton;https://www.vivoscuola.it/content/view/full/30216
981;scuola dell'infanzia di vigo lomaso;;scuola dell'infanzia;paritaria/equiparata;;;lorenzo santorum;frazione vigo lomaso - lomaso, 1 38070;comano terme;0465701249;;vigo.lomaso.presidente@fpsm.tn.it;;vigo.lomaso.segretario@fpsm.tn.it;;;https://www.vivoscuola.it/content/view/full/30211;institute;https://it.wikipedia.org/wiki/Comano_Terme;
982;scuola dell'infanzia di vigo lomaso;scuola dell'infanzia di vigo lomaso;;paritaria/equiparata;;;lorenzo santorum;frazione vigo lomaso - lomaso, 1 38070;comano terme;0465701249;;vigo.lomaso.presidente@fpsm.tn.it;;vigo.lomaso.segretario@fpsm.tn.it;;;https://www.vivoscuola.it/content/view/full/30211;school;https://it.wikipedia.org/wiki/Comano_Terme;https://www.vivoscuola.it/content/view/full/30212
983;scuola dell'infanzia di villa lagarina;;scuola dell'infanzia;paritaria/equiparata;;;roberta medeghini;via monsignor gosetti, 3 38060;villa lagarina;0464411101;;villalagarina.presidente@fpsm.tn.it;;villalagarina.segretario@fpsm.tn.it;;;https://www.vivoscuola.it/content/view/full/30217;institute;https://it.wikipedia.org/wiki/Villa_Lagarina;
984;scuola dell'infanzia di villa lagarina;scuola dell'infanzia di villa lagarina;;paritaria/equiparata;;;roberta medeghini;via monsignor gosetti, 3 38060;villa lagarina;0464411101;;villalagarina.presidente@fpsm.tn.it;;villalagarina.segretario@fpsm.tn.it;;;https://www.vivoscuola.it/content/view/full/30217;school;https://it.wikipedia.org/wiki/Villa_Lagarina;https://www.vivoscuola.it/content/view/full/30218
985;scuola dell'infanzia di villamontagna;;scuola dell'infanzia;paritaria/equiparata;;;carmen fattori;via dei carli, 16 38121;trento;0461209045;;villamontagna.segretario@fpsm.tn.it;;villamontagna.segretario@fpsm.tn.it;;;https://www.vivoscuola.it/content/view/full/30219;institute;https://it.wikipedia.org/wiki/Trento;
986;scuola dell'infanzia di villamontagna;scuola dell'infanzia di villamontagna;;paritaria/equiparata;;;carmen fattori;via dei carli, 16 38121;trento;0461209045;;villamontagna.segretario@fpsm.tn.it;;villamontagna.segretario@fpsm.tn.it;;;https://www.vivoscuola.it/content/view/full/30219;school;https://it.wikipedia.org/wiki/Trento;https://www.vivoscuola.it/content/view/full/30220
987;scuola dell'infanzia di villazzano;;scuola dell'infanzia;paritaria/equiparata;;;ivana leonardelli;via giordano, 15 38123;trento;0461920382;;villazzano.segretario@fpsm.tn.it;;villazzano.segretario@fpsm.tn.it;;;https://www.vivoscuola.it/content/view/full/30221;institute;https://it.wikipedia.org/wiki/Trento;
988;scuola dell'infanzia di villazzano;scuola dell'infanzia di villazzano;;paritaria/equiparata;;;ivana leonardelli;via giordano, 15 38123;trento;0461920382;;villazzano.segretario@fpsm.tn.it;;villazzano.segretario@fpsm.tn.it;;;https://www.vivoscuola.it/content/view/full/30221;school;https://it.wikipedia.org/wiki/Trento;https://www.vivoscuola.it/content/view/full/30222
989;scuola dell'infanzia di volano;;scuola dell'infanzia;paritaria/equiparata;;;silvano medves;via s maria, 13 38060;volano;0464411516;;volano.segretario@fpsm.tn.it;;volano.segretario@fpsm.tn.it;;;https://www.vivoscuola.it/content/view/full/30223;institute;https://it.wikipedia.org/wiki/Volano_(Italia);
990;scuola dell'infanzia di volano;scuola dell'infanzia di volano;;paritaria/equiparata;;;silvano medves;via s maria, 13 38060;volano;0464411516;;volano.segretario@fpsm.tn.it;;volano.segretario@fpsm.tn.it;;;https://www.vivoscuola.it/content/view/full/30223;school;https://it.wikipedia.org/wiki/Volano_(Italia);https://www.vivoscuola.it/content/view/full/30224
991;scuola dell'infanzia di ziano di fiemme;;scuola dell'infanzia;paritaria/equiparata;;;sara de zolt;piazza italia, 8 38030;ziano di fiemme;3703621992;;ziano.presidente@fpsm.tn.it;;ziano.segretario@fpsm.tn.it;;;https://www.vivoscuola.it/content/view/full/30225;institute;https://it.wikipedia.org/wiki/Ziano_di_Fiemme;
992;scuola dell'infanzia di ziano di fiemme;scuola dell'infanzia di ziano di fiemme;;paritaria/equiparata;;;sara de zolt;piazza italia, 8 38030;ziano di fiemme;3703621992;;ziano.presidente@fpsm.tn.it;;ziano.segretario@fpsm.tn.it;;;https://www.vivoscuola.it/content/view/full/30225;school;https://it.wikipedia.org/wiki/Ziano_di_Fiemme;https://www.vivoscuola.it/content/view/full/30226
993;scuola ladina di fassa - scola ladina de fascia;;istituzione scolastica e formativa;a carattere statale/provinciale;federico corradini;;;strada giuseppe soraperra - pozza di fassa, 6 38036;san giovanni di fassa;0462763702;0462/760001;scuolaladinadifassa@pec.provincia.tn.it;dir.scuolaladinadifassa@scuole.provincia.tn.it;segr.scuolaladinadifassa@scuole.provincia.tn.it;https://www.scuolaladina.com/;tnic85000q;https://www.vivoscuola.it/content/view/full/29907;institute;https://it.wikipedia.org/wiki/San_Giovanni_di_Fassa;
994;scuola ladina di fassa - scola ladina de fascia;liceo artistico;;a carattere statale/provinciale;federico corradini;;;strada dolomites - pozza di fassa, 7 38036;san giovanni di fassa;0462763702;0462/760001;scuolaladinadifassa@pec.provincia.tn.it;dir.scuolaladinadifassa@scuole.provincia.tn.it;segr.scuolaladinadifassa@scuole.provincia.tn.it;https://www.scuolaladina.com/;tnsd010009;https://www.vivoscuola.it/content/view/full/29907;school;https://it.wikipedia.org/wiki/San_Giovanni_di_Fassa;https://www.vivoscuola.it/content/view/full/29908
995;scuola ladina di fassa - scola ladina de fascia;liceo ladino delle lingue;;a carattere statale/provinciale;federico corradini;;;strada de pra del monech, 6 38036;san giovanni di fassa;0462763702;0462/760001;scuolaladinadifassa@pec.provincia.tn.it;dir.scuolaladinadifassa@scuole.provincia.tn.it;segr.scuolaladinadifassa@scuole.provincia.tn.it;https://www.scuolaladina.com/;tnps09000q;https://www.vivoscuola.it/content/view/full/29907;school;https://it.wikipedia.org/wiki/San_Giovanni_di_Fassa;https://www.vivoscuola.it/content/view/full/29909
996;scuola ladina di fassa - scola ladina de fascia;liceo scientifico;;a carattere statale/provinciale;federico corradini;;;strada de pra del monech, 6 38036;san giovanni di fassa;0462763702;0462/760001;scuolaladinadifassa@pec.provincia.tn.it;dir.scuolaladinadifassa@scuole.provincia.tn.it;segr.scuolaladinadifassa@scuole.provincia.tn.it;https://www.scuolaladina.com/;tnps09000q;https://www.vivoscuola.it/content/view/full/29907;school;https://it.wikipedia.org/wiki/San_Giovanni_di_Fassa;https://www.vivoscuola.it/content/view/full/29910
997;scuola ladina di fassa - scola ladina de fascia;"scuola primaria ""don g. b. massar"" vigo di fassa";;a carattere statale/provinciale;federico corradini;;;piaz jan batista massar - vigo di fassa, 14 38039;san giovanni di fassa;0462763702;0462/760001;scuolaladinadifassa@pec.provincia.tn.it;dir.scuolaladinadifassa@scuole.provincia.tn.it;segr.scuolaladinadifassa@scuole.provincia.tn.it;https://www.scuolaladina.com/;tnee850063;https://www.vivoscuola.it/content/view/full/29907;school;https://it.wikipedia.org/wiki/San_Giovanni_di_Fassa;https://www.vivoscuola.it/content/view/full/29911
998;scuola ladina di fassa - scola ladina de fascia;"scuola primaria ""don l. gross"" pozza di fassa";;a carattere statale/provinciale;federico corradini;;;strada de bagnes - pozza di fassa, 10 38036;san giovanni di fassa;0462763702;0462/760001;scuolaladinadifassa@pec.provincia.tn.it;dir.scuolaladinadifassa@scuole.provincia.tn.it;segr.scuolaladinadifassa@scuole.provincia.tn.it;https://www.scuolaladina.com/;tnee85003x;https://www.vivoscuola.it/content/view/full/29907;school;https://it.wikipedia.org/wiki/San_Giovanni_di_Fassa;https://www.vivoscuola.it/content/view/full/29912
999;scuola ladina di fassa - scola ladina de fascia;"scuola primaria ""g. rizzi"" canazei";;a carattere statale/provinciale;federico corradini;;;via de magoa, 15 38032;canazei;0462763702;0462/760001;scuolaladinadifassa@pec.provincia.tn.it;dir.scuolaladinadifassa@scuole.provincia.tn.it;segr.scuolaladinadifassa@scuole.provincia.tn.it;https://www.scuolaladina.com/;tnee85001t;https://www.vivoscuola.it/content/view/full/29907;school;https://it.wikipedia.org/wiki/Canazei;https://www.vivoscuola.it/content/view/full/29913
1000;scuola ladina di fassa - scola ladina de fascia;"scuola primaria ""padre e. chiocchetti"" moena";;a carattere statale/provinciale;federico corradini;;;strada don giovanni iori, 19 38035;moena;0462763702;0462/760001;scuolaladinadifassa@pec.provincia.tn.it;dir.scuolaladinadifassa@scuole.provincia.tn.it;segr.scuolaladinadifassa@scuole.provincia.tn.it;https://www.scuolaladina.com/;tnee85002v;https://www.vivoscuola.it/content/view/full/29907;school;https://it.wikipedia.org/wiki/Moena;https://www.vivoscuola.it/content/view/full/29914
1001;scuola ladina di fassa - scola ladina de fascia;"scuola secondaria di primo grado ""don g. jori"" moena";;a carattere statale/provinciale;federico corradini;;;strada don giovanni iori, 19 38035;moena;0462763702;0462/760001;scuolaladinadifassa@pec.provincia.tn.it;dir.scuolaladinadifassa@scuole.provincia.tn.it;segr.scuolaladinadifassa@scuole.provincia.tn.it;https://www.scuolaladina.com/;tnmm85002t;https://www.vivoscuola.it/content/view/full/29907;school;https://it.wikipedia.org/wiki/Moena;https://www.vivoscuola.it/content/view/full/29915
1002;scuola ladina di fassa - scola ladina de fascia;"scuola secondaria di primo grado ""t. soraruf"" campitello di fassa";;a carattere statale/provinciale;federico corradini;;;strèda de marin, 3/a 38031;campitello di fassa;0462763702;0462/760001;scuolaladinadifassa@pec.provincia.tn.it;dir.scuolaladinadifassa@scuole.provincia.tn.it;segr.scuolaladinadifassa@scuole.provincia.tn.it;https://www.scuolaladina.com/;tnmm85001r;https://www.vivoscuola.it/content/view/full/29907;school;https://it.wikipedia.org/wiki/Campitello_di_Fassa;https://www.vivoscuola.it/content/view/full/29916
1003;scuola ladina di fassa - scola ladina de fascia;scuola secondaria di primo grado pozza di fassa;;a carattere statale/provinciale;federico corradini;;;strada dolomites - pozza di fassa, 67 38036;san giovanni di fassa;0462763702;0462/760001;scuolaladinadifassa@pec.provincia.tn.it;dir.scuolaladinadifassa@scuole.provincia.tn.it;segr.scuolaladinadifassa@scuole.provincia.tn.it;https://www.scuolaladina.com/;tnmm85003v;https://www.vivoscuola.it/content/view/full/29907;school;https://it.wikipedia.org/wiki/San_Giovanni_di_Fassa;https://www.vivoscuola.it/content/view/full/29917
1004;scuola paritaria la vela - fondazione famiglia materna - rovereto;;istituzione scolastica e formativa;paritaria/equiparata;stefania nicolli;;;via saibanti, 6 38068;rovereto;0464434047;;segreteria@lavela.famigliamaterna.it;direzione@lavela.famigliamaterna.it;segreteria@scuolalavela.it;https://www.scuolalavela.it;;https://www.vivoscuola.it/content/view/full/29241;institute;https://it.wikipedia.org/wiki/Rovereto;
1005;scuola paritaria la vela - fondazione famiglia materna - rovereto;"scuola primaria ""la vela"" rovereto";;paritaria/equiparata;stefania nicolli;;;via saibanti, 6 38068;rovereto;0464434047;;segreteria@lavela.famigliamaterna.it;direzione@lavela.famigliamaterna.it;segreteria@scuolalavela.it;https://www.scuolalavela.it;tn1e00700t;https://www.vivoscuola.it/content/view/full/29241;school;https://it.wikipedia.org/wiki/Rovereto;https://www.vivoscuola.it/content/view/full/29242
1006;scuola paritaria la vela - fondazione famiglia materna - rovereto;"scuola secondaria di primo grado ""la vela"" rovereto";;paritaria/equiparata;stefania nicolli;;;via saibanti, 6 38068;rovereto;0464435746;;amministrazione@scuolalavela.it;direzione@lavela.famigliamaterna.it;segreteria@scuolalavela.it;https://www.scuolalavela.it;tn1m00900p;https://www.vivoscuola.it/content/view/full/29241;school;https://it.wikipedia.org/wiki/Rovereto;https://www.vivoscuola.it/content/view/full/29243
1007;"societa' cooperativa a r.l. ""i. de carneri"" oxford civezzano";;istituzione scolastica e formativa;paritaria/equiparata;giovanni scalfi;claudio march;;via murialdo, 30 38045;civezzano;0461857003;0461/857284;oxford@pec.cooperazionetrentina.it;;info@istitutodecarneri.it;https://www.istitutodecarneri.it;;https://www.vivoscuola.it/content/view/full/29918;institute;https://it.wikipedia.org/wiki/Civezzano;
1008;"societa' cooperativa a r.l. ""i. de carneri"" oxford civezzano";istituto professionale per il settore dei servizi;;paritaria/equiparata;giovanni scalfi;claudio march;;via murialdo, 30 38045;civezzano;0461857003;0461/857284;oxford@pec.cooperazionetrentina.it;;info@istitutodecarneri.it;https://www.istitutodecarneri.it;tnri015007;https://www.vivoscuola.it/content/view/full/29918;school;https://it.wikipedia.org/wiki/Civezzano;https://www.vivoscuola.it/content/view/full/29919
1009;"societa' cooperativa a r.l. ""i. de carneri"" oxford civezzano";istituto tecnico per il settore economico;;paritaria/equiparata;giovanni scalfi;claudio march;;via murialdo, 30 38045;civezzano;0461857003;0461/857284;oxford@pec.cooperazionetrentina.it;;info@istitutodecarneri.it;https://www.istitutodecarneri.it;tntn01500q;https://www.vivoscuola.it/content/view/full/29918;school;https://it.wikipedia.org/wiki/Civezzano;https://www.vivoscuola.it/content/view/full/29920
1010;"societa' cooperativa a r.l. ""i. de carneri"" oxford civezzano";istituto tecnico per il settore tecnologico;;paritaria/equiparata;giovanni scalfi;claudio march;;via murialdo, 30 38045;civezzano;0461857003;0461/857284;oxford@pec.cooperazionetrentina.it;;info@istitutodecarneri.it;https://www.istitutodecarneri.it;tnte045005;https://www.vivoscuola.it/content/view/full/29918;school;https://it.wikipedia.org/wiki/Civezzano;https://www.vivoscuola.it/content/view/full/29921
1011;"societa' cooperativa a r.l. ""i. de carneri"" oxford civezzano";settore servizi;;paritaria/equiparata;giovanni scalfi;claudio march;;via murialdo, 30 38045;civezzano;0461857003;0461/857284;oxford@pec.cooperazionetrentina.it;;info@istitutodecarneri.it;https://www.istitutodecarneri.it;tnfp269sta;https://www.vivoscuola.it/content/view/full/29918;school;https://it.wikipedia.org/wiki/Civezzano;https://www.vivoscuola.it/content/view/full/29922
