istituto principale;scuola;tipo istituto;tipo gestione;dirigente;direttore;coordinatore pedagogico;indirizzo;comune;telefono;fax;email istituto;email dirigenza;email segreteria;sito web;codice miur
associazione rudolf steiner per la pedagogia aps - rovereto;asilo colle fiorito;;paritaria/equiparata;;;;via stazione mori, 10 38068;rovereto;0464 434899;;;;;;
circolo di coordinamento n. 4;"scuola dell'infanzia di cimone ""mamma teresa""";;a carattere statale/provinciale;;;rita ferenzena;frazione petrolli, 37 38060;cimone;0461/855216;0461/496950;scuolainfanzia.cimone@scuole.provincia.tn.it;;circolo.coordinamento04@provincia.tn.it;;
circolo di coordinamento n. 4;"scuola dell'infanzia di trento  ""torrione""";;a carattere statale/provinciale;;;rita ferenzena;via al torrione, 10 38122;trento;0461/232554;0461/496950;scuolainfanzia.torrione@scuole.provincia.tn.it;;circolo.coordinamento04@provincia.tn.it;;
circolo di coordinamento n. 4;"scuola dell'infanzia di trento  mattarello  ""il castello""";;a carattere statale/provinciale;;;rita ferenzena;via del castel, 1/a 38123;trento;0461/945095;0461/496950;scuolainfanzia.mattarello@scuole.provincia.tn.it;;circolo.coordinamento04@provincia.tn.it;;
scuola dell'infanzia di vigo di fassa;scuola dell'infanzia di vigo di fassa;;paritaria/equiparata;;;sara de zolt;strada giuseppe soraperra - pozza di fassa, 4 38036;san giovanni di fassa - sen jan;0462-763194;;vigo.fassa.presidente@fpsm.tn.it;;vigo.fassa.segretario@fpsm.tn.it;;
scuola dell'infanzia di vigo di ton;;scuola dell'infanzia;paritaria/equiparata;;;elena ricci;piazza guardi, 7 38010;ton;0461-657897;;vigo.ton.segretario@fpsm.tn.it;;vigo.ton.segretario@fpsm.tn.it;;
scuola dell'infanzia di vigo di ton;scuola dell'infanzia di vigo di ton;;paritaria/equiparata;;;elena ricci;piazza guardi, 7 38010;ton;0461-657897;;vigo.ton.segretario@fpsm.tn.it;;vigo.ton.segretario@fpsm.tn.it;;
scuola dell'infanzia di villamontagna;;scuola dell'infanzia;paritaria/equiparata;;;carmen fattori;via dei carli, 16 38121;trento;0461-209045;;villamontagna.segretario@fpsm.tn.it;;villamontagna.segretario@fpsm.tn.it;;
scuola dell'infanzia di villamontagna;scuola dell'infanzia di villamontagna;;paritaria/equiparata;;;carmen fattori;via dei carli, 16 38121;trento;0461-209045;;villamontagna.segretario@fpsm.tn.it;;villamontagna.segretario@fpsm.tn.it;;
scuola dell'infanzia di villazzano;;scuola dell'infanzia;paritaria/equiparata;;;ivana leonardelli;via giordano, 15 38123;trento;0461-920382;;villazzano.segretario@fpsm.tn.it;;villazzano.segretario@fpsm.tn.it;;
scuola dell'infanzia di volano;;scuola dell'infanzia;paritaria/equiparata;;;silvano medves;via s maria, 13 38060;volano;0464-411516;;volano.segretario@fpsm.tn.it;;volano.segretario@fpsm.tn.it;;
scuola dell'infanzia di volano;scuola dell'infanzia di volano;;paritaria/equiparata;;;silvano medves;via s maria, 13 38060;volano;0464-411516;;volano.segretario@fpsm.tn.it;;volano.segretario@fpsm.tn.it;;
scuola dell'infanzia di aldeno;scuola dell'infanzia di aldeno;;paritaria/equiparata;;;sandra ciappi;via xxv aprile, 5 38060;aldeno;0461-842597;;aldeno.presidente@fpsm.tn.it;;aldeno.segretario@fpsm.tn.it;;
scuola dell'infanzia di andalo;;scuola dell'infanzia;paritaria/equiparata;;;elena ricci;via paganella, 5 38010;andalo;0461-585898;;andalo.presidente@fpsm.tn.it;;andalo.segretario@fpsm.tn.it;;
scuola dell'infanzia di andalo;scuola dell'infanzia di andalo;;paritaria/equiparata;;;elena ricci;via paganella, 5 38010;andalo;0461-585898;;andalo.presidente@fpsm.tn.it;;andalo.segretario@fpsm.tn.it;;
scuola dell'infanzia di arco;;scuola dell'infanzia;paritaria/equiparata;;;gianna angeli;viale capitelli, 16 38062;arco;0464-516369;;arco.segretario@fpsm.tn.it;;arco.segretario@fpsm.tn.it;;
scuola dell'infanzia di arco;scuola dell'infanzia di arco;;paritaria/equiparata;;;gianna angeli;viale capitelli, 16 38062;arco;0464-516369;;arco.segretario@fpsm.tn.it;;arco.segretario@fpsm.tn.it;;
scuola dell'infanzia di avio;;scuola dell'infanzia;paritaria/equiparata;;;francesca vareschi;via dante, 5 38063;avio;0464-684102;;avio.presidente@fpsm.tn.it;;avio.segretario@fpsm.tn.it;;
scuola dell'infanzia di avio;scuola dell'infanzia di avio;;paritaria/equiparata;;;francesca vareschi;via dante, 5 38063;avio;0464-684102;;avio.presidente@fpsm.tn.it;;avio.segretario@fpsm.tn.it;;
scuola dell'infanzia di barco di levico;;scuola dell'infanzia;paritaria/equiparata;;;mariangela simoncini;via di s taddeo, 8 38056;levico terme;0461-707295;;barco.presidente@fpsm.tn.it;;barco.segretario@fpsm.tn.it;;
scuola dell'infanzia di barco di levico;scuola dell'infanzia di barco di levico;;paritaria/equiparata;;;mariangela simoncini;via di s taddeo, 8 38056;levico terme;0461-707295;;barco.presidente@fpsm.tn.it;;barco.segretario@fpsm.tn.it;;
scuola dell'infanzia di bolognano;;scuola dell'infanzia;paritaria/equiparata;;;gianna angeli;piazza vittoria, 1 38062;arco;0464-516315;;bolognano.presidente@fpsm.tn.it;;bolognano.segretario@fpsm.tn.it;;
scuola dell'infanzia di bolognano;scuola dell'infanzia di bolognano;;paritaria/equiparata;;;gianna angeli;piazza vittoria, 1 38062;arco;0464-516315;;bolognano.presidente@fpsm.tn.it;;bolognano.segretario@fpsm.tn.it;;
scuola dell'infanzia di borgo sacco;;scuola dell'infanzia;paritaria/equiparata;;;roberta medeghini;via fedrigotti, 9 38068;rovereto;0464-430541;;borgo.sacco.presidente@fpsm.tn.it;;borgo.sacco.segretario@fpsm.tn.it;;
scuola dell'infanzia di borgo sacco;scuola dell'infanzia di borgo sacco;;paritaria/equiparata;;;roberta medeghini;via fedrigotti, 9 38068;rovereto;0464-430541;;borgo.sacco.presidente@fpsm.tn.it;;borgo.sacco.segretario@fpsm.tn.it;;
scuola dell'infanzia di borgo valsugana;;scuola dell'infanzia;paritaria/equiparata;;;paola sangiorgi;piazza romani, 8 38051;borgo valsugana;0461-754771;;borgo.valsugana.presidente@fpsm.tn.it;;borgo.valsugana.segretario@fpsm.tn.it;;
scuola dell'infanzia di borgo valsugana;scuola dell'infanzia di borgo valsugana;;paritaria/equiparata;;;paola sangiorgi;piazza romani, 8 38051;borgo valsugana;0461-754771;;borgo.valsugana.presidente@fpsm.tn.it;;borgo.valsugana.segretario@fpsm.tn.it;;
scuola dell'infanzia di brentonico;;scuola dell'infanzia;paritaria/equiparata;;;francesca vareschi;via mantova, 5 38060;brentonico;0464-395628;;brentonico.segretario@fpsm.tn.it;;brentonico.segretario@fpsm.tn.it;;
scuola dell'infanzia di brentonico;scuola dell'infanzia di brentonico;;paritaria/equiparata;;;francesca vareschi;via mantova, 5 38060;brentonico;0464-395628;;brentonico.segretario@fpsm.tn.it;;brentonico.segretario@fpsm.tn.it;;
scuola dell'infanzia di calceranica;;scuola dell'infanzia;paritaria/equiparata;;;mariangela simoncini;via cavour, 2 38050;calceranica al lago;0461-723325;;calceranica.contabile@fpsm.tn.it;;calceranica.segretario@fpsm.tn.it;;
scuola dell'infanzia di calceranica;scuola dell'infanzia di calceranica;;paritaria/equiparata;;;mariangela simoncini;via cavour, 2 38050;calceranica al lago;0461-723325;;calceranica.contabile@fpsm.tn.it;;calceranica.segretario@fpsm.tn.it;;
scuola dell'infanzia di campitello di fassa;;scuola dell'infanzia;paritaria/equiparata;;;sara de zolt;strèda sènc felip e giacum, 9 38031;campitello di fassa - ciampedel;0462-750470;;campitello.presidente@fpsm.tn.it;;campitello.segretario@fpsm.tn.it;;
scuola dell'infanzia di campitello di fassa;scuola dell'infanzia di campitello di fassa;;paritaria/equiparata;;;sara de zolt;strèda sènc felip e giacum, 9 38031;campitello di fassa - ciampedel;0462-750470;;campitello.presidente@fpsm.tn.it;;campitello.segretario@fpsm.tn.it;;
scuola dell'infanzia di campodenno;;scuola dell'infanzia;paritaria/equiparata;;;ute pancher;via s maurizio, 3 38010;campodenno;0461-655166;;campodenno.presidente@fpsm.tn.it;;campodenno.segretario@fpsm.tn.it;;
scuola dell'infanzia di campodenno;scuola dell'infanzia di campodenno;;paritaria/equiparata;;;ute pancher;via s maurizio, 3 38010;campodenno;0461-655166;;campodenno.presidente@fpsm.tn.it;;campodenno.segretario@fpsm.tn.it;;
scuola dell'infanzia di carano;;scuola dell'infanzia;paritaria/equiparata;;;tiziana ceol;via giovanelli, 40 38033;ville di fiemme;0462-341759;;carano.presidente@fpsm.tn.it;;carano.segretario@fpsm.tn.it;;
scuola dell'infanzia di nave san rocco;scuola dell'infanzia di nave san rocco;;paritaria/equiparata;;;pamela tomaselli;via iv novembre, 34/a 38010;terre d'adige;0461-870656;;nave.presidente@fpsm.tn.it;;nave.segretario@fpsm.tn.it;;
scuola dell'infanzia di nomi;;scuola dell'infanzia;paritaria/equiparata;;;roberta medeghini;via baroni del moll, 2 38060;nomi;0464-835294;;nomi.segretario@fpsm.tn.it;;nomi.segretario@fpsm.tn.it;;
scuola dell'infanzia di nomi;scuola dell'infanzia di nomi;;paritaria/equiparata;;;roberta medeghini;via baroni del moll, 2 38060;nomi;0464-835294;;nomi.segretario@fpsm.tn.it;;nomi.segretario@fpsm.tn.it;;
scuola dell'infanzia di padergnone;;scuola dell'infanzia;paritaria/equiparata;;;sandra ciappi;via alle cime - padergnone, 14 38070;vallelaghi;0461-864358;;padergnone.presidente@fpsm.tn.it;;padergnone.segretario@fpsm.tn.it;;
scuola dell'infanzia di padergnone;scuola dell'infanzia di padergnone;;paritaria/equiparata;;;sandra ciappi;via alle cime - padergnone, 14 38070;vallelaghi;0461-864358;;padergnone.presidente@fpsm.tn.it;;padergnone.segretario@fpsm.tn.it;;
scuola dell'infanzia di pedersano;;scuola dell'infanzia;paritaria/equiparata;;;roberta medeghini;via s antonio, 1 38060;villa lagarina;0464-412151;;pedersano.presidente@fpsm.tn.it;;pedersano.segretario@fpsm.tn.it;;
scuola dell'infanzia di pedersano;scuola dell'infanzia di pedersano;;paritaria/equiparata;;;roberta medeghini;via s antonio, 1 38060;villa lagarina;0464-412151;;pedersano.presidente@fpsm.tn.it;;pedersano.segretario@fpsm.tn.it;;
scuola dell'infanzia di pietramurata;;scuola dell'infanzia;paritaria/equiparata;;;gianna angeli;piazza mercato, 11 38074;dro;0464-507142;;pietramurata.presidente@fpsm.tn.it;;pietramurata.segretario@fpsm.tn.it;;
scuola dell'infanzia di pietramurata;scuola dell'infanzia di pietramurata;;paritaria/equiparata;;;gianna angeli;piazza mercato, 11 38074;dro;0464-507142;;pietramurata.presidente@fpsm.tn.it;;pietramurata.segretario@fpsm.tn.it;;
scuola dell'infanzia di pieve tesino;;scuola dell'infanzia;paritaria/equiparata;;;daniela dalcastagne';via fratelli rizza', 14 38050;pieve tesino;0461-594733;;pieve.tesino.presidente@fpsm.tn.it;;pieve.tesino.segretario@fpsm.tn.it;;
scuola dell'infanzia di pieve tesino;scuola dell'infanzia di pieve tesino;;paritaria/equiparata;;;daniela dalcastagne';via fratelli rizza', 14 38050;pieve tesino;0461-594733;;pieve.tesino.presidente@fpsm.tn.it;;pieve.tesino.segretario@fpsm.tn.it;;
scuola dell'infanzia di pieve di bono;;scuola dell'infanzia;paritaria/equiparata;;;alessandra pomilio;via fiera - creto - pieve di bono, 9/b 38085;pieve di bono-prezzo;0465-674083;;pieve.bono.presidente@fpsm.tn.it;;pieve.bono.segretario@fpsm.tn.it;;
scuola dell'infanzia di pieve di bono;scuola dell'infanzia di pieve di bono;;paritaria/equiparata;;;alessandra pomilio;via fiera - creto - pieve di bono, 9/b 38085;pieve di bono-prezzo;0465-674083;;pieve.bono.presidente@fpsm.tn.it;;pieve.bono.segretario@fpsm.tn.it;;
scuola dell'infanzia di pilcante;;scuola dell'infanzia;paritaria/equiparata;;;francesca vareschi;piazza vittorio veneto - pilcante, 19 38061;ala;0464-672588;;pilcante.presidente@fpsm.tn.it;;pilcante.segretario@fpsm.tn.it;;
scuola dell'infanzia di pilcante;scuola dell'infanzia di pilcante;;paritaria/equiparata;;;francesca vareschi;piazza vittorio veneto - pilcante, 19 38061;ala;0464-672588;;pilcante.presidente@fpsm.tn.it;;pilcante.segretario@fpsm.tn.it;;
scuola dell'infanzia di pinzolo;;scuola dell'infanzia;paritaria/equiparata;;;alessandra pomilio;via al sole, 43 38086;pinzolo;0465-501019;;pinzolo.presidente@fpsm.tn.it;;pinzolo.segretario@fpsm.tn.it;;
scuola dell'infanzia di pinzolo;scuola dell'infanzia di pinzolo;;paritaria/equiparata;;;alessandra pomilio;via al sole, 43 38086;pinzolo;0465-501019;;pinzolo.presidente@fpsm.tn.it;;pinzolo.segretario@fpsm.tn.it;;
scuola dell'infanzia di ponte arche;;scuola dell'infanzia;paritaria/equiparata;;;lorenzo santorum;via s giovanni bosco - ponte arche - bleggio inferiore, 7 38070;comano terme;0465-702422;;ponte.arche.presidente@fpsm.tn.it;;ponte.arche.segretario@fpsm.tn.it;;
scuola dell'infanzia di ponte arche;scuola dell'infanzia di ponte arche;;paritaria/equiparata;;;lorenzo santorum;via s giovanni bosco - ponte arche - bleggio inferiore, 7 38070;comano terme;0465-702422;;ponte.arche.presidente@fpsm.tn.it;;ponte.arche.segretario@fpsm.tn.it;;
scuola dell'infanzia di povo;;scuola dell'infanzia;paritaria/equiparata;;;ivana leonardelli;via pante', 1 38123;trento;0461-810049;;povo.presidente@fpsm.tn.it;;povo.segretario@fpsm.tn.it;;
scuola dell'infanzia di povo;scuola dell'infanzia di povo;;paritaria/equiparata;;;ivana leonardelli;via pante', 1 38123;trento;0461-810049;;povo.presidente@fpsm.tn.it;;povo.segretario@fpsm.tn.it;;
scuola dell'infanzia di pozza di trambileno;;scuola dell'infanzia;paritaria/equiparata;;;roberta medeghini;frazione vanza, 50 38068;trambileno;0464-868074;;trambileno.presidente@fpsm.tn.it;;trambileno.segretario@fpsm.tn.it;;
scuola dell'infanzia di pozza di trambileno;scuola dell'infanzia di pozza di trambileno;;paritaria/equiparata;;;roberta medeghini;frazione vanza, 50 38068;trambileno;0464-868074;;trambileno.presidente@fpsm.tn.it;;trambileno.segretario@fpsm.tn.it;;
scuola dell'infanzia di pressano;;scuola dell'infanzia;paritaria/equiparata;;;pamela tomaselli;via pilati, 16 38015;lavis;0461-240394;;pressano.presidente@fpsm.tn.it;;pressano.segretario@fpsm.tn.it;;
scuola dell'infanzia di pressano;scuola dell'infanzia di pressano;;paritaria/equiparata;;;pamela tomaselli;via pilati, 16 38015;lavis;0461-240394;;pressano.presidente@fpsm.tn.it;;pressano.segretario@fpsm.tn.it;;
scuola dell'infanzia di quadra - cavrasto;;scuola dell'infanzia;paritaria/equiparata;;;lorenzo santorum;frazione larido, 10 38071;bleggio superiore;0465-779575;;quadra.cavrasto.presidente@fpsm.tn.it;;quadra.cavrasto.segretario@fpsm.tn.it;;
scuola dell'infanzia di quadra - cavrasto;scuola dell'infanzia di quadra - cavrasto;;paritaria/equiparata;;;lorenzo santorum;frazione larido, 10 38071;bleggio superiore;0465-779575;;quadra.cavrasto.presidente@fpsm.tn.it;;quadra.cavrasto.segretario@fpsm.tn.it;;
"scuola dell'infanzia di riva ""degasperi""";;scuola dell'infanzia;paritaria/equiparata;;;luisa fontanari;largo caduti delle foibe, 2 38066;riva del garda;0464-553578;;riva.rione.presidente@fpsm.tn.it;;riva.rione.segretario@fpsm.tn.it;;
"scuola dell'infanzia di riva ""degasperi""";"scuola dell'infanzia di riva  ""degasperi""";;paritaria/equiparata;;;luisa fontanari;largo caduti delle foibe, 2 38066;riva del garda;0464-553578;;riva.rione.presidente@fpsm.tn.it;;riva.rione.segretario@fpsm.tn.it;;
"scuola dell'infanzia di riva del garda  ""s. alessandro""";;scuola dell'infanzia;paritaria/equiparata;;;luisa fontanari;via s alessandro, 10 38066;riva del garda;0464-554051;;s.alessandro.presidente@fpsm.tn.it;;s.alessandro.segretario@fpsm.tn.it;;
"scuola dell'infanzia di riva del garda  ""s. alessandro""";"scuola dell'infanzia di riva del garda  ""s. alessandro""";;paritaria/equiparata;;;luisa fontanari;via s alessandro, 10 38066;riva del garda;0464-554051;;s.alessandro.presidente@fpsm.tn.it;;s.alessandro.segretario@fpsm.tn.it;;
scuola dell'infanzia di roncegno;;scuola dell'infanzia;paritaria/equiparata;;;paola sangiorgi;via baldessari, 15 38050;roncegno terme;0461-764199;;roncegno.presidente@fpsm.tn.it;;roncegno.segretario@fpsm.tn.it;;
scuola dell'infanzia di roncegno;scuola dell'infanzia di roncegno;;paritaria/equiparata;;;paola sangiorgi;via baldessari, 15 38050;roncegno terme;0461-764199;;roncegno.presidente@fpsm.tn.it;;roncegno.segretario@fpsm.tn.it;;
scuola dell'infanzia di ronchi valsugana;;scuola dell'infanzia;paritaria/equiparata;;;paola sangiorgi;via marchi, 14 38050;ronchi valsugana;0461-773197;;ronchi.valsugana.presidente@fpsm.tn.it;;ronchi.valsugana.segretario@fpsm.tn.it;;
scuola dell'infanzia di ronchi valsugana;scuola dell'infanzia di ronchi valsugana;;paritaria/equiparata;;;paola sangiorgi;via marchi, 14 38050;ronchi valsugana;0461-773197;;ronchi.valsugana.presidente@fpsm.tn.it;;ronchi.valsugana.segretario@fpsm.tn.it;;
scuola dell'infanzia di telve;;scuola dell'infanzia;paritaria/equiparata;;;paola sangiorgi;via paradiso, 1 38050;telve;0461-766315;;telve.presidente@fpsm.tn.it;;telve.segretario@fpsm.tn.it;;
scuola dell'infanzia di telve;scuola dell'infanzia di telve;;paritaria/equiparata;;;paola sangiorgi;via paradiso, 1 38050;telve;0461-766315;;telve.presidente@fpsm.tn.it;;telve.segretario@fpsm.tn.it;;
scuola dell'infanzia di tenno;;scuola dell'infanzia;paritaria/equiparata;;;luisa fontanari;via brocchetti, 53 38060;tenno;0464-503034;;tenno.presidente@fpsm.tn.it;;tenno.segretario@fpsm.tn.it;;
scuola dell'infanzia di tenno;scuola dell'infanzia di tenno;;paritaria/equiparata;;;luisa fontanari;via brocchetti, 53 38060;tenno;0464-503034;;tenno.presidente@fpsm.tn.it;;tenno.segretario@fpsm.tn.it;;
scuola dell'infanzia di tezze valsugana;;scuola dell'infanzia;paritaria/equiparata;;;daniela dalcastagne';via marconi, 8/a 38055;grigno;0461-769192;;tezze.presidente@fpsm.tn.it;;tezze.segretario@fpsm.tn.it;;
scuola dell'infanzia di tezze valsugana;scuola dell'infanzia di tezze valsugana;;paritaria/equiparata;;;daniela dalcastagne';via marconi, 8/a 38055;grigno;0461-769192;;tezze.presidente@fpsm.tn.it;;tezze.segretario@fpsm.tn.it;;
scuola dell'infanzia di tonadico;;scuola dell'infanzia;paritaria/equiparata;;;daniela dalcastagne';via fuganti - tonadico, 8 38054;primiero san martino di castrozza;0439-762062;;tonadico.segretario@fpsm.tn.it;;tonadico.segretario@fpsm.tn.it;;
scuola dell'infanzia di tonadico;scuola dell'infanzia di tonadico;;paritaria/equiparata;;;daniela dalcastagne';via fuganti - tonadico, 8 38054;primiero san martino di castrozza;0439-762062;;tonadico.segretario@fpsm.tn.it;;tonadico.segretario@fpsm.tn.it;;
scuola dell'infanzia di torbole;;scuola dell'infanzia;paritaria/equiparata;;;luisa fontanari;via don davide gioppi, 72 38069;nago-torbole;0464-505159;;torbole.presidente@fpsm.tn.it;;torbole.segretario@fpsm.tn.it;;
scuola dell'infanzia di torbole;scuola dell'infanzia di torbole;;paritaria/equiparata;;;luisa fontanari;via don davide gioppi, 72 38069;nago-torbole;0464-505159;;torbole.presidente@fpsm.tn.it;;torbole.segretario@fpsm.tn.it;;
scuola dell'infanzia di transacqua;;scuola dell'infanzia;paritaria/equiparata;;;daniela dalcastagne';piazza municipio - transacqua, 11 38054;primiero san martino di castrozza;0439-62313;;transacqua.presidente@fpsm.tn.it;;transacqua.segretario@fpsm.tn.it;;
scuola dell'infanzia di transacqua;scuola dell'infanzia di transacqua;;paritaria/equiparata;;;daniela dalcastagne';piazza municipio - transacqua, 11 38054;primiero san martino di castrozza;0439-62313;;transacqua.presidente@fpsm.tn.it;;transacqua.segretario@fpsm.tn.it;;
"scuola dell'infanzia di trento  ""pedrotti""";;scuola dell'infanzia;paritaria/equiparata;;;sandra ciappi;via asilo pedrotti, 2 38122;trento;0461-914039;;trento.pedrotti.presidente@fpsm.tn.it;;trento.pedrotti.segretario@fpsm.tn.it;;
"scuola dell'infanzia di trento  ""pedrotti""";"scuola dell'infanzia di trento  ""pedrotti""";;paritaria/equiparata;;;sandra ciappi;via asilo pedrotti, 2 38122;trento;0461-914039;;trento.pedrotti.presidente@fpsm.tn.it;;trento.pedrotti.segretario@fpsm.tn.it;;
scuola dell'infanzia di trento  s. bartolomeo;;scuola dell'infanzia;paritaria/equiparata;;;sandra ciappi;viale dei tigli, 9/1 38123;trento;0461-924555;;trento.s.bartolomeo.segretario@fpsm.tn.it;;trento.s.bartolomeo.segretario@fpsm.tn.it;;
scuola dell'infanzia di trento  s. bartolomeo;scuola dell'infanzia di trento  s. bartolomeo;;paritaria/equiparata;;;sandra ciappi;viale dei tigli, 9/1 38123;trento;0461-924555;;trento.s.bartolomeo.segretario@fpsm.tn.it;;trento.s.bartolomeo.segretario@fpsm.tn.it;;
"scuola dell'infanzia di trento cognola  ""b. kofler""";;scuola dell'infanzia;paritaria/equiparata;;;ivana leonardelli;via kofler, 10 38121;trento;0461 235069;0461 983903;cognola.segretario@fpsm.tn.it;;cognola.segretario@fpsm.tn.it;;
"scuola dell'infanzia di trento cognola  ""b. kofler""";"scuola dell'infanzia di trento cognola ""b. kofler""";;paritaria/equiparata;;;ivana leonardelli;via kofler, 10 38121;trento;0461 235069;0461 983903;cognola.segretario@fpsm.tn.it;;cognola.segretario@fpsm.tn.it;;
scuola dell'infanzia di trento la clarina;;scuola dell'infanzia;paritaria/equiparata;;;sandra ciappi;via einaudi, 66 38123;trento;0461-923464;;trento.clarina.presidente@fpsm.tn.it;;trento.clarina.segretario@fpsm.tn.it;;
scuola dell'infanzia di trento la clarina;scuola dell'infanzia di trento la clarina;;paritaria/equiparata;;;sandra ciappi;via einaudi, 66 38123;trento;0461-923464;;trento.clarina.presidente@fpsm.tn.it;;trento.clarina.segretario@fpsm.tn.it;;
"scuola dell'infanzia di trento san donà ""b. kofler""";;scuola dell'infanzia;paritaria/equiparata;;;ivana leonardelli;via per cognola, 43 38122;trento;0461 260977;0461 983903;cognola.segretario@fpsm.tn.it;;trento.san.dona.segretario@fpsm.tn.it;;
"scuola dell'infanzia di trento san donà ""b. kofler""";"scuola dell'infanzia di trento san donà ""b. kofler""";;paritaria/equiparata;;;ivana leonardelli;via per cognola, 43 38122;trento;0461 260977;0461 983903;cognola.segretario@fpsm.tn.it;;trento.san.dona.segretario@fpsm.tn.it;;
scuola dell'infanzia di varone;;scuola dell'infanzia;paritaria/equiparata;;;luisa fontanari;via sega, 5 38066;riva del garda;0464-521350;;varone.presidente@fpsm.tn.it;;varone.segretario@fpsm.tn.it;;
scuola dell'infanzia di varone;scuola dell'infanzia di varone;;paritaria/equiparata;;;luisa fontanari;via sega, 5 38066;riva del garda;0464-521350;;varone.presidente@fpsm.tn.it;;varone.segretario@fpsm.tn.it;;
scuola dell'infanzia di vermiglio;;scuola dell'infanzia;paritaria/equiparata;;;roberta bertolas;via di s pietro, 26 38029;vermiglio;0463-758141;;vermiglio.presidente@fpsm.tn.it;;vermiglio.segretario@fpsm.tn.it;;
scuola dell'infanzia di vermiglio;scuola dell'infanzia di vermiglio;;paritaria/equiparata;;;roberta bertolas;via di s pietro, 26 38029;vermiglio;0463-758141;;vermiglio.presidente@fpsm.tn.it;;vermiglio.segretario@fpsm.tn.it;;
scuola dell'infanzia di vezzano;;scuola dell'infanzia;paritaria/equiparata;;;sandra ciappi;via dante - vezzano, 24 38070;vallelaghi;0461-864918;;vezzano.presidente@fpsm.tn.it;;vezzano.segretario@fpsm.tn.it;;
scuola dell'infanzia di vezzano;scuola dell'infanzia di vezzano;;paritaria/equiparata;;;sandra ciappi;via dante - vezzano, 24 38070;vallelaghi;0461-864918;;vezzano.presidente@fpsm.tn.it;;vezzano.segretario@fpsm.tn.it;;
scuola dell'infanzia di vigo cavedine;;scuola dell'infanzia;paritaria/equiparata;;;gianna angeli;via scuola materna, 1 38073;cavedine;0461-566061;;vigo.cavedine.presidente@fpsm.tn.it;;vigo.cavedine.segretario@fpsm.tn.it;;
scuola dell'infanzia di vigo cavedine;scuola dell'infanzia di vigo cavedine;;paritaria/equiparata;;;gianna angeli;via scuola materna, 1 38073;cavedine;0461-566061;;vigo.cavedine.presidente@fpsm.tn.it;;vigo.cavedine.segretario@fpsm.tn.it;;
scuola dell'infanzia di vigo lomaso;;scuola dell'infanzia;paritaria/equiparata;;;lorenzo santorum;frazione vigo lomaso - lomaso, 1 38070;comano terme;0465-701249;;vigo.lomaso.presidente@fpsm.tn.it;;vigo.lomaso.segretario@fpsm.tn.it;;
scuola dell'infanzia di vigo lomaso;scuola dell'infanzia di vigo lomaso;;paritaria/equiparata;;;lorenzo santorum;frazione vigo lomaso - lomaso, 1 38070;comano terme;0465-701249;;vigo.lomaso.presidente@fpsm.tn.it;;vigo.lomaso.segretario@fpsm.tn.it;;
scuola dell'infanzia di vigo di fassa;;scuola dell'infanzia;paritaria/equiparata;;;sara de zolt;strada giuseppe soraperra - pozza di fassa, 4 38036;san giovanni di fassa - sen jan;0462-763194;;vigo.fassa.presidente@fpsm.tn.it;;vigo.fassa.segretario@fpsm.tn.it;;
scuola dell'infanzia di ghiaie di gardolo;scuola dell'infanzia di ghiaie di gardolo;;paritaria/equiparata;;;carmen fattori;via del loghét, 69 38121;trento;0461-990050;;ghiaie.segretario@fpsm.tn.it;;ghiaie.segretario@fpsm.tn.it;;
scuola dell'infanzia di grigno;;scuola dell'infanzia;paritaria/equiparata;;;daniela dalcastagne';via nazario sauro, 25 38055;grigno;0461-765333;;grigno.presidente@fpsm.tn.it;;grigno.segretario@fpsm.tn.it;;
scuola dell'infanzia di grigno;scuola dell'infanzia di grigno;;paritaria/equiparata;;;daniela dalcastagne';via nazario sauro, 25 38055;grigno;0461-765333;;grigno.presidente@fpsm.tn.it;;grigno.segretario@fpsm.tn.it;;
scuola dell'infanzia di ischia di pergine;;scuola dell'infanzia;paritaria/equiparata;;;mariangela simoncini;piazza delle nogare, 2 38057;pergine valsugana;0461-532285;;ischia.presidente@fpsm.tn.it;;ischia.segretario@fpsm.tn.it;;
scuola dell'infanzia di ischia di pergine;scuola dell'infanzia di ischia di pergine;;paritaria/equiparata;;;mariangela simoncini;piazza delle nogare, 2 38057;pergine valsugana;0461-532285;;ischia.presidente@fpsm.tn.it;;ischia.segretario@fpsm.tn.it;;
scuola dell'infanzia di lona;;scuola dell'infanzia;paritaria/equiparata;;;pamela tomaselli;via s rocco, 14 38040;lona-lases;0461-697101;;lona.presidente@fpsm.tn.it;;lona.segretario@fpsm.tn.it;;
scuola dell'infanzia di lona;scuola dell'infanzia di lona;;paritaria/equiparata;;;pamela tomaselli;via s rocco, 14 38040;lona-lases;0461-697101;;lona.presidente@fpsm.tn.it;;lona.segretario@fpsm.tn.it;;
scuola dell'infanzia di madonna di campiglio;;scuola dell'infanzia;paritaria/equiparata;;;alessandra pomilio;via serafini - madonna di campiglio, 13 38070;tre ville;0465-442779;0465 442779;madonna.campiglio.segretario@fpsm.tn.it;;madonna.campiglio.segretario@fpsm.tn.it;;
scuola dell'infanzia di madonna di campiglio;scuola dell'infanzia di madonna di campiglio;;paritaria/equiparata;;;alessandra pomilio;via serafini - madonna di campiglio, 13 38070;tre ville;0465-442779;0465 442779;madonna.campiglio.segretario@fpsm.tn.it;;madonna.campiglio.segretario@fpsm.tn.it;;
scuola dell'infanzia di madrano;;scuola dell'infanzia;paritaria/equiparata;;;mariangela simoncini;via d oltrefersina, 54 38057;pergine valsugana;0461-552109;;madrano.segretario@fpsm.tn.it;;madrano.segretario@fpsm.tn.it;;
scuola dell'infanzia di madrano;scuola dell'infanzia di madrano;;paritaria/equiparata;;;mariangela simoncini;via d oltrefersina, 54 38057;pergine valsugana;0461-552109;;madrano.segretario@fpsm.tn.it;;madrano.segretario@fpsm.tn.it;;
scuola dell'infanzia di malè;;scuola dell'infanzia;paritaria/equiparata;;;roberta bertolas;via don rauzi, 6 38027;male';0463-901925;;male.presidente@fpsm.tn.it;;male.segretario@fpsm.tn.it;;
scuola dell'infanzia di malè;scuola dell'infanzia di malè;;paritaria/equiparata;;;roberta bertolas;via don rauzi, 6 38027;male';0463-901925;;male.presidente@fpsm.tn.it;;male.segretario@fpsm.tn.it;;
scuola dell'infanzia di marter;;scuola dell'infanzia;paritaria/equiparata;;;paola sangiorgi;piazza s margherita, 2 38050;roncegno terme;0461-764505;;marter.segretario@fpsm.tn.it;;marter.segretario@fpsm.tn.it;;
scuola dell'infanzia di marter;scuola dell'infanzia di marter;;paritaria/equiparata;;;paola sangiorgi;piazza s margherita, 2 38050;roncegno terme;0461-764505;;marter.segretario@fpsm.tn.it;;marter.segretario@fpsm.tn.it;;
"scuola dell'infanzia di martignano ""d. leone serafini""";;scuola dell'infanzia;paritaria/equiparata;;;carmen fattori;via sabbionare, 3 38121;trento;0461-820233;;martignano.segretario@fpsm.tn.it;;martignano.segretario@fpsm.tn.it;;
"scuola dell'infanzia di martignano ""d. leone serafini""";scuola dell'infanzia di martignano;;paritaria/equiparata;;;carmen fattori;via sabbionare, 3 38121;trento;0461-820233;;martignano.segretario@fpsm.tn.it;;martignano.segretario@fpsm.tn.it;;
scuola dell'infanzia di massone;;scuola dell'infanzia;paritaria/equiparata;;;gianna angeli;via maffei - san martino, 2 38062;arco;0464-517719;;massone.presidente@fpsm.tn.it;;massone.segretario@fpsm.tn.it;;
scuola dell'infanzia di massone;scuola dell'infanzia di massone;;paritaria/equiparata;;;gianna angeli;via maffei - san martino, 2 38062;arco;0464-517719;;massone.presidente@fpsm.tn.it;;massone.segretario@fpsm.tn.it;;
scuola dell'infanzia di mechel;;scuola dell'infanzia;paritaria/equiparata;;;ilaria mancini;via don luigi borghesi, 35 38023;cles;0463-421247;;mechel.presidente@fpsm.tn.it;;mechel.segretario@fpsm.tn.it;;
scuola dell'infanzia di mechel;scuola dell'infanzia di mechel;;paritaria/equiparata;;;ilaria mancini;via don luigi borghesi, 35 38023;cles;0463-421247;;mechel.presidente@fpsm.tn.it;;mechel.segretario@fpsm.tn.it;;
scuola dell'infanzia di mezzano;;scuola dell'infanzia;paritaria/equiparata;;;daniela dalcastagne';via iv novembre, 16 38050;mezzano;0439-67027;;mezzano.contabile@fpsm.tn.it;;mezzano.segretario@fpsm.tn.it;;
scuola dell'infanzia di mezzano;scuola dell'infanzia di mezzano;;paritaria/equiparata;;;daniela dalcastagne';via iv novembre, 16 38050;mezzano;0439-67027;;mezzano.contabile@fpsm.tn.it;;mezzano.segretario@fpsm.tn.it;;
scuola dell'infanzia di mezzocorona;;scuola dell'infanzia;paritaria/equiparata;;;elena ricci;via s giovanni bosco, 4 38016;mezzocorona;0461-603933;;mezzocorona.presidente@fpsm.tn.it;;mezzocorona.segretario@fpsm.tn.it;;
scuola dell'infanzia di mezzocorona;scuola dell'infanzia di mezzocorona;;paritaria/equiparata;;;elena ricci;via s giovanni bosco, 4 38016;mezzocorona;0461-603933;;mezzocorona.presidente@fpsm.tn.it;;mezzocorona.segretario@fpsm.tn.it;;
scuola dell'infanzia di mezzolombardo;;scuola dell'infanzia;paritaria/equiparata;;;elena ricci;corso del popolo, 34/b 38017;mezzolombardo;0461-601324;;mezzolombardo.presidente@fpsm.tn.it;;mezzolombardo.segretario@fpsm.tn.it;;
scuola dell'infanzia di mezzolombardo;scuola dell'infanzia di mezzolombardo;;paritaria/equiparata;;;elena ricci;corso del popolo, 34/b 38017;mezzolombardo;0461-601324;;mezzolombardo.presidente@fpsm.tn.it;;mezzolombardo.segretario@fpsm.tn.it;;
scuola dell'infanzia di moena;;scuola dell'infanzia;paritaria/equiparata;;;sara de zolt;strada don giovanni jori, 10 38035;moena - moena;0462-573277;;moena.presidente@fpsm.tn.it;;moena.segretario@fpsm.tn.it;;
scuola dell'infanzia di moena;scuola dell'infanzia di moena;;paritaria/equiparata;;;sara de zolt;strada don giovanni jori, 10 38035;moena - moena;0462-573277;;moena.presidente@fpsm.tn.it;;moena.segretario@fpsm.tn.it;;
scuola dell'infanzia di mollaro;;scuola dell'infanzia;paritaria/equiparata;;;ute pancher;via della pausa - mollaro, 1 38012;predaia;0463-469224;;mollaro.contabile@fpsm.tn.it;;mollaro.segretario@fpsm.tn.it;;
scuola dell'infanzia di mollaro;scuola dell'infanzia di mollaro;;paritaria/equiparata;;;ute pancher;via della pausa - mollaro, 1 38012;predaia;0463-469224;;mollaro.contabile@fpsm.tn.it;;mollaro.segretario@fpsm.tn.it;;
scuola dell'infanzia di molveno;;scuola dell'infanzia;paritaria/equiparata;;;elena ricci;piazza s carlo, 20 38018;molveno;0461-586969;;molveno.presidente@fpsm.tn.it;;molveno.segretario@fpsm.tn.it;;
scuola dell'infanzia di molveno;scuola dell'infanzia di molveno;;paritaria/equiparata;;;elena ricci;piazza s carlo, 20 38018;molveno;0461-586969;;molveno.presidente@fpsm.tn.it;;molveno.segretario@fpsm.tn.it;;
scuola dell'infanzia di montesover;;scuola dell'infanzia;paritaria/equiparata;;;pamela tomaselli;via capitano santuari, 1 38048;sover;0461-698351;;sover.presidente@fpsm.tn.it;;sover.segretario@fpsm.tn.it;;
scuola dell'infanzia di montesover;scuola dell'infanzia di montesover;;paritaria/equiparata;;;pamela tomaselli;via capitano santuari, 1 38048;sover;0461-698351;;sover.presidente@fpsm.tn.it;;sover.segretario@fpsm.tn.it;;
scuola dell'infanzia di mori;;scuola dell'infanzia;paritaria/equiparata;;;silvano medves;via scuole, 3 38065;mori;0464-918156;;mori.segretario@fpsm.tn.it;;mori.segretario@fpsm.tn.it;;
scuola dell'infanzia di mori;scuola dell'infanzia di mori;;paritaria/equiparata;;;silvano medves;via scuole, 3 38065;mori;0464-918156;;mori.segretario@fpsm.tn.it;;mori.segretario@fpsm.tn.it;;
scuola dell'infanzia di nago;;scuola dell'infanzia;paritaria/equiparata;;;luisa fontanari;localita tezze - nago,   38069;nago-torbole;0464-506097;;nago.segretario@fpsm.tn.it;;nago.segretario@fpsm.tn.it;;
scuola dell'infanzia di nago;scuola dell'infanzia di nago;;paritaria/equiparata;;;luisa fontanari;localita tezze - nago,   38069;nago-torbole;0464-506097;;nago.segretario@fpsm.tn.it;;nago.segretario@fpsm.tn.it;;
scuola dell'infanzia di nave san rocco;;scuola dell'infanzia;paritaria/equiparata;;;pamela tomaselli;via iv novembre, 34/a 38010;terre d'adige;0461-870656;;nave.presidente@fpsm.tn.it;;nave.segretario@fpsm.tn.it;;
scuola dell'infanzia di ronzo-chienis;;scuola dell'infanzia;paritaria/equiparata;;;silvano medves;via del car, 40 38060;ronzo-chienis;0464-802944;;ronzo.chienis.presidente@fpsm.tn.it;;ronzo.chienis.segretario@fpsm.tn.it;;
scuola dell'infanzia di ronzo-chienis;scuola dell'infanzia di ronzo-chienis;;paritaria/equiparata;;;silvano medves;via del car, 40 38060;ronzo-chienis;0464-802944;;ronzo.chienis.presidente@fpsm.tn.it;;ronzo.chienis.segretario@fpsm.tn.it;;
"scuola dell'infanzia di rovereto ""rosmini""";;scuola dell'infanzia;paritaria/equiparata;;;roberta medeghini;corso rosmini, 3 38068;rovereto;0464-421541;;rovereto.rosmini.presidente@fpsm.tn.it;;rovereto.rosmini.segretario@fpsm.tn.it;;
scuola dell'infanzia di s. croce bleggio;;scuola dell'infanzia;paritaria/equiparata;;;lorenzo santorum;frazione santa croce di bleggio inferiore, 7 38070;comano terme;0465-779900;;s.croce.presidente@fpsm.tn.it;;s.croce.segretario@fpsm.tn.it;;
scuola dell'infanzia di s. croce bleggio;scuola dell'infanzia di s. croce bleggio;;paritaria/equiparata;;;lorenzo santorum;frazione santa croce di bleggio inferiore, 7 38070;comano terme;0465-779900;;s.croce.presidente@fpsm.tn.it;;s.croce.segretario@fpsm.tn.it;;
scuola dell'infanzia di s. lorenzo in banale;;scuola dell'infanzia;paritaria/equiparata;;;lorenzo santorum;strada del toat - san lorenzo, 4 38078;san lorenzo dorsino;0465-734005;;san.lorenzo.banale.segretario@fpsm.tn.it;;san.lorenzo.banale.segretario@fpsm.tn.it;;
scuola dell'infanzia di s. lorenzo in banale;scuola dell'infanzia di s. lorenzo in banale;;paritaria/equiparata;;;lorenzo santorum;strada del toat - san lorenzo, 4 38078;san lorenzo dorsino;0465-734005;;san.lorenzo.banale.segretario@fpsm.tn.it;;san.lorenzo.banale.segretario@fpsm.tn.it;;
scuola dell'infanzia di s. margherita di ala;;scuola dell'infanzia;paritaria/equiparata;;;francesca vareschi;via gazzoletti - santa margherita, 35 38061;ala;0464-696494;;s.margherita.presidente@fpsm.tn.it;;s.margherita.segretario@fpsm.tn.it;;
scuola dell'infanzia di s. margherita di ala;scuola dell'infanzia di s. margherita di ala;;paritaria/equiparata;;;francesca vareschi;via gazzoletti - santa margherita, 35 38061;ala;0464-696494;;s.margherita.presidente@fpsm.tn.it;;s.margherita.segretario@fpsm.tn.it;;
scuola dell'infanzia di sabbionara;;scuola dell'infanzia;paritaria/equiparata;;;francesca vareschi;piazza conciliazione, 3/b 38063;avio;0464-683225;;sabbionara.presidente@fpsm.tn.it;;sabbionara.segretario@fpsm.tn.it;;
scuola dell'infanzia di sabbionara;scuola dell'infanzia di sabbionara;;paritaria/equiparata;;;francesca vareschi;piazza conciliazione, 3/b 38063;avio;0464-683225;;sabbionara.presidente@fpsm.tn.it;;sabbionara.segretario@fpsm.tn.it;;
scuola dell'infanzia di san martino di c.;;scuola dell'infanzia;paritaria/equiparata;;;daniela dalcastagne';via laghetto - san martino di castrozza, 30 38054;primiero san martino di castrozza;0439-768666;;s.martino.castrozza.presidente@fpsm.tn.it;;s.martino.castrozza.segretario@fpsm.tn.it;;
scuola dell'infanzia di san martino di c.;scuola dell'infanzia di san martino di c.;;paritaria/equiparata;;;daniela dalcastagne';via laghetto - san martino di castrozza, 30 38054;primiero san martino di castrozza;0439-768666;;s.martino.castrozza.presidente@fpsm.tn.it;;s.martino.castrozza.segretario@fpsm.tn.it;;
scuola dell'infanzia di sarche;;scuola dell'infanzia;paritaria/equiparata;;;gianna angeli;via caffaro - sarche - calavino, 6 38076;madruzzo;0461-564028;;sarche.presidente@fpsm.tn.it;;sarche.segretario@fpsm.tn.it;;
scuola dell'infanzia di sarche;scuola dell'infanzia di sarche;;paritaria/equiparata;;;gianna angeli;via caffaro - sarche - calavino, 6 38076;madruzzo;0461-564028;;sarche.presidente@fpsm.tn.it;;sarche.segretario@fpsm.tn.it;;
scuola dell'infanzia di scurelle;;scuola dell'infanzia;paritaria/equiparata;;;paola sangiorgi;via visintainer, 15 38050;scurelle;0461-762268;;scurelle.presidente@fpsm.tn.it;;scurelle.segretario@fpsm.tn.it;;
scuola dell'infanzia di scurelle;scuola dell'infanzia di scurelle;;paritaria/equiparata;;;paola sangiorgi;via visintainer, 15 38050;scurelle;0461-762268;;scurelle.presidente@fpsm.tn.it;;scurelle.segretario@fpsm.tn.it;;
scuola dell'infanzia di segno;;scuola dell'infanzia;paritaria/equiparata;;;ute pancher;via sonora - segno - taio, 18 38012;predaia;0463-468064;;segno.presidente@fpsm.tn.it;;segno.segretario@fpsm.tn.it;;
scuola dell'infanzia di segno;scuola dell'infanzia di segno;;paritaria/equiparata;;;ute pancher;via sonora - segno - taio, 18 38012;predaia;0463-468064;;segno.presidente@fpsm.tn.it;;segno.segretario@fpsm.tn.it;;
scuola dell'infanzia di segonzano;;scuola dell'infanzia;paritaria/equiparata;;;pamela tomaselli;frazione stedro, 80 38047;segonzano;327-3311981;;segonzano.presidente@fpsm.tn.it;;segonzano.segretario@fpsm.tn.it;;
scuola dell'infanzia di segonzano;scuola dell'infanzia di segonzano;;paritaria/equiparata;;;pamela tomaselli;frazione stedro, 80 38047;segonzano;327-3311981;;segonzano.presidente@fpsm.tn.it;;segonzano.segretario@fpsm.tn.it;;
scuola dell'infanzia di serravalle;;scuola dell'infanzia;paritaria/equiparata;;;francesca vareschi;via ingenger tomasi - serravalle, 5 38061;ala;0464-696304;;serravalle.presidente@fpsm.tn.it;;serravalle.segretario@fpsm.tn.it;;
scuola dell'infanzia di serravalle;scuola dell'infanzia di serravalle;;paritaria/equiparata;;;francesca vareschi;via ingenger tomasi - serravalle, 5 38061;ala;0464-696304;;serravalle.presidente@fpsm.tn.it;;serravalle.segretario@fpsm.tn.it;;
scuola dell'infanzia di smarano;;scuola dell'infanzia;paritaria/equiparata;;;ilaria mancini;via torre - smarano, 6 38012;predaia;0463-536702;;smarano.presidente@fpsm.tn.it;;smarano.segretario@fpsm.tn.it;;
scuola dell'infanzia di smarano;scuola dell'infanzia di smarano;;paritaria/equiparata;;;ilaria mancini;via torre - smarano, 6 38012;predaia;0463-536702;;smarano.presidente@fpsm.tn.it;;smarano.segretario@fpsm.tn.it;;
scuola dell'infanzia di sopramonte;;scuola dell'infanzia;paritaria/equiparata;;;carmen fattori;via canelli - sopramonte, 5 38123;trento;0461-867021;;sopramonte.presidente@fpsm.tn.it;;sopramonte.segretario@fpsm.tn.it;;
scuola dell'infanzia di sopramonte;scuola dell'infanzia di sopramonte;;paritaria/equiparata;;;carmen fattori;via canelli - sopramonte, 5 38123;trento;0461-867021;;sopramonte.presidente@fpsm.tn.it;;sopramonte.segretario@fpsm.tn.it;;
scuola dell'infanzia di spiazzo rendena;;scuola dell'infanzia;paritaria/equiparata;;;alessandra pomilio;via s vigilio, 5 38088;spiazzo;0465-801326;;spiazzo.rendena.contabile@fpsm.tn.it;;spiazzo.rendena.segretario@fpsm.tn.it;;
scuola dell'infanzia di spiazzo rendena;scuola dell'infanzia di spiazzo rendena;;paritaria/equiparata;;;alessandra pomilio;via s vigilio, 5 38088;spiazzo;0465-801326;;spiazzo.rendena.contabile@fpsm.tn.it;;spiazzo.rendena.segretario@fpsm.tn.it;;
scuola dell'infanzia di stenico;;scuola dell'infanzia;paritaria/equiparata;;;lorenzo santorum;piazza dante, 15 38070;stenico;0465-771019;;stenico.presidente@fpsm.tn.it;;stenico.segretario@fpsm.tn.it;;
scuola dell'infanzia di stenico;scuola dell'infanzia di stenico;;paritaria/equiparata;;;lorenzo santorum;piazza dante, 15 38070;stenico;0465-771019;;stenico.presidente@fpsm.tn.it;;stenico.segretario@fpsm.tn.it;;
scuola dell'infanzia di strigno;;scuola dell'infanzia;paritaria/equiparata;;;daniela dalcastagne';piazza iv novembre - strigno, 11 38059;castel ivano;0461-762327;;strigno.presidente@fpsm.tn.it;;strigno.segretario@fpsm.tn.it;;
scuola dell'infanzia di strigno;scuola dell'infanzia di strigno;;paritaria/equiparata;;;daniela dalcastagne';piazza iv novembre - strigno, 11 38059;castel ivano;0461-762327;;strigno.presidente@fpsm.tn.it;;strigno.segretario@fpsm.tn.it;;
scuola dell'infanzia di susà;;scuola dell'infanzia;paritaria/equiparata;;;mariangela simoncini;via dell asilo, 5 38057;pergine valsugana;0461-538471;;susa.presidente@fpsm.tn.it;;susa.segretario@fpsm.tn.it;;
scuola dell'infanzia di susà;scuola dell'infanzia di susà;;paritaria/equiparata;;;mariangela simoncini;via dell asilo, 5 38057;pergine valsugana;0461-538471;;susa.presidente@fpsm.tn.it;;susa.segretario@fpsm.tn.it;;
scuola dell'infanzia di carano;scuola dell'infanzia di carano;;paritaria/equiparata;;;tiziana ceol;via giovanelli, 40 38033;ville di fiemme;0462-341759;;carano.presidente@fpsm.tn.it;;carano.segretario@fpsm.tn.it;;
scuola dell'infanzia di carisolo;;scuola dell'infanzia;paritaria/equiparata;;;alessandra pomilio;viale trento, 4 38080;carisolo;0465-501433;;carisolo.presidente@fpsm.tn.it;;carisolo.segretario@fpsm.tn.it;;
scuola dell'infanzia di carisolo;scuola dell'infanzia di carisolo;;paritaria/equiparata;;;alessandra pomilio;viale trento, 4 38080;carisolo;0465-501433;;carisolo.presidente@fpsm.tn.it;;carisolo.segretario@fpsm.tn.it;;
scuola dell'infanzia di casez;;scuola dell'infanzia;paritaria/equiparata;;;ilaria mancini;via della pontara - casez, 10 38010;sanzeno;0463-434219;;casez.presidente@fpsm.tn.it;;casez.segretario@fpsm.tn.it;;
scuola dell'infanzia di casez;scuola dell'infanzia di casez;;paritaria/equiparata;;;ilaria mancini;via della pontara - casez, 10 38010;sanzeno;0463-434219;;casez.presidente@fpsm.tn.it;;casez.segretario@fpsm.tn.it;;
scuola dell'infanzia di castellano;;scuola dell'infanzia;paritaria/equiparata;;;roberta medeghini;via caduti, 1 38060;villa lagarina;0464-801242;;castellano.presidente@fpsm.tn.it;;castellano.segretario@fpsm.tn.it;;
scuola dell'infanzia di castellano;scuola dell'infanzia di castellano;;paritaria/equiparata;;;roberta medeghini;via caduti, 1 38060;villa lagarina;0464-801242;;castellano.presidente@fpsm.tn.it;;castellano.segretario@fpsm.tn.it;;
scuola dell'infanzia di castello di fiemme;;scuola dell'infanzia;paritaria/equiparata;;;tiziana ceol;via latemar, 2 38030;castello-molina di fiemme;0462-341153;;castello.fiemme.segretario@fpsm.tn.it;;castello.fiemme.segretario@fpsm.tn.it;;
scuola dell'infanzia di castello di fiemme;scuola dell'infanzia di castello di fiemme;;paritaria/equiparata;;;tiziana ceol;via latemar, 2 38030;castello-molina di fiemme;0462-341153;;castello.fiemme.segretario@fpsm.tn.it;;castello.fiemme.segretario@fpsm.tn.it;;
scuola dell'infanzia di cavedine;;scuola dell'infanzia;paritaria/equiparata;;;gianna angeli;via iv novembre, 19 38073;cavedine;0461-568548;;cavedine.presidente@fpsm.tn.it;;cavedine.segretario@fpsm.tn.it;;
scuola dell'infanzia di cavedine;scuola dell'infanzia di cavedine;;paritaria/equiparata;;;gianna angeli;via iv novembre, 19 38073;cavedine;0461-568548;;cavedine.presidente@fpsm.tn.it;;cavedine.segretario@fpsm.tn.it;;
scuola dell'infanzia di cembra;;scuola dell'infanzia;paritaria/equiparata;;;pamela tomaselli;piazza zanotelli - cembra, 1 38034;cembra lisignago;0461-680173;;cembra.presidente@fpsm.tn.it;;cembra.segretario@fpsm.tn.it;;
scuola dell'infanzia di cembra;scuola dell'infanzia di cembra;;paritaria/equiparata;;;pamela tomaselli;piazza zanotelli - cembra, 1 38034;cembra lisignago;0461-680173;;cembra.presidente@fpsm.tn.it;;cembra.segretario@fpsm.tn.it;;
scuola dell'infanzia di chizzola;;scuola dell'infanzia;paritaria/equiparata;;;francesca vareschi;via canestrini - chizzola, 1 38061;ala;0464-696397;;chizzola.presidente@fpsm.tn.it;;chizzola.segretario@fpsm.tn.it;;
scuola dell'infanzia di chizzola;scuola dell'infanzia di chizzola;;paritaria/equiparata;;;francesca vareschi;via canestrini - chizzola, 1 38061;ala;0464-696397;;chizzola.presidente@fpsm.tn.it;;chizzola.segretario@fpsm.tn.it;;
scuola dell'infanzia di cles;;scuola dell'infanzia;paritaria/equiparata;;;ilaria mancini;via mattioli, 13 38023;cles;0463-625164;;cles.presidente@fpsm.tn.it;;cles.segretario@fpsm.tn.it;;
scuola dell'infanzia di cles;scuola dell'infanzia di cles;;paritaria/equiparata;;;ilaria mancini;via mattioli, 13 38023;cles;0463-625164;;cles.presidente@fpsm.tn.it;;cles.segretario@fpsm.tn.it;;
scuola dell'infanzia di cloz e brez;;scuola dell'infanzia;paritaria/equiparata;;;ilaria mancini;via di s stefano, 2/a 38028;novella;0463-1980632;;cloz.brez.presidente@fpsm.tn.it;;cloz.brez.segretario@fpsm.tn.it;;
scuola dell'infanzia di cloz e brez;scuola dell'infanzia di cloz e brez;;paritaria/equiparata;;;ilaria mancini;via di s stefano, 2/a 38028;novella;0463-1980632;;cloz.brez.presidente@fpsm.tn.it;;cloz.brez.segretario@fpsm.tn.it;;
scuola dell'infanzia di condino;;scuola dell'infanzia;paritaria/equiparata;;;alessandra pomilio;via roma - condino, 37 38083;borgo chiese;0465-621009;;condino.presidente@fpsm.tn.it;;condino.segretario@fpsm.tn.it;;
scuola dell'infanzia di condino;scuola dell'infanzia di condino;;paritaria/equiparata;;;alessandra pomilio;via roma - condino, 37 38083;borgo chiese;0465-621009;;condino.presidente@fpsm.tn.it;;condino.segretario@fpsm.tn.it;;
scuola dell'infanzia di coredo;;scuola dell'infanzia;paritaria/equiparata;;;ilaria mancini;via delle antiche fontane - coredo, 20 38012;predaia;0463-536416;;coredo.segretario@fpsm.tn.it;;coredo.segretario@fpsm.tn.it;;
scuola dell'infanzia di coredo;scuola dell'infanzia di coredo;;paritaria/equiparata;;;ilaria mancini;via delle antiche fontane - coredo, 20 38012;predaia;0463-536416;;coredo.segretario@fpsm.tn.it;;coredo.segretario@fpsm.tn.it;;
scuola dell'infanzia di cristo re -trento;;scuola dell'infanzia;paritaria/equiparata;;;carmen fattori;via bresadola, 6 38121;trento;0461-823359;;trento.cristore.segretario@fpsm.tn.it;;trento.cristore.segretario@fpsm.tn.it;;
scuola dell'infanzia di cristo re -trento;scuola dell'infanzia di cristo re -trento;;paritaria/equiparata;;;carmen fattori;via bresadola, 6 38121;trento;0461-823359;;trento.cristore.segretario@fpsm.tn.it;;trento.cristore.segretario@fpsm.tn.it;;
scuola dell'infanzia di crosano;;scuola dell'infanzia;paritaria/equiparata;;;silvano medves;via s biagio, 30 38060;brentonico;0464-395693;;crosano.segretario@fpsm.tn.it;;crosano.segretario@fpsm.tn.it;;
scuola dell'infanzia di crosano;scuola dell'infanzia di crosano;;paritaria/equiparata;;;silvano medves;via s biagio, 30 38060;brentonico;0464-395693;;crosano.segretario@fpsm.tn.it;;crosano.segretario@fpsm.tn.it;;
scuola dell'infanzia di dimaro;;scuola dell'infanzia;paritaria/equiparata;;;roberta bertolas;via alla chiesa - dimaro, 26 38025;dimaro folgarida;0463-974301;;dimaro.contabile@fpsm.tn.it;;dimaro.segretario@fpsm.tn.it;;
scuola dell'infanzia di dimaro;scuola dell'infanzia di dimaro;;paritaria/equiparata;;;roberta bertolas;via alla chiesa - dimaro, 26 38025;dimaro folgarida;0463-974301;;dimaro.contabile@fpsm.tn.it;;dimaro.segretario@fpsm.tn.it;;
scuola dell'infanzia di faver;;scuola dell'infanzia;paritaria/equiparata;;;pamela tomaselli;via perlaia - faver, 17 38030;altavalle;328 7310914;;faver.presidente@fpsm.tn.it;;faver.segretario@fpsm.tn.it;;
scuola dell'infanzia di faver;scuola dell'infanzia di faver;;paritaria/equiparata;;;pamela tomaselli;via perlaia - faver, 17 38030;altavalle;328 7310914;;faver.presidente@fpsm.tn.it;;faver.segretario@fpsm.tn.it;;
scuola dell'infanzia di fiavè;;scuola dell'infanzia;paritaria/equiparata;;;lorenzo santorum;piazza s sebastiano, 24 38075;fiave';0465-735129;;fiave.contabile@fpsm.tn.it;;fiave.segretario@fpsm.tn.it;;
scuola dell'infanzia di fiavè;scuola dell'infanzia di fiavè;;paritaria/equiparata;;;lorenzo santorum;piazza s sebastiano, 24 38075;fiave';0465-735129;;fiave.contabile@fpsm.tn.it;;fiave.segretario@fpsm.tn.it;;
scuola dell'infanzia di fiera di primiero;;scuola dell'infanzia;paritaria/equiparata;;;daniela dalcastagne';viale marconi - pieve, 1 38054;primiero san martino di castrozza;0439-762196;0439764911;fiera.presidente@fpsm.tn.it;;fiera.segretario@fpsm.tn.it;;
scuola dell'infanzia di fiera di primiero;scuola dell'infanzia di fiera di primiero;;paritaria/equiparata;;;daniela dalcastagne';viale marconi - pieve, 1 38054;primiero san martino di castrozza;0439-762196;0439764911;fiera.presidente@fpsm.tn.it;;fiera.segretario@fpsm.tn.it;;
scuola dell'infanzia di fornace;;scuola dell'infanzia;paritaria/equiparata;;;mariangela simoncini;via del borgolet, 16 38040;fornace;0461-849351;;fornace.presidente@fpsm.tn.it;;fornace.segretario@fpsm.tn.it;;
scuola dell'infanzia di fornace;scuola dell'infanzia di fornace;;paritaria/equiparata;;;mariangela simoncini;via del borgolet, 16 38040;fornace;0461-849351;;fornace.presidente@fpsm.tn.it;;fornace.segretario@fpsm.tn.it;;
scuola dell'infanzia di gardolo;;scuola dell'infanzia;paritaria/equiparata;;;carmen fattori;via s anna, 9 38121;trento;0461-990296;;gardolo.segretario@fpsm.tn.it;;gardolo.segretario@fpsm.tn.it;;
scuola dell'infanzia di gardolo;scuola dell'infanzia di gardolo;;paritaria/equiparata;;;carmen fattori;via s anna, 9 38121;trento;0461-990296;;gardolo.segretario@fpsm.tn.it;;gardolo.segretario@fpsm.tn.it;;
scuola dell'infanzia di ghiaie di gardolo;;scuola dell'infanzia;paritaria/equiparata;;;carmen fattori;via del loghét, 69 38121;trento;0461-990050;;ghiaie.segretario@fpsm.tn.it;;ghiaie.segretario@fpsm.tn.it;;
coordinamento pedagogico scuole provinciali dell'infanzia ladine;"scuola dell'infanzia di canazei ""don simone micheluzzi de ciciol""";;a carattere statale/provinciale;;;tatiana soraperra;via de magoa, 24 38032;canazei - cianacei;0462/601631;0462/760001;scuolainfanzia.canazei@scuole.provincia.tn.it;;coordinamento.scuoleladine@provincia.tn.it;;
coordinamento pedagogico scuole provinciali dell'infanzia ladine;scuola dell'infanzia di soraga;;a carattere statale/provinciale;;;tatiana soraperra;strada dolomites, 19 38030;soraga - soraga;0462/768277;0462/760001;scuolainfanzia.soraga@scuole.provincia.tn.it;;coordinamento.scuoleladine@provincia.tn.it;;
circolo di coordinamento n. 4;"scuola dell'infanzia di trento  ravina  ""girotondo""";;a carattere statale/provinciale;;;rita ferenzena;via per belvedere, 8 38123;trento;0461/922216;0461/496950;scuolainfanzia.ravina@scuole.provincia.tn.it;;circolo.coordinamento04@provincia.tn.it;;
circolo di coordinamento n. 4;"scuola dell'infanzia di trento  romagnano  ""gli gnomi del bosco""";;a carattere statale/provinciale;;;rita ferenzena;via delle prede, 2 38123;trento;0461/349153;0461/496950;scuolainfanzia.romagnano@scuole.provincia.tn.it;;circolo.coordinamento04@provincia.tn.it;;
circolo di coordinamento n. 7;;circolo di coordinamento pedagogico;a carattere statale/provinciale;;;laura bertoldi;via filos, 2 38017;mezzolombardo;0461/494331;0461/494334;circolo.coordinamento07@provincia.tn.it;;circolo.coordinamento07@provincia.tn.it;;
circolo di coordinamento n. 7;"scuola dell'infanzia di cavedago  ""l'albero azzurro""";;a carattere statale/provinciale;;;laura bertoldi;piazza s lorenzo, 2 38010;cavedago;0461/654340;0461/494334;scuolainfanzia.cavedago@scuole.provincia.tn.it;;circolo.coordinamento07@provincia.tn.it;;
circolo di coordinamento n. 7;"scuola dell'infanzia di cles  ""casa del sole""";;a carattere statale/provinciale;;;laura bertoldi;via dallafior, 36 38023;cles;0463/421760;0461/494334;scuolainfanzia.cles@scuole.provincia.tn.it;;circolo.coordinamento07@provincia.tn.it;;
circolo di coordinamento n. 7;scuola dell'infanzia di cunevo;;a carattere statale/provinciale;;;laura bertoldi;via delle scuole - cunevo, 6 38010;contá;0461/652520;0461/494334;scuolainfanzia.cunevo@scuole.provincia.tn.it;;circolo.coordinamento07@provincia.tn.it;;
circolo di coordinamento n. 7;scuola dell'infanzia di fai paganella;;a carattere statale/provinciale;;;laura bertoldi;via villa, 43 38010;fai della paganella;0461/583360;0461/494334;scuolainfanzia.fai@scuole.provincia.tn.it;;circolo.coordinamento07@provincia.tn.it;;
circolo di coordinamento n. 7;"scuola dell'infanzia di rallo di tassullo  ""nuovo germoglio""";;a carattere statale/provinciale;;;laura bertoldi;via fratelli pinamonti - rallo - tassullo,   38019;ville d'anaunia;0463/451568;0461/494334;scuolainfanzia.rallo@scuole.provincia.tn.it;;circolo.coordinamento07@provincia.tn.it;;
circolo di coordinamento n. 7;"scuola dell'infanzia di revò ""i girasoli""";;a carattere statale/provinciale;;;laura bertoldi;via canestrini, 9/a 38028;novella;0463/431044;0461/494334;scuolainfanzia.revo@scuole.provincia.tn.it;;circolo.coordinamento07@provincia.tn.it;;
circolo di coordinamento n. 7;scuola dell'infanzia di roverè della luna;;a carattere statale/provinciale;;;laura bertoldi;via villotta, 10 38030;rovere' della luna;0461/658519;0461/494334;scuolainfanzia.roveredellaluna@scuole.provincia.tn.it;;circolo.coordinamento07@provincia.tn.it;;
circolo di coordinamento n. 7;"scuola dell'infanzia di sporminore ""fratelli remondini""";;a carattere statale/provinciale;;;laura bertoldi;piazza anaunia, 2 38010;sporminore;0461/641186;0461/494334;scuolainfanzia.sporminore@scuole.provincia.tn.it;;circolo.coordinamento07@provincia.tn.it;;
circolo di coordinamento n. 7;"scuola dell'infanzia di vervò  ""il bosco degli gnomi""";;a carattere statale/provinciale;;;laura bertoldi;via castel vervassium - vervo, 7 38012;predaia;0463/463314;0461/494334;scuolainfanzia.vervo@scuole.provincia.tn.it;;circolo.coordinamento07@provincia.tn.it;;
circolo di coordinamento n. 11;"scuola dell'infanzia di pellizzano ""antonio bontempelli""";;a carattere statale/provinciale;;;simonetta errigo;via dei baschenis, 3 38020;pellizzano;0463 751953;0461/491940;scuolainfanzia.pellizzano@scuole.provincia.tn.it;;circolo.coordinamento11@provincia.tn.it;;
istituto comprensivo borgo valsugana;"scuola primaria ""rita levi montalcini"" borgo valsugana";;a carattere statale/provinciale;luigi vitullo;;;via temanza, 13/c 38051;borgo valsugana;0461/753179;0461/754131;ic.borgovalsugana@pec.provincia.tn.it;dir.ic.borgovalsugana@scuole.provincia.tn.it;segr.ic.borgovalsugana@scuole.provincia.tn.it;http://www.icborgovalsugana.edu.it/;tnee812046
scuola dell'infanzia di spormaggiore;;scuola dell'infanzia;paritaria/equiparata;;;ute pancher;via dell asilo, 2 38010;spormaggiore; 0461 1827171;;spormaggiore.contabile@fpsm.tn.it;;spormaggiore.segretario@fpsm.tn.it;;
scuola dell'infanzia di spormaggiore;scuola dell'infanzia di spormaggiore;;paritaria/equiparata;;;ute pancher;via dell asilo, 2 38010;spormaggiore; 0461 1827171;;spormaggiore.contabile@fpsm.tn.it;;spormaggiore.segretario@fpsm.tn.it;;
circolo di coordinamento n. 11;"scuola dell'infanzia di livo ""battito d'ali""";;a carattere statale/provinciale;;;simonetta errigo;via marconi, 17 38020;livo;0463/533522;0461/491940;scuolainfanzia.livo@scuole.provincia.tn.it;;circolo.coordinamento11@provincia.tn.it;;
circolo di coordinamento n. 10;scuola dell'infanzia di nogaredo;;a carattere statale/provinciale;;;ginevra rella;via verdi, 38 38060;nogaredo;0464/411244;0464/493115;scuolainfanzia.nogaredo@scuole.provincia.tn.it;;circolo.coordinamento10@provincia.tn.it;;
circolo di coordinamento n. 10;"scuola dell'infanzia di calliano ""matite colorate""";;a carattere statale/provinciale;;;ginevra rella;via iii novembre, 33 38060;calliano;0464/835165;0464/493115;scuolainfanzia.calliano@scuole.provincia.tn.it;;circolo.coordinamento10@provincia.tn.it;;
circolo di coordinamento n. 10;"scuola dell'infanzia di rovereto rione nord ""mille colori""";;a carattere statale/provinciale;;;ginevra rella;via chiocchetti, 1 38068;rovereto;0464/435355;0464/493115;scuolainfanzia.rionenord@scuole.provincia.tn.it;;circolo.coordinamento10@provincia.tn.it;;
circolo di coordinamento n. 10;;circolo di coordinamento pedagogico;a carattere statale/provinciale;;;ginevra rella;viale trento, 37/e 38068;rovereto;0464/493114;0464/493115;circolo.coordinamento10@provincia.tn.it;;circolo.coordinamento10@provincia.tn.it;;
circolo di coordinamento n. 10;"scuola dell'infanzia di rovereto  s.ilario ""amici della scuola""";;a carattere statale/provinciale;;;ginevra rella;via monti, 4a 38068;rovereto;0464/411901;0464/493115;scuolainfanzia.santilario@scuole.provincia.tn.it;;circolo.coordinamento10@provincia.tn.it;;
circolo di coordinamento n. 11;scuola dell'infanzia di monclassico;;a carattere statale/provinciale;;;simonetta errigo;via berera - monclassico, 6 38025;dimaro folgarida;0463/974606;0461/491940;scuolainfanzia.monclassico@scuole.provincia.tn.it;;circolo.coordinamento11@provincia.tn.it;;
circolo di coordinamento n. 11;scuola dell'infanzia di rabbi;;a carattere statale/provinciale;;;simonetta errigo;frazione pracorno, 98/b 38020;rabbi;0463/902652;0461/491940;scuolainfanzia.rabbi@scuole.provincia.tn.it;;circolo.coordinamento11@provincia.tn.it;;
circolo di coordinamento n. 3;"scuola dell'infanzia di trento  ""crosina sartori""";;a carattere statale/provinciale;;;chiara nadalon;via gocciadoro, 84 38122;trento;0461/925679;0461/497257;scuolainfanzia.crosina@scuole.provincia.tn.it;;circolo.coordinamento03@provincia.tn.it;;
circolo di coordinamento n. 10;scuola dell'infanzia di besenello;;a carattere statale/provinciale;;;ginevra rella;via vanzetti, 3 38060;besenello;0464/834946;0464/493115;scuolainfanzia.besenello@scuole.provincia.tn.it;;circolo.coordinamento10@provincia.tn.it;;
circolo di coordinamento n. 11;"scuola dell'infanzia di terzolas ""caterina graifenberg""";;a carattere statale/provinciale;;;simonetta errigo;via kessler, 23 38027;terzolas;0463/901977;0461/491940;scuolainfanzia.terzolas@scuole.provincia.tn.it;;circolo.coordinamento11@provincia.tn.it;;
circolo di coordinamento n. 11;"scuola dell'infanzia di romeno  ""città della gioia""";;a carattere statale/provinciale;;;simonetta errigo;via monsignor rosati, 6 38010;romeno;0463/875195;0461/491940;scuolainfanzia.romeno@scuole.provincia.tn.it;;circolo.coordinamento11@provincia.tn.it;;
circolo di coordinamento n. 10;scuola dell'infanzia di rovereto brione;;a carattere statale/provinciale;;;ginevra rella;via puccini, 26 38068;rovereto;0464/412892;0464/493115;scuolainfanzia.brione@scuole.provincia.tn.it;;circolo.coordinamento10@provincia.tn.it;;
circolo di coordinamento n. 11;scuola dell'infanzia di castelfondo;;a carattere statale/provinciale;;;simonetta errigo;via madonna pellegrina, 5 38020;borgo d'anaunia;0463/889189;0461/491940;scuolainfanzia.castelfondo@scuole.provincia.tn.it;;circolo.coordinamento11@provincia.tn.it;;
circolo di coordinamento n. 11;scuola dell'infanzia di mione rumo;;a carattere statale/provinciale;;;simonetta errigo;frazione mione, 54 38020;rumo;0463/530420;0461/491940;scuolainfanzia.rumo@scuole.provincia.tn.it;;circolo.coordinamento11@provincia.tn.it;;
circolo di coordinamento n. 3;"scuola dell'infanzia di trento  povo ""m.c. conotter""";;a carattere statale/provinciale;;;chiara nadalon;via della resistenza, 48 38123;trento;0461/810574;0461/497257;scuolainfanzia.povo@scuole.provincia.tn.it;;circolo.coordinamento03@provincia.tn.it;;
circolo di coordinamento n. 3;scuola dell'infanzia di trento s.martino;;a carattere statale/provinciale;;;chiara nadalon;via della predara, 16 38121;trento;0461/237516;0461/497257;scuolainfanzia.sanmartino@scuole.provincia.tn.it;;circolo.coordinamento03@provincia.tn.it;;
circolo di coordinamento n. 11;"scuola dell'infanzia di mezzana ""a. ravelli""";;a carattere statale/provinciale;;;simonetta errigo;via manzoni, 22 38020;mezzana;0463/756018;0461/491940;scuolainfanzia.mezzana@scuole.provincia.tn.it;;circolo.coordinamento11@provincia.tn.it;;
circolo di coordinamento n. 3;"scuola dell'infanzia di trento  ""gianni rodari""";;a carattere statale/provinciale;;;chiara nadalon;via giovanelli, 6 38122;trento;0461/986198;0461/497257;scuolainfanzia.rodari@scuole.provincia.tn.it;;circolo.coordinamento03@provincia.tn.it;;
circolo di coordinamento n. 11;scuola dell'infanzia di ruffrè;;a carattere statale/provinciale;;;simonetta errigo;maso lana, 3 38010;ruffre' - mendola;0463/870011;0461/491940;scuolainfanzia.ruffre@scuole.provincia.tn.it;;circolo.coordinamento11@provincia.tn.it;;
circolo di coordinamento n. 11;scuola dell'infanzia di cogolo;;a carattere statale/provinciale;;;simonetta errigo;via roma, 83 38024;peio;0463/754108;0461/491940;scuolainfanzia.cogolo@scuole.provincia.tn.it;;circolo.coordinamento11@provincia.tn.it;;
circolo di coordinamento n. 11;"scuola dell'infanzia di sarnonico ""giardino dei sogni""";;a carattere statale/provinciale;;;simonetta errigo;viale s lorenzo, 6 38011;sarnonico;0463/831603;0461/491940;scuolainfanzia.sarnonico@scuole.provincia.tn.it;;circolo.coordinamento11@provincia.tn.it;;
circolo di coordinamento n. 3;"scuola dell'infanzia di trento clarina   ""piccolo mondo""";;a carattere statale/provinciale;;;chiara nadalon;via gramsci, 11 38123;trento;0461/925726;0461/497257;scuolainfanzia.piccolomondo@scuole.provincia.tn.it;;circolo.coordinamento03@provincia.tn.it;;
scuola dell'infanzia di predazzo;;scuola dell'infanzia;paritaria/equiparata;;;sara de zolt;via gabrielli, 1 38037;predazzo;0462-501312;;predazzo.presidente@fpsm.tn.it;;predazzo.segretario@fpsm.tn.it;;
scuola dell'infanzia di predazzo;scuola dell'infanzia di predazzo;;paritaria/equiparata;;;sara de zolt;via gabrielli, 1 38037;predazzo;0462-501312;;predazzo.presidente@fpsm.tn.it;;predazzo.segretario@fpsm.tn.it;;
"scuola dell'infanzia di trento ""g. b. zanella odv""";;scuola dell'infanzia;paritaria/equiparata;;;alessandra bianchi;via gar, 1 38122;trento;0461-233744;0461-233744;segreteria@gbzanella.it;;;;
scuola dell'infanzia di cavalese;;scuola dell'infanzia;paritaria/equiparata;;;tiziana ceol;via regolani, 4 38033;cavalese;0462-341673;;cavalese.segretario@fpsm.tn.it;;cavalese.presidente@fpsm.tn.it;;
scuola dell'infanzia di cavalese;scuola dell'infanzia di cavalese;;paritaria/equiparata;;;tiziana ceol;via regolani, 4 38033;cavalese;0462-341673;;cavalese.segretario@fpsm.tn.it;;cavalese.presidente@fpsm.tn.it;;
scuola dell'infanzia di ziano di fiemme;;scuola dell'infanzia;paritaria/equiparata;;;sara de zolt;piazza italia, 8 38030;ziano di fiemme;3703621992;;ziano.presidente@fpsm.tn.it;;ziano.segretario@fpsm.tn.it;;
scuola dell'infanzia di ziano di fiemme;scuola dell'infanzia di ziano di fiemme;;paritaria/equiparata;;;sara de zolt;piazza italia, 8 38030;ziano di fiemme;3703621992;;ziano.presidente@fpsm.tn.it;;ziano.segretario@fpsm.tn.it;;
istituto comprensivo borgo valsugana;"scuola secondaria di primo grado ""ora e veglia"" borgo valsugana";;a carattere statale/provinciale;luigi vitullo;;;via spagolla, 1 38051;borgo valsugana;0461/753179;0461/754131;ic.borgovalsugana@pec.provincia.tn.it;dir.ic.borgovalsugana@scuole.provincia.tn.it;segr.ic.borgovalsugana@scuole.provincia.tn.it;http://www.icborgovalsugana.edu.it/;tnmm812012
istituto comprensivo borgo valsugana;"scuola secondaria di primo grado ""s. fante"" grigno";;a carattere statale/provinciale;luigi vitullo;;;viale trento,   38055;grigno;0461/753179;0461/754131;ic.borgovalsugana@pec.provincia.tn.it;dir.ic.borgovalsugana@scuole.provincia.tn.it;segr.ic.borgovalsugana@scuole.provincia.tn.it;http://www.icborgovalsugana.edu.it/;tnmm812023
istituto comprensivo borgo valsugana;scuola primaria grigno;;a carattere statale/provinciale;luigi vitullo;;;viale trento, 2 38055;grigno;0461/753179;0461/754131;ic.borgovalsugana@pec.provincia.tn.it;dir.ic.borgovalsugana@scuole.provincia.tn.it;segr.ic.borgovalsugana@scuole.provincia.tn.it;http://www.icborgovalsugana.edu.it/;tnee812024
"scuola dell'infanzia di pergine  ""g.b. chimelli""";;scuola dell'infanzia;paritaria/equiparata;;francesca parolari;;piazza garbari, 5 38057;pergine valsugana;0461-502351;;asifchimelli@pec.it;;;;
"scuola dell'infanzia di pergine  ""g.b. chimelli""";"scuola dell'infanzia di pergine  ""g.b. chimelli""";;paritaria/equiparata;;francesca parolari;;piazza garbari, 5 38057;pergine valsugana;0461-502351;;asifchimelli@pec.it;;;;
scuola dell'infanzia di roncogno di pergine;scuola dell'infanzia di roncogno di pergine;;paritaria/equiparata;;francesca parolari;;piazza di s anna, 3 38057;pergine valsugana;0461 502351;;asifchimelli@pec.it;;;;
scuola dell'infanzia di roncogno di pergine;;scuola dell'infanzia;paritaria/equiparata;;francesca parolari;;piazza di s anna, 3 38057;pergine valsugana;0461 502351;;asifchimelli@pec.it;;;;
scuola dell'infanzia di ospedaletto;;scuola dell'infanzia;paritaria/equiparata;;;daniela dalcastagne';via  don tosi, 14 38050;ospedaletto;347 0362437;;ospedaletto.presidente@fpsm.tn.it;;ospedaletto.segretario@fpsm.tn.it;;
scuola dell'infanzia di castelnuovo;scuola dell'infanzia di castelnuovo;;paritaria/equiparata;;;paola sangiorgi;piazza municipio, 2 38050;castelnuovo;0461-753637;;entesantamargherita@gmail.com;;castelnuovo.segretario@fpsm.tn.it;;
scuola dell'infanzia di ospedaletto;scuola dell'infanzia di ospedaletto;;paritaria/equiparata;;;daniela dalcastagne';via  don tosi, 14 38050;ospedaletto;347 0362437;;ospedaletto.presidente@fpsm.tn.it;;ospedaletto.segretario@fpsm.tn.it;;
scuola dell'infanzia di tuenno;;scuola dell'infanzia;paritaria/equiparata;;;ute pancher;via marconi - tuenno, 2 38019;ville d'anaunia;0463-451238;;tuenno.segretario@fpsm.tn.it;;tuenno.segretario@fpsm.tn.it;;
scuola dell'infanzia di castelnuovo;;scuola dell'infanzia;paritaria/equiparata;;;paola sangiorgi;piazza municipio, 2 38050;castelnuovo;0461-753637;;entesantamargherita@gmail.com;;castelnuovo.segretario@fpsm.tn.it;;
scuola dell'infanzia di tuenno;scuola dell'infanzia di tuenno;;paritaria/equiparata;;;ute pancher;via marconi - tuenno, 2 38019;ville d'anaunia;0463-451238;;tuenno.segretario@fpsm.tn.it;;tuenno.segretario@fpsm.tn.it;;
circolo di coordinamento n. 5;"scuola dell'infanzia di trento gardolo paludi  ""biancaneve""";;a carattere statale/provinciale;;;martina bassetti;via paludi, 9/1 38121;trento;0461/992128;0461/497257;scuolainfanzia.gardolo@scuole.provincia.tn.it;;circolo.coordinamento05@provincia.tn.it;;
circolo di coordinamento n. 5;"scuola dell'infanzia di trento roncafort  ""margit levinson""";;a carattere statale/provinciale;;;martina bassetti;via dell asilo, 8 38121;trento;0461/960422;0461/497257;scuolainfanzia.roncafort@scuole.provincia.tn.it;;circolo.coordinamento05@provincia.tn.it;;
circolo di coordinamento n. 5;scuola dell'infanzia di terlago;;a carattere statale/provinciale;;;martina bassetti;via degasperi - terlago, 7 38070;vallelaghi;0461/860304;0461/497257;scuolainfanzia.terlago@scuole.provincia.tn.it;;circolo.coordinamento05@provincia.tn.it;;
circolo di coordinamento n. 5;scuola dell'infanzia di trento  sardagna;;a carattere statale/provinciale;;;martina bassetti;via dei caduti di sardagna, 8 38123;trento;0461/234186;0461/497257;scuolainfanzia.sardagna@scuole.provincia.tn.it;;circolo.coordinamento05@provincia.tn.it;;
circolo di coordinamento n. 5;"scuola dell'infanzia di trento  cadine  ""il melograno""";;a carattere statale/provinciale;;;martina bassetti;via di coltura, 3 38123;trento;0461/866302;0461/497257;scuolainfanzia.cadine@scuole.provincia.tn.it;;circolo.coordinamento05@provincia.tn.it;;
circolo di coordinamento n. 5;scuola dell'infanzia di lasino;;a carattere statale/provinciale;;;martina bassetti;via lagolo - lasino, 47 38076;madruzzo;0461/564600;0461/497257;scuolainfanzia.lasino@scuole.provincia.tn.it;;circolo.coordinamento05@provincia.tn.it;;
circolo di coordinamento n. 5;scuola dell'infanzia di calavino;;a carattere statale/provinciale;;;martina bassetti;via pedrini - calavino, 28 38076;madruzzo;0461/564630;0461/497257;scuolainfanzia.calavino@scuole.provincia.tn.it;;circolo.coordinamento05@provincia.tn.it;;
associazione pedagogica steineriana - trento;associazione r. steiner - primaria;;paritaria/equiparata;carlo musio;;;via conci, 86 38123;trento;0461/930658;;associazione@pec.scuolasteiner-trento.it;;segreteria@scuolasteiner-trento.it;https://www.scuolasteiner-trento.it;tn1e00900d
centro formazione professionale enaip - tesero;settore industria e artigianato;;paritaria/equiparata;;dino moser;;via caltrezza, 13 38038;tesero;0462/813133;0462/813145;cfp.tesero@pec.it;;cfp.tesero@enaip.tn.it;https://tesero.enaiptrentino.it/;tnfp254sta
associazione pedagogica steineriana - trento;associazione r. steiner - secondaria i grado;;paritaria/equiparata;carlo musio;;;via conci, 86 38123;trento;0461/930658;;associazione@pec.scuolasteiner-trento.it;;segreteria@scuolasteiner-trento.it;https://www.scuolasteiner-trento.it;tn1m007003
centro formazione professionale enaip - tesero;settore servizi;;paritaria/equiparata;;dino moser;;via caltrezza, 13 38038;tesero;0462/813133;0462/813145;cfp.tesero@pec.it;;cfp.tesero@enaip.tn.it;https://tesero.enaiptrentino.it/;tnfp254sta
centro formazione professionale enaip - primiero;settore servizi;;paritaria/equiparata;;fausto eccher;;via forno - transacqua, 12 38054;primiero san martino di castrozza;0439/762057;0439/762833;cfp.primiero@pec.it;;cfp.primiero@enaip.tn.it;https://primiero.enaiptrentino.it/;tnfp253sta
centro formazione professionale enaip - villazzano;settore industria e artigianato serale;;paritaria/equiparata;;paola coccia;;via asiago, 14 38123;trento;0461/920386;0461/914935;cfp.villazzano@pec.it;;cfp.villazzano@enaip.tn.it;https://villazzano.enaiptrentino.it/;
associazione rudolf steiner per la pedagogia aps - rovereto;;scuola dell'infanzia;paritaria/equiparata;;;;via stazione mori, 10 38068;rovereto;;;;;;;
circolo di coordinamento n. 3;"scuola dell'infanzia di trento madonna bianca ""l'albero del sole""";;a carattere statale/provinciale;;;chiara nadalon;via bettini, 3 38123;trento;0461/922124;0461/497257;scuolainfanzia.madonnabianca@scuole.provincia.tn.it;;circolo.coordinamento03@provincia.tn.it;;
scuola ladina di fassa - scola ladina de fascia;"scuola primaria ""g. rizzi"" canazei";;a carattere statale/provinciale;federico corradini;;;via de magoa, 15 38032;canazei - cianacei;0462/763702;0462/760001;scuolaladinadifassa@pec.provincia.tn.it;dir.scuolaladinadifassa@scuole.provincia.tn.it;segr.scuolaladinadifassa@scuole.provincia.tn.it;https://www.scuolaladina.com/;tnee85001t
scuola ladina di fassa - scola ladina de fascia;"scuola primaria ""padre e. chiocchetti"" moena";;a carattere statale/provinciale;federico corradini;;;strada don giovanni iori, 19 38035;moena - moena;0462/763702;0462/760001;scuolaladinadifassa@pec.provincia.tn.it;dir.scuolaladinadifassa@scuole.provincia.tn.it;segr.scuolaladinadifassa@scuole.provincia.tn.it;https://www.scuolaladina.com/;tnee85002v
scuola ladina di fassa - scola ladina de fascia;scuola secondaria di primo grado pozza di fassa;;a carattere statale/provinciale;federico corradini;;;strada dolomites - pozza di fassa, 67 38036;san giovanni di fassa - sen jan;0462/763702;0462/760001;scuolaladinadifassa@pec.provincia.tn.it;dir.scuolaladinadifassa@scuole.provincia.tn.it;segr.scuolaladinadifassa@scuole.provincia.tn.it;https://www.scuolaladina.com/;tnmm85003v
scuola ladina di fassa - scola ladina de fascia;liceo ladino delle lingue;;a carattere statale/provinciale;federico corradini;;;strada de pra del monech, 6 38036;san giovanni di fassa - sen jan;0462/763702;0462/760001;scuolaladinadifassa@pec.provincia.tn.it;dir.scuolaladinadifassa@scuole.provincia.tn.it;segr.scuolaladinadifassa@scuole.provincia.tn.it;https://www.scuolaladina.com/;tnps09000q
scuola ladina di fassa - scola ladina de fascia;"scuola secondaria di primo grado ""t. soraruf"" campitello di fassa";;a carattere statale/provinciale;federico corradini;;;strèda de marin, 3/a 38031;campitello di fassa - ciampedel;0462/763702;0462/760001;scuolaladinadifassa@pec.provincia.tn.it;dir.scuolaladinadifassa@scuole.provincia.tn.it;segr.scuolaladinadifassa@scuole.provincia.tn.it;https://www.scuolaladina.com/;tnmm85001r
scuola ladina di fassa - scola ladina de fascia;"scuola primaria ""don g. b. massar"" vigo di fassa";;a carattere statale/provinciale;federico corradini;;;piaz jan batista massar - vigo di fassa, 14 38039;san giovanni di fassa - sen jan;0462/763702;0462/760001;scuolaladinadifassa@pec.provincia.tn.it;dir.scuolaladinadifassa@scuole.provincia.tn.it;segr.scuolaladinadifassa@scuole.provincia.tn.it;https://www.scuolaladina.com/;tnee850063
scuola ladina di fassa - scola ladina de fascia;"scuola secondaria di primo grado ""don g. jori"" moena";;a carattere statale/provinciale;federico corradini;;;strada don giovanni iori, 19 38035;moena - moena;0462/763702;0462/760001;scuolaladinadifassa@pec.provincia.tn.it;dir.scuolaladinadifassa@scuole.provincia.tn.it;segr.scuolaladinadifassa@scuole.provincia.tn.it;https://www.scuolaladina.com/;tnmm85002t
scuola ladina di fassa - scola ladina de fascia;"scuola primaria ""don l. gross"" pozza di fassa";;a carattere statale/provinciale;federico corradini;;;strada de bagnes - pozza di fassa, 10 38036;san giovanni di fassa - sen jan;0462/763702;0462/760001;scuolaladinadifassa@pec.provincia.tn.it;dir.scuolaladinadifassa@scuole.provincia.tn.it;segr.scuolaladinadifassa@scuole.provincia.tn.it;https://www.scuolaladina.com/;tnee85003x
scuola ladina di fassa - scola ladina de fascia;liceo scientifico;;a carattere statale/provinciale;federico corradini;;;strada de pra del monech, 6 38036;san giovanni di fassa - sen jan;0462/763702;0462/760001;scuolaladinadifassa@pec.provincia.tn.it;dir.scuolaladinadifassa@scuole.provincia.tn.it;segr.scuolaladinadifassa@scuole.provincia.tn.it;https://www.scuolaladina.com/;tnps09000q
istituto comprensivo villa lagarina;;istituzione scolastica e formativa;a carattere statale/provinciale;tiziana chemotti;;;via stockstadt am rhein, 3 38060;villa lagarina;0464/411312;0464/411705;ic.villalagarina@pec.provincia.tn.it;dir.ic.villalagarina@scuole.provincia.tn.it;segr.ic.villalagarina@scuole.provincia.tn.it;https://www.icvillalagarina.it;tnic846004
istituto comprensivo mori;scuola primaria mori;;a carattere statale/provinciale;massimiliano latino;;;via scuole, 21 38065;mori;0464/918669;;ic.mori@pec.provincia.tn.it;dir.ic.mori@scuole.provincia.tn.it;segr.ic.mori@scuole.provincia.tn.it;https://www.icmori.it/;tnee84901n
"istituto di istruzione ""m. curie"" - pergine valsugana";istituto tecnico per il settore economico - pergine;;a carattere statale/provinciale;tiziana gulli;;;via san pietro, 4 38057;pergine valsugana;0461/511397;0461/531743;curie@pec.provincia.tn.it;dir.curie.pergine@scuole.provincia.tn.it;segr.curie.pergine@scuole.provincia.tn.it;https://www.curiepergine.it;tntd00401c
istituto comprensivo cavalese;scuola primaria castello di fiemme;;a carattere statale/provinciale;roberto trolli;;;via roma, 40 38030;castello-molina di fiemme;0462/340314;0462/342294;ic.cavalese@pec.provincia.tn.it;dir.cavalese@scuole.provincia.tn.it;segr.cavalese@scuole.provincia.tn.it;https://www.iccavalese.it;tnee809039
istituto comprensivo cavalese;scuola primaria cavalese;;a carattere statale/provinciale;roberto trolli;;;largo bosin, 2 38033;cavalese;0462/340314;0462/342294;ic.cavalese@pec.provincia.tn.it;dir.cavalese@scuole.provincia.tn.it;segr.cavalese@scuole.provincia.tn.it;https://www.iccavalese.it;tnee80905b
istituto comprensivo mezzolombardo - paganella;;istituzione scolastica e formativa;a carattere statale/provinciale;cinzia casna;;;via degli alpini, 17 38017;mezzolombardo;0461/601125;0461/601125;ic.mezzolombardo@pec.provincia.tn.it;dir.ic.mezzolombardo@scuole.provincia.tn.it;segr.ic.mezzolombardo@scuole.provincia.tn.it;https://icmezzolombardopaganella.edu.it;tnic824007
istituto comprensivo rovereto nord;"scuola secondaria di primo grado ""l. negrelli"" rovereto";;a carattere statale/provinciale;tiziana chiara pasquini;;;corso bettini, 67 38068;rovereto;0464/420759;0464/480415;ic.roveretonord@pec.provincia.tn.it;dir.ic.roveretonord@scuole.provincia.tn.it;segr.ic.roveretonord@scuole.provincia.tn.it;https://www.icroveretonord.it;tnmm859017
"istituto comprensivo del chiese ""don l. milani""";scuola primaria pieve di bono - creto;;a carattere statale/provinciale;romeo collini;;;via fiera - creto - pieve di bono, 1 38085;pieve di bono-prezzo;0465/674049;0465/687076;ic.chiese-storo@pec.provincia.tn.it;dir.ic.chiese@scuole.provincia.tn.it;segr.ic.chiese@scuole.provincia.tn.it;https://www.istitutodelchiese.it;tnee83808e
"istituto tecnico economico e tecnologico ""c.a. pilati"" - cles";educazione per adulti relativa al primo ciclo;;a carattere statale/provinciale;alfredo romantini;;;via iv novembre, 35 38023;cles;0463/421695;0463/421477;pilati@pec.provincia.tn.it;dir.itetpilati@scuole.provincia.tn.it;segr.itetpilati@scuole.provincia.tn.it;https://www.istitutopilati.it;tnct709002
istituto comprensivo lavis;"scuola primaria ""don g. grazioli"" lavis";;a carattere statale/provinciale;francesca lasaracina;;;via degasperi, 18 38015;lavis;0461/246535;0461/242955;ic.lavis@pec.provincia.tn.it;dir.ic.lavis@scuole.provincia.tn.it;segr.ic.lavis@scuole.provincia.tn.it;https://www.iclavis.it;tnee825015
"istituto tecnico economico e tecnologico ""c.a. pilati"" - cles";istituto tecnico per il settore tecnologico;;a carattere statale/provinciale;alfredo romantini;;;via iv novembre, 35 38023;cles;0463/421695;0463/421477;pilati@pec.provincia.tn.it;dir.itetpilati@scuole.provincia.tn.it;segr.itetpilati@scuole.provincia.tn.it;https://www.istitutopilati.it;tntd100001
istituto comprensivo valle dei laghi - dro;;istituzione scolastica e formativa;a carattere statale/provinciale;alessandro fabris;;;via roma - vezzano, 3 38070;vallelaghi;0461/864026;0461/340648;ic.valledeilaghi@pec.provincia.tn.it;dir.ic.valledeilaghi@scuole.provincia.tn.it;segr.ic.valledeilaghi@scuole.provincia.tn.it;https://www.icvalledeilaghidro.it;tnic84400c
"istituto di istruzione ""l. guetti"" - tione di trento";istituto tecnico per il settore tecnologico;;a carattere statale/provinciale;renato paoli;;;via durone, 53 38079;tione di trento;0465/321735;0465/322811;guetti@pec.provincia.tn.it;dir.guetti@scuole.provincia.tn.it;segr.guetti@scuole.provincia.tn.it;https://www.guetti.tn.it;tntd00701x
"istituto di istruzione ""m. curie"" - pergine valsugana";educazione per adulti relativa al primo ciclo;;a carattere statale/provinciale;tiziana gulli;;;via s pietro, 4 38057;pergine valsugana;0461/511397;0461/531743;curie@pec.provincia.tn.it;dir.curie.pergine@scuole.provincia.tn.it;segr.curie.pergine@scuole.provincia.tn.it;https://www.curiepergine.it;tnct703003
istituto comprensivo taio;"scuola primaria ""mons. a. negri"" tres";;a carattere statale/provinciale;maura zini;;;via nazionale -tres, 12 38012;predaia;0463/468193;0463/467616;ic.taio@pec.provincia.tn.it;dir.ictaio@scuole.provincia.tn.it;segr.ictaio@scuole.provincia.tn.it;https://www.ictaio.it;tnee826055
istituto comprensivo mezzolombardo - paganella;"scuola secondaria di primo grado ""c. battisti"" andalo";;a carattere statale/provinciale;cinzia casna;;;piazza s vito, 1 38010;andalo;0461/601125;0461/601125;ic.mezzolombardo@pec.provincia.tn.it;dir.ic.mezzolombardo@scuole.provincia.tn.it;segr.ic.mezzolombardo@scuole.provincia.tn.it;https://icmezzolombardopaganella.edu.it;tnmm82403a
istituto comprensivo civezzano;scuola primaria seregnano civezzano;;a carattere statale/provinciale;venera munafo';;;frazione cogatti,   38045;civezzano;0461/858485;0461/858901;ic.civezzano@pec.provincia.tn.it;dir.i.c.civezzano@scuole.provincia.tn.it;segr.i.c.civezzano@scuole.provincia.tn.it;https://www.iccivezzano.eu;tnee817027
"liceo ""a. rosmini"" - rovereto";liceo classico;;a carattere statale/provinciale;paolo pendenza;;;corso bettini, 86 38068;rovereto;0464/437700;0464/420025;rosmini.rovereto@pec.provincia.tn.it;dir.liceorosmini@scuole.provincia.tn.it;segr.liceorosmini@scuole.provincia.tn.it;https://www.liceorosmini.eu;tnpc02000a
istituto comprensivo alta val di sole;"scuola primaria ""e. bezzi"" ossana";;a carattere statale/provinciale;franco vanin;;;via di s antonio, 21 38026;ossana;0463/751261;0463/750043;ic.altavaldisole@pec.provincia.tn.it;dir.icaltavaldisole@scuole.provincia.tn.it;segr.icaltavaldisole@scuole.provincia.tn.it;https://www.icaltavaldisole.it;tnee832029
istituto comprensivo giudicarie esteriori;scuola primaria campo lomaso;;a carattere statale/provinciale;bruno gentilini;;;frazione campo lomaso - lomaso,  1 38070;comano terme;0465/701472;0465/702452;ic.giudicarieesteriori@pec.provincia.tn.it;dir.ic.pontearche@scuole.provincia.tn.it;segr.ic.pontearche@scuole.provincia.tn.it;https://www.giudicariescuola.it;tnee83704e
"istituto di istruzione ""la rosa bianca"" - cavalese";;istituzione scolastica e formativa;a carattere statale/provinciale;marco felicetti;;;via gandhi, 1 38033;cavalese;0462/341449;0462/248071;weisserose@pec.provincia.tn.it;dir.iicavalese@scuole.provincia.tn.it;segr.iicavalese@scuole.provincia.tn.it;https://www.scuolefiemme.tn.it;tnis00100p
istituto comprensivo mezzolombardo - paganella;"scuola secondaria di primo grado ""a. eccher dall'eco"" mezzolombardo";;a carattere statale/provinciale;cinzia casna;;;via degli alpini, 17 38017;mezzolombardo;0461/601125;0461/601125;ic.mezzolombardo@pec.provincia.tn.it;dir.ic.mezzolombardo@scuole.provincia.tn.it;segr.ic.mezzolombardo@scuole.provincia.tn.it;https://icmezzolombardopaganella.edu.it;tnmm824018
istituto comprensivo mezzocorona;"scuola primaria ""f.lli bronzetti"" rovere' della luna";;a carattere statale/provinciale;paola sigmund;;;via rosmini, 5/a 38030;rovere' della luna;0461/605409;0461/605142;ic.mezzocorona@pec.provincia.tn.it;dir.ic.mezzocorona@scuole.provincia.tn.it;segr.ic.mezzocorona@scuole.provincia.tn.it;https://www.icmezzocorona.it;tnee82305n
"istituto di istruzione ""a. degasperi"" - borgo valsugana";istituto tecnico per il settore economico serale;;a carattere statale/provinciale;giulio bertoldi;;;via xxiv maggio, 7 38051;borgo valsugana;0461/753647;0461/753364;degasperi@pec.provincia.tn.it;dir.istalcidedegasperi@scuole.provincia.tn.it;segr.istalcidedegasperi@scuole.provincia.tn.it;https://www.istalcidedegasperi.it;tntd002505
istituto comprensivo cembra;;istituzione scolastica e formativa;a carattere statale/provinciale;stefano chesini;;;via negritelle - cembra, 1 38034;cembra lisignago;0461/683006;0461/682166;ic.cembra@pec.provincia.tn.it;dir.cembra@scuole.provincia.tn.it;segr.cembra@scuole.provincia.tn.it;https://www.iccembra.it;tnic82200g
istituto comprensivo strigno e tesino;scuola primaria samone;;a carattere statale/provinciale;giuliana sighel;;;via delle praele, 21 38059;samone;0461/762046;0461/763409;ic.strignotesino@pec.provincia.tn.it;dir.ic.strignoetesino@scuole.provincia.tn.it;segr.ic.strignoetesino@scuole.provincia.tn.it;https://www.icstrignoetesino.it;tnee80104q
istituto comprensivo taio;"scuola secondaria di primo grado ""f. barbacovi"" taio";;a carattere statale/provinciale;maura zini;;;via degli alpini - taio, 17 38012;predaia;0463/468193;0463/467616;ic.taio@pec.provincia.tn.it;dir.ictaio@scuole.provincia.tn.it;segr.ictaio@scuole.provincia.tn.it;https://www.ictaio.it;tnmm82601x
istituto comprensivo trento 6;"scuola primaria ""san vigilio"" vela";;a carattere statale/provinciale;chiara ghetta;;;localita la vela, 3 38121;trento;0461/236214;0461/230583;ic.trento6@pec.provincia.tn.it;dir.ic.tn6@scuole.provincia.tn.it;segr.ic.tn6@scuole.provincia.tn.it;https://www.ictrento6.it;tnee85803e
"liceo linguistico ""s. m. scholl"" - trento";liceo linguistico;;a carattere statale/provinciale;chiara motter;;;via mattioli, 8 38122;trento;0461914499;0461915472;linguisticotrento@pec.provincia.tn.it;dir.linguisticotrento@scuole.provincia.tn.it;segr.linguisticotrento@scuole.provincia.tn.it;https://www.linguisticotrento.it;tnps11000q
istituto comprensivo centro valsugana;"scuola primaria ""p. martinelli"" roncegno terme";;a carattere statale/provinciale;loredana montanaro;;;via baldessari, 15 38050;roncegno terme;0461/764581;0461/771046;ic.centrovalsugana@pec.provincia.tn.it;dir.ic.centrovalsugana@scuole.provincia.tn.it;segr.ic.centrovalsugana@scuole.provincia.tn.it;https://www.iccentrovalsugana.it;tnee813075
istituto comprensivo riva 1;"scuola primaria ""n. pernici"" riva del garda";;a carattere statale/provinciale;paola bortolotti;;;viale pernici, 21 38066;riva del garda;0464/553088;0464/553088;riva1@pec.provincia.tn.it;dir.riva1@scuole.provincia.tn.it;segr.riva1@scuole.provincia.tn.it;https://www.riva1.it;tnee841013
"istituto comprensivo pergine 2 ""c. freinet""";"scuola primaria ""g. rodari"" pergine valsugana";;a carattere statale/provinciale;stefano morelato;;;via chimelli, 10 38057;pergine valsugana;0461/512312;0461/530043;ic.pergine2@pec.provincia.tn.it;dir.freinet@scuole.provincia.tn.it;segr.freinet@scuole.provincia.tn.it;https://www.icpergine2.it;tnee81501e
"liceo ""a. rosmini"" - rovereto";liceo linguistico;;a carattere statale/provinciale;paolo pendenza;;;corso bettini, 86 38068;rovereto;0464/437700;0464/420025;rosmini.rovereto@pec.provincia.tn.it;dir.liceorosmini@scuole.provincia.tn.it;segr.liceorosmini@scuole.provincia.tn.it;https://www.liceorosmini.eu;tnpc02000a
istituto comprensivo cembra;"scuola primaria ""don l. milani"" lases";;a carattere statale/provinciale;stefano chesini;;;via principale, 43 38040;lona-lases;0461/683006;0461/682166;ic.cembra@pec.provincia.tn.it;dir.cembra@scuole.provincia.tn.it;segr.cembra@scuole.provincia.tn.it;https://www.iccembra.it;tnee82206v
"istituto tecnico economico e tecnologico ""c.a. pilati"" - cles";istituto tecnico per il settore economico serale;;a carattere statale/provinciale;alfredo romantini;;;via iv novembre, 35 38023;cles;0463/421695;0463/421477;pilati@pec.provincia.tn.it;dir.itetpilati@scuole.provincia.tn.it;segr.itetpilati@scuole.provincia.tn.it;https://www.istitutopilati.it;tntd10050a
istituto comprensivo mezzocorona;"scuola primaria ""a. degasperi"" mezzocorona";;a carattere statale/provinciale;paola sigmund;;;via dante, 9 38016;mezzocorona;0461/605409;0461/605142;ic.mezzocorona@pec.provincia.tn.it;dir.ic.mezzocorona@scuole.provincia.tn.it;segr.ic.mezzocorona@scuole.provincia.tn.it;https://www.icmezzocorona.it;tnee82304l
istituto comprensivo civezzano;"scuola primaria ""a. girardi"" fornace";;a carattere statale/provinciale;venera munafo';;;via dei mori, 2 38040;fornace;0461/858485;0461/858901;ic.civezzano@pec.provincia.tn.it;dir.i.c.civezzano@scuole.provincia.tn.it;segr.i.c.civezzano@scuole.provincia.tn.it;https://www.iccivezzano.eu;tnee817038
istituto comprensivo giudicarie esteriori;scuola primaria rango bleggio superiore;;a carattere statale/provinciale;bruno gentilini;;;frazione rango,   38071;bleggio superiore;0465/701472;0465/702452;ic.giudicarieesteriori@pec.provincia.tn.it;dir.ic.pontearche@scuole.provincia.tn.it;segr.ic.pontearche@scuole.provincia.tn.it;https://www.giudicariescuola.it;tnee83702c
"istituto di istruzione ""m. martini"" - mezzolombardo";liceo scientifico opzione scienze applicate;;a carattere statale/provinciale;valentina zanolla;;;via perlasca, 4 38017;mezzolombardo;0461/601122;0461/601470;martini@pec.provincia.tn.it;dir.martini.mezzolombardo@scuole.provincia.tn.it;segr.martini.mezzolombardo@scuole.provincia.tn.it;https://www.martinomartini.eu;tnps00301r
istituto comprensivo mezzolombardo - paganella;"scuola primaria ""don l. rossi"" fai della paganella";;a carattere statale/provinciale;cinzia casna;;;via villa, 21 38010;fai della paganella;0461/601125;0461/601125;ic.mezzolombardo@pec.provincia.tn.it;dir.ic.mezzolombardo@scuole.provincia.tn.it;segr.ic.mezzolombardo@scuole.provincia.tn.it;https://icmezzolombardopaganella.edu.it;tnee82405d
istituto comprensivo civezzano;scuola secondaria di primo grado albiano;;a carattere statale/provinciale;venera munafo';;;via manzoni, 10 38041;albiano;0461/858485;0461/858901;ic.civezzano@pec.provincia.tn.it;dir.i.c.civezzano@scuole.provincia.tn.it;segr.i.c.civezzano@scuole.provincia.tn.it;https://www.iccivezzano.eu;tnmm817026
istituto comprensivo cavalese;scuola primaria molina di fiemme;;a carattere statale/provinciale;roberto trolli;;;via segherie, 64/b 38030;castello-molina di fiemme;0462/340314;0462/342294;ic.cavalese@pec.provincia.tn.it;dir.cavalese@scuole.provincia.tn.it;segr.cavalese@scuole.provincia.tn.it;https://www.iccavalese.it;tnee80904a
"istituto di istruzione ""m. martini"" - mezzolombardo";istituto tecnico per il settore tecnologico;;a carattere statale/provinciale;valentina zanolla;;;via perlasca, 4 38017;mezzolombardo;0461/601122;0461/601470;martini@pec.provincia.tn.it;dir.martini.mezzolombardo@scuole.provincia.tn.it;segr.martini.mezzolombardo@scuole.provincia.tn.it;https://www.martinomartini.eu;tntd00301l
istituto comprensivo rovereto est;"scuola primaria ""n. valduga"" terragnolo";;a carattere statale/provinciale;michele rosa;;;frazione piazza di terragnolo, 18 38060;terragnolo;0464/433709;0464/450456;ic.roveretoest@pec.provincia.tn.it;dir.ic.roveretoest@scuole.provincia.tn.it;segr.ic.roveretoest@scuole.provincia.tn.it;https://www.roveretoest.it;tnee85304c
istituto comprensivo taio;"scuola secondaria di primo grado ""f. barbacovi"" coredo";;a carattere statale/provinciale;maura zini;;;via delle scuole - coredo,  6 38012;predaia;0463/468193;0463/467616;ic.taio@pec.provincia.tn.it;dir.ictaio@scuole.provincia.tn.it;segr.ictaio@scuole.provincia.tn.it;https://www.ictaio.it;tnmm826021
collegio arcivescovile c.endrici - trento;istituto tecnico per il settore economico;;paritaria/equiparata;christian bonazza;bruno daves;;via monsignor  endrici, 23 38122;trento;0461/1731200;0461/1731288;collegioarcivescovile@pec.it;collegioarcivescovile@arcivescoviletrento.it;didatticatn@arcivescoviletrento.it;https://www.arcivescoviletrento.it;tntd37500f
istituto comprensivo riva 1;"scuola secondaria di primo grado ""d. chiesa"" riva del garda";;a carattere statale/provinciale;paola bortolotti;;;viale damiano chiesa, 10 38066;riva del garda;0464/553088;0464/553088;riva1@pec.provincia.tn.it;dir.riva1@scuole.provincia.tn.it;segr.riva1@scuole.provincia.tn.it;https://www.riva1.it;tnmm841012
"istituto di istruzione ""a. degasperi"" - borgo valsugana";istituto tecnico per il settore tecnologico;;a carattere statale/provinciale;giulio bertoldi;;;via xxiv maggio, 7 38051;borgo valsugana;0461/753647;0461/753364;degasperi@pec.provincia.tn.it;dir.istalcidedegasperi@scuole.provincia.tn.it;segr.istalcidedegasperi@scuole.provincia.tn.it;https://www.istalcidedegasperi.it;tntd00201r
istituto comprensivo strigno e tesino;scuola primaria strigno;;a carattere statale/provinciale;giuliana sighel;;;piazza iv novembre - strigno, 12/a 38059;castel ivano;0461/762046;0461/763409;ic.strignotesino@pec.provincia.tn.it;dir.ic.strignoetesino@scuole.provincia.tn.it;segr.ic.strignoetesino@scuole.provincia.tn.it;https://www.icstrignoetesino.it;tnee80106t
istituto comprensivo valle dei laghi - dro;scuola primaria pietramurata;;a carattere statale/provinciale;alessandro fabris;;;piazza mercato,   38074;dro;0461/864026;0461/340648;ic.valledeilaghi@pec.provincia.tn.it;dir.ic.valledeilaghi@scuole.provincia.tn.it;segr.ic.valledeilaghi@scuole.provincia.tn.it;https://www.icvalledeilaghidro.it;tnee844101
istituto salesiano maria ausiliatrice - trento;scuola secondaria di primo grado maria ausiliatrice trento;;paritaria/equiparata;lara pisetta;;;via barbacovi, 22 38122;trento;0461/885555;;sdbtrento@pcert.postecert.it;;segreteria@sdbtrento.it;https://www.sdbtrento.it;tn1m00500b
"istituto di istruzione ""l. guetti"" - tione di trento";liceo scientifico;;a carattere statale/provinciale;renato paoli;;;via durone, 53 38079;tione di trento;0465/321735;0465/322811;guetti@pec.provincia.tn.it;dir.guetti@scuole.provincia.tn.it;segr.guetti@scuole.provincia.tn.it;https://www.guetti.tn.it;tnps007014
istituto comprensivo centro valsugana;scuola primaria ronchi valsugana;;a carattere statale/provinciale;loredana montanaro;;;via marchi, 14 38050;ronchi valsugana;0461/764581;0461/771046;ic.centrovalsugana@pec.provincia.tn.it;dir.ic.centrovalsugana@scuole.provincia.tn.it;segr.ic.centrovalsugana@scuole.provincia.tn.it;https://www.iccentrovalsugana.it;tnee813109
istituto comprensivo riva 1;scuola primaria s. alessandro riva del garda;;a carattere statale/provinciale;paola bortolotti;;;via s alessandro, 11 38066;riva del garda;0464/553088;0464/553088;riva1@pec.provincia.tn.it;dir.riva1@scuole.provincia.tn.it;segr.riva1@scuole.provincia.tn.it;https://www.riva1.it;tnee841057
istituto comprensivo lavis;scuola primaria pressano lavis;;a carattere statale/provinciale;francesca lasaracina;;;via pilati, 31 38015;lavis;0461/246535;0461/242955;ic.lavis@pec.provincia.tn.it;dir.ic.lavis@scuole.provincia.tn.it;segr.ic.lavis@scuole.provincia.tn.it;https://www.iclavis.it;tnee825026
"istituto di istruzione ""l. guetti"" - tione di trento";educazione per adulti relativa al primo ciclo;;a carattere statale/provinciale;renato paoli;;;via durone, 53 38079;tione di trento;0465/321735;0465/322811;guetti@pec.provincia.tn.it;dir.guetti@scuole.provincia.tn.it;segr.guetti@scuole.provincia.tn.it;https://www.guetti.tn.it;tnct711002
istituto comprensivo bassa anaunia - tuenno;scuola primaria tassullo;;a carattere statale/provinciale;licia campi;;;piazza pilati - tassullo, 6 38019;ville d'anaunia;0461/655783;0461/655783;ic.bassaanaunia@pec.provincia.tn.it;dir.ic.bassaanauniatuenno@scuole.provincia.tn.it;segr.ic.denno@scuole.provincia.tn.it;https://www.icbassaanauniatuenno.it;tnee82908q
istituto comprensivo di scuola primaria e secondaria di primiero;;istituzione scolastica e formativa;a carattere statale/provinciale;maria prodi;;;via delle fonti - transacqua, 10 38054;primiero san martino di castrozza;0439/62435;0439/762466;ic.primiero@pec.provincia.tn.it;dir.icprimiero@scuole.provincia.tn.it;segr.icprimiero@scuole.provincia.tn.it;https://www.scuoleprimiero.it;tnic810009
"istituto comprensivo riva 2 ""l. pizzini""";"scuola secondaria di primo grado ""s. sighele"" riva del garda";;a carattere statale/provinciale;maurizio caproni;;;piazza contini, 8 38066;riva del garda;0464/552170;0464/520789;ic.riva2@pec.provincia.tn.it;dir.ic.riva2@scuole.provincia.tn.it;segr.ic.riva2@scuole.provincia.tn.it;https://www.riva2.it;tnmm84201t
istituto comprensivo valle dei laghi - dro;scuola primaria cavedine;;a carattere statale/provinciale;alessandro fabris;;;via don negri, 21 38073;cavedine;0461/864026;0461/340648;ic.valledeilaghi@pec.provincia.tn.it;dir.ic.valledeilaghi@scuole.provincia.tn.it;segr.ic.valledeilaghi@scuole.provincia.tn.it;https://www.icvalledeilaghidro.it;tnee84406q
istituto comprensivo pergine 1;"scuola secondaria di primo grado ""c. andreatta"" pergine valsugana";;a carattere statale/provinciale;daniela fruet;;;via caduti, 39 38057;pergine valsugana;0461/532261;0461/533167;ic.pergine1@pec.provincia.tn.it;dir.ic.pergine1@scuole.provincia.tn.it;segr.ic.pergine1@scuole.provincia.tn.it;https://www.icpergine1.it/;tnmm81401n
cooperativa sociale sacra famiglia onlus;scuola primaria sacra famiglia trento;;paritaria/equiparata;marcello sottopietra;;;via della saluga, 7 38121;trento;0461/080041;;cooperativasacrafamiglia@pec.it;segreteria@sacrafamigliatrento.it;segreteria@sacrafamigliatrento.it;https://www.sacrafamigliatrento.it;tn1e005006
istituto comprensivo mezzocorona;"scuola primaria ""f. biasi"" s.michele all'adige";;a carattere statale/provinciale;paola sigmund;;;via biasi, 1 38010;san michele all'adige;0461/605409;0461/605142;ic.mezzocorona@pec.provincia.tn.it;dir.ic.mezzocorona@scuole.provincia.tn.it;segr.ic.mezzocorona@scuole.provincia.tn.it;https://www.icmezzocorona.it;tnee82302e
istituto comprensivo alta val di sole;scuola primaria cogolo di peio;;a carattere statale/provinciale;franco vanin;;;via rosmini, 6 38024;peio;0463/754498;0463/750043;ic.altavaldisole@pec.provincia.tn.it;dir.icaltavaldisole@scuole.provincia.tn.it;segr.icaltavaldisole@scuole.provincia.tn.it;https://www.icaltavaldisole.it;tnee83204b
istituto comprensivo valle dei laghi - dro;scuola primaria sarche calavino;;a carattere statale/provinciale;alessandro fabris;;;via caffaro - sarche - calavino, 2 38076;madruzzo;0461/864026;0461/340648;ic.valledeilaghi@pec.provincia.tn.it;dir.ic.valledeilaghi@scuole.provincia.tn.it;segr.ic.valledeilaghi@scuole.provincia.tn.it;https://www.icvalledeilaghidro.it;tnee84401e
istituto comprensivo levico terme;"scuola secondaria di primo grado ""g. b. de gasparis"" levico terme";;a carattere statale/provinciale;ezio montibeller;;;via della pace, 5 38056;levico terme;0461/706146;0461/706099;ic.levicoterme@pec.provincia.tn.it;dir.ic.levico@scuole.provincia.tn.it;segr.ic.levico@scuole.provincia.tn.it;https://www.iclevico.eu;tnmm818011
istituto comprensivo alta val di sole;;istituzione scolastica e formativa;a carattere statale/provinciale;franco vanin;;;via s michele, 11 38026;ossana;0463/751129;0463/750043;ic.altavaldisole@pec.provincia.tn.it;dir.icaltavaldisole@scuole.provincia.tn.it;segr.icaltavaldisole@scuole.provincia.tn.it;https://www.icaltavaldisole.it;tnic832006
"societa' cooperativa a r.l. ""i. de carneri"" oxford civezzano";istituto tecnico per il settore tecnologico;;paritaria/equiparata;giovanni scalfi;claudio march;;via murialdo, 30 38045;civezzano;0461/857003;0461/857284;oxford@pec.cooperazionetrentina.it;;info@istitutodecarneri.it;https://www.istitutodecarneri.it;tnte045005
"istituto di istruzione ""la rosa bianca"" - cavalese";istituto tecnico per il settore tecnologico;;a carattere statale/provinciale;marco felicetti;;;via gandhi, 1 38033;cavalese;0462/341449;0462/248071;weisserose@pec.provincia.tn.it;dir.iicavalese@scuole.provincia.tn.it;segr.iicavalese@scuole.provincia.tn.it;https://www.scuolefiemme.tn.it;tntl00101b
istituto comprensivo cavalese;"scuola secondaria di primo grado ""g. segantini"" cavalese";;a carattere statale/provinciale;roberto trolli;;;piazza verdi, 6 38033;cavalese;0462/340314;0462/342294;ic.cavalese@pec.provincia.tn.it;dir.cavalese@scuole.provincia.tn.it;segr.cavalese@scuole.provincia.tn.it;https://www.iccavalese.it;tnmm809016
"liceo ""a. rosmini"" - rovereto";;istituzione scolastica e formativa;a carattere statale/provinciale;paolo pendenza;;;corso bettini, 86 38068;rovereto;0464/437700;0464/420025;rosmini.rovereto@pec.provincia.tn.it;dir.liceorosmini@scuole.provincia.tn.it;segr.liceorosmini@scuole.provincia.tn.it;https://www.liceorosmini.eu;tnpc02000a
"istituto comprensivo pergine 2 ""c. freinet""";;istituzione scolastica e formativa;a carattere statale/provinciale;stefano morelato;;;via amstetten, 4 38057;pergine valsugana;0461/512312;0461/530043;ic.pergine2@pec.provincia.tn.it;dir.freinet@scuole.provincia.tn.it;segr.freinet@scuole.provincia.tn.it;https://www.icpergine2.it;tnic81500c
istituto comprensivo strigno e tesino;scuola secondaria di primo grado castello tesino;;a carattere statale/provinciale;giuliana sighel;;;via battisti, 2 38053;castello tesino;0461/762046;0461/763409;ic.strignotesino@pec.provincia.tn.it;dir.ic.strignoetesino@scuole.provincia.tn.it;segr.ic.strignoetesino@scuole.provincia.tn.it;https://www.icstrignoetesino.it;tnmm80101g
"istituto di istruzione ""m. curie"" - pergine valsugana";liceo delle scienze umane;;a carattere statale/provinciale;tiziana gulli;;;via s pietro, 4 38057;pergine valsugana;0461/511397;0461/531743;curie@pec.provincia.tn.it;dir.curie.pergine@scuole.provincia.tn.it;segr.curie.pergine@scuole.provincia.tn.it;https://www.curiepergine.it;tnps00401l
"istituto comprensivo del chiese ""don l. milani""";"scuola primaria ""padre c. gnesotti"" storo";;a carattere statale/provinciale;romeo collini;;;via papaleoni, 5 38089;storo;0465/686039;0465/687076;ic.chiese-storo@pec.provincia.tn.it;dir.ic.chiese@scuole.provincia.tn.it;segr.ic.chiese@scuole.provincia.tn.it;https://www.istitutodelchiese.it;tnee83804a
istituto comprensivo bassa anaunia - tuenno;scuola primaria flavon;;a carattere statale/provinciale;licia campi;;;via nazionale - flavon,   38010;contá;0461/655783;0461/655783;ic.bassaanaunia@pec.provincia.tn.it;dir.ic.bassaanauniatuenno@scuole.provincia.tn.it;segr.ic.denno@scuole.provincia.tn.it;https://www.icbassaanauniatuenno.it;tnee82906n
istituto comprensivo riva 1;scuola primaria nago torbole;;a carattere statale/provinciale;paola bortolotti;;;via de bonetti,   38069;nago-torbole;0464/553088;0464/553088;riva1@pec.provincia.tn.it;dir.riva1@scuole.provincia.tn.it;segr.riva1@scuole.provincia.tn.it;https://www.riva1.it;tnee841035
"istituto comprensivo cles ""b. clesio""";"scuola primaria ""o.focherini m.marchesi"" mione rumo";;a carattere statale/provinciale;massimo gaburro;;;via di ronco - mione, 17 38020;rumo;0463/421457;0463/424830;ic.cles@pec.provincia.tn.it;dir.ic.cles@scuole.provincia.tn.it;segr.ic.cles@scuole.provincia.tn.it;https://www.iccles.it;tnee83103e
istituto comprensivo giudicarie esteriori;;istituzione scolastica e formativa;a carattere statale/provinciale;bruno gentilini;;;via s giovanni bosco - ponte arche - bleggio inferiore, 14 38070;comano terme;0465/701472;0465/702452;ic.giudicarieesteriori@pec.provincia.tn.it;dir.ic.pontearche@scuole.provincia.tn.it;segr.ic.pontearche@scuole.provincia.tn.it;https://www.giudicariescuola.it;tnic837009
"istituto di istruzione ""a. degasperi"" - borgo valsugana";liceo scientifico;;a carattere statale/provinciale;giulio bertoldi;;;via xxiv maggio, 7 38051;borgo valsugana;0461/753647;0461/753364;degasperi@pec.provincia.tn.it;dir.istalcidedegasperi@scuole.provincia.tn.it;segr.istalcidedegasperi@scuole.provincia.tn.it;https://www.istalcidedegasperi.it;tnps002011
"liceo ""a. rosmini"" - rovereto";liceo scientifico opzione scienze applicate;;a carattere statale/provinciale;paolo pendenza;;;corso bettini, 86 38068;rovereto;0464/437700;0464/420025;rosmini.rovereto@pec.provincia.tn.it;dir.liceorosmini@scuole.provincia.tn.it;segr.liceorosmini@scuole.provincia.tn.it;https://www.liceorosmini.eu;tnpc02000a
istituto comprensivo pergine 1;scuola primaria canezza;;a carattere statale/provinciale;daniela fruet;;;via delle scuole, 4 38057;pergine valsugana;0461/532261;0461/533167;ic.pergine1@pec.provincia.tn.it;dir.ic.pergine1@scuole.provincia.tn.it;segr.ic.pergine1@scuole.provincia.tn.it;https://www.icpergine1.it/;tnee81403r
centro formazione professionale opera armida barelli - levico;settore servizi;;paritaria/equiparata;bernardo zanoner;michele linardi;;viale roma, 61 38056;levico terme;0461/706145;0461/701940;cfplevico@pec.operaarmidabarelli.org;;cfplevico@operaarmidabarelli.org;https://www.operaarmidabarelli.org;tnfp272sta
istituto comprensivo pergine 1;scuola primaria s.felice fierozzo;;a carattere statale/provinciale;daniela fruet;;;maso ronca, 1 38050;fierozzo - vlarötz;0461/532261;0461/533167;ic.pergine1@pec.provincia.tn.it;dir.ic.pergine1@scuole.provincia.tn.it;segr.ic.pergine1@scuole.provincia.tn.it;https://www.icpergine1.it/;tnee81401p
istituto comprensivo mezzolombardo - paganella;scuola primaria andalo;;a carattere statale/provinciale;cinzia casna;;;piazza s vito, 1 38010;andalo;0461/601125;0461/601125;ic.mezzolombardo@pec.provincia.tn.it;dir.ic.mezzolombardo@scuole.provincia.tn.it;segr.ic.mezzolombardo@scuole.provincia.tn.it;https://icmezzolombardopaganella.edu.it;tnee82406e
"istituto comprensivo cles ""b. clesio""";"scuola secondaria di primo grado ""v. inama"" cles";;a carattere statale/provinciale;massimo gaburro;;;via chini, 31 38023;cles;0463/421457;0463/424830;ic.cles@pec.provincia.tn.it;dir.ic.cles@scuole.provincia.tn.it;segr.ic.cles@scuole.provincia.tn.it;https://www.iccles.it;tnmm83101b
istituto comprensivo strigno e tesino;"scuola primaria ""a. degasperi"" pieve tesino";;a carattere statale/provinciale;giuliana sighel;;;via brigata abruzzi, 6 38050;pieve tesino;0461/762046;0461/763409;ic.strignotesino@pec.provincia.tn.it;dir.ic.strignoetesino@scuole.provincia.tn.it;segr.ic.strignoetesino@scuole.provincia.tn.it;https://www.icstrignoetesino.it;tnee80102n
"istituto comprensivo del chiese ""don l. milani""";;istituzione scolastica e formativa;a carattere statale/provinciale;romeo collini;;;via papaleoni, 5 38089;storo;0465/686039;0465/687076;ic.chiese-storo@pec.provincia.tn.it;dir.ic.chiese@scuole.provincia.tn.it;segr.ic.chiese@scuole.provincia.tn.it;https://www.istitutodelchiese.it;tnic838005
"societa' cooperativa a r.l. ""i. de carneri"" oxford civezzano";settore servizi;;paritaria/equiparata;giovanni scalfi;claudio march;;via murialdo, 30 38045;civezzano;0461/857003;0461/857284;oxford@pec.cooperazionetrentina.it;;info@istitutodecarneri.it;https://www.istitutodecarneri.it;tnfp269sta
istituto comprensivo alta val di sole;scuola primaria commezzadura;;a carattere statale/provinciale;franco vanin;;;via del comun, 5 38020;commezzadura;0463/751129;0463/750043;ic.altavaldisole@pec.provincia.tn.it;dir.icaltavaldisole@scuole.provincia.tn.it;segr.icaltavaldisole@scuole.provincia.tn.it;https://www.icaltavaldisole.it;tnee83208g
"liceo scientifico ""g. galilei"" - trento";;istituzione scolastica e formativa;a carattere statale/provinciale;elena ruggieri;;;viale bolognini, 88 38122;trento;0461/913479;0461/913367;galilei@pec.provincia.tn.it;dir.liceogalilei@scuole.provincia.tn.it;segr.liceogalilei@scuole.provincia.tn.it;https://www.lsgalilei.org/;tnps01000v
istituto comprensivo aldeno mattarello;scuola primaria cimone;;a carattere statale/provinciale;michele ruele;;;frazione petrolli, 37 38060;cimone;0461/855215;0464/946007;ic.aldeno-mattarello@pec.provincia.tn.it;dir.aldeno.mattarello@scuole.provincia.tn.it;segr.aldeno.mattarello@scuole.provincia.tn.it;https://www.icaldenomattarello.it;tnee82103x
istituto comprensivo trento 6;"scuola primaria ""a. schmid"" cristo re trento";;a carattere statale/provinciale;chiara ghetta;;;via schmid, 4 38121;trento;0461/236214;0461/230583;ic.trento6@pec.provincia.tn.it;dir.ic.tn6@scuole.provincia.tn.it;segr.ic.tn6@scuole.provincia.tn.it;https://www.ictrento6.it;tnee85802d
"istituto comprensivo ala ""antonio bresciani""";"scuola primaria ""a. betta"" ala";;a carattere statale/provinciale;maura maino;;;via betta, 9 38061;ala;0464/671027;0464/674138;ic.ala@pec.provincia.tn.it;dir.ic.ala@scuole.provincia.tn.it;segr.ic.ala@scuole.provincia.tn.it;https://www.istitutocomprensivoala.it;tnee84801t
"istituto di istruzione ""la rosa bianca"" - cavalese";istituto tecnico per il settore economico - predazzo;;a carattere statale/provinciale;marco felicetti;;;corso degasperi, 14 38037;predazzo;0462/341449;0462/248071;weisserose@pec.provincia.tn.it;dir.iicavalese@scuole.provincia.tn.it;segr.iicavalese@scuole.provincia.tn.it;https://www.scuolefiemme.tn.it;tntd001011
"istituto comprensivo trento 2 ""j. a. comenius""";;istituzione scolastica e formativa;a carattere statale/provinciale;carlo zanetti;;;via ponte alto, 2/1 38121;trento;0461/982113;0461/237554;ic.comenius@pec.provincia.tn.it;dir.ictn2@scuole.provincia.tn.it;segr.ictn2@scuole.provincia.tn.it;https://www.icomenius.it;tnic82000x
"istituto di istruzione ""a. degasperi"" - borgo valsugana";istituto tecnico per il settore tecnologico serale;;a carattere statale/provinciale;giulio bertoldi;;;via xxiv maggio, 7 38051;borgo valsugana;0461/753647;0461/753364;degasperi@pec.provincia.tn.it;dir.istalcidedegasperi@scuole.provincia.tn.it;segr.istalcidedegasperi@scuole.provincia.tn.it;https://www.istalcidedegasperi.it;tntd002505
"istituto tecnico economico e tecnologico ""g. floriani"" - riva del garda";istituto tecnico per il settore tecnologico;;a carattere statale/provinciale;paolo chincarini;;;viale dei tigli, 43 38066;riva del garda;0464/578511;0464/578555;floriani@pec.provincia.tn.it;dir.istitutofloriani@scuole.provincia.tn.it;segr.istitutofloriani@scuole.provincia.tn.it;https://www.g-floriani.it;tntd00801q
istituto comprensivo villa lagarina;"scuola primaria ""l. vicentini"" nomi";;a carattere statale/provinciale;tiziana chemotti;;;via romani, 12 38060;nomi;0464/411312;0464/411705;ic.villalagarina@pec.provincia.tn.it;dir.ic.villalagarina@scuole.provincia.tn.it;segr.ic.villalagarina@scuole.provincia.tn.it;https://www.icvillalagarina.it;tnee84606b
istituto comprensivo di scuola primaria e secondaria di primiero;"scuola primaria ""f. loss"" canal san bovo";;a carattere statale/provinciale;maria prodi;;;localita lausen, 14 38050;canal san bovo;0439/62435;0439/762466;ic.primiero@pec.provincia.tn.it;dir.icprimiero@scuole.provincia.tn.it;segr.icprimiero@scuole.provincia.tn.it;https://www.scuoleprimiero.it;tnee81001b
"istituto comprensivo riva 2 ""l. pizzini""";;istituzione scolastica e formativa;a carattere statale/provinciale;maurizio caproni;;;piazza contini, 8 38066;riva del garda;0464/552170;0464/520789;ic.riva2@pec.provincia.tn.it;dir.ic.riva2@scuole.provincia.tn.it;segr.ic.riva2@scuole.provincia.tn.it;https://www.riva2.it;tnic84200r
istituto comprensivo lavis;"scuola primaria ""a. frank"" zambana";;a carattere statale/provinciale;francesca lasaracina;;;piazza ss filippo e giacomo, 1 38010;terre d'adige;0461/246535;0461/242955;ic.lavis@pec.provincia.tn.it;dir.ic.lavis@scuole.provincia.tn.it;segr.ic.lavis@scuole.provincia.tn.it;https://www.iclavis.it;tnee825037
istituto comprensivo strigno e tesino;scuola primaria villa agnedo;;a carattere statale/provinciale;giuliana sighel;;;via dei molini - agnedo, 36 38059;castel ivano;0461/762046;0461/763409;ic.strignotesino@pec.provincia.tn.it;dir.ic.strignoetesino@scuole.provincia.tn.it;segr.ic.strignoetesino@scuole.provincia.tn.it;https://www.icstrignoetesino.it;tnee80107v
istituto comprensivo mezzolombardo - paganella;scuola secondaria di primo grado spormaggiore;;a carattere statale/provinciale;cinzia casna;;;via alt spaur, 5 38010;spormaggiore;0461/601125;0461/601125;ic.mezzolombardo@pec.provincia.tn.it;dir.ic.mezzolombardo@scuole.provincia.tn.it;segr.ic.mezzolombardo@scuole.provincia.tn.it;https://icmezzolombardopaganella.edu.it;tnmm82404b
istituto comprensivo di scuola primaria e secondaria di primiero;istituto tecnico per il settore tecnologico;;a carattere statale/provinciale;maria prodi;;;via delle fonti - transacqua, 10 38054;primiero san martino di castrozza;0439/62435;0439/762466;ic.primiero@pec.provincia.tn.it;dir.icprimiero@scuole.provincia.tn.it;segr.icprimiero@scuole.provincia.tn.it;https://www.scuoleprimiero.it;tntd170007
"istituto di istruzione ""m. martini"" - mezzolombardo";educazione per adulti relativa al primo ciclo;;a carattere statale/provinciale;valentina zanolla;;;via perlasca, 4 38017;mezzolombardo;0461/601122;0461/601470;martini@pec.provincia.tn.it;dir.martini.mezzolombardo@scuole.provincia.tn.it;segr.martini.mezzolombardo@scuole.provincia.tn.it;https://www.martinomartini.eu;tnct70400v
istituto comprensivo trento 6;;istituzione scolastica e formativa;a carattere statale/provinciale;chiara ghetta;;;corso buonarroti, 50 38122;trento;0461/236214;0461/230583;ic.trento6@pec.provincia.tn.it;dir.ic.tn6@scuole.provincia.tn.it;segr.ic.tn6@scuole.provincia.tn.it;https://www.ictrento6.it;tnic85800a
istituto comprensivo mori;scuola primaria ronzo chienis;;a carattere statale/provinciale;massimiliano latino;;;via del car, 38 38060;ronzo-chienis;0464/918669;;ic.mori@pec.provincia.tn.it;dir.ic.mori@scuole.provincia.tn.it;segr.ic.mori@scuole.provincia.tn.it;https://www.icmori.it/;tnee84903q
"istituto comprensivo trento 2 ""j. a. comenius""";"scuola secondaria di primo grado ""argentario"" trento";;a carattere statale/provinciale;carlo zanetti;;;via ponte alto, 2/1 38121;trento;0461/982113;0461/237554;ic.comenius@pec.provincia.tn.it;dir.ictn2@scuole.provincia.tn.it;segr.ictn2@scuole.provincia.tn.it;https://www.icomenius.it;tnmm820011
istituto comprensivo cavalese;;istituzione scolastica e formativa;a carattere statale/provinciale;roberto trolli;;;piazza verdi, 6 38033;cavalese;0462/340314;0462/342294;ic.cavalese@pec.provincia.tn.it;dir.cavalese@scuole.provincia.tn.it;segr.cavalese@scuole.provincia.tn.it;https://www.iccavalese.it;tnic809005
istituto comprensivo vigolo vattaro;"scuola primaria ""a. fogazzaro"" vattaro";;a carattere statale/provinciale;gabriella vitale;;;via venezia - bosentino, 12/a 38049;altopiano della vigolana;0461/848878;0461/845217;ic.vigolovattaro@pec.provincia.tn.it;dir.vigolovattaro@scuole.provincia.tn.it;segr.vigolovattaro@scuole.provincia.tn.it;https://www.icvigolovattaro.it;tnee803029
istituto comprensivo di scuola primaria e secondaria di primiero;"scuola primaria ""b. zanetel"" s.martino di castrozza";;a carattere statale/provinciale;maria prodi;;;via laghetto - san martino di castrozza, 28 38054;primiero san martino di castrozza;0439/62435;0439/762466;ic.primiero@pec.provincia.tn.it;dir.icprimiero@scuole.provincia.tn.it;segr.icprimiero@scuole.provincia.tn.it;https://www.scuoleprimiero.it;tnee81006l
"istituto di istruzione ""la rosa bianca"" - cavalese";liceo scientifico;;a carattere statale/provinciale;marco felicetti;;;via gandhi, 1 38033;cavalese;0462/341449;0462/248071;weisserose@pec.provincia.tn.it;dir.iicavalese@scuole.provincia.tn.it;segr.iicavalese@scuole.provincia.tn.it;https://www.scuolefiemme.tn.it;tnps001015
istituto comprensivo cembra;"scuola primaria ""p. marconi"" faver";;a carattere statale/provinciale;stefano chesini;;;via campagna - faver, 1 38030;altavalle;0461/683006;0461/682166;ic.cembra@pec.provincia.tn.it;dir.cembra@scuole.provincia.tn.it;segr.cembra@scuole.provincia.tn.it;https://www.iccembra.it;tnee82202p
istituto comprensivo giudicarie esteriori;scuola primaria fiave';;a carattere statale/provinciale;bruno gentilini;;;via de gasperi,   38075;fiave';0465/701472;0465/702452;ic.giudicarieesteriori@pec.provincia.tn.it;dir.ic.pontearche@scuole.provincia.tn.it;segr.ic.pontearche@scuole.provincia.tn.it;https://www.giudicariescuola.it;tnee83703d
"istituto di istruzione ""a. degasperi"" - borgo valsugana";istituto tecnico per il settore economico;;a carattere statale/provinciale;giulio bertoldi;;;via xxiv maggio, 7 38051;borgo valsugana;0461/753647;0461/753364;degasperi@pec.provincia.tn.it;dir.istalcidedegasperi@scuole.provincia.tn.it;segr.istalcidedegasperi@scuole.provincia.tn.it;https://www.istalcidedegasperi.it;tntd00201r
istituto comprensivo giudicarie esteriori;"scuola secondaria di primo grado ""g. prati"" ponte arche";;a carattere statale/provinciale;bruno gentilini;;;via s giovanni bosco - ponte arche - bleggio inferiore, 14 38070;comano terme;0465/701472;0465/702452;ic.giudicarieesteriori@pec.provincia.tn.it;dir.ic.pontearche@scuole.provincia.tn.it;segr.ic.pontearche@scuole.provincia.tn.it;https://www.giudicariescuola.it;tnmm83701a
istituto comprensivo valle dei laghi - dro;scuola primaria terlago;;a carattere statale/provinciale;alessandro fabris;;;via degasperi - terlago, 5 38070;vallelaghi;0461/864026;0461/340648;ic.valledeilaghi@pec.provincia.tn.it;dir.ic.valledeilaghi@scuole.provincia.tn.it;segr.ic.valledeilaghi@scuole.provincia.tn.it;https://www.icvalledeilaghidro.it;tnee84402g
"istituto comprensivo pergine 2 ""c. freinet""";scuola primaria susa';;a carattere statale/provinciale;stefano morelato;;;via don sopperra, 61 38057;pergine valsugana;0461/512312;0461/530043;ic.pergine2@pec.provincia.tn.it;dir.freinet@scuole.provincia.tn.it;segr.freinet@scuole.provincia.tn.it;https://www.icpergine2.it;tnee81503l
istituto comprensivo pergine 1;scuola primaria zivignago;;a carattere statale/provinciale;daniela fruet;;;via dei spiazzi, 3 38057;pergine valsugana;0461/532261;0461/533167;ic.pergine1@pec.provincia.tn.it;dir.ic.pergine1@scuole.provincia.tn.it;segr.ic.pergine1@scuole.provincia.tn.it;https://www.icpergine1.it/;tnee814071
istituto comprensivo villa lagarina;"scuola secondaria di primo grado ""a. frank"" villa lagarina";;a carattere statale/provinciale;tiziana chemotti;;;via stockstadt am rhein, 3 38060;villa lagarina;0464/411312;0464/411705;ic.villalagarina@pec.provincia.tn.it;dir.ic.villalagarina@scuole.provincia.tn.it;segr.ic.villalagarina@scuole.provincia.tn.it;https://www.icvillalagarina.it;tnmm846015
istituto comprensivo centro valsugana;"scuola secondaria di primo grado ""m. pola"" roncegno terme";;a carattere statale/provinciale;loredana montanaro;;;via don meggio, 2/a 38050;roncegno terme;0461/764581;0461/771046;ic.centrovalsugana@pec.provincia.tn.it;dir.ic.centrovalsugana@scuole.provincia.tn.it;segr.ic.centrovalsugana@scuole.provincia.tn.it;https://www.iccentrovalsugana.it;tnmm81302v
istituto comprensivo giudicarie esteriori;"scuola primaria ""san g. bosco"" s.lorenzo in banale";;a carattere statale/provinciale;bruno gentilini;;;via di prato - san lorenzo, 15/a 38078;san lorenzo dorsino;0465/701472;0465/702452;ic.giudicarieesteriori@pec.provincia.tn.it;dir.ic.pontearche@scuole.provincia.tn.it;segr.ic.pontearche@scuole.provincia.tn.it;https://www.giudicariescuola.it;tnee83705g
"istituto tecnico tecnologico ""g. marconi"" - rovereto";istituto tecnico per il settore tecnologico;;a carattere statale/provinciale;daniela depentori;;;via monti, 1 38068;rovereto;0464/411400;0464/419130;marconi@pec.provincia.tn.it;dir.itimarconi@scuole.provincia.tn.it;segr.itimarconi@scuole.provincia.tn.it;https://www.marconirovereto.it;tntf02000g
istituto comprensivo lavis;"scuola secondaria di primo grado ""a. stainer"" lavis";;a carattere statale/provinciale;francesca lasaracina;;;via sette, 13/a 38015;lavis;0461/246535;0461/242955;ic.lavis@pec.provincia.tn.it;dir.ic.lavis@scuole.provincia.tn.it;segr.ic.lavis@scuole.provincia.tn.it;https://www.iclavis.it;tnmm825014
"istituto di istruzione ""m. martini"" - mezzolombardo";istituto tecnico per il settore economico;;a carattere statale/provinciale;valentina zanolla;;;via perlasca, 4 38017;mezzolombardo;0461/601122;0461/601470;martini@pec.provincia.tn.it;dir.martini.mezzolombardo@scuole.provincia.tn.it;segr.martini.mezzolombardo@scuole.provincia.tn.it;https://www.martinomartini.eu;tntd00301l
istituto comprensivo trento 6;scuola primaria cadine;;a carattere statale/provinciale;chiara ghetta;;;via di coltura, 7 38123;trento;0461/236214;0461/230583;ic.trento6@pec.provincia.tn.it;dir.ic.tn6@scuole.provincia.tn.it;segr.ic.tn6@scuole.provincia.tn.it;https://www.ictrento6.it;tnee85804g
"istituto tecnico tecnologico ""g. marconi"" - rovereto";;istituzione scolastica e formativa;a carattere statale/provinciale;daniela depentori;;;via monti, 1 38068;rovereto;0464/411400;0464/419130;marconi@pec.provincia.tn.it;dir.itimarconi@scuole.provincia.tn.it;segr.itimarconi@scuole.provincia.tn.it;https://www.marconirovereto.it;tntf02000g
"istituto comprensivo pergine 2 ""c. freinet""";"scuola secondaria di primo grado ""t. garbari"" pergine valsugana";;a carattere statale/provinciale;stefano morelato;;;via amstetten, 4 38057;pergine valsugana;0461/512312;0461/530043;ic.pergine2@pec.provincia.tn.it;dir.freinet@scuole.provincia.tn.it;segr.freinet@scuole.provincia.tn.it;https://www.icpergine2.it;tnmm81501d
istituto comprensivo alta val di sole;scuola primaria passo tonale;;a carattere statale/provinciale;franco vanin;;;via nazionale, 12/c 38029;vermiglio;0364/903859;0463/750043;ic.altavaldisole@pec.provincia.tn.it;dir.icaltavaldisole@scuole.provincia.tn.it;segr.icaltavaldisole@scuole.provincia.tn.it;https://www.icaltavaldisole.it;tnee83207e
istituto comprensivo centro valsugana;scuola primaria marter;;a carattere statale/provinciale;loredana montanaro;;;via della chiesa, 14 38050;roncegno terme;0461/764581;0461/771046;ic.centrovalsugana@pec.provincia.tn.it;dir.ic.centrovalsugana@scuole.provincia.tn.it;segr.ic.centrovalsugana@scuole.provincia.tn.it;https://www.iccentrovalsugana.it;tnee813086
collegio arcivescovile dame inglesi - rovereto;scuola secondaria di primo grado arcivescovile dame inglesi rovereto;;paritaria/equiparata;christian bonazza;bruno daves;;corso bettini, 31 38068;rovereto;0464/406000;0464/406077;collegioarcivescovile@pec.it;dameinglesi@arcivescoviletrento.it;lia@arcivescoviletrento.it;https://www.arcivescoviletrento.it;tn1m00200x
istituto comprensivo trento 6;"scuola secondaria di primo grado ""a. manzoni"" trento";;a carattere statale/provinciale;chiara ghetta;;;corso buonarroti, 50 38122;trento;0461/236214;0461/230583;ic.trento6@pec.provincia.tn.it;dir.ic.tn6@scuole.provincia.tn.it;segr.ic.tn6@scuole.provincia.tn.it;https://www.ictrento6.it;tnmm85801b
istituto comprensivo vigolo vattaro;"scuola primaria ""don t. segnana"" centa san nicolo'";;a carattere statale/provinciale;gabriella vitale;;;via don rossi - centa san nicolo, 4 38049;altopiano della vigolana;0461/848878;0461/845217;ic.vigolovattaro@pec.provincia.tn.it;dir.vigolovattaro@scuole.provincia.tn.it;segr.vigolovattaro@scuole.provincia.tn.it;https://www.icvigolovattaro.it;tnee80303a
istituto comprensivo cembra;"scuola primaria ""p. sartori"" sover";;a carattere statale/provinciale;stefano chesini;;;piazza s lorenzo, 10 38048;sover;0461/683006;0461/682166;ic.cembra@pec.provincia.tn.it;dir.cembra@scuole.provincia.tn.it;segr.cembra@scuole.provincia.tn.it;https://www.iccembra.it;tnee822081
istituto comprensivo cembra;"scuola secondaria di primo grado ""a. vielmetti"" cembra";;a carattere statale/provinciale;stefano chesini;;;via negritelle - cembra, 1 38034;cembra lisignago;0461/683006;0461/682166;ic.cembra@pec.provincia.tn.it;dir.cembra@scuole.provincia.tn.it;segr.cembra@scuole.provincia.tn.it;https://www.iccembra.it;tnmm82201l
istituto comprensivo bassa anaunia - tuenno;"scuola secondaria di primo grado ""v. vielmetti"" denno";;a carattere statale/provinciale;licia campi;;;via colle verde, 3 38010;denno;0461/655783;0461/655783;ic.bassaanaunia@pec.provincia.tn.it;dir.ic.bassaanauniatuenno@scuole.provincia.tn.it;segr.ic.denno@scuole.provincia.tn.it;https://www.icbassaanauniatuenno.it;tnmm82901b
"istituto tecnico economico e tecnologico ""f. e g. fontana"" - rovereto";istituto tecnico per il settore economico;;a carattere statale/provinciale;giuseppe santoli;;;via del teatro, 4 38068;rovereto;0464/436100;0464/434116;fontana@pec.provincia.tn.it;dir.fontana@scuole.provincia.tn.it;segr.fontana@scuole.provincia.tn.it;https://www.fgfontana.eu;tntd020009
"liceo ""a. rosmini"" - trento";educazione per adulti relativa al primo ciclo;;a carattere statale/provinciale;patrizia visconti;;;via malfatti, 2 38122;trento;0461/914400;0461/914498;rosmini.trento@pec.provincia.tn.it;dir.rosmini.tn@scuole.provincia.tn.it;segr.rosmini.tn@scuole.provincia.tn.it;https://www.rosmini.eu;tnct70500p
"istituto comprensivo pergine 2 ""c. freinet""";scuola primaria madrano;;a carattere statale/provinciale;stefano morelato;;;via d oltrefersina, 149 38057;pergine valsugana;0461/512312;0461/530043;ic.pergine2@pec.provincia.tn.it;dir.freinet@scuole.provincia.tn.it;segr.freinet@scuole.provincia.tn.it;https://www.icpergine2.it;tnee81504n
"istituto comprensivo trento 2 ""j. a. comenius""";scuola primaria casa serena;;a carattere statale/provinciale;carlo zanetti;;;via alle campanelle, 23 38121;trento;0461/982113;0461/237554;ic.comenius@pec.provincia.tn.it;dir.ictn2@scuole.provincia.tn.it;segr.ictn2@scuole.provincia.tn.it;https://www.icomenius.it;tnee820023
collegio arcivescovile dame inglesi - rovereto;scuola primaria arcivescovile dame inglesi rovereto;;paritaria/equiparata;christian bonazza;bruno daves;;corso bettini, 31 38068;rovereto;0464/406000;0464/406077;collegioarcivescovile@pec.it;dameinglesi@arcivescoviletrento.it;lia@arcivescoviletrento.it;https://www.arcivescoviletrento.it;tn1e006002
istituto comprensivo mezzocorona;scuola primaria grumo;;a carattere statale/provinciale;paola sigmund;;;via marconi, 65 38010;san michele all'adige;0461/605409;0461/605142;ic.mezzocorona@pec.provincia.tn.it;dir.ic.mezzocorona@scuole.provincia.tn.it;segr.ic.mezzocorona@scuole.provincia.tn.it;https://www.icmezzocorona.it;tnee82301d
istituto comprensivo rovereto est;"scuola primaria ""regina elena"" rovereto";;a carattere statale/provinciale;michele rosa;;;via dante, 41 38068;rovereto;0464/433709;0464/450456;ic.roveretoest@pec.provincia.tn.it;dir.ic.roveretoest@scuole.provincia.tn.it;segr.ic.roveretoest@scuole.provincia.tn.it;https://www.roveretoest.it;tnee85302a
istituto comprensivo vigolo vattaro;scuola secondaria di primo grado vigolo vattaro;;a carattere statale/provinciale;gabriella vitale;;;via garibaldi - vigolo vattaro, 8 38049;altopiano della vigolana;0461/848878;0461/845217;ic.vigolovattaro@pec.provincia.tn.it;dir.vigolovattaro@scuole.provincia.tn.it;segr.vigolovattaro@scuole.provincia.tn.it;https://www.icvigolovattaro.it;tnmm803017
collegio arcivescovile c.endrici - trento;istituto tecnico per il settore tecnologico;;paritaria/equiparata;christian bonazza;bruno daves;;via monsignor  endrici, 23 38122;trento;0461/1731200;0461/1731288;collegioarcivescovile@pec.it;collegioarcivescovile@arcivescoviletrento.it;didatticatn@arcivescoviletrento.it;https://www.arcivescoviletrento.it;tntd37500f
"istituto comprensivo trento 2 ""j. a. comenius""";"scuola primaria ""e. bernardi"" cognola";;a carattere statale/provinciale;carlo zanetti;;;via ponte alto, 2/1 38121;trento;0461/982113;0461/237554;ic.comenius@pec.provincia.tn.it;dir.ictn2@scuole.provincia.tn.it;segr.ictn2@scuole.provincia.tn.it;https://www.icomenius.it;tnee820012
istituto comprensivo bassa anaunia - tuenno;scuola primaria vigo ton;;a carattere statale/provinciale;licia campi;;;piazza guardi, 7 38010;ton;0461/655783;0461/655783;ic.bassaanaunia@pec.provincia.tn.it;dir.ic.bassaanauniatuenno@scuole.provincia.tn.it;segr.ic.denno@scuole.provincia.tn.it;https://www.icbassaanauniatuenno.it;tnee82905l
istituto comprensivo mezzocorona;;istituzione scolastica e formativa;a carattere statale/provinciale;paola sigmund;;;via fornai, 1 38016;mezzocorona;0461/605409;0461/605142;ic.mezzocorona@pec.provincia.tn.it;dir.ic.mezzocorona@scuole.provincia.tn.it;segr.ic.mezzocorona@scuole.provincia.tn.it;https://www.icmezzocorona.it;tnic82300b
"istituto di istruzione ""la rosa bianca"" - cavalese";educazione per adulti relativa al primo ciclo;;a carattere statale/provinciale;marco felicetti;;;via gandhi, 1 38033;cavalese;0462/341449;0462/248071;weisserose@pec.provincia.tn.it;dir.iicavalese@scuole.provincia.tn.it;segr.iicavalese@scuole.provincia.tn.it;https://www.scuolefiemme.tn.it;tnct710006
"istituto comprensivo riva 2 ""l. pizzini""";"scuola primaria ""o. lucchi"" tenno";;a carattere statale/provinciale;maurizio caproni;;;via dei laghi, 47 38060;tenno;0464/552170;0464/520789;ic.riva2@pec.provincia.tn.it;dir.ic.riva2@scuole.provincia.tn.it;segr.ic.riva2@scuole.provincia.tn.it;https://www.riva2.it;tnee84202x
"istituto di istruzione ""m. martini"" - mezzolombardo";liceo delle scienze umane opzione economico sociale;;a carattere statale/provinciale;valentina zanolla;;;via perlasca, 4 38017;mezzolombardo;0461/601122;0461/601470;martini@pec.provincia.tn.it;dir.martini.mezzolombardo@scuole.provincia.tn.it;segr.martini.mezzolombardo@scuole.provincia.tn.it;https://www.martinomartini.eu;tnps00301r
"istituto tecnico economico e tecnologico ""f. e g. fontana"" - rovereto";istituto tecnico per il settore economico serale;;a carattere statale/provinciale;giuseppe santoli;;;via del teatro, 4 38068;rovereto;0464/436100;0464/434116;fontana@pec.provincia.tn.it;dir.fontana@scuole.provincia.tn.it;segr.fontana@scuole.provincia.tn.it;https://www.fgfontana.eu;tntd02050p
"istituto di istruzione ""a. degasperi"" - borgo valsugana";liceo scientifico opzione scienze applicate;;a carattere statale/provinciale;giulio bertoldi;;;via xxiv maggio, 7 38051;borgo valsugana;0461/753647;0461/753364;degasperi@pec.provincia.tn.it;dir.istalcidedegasperi@scuole.provincia.tn.it;segr.istalcidedegasperi@scuole.provincia.tn.it;https://www.istalcidedegasperi.it;tnps002011
istituto comprensivo di scuola primaria e secondaria di primiero;istituto tecnico per il settore economico;;a carattere statale/provinciale;maria prodi;;;via delle fonti - transacqua, 10 38054;primiero san martino di castrozza;0439/62435;0439/762466;ic.primiero@pec.provincia.tn.it;dir.icprimiero@scuole.provincia.tn.it;segr.icprimiero@scuole.provincia.tn.it;https://www.scuoleprimiero.it;tntd170007
"istituto tecnico economico e tecnologico ""g. floriani"" - riva del garda";istituto tecnico per il settore economico serale;;a carattere statale/provinciale;paolo chincarini;;;viale dei tigli, 43 38066;riva del garda;0464/578511;0464/578555;floriani@pec.provincia.tn.it;dir.istitutofloriani@scuole.provincia.tn.it;segr.istitutofloriani@scuole.provincia.tn.it;https://www.g-floriani.it;tntd008515
"istituto comprensivo riva 2 ""l. pizzini""";"scuola primaria ""g. fedrigoni"" varone riva del garda";;a carattere statale/provinciale;maurizio caproni;;;piazza della chiesa, 13 38066;riva del garda;0464/552170;0464/520789;ic.riva2@pec.provincia.tn.it;dir.ic.riva2@scuole.provincia.tn.it;segr.ic.riva2@scuole.provincia.tn.it;https://www.riva2.it;tnee842031
istituto comprensivo civezzano;"scuola secondaria di primo grado ""g. alessandrini"" civezzano";;a carattere statale/provinciale;venera munafo';;;via murialdo, 27 38045;civezzano;0461/858485;0461/858901;ic.civezzano@pec.provincia.tn.it;dir.i.c.civezzano@scuole.provincia.tn.it;segr.i.c.civezzano@scuole.provincia.tn.it;https://www.iccivezzano.eu;tnmm817015
collegio arcivescovile c.endrici - trento;scuola secondaria di primo grado arcivescovile trento;;paritaria/equiparata;christian bonazza;bruno daves;;via monsignor  endrici, 23 38122;trento;0461/1731200;0461/1731288;collegioarcivescovile@pec.it;collegioarcivescovile@arcivescoviletrento.it;didatticatn@arcivescoviletrento.it;https://www.arcivescoviletrento.it;tn1m00400g
istituto comprensivo di scuola primaria e secondaria di primiero;scuola primaria mezzano;;a carattere statale/provinciale;maria prodi;;;via iv novembre, 13 38050;mezzano;0439/62435;0439/762466;ic.primiero@pec.provincia.tn.it;dir.icprimiero@scuole.provincia.tn.it;segr.icprimiero@scuole.provincia.tn.it;https://www.scuoleprimiero.it;tnee81003d
istituto comprensivo bassa anaunia - tuenno;"scuola primaria ""m. pezzi"" campodenno";;a carattere statale/provinciale;licia campi;;;via s maurizio, 3 38010;campodenno;0461/655783;0461/655783;ic.bassaanaunia@pec.provincia.tn.it;dir.ic.bassaanauniatuenno@scuole.provincia.tn.it;segr.ic.denno@scuole.provincia.tn.it;https://www.icbassaanauniatuenno.it;tnee82901c
"istituto di istruzione ""l. guetti"" - tione di trento";liceo delle scienze umane;;a carattere statale/provinciale;renato paoli;;;via durone, 53 38079;tione di trento;0465/321735;0465/322811;guetti@pec.provincia.tn.it;dir.guetti@scuole.provincia.tn.it;segr.guetti@scuole.provincia.tn.it;https://www.guetti.tn.it;tnps007014
istituto comprensivo riva 1;;istituzione scolastica e formativa;a carattere statale/provinciale;paola bortolotti;;;viale damiano chiesa, 10 38066;riva del garda;0464/553088;0464/553088;riva1@pec.provincia.tn.it;dir.riva1@scuole.provincia.tn.it;segr.riva1@scuole.provincia.tn.it;https://www.riva1.it;tnic841001
fondazione edmund mach - istituto agrario san michele all'adige;istituto tecnico per il settore tecnologico;;paritaria/equiparata;manuel penasa;claudia bisognin;;via mach, 1 38098;san michele all'adige;0461/615213;0461/615273;amministrazione.cif@pec.iasma.it;;segreteria.scuola@fmach.it;https://www.fmach.it;tnta01500b
"istituto di istruzione ""la rosa bianca"" - cavalese";liceo delle scienze umane opzione economico sociale;;a carattere statale/provinciale;marco felicetti;;;via gandhi, 1 38033;cavalese;0462/341449;0462/248071;weisserose@pec.provincia.tn.it;dir.iicavalese@scuole.provincia.tn.it;segr.iicavalese@scuole.provincia.tn.it;https://www.scuolefiemme.tn.it;tnps001015
istituto comprensivo rovereto nord;"scuola primaria ""d. chiesa"" noriglio";;a carattere statale/provinciale;tiziana chiara pasquini;;;via romani,  42/1 38068;rovereto;0464/420759;0464/480415;ic.roveretonord@pec.provincia.tn.it;dir.ic.roveretonord@scuole.provincia.tn.it;segr.ic.roveretonord@scuole.provincia.tn.it;https://www.icroveretonord.it;tnee85905c
istituto comprensivo strigno e tesino;;istituzione scolastica e formativa;a carattere statale/provinciale;giuliana sighel;;;via roma - strigno, 14 38059;castel ivano;0461/762046;0461/763409;ic.strignotesino@pec.provincia.tn.it;dir.ic.strignoetesino@scuole.provincia.tn.it;segr.ic.strignoetesino@scuole.provincia.tn.it;https://www.icstrignoetesino.it;tnic80100e
istituto comprensivo vigolo vattaro;scuola primaria vigolo vattaro;;a carattere statale/provinciale;gabriella vitale;;;via garibaldi - vigolo vattaro, 8 38049;altopiano della vigolana;0461/848878;0461/845217;ic.vigolovattaro@pec.provincia.tn.it;dir.vigolovattaro@scuole.provincia.tn.it;segr.vigolovattaro@scuole.provincia.tn.it;https://www.icvigolovattaro.it;tnee803018
istituto comprensivo cavalese;scuola primaria carano;;a carattere statale/provinciale;roberto trolli;;;via giovanelli, 2 38033;ville di fiemme;0462/340314;0462/342294;ic.cavalese@pec.provincia.tn.it;dir.cavalese@scuole.provincia.tn.it;segr.cavalese@scuole.provincia.tn.it;https://www.iccavalese.it;tnee809028
istituto comprensivo strigno e tesino;"scuola secondaria di primo grado ""o. brentari"" strigno";;a carattere statale/provinciale;giuliana sighel;;;via roma - strigno, 14 38059;castel ivano;0461/762046;0461/763409;ic.strignotesino@pec.provincia.tn.it;dir.ic.strignoetesino@scuole.provincia.tn.it;segr.ic.strignoetesino@scuole.provincia.tn.it;https://www.icstrignoetesino.it;tnmm80102l
istituto comprensivo levico terme;;istituzione scolastica e formativa;a carattere statale/provinciale;ezio montibeller;;;via della pace, 5 38056;levico terme;0461/706146;0461/706099;ic.levicoterme@pec.provincia.tn.it;dir.ic.levico@scuole.provincia.tn.it;segr.ic.levico@scuole.provincia.tn.it;https://www.iclevico.eu;tnic81800x
"istituto di istruzione ""m. curie"" - pergine valsugana";;istituzione scolastica e formativa;a carattere statale/provinciale;tiziana gulli;;;via s pietro, 4 38057;pergine valsugana;0461/511397;0461/531743;curie@pec.provincia.tn.it;dir.curie.pergine@scuole.provincia.tn.it;segr.curie.pergine@scuole.provincia.tn.it;https://www.curiepergine.it;tnis004006
collegio arcivescovile c.endrici - trento;liceo scientifico arcivescovile - trento;;paritaria/equiparata;christian bonazza;bruno daves;;via monsignor  endrici, 23 38122;trento;0461/1731200;0461/1731288;collegioarcivescovile@pec.it;collegioarcivescovile@arcivescoviletrento.it;didatticatn@arcivescoviletrento.it;https://www.arcivescoviletrento.it;tnps015002
"liceo ""a. rosmini"" - trento";liceo delle scienze umane opzione economico sociale;;a carattere statale/provinciale;patrizia visconti;;;via malfatti, 2 38122;trento;0461/914400;0461/914498;rosmini.trento@pec.provincia.tn.it;dir.rosmini.tn@scuole.provincia.tn.it;segr.rosmini.tn@scuole.provincia.tn.it;https://www.rosmini.eu;tnpm01000x
istituto comprensivo civezzano;scuola primaria albiano;;a carattere statale/provinciale;venera munafo';;;via manzoni, 4 38041;albiano;0461/858485;0461/858901;ic.civezzano@pec.provincia.tn.it;dir.i.c.civezzano@scuole.provincia.tn.it;segr.i.c.civezzano@scuole.provincia.tn.it;https://www.iccivezzano.eu;tnee817049
"istituto tecnico economico e tecnologico ""g. floriani"" - riva del garda";istituto tecnico per il settore tecnologico serale;;a carattere statale/provinciale;paolo chincarini;;;viale dei tigli, 43 38066;riva del garda;0464/578511;0464/578555;floriani@pec.provincia.tn.it;dir.istitutofloriani@scuole.provincia.tn.it;segr.istitutofloriani@scuole.provincia.tn.it;https://www.g-floriani.it;tntd008515
istituto comprensivo trento 6;"scuola primaria ""s. pertini"" sopramonte";;a carattere statale/provinciale;chiara ghetta;;;via canelli - sopramonte, 1 38123;trento;0461/236214;0461/230583;ic.trento6@pec.provincia.tn.it;dir.ic.tn6@scuole.provincia.tn.it;segr.ic.tn6@scuole.provincia.tn.it;https://www.ictrento6.it;tnee85805l
istituto comprensivo cembra;scuola primaria cembra;;a carattere statale/provinciale;stefano chesini;;;via dei ciclamini - cembra, 1/1 38034;cembra lisignago;0461/683006;0461/682166;ic.cembra@pec.provincia.tn.it;dir.cembra@scuole.provincia.tn.it;segr.cembra@scuole.provincia.tn.it;https://www.iccembra.it;tnee82201n
istituto comprensivo vigolo vattaro;;istituzione scolastica e formativa;a carattere statale/provinciale;gabriella vitale;;;via garibaldi - vigolo vattaro, 8 38049;altopiano della vigolana;0461/848878;0461/845217;ic.vigolovattaro@pec.provincia.tn.it;dir.vigolovattaro@scuole.provincia.tn.it;segr.vigolovattaro@scuole.provincia.tn.it;https://www.icvigolovattaro.it;tnic803006
"istituto comprensivo cles ""b. clesio""";scuola primaria cles;;a carattere statale/provinciale;massimo gaburro;;;via dei campi neri, 1 38023;cles;0463/421457;0463/424830;ic.cles@pec.provincia.tn.it;dir.ic.cles@scuole.provincia.tn.it;segr.ic.cles@scuole.provincia.tn.it;https://www.iccles.it;tnee83101c
"istituto di istruzione ""l. guetti"" - tione di trento";istituto tecnico per il settore economico;;a carattere statale/provinciale;renato paoli;;;via durone, 53 38079;tione di trento;0465/321735;0465/322811;guetti@pec.provincia.tn.it;dir.guetti@scuole.provincia.tn.it;segr.guetti@scuole.provincia.tn.it;https://www.guetti.tn.it;tntd00701x
istituto comprensivo taio;;istituzione scolastica e formativa;a carattere statale/provinciale;maura zini;;;via degli alpini - taio, 17 38012;predaia;0463/468193;0463/467616;ic.taio@pec.provincia.tn.it;dir.ictaio@scuole.provincia.tn.it;segr.ictaio@scuole.provincia.tn.it;https://www.ictaio.it;tnic82600v
istituto comprensivo alta val di sole;"scuola secondaria di primo grado ""c. zanella"" fucine di ossana";;a carattere statale/provinciale;franco vanin;;;via s michele, 11 38026;ossana;0463/751129;0463/750043;ic.altavaldisole@pec.provincia.tn.it;dir.icaltavaldisole@scuole.provincia.tn.it;segr.icaltavaldisole@scuole.provincia.tn.it;https://www.icaltavaldisole.it;tnmm832017
"istituto di istruzione ""m. curie"" - pergine valsugana";liceo scientifico;;a carattere statale/provinciale;tiziana gulli;;;via s pietro, 4 38057;pergine valsugana;0461/511397;0461/531743;curie@pec.provincia.tn.it;dir.curie.pergine@scuole.provincia.tn.it;segr.curie.pergine@scuole.provincia.tn.it;https://www.curiepergine.it;tnps00401l
istituto comprensivo valle dei laghi - dro;scuola primaria dro;;a carattere statale/provinciale;alessandro fabris;;;piazza repubblica,  1 38074;dro;0461/864026;0461/340648;ic.valledeilaghi@pec.provincia.tn.it;dir.ic.valledeilaghi@scuole.provincia.tn.it;segr.ic.valledeilaghi@scuole.provincia.tn.it;https://www.icvalledeilaghidro.it;tnee84409v
istituto comprensivo civezzano;;istituzione scolastica e formativa;a carattere statale/provinciale;venera munafo';;;via murialdo, 27 38045;civezzano;0461/858485;0461/858901;ic.civezzano@pec.provincia.tn.it;dir.i.c.civezzano@scuole.provincia.tn.it;segr.i.c.civezzano@scuole.provincia.tn.it;https://www.iccivezzano.eu;tnic817004
"istituto comprensivo cles ""b. clesio""";;istituzione scolastica e formativa;a carattere statale/provinciale;massimo gaburro;;;via chini, 31 38023;cles;0463/421457;0463/424830;ic.cles@pec.provincia.tn.it;dir.ic.cles@scuole.provincia.tn.it;segr.ic.cles@scuole.provincia.tn.it;https://www.iccles.it;tnic83100a
istituto comprensivo valle dei laghi - dro;"scuola secondaria di primo grado ""c. madruzzo"" cavedine";;a carattere statale/provinciale;alessandro fabris;;;via xxv aprile, 7 38073;cavedine;0461/864026;0461/340648;ic.valledeilaghi@pec.provincia.tn.it;dir.ic.valledeilaghi@scuole.provincia.tn.it;segr.ic.valledeilaghi@scuole.provincia.tn.it;https://www.icvalledeilaghidro.it;tnmm84402e
istituto comprensivo villa lagarina;"scuola primaria ""r. galvagni"" pomarolo";;a carattere statale/provinciale;tiziana chemotti;;;piazzale colonello angheben, 5 38060;pomarolo;0464/411312;0464/411705;ic.villalagarina@pec.provincia.tn.it;dir.ic.villalagarina@scuole.provincia.tn.it;segr.ic.villalagarina@scuole.provincia.tn.it;https://www.icvillalagarina.it;tnee846027
istituto comprensivo pergine 1;"scuola primaria ""don l. milani"" pergine valsugana";;a carattere statale/provinciale;daniela fruet;;;via monte cristallo, 2 38057;pergine valsugana;0461/532261;0461/533167;ic.pergine1@pec.provincia.tn.it;dir.ic.pergine1@scuole.provincia.tn.it;segr.ic.pergine1@scuole.provincia.tn.it;https://www.icpergine1.it/;tnee81402q
"istituto tecnico economico e tecnologico ""c.a. pilati"" - cles";istituto tecnico per il settore economico;;a carattere statale/provinciale;alfredo romantini;;;via iv novembre, 35 38023;cles;0463/421695;0463/421477;pilati@pec.provincia.tn.it;dir.itetpilati@scuole.provincia.tn.it;segr.itetpilati@scuole.provincia.tn.it;https://www.istitutopilati.it;tntd100001
istituto comprensivo di scuola primaria e secondaria di primiero;liceo scientifico opzione scienze applicate;;a carattere statale/provinciale;maria prodi;;;via delle fonti - transacqua, 10 38054;primiero san martino di castrozza;0439/62435;0439/762466;ic.primiero@pec.provincia.tn.it;dir.icprimiero@scuole.provincia.tn.it;segr.icprimiero@scuole.provincia.tn.it;https://www.scuoleprimiero.it;tnps100005
"istituto comprensivo trento 2 ""j. a. comenius""";"scuola primaria ""r. belenzani"" s.vito";;a carattere statale/provinciale;carlo zanetti;;;via s vito, 169 38121;trento;0461/982113;0461/237554;ic.comenius@pec.provincia.tn.it;dir.ictn2@scuole.provincia.tn.it;segr.ictn2@scuole.provincia.tn.it;https://www.icomenius.it;tnee820045
"istituto di istruzione ""l. guetti"" - tione di trento";istituto tecnico per il settore tecnologico serale;;a carattere statale/provinciale;renato paoli;;;via durone, 53 38079;tione di trento;0465/321735;0465/322811;guetti@pec.provincia.tn.it;dir.guetti@scuole.provincia.tn.it;segr.guetti@scuole.provincia.tn.it;https://www.guetti.tn.it;tntd007519
istituto comprensivo mezzolombardo - paganella;scuola primaria nave san rocco;;a carattere statale/provinciale;cinzia casna;;;piazza s rocco, 15 38010;terre d'adige;0461/601125;0461/601125;ic.mezzolombardo@pec.provincia.tn.it;dir.ic.mezzolombardo@scuole.provincia.tn.it;segr.ic.mezzolombardo@scuole.provincia.tn.it;https://icmezzolombardopaganella.edu.it;tnee82403b
"liceo scientifico ""g. galilei"" - trento";liceo scientifico;;a carattere statale/provinciale;elena ruggieri;;;viale bolognini, 88 38122;trento;0461/913479;0461/913367;galilei@pec.provincia.tn.it;dir.liceogalilei@scuole.provincia.tn.it;segr.liceogalilei@scuole.provincia.tn.it;https://www.lsgalilei.org/;tnps01000v
centro formazione professionale opera armida barelli - rovereto;settore servizi;;paritaria/equiparata;bernardo zanoner;camilla cestari;;via setaioli, 5 38068;rovereto;0464/433771;0464/431711;cfprovereto@pec.operaarmidabarelli.org;;cfprovereto@operaarmidabarelli.org;https://www.operaarmidabarelli.org;tncf005001
"istituto comprensivo del chiese ""don l. milani""";"scuola secondaria di primo grado ""g. leopardi"" storo";;a carattere statale/provinciale;romeo collini;;;via papaleoni, 5 38089;storo;0465/686039;0465/687076;ic.chiese-storo@pec.provincia.tn.it;dir.ic.chiese@scuole.provincia.tn.it;segr.ic.chiese@scuole.provincia.tn.it;https://www.istitutodelchiese.it;tnmm838016
istituto comprensivo cembra;scuola secondaria di primo grado verla giovo;;a carattere statale/provinciale;stefano chesini;;;via al grec, 2 38030;giovo;0461/683006;0461/682166;ic.cembra@pec.provincia.tn.it;dir.cembra@scuole.provincia.tn.it;segr.cembra@scuole.provincia.tn.it;https://www.iccembra.it;tnmm82203p
istituto comprensivo cavalese;scuola primaria capriana;;a carattere statale/provinciale;roberto trolli;;;piazza scuole, 1 38030;capriana;0462/340314;0462/342294;ic.cavalese@pec.provincia.tn.it;dir.cavalese@scuole.provincia.tn.it;segr.cavalese@scuole.provincia.tn.it;https://www.iccavalese.it;tnee809017
istituto comprensivo bassa anaunia - tuenno;"scuola primaria ""mons. s. weber"" denno";;a carattere statale/provinciale;licia campi;;;via colle verde, 3 38010;denno;0461/655783;0461/655783;ic.bassaanaunia@pec.provincia.tn.it;dir.ic.bassaanauniatuenno@scuole.provincia.tn.it;segr.ic.denno@scuole.provincia.tn.it;https://www.icbassaanauniatuenno.it;tnee82903e
istituto comprensivo rovereto est;"scuola primaria ""f. cavallin"" vallarsa raossi";;a carattere statale/provinciale;michele rosa;;;frazione raossi,   38060;vallarsa;0464/433709;0464/450456;ic.roveretoest@pec.provincia.tn.it;dir.ic.roveretoest@scuole.provincia.tn.it;segr.ic.roveretoest@scuole.provincia.tn.it;https://www.roveretoest.it;tnee85306e
istituto comprensivo centro valsugana;"scuola secondaria di primo grado ""don l. milani"" telve";;a carattere statale/provinciale;loredana montanaro;;;via borgo, 2/a 38050;telve;0461/764581;0461/771046;ic.centrovalsugana@pec.provincia.tn.it;dir.ic.centrovalsugana@scuole.provincia.tn.it;segr.ic.centrovalsugana@scuole.provincia.tn.it;https://www.iccentrovalsugana.it;tnmm81301t
istituto comprensivo rovereto est;"scuola secondaria di primo grado ""d. chiesa"" rovereto";;a carattere statale/provinciale;michele rosa;;;corso rosmini, 86 38068;rovereto;0464/433709;0464/450456;ic.roveretoest@pec.provincia.tn.it;dir.ic.roveretoest@scuole.provincia.tn.it;segr.ic.roveretoest@scuole.provincia.tn.it;https://www.roveretoest.it;tnmm853018
"istituto comprensivo pergine 2 ""c. freinet""";scuola primaria canale;;a carattere statale/provinciale;stefano morelato;;;viale delle nazioni unite, 44 38057;pergine valsugana;0461/512312;0461/530043;ic.pergine2@pec.provincia.tn.it;dir.freinet@scuole.provincia.tn.it;segr.freinet@scuole.provincia.tn.it;https://www.icpergine2.it;tnee81502g
"istituto comprensivo del chiese ""don l. milani""";scuola primaria storo - lodrone;;a carattere statale/provinciale;romeo collini;;;via xxiv maggio, 115 38089;storo;0465/686039;0465/687076;ic.chiese-storo@pec.provincia.tn.it;dir.ic.chiese@scuole.provincia.tn.it;segr.ic.chiese@scuole.provincia.tn.it;https://www.istitutodelchiese.it;tnee83806c
"istituto di istruzione ""m. curie"" - pergine valsugana";istituto tecnico per il settore economico - levico;;a carattere statale/provinciale;tiziana gulli;;;viale vittorio emanuele, 5 38056;levico terme;0461/706012;0461/531743;curie@pec.provincia.tn.it;dir.curie.pergine@scuole.provincia.tn.it;segr.curie.pergine@scuole.provincia.tn.it;https://www.curiepergine.it;tnrc004015
istituto comprensivo centro valsugana;"scuola primaria ""t. v. gozzer"" castelnuovo";;a carattere statale/provinciale;loredana montanaro;;;piazza municipio, 4 38050;castelnuovo;0461/764581;0461/771046;ic.centrovalsugana@pec.provincia.tn.it;dir.ic.centrovalsugana@scuole.provincia.tn.it;segr.ic.centrovalsugana@scuole.provincia.tn.it;https://www.iccentrovalsugana.it;tnee81301v
"liceo classico ""g. prati"" - trento";liceo classico;;a carattere statale/provinciale;paola baratter;;;via s trinita, 38 38122;trento;0461/980190;0461/980747;prati@pec.provincia.tn.it;dir.liceoprati@scuole.provincia.tn.it;segr.liceoprati@scuole.provincia.tn.it;https://www.liceoprati.it;tnpc04000g
"istituto di istruzione ""la rosa bianca"" - cavalese";istituto tecnico per il settore tecnologico serale - predazzo;;a carattere statale/provinciale;marco felicetti;;;corso degasperi, 14 38037;predazzo;0462/341449;0462/248071;weisserose@pec.provincia.tn.it;dir.iicavalese@scuole.provincia.tn.it;segr.iicavalese@scuole.provincia.tn.it;https://www.scuolefiemme.tn.it;tntd001509
istituto comprensivo levico terme;"scuola primaria ""c. chiesa"" caldonazzo";;a carattere statale/provinciale;ezio montibeller;;;via asilo, 3 38052;caldonazzo;0461/706146;0461/706099;ic.levicoterme@pec.provincia.tn.it;dir.ic.levico@scuole.provincia.tn.it;segr.ic.levico@scuole.provincia.tn.it;https://www.iclevico.eu;tnee818023
istituto comprensivo cavalese;scuola primaria casatta valfloriana;;a carattere statale/provinciale;roberto trolli;;;frazione casatta, 18/a 38040;valfloriana;0462/340314;0462/342294;ic.cavalese@pec.provincia.tn.it;dir.cavalese@scuole.provincia.tn.it;segr.cavalese@scuole.provincia.tn.it;https://www.iccavalese.it;tnee80908e
"istituto comprensivo del chiese ""don l. milani""";"scuola primaria ""g. papaleoni"" condino";;a carattere statale/provinciale;romeo collini;;;via la marmora - condino, 13 38083;borgo chiese;0465/686039;0465/687076;ic.chiese-storo@pec.provincia.tn.it;dir.ic.chiese@scuole.provincia.tn.it;segr.ic.chiese@scuole.provincia.tn.it;https://www.istitutodelchiese.it;tnee838039
"istituto comprensivo ala ""antonio bresciani""";;istituzione scolastica e formativa;a carattere statale/provinciale;maura maino;;;via don anzelini, 2 38061;ala;0464/671119;0464/674138;ic.ala@pec.provincia.tn.it;dir.ic.ala@scuole.provincia.tn.it;segr.ic.ala@scuole.provincia.tn.it;https://www.istitutocomprensivoala.it;tnic84800q
istituto comprensivo aldeno mattarello;scuola primaria romagnano trento;;a carattere statale/provinciale;michele ruele;;;via ai comuni, 6 38123;trento;0461/349119;0464/946007;ic.aldeno-mattarello@pec.provincia.tn.it;dir.aldeno.mattarello@scuole.provincia.tn.it;segr.aldeno.mattarello@scuole.provincia.tn.it;https://www.icaldenomattarello.it;tnee82101t
istituto comprensivo centro valsugana;scuola primaria telve;;a carattere statale/provinciale;loredana montanaro;;;via giusti, 5 38050;telve;0461/764581;0461/771046;ic.centrovalsugana@pec.provincia.tn.it;dir.ic.centrovalsugana@scuole.provincia.tn.it;segr.ic.centrovalsugana@scuole.provincia.tn.it;https://www.iccentrovalsugana.it;tnee81302x
"istituto tecnico economico e tecnologico ""c.a. pilati"" - cles";istituto tecnico per il settore tecnologico serale;;a carattere statale/provinciale;alfredo romantini;;;via iv novembre, 35 38023;cles;0463/421695;0463/421477;pilati@pec.provincia.tn.it;dir.itetpilati@scuole.provincia.tn.it;segr.itetpilati@scuole.provincia.tn.it;https://www.istitutopilati.it;tntd10050a
istituto comprensivo di scuola primaria e secondaria di primiero;"scuola secondaria di primo grado ""l. negrelli""  - fiera di primiero";;a carattere statale/provinciale;maria prodi;;;viale monte grappa - fiera di primiero, 12 38054;primiero san martino di castrozza;0439/62435;0439/762466;ic.primiero@pec.provincia.tn.it;dir.icprimiero@scuole.provincia.tn.it;segr.icprimiero@scuole.provincia.tn.it;https://www.scuoleprimiero.it;tnmm81002b
istituto comprensivo cembra;scuola primaria verla giovo;;a carattere statale/provinciale;stefano chesini;;;via dell oratorio, 15 38030;giovo;0461/683006;0461/682166;ic.cembra@pec.provincia.tn.it;dir.cembra@scuole.provincia.tn.it;segr.cembra@scuole.provincia.tn.it;https://www.iccembra.it;tnee82203q
istituto comprensivo cavalese;scuola primaria masi cavalese;;a carattere statale/provinciale;roberto trolli;;;via damiano chiesa, 110 38033;cavalese;0462/340314;0462/342294;ic.cavalese@pec.provincia.tn.it;dir.cavalese@scuole.provincia.tn.it;segr.cavalese@scuole.provincia.tn.it;https://www.iccavalese.it;tnee80906c
istituto comprensivo centro valsugana;"scuola primaria ""c. corradi"" novaledo";;a carattere statale/provinciale;loredana montanaro;;;piazza municipio, 5 38050;novaledo;0461/764581;0461/771046;ic.centrovalsugana@pec.provincia.tn.it;dir.ic.centrovalsugana@scuole.provincia.tn.it;segr.ic.centrovalsugana@scuole.provincia.tn.it;https://www.iccentrovalsugana.it;tnee813064
istituto comprensivo centro valsugana;scuola primaria telve di sopra;;a carattere statale/provinciale;loredana montanaro;;;via delle scuole, 19 38050;telve di sopra;0461/764581;0461/771046;ic.centrovalsugana@pec.provincia.tn.it;dir.ic.centrovalsugana@scuole.provincia.tn.it;segr.ic.centrovalsugana@scuole.provincia.tn.it;https://www.iccentrovalsugana.it;tnee813031
"istituto di istruzione ""l. guetti"" - tione di trento";liceo scientifico opzione scienze applicate;;a carattere statale/provinciale;renato paoli;;;via durone, 53 38079;tione di trento;0465/321735;0465/322811;guetti@pec.provincia.tn.it;dir.guetti@scuole.provincia.tn.it;segr.guetti@scuole.provincia.tn.it;https://www.guetti.tn.it;tnps007014
"istituto di istruzione ""m. curie"" - pergine valsugana";liceo linguistico;;a carattere statale/provinciale;tiziana gulli;;;via s pietro, 4 38057;pergine valsugana;0461/511397;0461/531743;curie@pec.provincia.tn.it;dir.curie.pergine@scuole.provincia.tn.it;segr.curie.pergine@scuole.provincia.tn.it;https://www.curiepergine.it;tnps00401l
"istituto di istruzione ""la rosa bianca"" - cavalese";liceo delle scienze umane;;a carattere statale/provinciale;marco felicetti;;;via gandhi, 1 38033;cavalese;0462/341449;0462/248071;weisserose@pec.provincia.tn.it;dir.iicavalese@scuole.provincia.tn.it;segr.iicavalese@scuole.provincia.tn.it;https://www.scuolefiemme.tn.it;tnps001015
istituto comprensivo valle dei laghi - dro;"scuola secondaria di primo grado ""s. bellesini"" vezzano";;a carattere statale/provinciale;alessandro fabris;;;via roma - vezzano, 3 38070;vallelaghi;0461/864026;0461/340648;ic.valledeilaghi@pec.provincia.tn.it;dir.ic.valledeilaghi@scuole.provincia.tn.it;segr.ic.valledeilaghi@scuole.provincia.tn.it;https://www.icvalledeilaghidro.it;tnmm84401d
istituto comprensivo di scuola primaria e secondaria di primiero;scuola secondaria di primo grado canal san bovo;;a carattere statale/provinciale;maria prodi;;;localita lausen, 13/z 38050;canal san bovo;0439/62435;0439/762466;ic.primiero@pec.provincia.tn.it;dir.icprimiero@scuole.provincia.tn.it;segr.icprimiero@scuole.provincia.tn.it;https://www.scuoleprimiero.it;tnmm81001a
"istituto di istruzione ""la rosa bianca"" - cavalese";liceo linguistico;;a carattere statale/provinciale;marco felicetti;;;via gandhi, 1 38033;cavalese;0462/341449;0462/248071;weisserose@pec.provincia.tn.it;dir.iicavalese@scuole.provincia.tn.it;segr.iicavalese@scuole.provincia.tn.it;https://www.scuolefiemme.tn.it;tnps001015
istituto comprensivo valle dei laghi - dro;scuola primaria vigo cavedine;;a carattere statale/provinciale;alessandro fabris;;;via don negri, 21 38073;cavedine;0461/864026;0461/340648;ic.valledeilaghi@pec.provincia.tn.it;dir.ic.valledeilaghi@scuole.provincia.tn.it;segr.ic.valledeilaghi@scuole.provincia.tn.it;https://www.icvalledeilaghidro.it;tnee84407r
istituto comprensivo rovereto nord;"scuola primaria ""m. k. gandhi"" rovereto";;a carattere statale/provinciale;tiziana chiara pasquini;;;via puccini, 22 38068;rovereto;0464/420759;0464/480415;ic.roveretonord@pec.provincia.tn.it;dir.ic.roveretonord@scuole.provincia.tn.it;segr.ic.roveretonord@scuole.provincia.tn.it;https://www.icroveretonord.it;tnee85903a
"istituto di istruzione ""l. guetti"" - tione di trento";istituto tecnico per il settore economico serale;;a carattere statale/provinciale;renato paoli;;;via durone, 53 38079;tione di trento;0465/321735;0465/322811;guetti@pec.provincia.tn.it;dir.guetti@scuole.provincia.tn.it;segr.guetti@scuole.provincia.tn.it;https://www.guetti.tn.it;tntd007519
"istituto di istruzione ""m. martini"" - mezzolombardo";istituto tecnico per il settore economico serale;;a carattere statale/provinciale;valentina zanolla;;;via perlasca, 4 38017;mezzolombardo;0461/601122;0461/601470;martini@pec.provincia.tn.it;dir.martini.mezzolombardo@scuole.provincia.tn.it;segr.martini.mezzolombardo@scuole.provincia.tn.it;https://www.martinomartini.eu;tnrc00350n
"istituto tecnico economico e tecnologico ""g. floriani"" - riva del garda";istituto tecnico per il settore economico;;a carattere statale/provinciale;paolo chincarini;;;viale dei tigli, 43 38066;riva del garda;0464/578511;0464/578555;floriani@pec.provincia.tn.it;dir.istitutofloriani@scuole.provincia.tn.it;segr.istitutofloriani@scuole.provincia.tn.it;https://www.g-floriani.it;tntd00801q
istituto comprensivo mori;"scuola secondaria di primo grado ""b. malfatti"" mori";;a carattere statale/provinciale;massimiliano latino;;;via giovanni xxiii, 64 38065;mori;0464/918669;;ic.mori@pec.provincia.tn.it;dir.ic.mori@scuole.provincia.tn.it;segr.ic.mori@scuole.provincia.tn.it;https://www.icmori.it/;tnmm84901l
istituto comprensivo trento 4;scuola primaria localita' madonna bianca trento;;a carattere statale/provinciale;elena  valduga;;;piazzale europa, 4 38123;trento;0461/920316;0461/922030;ic.trento4@pec.provincia.tn.it;dir.ictn4@scuole.provincia.tn.it;segr.ictn4@scuole.provincia.tn.it;https://www.ictrento4.it;tnee85702n
istituto comprensivo trento 6;"scuola primaria ""beato s. bellesini"" trento";;a carattere statale/provinciale;chiara ghetta;;;via stoppani, 3 38121;trento;0461/236214;0461/230583;ic.trento6@pec.provincia.tn.it;dir.ic.tn6@scuole.provincia.tn.it;segr.ic.tn6@scuole.provincia.tn.it;https://www.ictrento6.it;tnee85801c
istituto comprensivo isera - rovereto;"scuola secondaria di primo grado ""a. degasperi"" rovereto";;a carattere statale/provinciale;francesca borroi;;;viale della vittoria, 43 38068;rovereto;0464/431515;0464/489616;ic.isera-rovereto@pec.provincia.tn.it;dir.ic.isera_rovereto@scuole.provincia.tn.it;segr.ic.isera_rovereto@scuole.provincia.tn.it;https://www.isera-rovereto.it;tnmm845019
istituto comprensivo trento 6;"scuola primaria ""a. degasperi"" sardagna";;a carattere statale/provinciale;chiara ghetta;;;via della toresèla, 1 38123;trento;0461/236214;0461/230583;ic.trento6@pec.provincia.tn.it;dir.ic.tn6@scuole.provincia.tn.it;segr.ic.tn6@scuole.provincia.tn.it;https://www.ictrento6.it;tnee85806n
"liceo classico ""g. prati"" - trento";;istituzione scolastica e formativa;a carattere statale/provinciale;paola baratter;;;via s trinita, 38 38122;trento;0461/980190;0461/980747;prati@pec.provincia.tn.it;dir.liceoprati@scuole.provincia.tn.it;segr.liceoprati@scuole.provincia.tn.it;https://www.liceoprati.it;tnpc04000g
istituto comprensivo pergine 1;;istituzione scolastica e formativa;a carattere statale/provinciale;daniela fruet;;;via monte cristallo, 2 38057;pergine valsugana;0461/532261;0461/533167;ic.pergine1@pec.provincia.tn.it;dir.ic.pergine1@scuole.provincia.tn.it;segr.ic.pergine1@scuole.provincia.tn.it;https://www.icpergine1.it/;tnic81400l
istituto comprensivo trento 4;scuola primaria clarina trento;;a carattere statale/provinciale;elena  valduga;;;via einaudi, 13 38123;trento;0461/920316;0461/922030;ic.trento4@pec.provincia.tn.it;dir.ictn4@scuole.provincia.tn.it;segr.ictn4@scuole.provincia.tn.it;https://www.ictrento4.it;tnee85701l
"societa' cooperativa a r.l. ""i. de carneri"" oxford civezzano";istituto professionale per il settore dei servizi;;paritaria/equiparata;giovanni scalfi;claudio march;;via murialdo, 30 38045;civezzano;0461/857003;0461/857284;oxford@pec.cooperazionetrentina.it;;info@istitutodecarneri.it;https://www.istitutodecarneri.it;tnri015007
istituto comprensivo mezzolombardo - paganella;"scuola primaria ""san g. bosco"" spormaggiore";;a carattere statale/provinciale;cinzia casna;;;via alt spaur, 5 38010;spormaggiore;0461/601125;0461/601125;ic.mezzolombardo@pec.provincia.tn.it;dir.ic.mezzolombardo@scuole.provincia.tn.it;segr.ic.mezzolombardo@scuole.provincia.tn.it;https://icmezzolombardopaganella.edu.it;tnee82408l
istituto comprensivo pergine 1;scuola primaria sant'orsola;;a carattere statale/provinciale;daniela fruet;;;localita pintarei, 21 38050;sant'orsola terme;0461/532261;0461/533167;ic.pergine1@pec.provincia.tn.it;dir.ic.pergine1@scuole.provincia.tn.it;segr.ic.pergine1@scuole.provincia.tn.it;https://www.icpergine1.it/;tnee81406x
istituto comprensivo strigno e tesino;scuola primaria ospedaletto;;a carattere statale/provinciale;giuliana sighel;;;via roma, 52 38050;ospedaletto;0461/762046;0461/763409;ic.strignotesino@pec.provincia.tn.it;dir.ic.strignoetesino@scuole.provincia.tn.it;segr.ic.strignoetesino@scuole.provincia.tn.it;https://www.icstrignoetesino.it;tnee80108x
"istituto comprensivo ala ""antonio bresciani""";"scuola primaria ""m.t. di calcutta"" serravalle";;a carattere statale/provinciale;maura maino;;;via negrelli - serravalle, 10 38061;ala;0464/696606;0464/674138;ic.ala@pec.provincia.tn.it;dir.ic.ala@scuole.provincia.tn.it;segr.ic.ala@scuole.provincia.tn.it;https://www.istitutocomprensivoala.it;tnee84802v
istituto comprensivo aldeno mattarello;;istituzione scolastica e formativa;a carattere statale/provinciale;michele ruele;;;via della torre franca, 1 38123;trento;0461/945237;0464/946007;ic.aldeno-mattarello@pec.provincia.tn.it;dir.aldeno.mattarello@scuole.provincia.tn.it;segr.aldeno.mattarello@scuole.provincia.tn.it;https://www.icaldenomattarello.it;tnic82100q
istituto comprensivo villa lagarina;scuola primaria nogaredo;;a carattere statale/provinciale;tiziana chemotti;;;via verdi, 44 38060;nogaredo;0464/411312;0464/411705;ic.villalagarina@pec.provincia.tn.it;dir.ic.villalagarina@scuole.provincia.tn.it;segr.ic.villalagarina@scuole.provincia.tn.it;https://www.icvillalagarina.it;tnee846016
"societa' cooperativa a r.l. ""i. de carneri"" oxford civezzano";istituto tecnico per il settore economico;;paritaria/equiparata;giovanni scalfi;claudio march;;via murialdo, 30 38045;civezzano;0461/857003;0461/857284;oxford@pec.cooperazionetrentina.it;;info@istitutodecarneri.it;https://www.istitutodecarneri.it;tntn01500q
istituto comprensivo giudicarie esteriori;"scuola primaria ""g. graffer"" stenico";;a carattere statale/provinciale;bruno gentilini;;;via risorgimento, 11/a 38070;stenico;0465/701472;0465/702452;ic.giudicarieesteriori@pec.provincia.tn.it;dir.ic.pontearche@scuole.provincia.tn.it;segr.ic.pontearche@scuole.provincia.tn.it;https://www.giudicariescuola.it;tnee83706l
"istituto di istruzione ""a. degasperi"" - borgo valsugana";liceo delle scienze umane;;a carattere statale/provinciale;giulio bertoldi;;;via xxiv maggio, 7 38051;borgo valsugana;0461/753647;0461/753364;degasperi@pec.provincia.tn.it;dir.istalcidedegasperi@scuole.provincia.tn.it;segr.istalcidedegasperi@scuole.provincia.tn.it;https://www.istalcidedegasperi.it;tnps002011
istituto comprensivo valle dei laghi - dro;scuola primaria calavino;;a carattere statale/provinciale;alessandro fabris;;;piazza maria assunta - calavino, 1 38076;madruzzo;0461/864026;0461/340648;ic.valledeilaghi@pec.provincia.tn.it;dir.ic.valledeilaghi@scuole.provincia.tn.it;segr.ic.valledeilaghi@scuole.provincia.tn.it;https://www.icvalledeilaghidro.it;tnee84405p
istituto comprensivo valle dei laghi - dro;"scuola secondaria di primo grado ""nuova europa"" dro";;a carattere statale/provinciale;alessandro fabris;;;via s antonio, 17 38074;dro;0461/864026;0461/340648;ic.valledeilaghi@pec.provincia.tn.it;dir.ic.valledeilaghi@scuole.provincia.tn.it;segr.ic.valledeilaghi@scuole.provincia.tn.it;https://www.icvalledeilaghidro.it;tnmm84403g
istituto comprensivo alta val di sole;scuola primaria vermiglio;;a carattere statale/provinciale;franco vanin;;;via senatore kessler, 5 38029;vermiglio;0463/758373;0463/750043;ic.altavaldisole@pec.provincia.tn.it;dir.icaltavaldisole@scuole.provincia.tn.it;segr.icaltavaldisole@scuole.provincia.tn.it;https://www.icaltavaldisole.it;tnee83206d
istituto comprensivo cembra;scuola secondaria di primo grado stedro segonzano;;a carattere statale/provinciale;stefano chesini;;;frazione scancio, 69 38047;segonzano;0461/683006;0461/682166;ic.cembra@pec.provincia.tn.it;dir.cembra@scuole.provincia.tn.it;segr.cembra@scuole.provincia.tn.it;https://www.iccembra.it;tnmm82202n
istituto comprensivo villa lagarina;"scuola primaria ""p. lodron"" villa lagarina";;a carattere statale/provinciale;tiziana chemotti;;;via stockstadt am rhein, 9 38060;villa lagarina;0464/411312;0464/411705;ic.villalagarina@pec.provincia.tn.it;dir.ic.villalagarina@scuole.provincia.tn.it;segr.ic.villalagarina@scuole.provincia.tn.it;https://www.icvillalagarina.it;tnee846038
"istituto di istruzione ""l. guetti"" - tione di trento";liceo linguistico;;a carattere statale/provinciale;renato paoli;;;via durone, 53 38079;tione di trento;0465/321735;0465/322811;guetti@pec.provincia.tn.it;dir.guetti@scuole.provincia.tn.it;segr.guetti@scuole.provincia.tn.it;https://www.guetti.tn.it;tnps007014
istituto comprensivo isera - rovereto;"scuola primaria ""f.lli filzi"" rovereto";;a carattere statale/provinciale;francesca borroi;;;via unione, 23 38068;rovereto;0464/431515;0464/489616;ic.isera-rovereto@pec.provincia.tn.it;dir.ic.isera_rovereto@scuole.provincia.tn.it;segr.ic.isera_rovereto@scuole.provincia.tn.it;https://www.isera-rovereto.it;tnee84502b
collegio arcivescovile c.endrici - trento;scuola primaria arcivescovile trento;;paritaria/equiparata;christian bonazza;bruno daves;;via monsignor  endrici, 23 38122;trento;0461/1731200;0461/1731288;collegioarcivescovile@pec.it;collegioarcivescovile@arcivescoviletrento.it;didatticatn@arcivescoviletrento.it;https://www.arcivescoviletrento.it;tn1e00100v
"istituto di istruzione ""m. curie"" - pergine valsugana";liceo delle scienze umane opzione economico sociale;;a carattere statale/provinciale;tiziana gulli;;;via san pietro, 4 38057;pergine valsugana;0461/511397;0461/531743;curie@pec.provincia.tn.it;dir.curie.pergine@scuole.provincia.tn.it;segr.curie.pergine@scuole.provincia.tn.it;https://www.curiepergine.it;tnps00401l
"istituto tecnico economico ""a. tambosi"" - trento";istituto tecnico per il settore economico serale;;a carattere statale/provinciale;andrea bezzi;;;via brigata acqui, 19 38122;trento;0461239955;0461230175;tambosibattisti@pec.provincia.tn.it;dir.tambositn@scuole.provincia.tn.it;segr.tambositn@scuole.provincia.tn.it;https://tambosi.tn.it;tntd180507
"istituto tecnico economico ""a. tambosi"" - trento";;istituzione scolastica e formativa;a carattere statale/provinciale;andrea bezzi;;;via brigata acqui, 19 38122;trento;0461239955;0461230175;tambosibattisti@pec.provincia.tn.it;dir.tambositn@scuole.provincia.tn.it;segr.tambositn@scuole.provincia.tn.it;https://tambosi.tn.it;tntd18000t
"istituto tecnico economico ""a. tambosi"" - trento";istituto tecnico per il settore economico;;a carattere statale/provinciale;andrea bezzi;;;via brigata acqui, 19 38122;trento;0461239955;0461230175;tambosibattisti@pec.provincia.tn.it;dir.tambositn@scuole.provincia.tn.it;segr.tambositn@scuole.provincia.tn.it;https://tambosi.tn.it;tntd18000t
istituto comprensivo bassa anaunia - tuenno;"scuola primaria ""v. maistrelli"" tuenno";;a carattere statale/provinciale;licia campi;;;via maistrelli - tuenno, 11 38019;ville d'anaunia;0461/655783;0461/655783;ic.bassaanaunia@pec.provincia.tn.it;dir.ic.bassaanauniatuenno@scuole.provincia.tn.it;segr.ic.denno@scuole.provincia.tn.it;https://www.icbassaanauniatuenno.it;tnee82907p
istituto comprensivo aldeno mattarello;scuola primaria mattarello;;a carattere statale/provinciale;michele ruele;;;via poli, 11 38123;trento;0461/945376;0464/946007;ic.aldeno-mattarello@pec.provincia.tn.it;dir.aldeno.mattarello@scuole.provincia.tn.it;segr.aldeno.mattarello@scuole.provincia.tn.it;https://www.icaldenomattarello.it;tnee821041
"istituto tecnico economico e tecnologico ""f. e g. fontana"" - rovereto";istituto tecnico per il settore tecnologico serale;;a carattere statale/provinciale;giuseppe santoli;;;via del teatro, 4 38068;rovereto;0464/436100;0464/434116;fontana@pec.provincia.tn.it;dir.fontana@scuole.provincia.tn.it;segr.fontana@scuole.provincia.tn.it;https://www.fgfontana.eu;tntd02050p
"istituto tecnico tecnologico ""g. marconi"" - rovereto";istituto tecnico per il settore tecnologico serale;;a carattere statale/provinciale;daniela depentori;;;via monti, 1 38068;rovereto;0464/411400;0464/419130;marconi@pec.provincia.tn.it;dir.itimarconi@scuole.provincia.tn.it;segr.itimarconi@scuole.provincia.tn.it;https://www.marconirovereto.it;tntf020501
istituto comprensivo trento 4;scuola primaria ospedale infantile trento;;a carattere statale/provinciale;elena  valduga;;;largo medaglie d oro, 9 38122;trento;0461/920316;0461/922030;ic.trento4@pec.provincia.tn.it;dir.ictn4@scuole.provincia.tn.it;segr.ictn4@scuole.provincia.tn.it;https://www.ictrento4.it;tnee85703p
"istituto comprensivo riva 2 ""l. pizzini""";"scuola primaria ""a. zadra"" rione degasperi riva del garda";;a carattere statale/provinciale;maurizio caproni;;;largo caduti delle foibe, 3 38066;riva del garda;0464/552170;0464/520789;ic.riva2@pec.provincia.tn.it;dir.ic.riva2@scuole.provincia.tn.it;segr.ic.riva2@scuole.provincia.tn.it;https://www.riva2.it;tnee84201v
"istituto comprensivo del chiese ""don l. milani""";"scuola secondaria di primo grado ""g. pascoli"" pieve di bono";;a carattere statale/provinciale;romeo collini;;;via fiera - creto - pieve di bono, 1 38085;pieve di bono-prezzo;0465/674049;0465/687076;ic.chiese-storo@pec.provincia.tn.it;dir.ic.chiese@scuole.provincia.tn.it;segr.ic.chiese@scuole.provincia.tn.it;https://www.istitutodelchiese.it;tnmm838027
istituto comprensivo mezzolombardo - paganella;"scuola primaria ""c. darwin"" mezzolombardo";;a carattere statale/provinciale;cinzia casna;;;via filos, 3 38017;mezzolombardo;0461/601125;0461/601125;ic.mezzolombardo@pec.provincia.tn.it;dir.ic.mezzolombardo@scuole.provincia.tn.it;segr.ic.mezzolombardo@scuole.provincia.tn.it;https://icmezzolombardopaganella.edu.it;tnee824019
"liceo ""a. rosmini"" - trento";liceo delle scienze umane;;a carattere statale/provinciale;patrizia visconti;;;via malfatti, 2 38122;trento;0461/914400;0461/914498;rosmini.trento@pec.provincia.tn.it;dir.rosmini.tn@scuole.provincia.tn.it;segr.rosmini.tn@scuole.provincia.tn.it;https://www.rosmini.eu;tnpm01000x
istituto comprensivo strigno e tesino;scuola primaria scurelle;;a carattere statale/provinciale;giuliana sighel;;;via xv agosto, 68 38050;scurelle;0461/762046;0461/763409;ic.strignotesino@pec.provincia.tn.it;dir.ic.strignoetesino@scuole.provincia.tn.it;segr.ic.strignoetesino@scuole.provincia.tn.it;https://www.icstrignoetesino.it;tnee80105r
istituto comprensivo mezzocorona;"scuola secondaria di primo grado ""e. chini"" mezzocorona";;a carattere statale/provinciale;paola sigmund;;;via dante, 9 38016;mezzocorona;0461/605409;0461/605142;ic.mezzocorona@pec.provincia.tn.it;dir.ic.mezzocorona@scuole.provincia.tn.it;segr.ic.mezzocorona@scuole.provincia.tn.it;https://www.icmezzocorona.it;tnmm82301c
"istituto di istruzione ""a. degasperi"" - borgo valsugana";educazione per adulti relativa al primo ciclo;;a carattere statale/provinciale;giulio bertoldi;;;via xxiv maggio, 7 38051;borgo valsugana;0461/753647;0461/753364;degasperi@pec.provincia.tn.it;dir.istalcidedegasperi@scuole.provincia.tn.it;segr.istalcidedegasperi@scuole.provincia.tn.it;https://www.istalcidedegasperi.it;tnct708006
"liceo ""a. rosmini"" - trento";;istituzione scolastica e formativa;a carattere statale/provinciale;patrizia visconti;;;via malfatti, 2 38122;trento;0461/914400;0461/914498;rosmini.trento@pec.provincia.tn.it;dir.rosmini.tn@scuole.provincia.tn.it;segr.rosmini.tn@scuole.provincia.tn.it;https://www.rosmini.eu;tnpm01000x
istituto comprensivo trento 4;"scuola secondaria di primo grado ""o. winkler"" trento";;a carattere statale/provinciale;elena  valduga;;;viale degli olmi, 22 38123;trento;0461/920316;0461/922030;ic.trento4@pec.provincia.tn.it;dir.ictn4@scuole.provincia.tn.it;segr.ictn4@scuole.provincia.tn.it;https://www.ictrento4.it;tnmm85701g
istituto comprensivo levico terme;"scuola primaria ""padre b. martinelli"" calceranica al lago";;a carattere statale/provinciale;ezio montibeller;;;via della scuola, 2 38050;calceranica al lago;0461/706146;0461/706099;ic.levicoterme@pec.provincia.tn.it;dir.ic.levico@scuole.provincia.tn.it;segr.ic.levico@scuole.provincia.tn.it;https://www.iclevico.eu;tnee818012
collegio arcivescovile dame inglesi - rovereto;liceo linguistico arcivescovile dame inglesi - rovereto;;paritaria/equiparata;christian bonazza;bruno daves;;corso bettini, 71 38068;rovereto;0464/406000;0464/406077;collegioarcivescovile@pec.it;dameinglesi@arcivescoviletrento.it;lia@arcivescoviletrento.it;https://www.arcivescoviletrento.it;tnpl005006
"istituto comprensivo trento 2 ""j. a. comenius""";"scuola primaria ""r. zandonai"" martignano";;a carattere statale/provinciale;carlo zanetti;;;piazza menghin,  1 38121;trento;0461/982113;0461/237554;ic.comenius@pec.provincia.tn.it;dir.ictn2@scuole.provincia.tn.it;segr.ictn2@scuole.provincia.tn.it;https://www.icomenius.it;tnee820034
"istituto comprensivo ala ""antonio bresciani""";"scuola secondaria di primo grado ""c. battisti"" ala";;a carattere statale/provinciale;maura maino;;;via don anzelini, 2 38061;ala;0464/671119;0464/674138;ic.ala@pec.provincia.tn.it;dir.ic.ala@scuole.provincia.tn.it;segr.ic.ala@scuole.provincia.tn.it;https://www.istitutocomprensivoala.it;tnmm84801r
istituto comprensivo levico terme;scuola primaria levico terme;;a carattere statale/provinciale;ezio montibeller;;;via della pace, 5 38056;levico terme;0461/706146;0461/706099;ic.levicoterme@pec.provincia.tn.it;dir.ic.levico@scuole.provincia.tn.it;segr.ic.levico@scuole.provincia.tn.it;https://www.iclevico.eu;tnee818034
"liceo scientifico ""g. galilei"" - trento";liceo scientifico opzione scienze applicate;;a carattere statale/provinciale;elena ruggieri;;;viale bolognini, 88 38122;trento;0461/913479;0461/913367;galilei@pec.provincia.tn.it;dir.liceogalilei@scuole.provincia.tn.it;segr.liceogalilei@scuole.provincia.tn.it;https://www.lsgalilei.org/;tnps01000v
istituto comprensivo di scuola primaria e secondaria di primiero;"scuola primaria ""card. j. bernardin"" tonadico";;a carattere statale/provinciale;maria prodi;;;via sorelle lucian - tonadico, 8 38054;primiero san martino di castrozza;0439/62435;0439/762466;ic.primiero@pec.provincia.tn.it;dir.icprimiero@scuole.provincia.tn.it;segr.icprimiero@scuole.provincia.tn.it;https://www.scuoleprimiero.it;tnee81007n
istituto comprensivo valle dei laghi - dro;scuola primaria vezzano;;a carattere statale/provinciale;alessandro fabris;;;via roma - vezzano, 3 38070;vallelaghi;0461/864026;0461/340648;ic.valledeilaghi@pec.provincia.tn.it;dir.ic.valledeilaghi@scuole.provincia.tn.it;segr.ic.valledeilaghi@scuole.provincia.tn.it;https://www.icvalledeilaghidro.it;tnee84403l
istituto comprensivo aldeno mattarello;"scuola secondaria di primo grado ""a. fogazzaro"" mattarello";;a carattere statale/provinciale;michele ruele;;;via della torre franca, 1 38123;trento;0461/945237;0464/946007;ic.aldeno-mattarello@pec.provincia.tn.it;dir.aldeno.mattarello@scuole.provincia.tn.it;segr.aldeno.mattarello@scuole.provincia.tn.it;https://www.icaldenomattarello.it;tnmm82102t
"istituto di istruzione ""m. curie"" - pergine valsugana";istituto tecnico per il settore tecnologico serale;;a carattere statale/provinciale;tiziana gulli;;;via s pietro, 4 38057;pergine valsugana;0461/511397;0461/531743;curie@pec.provincia.tn.it;dir.curie.pergine@scuole.provincia.tn.it;segr.curie.pergine@scuole.provincia.tn.it;https://www.curiepergine.it;tntd00450r
"liceo ""a. rosmini"" - rovereto";liceo scientifico;;a carattere statale/provinciale;paolo pendenza;;;corso bettini, 86 38068;rovereto;0464/437700;0464/420025;rosmini.rovereto@pec.provincia.tn.it;dir.liceorosmini@scuole.provincia.tn.it;segr.liceorosmini@scuole.provincia.tn.it;https://www.liceorosmini.eu;tnpc02000a
"istituto di istruzione ""m. curie"" - pergine valsugana";istituto tecnico per il settore tecnologico;;a carattere statale/provinciale;tiziana gulli;;;via s pietro, 4 38057;pergine valsugana;0461/511397;0461/531743;curie@pec.provincia.tn.it;dir.curie.pergine@scuole.provincia.tn.it;segr.curie.pergine@scuole.provincia.tn.it;https://www.curiepergine.it;tntd00401c
istituto comprensivo bassa anaunia - tuenno;"scuola secondaria di primo grado ""e. leonardi"" tuenno";;a carattere statale/provinciale;licia campi;;;via maistrelli - tuenno, 11 38019;ville d'anaunia;0461/655783;0461/655783;ic.bassaanaunia@pec.provincia.tn.it;dir.ic.bassaanauniatuenno@scuole.provincia.tn.it;segr.ic.denno@scuole.provincia.tn.it;https://www.icbassaanauniatuenno.it;tnmm82902c
"istituto tecnico economico e tecnologico ""g. floriani"" - riva del garda";educazione per adulti relativa al primo ciclo;;a carattere statale/provinciale;paolo chincarini;;;viale dei tigli, 43 38066;riva del garda;0464/578511;0464/578555;floriani@pec.provincia.tn.it;dir.istitutofloriani@scuole.provincia.tn.it;segr.istitutofloriani@scuole.provincia.tn.it;https://www.g-floriani.it;tnct702007
collegio arcivescovile c.endrici - trento;liceo classico arcivescovile - trento;;paritaria/equiparata;christian bonazza;bruno daves;;via monsignor  endrici, 23 38122;trento;0461/1731200;0461/1731288;collegioarcivescovile@pec.it;collegioarcivescovile@arcivescoviletrento.it;didatticatn@arcivescoviletrento.it;https://www.arcivescoviletrento.it;tnpc01500v
"istituto di istruzione ""m. martini"" - mezzolombardo";liceo scientifico;;a carattere statale/provinciale;valentina zanolla;;;via perlasca, 4 38017;mezzolombardo;0461/601122;0461/601470;martini@pec.provincia.tn.it;dir.martini.mezzolombardo@scuole.provincia.tn.it;segr.martini.mezzolombardo@scuole.provincia.tn.it;https://www.martinomartini.eu;tnps00301r
istituto comprensivo rovereto est;scuola primaria moscheri trambileno;;a carattere statale/provinciale;michele rosa;;;frazione moscheri,   38068;trambileno;0464/433709;0464/450456;ic.roveretoest@pec.provincia.tn.it;dir.ic.roveretoest@scuole.provincia.tn.it;segr.ic.roveretoest@scuole.provincia.tn.it;https://www.roveretoest.it;tnee85305d
istituto comprensivo taio;scuola primaria coredo;;a carattere statale/provinciale;maura zini;;;via delle scuole - coredo,  6 38012;predaia;0463/468193;0463/467616;ic.taio@pec.provincia.tn.it;dir.ictaio@scuole.provincia.tn.it;segr.ictaio@scuole.provincia.tn.it;https://www.ictaio.it;tnee826011
istituto comprensivo brentonico;scuola secondaria di primo grado brentonico;;a carattere statale/provinciale;enrica rigotti;;;via calzolari - localita fontana, 2 38060;brentonico;0464/395189;0464/392710;ic.brentonico@pec.provincia.tn.it;dir.ic.brentonico@scuole.provincia.tn.it;segr.ic.brentonico@scuole.provincia.tn.it;https://www.icbrentonico.it/;tnmm861017
istituto comprensivo brentonico;;istituzione scolastica e formativa;a carattere statale/provinciale;enrica rigotti;;;via calzolari - localita fontana, 2 38060;brentonico;0464/395189;0464/392710;ic.brentonico@pec.provincia.tn.it;dir.ic.brentonico@scuole.provincia.tn.it;segr.ic.brentonico@scuole.provincia.tn.it;https://www.icbrentonico.it/;tnic861006
istituto comprensivo brentonico;scuola primaria brentonico;;a carattere statale/provinciale;enrica rigotti;;;via calzolari - localita fontana, 2 38060;brentonico;0464/395189;0464/392710;ic.brentonico@pec.provincia.tn.it;dir.ic.brentonico@scuole.provincia.tn.it;segr.ic.brentonico@scuole.provincia.tn.it;https://www.icbrentonico.it/;tnee861018
"scuola dell'infanzia di rovereto ""rosmini""";"scuola dell'infanzia di rovereto ""rosmini""";;paritaria/equiparata;;;roberta medeghini;corso rosmini, 3 38068;rovereto;0464-421541;;rovereto.rosmini.presidente@fpsm.tn.it;;rovereto.rosmini.segretario@fpsm.tn.it;;
circolo di coordinamento n. 10;"scuola dell'infanzia di pomarolo  ""don rainoldi""";;a carattere statale/provinciale;;;ginevra rella;via g.b. adami, 10 38060;pomarolo;0464/410211;0464/493115;scuolainfanzia.pomarolo@scuole.provincia.tn.it;;circolo.coordinamento10@provincia.tn.it;;
istituto comprensivo borgo valsugana;;istituzione scolastica e formativa;a carattere statale/provinciale;luigi vitullo;;;via spagolla, 1 38051;borgo valsugana;0461/753179;0461/754131;ic.borgovalsugana@pec.provincia.tn.it;dir.ic.borgovalsugana@scuole.provincia.tn.it;segr.ic.borgovalsugana@scuole.provincia.tn.it;http://www.icborgovalsugana.edu.it/;tnic812001
circolo di coordinamento n. 1;scuola dell'infanzia di baselga di piné;;a carattere statale/provinciale;;;katia pegoretti;via del municipio vecchio, 2 38042;baselga di pine';0461/557640;0461/493495;scuolainfanzia.baselgadipine@scuole.provincia.tn.it;;circolo.coordinamento01@provincia.tn.it;;
circolo di coordinamento n. 2;"scuola dell'infanzia di vigolo vattaro ""giardino dell'amicizia""";;a carattere statale/provinciale;;;helene giacomelli;via al castello - vigolo vattaro, 10 38049;altopiano della vigolana;0461/848577;0461 491976;scuolainfanzia.vigolovattaro@scuole.provincia.tn.it;;circolo.coordinamento02@provincia.tn.it;;
circolo di coordinamento n. 1;scuola dell'infanzia di miola di pinè;;a carattere statale/provinciale;;;katia pegoretti;via del dos di miola, 13 38042;baselga di pine';0461/557950;0461/493495;scuolainfanzia.miola@scuole.provincia.tn.it;;circolo.coordinamento01@provincia.tn.it;;
circolo di coordinamento n. 1;"scuola dell'infanzia di seregnano ""arcobaleno""";;a carattere statale/provinciale;;;katia pegoretti;via alla villa wolf - rovere, 4 38045;civezzano;0461/858736;0461/493495;scuolainfanzia.seregnano@scuole.provincia.tn.it;;circolo.coordinamento01@provincia.tn.it;;
circolo di coordinamento n. 6;"scuola dell'infanzia di zambana ""girotondo""";;a carattere statale/provinciale;;;valentina rizzon;via conti spaur, 2 38010;terre d'adige;0461/241060;0461/499283;scuolainfanzia.zambana@scuole.provincia.tn.it;;circolo.coordinamento06@provincia.tn.it;;
circolo di coordinamento n. 2;"scuola dell'infanzia di canal san bovo ""lausen""";;a carattere statale/provinciale;;;helene giacomelli;localita lausen, 13 38050;canal san bovo;0439/718979;0461 491976;scuolainfanzia.canalsanbovo@scuole.provincia.tn.it;;circolo.coordinamento02@provincia.tn.it;;
circolo di coordinamento n. 1;"scuola dell'infanzia di rizzolaga di pinè ""raggio di sole""";;a carattere statale/provinciale;;;katia pegoretti;frazione rizzolaga, 94 38042;baselga di pine';0461/557629;0461/493495;scuolainfanzia.rizzolaga@scuole.provincia.tn.it;;circolo.coordinamento01@provincia.tn.it;;
circolo di coordinamento n. 6;"scuola dell'infanzia di trento  meano  ""m. r. giobatta partelloni""";;a carattere statale/provinciale;;;valentina rizzon;via delle sugarine, 38 38121;trento;0461/991187;0461/499283;scuolainfanzia.meano@scuole.provincia.tn.it;;circolo.coordinamento06@provincia.tn.it;;
circolo di coordinamento n. 2;scuola dell'infanzia di centa san nicolò;;a carattere statale/provinciale;;;helene giacomelli;via dei campi - centa san nicolo, 14 38049;altopiano della vigolana;0461/722120;0461 491976;scuolainfanzia.centa@scuole.provincia.tn.it;;circolo.coordinamento02@provincia.tn.it;;
circolo di coordinamento n. 2;"scuola dell'infanzia di tenna ""il sentiero""";;a carattere statale/provinciale;;;helene giacomelli;via venezia, 1 38050;tenna;0461/707635;0461 491976;scuolainfanzia.tenna@scuole.provincia.tn.it;;circolo.coordinamento02@provincia.tn.it;;
circolo di coordinamento n. 6;"scuola dell'infanzia di trento  martignano  ""arcobaleno""";;a carattere statale/provinciale;;;valentina rizzon;via alla formigheta, 4 38121;trento;0461/830411;0461/499283;scuolainfanzia.martignano@scuole.provincia.tn.it;;circolo.coordinamento06@provincia.tn.it;;
circolo di coordinamento n. 6;"scuola dell'infanzia di trento  solteri  ""il quadrifoglio""";;a carattere statale/provinciale;;;valentina rizzon;via dei solteri, 24 38121;trento;0461/821343;0461/499283;scuolainfanzia.solteri@scuole.provincia.tn.it;;circolo.coordinamento06@provincia.tn.it;;
circolo di coordinamento n. 6;scuola dell'infanzia di grumes;;a carattere statale/provinciale;;;valentina rizzon;piazza municipio - grumes, 10 38030;altavalle;0461/685022;0461/499283;scuolainfanzia.grumes@scuole.provincia.tn.it;;circolo.coordinamento06@provincia.tn.it;;
circolo di coordinamento n. 1;scuola dell'infanzia di civezzano;;a carattere statale/provinciale;;;katia pegoretti;via telvana, 4 38045;civezzano;0461/858481;0461/493495;scuolainfanzia.civezzano@scuole.provincia.tn.it;;circolo.coordinamento01@provincia.tn.it;;
circolo di coordinamento n. 6;"scuola dell'infanzia di trento  melta di gardolo  ""il girasole""";;a carattere statale/provinciale;;;valentina rizzon;localita melta, 14 38121;trento;0461/991622;0461/499283;scuolainfanzia.melta@scuole.provincia.tn.it;;circolo.coordinamento06@provincia.tn.it;;
circolo di coordinamento n. 1;"scuola dell'infanzia di capriana ""maddalena lazzeri""";;a carattere statale/provinciale;;;katia pegoretti;piazza scuole, 3 38030;capriana;0462/816377;0461/493495;scuolainfanzia.capriana@scuole.provincia.tn.it;;circolo.coordinamento01@provincia.tn.it;;
circolo di coordinamento n. 2;scuola dell'infanzia di vattaro;;a carattere statale/provinciale;;;helene giacomelli;via giardino - vattaro, 7 38049;altopiano della vigolana;0461/848066;0461 491976;scuolainfanzia.vattaro@scuole.provincia.tn.it;;circolo.coordinamento02@provincia.tn.it;;
circolo di coordinamento n. 1;"scuola dell'infanzia di s. orsola ""il girotondo""";;a carattere statale/provinciale;;;katia pegoretti;localita pintarei, 9 38050;sant'orsola terme;0461/551163;0461/493495;scuolainfanzia.santorsola@scuole.provincia.tn.it;;circolo.coordinamento01@provincia.tn.it;;
circolo di coordinamento n. 1;scuola dell'infanzia di piazze;;a carattere statale/provinciale;;;katia pegoretti;via vittorino da feltre, 24 38043;bedollo;0461/556518;0461/493495;scuolainfanzia.bedollo@scuole.provincia.tn.it;;circolo.coordinamento01@provincia.tn.it;;
circolo di coordinamento n. 2;scuola dell'infanzia di bosentino;;a carattere statale/provinciale;;;helene giacomelli;via alle scuole - bosentino, 12 38049;altopiano della vigolana;0461/845133;0461 491976;scuolainfanzia.bosentino@scuole.provincia.tn.it;;circolo.coordinamento02@provincia.tn.it;;
circolo di coordinamento n. 2;;circolo di coordinamento pedagogico;a carattere statale/provinciale;;;helene giacomelli;via temanza, 4 38051;borgo valsugana;0461 491980;0461 491976;circolo.coordinamento02@provincia.tn.it;;circolo.coordinamento02@provincia.tn.it;;
circolo di coordinamento n. 2;scuola dell'infanzia di imer;;a carattere statale/provinciale;;;helene giacomelli;via nazionale, 71 38050;imer;0439/67668;0461 491976;scuolainfanzia.imer@scuole.provincia.tn.it;;circolo.coordinamento02@provincia.tn.it;;
circolo di coordinamento n. 1;scuola dell'infanzia di casatta;;a carattere statale/provinciale;;;katia pegoretti;frazione casatta, 54 38040;valfloriana;0462/910249;0461/493495;scuolainfanzia.casatta@scuole.provincia.tn.it;;circolo.coordinamento01@provincia.tn.it;;
circolo di coordinamento n. 1;scuola dell'infanzia di molina di fiemme;;a carattere statale/provinciale;;;katia pegoretti;via segherie, 64/c 38030;castello-molina di fiemme;0462/230696;0461/493495;scuolainfanzia.molina@scuole.provincia.tn.it;;circolo.coordinamento01@provincia.tn.it;;
circolo di coordinamento n. 1;"scuola dell'infanzia di fierozzo ""himblring""";;a carattere statale/provinciale;;;katia pegoretti;maso ronca, 9 38050;fierozzo - vlarötz;0461/540044;0461/493495;scuolainfanzia.fierozzo@scuole.provincia.tn.it;;circolo.coordinamento01@provincia.tn.it;;
circolo di coordinamento n. 2;scuola dell'infanzia di bieno;;a carattere statale/provinciale;;;helene giacomelli;via ammiraglio bettolo, 21 38050;bieno;0461/596247;0461 491976;scuolainfanzia.bieno@scuole.provincia.tn.it;;circolo.coordinamento02@provincia.tn.it;;
circolo di coordinamento n. 2;scuola dell'infanzia di castello tesino;;a carattere statale/provinciale;;;helene giacomelli;via venezia, 16/a 38053;castello tesino;0461/593023;0461 491976;scuolainfanzia.castellotesino@scuole.provincia.tn.it;;circolo.coordinamento02@provincia.tn.it;;
circolo di coordinamento n. 1;;circolo di coordinamento pedagogico;a carattere statale/provinciale;;;katia pegoretti;viale dante, 5 38057;pergine valsugana;0461/493491;0461/493495;circolo.coordinamento01@provincia.tn.it;;circolo.coordinamento01@provincia.tn.it;;
circolo di coordinamento n. 6;"scuola dell'infanzia di giovo  ""il pellicano""";;a carattere statale/provinciale;;;valentina rizzon;via delle scuole, 9 38030;giovo;0461/684978;0461/499283;scuolainfanzia.paludigiovo@scuole.provincia.tn.it;;circolo.coordinamento06@provincia.tn.it;;
"liceo scientifico ""l. da vinci"" - trento";liceo scientifico;;a carattere statale/provinciale;viviana sbardella ;;;via madruzzo, 24 38122;trento;0461/984099;0461/986257;davinci@pec.provincia.tn.it;dir.liceodavinci@scuole.provincia.tn.it;segr.liceodavinci@scuole.provincia.tn.it;https://www.liceodavincitn.it;tnps02000d
istituto comprensivo fondo - revo';"scuola secondaria di primo grado ""g. b. lampi"" fondo";;a carattere statale/provinciale;miriam predelli;;;via laviosa zambotti - fondo, 24 38020;borgo d'anaunia;0463/831134;0463/831746;ic.fondo@pec.provincia.tn.it;dir.ic.fondo@scuole.provincia.tn.it;segr.ic.fondo@scuole.provincia.tn.it;https://www.icfondorevo.it;tnmm82803n
istituto comprensivo valle di ledro;;istituzione scolastica e formativa;a carattere statale/provinciale;massimo amistadi;;;via falcone e borsellino - bezzecca, 2 38067;ledro;0464/592800;0464/592819;ic.vallediledro@pec.provincia.tn.it;dir.ic.bezzecca@scuole.provincia.tn.it;segr.ic.bezzecca@scuole.provincia.tn.it;https://www.icvallediledro.it;tnic80600n
istituto comprensivo fondo - revo';"scuola primaria ""madre teresa di calcutta"" romeno";;a carattere statale/provinciale;miriam predelli;;;via monsignor rosati, 1 38010;romeno;0463/831134;0463/831746;ic.fondo@pec.provincia.tn.it;dir.ic.fondo@scuole.provincia.tn.it;segr.ic.fondo@scuole.provincia.tn.it;https://www.icfondorevo.it;tnee82805r
istituto comprensivo fondo - revo';"scuola primaria ""c.a. martini"" revo'";;a carattere statale/provinciale;miriam predelli;;;via delle maddalene, 7 38028;novella;0463/831134;0463/831746;ic.fondo@pec.provincia.tn.it;dir.ic.fondo@scuole.provincia.tn.it;segr.ic.fondo@scuole.provincia.tn.it;https://www.icfondorevo.it;tnee828091
istituto comprensivo arco;"scuola secondaria di primo grado ""n. d'arco"" arco";;a carattere statale/provinciale;paola maroni;;;localita prabi,   38062;arco;0464/516429;0464/517064;ic.arco@pec.provincia.tn.it;dir.ic.arco@scuole.provincia.tn.it;segr.ic.arco@scuole.provincia.tn.it;https://www.icarco.edu.it;tnmm840016
"liceo scientifico ""l. da vinci"" - trento";liceo scientifico opzione scienze applicate;;a carattere statale/provinciale;viviana sbardella ;;;via madruzzo, 24 38122;trento;0461/984099;0461/986257;davinci@pec.provincia.tn.it;dir.liceodavinci@scuole.provincia.tn.it;segr.liceodavinci@scuole.provincia.tn.it;https://www.liceodavincitn.it;tnps02000d
istituto comprensivo arco;scuola primaria massone;;a carattere statale/provinciale;paola maroni;;;via maffei - san martino, 2 38062;arco;0464/516679;0464/517064;ic.arco@pec.provincia.tn.it;dir.ic.arco@scuole.provincia.tn.it;segr.ic.arco@scuole.provincia.tn.it;https://www.icarco.edu.it;tnee840028
"liceo ""b. russell"" - cles";liceo delle scienze umane opzione economico sociale;;a carattere statale/provinciale;roberta gambaro;;;via iv novembre, 35 38023;cles;0463/424049;0463/424577;russell@pec.provincia.tn.it;dir.russell@scuole.provincia.tn.it;segr.russell@scuole.provincia.tn.it;https://www.liceorussell.eu;tnpm006019
istituto comprensivo avio;scuola primaria sabbionara di avio;;a carattere statale/provinciale;niccolo' dai pra';;;piazza conciliazione,  1 38063;avio;0464/684067;0464/687570;ic.avio@pec.provincia.tn.it;dir.ic.avio@scuole.provincia.tn.it;segr.ic.avio@scuole.provincia.tn.it;https://www.istitutoavio.it;tnee847023
"istituto tecnico tecnologico ""m. buonarroti"" - trento";istituto tecnico per il settore tecnologico serale;;a carattere statale/provinciale;tiziana rossi;;;via brigata acqui, 15 38122;trento;0461/216811;0461/984216;buonarroti@pec.provincia.tn.it;dir.buonarroti@scuole.provincia.tn.it;istituto.tecnico@buonarroti.tn.it;https://www.buonarroti.tn.it/;tntf01351v
istituto comprensivo arco;;istituzione scolastica e formativa;a carattere statale/provinciale;paola maroni;;;localita prabi,   38062;arco;0464/516429;0464/517064;ic.arco@pec.provincia.tn.it;dir.ic.arco@scuole.provincia.tn.it;segr.ic.arco@scuole.provincia.tn.it;https://www.icarco.edu.it;tnic840005
istituto comprensivo fondo - revo';"scuola primaria ""stefano zuech"" brez";;a carattere statale/provinciale;miriam predelli;;;via nigaiola - brez, 1 38028;novella;0463/831134;0463/831746;ic.fondo@pec.provincia.tn.it;dir.ic.fondo@scuole.provincia.tn.it;segr.ic.fondo@scuole.provincia.tn.it;https://www.icfondorevo.it;tnee82808x
istituto comprensivo arco;scuola primaria bolognano;;a carattere statale/provinciale;paola maroni;;;viale stazione, 2 38062;arco;0464/518610;0464/517064;ic.arco@pec.provincia.tn.it;dir.ic.arco@scuole.provincia.tn.it;segr.ic.arco@scuole.provincia.tn.it;https://www.icarco.edu.it;tnee840017
istituto comprensivo avio;"scuola secondaria di primo grado ""d. alighieri"" avio";;a carattere statale/provinciale;niccolo' dai pra';;;viale degasperi, 69 38063;avio;0464/684029;0464/687570;ic.avio@pec.provincia.tn.it;dir.ic.avio@scuole.provincia.tn.it;segr.ic.avio@scuole.provincia.tn.it;https://www.istitutoavio.it;tnmm847011
"liceo ""b. russell"" - cles";liceo scientifico;;a carattere statale/provinciale;roberta gambaro;;;via iv novembre, 35 38023;cles;0463/424049;0463/424577;russell@pec.provincia.tn.it;dir.russell@scuole.provincia.tn.it;segr.russell@scuole.provincia.tn.it;https://www.liceorussell.eu;tnps006018
istituto comprensivo fondo - revo';scuola primaria sarnonico;;a carattere statale/provinciale;miriam predelli;;;via manzoni, 7 38011;sarnonico;0463/831134;0463/831746;ic.fondo@pec.provincia.tn.it;dir.ic.fondo@scuole.provincia.tn.it;segr.ic.fondo@scuole.provincia.tn.it;https://www.icfondorevo.it;tnee82807v
"liceo ""b. russell"" - cles";;istituzione scolastica e formativa;a carattere statale/provinciale;roberta gambaro;;;via iv novembre, 35 38023;cles;0463/424049;0463/424577;russell@pec.provincia.tn.it;dir.russell@scuole.provincia.tn.it;segr.russell@scuole.provincia.tn.it;https://www.liceorussell.eu;tnis00600t
istituto comprensivo fondo - revo';"scuola primaria ""padre a. stefenelli"" fondo";;a carattere statale/provinciale;miriam predelli;;;piazza don stefenelli - fondo, 2 38020;borgo d'anaunia;0463/831134;0463/831746;ic.fondo@pec.provincia.tn.it;dir.ic.fondo@scuole.provincia.tn.it;segr.ic.fondo@scuole.provincia.tn.it;https://www.icfondorevo.it;tnee82804q
"liceo ""b. russell"" - cles";liceo scientifico opzione scienze applicate;;a carattere statale/provinciale;roberta gambaro;;;via iv novembre, 35 38023;cles;0463/424049;0463/424577;russell@pec.provincia.tn.it;dir.russell@scuole.provincia.tn.it;segr.russell@scuole.provincia.tn.it;https://www.liceorussell.eu;tnps006018
istituto comprensivo fondo - revo';"scuola secondaria di primo grado ""c.a. martini"" revo'";;a carattere statale/provinciale;miriam predelli;;;via canestrini, 7 38028;novella;0463/831134;0463/831746;ic.fondo@pec.provincia.tn.it;dir.ic.fondo@scuole.provincia.tn.it;segr.ic.fondo@scuole.provincia.tn.it;https://www.icfondorevo.it;tnmm82802l
"liceo ""b. russell"" - cles";liceo delle scienze umane;;a carattere statale/provinciale;roberta gambaro;;;via iv novembre, 35 38023;cles;0463/424049;0463/424577;russell@pec.provincia.tn.it;dir.russell@scuole.provincia.tn.it;segr.russell@scuole.provincia.tn.it;https://www.liceorussell.eu;tnpm006019
istituto comprensivo valle di ledro;scuola primaria tiarno di sopra;;a carattere statale/provinciale;massimo amistadi;;;piazza milin - tiarno di sopra, 14 38067;ledro;0464/592800;0464/592819;ic.vallediledro@pec.provincia.tn.it;dir.ic.bezzecca@scuole.provincia.tn.it;segr.ic.bezzecca@scuole.provincia.tn.it;https://www.icvallediledro.it;tnee80603t
"liceo ""b. russell"" - cles";liceo classico;;a carattere statale/provinciale;roberta gambaro;;;via iv novembre, 35 38023;cles;0463/424049;0463/424577;russell@pec.provincia.tn.it;dir.russell@scuole.provincia.tn.it;segr.russell@scuole.provincia.tn.it;https://www.liceorussell.eu;tnpm006019
"istituto tecnico tecnologico ""m. buonarroti"" - trento";istituto tecnico per il settore tecnologico;;a carattere statale/provinciale;tiziana rossi;;;via brigata acqui, 15 38122;trento;0461/216811;0461/984216;buonarroti@pec.provincia.tn.it;dir.buonarroti@scuole.provincia.tn.it;istituto.tecnico@buonarroti.tn.it;https://www.buonarroti.tn.it/;tntf01301d
"liceo ""b. russell"" - cles";liceo linguistico;;a carattere statale/provinciale;roberta gambaro;;;via iv novembre, 35 38023;cles;0463/424049;0463/424577;russell@pec.provincia.tn.it;dir.russell@scuole.provincia.tn.it;segr.russell@scuole.provincia.tn.it;https://www.liceorussell.eu;tnps006018
istituto comprensivo valle di ledro;"scuola secondaria di primo grado ""g. garibaldi"" bezzecca";;a carattere statale/provinciale;massimo amistadi;;;via falcone e borsellino - bezzecca, 2 38067;ledro;0464/592800;0464/592819;ic.vallediledro@pec.provincia.tn.it;dir.ic.bezzecca@scuole.provincia.tn.it;segr.ic.bezzecca@scuole.provincia.tn.it;https://www.icvallediledro.it;tnmm80601p
istituto comprensivo avio;scuola primaria avio;;a carattere statale/provinciale;niccolo' dai pra';;;via perotti, 47 38063;avio;0464/684117;0464/687570;ic.avio@pec.provincia.tn.it;dir.ic.avio@scuole.provincia.tn.it;segr.ic.avio@scuole.provincia.tn.it;https://www.istitutoavio.it;tnee847012
istituto comprensivo valle di ledro;scuola primaria molina di ledro;;a carattere statale/provinciale;massimo amistadi;;;via sartori - molina di ledro, 27 38067;ledro;0464/592800;0464/592819;ic.vallediledro@pec.provincia.tn.it;dir.ic.bezzecca@scuole.provincia.tn.it;segr.ic.bezzecca@scuole.provincia.tn.it;https://www.icvallediledro.it;tnee80602r
istituto comprensivo arco;scuola primaria romarzollo;;a carattere statale/provinciale;paola maroni;;;via fossa, 8 38062;arco;0464/516187;0464/517064;ic.arco@pec.provincia.tn.it;dir.ic.arco@scuole.provincia.tn.it;segr.ic.arco@scuole.provincia.tn.it;https://www.icarco.edu.it;tnee84004a
istituto comprensivo valle di ledro;"scuola primaria ""o. ferrari"" enguiso";;a carattere statale/provinciale;massimo amistadi;;;via dei concei - enguiso - concei, 27 38067;ledro;0464/592800;0464/592819;ic.vallediledro@pec.provincia.tn.it;dir.ic.bezzecca@scuole.provincia.tn.it;segr.ic.bezzecca@scuole.provincia.tn.it;https://www.icvallediledro.it;tnee80601q
istituto comprensivo fondo - revo';scuola primaria castelfondo;;a carattere statale/provinciale;miriam predelli;;;via madonna pellegrina, 5 38020;borgo d'anaunia;0463/831134;0463/831746;ic.fondo@pec.provincia.tn.it;dir.ic.fondo@scuole.provincia.tn.it;segr.ic.fondo@scuole.provincia.tn.it;https://www.icfondorevo.it;tnee82801l
istituto comprensivo fondo - revo';scuola primaria sanzeno;;a carattere statale/provinciale;miriam predelli;;;frazione banco, 98 38010;sanzeno;0463/831134;0463/831746;ic.fondo@pec.provincia.tn.it;dir.ic.fondo@scuole.provincia.tn.it;segr.ic.fondo@scuole.provincia.tn.it;https://www.icfondorevo.it;tnee828103
istituto comprensivo avio;;istituzione scolastica e formativa;a carattere statale/provinciale;niccolo' dai pra';;;viale degasperi, 69 38063;avio;0464/684029;0464/687570;ic.avio@pec.provincia.tn.it;dir.ic.avio@scuole.provincia.tn.it;segr.ic.avio@scuole.provincia.tn.it;https://www.istitutoavio.it;tnic84700x
"scuola dell'infanzia di taio ""asilo infantile di taio odv""";;scuola dell'infanzia;paritaria/equiparata;;;ute pancher;via edison - taio, 3 38012;predaia;0463-468269;;taio.presidente@fpsm.tn.it;;taio.segretario@fpsm.tn.it;;
"scuola dell'infanzia di trento ""g. b. zanella odv""";"scuola dell'infanzia di trento ""g. b. zanella odv""";;paritaria/equiparata;;;alessandra bianchi;via gar, 1 38122;trento;0461-233744;0461-233744;segreteria@gbzanella.it;;;;
"scuola dell'infanzia di taio ""asilo infantile di taio odv""";"scuola dell'infanzia di taio ""asilo infantile di taio odv""";;paritaria/equiparata;;;ute pancher;via edison - taio, 3 38012;predaia;0463-468269;;taio.presidente@fpsm.tn.it;;taio.segretario@fpsm.tn.it;;
centro formazione professionale enaip - cles;settore industria e artigianato;;paritaria/equiparata;;luca branz;;via mitterer, 10 38023;cles;0463/421362;0463/421606;cfp.cles@pec.it;;cfp.cles@enaip.tn.it;https://cles.enaiptrentino.it/;tnfp251sta
fondazione edmund mach - istituto agrario san michele all'adige;settore agricoltura e ambiente;;paritaria/equiparata;manuel penasa;claudia bisognin;;via mach, 1 38098;san michele all'adige;0461/615213;0461/615273;amministrazione.cif@pec.iasma.it;;segreteria.scuola@fmach.it;https://www.fmach.it;tncf006001
scuola ladina di fassa - scola ladina de fascia;liceo artistico;;a carattere statale/provinciale;federico corradini;;;strada dolomites - pozza di fassa, 7 38036;san giovanni di fassa - sen jan;0462/763702;0462/760001;scuolaladinadifassa@pec.provincia.tn.it;dir.scuolaladinadifassa@scuole.provincia.tn.it;segr.scuolaladinadifassa@scuole.provincia.tn.it;https://www.scuolaladina.com/;tnsd010009
istituto comprensivo fondo - revo';;istituzione scolastica e formativa;a carattere statale/provinciale;miriam predelli;;;via laviosa zambotti - fondo, 24 38020;borgo d'anaunia;0463/831134;0463/831746;ic.fondo@pec.provincia.tn.it;dir.ic.fondo@scuole.provincia.tn.it;segr.ic.fondo@scuole.provincia.tn.it;https://www.icfondorevo.it;tnic82800e
"istituto di istruzione ""m. martini"" - mezzolombardo";;istituzione scolastica e formativa;a carattere statale/provinciale;valentina zanolla;;;via perlasca, 4 38017;mezzolombardo;0461/601122;0461/601470;martini@pec.provincia.tn.it;dir.martini.mezzolombardo@scuole.provincia.tn.it;segr.martini.mezzolombardo@scuole.provincia.tn.it;https://www.martinomartini.eu;tnis00300a
centro formazione professionale upt - cles;settore servizi;;paritaria/equiparata;;walter iori;;via d agostin, 2 38023;cles;0463/422820;0463/424409;cfp-upt@pec.it;;segreteria.cles@cfp-upt.it;https://www.cfp-upt.it;tnfp262sta
centro formazione professionale upt - tione di trento;settore servizi;;paritaria/equiparata;;maurizio cadonna ;;via roma, 15 38079;tione di trento;0465/321889;0465/324518;cfp-upt@pec.it;;segreteria.tione@cfp-upt.it;https://www.cfp-upt.it;tnfp263sta
centro formazione professionale enaip - primiero;settore industria e artigianato;;paritaria/equiparata;;fausto eccher;;via forno - transacqua, 12 38054;primiero san martino di castrozza;0439/762057;0439/762833;cfp.primiero@pec.it;;cfp.primiero@enaip.tn.it;https://primiero.enaiptrentino.it/;tnfp253sta
istituto gardascuola;liceo scientifico opzione scienze applicate;;paritaria/equiparata;lorenzo angeli;;;via xxiv maggio, 1 38062;arco;0464/519546;0464/519959;gardascuola@pec.cooperazionetrentina.it;;segreteria@gardascuola.it;https://www.gardascuola.it;tnps00500b
istituto gardascuola;scuola secondaria di primo grado gardascuola arco;;paritaria/equiparata;lorenzo angeli;;;via xxiv maggio, 1 38062;arco;0464/519546;0464/519959;gardascuola@pec.cooperazionetrentina.it;;segreteria@gardascuola.it;https://www.gardascuola.it;tn1m00800v
istituto gardascuola;scuola primaria gardascuola arco;;paritaria/equiparata;lorenzo angeli;;;via xxiv maggio, 1 38062;arco;0464/519546;0464/519959;gardascuola@pec.cooperazionetrentina.it;;segreteria@gardascuola.it;https://www.gardascuola.it;tn1e00800n
istituto gardascuola;istituto tecnico per il settore economico;;paritaria/equiparata;lorenzo angeli;;;via xxiv maggio, 1 38062;arco;0464/519546;0464/519959;gardascuola@pec.cooperazionetrentina.it;;segreteria@gardascuola.it;https://www.gardascuola.it;tntn04500g
centro formazione professionale enaip - arco;capes - settore industria e artigianato;;paritaria/equiparata;;diego freo;;via gazzoletti - mogno, 8 38062;arco;0464/516465;0464/516497;cfp.arco@pec.it;;cfp.arco@enaip.tn.it;https://arco.enaiptrentino.it;tncf00100q
circolo di coordinamento n. 2;"scuola dell'infanzia di levico terme ""taita marcos""";;a carattere statale/provinciale;;;helene giacomelli;via monsignor caproni, 1 38056;levico terme;0461/710298;0461 491976;scuolainfanzia.levico@scuole.provincia.tn.it;;circolo.coordinamento02@provincia.tn.it;;
scuola dell'infanzia di albiano;;scuola dell'infanzia;paritaria/equiparata;;;pamela tomaselli;via s antonio, 22 38041;albiano;0461/689486;0461 723325;albiano.presidente@fpsm.tn.it;;albiano.segretario@fpsm.tn.it;;
circolo di coordinamento n. 4;"scuola dell'infanzia di trento s.giuseppe ""maso ginocchio - collodi""";;a carattere statale/provinciale;;;rita ferenzena;via giusti, 56 38122;trento;0461/930042;0461/496950;scuolainfanzia.sangiuseppe@scuole.provincia.tn.it;;circolo.coordinamento04@provincia.tn.it;;
"scuola dell'infanzia di trento ""antonio tambosi odv""";"scuola dell'infanzia di trento ""antonio tambosi odv""";;paritaria/equiparata;;;;via francesco ferruccio, 4 38122;trento;0461/237392;0461-237392;scuolamaterna.tambosi@gmail.com;;;;
"scuola dell'infanzia di lizzana ""asilo infantile di lizzana odv""";"scuola dell'infanzia di lizzana ""asilo infantile di lizzana odv""";;paritaria/equiparata;;;;via brigata mantova, 1 38068;rovereto;0464-433395;;lizzana.materna@associazionecoesi.com;;;;
istituto comprensivo mori;;istituzione scolastica e formativa;a carattere statale/provinciale;massimiliano latino;;;via giovanni xxiii, 64 38065;mori;0464/918669;;ic.mori@pec.provincia.tn.it;dir.ic.mori@scuole.provincia.tn.it;segr.ic.mori@scuole.provincia.tn.it;https://www.icmori.it/;tnic84900g
istituto comprensivo lavis;;istituzione scolastica e formativa;a carattere statale/provinciale;francesca lasaracina;;;via sette, 13 38015;lavis;0461/246535;0461/242955;ic.lavis@pec.provincia.tn.it;dir.ic.lavis@scuole.provincia.tn.it;segr.ic.lavis@scuole.provincia.tn.it;https://www.iclavis.it;tnic825003
istituto comprensivo rovereto nord;;istituzione scolastica e formativa;a carattere statale/provinciale;tiziana chiara pasquini;;;corso bettini, 67 38068;rovereto;0464/420759;0464/480415;ic.roveretonord@pec.provincia.tn.it;dir.ic.roveretonord@scuole.provincia.tn.it;segr.ic.roveretonord@scuole.provincia.tn.it;https://www.icroveretonord.it;tnic859006
istituto comprensivo centro valsugana;;istituzione scolastica e formativa;a carattere statale/provinciale;loredana montanaro;;;via don meggio, 2/a 38050;roncegno terme;0461/764581;0461/771046;ic.centrovalsugana@pec.provincia.tn.it;dir.ic.centrovalsugana@scuole.provincia.tn.it;segr.ic.centrovalsugana@scuole.provincia.tn.it;https://www.iccentrovalsugana.it;tnic81300r
"scuola dell'infanzia di serso ""don ochner odv"" ";;scuola dell'infanzia;paritaria/equiparata;;;;via al casteler, 1 38057;pergine valsugana;0461 533843;;serso.asilo@gmail.com;;scuola.donochner@email.it;;
"scuola dell'infanzia di serso ""don ochner odv"" ";"scuola dell'infanzia di serso ""don ochner odv""";;paritaria/equiparata;;;;via al casteler, 1 38057;pergine valsugana;0461 533843;;serso.asilo@gmail.com;;scuola.donochner@email.it;;
"scuola dell'infanzia di lizzanella ""asilo infantile di lizzanella odv""";;scuola dell'infanzia;paritaria/equiparata;;;;corso verona, 109 38068;rovereto;0464/432307;0464-400420;lizzanella.materna@associazionecoesi.com;;;;
"scuola dell'infanzia di rovereto ""clementino vannetti odv""";"scuola dell'infanzia di rovereto ""clementino vannetti odv""";;paritaria/equiparata;;;;via s maria, 58 38068;rovereto;0464 420061;;asilovannetti@gmail.com;;;;
circolo di coordinamento n. 3;"scuola dell'infanzia di trento villazzano 3 ""l'officina degli gnomi""";;a carattere statale/provinciale;;;chiara nadalon;via conci, 10 38123;trento;0461/920367;0461/497257;scuolainfanzia.villazzano@scuole.provincia.tn.it;;circolo.coordinamento03@provincia.tn.it;;
"scuola dell'infanzia di lavis "" madre maddalena di canossa odv""";"scuola dell'infanzia di lavis  ""madre maddalena di canossa odv""";;paritaria/equiparata;;;;via dei colli, 4 38015;lavis;0461 240366;0461-249078;lavis.materna@associazionecoesi.com;;;;
scuola dell'infanzia di villazzano;scuola dell'infanzia di villazzano;;paritaria/equiparata;;;ivana leonardelli;via giordano, 15 38123;trento;0461/920382;;villazzano.segretario@fpsm.tn.it;;villazzano.segretario@fpsm.tn.it;;
"scuola dell'infanzia di lizzanella ""asilo infantile di lizzanella odv""";"scuola dell'infanzia di lizzanella ""asilo infantile di lizzanella odv""";;paritaria/equiparata;;;;corso verona, 109 38068;rovereto;0464/432307;0464-400420;lizzanella.materna@associazionecoesi.com;;;;
"scuola dell'infanzia di trento ""sacro cuore odv""";;scuola dell'infanzia;paritaria/equiparata;;;sara tonazzoli;piazza s teresa verzeri, 4 38122;trento;0461/981465;;materna@istitutosacrocuore.it;;;;
scuola dell'infanzia di aldeno;;scuola dell'infanzia;paritaria/equiparata;;;sandra ciappi;via xxv aprile, 5 38060;aldeno;0461/842597;;aldeno.presidente@fpsm.tn.it;;aldeno.segretario@fpsm.tn.it;;
"scuola dell'infanzia di lavis "" madre maddalena di canossa odv""";;scuola dell'infanzia;paritaria/equiparata;;;;via dei colli, 4 38015;lavis;0461/240366;0461-249078;lavis.materna@associazionecoesi.com;;;;
"scuola dell'infanzia di breguzzo - bondo ""giuseppina bonazza odv""";"scuola dell'infanzia di breguzzo - bondo  ""giuseppina bonazza odv""";;paritaria/equiparata;;;;via marconi - breguzzo, 5 38087;sella giudicarie;0465-901550;;breguzzo.bondo.materna@associazionecoesi.com;;;;
"scuola dell'infanzia di breguzzo - bondo ""giuseppina bonazza odv""";;scuola dell'infanzia;paritaria/equiparata;;;;via marconi - breguzzo, 5 38087;sella giudicarie;0465-901550;;breguzzo.bondo.materna@associazionecoesi.com;;;;
"scuola dell'infanzia di ranzo ""amici scuola infanzia di ranzo odv""";;scuola dell'infanzia;paritaria/equiparata;;;;via al castel romano - ranzo - vezzano, 29 38070;vallelaghi;338 7970838;;ranzo.materna@associazionecoesi.com;;;;
"scuola dell'infanzia di marco - rovereto ""g. e a. rosmini - serbati odv""";;scuola dell'infanzia;paritaria/equiparata;;;;via alla stazione, 2 38068;rovereto;0464/665395;0464/665395;marco.materna@associazionecoesi.com;;;;
"scuola dell'infanzia di daone ""asilo infantile di daone odv""";;scuola dell'infanzia;paritaria/equiparata;;;doris losa;via re di castello - daone, 57 38080;valdaone;0465/674060;;daone.materna@associazionecoesi.com;;;;
"scuola dell'infanzia di riva ""giardino di infanzia odv""";"scuola dell'infanzia di riva  ""giardino""";;paritaria/equiparata;;;;viale roma, 32 38066;riva del garda;0464/552360;0464-560456;rivagiardinodinfanzia@gmail.com;;;;
"scuola dell'infanzia di trento ""s. antonio odv""";;scuola dell'infanzia;paritaria/equiparata;;;;via adamello, 2 38122;trento;0461/911027;0461/394133;s.antonio.materna@associazionecoesi.com;;;;
scuola dell'infanzia di albiano;scuola dell'infanzia di albiano;;paritaria/equiparata;;;pamela tomaselli;via s antonio, 22 38041;albiano;0461/689486;0461 723325;albiano.presidente@fpsm.tn.it;;albiano.segretario@fpsm.tn.it;;
"scuola dell'infanzia di marco - rovereto ""g. e a. rosmini - serbati odv""";"scuola dell'infanzia di marco-rovereto ""g. e a. rosmini-serbati odv""";;paritaria/equiparata;;;;via alla stazione, 2 38068;rovereto;0464/665395;0464/665395;marco.materna@associazionecoesi.com;;;;
"scuola dell'infanzia di daone ""asilo infantile di daone odv""";"scuola dell'infanzia di daone ""asilo infantile di daone odv""";;paritaria/equiparata;;;doris losa;via re di castello - daone, 57 38080;valdaone;0465/674060;;daone.materna@associazionecoesi.com;;;;
"scuola dell'infanzia di rovereto ""clementino vannetti odv""";;scuola dell'infanzia;paritaria/equiparata;;;;via s maria, 58 38068;rovereto;0464 420061;;asilovannetti@gmail.com;;;;
"scuola dell'infanzia di trento ""sacro cuore odv""";"scuola dell'infanzia di trento ""sacro cuore odv""";;paritaria/equiparata;;;sara tonazzoli;piazza s teresa verzeri, 4 38122;trento;0461/981465;;materna@istitutosacrocuore.it;;;;
"scuola dell'infanzia di lizzana ""asilo infantile di lizzana odv""";;scuola dell'infanzia;paritaria/equiparata;;;;via brigata mantova, 1 38068;rovereto;0464/433395;;lizzana.materna@associazionecoesi.com;;;;
"scuola dell'infanzia di riva ""giardino di infanzia odv""";;scuola dell'infanzia;paritaria/equiparata;;;;viale roma, 32 38066;riva del garda;0464/552360;0464-560456;rivagiardinodinfanzia@gmail.com;;;;
"scuola dell'infanzia di trento ""antonio tambosi odv""";;scuola dell'infanzia;paritaria/equiparata;;;;via francesco ferruccio, 4 38122;trento;0461/237392;0461-237392;scuolamaterna.tambosi@gmail.com;;;;
"scuola dell'infanzia di trento ""s. antonio odv""";"scuola dell'infanzia di trento ""s. antonio odv""";;paritaria/equiparata;;;;via adamello, 2 38122;trento;0461/911027;0461/394133;s.antonio.materna@associazionecoesi.com;;;;
centro formazione professionale enaip - varone di riva del garda;;istituzione scolastica e formativa;paritaria/equiparata;;elisabetta filippi;;rione europa, 3 38066;riva del garda;0464/521300;0464/521553;cfp.rivadelgarda@pec.it;;cfp.rivadelgarda@enaip.tn.it;https://rivadelgarda.enaiptrentino.it/;tncf007001
centro formazione professionale enaip - varone di riva del garda;settore servizi;;paritaria/equiparata;;elisabetta filippi;;rione europa, 3 38066;riva del garda;0464/521300;0464/521553;cfp.rivadelgarda@pec.it;;cfp.rivadelgarda@enaip.tn.it;https://rivadelgarda.enaiptrentino.it/;tncf007001
istituto comprensivo trento 5;"scuola secondaria di primo grado ""g. bresadola"" trento";;a carattere statale/provinciale;paola pasqualin;;;via al torrione, 2 38122;trento;0461/986634;0461/984463;ic.tn5@pec.provincia.tn.it;dir.ic.tn5@scuole.provincia.tn.it;segr.ic.tn5@scuole.provincia.tn.it;http://www.istitutotrento5.it/;tnmm85201c
centro formazione professionale enaip - villazzano;settore industria e artigianato;;paritaria/equiparata;;paola coccia;;via asiago, 14 38123;trento;0461/920386;0461/914935;cfp.villazzano@pec.it;;cfp.villazzano@enaip.tn.it;https://villazzano.enaiptrentino.it/;tncf008001
istituto comprensivo trento 5;"scuola primaria ""r. sanzio"" trento";;a carattere statale/provinciale;paola pasqualin;;;piazza sanzio, 13 38122;trento;0461/233896;0461/984463;ic.tn5@pec.provincia.tn.it;dir.ic.tn5@scuole.provincia.tn.it;segr.ic.tn5@scuole.provincia.tn.it;http://www.istitutotrento5.it/;tnee85201d
istituto comprensivo trento 5;;istituzione scolastica e formativa;a carattere statale/provinciale;paola pasqualin;;;via s giovanni bosco, 8 38122;trento;0461/986634;0461/984463;ic.tn5@pec.provincia.tn.it;dir.ic.tn5@scuole.provincia.tn.it;segr.ic.tn5@scuole.provincia.tn.it;http://www.istitutotrento5.it/;tnic85200b
istituto comprensivo trento 5;"scuola primaria ""f. crispi"" trento";;a carattere statale/provinciale;paola pasqualin;;;via s giovanni bosco, 8 38122;trento;0461/263331;0461/984463;ic.tn5@pec.provincia.tn.it;dir.ic.tn5@scuole.provincia.tn.it;segr.ic.tn5@scuole.provincia.tn.it;http://www.istitutotrento5.it/;tnee85202e
istituto comprensivo trento 5;"scuola primaria ""a. gorfer"" trento";;a carattere statale/provinciale;paola pasqualin;;;via dei solteri, 22 38121;trento;0461/821434;0461/984463;ic.tn5@pec.provincia.tn.it;dir.ic.tn5@scuole.provincia.tn.it;segr.ic.tn5@scuole.provincia.tn.it;http://www.istitutotrento5.it/;tnee85204l
"liceo delle arti di trento e rovereto ""vittoria-bonporti-depero""";"liceo artistico ""vittoria"" - trento";;a carattere statale/provinciale;daniela simoncelli;;;via zambra, 3 38121;trento;0461/824422;;vittoria@pec.provincia.tn.it;dir.istitutodellearti@scuole.provincia.tn.it;info@liceodellearti.tn.it;https://www.liceodellearti.tn.it;tnsd02000x
"liceo delle arti di trento e rovereto ""vittoria-bonporti-depero""";liceo musicale coreutico ;;a carattere statale/provinciale;daniela simoncelli;;;vicolo s maria maddalena, 16 38122;trento;0461/260648;;info.bonporti@istitutodellearti.tn.it;dir.istitutodellearti@scuole.provincia.tn.it;info@liceodellearti.tn.it;https://www.liceodellearti.tn.it;tnsd02000x
"liceo delle arti di trento e rovereto ""vittoria-bonporti-depero""";"liceo artistico ""depero""- rovereto";;a carattere statale/provinciale;daniela simoncelli;;;via delle fosse, 9 38068;rovereto;0464/438836;;info.depero@istitutodellearti.tn.it;dir.istitutodellearti@scuole.provincia.tn.it;info@liceodellearti.tn.it;https://www.liceodellearti.tn.it;tnsd020011
circolo di coordinamento n. 8;scuola dell'infanzia di bezzecca - a. cis;;a carattere statale/provinciale;;;maria teresa scarpellini;via generale dalla chiesa - bezzecca, 2 38067;ledro; 0464/592840;0461/493389;scuolainfanzia.bezzecca@scuole.provincia.tn.it;;circolo.coordinamento08@provincia.tn.it;;
circolo di coordinamento n. 8;"scuola dell'infanzia di darzo ""l'albero delle castagne""";;a carattere statale/provinciale;;;maria teresa scarpellini;via s giovanni nepomuceno, 11 38089;storo;0465/685244;0461/493389;scuolainfanzia.darzo@scuole.provincia.tn.it;;circolo.coordinamento08@provincia.tn.it;;
circolo di coordinamento n. 8;scuola dell'infanzia di dro;;a carattere statale/provinciale;;;maria teresa scarpellini;via s antonio, 10 38074;dro;0464/504211;0461/493389;scuolainfanzia.dro@scuole.provincia.tn.it;;circolo.coordinamento08@provincia.tn.it;;
circolo di coordinamento n. 8;scuola dell'infanzia di preore;;a carattere statale/provinciale;;;maria teresa scarpellini;via serafini - preore, 92 38095;tre ville;0465/321393;0461/493389;scuolainfanzia.preore@scuole.provincia.tn.it;;circolo.coordinamento08@provincia.tn.it;;
circolo di coordinamento n. 8;scuola dell'infanzia di romarzollo;;a carattere statale/provinciale;;;maria teresa scarpellini;via fossa, 21 38062;arco;0464/532848;0461/493389;scuolainfanzia.arco@scuole.provincia.tn.it;;circolo.coordinamento08@provincia.tn.it;;
circolo di coordinamento n. 8;scuola dell'infanzia di tiarno di sopra;;a carattere statale/provinciale;;;maria teresa scarpellini;piazza milin - tiarno di sopra, 13 38067;ledro;0464/592850;0461/493389;scuolainfanzia.tiarnodisopra@scuole.provincia.tn.it;;circolo.coordinamento08@provincia.tn.it;;
circolo di coordinamento n. 8;scuola dell'infanzia di zuclo bolbeno;;a carattere statale/provinciale;;;maria teresa scarpellini;via fucina - zuclo, 12 38079;borgo lares;0465/322790;0461/493389;scuolainfanzia.zuclo@scuole.provincia.tn.it;;circolo.coordinamento08@provincia.tn.it;;
"scuola dell'infanzia di tione di trento ""don giovanni failoni odv""";"scuola dell'infanzia di tione di trento ""don giovanni failoni""";;paritaria/equiparata;;;;piazza battisti, 4 38079;tione di trento;0465 321314;0461/329714;tione.materna@associazionecoesi.com;;;;
circolo di coordinamento n. 8;;circolo di coordinamento pedagogico;a carattere statale/provinciale;;;maria teresa scarpellini;via circonvallazione, 65 38079;tione di trento;0461/493385;0461/493389;circolo.coordinamento08@provincia.tn.it;;circolo.coordinamento08@provincia.tn.it;;
"scuola dell'infanzia di tione di trento ""don giovanni failoni odv""";;scuola dell'infanzia;paritaria/equiparata;;;;piazza battisti, 4 38079;tione di trento;0461/321314;0461/329714;tione.materna@associazionecoesi.com;;;;
"liceo delle arti di trento e rovereto ""vittoria-bonporti-depero""";;istituzione scolastica e formativa;a carattere statale/provinciale;daniela simoncelli;;;via zambra, 3 38121;trento;0461/824422;;vittoria@pec.provincia.tn.it;dir.istitutodellearti@scuole.provincia.tn.it;info@liceodellearti.tn.it;https://www.liceodellearti.tn.it;tnsd02000x
istituto comprensivo rovereto sud;"scuola primaria ""d. alighieri"" rovereto";;a carattere statale/provinciale;giuseppe gammino;;;via benacense, 32 38068;rovereto;0464/420532;0464/432707;ic.roveretosud@pec.provincia.tn.it;dir.ic.roveretosud@scuole.provincia.tn.it;segr.ic.roveretosud@scuole.provincia.tn.it;https://icroveretosud.edu.it;tnee855011
istituto comprensivo rovereto sud;;istituzione scolastica e formativa;a carattere statale/provinciale;giuseppe gammino;;;via benacense, 32 38068;rovereto;0464/420532;0464/432707;ic.roveretosud@pec.provincia.tn.it;dir.ic.roveretosud@scuole.provincia.tn.it;segr.ic.roveretosud@scuole.provincia.tn.it;https://icroveretosud.edu.it;tnic85500v
istituto comprensivo rovereto sud;"scuola primaria ""f. guella"" lizzana";;a carattere statale/provinciale;giuseppe gammino;;;via piave,  18 38068;rovereto;0464/420532;0464/432707;ic.roveretosud@pec.provincia.tn.it;dir.ic.roveretosud@scuole.provincia.tn.it;segr.ic.roveretosud@scuole.provincia.tn.it;https://icroveretosud.edu.it;tnee855022
istituto comprensivo rovereto sud;"scuola secondaria di primo grado ""f. halbherr"" rovereto";;a carattere statale/provinciale;giuseppe gammino;;;via livenza, 1 38068;rovereto;0464/420532;0464/432707;ic.roveretosud@pec.provincia.tn.it;dir.ic.roveretosud@scuole.provincia.tn.it;segr.ic.roveretosud@scuole.provincia.tn.it;https://icroveretosud.edu.it;tnmm85501x
istituto comprensivo rovereto sud;"scuola primaria ""a. rosmini"" marco";;a carattere statale/provinciale;giuseppe gammino;;;via ii novembre, 57 38068;rovereto;0464/420532;0464/432707;ic.roveretosud@pec.provincia.tn.it;dir.ic.roveretosud@scuole.provincia.tn.it;segr.ic.roveretosud@scuole.provincia.tn.it;https://icroveretosud.edu.it;tnee855033
istituto comprensivo val rendena;"scuola secondaria di primo grado ""b. de averaria"" spiazzo";;a carattere statale/provinciale;giuseppe prigiotti;;;frazione fisto,  112 38088;spiazzo;0465/501139;0465/512119;ic.valrendena@pec.provincia.tn.it;dir.ic.valrendena@scuole.provincia.tn.it;segr.ic.valrendena@scuole.provincia.tn.it;https://www.icvalrendena.edu.it;tnmm83402x
istituto comprensivo val rendena;"scuola primaria ""g. b. righi"" madonna di campiglio";;a carattere statale/provinciale;giuseppe prigiotti;;;via serafini - madonna di campiglio, 9 38070;tre ville;0465/501139;0465/512119;ic.valrendena@pec.provincia.tn.it;dir.ic.valrendena@scuole.provincia.tn.it;segr.ic.valrendena@scuole.provincia.tn.it;https://www.icvalrendena.edu.it;tnee834054
istituto comprensivo val rendena;"scuola primaria ""v. gabriotti"" giustino";;a carattere statale/provinciale;giuseppe prigiotti;;;via presanella, 23 38086;giustino;0465/501139;0465/512119;ic.valrendena@pec.provincia.tn.it;dir.ic.valrendena@scuole.provincia.tn.it;segr.ic.valrendena@scuole.provincia.tn.it;https://www.icvalrendena.edu.it;tnee834032
istituto comprensivo val rendena;"scuola primaria ""s. massari"" spiazzo";;a carattere statale/provinciale;giuseppe prigiotti;;;frazione fisto,  112 38088;spiazzo;0465/501139;0465/512119;ic.valrendena@pec.provincia.tn.it;dir.ic.valrendena@scuole.provincia.tn.it;segr.ic.valrendena@scuole.provincia.tn.it;https://www.icvalrendena.edu.it;tnee834065
istituto comprensivo val rendena;scuola primaria dare';;a carattere statale/provinciale;giuseppe prigiotti;;;via dare - dare, 111 38080;porte di rendena;0465/501139;0465/512119;ic.valrendena@pec.provincia.tn.it;dir.ic.valrendena@scuole.provincia.tn.it;segr.ic.valrendena@scuole.provincia.tn.it;https://www.icvalrendena.edu.it;tnee834076
istituto comprensivo val rendena;"scuola primaria ""n. bolognini"" pinzolo";;a carattere statale/provinciale;giuseppe prigiotti;;;via collini borciol, 18 38086;pinzolo;0465/501139;0465/512119;ic.valrendena@pec.provincia.tn.it;dir.ic.valrendena@scuole.provincia.tn.it;segr.ic.valrendena@scuole.provincia.tn.it;https://www.icvalrendena.edu.it;tnee834043
istituto comprensivo val rendena;scuola primaria carisolo;;a carattere statale/provinciale;giuseppe prigiotti;;;via verdi, 18/b 38080;carisolo;0465/501139;0465/512119;ic.valrendena@pec.provincia.tn.it;dir.ic.valrendena@scuole.provincia.tn.it;segr.ic.valrendena@scuole.provincia.tn.it;https://www.icvalrendena.edu.it;tnee834021
istituto comprensivo val rendena;"scuola primaria ""t. giustina"" caderzone";;a carattere statale/provinciale;giuseppe prigiotti;;;via regina elena, 43 38080;caderzone terme;0465/501139;0465/512119;ic.valrendena@pec.provincia.tn.it;dir.ic.valrendena@scuole.provincia.tn.it;segr.ic.valrendena@scuole.provincia.tn.it;https://www.icvalrendena.edu.it;tnee83401x
istituto comprensivo val rendena;"scuola secondaria di primo grado ""g. b. righi"" madonna di campiglio";;a carattere statale/provinciale;giuseppe prigiotti;;;via serafini - madonna di campiglio, 9 38070;tre ville;0465/501139;0465/512119;ic.valrendena@pec.provincia.tn.it;dir.ic.valrendena@scuole.provincia.tn.it;segr.ic.valrendena@scuole.provincia.tn.it;https://www.icvalrendena.edu.it;tnmm834031
istituto comprensivo val rendena;"scuola secondaria di primo grado ""l. da vinci"" pinzolo";;a carattere statale/provinciale;giuseppe prigiotti;;;via collini borciol, 18 38086;pinzolo;0465/501139;0465/512119;ic.valrendena@pec.provincia.tn.it;dir.ic.valrendena@scuole.provincia.tn.it;segr.ic.valrendena@scuole.provincia.tn.it;https://www.icvalrendena.edu.it;tnmm83401v
"istituto tecnico economico e tecnologico ""f. e g. fontana"" - rovereto";istituto tecnico per il settore tecnologico;;a carattere statale/provinciale;giuseppe santoli;;;via del teatro, 4 38068;rovereto;0464/436100;0464/434116;fontana@pec.provincia.tn.it;dir.fontana@scuole.provincia.tn.it;segr.fontana@scuole.provincia.tn.it;https://www.fgfontana.eu;tntd020009
"istituto di istruzione ""don l.milani"" - rovereto";;istituzione scolastica e formativa;a carattere statale/provinciale;maria teresa dosso;;;via balista, 2 38068;rovereto;0464/485511;0464/485550;donmilani@pec.provincia.tn.it;dir.donmilani@scuole.provincia.tn.it;segr.donmilani@scuole.provincia.tn.it;www.domir.edu.it;tnis009009
centro formazione professionale upt - cles;;istituzione scolastica e formativa;paritaria/equiparata;;walter iori;;via d agostin, 2 38023;cles;0463/422820;0463/424409;cfp-upt@pec.it;;segreteria.cles@cfp-upt.it;https://www.cfp-upt.it;
"istituto di istruzione ""don l.milani"" - rovereto";istituto tecnico per il settore economico;;a carattere statale/provinciale;maria teresa dosso;;;via balista, 2 38068;rovereto;0464/485511;0464/485550;donmilani@pec.provincia.tn.it;dir.donmilani@scuole.provincia.tn.it;segr.donmilani@scuole.provincia.tn.it;www.domir.edu.it;tntd00901g
"istituto di istruzione ""don l.milani"" - rovereto";istituto tecnico per il settore economico serale;;a carattere statale/provinciale;maria teresa dosso;;;via balista, 2 38068;rovereto;0464/485511;0464/485550;donmilani@pec.provincia.tn.it;dir.donmilani@scuole.provincia.tn.it;segr.donmilani@scuole.provincia.tn.it;www.domir.edu.it;tntd00950x
"istituto di istruzione ""don l.milani"" - rovereto";educazione per adulti relativa al primo ciclo;;a carattere statale/provinciale;maria teresa dosso;;;via balista, 2 38068;rovereto;0464/485511;0464/485550;donmilani@pec.provincia.tn.it;dir.donmilani@scuole.provincia.tn.it;segr.donmilani@scuole.provincia.tn.it;www.domir.edu.it;tnct70100b
centro formazione professionale enaip - villazzano;;istituzione scolastica e formativa;paritaria/equiparata;;paola coccia;;via asiago, 14 38123;trento;0461/920386;0461/914935;cfp.villazzano@pec.it;;cfp.villazzano@enaip.tn.it;https://villazzano.enaiptrentino.it/;tncf008001
istituto gardascuola;;istituzione scolastica e formativa;paritaria/equiparata;lorenzo angeli;;;via xxiv maggio, 1 38062;arco;0464/519546;0464/519959;gardascuola@pec.cooperazionetrentina.it;;segreteria@gardascuola.it;https://www.gardascuola.it;
centro formazione professionale enaip - tione di trento;;istituzione scolastica e formativa;paritaria/equiparata;;ketty pellizzari;;via durone, 57 38079;tione di trento;0465/321316;0465/322091;cfp.tione@pec.it;;cfp.tione@enaip.tn.it;https://tione.enaiptrentino.it/;tncf001001
fondazione edmund mach - istituto agrario san michele all'adige;;istituzione scolastica e formativa;paritaria/equiparata;manuel penasa;claudia bisognin;;via mach, 1 38098;san michele all'adige;0461/615213;0461/615273;amministrazione.cif@pec.iasma.it;;segreteria.scuola@fmach.it;https://www.fmach.it;
centro formazione professionale enaip - tione di trento;settore industria e artigianato;;paritaria/equiparata;;ketty pellizzari;;via durone, 57 38079;tione di trento;0465/321316;0465/322091;cfp.tione@pec.it;;cfp.tione@enaip.tn.it;https://tione.enaiptrentino.it/;tncf001001
centro formazione professionale enaip - arco;;istituzione scolastica e formativa;paritaria/equiparata;;diego freo;;via gazzoletti, 8 38062;arco;0464/516465;0464/516497;cfp.arco@pec.it;;cfp.arco@enaip.tn.it;https://arco.enaiptrentino.it;
centro formazione professionale enaip - tione di trento;settore servizi;;paritaria/equiparata;;ketty pellizzari;;via durone, 57 38079;tione di trento;0465/321316;0465/322091;cfp.tione@pec.it;;cfp.tione@enaip.tn.it;https://tione.enaiptrentino.it/;tncf001001
istituto salesiano maria ausiliatrice - trento;;istituzione scolastica e formativa;paritaria/equiparata;lara pisetta;;;via barbacovi, 22 38122;trento;0461/885555;;sdbtrento@pcert.postecert.it;;segreteria@sdbtrento.it;https://www.sdbtrento.it;
centro formazione professionale enaip - cles;;istituzione scolastica e formativa;paritaria/equiparata;;luca branz;;via mitterer, 10 38023;cles;0463/421362;0463/421606;cfp.cles@pec.it;;cfp.cles@enaip.tn.it;https://cles.enaiptrentino.it/;
associazione pedagogica steineriana - trento;;istituzione scolastica e formativa;paritaria/equiparata;carlo musio;;;via conci, 86 38123;trento;0461/930658;;associazione@pec.scuolasteiner-trento.it;;segreteria@scuolasteiner-trento.it;https://www.scuolasteiner-trento.it;
"societa' cooperativa a r.l. ""i. de carneri"" oxford civezzano";;istituzione scolastica e formativa;paritaria/equiparata;giovanni scalfi;claudio march;;via murialdo, 30 38045;civezzano;0461/857003;0461/857284;oxford@pec.cooperazionetrentina.it;;info@istitutodecarneri.it;https://www.istitutodecarneri.it;
centro formazione professionale upt - trento;;istituzione scolastica e formativa;paritaria/equiparata;;walter iori;;via borsieri, 2 38122;trento;0461/239997;0461/260235;cfp-upt@pec.it;;segreteria.sede@cfp-upt.it;https://www.cfp-upt.it;tncf003001
centro formazione professionale upt - arco;settore servizi;;paritaria/equiparata;;claudio nicolussi;;via gazzoletti, 10 38062;arco;0464/556585;0464/556599;cfp-upt@pec.it;;segreteria.arco@cfp-upt.it;https://www.cfpupt.it/sede-di-arco;tnfp261sta
centro formazione professionale enaip - villazzano;capes - settore industria e artigianato;;paritaria/equiparata;;paola coccia;;via asiago, 14 38123;trento;0461/920386;0461/914935;cfp.villazzano@pec.it;;cfp.villazzano@enaip.tn.it;https://villazzano.enaiptrentino.it/;tncf008001
istituto comprensivo trento 3;"scuola primaria ""a. nicolodi"" trento";;a carattere statale/provinciale;lina broch;;;via fogazzaro, 2 38122;trento;0461/1825610;0461/920605;ic.trento3@pec.provincia.tn.it;dir.ic.tn3@scuole.provincia.tn.it;segr.ic.tn3@scuole.provincia.tn.it;http://www.ictrento3.it;tnee85604x
istituto comprensivo trento 3;"scuola secondaria di primo grado ""bronzetti - segantini"" trento";;a carattere statale/provinciale;lina broch;;;via vittorio veneto, 61 38122;trento;0461/1825610;0461/920605;ic.trento3@pec.provincia.tn.it;dir.ic.tn3@scuole.provincia.tn.it;segr.ic.tn3@scuole.provincia.tn.it;http://www.ictrento3.it;tnmm85601q
istituto comprensivo trento 3;"scuola primaria ""d. savio"" trento";;a carattere statale/provinciale;lina broch;;;via s pio x, 103 38122;trento;0461/1825610;0461/920605;ic.trento3@pec.provincia.tn.it;dir.ic.tn3@scuole.provincia.tn.it;segr.ic.tn3@scuole.provincia.tn.it;http://www.ictrento3.it;tnee85601r
istituto comprensivo trento 3;scuola primaria ravina;;a carattere statale/provinciale;lina broch;;;via delle masere, 5 38123;trento;0461/1825610;0461/920605;ic.trento3@pec.provincia.tn.it;dir.ic.tn3@scuole.provincia.tn.it;segr.ic.tn3@scuole.provincia.tn.it;http://www.ictrento3.it;tnee85603v
istituto comprensivo trento 3;"scuola primaria ""g. b. de gaspari"" trento";;a carattere statale/provinciale;lina broch;;;via zandonai, 4 38122;trento;0461/1825610;0461/920605;ic.trento3@pec.provincia.tn.it;dir.ic.tn3@scuole.provincia.tn.it;segr.ic.tn3@scuole.provincia.tn.it;http://www.ictrento3.it;tnee85602t
centro formazione professionale upt - trento;settore servizi;;paritaria/equiparata;;walter iori;;via borsieri, 2 38122;trento;0461/239997;0461/260235;cfp-upt@pec.it;;segreteria.sede@cfp-upt.it;https://www.cfp-upt.it;tncf003001
"istituto di istruzione ""don l.milani"" - rovereto";istituto professionale per il settore dei servizi serale;;a carattere statale/provinciale;maria teresa dosso;;;via balista, 2 38068;rovereto;0464/485511;0464/485550;donmilani@pec.provincia.tn.it;dir.donmilani@scuole.provincia.tn.it;segr.donmilani@scuole.provincia.tn.it;www.domir.edu.it;tnrc00951n
"istituto di istruzione ""a. degasperi"" - borgo valsugana";istituto professionale per i servizi sanitari serale;;a carattere statale/provinciale;giulio bertoldi;;;via xxiv maggio, 7 38051;borgo valsugana;0461/753647;0461/753364;degasperi@pec.provincia.tn.it;dir.istalcidedegasperi@scuole.provincia.tn.it;segr.istalcidedegasperi@scuole.provincia.tn.it;https://www.istalcidedegasperi.it;tntd002505
"istituto di istruzione ""don l.milani"" - rovereto";istituto professionale per il settore dei servizi;;a carattere statale/provinciale;maria teresa dosso;;;via balista, 2 38068;rovereto;0464/485511;0464/485550;donmilani@pec.provincia.tn.it;dir.donmilani@scuole.provincia.tn.it;segr.donmilani@scuole.provincia.tn.it;www.domir.edu.it;tnrc009018
circolo di coordinamento n. 2;"scuola dell'infanzia di novaledo ""don evaristo forrer""";;a carattere statale/provinciale;;;helene giacomelli;via valle, 4 38050;novaledo;0461/721100;0461 491976;scuolainfanzia.novaledo@scuole.provincia.tn.it;;circolo.coordinamento02@provincia.tn.it;;
"istituto di formazione professionale alberghiero ""giuseppe cipriani""- levico";settore industria e artigianato;;a carattere statale/provinciale;lucia russo;;;via ziehl, 5 38056;levico terme;0461/706294;0461/702025;ifpa.levicoterme@pec.provincia.tn.it;dir.ifpa.levicoterme@scuole.provincia.tn.it;segr.ifpa.levicoterme@scuole.provincia.tn.it;https://www.alberghierolevico.it;tncf010001
centro formazione professionale opera armida barelli - rovereto;;istituzione scolastica e formativa;paritaria/equiparata;bernardo zanoner;camilla cestari;;via setaioli, 5 38068;rovereto;0464/433771;0464/431711;cfprovereto@pec.operaarmidabarelli.org;;cfprovereto@operaarmidabarelli.org;https://www.operaarmidabarelli.org;tncf005001
istituto di formazione professionale alberghiero - rovereto;settore industria e artigianato;;a carattere statale/provinciale;vito rovigo;;;viale dei colli, 17 38068;rovereto;0464/439164;0464/435851;ifpa.rovereto@pec.provincia.tn.it;dir.ifpa.rovereto@scuole.provincia.tn.it;segr.ifpa.rovereto@scuole.provincia.tn.it;https://www.alberghierorovereto.it;tncf011001
centro formazione professionale opera armida barelli - levico;;istituzione scolastica e formativa;paritaria/equiparata;bernardo zanoner;michele linardi;;viale roma, 61 38056;levico terme;0461/706145;0461/701940;cfplevico@pec.operaarmidabarelli.org;;cfplevico@operaarmidabarelli.org;https://www.operaarmidabarelli.org;
istituto salesiano s. croce - mezzano;scuola primaria santa croce mezzano;;paritaria/equiparata;agostino pradel;;;via molaren, 29 38050;mezzano;0439/762019;0439/762664;salesianimezzano@pec.it;;segreteria@sdbmezzano.it;https://www.salesianimezzano.it;tn1e00200p
istituto salesiano s. croce - mezzano;scuola secondaria di primo grado santa croce mezzano;;paritaria/equiparata;agostino pradel;;;via molaren, 29 38050;mezzano;0439/762019;0439/762664;salesianimezzano@pec.it;;segreteria@sdbmezzano.it;https://www.salesianimezzano.it;tn1m001004
istituto salesiano s. croce - mezzano;;istituzione scolastica e formativa;paritaria/equiparata;agostino pradel;;;via molaren, 29 38050;mezzano;0439/762019;0439/762664;salesianimezzano@pec.it;;segreteria@sdbmezzano.it;https://www.salesianimezzano.it;
scuola paritaria la vela - fondazione famiglia materna - rovereto;;istituzione scolastica e formativa;paritaria/equiparata;stefania nicolli;;;via saibanti, 6 38068;rovereto;0464/434047;;segreteria@lavela.famigliamaterna.it;direzione@lavela.famigliamaterna.it;segreteria@scuolalavela.it;https://www.scuolalavela.it;
scuola paritaria la vela - fondazione famiglia materna - rovereto;"scuola primaria ""la vela"" rovereto";;paritaria/equiparata;stefania nicolli;;;via saibanti, 6 38068;rovereto;0464/434047;;segreteria@lavela.famigliamaterna.it;direzione@lavela.famigliamaterna.it;segreteria@scuolalavela.it;https://www.scuolalavela.it;tn1e00700t
scuola paritaria la vela - fondazione famiglia materna - rovereto;"scuola secondaria di primo grado ""la vela"" rovereto";;paritaria/equiparata;stefania nicolli;;;via saibanti, 6 38068;rovereto;0464/435746;;amministrazione@scuolalavela.it;direzione@lavela.famigliamaterna.it;segreteria@scuolalavela.it;https://www.scuolalavela.it;tn1m00900p
coordinamento pedagogico scuole provinciali dell'infanzia ladine;;circolo di coordinamento pedagogico;a carattere statale/provinciale;;;tatiana soraperra;strada giuseppe soraperra - pozza di fassa, 6 38036;san giovanni di fassa - sen jan;0462/760340;0462/760001;coordinamento.scuoleladine@provincia.tn.it;;coordinamento.scuoleladine@provincia.tn.it;;
scuola ladina di fassa - scola ladina de fascia;;istituzione scolastica e formativa;a carattere statale/provinciale;federico corradini;;;strada giuseppe soraperra - pozza di fassa, 6 38036;san giovanni di fassa - sen jan;0462/763702;0462/760001;scuolaladinadifassa@pec.provincia.tn.it;dir.scuolaladinadifassa@scuole.provincia.tn.it;segr.scuolaladinadifassa@scuole.provincia.tn.it;https://www.scuolaladina.com/;tnic85000q
"istituto tecnico economico e tecnologico ""f. e g. fontana"" - rovereto";;istituzione scolastica e formativa;a carattere statale/provinciale;giuseppe santoli;;;via del teatro, 4 38068;rovereto;0464/436100;0464/434116;fontana@pec.provincia.tn.it;dir.fontana@scuole.provincia.tn.it;segr.fontana@scuole.provincia.tn.it;https://www.fgfontana.eu;tntd020009
coordinamento pedagogico scuole provinciali dell'infanzia ladine;"scuola dell'infanzia di pera di fassa ""don edy cinzol""";;a carattere statale/provinciale;;;tatiana soraperra;strada tita piaz - pozza di fassa, 13 38036;san giovanni di fassa - sen jan;0462/764828;0462/760001;scuolainfanzia.pera@scuole.provincia.tn.it;;coordinamento.scuoleladine@provincia.tn.it;;
"istituto di formazione professionale servizi alla persona e legno ""s. pertini"" ";settore industria e artigianato serale;;a carattere statale/provinciale;maria rita magistro;maria rita magistro;;via asiago, 14 38123;trento;0461/933147;0461/931682;ifp.trento@pec.provincia.tn.it;ifp.trento@scuole.provincia.tn.it;ifp.trento@scuole.provincia.tn.it;https://ifpsandropertinitrento.it;
"istituto di formazione professionale servizi alla persona e legno ""s. pertini"" ";settore servizi serale;;a carattere statale/provinciale;maria rita magistro;maria rita magistro;;viale verona, 141 38123;trento;0461/933147;0461/931682;ifp.trento@pec.provincia.tn.it;ifp.trento@scuole.provincia.tn.it;ifp.trento@scuole.provincia.tn.it;https://ifpsandropertinitrento.it;
"istituto di formazione professionale servizi alla persona e legno ""s. pertini"" ";settore industria e artigianato;;a carattere statale/provinciale;maria rita magistro;maria rita magistro;;via asiago, 14 38123;trento;0461/933147;0461/931682;ifp.trento@pec.provincia.tn.it;ifp.trento@scuole.provincia.tn.it;ifp.trento@scuole.provincia.tn.it;https://ifpsandropertinitrento.it;tnfp268sta
"istituto di formazione professionale servizi alla persona e legno ""s. pertini"" ";settore servizi;;a carattere statale/provinciale;maria rita magistro;maria rita magistro;;viale verona, 141 38123;trento;0461/933147;0461/931682;ifp.trento@pec.provincia.tn.it;ifp.trento@scuole.provincia.tn.it;ifp.trento@scuole.provincia.tn.it;https://ifpsandropertinitrento.it;tncf012001
istituto sacro cuore - trento;liceo artistico;;paritaria/equiparata;alberto ventroni;;;piazza s teresa verzeri, 4 38122;trento;0461/981465;0461/982734;;;istitutocomprensivo@istitutosacrocuore.it;https://www.istitutosacrocuore.it;tnpm015003
centro formazione professionale enaip - tesero;;istituzione scolastica e formativa;paritaria/equiparata;;dino moser;;via caltrezza, 13 38038;tesero;0462/813133;0462/813145;cfp.tesero@pec.it;;cfp.tesero@enaip.tn.it;https://tesero.enaiptrentino.it/;
istituto sacro cuore - trento;scuola secondaria di primo grado sacro cuore trento;;paritaria/equiparata;alberto ventroni;;;piazza s teresa verzeri, 4 38122;trento;0461/981465;0461/982734;;;istitutocomprensivo@istitutosacrocuore.it;https://www.istitutosacrocuore.it;tn1m006007
cooperativa sociale sacra famiglia onlus;;istituzione scolastica e formativa;paritaria/equiparata;marcello sottopietra;;;via della saluga, 7 38121;trento;0461/080041;;cooperativasacrafamiglia@pec.it;segreteria@sacrafamigliatrento.it;segreteria@sacrafamigliatrento.it;https://www.sacrafamigliatrento.it;
istituto sacro cuore - trento;;istituzione scolastica e formativa;paritaria/equiparata;alberto ventroni;;;piazza s teresa verzeri, 4 38122;trento;0461/981465;0461/982734;;;istitutocomprensivo@istitutosacrocuore.it;https://www.istitutosacrocuore.it;
istituto sacro cuore - trento;liceo delle scienze umane;;paritaria/equiparata;alberto ventroni;;;piazza s teresa verzeri, 4 38122;trento;0461/981465;0461/982734;;;istitutocomprensivo@istitutosacrocuore.it;https://www.istitutosacrocuore.it;tnpm015003
scuola dell'infanzia di lodrone odv;;scuola dell'infanzia;paritaria/equiparata;;;;salita alla bastia, 2 38089;storo;0465 685253;;lodrone.materna@associazionecoesi.com;;;;
centro formazione professionale upt - arco;;istituzione scolastica e formativa;paritaria/equiparata;;claudio nicolussi;;via gazzoletti, 10 38062;arco;0464/556585;0464/556599;cfp-upt@pec.it;;segreteria.arco@cfp-upt.it;https://www.cfpupt.it/sede-di-arco;
istituto sacro cuore - trento;scuola primaria sacro cuore trento;;paritaria/equiparata;alberto ventroni;;;piazza s teresa verzeri, 4 38122;trento;0461/981465;0461/982734;;;istitutocomprensivo@istitutosacrocuore.it;https://www.istitutosacrocuore.it;tn1e00300e
scuola dell'infanzia di lodrone odv;scuola dell'infanzia di lodrone odv;;paritaria/equiparata;;;;salita alla bastia, 2 38089;storo;0465/685253;;lodrone.materna@associazionecoesi.com;;;;
istituto sacro cuore - trento;liceo scientifico opzione scienze applicate ;;paritaria/equiparata;alberto ventroni;;;piazza s teresa verzeri, 4 38122;trento;0461/981465;0461/982734;;;istitutocomprensivo@istitutosacrocuore.it;https://www.istitutosacrocuore.it;tnpsi8500o
centro formazione professionale upt - rovereto;;istituzione scolastica e formativa;paritaria/equiparata;;paolo zanlucchi;;via pasqui, 10 38068;rovereto;0464/630050;;cfp-upt@pec.it;;segreteria.rovereto@cfp-upt.it;https://www.cfp-upt.it;
centro formazione professionale enaip - primiero;;istituzione scolastica e formativa;paritaria/equiparata;;fausto eccher;;via forno - transacqua, 12 38054;primiero san martino di castrozza;0439/762057;0439/762833;cfp.primiero@pec.it;;cfp.primiero@enaip.tn.it;https://primiero.enaiptrentino.it/;
centro formazione professionale upt - rovereto;settore servizi;;paritaria/equiparata;;paolo zanlucchi;;via pasqui, 10 38068;rovereto;0464/630050;;cfp-upt@pec.it;;segreteria.rovereto@cfp-upt.it;https://www.cfp-upt.it;tnfp000001
centro formazione professionale upt - tione di trento;;istituzione scolastica e formativa;paritaria/equiparata;;maurizio cadonna ;;via roma, 15 38079;tione di trento;0465/321889;0465/324518;cfp-upt@pec.it;;segreteria.tione@cfp-upt.it;https://www.cfp-upt.it;
polo giuseppe veronesi;capes - settore industria e artigianato;;paritaria/equiparata;;laura scalfi;;piazzale orsi, 1 38068;rovereto;0464/433484;0464/436873;iscrizioni.veronesi@pec.it;;segreteria.dir@cfpgveronesi.it;https://www.poloveronesi.it/;tncf002001
polo giuseppe veronesi;liceo scientifico opzione scienze applicate steam;;paritaria/equiparata;;laura scalfi;;piazzale orsi, 1 38068;rovereto;0464/433484;0464/436873;iscrizioni.veronesi@pec.it;;segreteria.dir@cfpgveronesi.it;https://www.poloveronesi.it/;tnpsid500s
polo giuseppe veronesi;;istituzione scolastica e formativa;paritaria/equiparata;;laura scalfi;;piazzale orsi, 1 38068;rovereto;0464/433484;0464/436873;iscrizioni.veronesi@pec.it;;segreteria.dir@cfpgveronesi.it;https://www.poloveronesi.it/;tncf002001
circolo di coordinamento n. 2;"scuola dell'infanzia di caldonazzo ""maria bambina""";;a carattere statale/provinciale;;;helene giacomelli;via asilo, 1 38052;caldonazzo; 0461 724658;0461 491976;scuolainfanzia.caldonazzo@scuole.provincia.tn.it;;circolo.coordinamento02@provincia.tn.it;;
istituto di formazione professionale alberghiero - rovereto;settore servizi;;a carattere statale/provinciale;vito rovigo;cazzani daniela;;viale dei colli, 17 38068;rovereto;0464/439164;0464/435851;ifpa.rovereto@pec.provincia.tn.it;dir.ifpa.rovereto@scuole.provincia.tn.it;segr.ifpa.rovereto@scuole.provincia.tn.it;https://www.alberghierorovereto.it;tncf011001
"istituto di formazione professionale alberghiero ""giuseppe cipriani""- levico";settore servizi serale;;a carattere statale/provinciale;lucia russo;targa walter;;via ziehl, 5 38056;levico terme;0461/706294;0461/702025;ifpa.levicoterme@pec.provincia.tn.it;dir.ifpa.levicoterme@scuole.provincia.tn.it;segr.ifpa.levicoterme@scuole.provincia.tn.it;https://www.alberghierolevico.it;
istituto di formazione professionale alberghiero - rovereto;settore servizi serale;;a carattere statale/provinciale;vito rovigo;cazzani daniela;;viale dei colli, 17 38068;rovereto;0464/439164;0464/435851;ifpa.rovereto@pec.provincia.tn.it;dir.ifpa.rovereto@scuole.provincia.tn.it;segr.ifpa.rovereto@scuole.provincia.tn.it;https://www.alberghierorovereto.it;
"centro formazione professionale ""centromoda canossa"" ";settore industria e artigianato;;paritaria/equiparata;;michele filippini;;via grazioli, 2 38122;trento;0461/260454;0461/267864;canossatrento@pec.it;direzione@centromoda.tn.it;didattica@centromoda.tn.it;https://www.centromoda.tn.it;tncf009001
"scuola dell'infanzia di ranzo ""amici scuola infanzia di ranzo odv""";"scuola dell'infanzia di ranzo ""amici scuola infanzia di ranzo odv""";;paritaria/equiparata;;;;via al castel romano - ranzo - vezzano, 29 38070;vallelaghi;338 7970838;;ranzo.materna@associazionecoesi.com;;;;
"istituto comprensivo cles ""b. clesio""";"scuola primaria ""chiara lubich"" livo ";;a carattere statale/provinciale;massimo gaburro;;;frazione livo,  92 38020;livo;0463/421457;0463/424830;ic.cles@pec.provincia.tn.it;dir.ic.cles@scuole.provincia.tn.it;segr.ic.cles@scuole.provincia.tn.it;https://www.iccles.it;tnee83102d
circolo di coordinamento n. 7;"scuola dell'infanzia di s.michele all' adige  ""il germoglio""";;a carattere statale/provinciale;;;laura bertoldi;via della prepositura, 2 38098;san michele all'adige;0461/662154;0461/494334;scuolainfanzia.sanmichele@scuole.provincia.tn.it;;circolo.coordinamento07@provincia.tn.it;;
scuola dell'infanzia di torcegno odv;;scuola dell'infanzia;paritaria/equiparata;;;paola sangiorgi;via della fontana, 15 38050;torcegno;0461-760796;;torcegno.presidente@fpsm.tn.it;;torcegno.segretario@fpsm.tn.it;;
scuola dell'infanzia di torcegno odv;scuola dell'infanzia di torcegno odv;;paritaria/equiparata;;;paola sangiorgi;via della fontana, 15 38050;torcegno;0461-760796;;torcegno.presidente@fpsm.tn.it;;torcegno.segretario@fpsm.tn.it;;
istituto comprensivo arco;"scuola primaria ""g. segantini"" arco";;a carattere statale/provinciale;paola maroni;;;via nas, 28 38062;arco;0464/532947;0464/517064;ic.arco@pec.provincia.tn.it;dir.ic.arco@scuole.provincia.tn.it;segr.ic.arco@scuole.provincia.tn.it;https://www.icarco.edu.it;tnee840039
"liceo ""a. rosmini"" - trento";liceo delle scienze umane opzione economico sociale serale;;a carattere statale/provinciale;patrizia visconti;;;via malfatti, 2 38122;trento;0461/914400;0461/914498;rosmini.trento@pec.provincia.tn.it;dir.rosmini.tn@scuole.provincia.tn.it;segr.rosmini.tn@scuole.provincia.tn.it;https://www.rosmini.eu;tnpm010509
centro formazione professionale pavoniano artigianelli - trento;capes - settore industria e artigianato;;paritaria/equiparata;erik gadotti;;;piazza di fiera, 4 38122;trento;0461/270244;0461/270241;scuolagrafica@pec.artigianelli.tn.it;;scuolagrafica@artigianelli.tn.it;http://www.artigianelli.tn.it/;tncf004001
centro formazione professionale pavoniano artigianelli - trento;;istituzione scolastica e formativa;paritaria/equiparata;erik gadotti;;;piazza di fiera, 4 38122;trento;0461/270244;0461/270241;scuolagrafica@pec.artigianelli.tn.it;;scuolagrafica@artigianelli.tn.it;http://www.artigianelli.tn.it/;tncf004001
centro formazione professionale pavoniano artigianelli - trento;settore industria e artigianato;;paritaria/equiparata;erik gadotti;;;piazza di fiera, 4 38122;trento;0461/270244;0461/270241;scuolagrafica@pec.artigianelli.tn.it;;scuolagrafica@artigianelli.tn.it;http://www.artigianelli.tn.it/;tncf004001
"istituto tecnico tecnologico ""m. buonarroti"" - trento";;istituzione scolastica e formativa;a carattere statale/provinciale;tiziana rossi;;;via brigata acqui, 15 38122;trento;0461/216811;0461/984216;buonarroti@pec.provincia.tn.it;dir.buonarroti@scuole.provincia.tn.it;istituto.tecnico@buonarroti.tn.it;https://www.buonarroti.tn.it/;tnis013001
centro formazione professionale enaip - arco;settore industria e artigianato;;paritaria/equiparata;;diego freo;;via gazzoletti, 8 38062;arco;0464/516465;0464/516497;cfp.arco@pec.it;;cfp.arco@enaip.tn.it;https://arco.enaiptrentino.it;tnfp249sta
polo giuseppe veronesi;settore industria e artigianato;;paritaria/equiparata;;laura scalfi;;piazzale orsi, 1 38068;rovereto;0464/433484;0464/436873;iscrizioni.veronesi@pec.it;;segreteria.dir@cfpgveronesi.it;https://www.poloveronesi.it/;tncf002001
"istituto tecnico economico e tecnologico ""c.a. pilati"" - cles";;istituzione scolastica e formativa;a carattere statale/provinciale;alfredo romantini;;;via iv novembre, 35 38023;cles;0463/421695;0463/421477;pilati@pec.provincia.tn.it;dir.itetpilati@scuole.provincia.tn.it;segr.itetpilati@scuole.provincia.tn.it;https://www.istitutopilati.it;tntd100001
istituto comprensivo folgaria - lavarone - luserna;scuola dell'infanzia di nosellari folgaria;;a carattere statale/provinciale;morena manfrin;;;via prati, 35 38064;folgaria;0464/787010;;scuolainfanzia.nosellari@scuole.provincia.tn.it;dir.rella.folgaria@scuole.provincia.tn.it;segr.rella.folgaria@scuole.provincia.tn.it;https://www.icfolgarialavaroneluserna.it;
istituto comprensivo folgaria - lavarone - luserna;scuola primaria lavarone;;a carattere statale/provinciale;morena manfrin;;;frazione gionghi,  107/5 38046;lavarone;0464/721283;;ic.folgaria-lavarone@pec.provincia.tn.it;dir.rella.folgaria@scuole.provincia.tn.it;segr.rella.folgaria@scuole.provincia.tn.it;https://www.icfolgarialavaroneluserna.it;tnee804014
"istituto comprensivo bassa val di sole ""g. ciccolini""";;istituzione scolastica e formativa;a carattere statale/provinciale;nicola parzian;;;via taddei de mauris, 4 38027;male';0463/901237;0463/902866;ic.bassavaldisole@pec.provincia.tn.it;dir.ciccolini.male@scuole.provincia.tn.it;segr.ciccolini.male@scuole.provincia.tn.it;https://www.icbassavaldisole.it;tnic833002
"liceo ""a. maffei"" - riva del garda";liceo delle scienze umane;;a carattere statale/provinciale;roberta bisoffi;;;via alberti lutti, 7 38066;riva del garda;0464/552316;0464/552316;maffei@pec.provincia.tn.it;dir.liceo.maffei@scuole.provincia.tn.it;segr.liceo.maffei@scuole.provincia.tn.it;https://e.liceomaffei.it;tnpc01000q
centro formazione professionale enaip - ossana;settore servizi;;paritaria/equiparata;;claudia gosetti;;via di s antonio - ossana, 1 38026;ossana;0463/751102;0463/751987;cfp.ossana@pec.it;;cfp.ossana@enaip.tn.it;https://ossana.enaiptrentino.it/;tnfp252sta
"liceo ""a. maffei"" - riva del garda";liceo classico;;a carattere statale/provinciale;roberta bisoffi;;;via alberti lutti, 7 38066;riva del garda;0464/552316;0464/552316;maffei@pec.provincia.tn.it;dir.liceo.maffei@scuole.provincia.tn.it;segr.liceo.maffei@scuole.provincia.tn.it;https://e.liceomaffei.it;tnpc01000q
istituto comprensivo alta vallagarina;"scuola primaria ""a.de valentini"" calliano";;a carattere statale/provinciale;pasquale tappa;;;via degasperi, 4 38060;calliano;0464/410475;0461/490699;ic.altavallagarina@pec.provincia.tn.it;dir.ic.altavallagarina@scuole.provincia.tn.it;segr.ic.altavallagarina@scuole.provincia.tn.it;https://www.ic-altavallagarina.it;tnee86002d
"istituto comprensivo bassa val di sole ""g. ciccolini""";"scuola secondaria di primo grado ""g. ciccolini"" male'";;a carattere statale/provinciale;nicola parzian;;;via taddei de mauris, 4 38027;male';0463/901237;0463/902866;ic.bassavaldisole@pec.provincia.tn.it;dir.ciccolini.male@scuole.provincia.tn.it;segr.ciccolini.male@scuole.provincia.tn.it;https://www.icbassavaldisole.it;tnmm833013
istituto comprensivo altopiano di pine';"scuola primaria ""g. dallafior"" baselga di pine'";;a carattere statale/provinciale;elisabetta pizio;;;via delle scuole, 15 38042;baselga di pine';0461/558317;0461/558163;ic.pine@pec.provincia.tn.it;dir.ic.altopianodipine@scuole.provincia.tn.it;segr.ic.altopianodipine@scuole.provincia.tn.it;https://www.icpine.eu;tnee81601a
istituto comprensivo tione;scuola primaria bondo-breguzzo;;a carattere statale/provinciale;alessandro bonesini;;;via indipendenza - bondo, 105 38087;sella giudicarie;0465/321053;0465/324039;ic.tione@pec.provincia.tn.it;dir.ictione@scuole.provincia.tn.it;segr.ictione@scuole.provincia.tn.it;https://www.ictione.tn.it;tnee83601g
istituto comprensivo tione;;istituzione scolastica e formativa;a carattere statale/provinciale;alessandro bonesini;;;via circonvallazione, 44 38079;tione di trento;0465/321053;0465/324039;ic.tione@pec.provincia.tn.it;dir.ictione@scuole.provincia.tn.it;segr.ictione@scuole.provincia.tn.it;https://www.ictione.tn.it;tnic83600d
"istituto comprensivo trento 7 ""rita levi montalcini""";"scuola primaria ""pigarelli"" gardolo trento";;a carattere statale/provinciale;laura de donno;;;via iv novembre, 42/1 38121;trento;0461/990287;0461/994418;ic.trento7@pec.provincia.tn.it;dir.ic.tn7@scuole.provincia.tn.it;segr.ic.tn7@scuole.provincia.tn.it;https://www.trento7.it;tnee85103q
"liceo ""a. maffei"" - riva del garda";liceo scientifico opzione scienze applicate;;a carattere statale/provinciale;roberta bisoffi;;;via alberti lutti, 7 38066;riva del garda;0464/552316;0464/552316;maffei@pec.provincia.tn.it;dir.liceo.maffei@scuole.provincia.tn.it;segr.liceo.maffei@scuole.provincia.tn.it;https://e.liceomaffei.it;tnpc01000q
istituto comprensivo predazzo tesero panchia' ziano;"scuola secondaria di primo grado ""g. alberti"" tesero";;a carattere statale/provinciale;marco felicetti;;;via fia, 11/a 38038;tesero;0462/501131;0462/500023;ic.predazzo@pec.provincia.tn.it;dir.ic.predazzo@scuole.provincia.tn.it;segr.ic.predazzo@scuole.provincia.tn.it;https://www.ic-predazzotesero.it;tnmm80802b
"liceo ""f. filzi"" - rovereto";liceo delle scienze umane opzione economico sociale;;a carattere statale/provinciale;norma borgogno;;;corso rosmini, 61 38068;rovereto;0464/421223;0464/433003;filzi@pec.provincia.tn.it;dir.isup.filzi@scuole.provincia.tn.it;segr.isup.filzi@scuole.provincia.tn.it;https://www.liceofilzi.it;tnpm02000e
istituto comprensivo altopiano di pine';"scuola primaria ""g. verdi"" miola baselga di pine'";;a carattere statale/provinciale;elisabetta pizio;;;via della chiesa, 3 38042;baselga di pine';0461/558300;0461/558163;ic.pine@pec.provincia.tn.it;dir.ic.altopianodipine@scuole.provincia.tn.it;segr.ic.altopianodipine@scuole.provincia.tn.it;https://www.icpine.eu;tnee81602b
"istituto comprensivo bassa val di sole ""g. ciccolini""";scuola primaria dimaro;;a carattere statale/provinciale;nicola parzian;;;piazza madonna della pace - dimaro, 14 38025;dimaro folgarida;0463/901237;0463/902866;ic.bassavaldisole@pec.provincia.tn.it;dir.ciccolini.male@scuole.provincia.tn.it;segr.ciccolini.male@scuole.provincia.tn.it;https://www.icbassavaldisole.it;tnee833047
istituto comprensivo predazzo tesero panchia' ziano;"scuola secondaria di primo grado ""marzari pencati"" predazzo";;a carattere statale/provinciale;marco felicetti;;;via vardabasso, 3 38037;predazzo;0462/501131;0462/500023;ic.predazzo@pec.provincia.tn.it;dir.ic.predazzo@scuole.provincia.tn.it;segr.ic.predazzo@scuole.provincia.tn.it;https://www.ic-predazzotesero.it;tnmm80801a
centro formazione professionale enaip - ossana;capes - settore servizi;;paritaria/equiparata;;claudia gosetti;;via di s antonio - ossana, 1 38026;ossana;0463/751102;0463/751987;cfp.ossana@pec.it;;cfp.ossana@enaip.tn.it;https://ossana.enaiptrentino.it/;tncf00300b
istituto comprensivo folgaria - lavarone - luserna;scuola dell'infanzia di folgaria;;a carattere statale/provinciale;morena manfrin;;;via roma, 30 38064;folgaria;0464/721362;;scuolainfanzia.folgaria@scuole.provincia.tn.it;dir.rella.folgaria@scuole.provincia.tn.it;segr.rella.folgaria@scuole.provincia.tn.it;https://www.icfolgarialavaroneluserna.it;
istituto comprensivo folgaria - lavarone - luserna;;istituzione scolastica e formativa;a carattere statale/provinciale;morena manfrin;;;piazza marconi, 85 38064;folgaria;0464/721283;;ic.folgaria-lavarone@pec.provincia.tn.it;dir.rella.folgaria@scuole.provincia.tn.it;segr.rella.folgaria@scuole.provincia.tn.it;https://www.icfolgarialavaroneluserna.it;tnic804002
"liceo ""f. filzi"" - rovereto";liceo delle scienze umane;;a carattere statale/provinciale;norma borgogno;;;corso rosmini, 61 38068;rovereto;0464/421223;0464/433003;filzi@pec.provincia.tn.it;dir.isup.filzi@scuole.provincia.tn.it;segr.isup.filzi@scuole.provincia.tn.it;https://www.liceofilzi.it;tnpm02000e
istituto comprensivo tione;scuola secondaria di primo grado roncone;;a carattere statale/provinciale;alessandro bonesini;;;via iii novembre - roncone, 22/a 38087;sella giudicarie;0465/321053;0465/324039;ic.tione@pec.provincia.tn.it;dir.ictione@scuole.provincia.tn.it;segr.ictione@scuole.provincia.tn.it;https://www.ictione.tn.it;tnmm83602g
istituto comprensivo tione;scuola primaria tione di trento;;a carattere statale/provinciale;alessandro bonesini;;;via pinzolo, 2 38079;tione di trento;0465/321053;0465/324039;ic.tione@pec.provincia.tn.it;dir.ictione@scuole.provincia.tn.it;segr.ictione@scuole.provincia.tn.it;https://www.ictione.tn.it;tnee83603n
istituto comprensivo altopiano di pine';"scuola secondaria di primo grado ""don giuseppe tarter""baselga di pine'";;a carattere statale/provinciale;elisabetta pizio;;;via del xxvi maggio - baselga, 6 38042;baselga di pine';0461/557138;0461/558163;ic.pine@pec.provincia.tn.it;dir.ic.altopianodipine@scuole.provincia.tn.it;segr.ic.altopianodipine@scuole.provincia.tn.it;https://www.icpine.eu;tnmm816019
"liceo ""a. maffei"" - riva del garda";liceo linguistico;;a carattere statale/provinciale;roberta bisoffi;;;via alberti lutti, 7 38066;riva del garda;0464/552316;0464/552316;maffei@pec.provincia.tn.it;dir.liceo.maffei@scuole.provincia.tn.it;segr.liceo.maffei@scuole.provincia.tn.it;https://e.liceomaffei.it;tnpc01000q
"liceo ""a. maffei"" - riva del garda";liceo musicale e coreutico;;a carattere statale/provinciale;roberta bisoffi;;;via alberti lutti, 7 38066;riva del garda;0464/552316;0464/552316;maffei@pec.provincia.tn.it;dir.liceo.maffei@scuole.provincia.tn.it;segr.liceo.maffei@scuole.provincia.tn.it;https://e.liceomaffei.it;tnpc01000q
istituto comprensivo tione;"scuola primaria ""a. prandini"" roncone";;a carattere statale/provinciale;alessandro bonesini;;;via iii novembre - roncone, 22 38087;sella giudicarie;0465/321053;0465/324039;ic.tione@pec.provincia.tn.it;dir.ictione@scuole.provincia.tn.it;segr.ictione@scuole.provincia.tn.it;https://www.ictione.tn.it;tnee83605q
istituto comprensivo folgaria - lavarone - luserna;"scuola dell'infanzia di lavarone ""casa dell'arcobaleno""";;a carattere statale/provinciale;morena manfrin;;;frazione gionghi,   38046;lavarone;0464/783098;;scuolainfanzia.lavarone@scuole.provincia.tn.it;dir.rella.folgaria@scuole.provincia.tn.it;segr.rella.folgaria@scuole.provincia.tn.it;https://www.icfolgarialavaroneluserna.it;
istituto comprensivo tione;scuola primaria ragoli;;a carattere statale/provinciale;alessandro bonesini;;;via roma - ragoli, 5 38070;tre ville;0465/321053;0465/324039;ic.tione@pec.provincia.tn.it;dir.ictione@scuole.provincia.tn.it;segr.ictione@scuole.provincia.tn.it;https://www.ictione.tn.it;tnee83602l
"liceo ""a. maffei"" - riva del garda";liceo scientifico;;a carattere statale/provinciale;roberta bisoffi;;;via alberti lutti, 7 38066;riva del garda;0464/552316;0464/552316;maffei@pec.provincia.tn.it;dir.liceo.maffei@scuole.provincia.tn.it;segr.liceo.maffei@scuole.provincia.tn.it;https://e.liceomaffei.it;tnpc01000q
"istituto comprensivo trento 7 ""rita levi montalcini""";;istituzione scolastica e formativa;a carattere statale/provinciale;laura de donno;;;via iv novembre, 35/1 38121;trento;0461/990287;0461/994418;ic.trento7@pec.provincia.tn.it;dir.ic.tn7@scuole.provincia.tn.it;segr.ic.tn7@scuole.provincia.tn.it;https://www.trento7.it;tnic85100g
istituto comprensivo predazzo tesero panchia' ziano;"scuola primaria ""i. masia"" ziano di fiemme";;a carattere statale/provinciale;marco felicetti;;;piazza italia, 4 38030;ziano di fiemme;0462/571163;0462/500023;ic.predazzo@pec.provincia.tn.it;dir.ic.predazzo@scuole.provincia.tn.it;segr.ic.predazzo@scuole.provincia.tn.it;https://www.ic-predazzotesero.it;tnee80802c
"istituto comprensivo bassa val di sole ""g. ciccolini""";"scuola primaria ""b. pezzen"" croviana";;a carattere statale/provinciale;nicola parzian;;;via delle scuole, 25 38027;croviana;0463/901237;0463/902866;ic.bassavaldisole@pec.provincia.tn.it;dir.ciccolini.male@scuole.provincia.tn.it;segr.ciccolini.male@scuole.provincia.tn.it;https://www.icbassavaldisole.it;tnee833036
"istituto comprensivo trento 7 ""rita levi montalcini""";"scuola primaria ""i. calvino"" vigo meano";;a carattere statale/provinciale;laura de donno;;;via alle oselere,   38121;trento;0461/990287;0461/994418;ic.trento7@pec.provincia.tn.it;dir.ic.tn7@scuole.provincia.tn.it;segr.ic.tn7@scuole.provincia.tn.it;https://www.trento7.it;tnee85102p
istituto comprensivo altopiano di pine';;istituzione scolastica e formativa;a carattere statale/provinciale;elisabetta pizio;;;via del xxvi maggio - baselga, 6 38042;baselga di pine';0461/557138;0461/558163;ic.pine@pec.provincia.tn.it;dir.ic.altopianodipine@scuole.provincia.tn.it;segr.ic.altopianodipine@scuole.provincia.tn.it;https://www.icpine.eu;tnic816008
istituto comprensivo altopiano di pine';"scuola primaria  ""abramo andreatta"" bedollo";;a carattere statale/provinciale;elisabetta pizio;;;via s osvaldo, 5 38043;bedollo;0461/556844;0461/558163;ic.pine@pec.provincia.tn.it;dir.ic.altopianodipine@scuole.provincia.tn.it;segr.ic.altopianodipine@scuole.provincia.tn.it;https://www.icpine.eu;tnee81605e
"istituto comprensivo trento 7 ""rita levi montalcini""";"scuola primaria ""s. anna"" gardolo trento";;a carattere statale/provinciale;laura de donno;;;via s anna, 3 38121;trento;0461/990287;0461/994418;ic.trento7@pec.provincia.tn.it;dir.ic.tn7@scuole.provincia.tn.it;segr.ic.tn7@scuole.provincia.tn.it;https://www.trento7.it;tnee85104r
centro formazione professionale enaip - ossana;;istituzione scolastica e formativa;paritaria/equiparata;;claudia gosetti;;via di s antonio - ossana, 1 38026;ossana;0463/751102;0463/751987;cfp.ossana@pec.it;;cfp.ossana@enaip.tn.it;https://ossana.enaiptrentino.it/;
istituto comprensivo tione;scuola primaria zuclo;;a carattere statale/provinciale;alessandro bonesini;;;via fucina - zuclo, 10 38079;borgo lares;0465/321053;0465/324039;ic.tione@pec.provincia.tn.it;dir.ictione@scuole.provincia.tn.it;segr.ictione@scuole.provincia.tn.it;https://www.ictione.tn.it;tnee83604p
"istituto comprensivo trento 7 ""rita levi montalcini""";"scuola primaria ""e. de carli"" meano";;a carattere statale/provinciale;laura de donno;;;via delle tre croci, 40 38121;trento;0461/990287;0461/994418;ic.trento7@pec.provincia.tn.it;dir.ic.tn7@scuole.provincia.tn.it;segr.ic.tn7@scuole.provincia.tn.it;https://www.trento7.it;tnee85101n
istituto comprensivo folgaria - lavarone - luserna;scuola dell'infanzia di luserna;;a carattere statale/provinciale;morena manfrin;;;via mazzini - prundle, 7 38040;luserna - lusérn;0464/789608;;scuolainfanzia.luserna@scuole.provincia.tn.it;dir.rella.folgaria@scuole.provincia.tn.it;segr.rella.folgaria@scuole.provincia.tn.it;https://www.icfolgarialavaroneluserna.it;
istituto comprensivo predazzo tesero panchia' ziano;"scuola primaria ""g. manega"" tesero";;a carattere statale/provinciale;marco felicetti;;;via fia, 11/a 38038;tesero;0462/813197;0462/500023;ic.predazzo@pec.provincia.tn.it;dir.ic.predazzo@scuole.provincia.tn.it;segr.ic.predazzo@scuole.provincia.tn.it;https://www.ic-predazzotesero.it;tnee80804e
istituto comprensivo predazzo tesero panchia' ziano;"scuola primaria ""m. morandini degasperi"" predazzo";;a carattere statale/provinciale;marco felicetti;;;corso degasperi, 8 38037;predazzo;0462/501131;0462/500023;ic.predazzo@pec.provincia.tn.it;dir.ic.predazzo@scuole.provincia.tn.it;segr.ic.predazzo@scuole.provincia.tn.it;https://www.ic-predazzotesero.it;tnee80801b
istituto comprensivo folgaria - lavarone - luserna;"scuola secondaria di primo grado ""p. rella"" folgaria";;a carattere statale/provinciale;morena manfrin;;;piazza marconi, 85 38064;folgaria;0464/721283;;ic.folgaria-lavarone@pec.provincia.tn.it;dir.rella.folgaria@scuole.provincia.tn.it;segr.rella.folgaria@scuole.provincia.tn.it;https://www.icfolgarialavaroneluserna.it;tnmm804013
istituto comprensivo alta vallagarina;"scuola primaria ""g. tovazzi"" volano";;a carattere statale/provinciale;pasquale tappa;;;via stazione, 30 38060;volano;0464/410475;0461/490699;ic.altavallagarina@pec.provincia.tn.it;dir.ic.altavallagarina@scuole.provincia.tn.it;segr.ic.altavallagarina@scuole.provincia.tn.it;https://www.ic-altavallagarina.it;tnee86003e
istituto comprensivo predazzo tesero panchia' ziano;;istituzione scolastica e formativa;a carattere statale/provinciale;marco felicetti;;;corso degasperi, 8 38037;predazzo;0462/501131;0462/500023;ic.predazzo@pec.provincia.tn.it;dir.ic.predazzo@scuole.provincia.tn.it;segr.ic.predazzo@scuole.provincia.tn.it;https://www.ic-predazzotesero.it;tnic808009
"liceo ""a. maffei"" - riva del garda";;istituzione scolastica e formativa;a carattere statale/provinciale;roberta bisoffi;;;via alberti lutti, 7 38066;riva del garda;0464/552316;0464/552316;maffei@pec.provincia.tn.it;dir.liceo.maffei@scuole.provincia.tn.it;segr.liceo.maffei@scuole.provincia.tn.it;https://e.liceomaffei.it;tnpc01000q
"istituto comprensivo bassa val di sole ""g. ciccolini""";scuola primaria s.bernardo rabbi;;a carattere statale/provinciale;nicola parzian;;;frazione san bernardo,   38020;rabbi;0463/901237;0463/902866;ic.bassavaldisole@pec.provincia.tn.it;dir.ciccolini.male@scuole.provincia.tn.it;segr.ciccolini.male@scuole.provincia.tn.it;https://www.icbassavaldisole.it;tnee83307a
istituto comprensivo folgaria - lavarone - luserna;"scuola primaria ""s. lauton"" folgaria";;a carattere statale/provinciale;morena manfrin;;;via d acquisto, 21/a 38064;folgaria;0464/721283;;ic.folgaria-lavarone@pec.provincia.tn.it;dir.rella.folgaria@scuole.provincia.tn.it;segr.rella.folgaria@scuole.provincia.tn.it;https://www.icfolgarialavaroneluserna.it;tnee804025
istituto comprensivo tione;"scuola secondaria di primo grado ""legione trentina"" tione di trento";;a carattere statale/provinciale;alessandro bonesini;;;via circonvallazione, 44 38079;tione di trento;0465/321053;0465/324039;ic.tione@pec.provincia.tn.it;dir.ictione@scuole.provincia.tn.it;segr.ictione@scuole.provincia.tn.it;https://www.ictione.tn.it;tnmm83601e
"istituto comprensivo bassa val di sole ""g. ciccolini""";scuola primaria caldes;;a carattere statale/provinciale;nicola parzian;;;via al castello, 26 38022;caldes;0463/901237;0463/902866;ic.bassavaldisole@pec.provincia.tn.it;dir.ciccolini.male@scuole.provincia.tn.it;segr.ciccolini.male@scuole.provincia.tn.it;https://www.icbassavaldisole.it;tnee833014
istituto comprensivo alta vallagarina;"scuola secondaria di primo grado ""alta vallagarina"" volano";;a carattere statale/provinciale;pasquale tappa;;;via manzoni, 3 38068;rovereto;0464/410475;0461/490699;ic.altavallagarina@pec.provincia.tn.it;dir.ic.altavallagarina@scuole.provincia.tn.it;segr.ic.altavallagarina@scuole.provincia.tn.it;https://www.ic-altavallagarina.it;tnmm86001b
istituto comprensivo folgaria - lavarone - luserna;"scuola secondaria di primo grado ""g. prati"" lavarone";;a carattere statale/provinciale;morena manfrin;;;frazione gionghi, 107/6 38046;lavarone;0464/721283;;ic.folgaria-lavarone@pec.provincia.tn.it;dir.rella.folgaria@scuole.provincia.tn.it;segr.rella.folgaria@scuole.provincia.tn.it;https://www.icfolgarialavaroneluserna.it;tnmm804024
istituto comprensivo alta vallagarina;"scuola primaria ""s. pellico"" besenello";;a carattere statale/provinciale;pasquale tappa;;;via degasperi, 2 38060;besenello;0464/410475;0461/490699;ic.altavallagarina@pec.provincia.tn.it;dir.ic.altavallagarina@scuole.provincia.tn.it;segr.ic.altavallagarina@scuole.provincia.tn.it;https://www.ic-altavallagarina.it;tnee86001c
"istituto comprensivo trento 7 ""rita levi montalcini""";"scuola secondaria di primo grado ""s. pedrolli"" gardolo trento";;a carattere statale/provinciale;laura de donno;;;via iv novembre, 35/1 38121;trento;0461/990287;0461/994418;ic.trento7@pec.provincia.tn.it;dir.ic.tn7@scuole.provincia.tn.it;segr.ic.tn7@scuole.provincia.tn.it;https://www.trento7.it;tnmm85101l
"istituto comprensivo bassa val di sole ""g. ciccolini""";"scuola primaria ""c. cristoforetti"" male'";;a carattere statale/provinciale;nicola parzian;;;via alla croce, 17 38027;male';0463/901237;0463/902866;ic.bassavaldisole@pec.provincia.tn.it;dir.ciccolini.male@scuole.provincia.tn.it;segr.ciccolini.male@scuole.provincia.tn.it;https://www.icbassavaldisole.it;tnee833058
circolo di coordinamento n. 9;"scuola dell'infanzia di rovereto san giorgio   ""don a. rossaro""";;a carattere statale/provinciale;;;donatella segnana;via telani, 4 38068;rovereto;0464 433713;0464/493117;scuolainfanzia.sangiorgio@scuole.provincia.tn.it;;circolo.coordinamento09@provincia.tn.it;;
circolo di coordinamento n. 9;"scuola dell'infanzia di rovereto lizzana  ""girogirotondo""";;a carattere statale/provinciale;;;donatella segnana;via livenza, 27 38068;rovereto;0464 437839;0464/493117;scuolainfanzia.livenza@scuole.provincia.tn.it;;circolo.coordinamento09@provincia.tn.it;;
circolo di coordinamento n. 9;scuola dell'infanzia di rovereto fucine;;a carattere statale/provinciale;;;donatella segnana;via volta, 1 38068;rovereto;0464/420477;0464/493117;scuolainfanzia.fucine@scuole.provincia.tn.it;;circolo.coordinamento09@provincia.tn.it;;
circolo di coordinamento n. 9;;circolo di coordinamento pedagogico;a carattere statale/provinciale;;;donatella segnana;viale trento, 37/e 38068;rovereto;0464/493116;0464/493117;circolo.coordinamento09@provincia.tn.it;;circolo.coordinamento09@provincia.tn.it;;
circolo di coordinamento n. 9;scuola dell'infanzia di terragnolo piazza;;a carattere statale/provinciale;;;donatella segnana;frazione piazza di terragnolo, 14 38060;terragnolo;0464 396345;0464/493117;scuolainfanzia.terragnolo@scuole.provincia.tn.it;;circolo.coordinamento09@provincia.tn.it;;
circolo di coordinamento n. 9;"scuola dell'infanzia di rovereto rione sud  ""il giardino incantato""";;a carattere statale/provinciale;;;donatella segnana;via venezia, 11 38068;rovereto;0464 431163;0464/493117;scuolainfanzia.rionesud@scuole.provincia.tn.it;;circolo.coordinamento09@provincia.tn.it;;
istituto comprensivo alta vallagarina;;istituzione scolastica e formativa;a carattere statale/provinciale;pasquale tappa;;;via stazione, 30 38060;volano;0464/410475;0461/490699;ic.altavallagarina@pec.provincia.tn.it;dir.ic.altavallagarina@scuole.provincia.tn.it;segr.ic.altavallagarina@scuole.provincia.tn.it;https://www.ic-altavallagarina.it;tnic86000a
collegio arcivescovile dame inglesi - rovereto;;istituzione scolastica e formativa;paritaria/equiparata;christian bonazza;bruno daves;;corso bettini, 71 38068;rovereto;0464/406000;0464/406077;collegioarcivescovile@pec.it;dameinglesi@arcivescoviletrento.it;lia@arcivescoviletrento.it;https://www.arcivescoviletrento.it;
collegio arcivescovile c.endrici - trento;;istituzione scolastica e formativa;paritaria/equiparata;christian bonazza;bruno daves;;via monsignor  endrici, 23 38122;trento;0461/1731200;0461/1731288;collegioarcivescovile@pec.it;collegioarcivescovile@arcivescoviletrento.it;didatticatn@arcivescoviletrento.it;https://www.arcivescoviletrento.it;
scuola dell'infanzia di ala;;scuola dell'infanzia;paritaria/equiparata;;;francesca vareschi;via de ferrari, 1 38061;ala;0464/671113;0464 674717;ala.presidente@fpsm.tn.it;;ala.segretario@fpsm.tn.it;;
scuola dell'infanzia di storo;;scuola dell'infanzia;paritaria/equiparata;;;alessandra pomilio;via s floriano, 22 38089;storo;0465/898494;;storo.presidente@fpsm.tn.it;;storo.segretario@fpsm.tn.it;;
scuola dell'infanzia di ala;scuola dell'infanzia di ala;;paritaria/equiparata;;;francesca vareschi;via de ferrari, 1 38061;ala;0464/671113;0464 674717;ala.presidente@fpsm.tn.it;;ala.segretario@fpsm.tn.it;;
scuola dell'infanzia di masi di cavalese;scuola dell'infanzia di masi di cavalese;;paritaria/equiparata;;;tiziana ceol;via damiano chiesa, 79 38033;cavalese;0462 340557;;cavalese.presidente@fpsm.tn.it;;cavalese.segretario@fpsm.tn.it;;
scuola dell'infanzia di storo;scuola dell'infanzia di storo;;paritaria/equiparata;;;alessandra pomilio;via s floriano, 22 38089;storo;0465/898494;;storo.presidente@fpsm.tn.it;;storo.segretario@fpsm.tn.it;;
scuola dell'infanzia di molina di ledro;scuola dell'infanzia di molina di  ledro;;paritaria/equiparata;;;luisa fontanari;via sartori - molina di ledro, 24/c 38067;ledro;0464/876444;;molina.ledro.presidente@fpsm.tn.it;;molina.ledro.segretario@fpsm.tn.it;;
scuola dell'infanzia di vigo cortesano;scuola dell'infanzia di vigo cortesano;;paritaria/equiparata;;;carmen fattori;via madonna dei prati, 3 38121;trento;0461/448252;;vigo.meano.presidente@fpsm.tn.it;;vigo.meano.segretario@fpsm.tn.it;;
"istituto di istruzione ""la rosa bianca"" - cavalese";istituto tecnico per il settore economico serale - predazzo;;a carattere statale/provinciale;marco felicetti;;;corso degasperi, 14 38037;predazzo;0462/341449;0462/248071;weisserose@pec.provincia.tn.it;dir.iicavalese@scuole.provincia.tn.it;segr.iicavalese@scuole.provincia.tn.it;https://www.scuolefiemme.tn.it;tntd001509
polo giuseppe veronesi;settore industria e artigianato serale;;paritaria/equiparata;;laura scalfi;;piazzale orsi, 1 38068;rovereto;0464/433484;0464/436873;iscrizioni.veronesi@pec.it;;segreteria.dir@cfpgveronesi.it;https://www.poloveronesi.it/;
centro formazione professionale upt - trento;settore servizi serale;;paritaria/equiparata;;walter iori;;via borsieri, 2 38122;trento;0461/239997;0461/260235;cfp-upt@pec.it;;segreteria.sede@cfp-upt.it;https://www.cfp-upt.it;
scuola dell'infanzia di fondo;scuola dell'infanzia di fondo;;paritaria/equiparata;;;ilaria mancini;piazza don stefenelli - fondo, 5 38020;borgo d'anaunia;0463-831254;;fondo.presidente@fpsm.tn.it;;fondo.segretario@fpsm.tn.it;;
scuola dell'infanzia di molina di ledro;;scuola dell'infanzia;paritaria/equiparata;;;luisa fontanari;via sartori - molina di ledro, 24/c 38067;ledro;0464/876444;;molina.ledro.presidente@fpsm.tn.it;;molina.ledro.segretario@fpsm.tn.it;;
scuola dell'infanzia di vigo cortesano;;scuola dell'infanzia;paritaria/equiparata;;;carmen fattori;via madonna dei prati, 3 38121;trento;0461-448252;;vigo.meano.presidente@fpsm.tn.it;;vigo.meano.segretario@fpsm.tn.it;;
scuola dell'infanzia di bondone;scuola dell'infanzia di bondone;;paritaria/equiparata;;;alessandra pomilio;via giusti, 46 38080;bondone;0465/898770;;bondone.presidente@fpsm.tn.it;;bondone.segretario@fpsm.tn.it;;
scuola dell'infanzia di fondo;;scuola dell'infanzia;paritaria/equiparata;;;ilaria mancini;piazza don stefenelli - fondo, 5 38020;borgo d'anaunia;0463-831254;;fondo.presidente@fpsm.tn.it;;fondo.segretario@fpsm.tn.it;;
scuola dell'infanzia di trento  canossiane;;scuola dell'infanzia;paritaria/equiparata;;;ivana leonardelli;via dei paradisi, 4 38122;trento;0461/231775;;trento.canossiane.segretario@fpsm.tn.it;;trento.canossiane.segretario@fpsm.tn.it;;
"liceo ""a. rosmini"" - trento";liceo del made in italy;;a carattere statale/provinciale;patrizia visconti;;;via malfatti, 2 38122;trento;0461/914400;0461/914498;rosmini.trento@pec.provincia.tn.it;dir.rosmini.tn@scuole.provincia.tn.it;segr.rosmini.tn@scuole.provincia.tn.it;https://www.rosmini.eu;tnpm01000x
scuola dell'infanzia di masi di cavalese;;scuola dell'infanzia;paritaria/equiparata;;;tiziana ceol;via damiano chiesa, 79 38033;cavalese;0462-340557;;cavalese.presidente@fpsm.tn.it;;cavalese.segretario@fpsm.tn.it;;
scuola dell'infanzia di trento  canossiane;scuola dell'infanzia di trento  canossiane;;paritaria/equiparata;;;ivana leonardelli;via dei paradisi, 4 38122;trento;0461/231775;;trento.canossiane.segretario@fpsm.tn.it;;trento.canossiane.segretario@fpsm.tn.it;;
scuola dell'infanzia di bondone;;scuola dell'infanzia;paritaria/equiparata;;;alessandra pomilio;via giusti, 46 38080;bondone;0465/898770;;bondone.presidente@fpsm.tn.it;;bondone.segretario@fpsm.tn.it;;
"istituto di istruzione ""m. curie"" - pergine valsugana";istituto tecnico per il settore economico serale;;a carattere statale/provinciale;tiziana gulli;;;via s pietro, 4 38057;pergine valsugana;0461/511397;0461/531743;curie@pec.provincia.tn.it;dir.curie.pergine@scuole.provincia.tn.it;segr.curie.pergine@scuole.provincia.tn.it;https://www.curiepergine.it;tntd00450r
circolo di coordinamento n. 3;;circolo di coordinamento pedagogico;a carattere statale/provinciale;;;chiara nadalon;via gilli, 3 38121;trento;0461/496000;0461/497257;circolo.coordinamento03@provincia.tn.it;;circolo.coordinamento03@provincia.tn.it;;
circolo di coordinamento n. 5;;circolo di coordinamento pedagogico;a carattere statale/provinciale;;;martina bassetti;via gilli, 3 38121;trento;0461/496000;0461/497257;circolo.coordinamento05@provincia.tn.it;;circolo.coordinamento05@provincia.tn.it;;
circolo di coordinamento n. 4;;circolo di coordinamento pedagogico;a carattere statale/provinciale;;;rita ferenzena;via gilli, 3 38121;trento;0461/496000;0461/496950;circolo.coordinamento04@provincia.tn.it;;circolo.coordinamento04@provincia.tn.it;;
circolo di coordinamento n. 6;;circolo di coordinamento pedagogico;a carattere statale/provinciale;;;valentina rizzon;via gilli, 3 38121;trento;0461/496000;0461/499283;circolo.coordinamento06@provincia.tn.it;;circolo.coordinamento06@provincia.tn.it;;
"istituto di istruzione ""m. curie"" - pergine valsugana";liceo del made in italy;;a carattere statale/provinciale;tiziana gulli;;;via s pietro, 4 38057;pergine valsugana;0461/511397;0461/531743;curie@pec.provincia.tn.it;dir.curie.pergine@scuole.provincia.tn.it;segr.curie.pergine@scuole.provincia.tn.it;https://www.curiepergine.it;tnps00401l
centro formazione professionale upt - rovereto;capes - settore servizi;;paritaria/equiparata;;paolo zanlucchi;;via pasqui, 10 38068;rovereto;0464/630050;;cfp-upt@pec.it;;segreteria.rovereto@cfp-upt.it;https://www.cfp-upt.it;tncf00900a
"liceo ""a. rosmini"" - trento";cc educazione adulti alberghiero;;a carattere statale/provinciale;patrizia visconti;;;via malfatti, 2 38122;trento;0461/914400;0461/914498;rosmini.trento@pec.provincia.tn.it;dir.rosmini.tn@scuole.provincia.tn.it;segr.rosmini.tn@scuole.provincia.tn.it;https://www.rosmini.eu;
"liceo ""a. rosmini"" - trento";cc educazione adulti secondo ciclo les;;a carattere statale/provinciale;patrizia visconti;;;via malfatti, 2 38122;trento;0461/914400;0461/914498;rosmini.trento@pec.provincia.tn.it;dir.rosmini.tn@scuole.provincia.tn.it;segr.rosmini.tn@scuole.provincia.tn.it;https://www.rosmini.eu;
"istituto comprensivo trento 1 ""margherita hack""";;istituzione scolastica e formativa;a carattere statale/provinciale;piera pegoretti;;;via znojmo, 24 38123;trento;0461/912740;0461/912065;ic.trento1@pec.provincia.tn.it;dir.ic.tn1@scuole.provincia.tn.it;segr.ic.tn1@scuole.provincia.tn.it;https://www.ictrento1.it;tnic81900q
"istituto comprensivo trento 1 ""margherita hack""";"scuola primaria ""u. moggioli"" povo";;a carattere statale/provinciale;piera pegoretti;;;via dei rivi, 6 38123;trento;0461/912740;0461/912065;ic.trento1@pec.provincia.tn.it;dir.ic.tn1@scuole.provincia.tn.it;segr.ic.tn1@scuole.provincia.tn.it;https://www.ictrento1.it;tnee81901t
"istituto comprensivo trento 1 ""margherita hack""";"scuola secondaria di primo grado ""g. pascoli"" povo";;a carattere statale/provinciale;piera pegoretti;;;via znojmo, 24 38123;trento;0461/912740;0461/912065;ic.trento1@pec.provincia.tn.it;dir.ic.tn1@scuole.provincia.tn.it;segr.ic.tn1@scuole.provincia.tn.it;https://www.ictrento1.it;tnmm81901r
"istituto comprensivo trento 1 ""margherita hack""";"scuola primaria ""g. a. tomasi"" villazzano";;a carattere statale/provinciale;piera pegoretti;;;piazza monsignor nicolini,  7 38123;trento;0461/912740;0461/912065;ic.trento1@pec.provincia.tn.it;dir.ic.tn1@scuole.provincia.tn.it;segr.ic.tn1@scuole.provincia.tn.it;https://www.ictrento1.it;tnee81902v
"centro formazione professionale ""centromoda canossa"" ";;istituzione scolastica e formativa;paritaria/equiparata;;michele filippini;;via grazioli, 2 38122;trento;0461/260454;0461/267864;canossatrento@pec.it;direzione@centromoda.tn.it;didattica@centromoda.tn.it;https://www.centromoda.tn.it;
"centro formazione professionale ""centromoda canossa"" ";capes - settore industria e artigianato;;paritaria/equiparata;;michele filippini;;via grazioli, 2 38122;trento;0461/260454;0461/267864;canossatrento@pec.it;direzione@centromoda.tn.it;didattica@centromoda.tn.it;https://www.centromoda.tn.it;tncf009001
istituto comprensivo cavalese;scuola primaria varena;;a carattere statale/provinciale;roberto trolli;;;via mercato, 10 38030;ville di fiemme;0462/340314;0462/342294;ic.cavalese@pec.provincia.tn.it;dir.cavalese@scuole.provincia.tn.it;segr.cavalese@scuole.provincia.tn.it;https://www.iccavalese.it;tnee80909g
centro formazione professionale upt - cles;capes - settore servizi;;paritaria/equiparata;;walter iori;;via d agostin, 2 38023;cles;0463/422820;0463/424409;cfp-upt@pec.it;;segreteria.cles@cfp-upt.it;https://www.cfp-upt.it;tncf00600v
centro formazione professionale upt - tione di trento;capes - settore servizi;;paritaria/equiparata;;maurizio cadonna ;;via roma, 15 38079;tione di trento;0465/321889;0465/324518;cfp-upt@pec.it;;segreteria.tione@cfp-upt.it;https://www.cfp-upt.it;tncf00700p
istituto di formazione professionale alberghiero - rovereto;;istituzione scolastica e formativa;a carattere statale/provinciale;vito rovigo;;;viale dei colli, 17 38068;rovereto;0464/439164;0464/435851;ifpa.rovereto@pec.provincia.tn.it;dir.ifpa.rovereto@scuole.provincia.tn.it;segr.ifpa.rovereto@scuole.provincia.tn.it;https://www.alberghierorovereto.it;tncf011001
"istituto di istruzione ""a. degasperi"" - borgo valsugana";;istituzione scolastica e formativa;a carattere statale/provinciale;giulio bertoldi;;;via xxiv maggio, 7 38051;borgo valsugana;0461/753647;0461/753364;degasperi@pec.provincia.tn.it;dir.istalcidedegasperi@scuole.provincia.tn.it;segr.istalcidedegasperi@scuole.provincia.tn.it;https://www.istalcidedegasperi.it;tnis00200e
circolo di coordinamento n. 9;"scuola dell'infanzia di anghebeni ""il sorriso di andrea""";;a carattere statale/provinciale;;;donatella segnana;frazione anghebeni, 80/a 38060;vallarsa; 0464 869348 ;0464/493117;scuolainfanzia.anghebeni@scuole.provincia.tn.it;;circolo.coordinamento09@provincia.tn.it;;
circolo di coordinamento n. 8;"scuola dell'infanzia di riva  ""rione 2 giugno""";;a carattere statale/provinciale;;;maria teresa scarpellini;via cristoph hartung von hartungen, 4 38066;riva del garda;0464/573920;0461/493389;scuolainfanzia.riva@scuole.provincia.tn.it;;circolo.coordinamento08@provincia.tn.it;;
istituto comprensivo levico terme;"scuola primaria ""g. rosanelli"" tenna";;a carattere statale/provinciale;ezio montibeller;;;via albere, 2 38050;tenna;0461/706146;0461/706099;ic.levicoterme@pec.provincia.tn.it;dir.ic.levico@scuole.provincia.tn.it;segr.ic.levico@scuole.provincia.tn.it;https://www.iclevico.eu;tnee818045
"istituto di formazione professionale alberghiero ""giuseppe cipriani""- levico";;istituzione scolastica e formativa;a carattere statale/provinciale;lucia russo;;;via ziehl, 5 38056;levico terme;0461/706294;0461/702025;ifpa.levicoterme@pec.provincia.tn.it;dir.ifpa.levicoterme@scuole.provincia.tn.it;segr.ifpa.levicoterme@scuole.provincia.tn.it;https://www.alberghierolevico.it;tncf010001
centro formazione professionale enaip - borgo valsugana;settore industria e artigianato;;paritaria/equiparata;;francesco micheletti;;via giamaolle, 15 38051;borgo valsugana;0461/753037;0461/752070;cfp.borgo@pec.it;;cfp.borgo@enaip.tn.it;https://borgo.enaiptrentino.it/;tnfp250sta
circolo di coordinamento n. 7;"scuola dell'infanzia di grumo ""il giardino del sole""";;a carattere statale/provinciale;;;laura bertoldi;via marconi, 65/a 38098;san michele all'adige;0461/650630;0461/494334;scuolainfanzia.grumo@scuole.provincia.tn.it;;circolo.coordinamento07@provincia.tn.it;;
circolo di coordinamento n. 10;scuola dell'infanzia di isera;;a carattere statale/provinciale;;;ginevra rella;vicolo zandonai,   38060;isera;0464/437292;0464/493115;scuolainfanzia.isera@scuole.provincia.tn.it;;circolo.coordinamento10@provincia.tn.it;;
istituto comprensivo trento 3;;istituzione scolastica e formativa;a carattere statale/provinciale;lina broch;;;via vittorio veneto, 61 38122;trento;0461/1825610;0461/920605;ic.trento3@pec.provincia.tn.it;dir.ic.tn3@scuole.provincia.tn.it;segr.ic.tn3@scuole.provincia.tn.it;http://www.ictrento3.it;tnic85600p
istituto di formazione professionale alberghiero - rovereto;capes - settore servizi;;a carattere statale/provinciale;vito rovigo;;;viale dei colli, 17 38068;rovereto;0464/439164;0464/435851;ifpa.rovereto@pec.provincia.tn.it;dir.ifpa.rovereto@scuole.provincia.tn.it;segr.ifpa.rovereto@scuole.provincia.tn.it;https://www.alberghierorovereto.it;tncf011001
"istituto di formazione professionale servizi alla persona e legno ""s. pertini"" ";capes - settore servizi;;a carattere statale/provinciale;maria rita magistro;maria rita magistro;;viale verona, 141 38123;trento;0461/933147;0461/931682;ifp.trento@pec.provincia.tn.it;ifp.trento@scuole.provincia.tn.it;ifp.trento@scuole.provincia.tn.it;https://ifpsandropertinitrento.it;tncf012001
istituto comprensivo aldeno mattarello;scuola secondaria di primo grado aldeno;;a carattere statale/provinciale;michele ruele;;;via xxv aprile, 1 38060;aldeno;0461/842823;0464/946007;ic.aldeno-mattarello@pec.provincia.tn.it;dir.aldeno.mattarello@scuole.provincia.tn.it;segr.aldeno.mattarello@scuole.provincia.tn.it;https://www.icaldenomattarello.it;tnmm82101r
"liceo scientifico ""l. da vinci"" - trento";;istituzione scolastica e formativa;a carattere statale/provinciale;viviana sbardella ;;;via madruzzo, 24 38122;trento;0461/984099;0461/986257;davinci@pec.provincia.tn.it;dir.liceodavinci@scuole.provincia.tn.it;segr.liceodavinci@scuole.provincia.tn.it;https://www.liceodavincitn.it;tnps02000d
circolo di coordinamento n. 1;scuola dell'infanzia di daiano-varena;;a carattere statale/provinciale;;;katia pegoretti;via mercato - varena, 22 38030;ville di fiemme;0462/341301;0461/493495;scuolainfanzia.daianovarena@scuole.provincia.tn.it;;circolo.coordinamento01@provincia.tn.it;;
centro formazione professionale upt - trento;capes - settore servizi;;paritaria/equiparata;;walter iori;;viale verona, 141 38123;trento;0461/239997;0461/260235;cfp-upt@pec.it;;segreteria.sede@cfp-upt.it;https://www.cfp-upt.it;tncf003001
associazione pedagogica steineriana - trento;"liceo delle scienze umane ""scuola steiner"" trento";;paritaria/equiparata;carlo musio;;;via conci - trento, 86 38123;trento;0461/930658;;associazione@pec.scuolasteiner-trento.it;;segreteria@scuolasteiner-trento.it;https://www.scuolasteiner-trento.it;tnpmts5005
circolo di coordinamento n. 9;"scuola dell'infanzia di tierno mori  ""il girasole""";;a carattere statale/provinciale;;;donatella segnana;via della cooperazione, 20 38065;mori;0464/917200;0464/493117;scuolainfanzia.tierno@scuole.provincia.tn.it;;circolo.coordinamento09@provincia.tn.it;;
"istituto di formazione professionale alberghiero ""giuseppe cipriani""- levico";settore servizi;;a carattere statale/provinciale;lucia russo;targa walter;;via ziehl, 5 38056;levico terme;0461/706294;0461/702025;ifpa.levicoterme@pec.provincia.tn.it;dir.ifpa.levicoterme@scuole.provincia.tn.it;segr.ifpa.levicoterme@scuole.provincia.tn.it;https://www.alberghierolevico.it;tncf010001
scuola dell'infanzia di tesero;;scuola dell'infanzia;paritaria/equiparata;;;tiziana ceol;via fia, 20 38038;tesero;0462-813045;;tesero.presidente@fpsm.tn.it;;tesero.segretario@fpsm.tn.it;;
centro formazione professionale upt - borgo valsugana;;istituzione scolastica e formativa;paritaria/equiparata;;claudia mammani;;via del mercato, 9/a 38051;borgo valsugana;0461/1830221;0461/233877;cfp-upt@pec.it;;segreteria.sede@cfp-upt.it;https://www.cfp-upt.it;
istituto comprensivo isera - rovereto;"scuola primaria ""r. levi montalcini"" isera";;a carattere statale/provinciale;francesca borroi;;;viale provinciale,   38060;isera;0464/431515;0464/489616;ic.isera-rovereto@pec.provincia.tn.it;dir.ic.isera_rovereto@scuole.provincia.tn.it;segr.ic.isera_rovereto@scuole.provincia.tn.it;https://www.isera-rovereto.it;tnee84501a
istituto comprensivo civezzano;"scuola primaria ""g. b. borsieri"" civezzano";;a carattere statale/provinciale;venera munafo';;;via telvana, 6 38045;civezzano;0461/858485;0461/858901;ic.civezzano@pec.provincia.tn.it;dir.i.c.civezzano@scuole.provincia.tn.it;segr.i.c.civezzano@scuole.provincia.tn.it;https://www.iccivezzano.eu;tnee817016
"istituto di istruzione ""m. martini"" - mezzolombardo";liceo del made in italy;;a carattere statale/provinciale;valentina zanolla;;;via perlasca, 4 38017;mezzolombardo;0461/601122;0461/601470;martini@pec.provincia.tn.it;dir.martini.mezzolombardo@scuole.provincia.tn.it;segr.martini.mezzolombardo@scuole.provincia.tn.it;https://www.martinomartini.eu;tnps00301r
scuola dell'infanzia di villa lagarina;;scuola dell'infanzia;paritaria/equiparata;;;roberta medeghini;via monsignor gosetti, 3 38060;villa lagarina;0464-411101;;villalagarina.presidente@fpsm.tn.it;;villalagarina.segretario@fpsm.tn.it;;
istituto comprensivo cembra;scuola primaria stedro segonzano;;a carattere statale/provinciale;stefano chesini;;;frazione stedro, 68 38047;segonzano;0461/683006;0461/682166;ic.cembra@pec.provincia.tn.it;dir.cembra@scuole.provincia.tn.it;segr.cembra@scuole.provincia.tn.it;https://www.iccembra.it;tnee82207x
istituto comprensivo mezzolombardo - paganella;"scuola primaria ""l. nicolussi"" molveno";;a carattere statale/provinciale;cinzia casna;;;piazza scuole, 2 38018;molveno;0461/601125;0461/601125;ic.mezzolombardo@pec.provincia.tn.it;dir.ic.mezzolombardo@scuole.provincia.tn.it;segr.ic.mezzolombardo@scuole.provincia.tn.it;https://icmezzolombardopaganella.edu.it;tnee82407g
istituto comprensivo fondo - revo';scuola primaria cavareno;;a carattere statale/provinciale;miriam predelli;;;piazzale savera, 1 38011;cavareno;0463/831134;0463/831746;ic.fondo@pec.provincia.tn.it;dir.ic.fondo@scuole.provincia.tn.it;segr.ic.fondo@scuole.provincia.tn.it;https://www.icfondorevo.it;tnee82802n
scuola dell'infanzia di denno;scuola dell'infanzia di denno;;paritaria/equiparata;;;ute pancher;via ossanna, 3 38010;denno;0461-655960;;denno.segretario@fpsm.tn.it;;denno.segretario@fpsm.tn.it;;
circolo di coordinamento n. 11;"scuola dell'infanzia di cavareno ""peter pan""";;a carattere statale/provinciale;;;simonetta errigo;via castelli, 1 38011;cavareno;0463/832426;0461/491940;scuolainfanzia.cavareno@scuole.provincia.tn.it;;circolo.coordinamento11@provincia.tn.it;;
circolo di coordinamento n. 3;"scuola dell'infanzia di trento cristo re ""piccolo principe""";;a carattere statale/provinciale;;;chiara nadalon;via senesi, 3 38121;trento;0461/824334;0461/497257;scuolainfanzia.cristore@scuole.provincia.tn.it;;circolo.coordinamento03@provincia.tn.it;;
circolo di coordinamento n. 11;;circolo di coordinamento pedagogico;a carattere statale/provinciale;;;simonetta errigo;via della gana, 10 38027;male';0461/491939;0461/491940;circolo.coordinamento11@provincia.tn.it;;circolo.coordinamento11@provincia.tn.it;;
fondazione edmund mach - istituto agrario san michele all'adige;capes - settore agricoltura e ambiente;;paritaria/equiparata;manuel penasa;claudia bisognin;;via mach, 1 38098;san michele all'adige;0461/615213;0461/615273;amministrazione.cif@pec.iasma.it;;segreteria.scuola@fmach.it;https://www.fmach.it;tncf006001
centro formazione professionale enaip - borgo valsugana;;istituzione scolastica e formativa;paritaria/equiparata;;francesco micheletti;;via giamaolle, 15 38051;borgo valsugana;0461/753037;0461/752070;cfp.borgo@pec.it;;cfp.borgo@enaip.tn.it;https://borgo.enaiptrentino.it/;
"liceo linguistico ""s. m. scholl"" - trento";;istituzione scolastica e formativa;a carattere statale/provinciale;chiara motter;;;via mattioli, 8 38122;trento;0461914499;0461915472;linguisticotrento@pec.provincia.tn.it;dir.linguisticotrento@scuole.provincia.tn.it;segr.linguisticotrento@scuole.provincia.tn.it;https://www.linguisticotrento.it;tnps11000q
"liceo ""f. filzi"" - rovereto";;istituzione scolastica e formativa;a carattere statale/provinciale;norma borgogno;;;corso rosmini, 61 38068;rovereto;0464/421223;0464/433003;filzi@pec.provincia.tn.it;dir.isup.filzi@scuole.provincia.tn.it;segr.isup.filzi@scuole.provincia.tn.it;https://www.liceofilzi.it;tnpm02000e
istituto comprensivo aldeno mattarello;scuola primaria aldeno;;a carattere statale/provinciale;michele ruele;;;via xxv aprile, 1/a 38060;aldeno;0461/842264;0464/946007;ic.aldeno-mattarello@pec.provincia.tn.it;dir.aldeno.mattarello@scuole.provincia.tn.it;segr.aldeno.mattarello@scuole.provincia.tn.it;https://www.icaldenomattarello.it;tnee82102v
istituto comprensivo isera - rovereto;;istituzione scolastica e formativa;a carattere statale/provinciale;francesca borroi;;;viale della vittoria, 43 38068;rovereto;0464/431515;0464/489616;ic.isera-rovereto@pec.provincia.tn.it;dir.ic.isera_rovereto@scuole.provincia.tn.it;segr.ic.isera_rovereto@scuole.provincia.tn.it;https://www.isera-rovereto.it;tnic845008
"istituto di istruzione ""l. guetti"" - tione di trento";;istituzione scolastica e formativa;a carattere statale/provinciale;renato paoli;;;via durone, 53 38079;tione di trento;0465/321735;0465/322811;guetti@pec.provincia.tn.it;dir.guetti@scuole.provincia.tn.it;segr.guetti@scuole.provincia.tn.it;https://www.guetti.tn.it;tnis00700n
centro formazione professionale enaip - tesero;capes - settore servizi;;paritaria/equiparata;;dino moser;;via caltrezza, 13 38038;tesero;0462/813133;0462/813145;cfp.tesero@pec.it;;cfp.tesero@enaip.tn.it;https://tesero.enaiptrentino.it/;tncf004007
centro formazione professionale upt - arco;capes - settore servizi;;paritaria/equiparata;;claudio nicolussi;;via gazzoletti - mogno, 10 38062;arco;0464/556585;0464/556599;cfp-upt@pec.it;;segreteria.arco@cfp-upt.it;https://www.cfpupt.it/sede-di-arco;tncf005003
circolo di coordinamento n. 2;"scuola dell'infanzia di villa agnedo ""natale alpino""";;a carattere statale/provinciale;;;helene giacomelli;via dei molini - agnedo, 36 38059;castel ivano;0461/762822;0461 491976;scuolainfanzia.villagnedo@scuole.provincia.tn.it;;circolo.coordinamento02@provincia.tn.it;;
"istituto di formazione professionale alberghiero ""giuseppe cipriani""- levico";capes - settore servizi;;a carattere statale/provinciale;lucia russo;;;via ziehl, 5 38056;levico terme;0461/706294;0461/702025;ifpa.levicoterme@pec.provincia.tn.it;dir.ifpa.levicoterme@scuole.provincia.tn.it;segr.ifpa.levicoterme@scuole.provincia.tn.it;https://www.alberghierolevico.it;tncf010001
circolo di coordinamento n. 9;scuola dell'infanzia di rovereto noriglio;;a carattere statale/provinciale;;;donatella segnana;via romani, 4 38068;rovereto;0464 437430;0464/493117;scuolainfanzia.noriglio@scuole.provincia.tn.it;;circolo.coordinamento09@provincia.tn.it;;
centro formazione professionale enaip - borgo valsugana;capes - settore industria e artigianato;;paritaria/equiparata;;francesco micheletti;;via giamaolle, 15 38051;borgo valsugana;0461/753037;0461/752070;cfp.borgo@pec.it;;cfp.borgo@enaip.tn.it;https://borgo.enaiptrentino.it/;tncf00200g
centro formazione professionale opera armida barelli - rovereto;capes - settore servizi;;paritaria/equiparata;bernardo zanoner;camilla cestari;;via setaioli, 5 38068;rovereto;0464/433771;0464/431711;cfprovereto@pec.operaarmidabarelli.org;;cfprovereto@operaarmidabarelli.org;https://www.operaarmidabarelli.org;tncf005001
centro formazione professionale upt - borgo valsugana;settore servizi;;paritaria/equiparata;;claudia mammani;;via del mercato, 9/a 38051;borgo valsugana;0461/1830221;0461/233877;cfp-upt@pec.it;;segreteria.sede@cfp-upt.it;https://www.cfp-upt.it;tnfp273sta
istituto comprensivo rovereto est;;istituzione scolastica e formativa;a carattere statale/provinciale;michele rosa;;;corso rosmini, 86 38068;rovereto;0464/433709;0464/450456;ic.roveretoest@pec.provincia.tn.it;dir.ic.roveretoest@scuole.provincia.tn.it;segr.ic.roveretoest@scuole.provincia.tn.it;https://www.roveretoest.it;tnic853007
istituto gardascuola;istituto tecnico per il settore tecnologico;;paritaria/equiparata;lorenzo angeli;;;via xxiv maggio, 1 38062;arco;0464/519546;0464/519959;gardascuola@pec.cooperazionetrentina.it;;segreteria@gardascuola.it;https://www.gardascuola.it;tntn04500g
"scuola dell'infanzia di roncone  ""mario amistadi sciavina odv""";;scuola dell'infanzia;paritaria/equiparata;;;;via lucchi - roncone, 1 38087;sella giudicarie;0465/311525;0465-901285;roncone.materna@associazionecoesi.com;;;;
istituto comprensivo trento 4;;istituzione scolastica e formativa;a carattere statale/provinciale;elena  valduga;;;viale degli olmi, 22 38123;trento;0461/920316;0461/922030;ic.trento4@pec.provincia.tn.it;dir.ictn4@scuole.provincia.tn.it;segr.ictn4@scuole.provincia.tn.it;https://www.ictrento4.it;tnic85700e
"istituto tecnico economico e tecnologico ""g. floriani"" - riva del garda";;istituzione scolastica e formativa;a carattere statale/provinciale;paolo chincarini;;;viale dei tigli, 43 38066;riva del garda;0464/578511;0464/578555;floriani@pec.provincia.tn.it;dir.istitutofloriani@scuole.provincia.tn.it;segr.istitutofloriani@scuole.provincia.tn.it;https://www.g-floriani.it;tnis00800d
istituto comprensivo taio;scuola primaria taio;;a carattere statale/provinciale;maura zini;;;via heroldsberg - taio, 5 38012;predaia;0463/468193;0463/467616;ic.taio@pec.provincia.tn.it;dir.ictaio@scuole.provincia.tn.it;segr.ictaio@scuole.provincia.tn.it;https://www.ictaio.it;tnee826033
scuola dell'infanzia di tesero;scuola dell'infanzia di tesero;;paritaria/equiparata;;;tiziana ceol;via fia, 20 38038;tesero;0462-813045;;tesero.presidente@fpsm.tn.it;;tesero.segretario@fpsm.tn.it;;
"liceo ""b. russell"" - cles";liceo del made in italy;;a carattere statale/provinciale;roberta gambaro;;;via iv novembre, 35 38023;cles;0463/424049;0463/424577;russell@pec.provincia.tn.it;dir.russell@scuole.provincia.tn.it;segr.russell@scuole.provincia.tn.it;https://www.liceorussell.eu;
scuola dell'infanzia di villa lagarina;scuola dell'infanzia di villa lagarina;;paritaria/equiparata;;;roberta medeghini;via monsignor gosetti, 3 38060;villa lagarina;0464-411101;;villalagarina.presidente@fpsm.tn.it;;villalagarina.segretario@fpsm.tn.it;;
centro formazione professionale enaip - varone di riva del garda;capes - settore servizi;;paritaria/equiparata;;elisabetta filippi;;rione europa, 3 38066;riva del garda;0464/521300;0464/521553;cfp.rivadelgarda@pec.it;;cfp.rivadelgarda@enaip.tn.it;https://rivadelgarda.enaiptrentino.it/;tncf007001
centro formazione professionale enaip - tione di trento;capes - settore industria e artigianato;;paritaria/equiparata;;ketty pellizzari;;via durone, 57 38079;tione di trento;0465/321316;0465/322091;cfp.tione@pec.it;;cfp.tione@enaip.tn.it;https://tione.enaiptrentino.it/;tncf001001
istituto comprensivo val rendena;;istituzione scolastica e formativa;a carattere statale/provinciale;giuseppe prigiotti;;;viale della pace, 10 38086;pinzolo;0465/501139;0465/512119;ic.valrendena@pec.provincia.tn.it;dir.ic.valrendena@scuole.provincia.tn.it;segr.ic.valrendena@scuole.provincia.tn.it;https://www.icvalrendena.edu.it;tnic83400t
centro formazione professionale enaip - tione di trento;capes - settore servizi;;paritaria/equiparata;;ketty pellizzari;;via durone, 57 38079;tione di trento;0465/321316;0465/322091;cfp.tione@pec.it;;cfp.tione@enaip.tn.it;https://tione.enaiptrentino.it/;tncf001001
"scuola dell'infanzia di roncone  ""mario amistadi sciavina odv""";"scuola dell'infanzia di roncone  ""mario amistadi sciavina odv""";;paritaria/equiparata;;;;via lucchi - roncone, 1 38087;sella giudicarie; 0465/311525 ;0465-901285;roncone.materna@associazionecoesi.com;;;;
istituto comprensivo bassa anaunia - tuenno;;istituzione scolastica e formativa;a carattere statale/provinciale;licia campi;;;via colle verde, 3 38010;denno;0461/655783;0461/655783;ic.bassaanaunia@pec.provincia.tn.it;dir.ic.bassaanauniatuenno@scuole.provincia.tn.it;segr.ic.denno@scuole.provincia.tn.it;https://www.icbassaanauniatuenno.it;tnic82900a
circolo di coordinamento n. 9;"scuola dell'infanzia di rovereto ""c. battisti""";;a carattere statale/provinciale;;;donatella segnana;via udine, 21 38068;rovereto;0464/431239;0464/493117;scuolainfanzia.battisti@scuole.provincia.tn.it;;circolo.coordinamento09@provincia.tn.it;;
"istituto di formazione professionale servizi alla persona e legno ""s. pertini"" ";;istituzione scolastica e formativa;a carattere statale/provinciale;maria rita magistro;maria rita magistro;;viale verona, 141 38123;trento;0461/933147;0461/931682;ifp.trento@pec.provincia.tn.it;ifp.trento@scuole.provincia.tn.it;ifp.trento@scuole.provincia.tn.it;https://ifpsandropertinitrento.it;tncf012001
circolo di coordinamento n. 5;scuola dell'infanzia di trento piedicastello;;a carattere statale/provinciale;;;martina bassetti;via dos trento, 86 38122;trento;0461/983539;0461/497257;scuolainfanzia.piedicastello@scuole.provincia.tn.it;;circolo.coordinamento05@provincia.tn.it;;
scuola dell'infanzia di denno;;scuola dell'infanzia;paritaria/equiparata;;;ute pancher;via ossanna, 3 38010;denno;0461-655960;;denno.segretario@fpsm.tn.it;;denno.segretario@fpsm.tn.it;;
