vivoscuola institute link;name;school link
https://www.vivoscuola.it/content/view/full/30081;scuola dell'infanzia di pieve di bono;https://www.vivoscuola.it/content/view/full/30082
https://www.vivoscuola.it/content/view/full/30037;scuola dell'infanzia di massone;https://www.vivoscuola.it/content/view/full/30038
https://www.vivoscuola.it/content/view/full/29985;scuola dell'infanzia di cristo re -trento;https://www.vivoscuola.it/content/view/full/29986
https://www.vivoscuola.it/content/view/full/29971;scuola dell'infanzia di cavedine;https://www.vivoscuola.it/content/view/full/29972
https://www.vivoscuola.it/content/view/full/29869;liceo classico;https://www.vivoscuola.it/content/view/full/29870
https://www.vivoscuola.it/content/view/full/29869;liceo delle scienze umane;https://www.vivoscuola.it/content/view/full/29871
https://www.vivoscuola.it/content/view/full/29869;liceo linguistico;https://www.vivoscuola.it/content/view/full/29872
https://www.vivoscuola.it/content/view/full/29869;liceo musicale e coreutico;https://www.vivoscuola.it/content/view/full/29873
https://www.vivoscuola.it/content/view/full/29869;liceo scientifico;https://www.vivoscuola.it/content/view/full/29874
https://www.vivoscuola.it/content/view/full/29869;liceo scientifico opzione scienze applicate;https://www.vivoscuola.it/content/view/full/29875
https://www.vivoscuola.it/content/view/full/29852;istituto tecnico per il settore tecnologico;https://www.vivoscuola.it/content/view/full/29853
https://www.vivoscuola.it/content/view/full/29852;istituto tecnico per il settore tecnologico serale;https://www.vivoscuola.it/content/view/full/29854
https://www.vivoscuola.it/content/view/full/29619;"scuola primaria ""g. manega"" tesero";https://www.vivoscuola.it/content/view/full/29620
https://www.vivoscuola.it/content/view/full/29619;"scuola primaria ""i. masia"" ziano di fiemme";https://www.vivoscuola.it/content/view/full/29621
https://www.vivoscuola.it/content/view/full/29619;"scuola primaria ""m. morandini degasperi"" predazzo";https://www.vivoscuola.it/content/view/full/29622
https://www.vivoscuola.it/content/view/full/29619;"scuola secondaria di primo grado ""g. alberti"" tesero";https://www.vivoscuola.it/content/view/full/29623
https://www.vivoscuola.it/content/view/full/29619;"scuola secondaria di primo grado ""marzari pencati"" predazzo";https://www.vivoscuola.it/content/view/full/29624
https://www.vivoscuola.it/content/view/full/29470;"scuola primaria ""b. pezzen"" croviana";https://www.vivoscuola.it/content/view/full/29471
https://www.vivoscuola.it/content/view/full/29470;"scuola primaria ""c. cristoforetti"" male'";https://www.vivoscuola.it/content/view/full/29472
https://www.vivoscuola.it/content/view/full/29470;scuola primaria caldes;https://www.vivoscuola.it/content/view/full/29473
https://www.vivoscuola.it/content/view/full/29470;scuola primaria dimaro;https://www.vivoscuola.it/content/view/full/29474
https://www.vivoscuola.it/content/view/full/29470;scuola primaria s.bernardo rabbi;https://www.vivoscuola.it/content/view/full/29475
https://www.vivoscuola.it/content/view/full/29470;"scuola secondaria di primo grado ""g. ciccolini"" male'";https://www.vivoscuola.it/content/view/full/29476
https://www.vivoscuola.it/content/view/full/29809;educazione per adulti relativa al primo ciclo;https://www.vivoscuola.it/content/view/full/29810
https://www.vivoscuola.it/content/view/full/29809;istituto professionale per il settore dei servizi;https://www.vivoscuola.it/content/view/full/29811
https://www.vivoscuola.it/content/view/full/29809;istituto professionale per il settore dei servizi serale;https://www.vivoscuola.it/content/view/full/29812
https://www.vivoscuola.it/content/view/full/29809;istituto tecnico per il settore economico;https://www.vivoscuola.it/content/view/full/29813
https://www.vivoscuola.it/content/view/full/29809;istituto tecnico per il settore economico serale;https://www.vivoscuola.it/content/view/full/29814
https://www.vivoscuola.it/content/view/full/29625;"scuola primaria ""n. pernici"" riva del garda";https://www.vivoscuola.it/content/view/full/29626
https://www.vivoscuola.it/content/view/full/29625;scuola primaria nago torbole;https://www.vivoscuola.it/content/view/full/29627
https://www.vivoscuola.it/content/view/full/29625;scuola primaria s. alessandro riva del garda;https://www.vivoscuola.it/content/view/full/29628
https://www.vivoscuola.it/content/view/full/29625;"scuola secondaria di primo grado ""d. chiesa"" riva del garda";https://www.vivoscuola.it/content/view/full/29630
https://www.vivoscuola.it/content/view/full/29246;capes - settore industria e artigianato;https://www.vivoscuola.it/content/view/full/170191
https://www.vivoscuola.it/content/view/full/29246;settore industria e artigianato;https://www.vivoscuola.it/content/view/full/29247
https://www.vivoscuola.it/content/view/full/30225;scuola dell'infanzia di ziano di fiemme;https://www.vivoscuola.it/content/view/full/30226
https://www.vivoscuola.it/content/view/full/29967;scuola dell'infanzia di castelnuovo;https://www.vivoscuola.it/content/view/full/29968
https://www.vivoscuola.it/content/view/full/29248;capes - settore industria e artigianato;https://www.vivoscuola.it/content/view/full/170192
https://www.vivoscuola.it/content/view/full/29248;settore industria e artigianato;https://www.vivoscuola.it/content/view/full/29249
https://www.vivoscuola.it/content/view/full/29975;scuola dell'infanzia di chizzola;https://www.vivoscuola.it/content/view/full/29976
https://www.vivoscuola.it/content/view/full/29541;"scuola primaria ""s. lauton"" folgaria";https://www.vivoscuola.it/content/view/full/29542
https://www.vivoscuola.it/content/view/full/29541;scuola primaria lavarone;https://www.vivoscuola.it/content/view/full/29543
https://www.vivoscuola.it/content/view/full/29541;"scuola secondaria di primo grado ""g. prati"" lavarone";https://www.vivoscuola.it/content/view/full/29544
https://www.vivoscuola.it/content/view/full/29541;"scuola secondaria di primo grado ""p. rella"" folgaria";https://www.vivoscuola.it/content/view/full/29545
https://www.vivoscuola.it/content/view/full/29541;scuola dell'infanzia di folgaria;https://www.vivoscuola.it/content/view/full/29546
https://www.vivoscuola.it/content/view/full/29541;"scuola dell'infanzia di lavarone ""casa dell'arcobaleno""";https://www.vivoscuola.it/content/view/full/29547
https://www.vivoscuola.it/content/view/full/29541;scuola dell'infanzia di luserna;https://www.vivoscuola.it/content/view/full/29548
https://www.vivoscuola.it/content/view/full/29541;scuola dell'infanzia di nosellari folgaria;https://www.vivoscuola.it/content/view/full/29549
https://www.vivoscuola.it/content/view/full/30025;scuola dell'infanzia di madrano;https://www.vivoscuola.it/content/view/full/30026
https://www.vivoscuola.it/content/view/full/29827;scuola secondaria di primo grado maria ausiliatrice trento;https://www.vivoscuola.it/content/view/full/29828
https://www.vivoscuola.it/content/view/full/29268;settore servizi;https://www.vivoscuola.it/content/view/full/29269
https://www.vivoscuola.it/content/view/full/29569;"scuola primaria ""f.lli filzi"" rovereto";https://www.vivoscuola.it/content/view/full/29570
https://www.vivoscuola.it/content/view/full/29569;"scuola primaria ""r. levi montalcini"" isera";https://www.vivoscuola.it/content/view/full/29571
https://www.vivoscuola.it/content/view/full/29569;"scuola secondaria di primo grado ""a. degasperi"" rovereto";https://www.vivoscuola.it/content/view/full/29572
https://www.vivoscuola.it/content/view/full/29355;scuola dell'infanzia di calavino;https://www.vivoscuola.it/content/view/full/29356
https://www.vivoscuola.it/content/view/full/29355;scuola dell'infanzia di lasino;https://www.vivoscuola.it/content/view/full/29357
https://www.vivoscuola.it/content/view/full/29355;scuola dell'infanzia di terlago;https://www.vivoscuola.it/content/view/full/29358
https://www.vivoscuola.it/content/view/full/29355;"scuola dell'infanzia di trento  cadine  ""il melograno""";https://www.vivoscuola.it/content/view/full/29359
https://www.vivoscuola.it/content/view/full/29355;scuola dell'infanzia di trento  sardagna;https://www.vivoscuola.it/content/view/full/29360
https://www.vivoscuola.it/content/view/full/29355;"scuola dell'infanzia di trento gardolo paludi  ""biancaneve""";https://www.vivoscuola.it/content/view/full/29361
https://www.vivoscuola.it/content/view/full/29355;scuola dell'infanzia di trento piedicastello;https://www.vivoscuola.it/content/view/full/29362
https://www.vivoscuola.it/content/view/full/29355;"scuola dell'infanzia di trento roncafort  ""margit levinson""";https://www.vivoscuola.it/content/view/full/29363
https://www.vivoscuola.it/content/view/full/29550;"scuola primaria ""c.a. martini"" revo'";https://www.vivoscuola.it/content/view/full/29551
https://www.vivoscuola.it/content/view/full/29550;"scuola primaria ""madre teresa di calcutta"" romeno";https://www.vivoscuola.it/content/view/full/29552
https://www.vivoscuola.it/content/view/full/29550;"scuola primaria ""padre a. stefenelli"" fondo";https://www.vivoscuola.it/content/view/full/29553
https://www.vivoscuola.it/content/view/full/29550;"scuola primaria ""stefano zuech"" brez";https://www.vivoscuola.it/content/view/full/29554
https://www.vivoscuola.it/content/view/full/29550;scuola primaria castelfondo;https://www.vivoscuola.it/content/view/full/29555
https://www.vivoscuola.it/content/view/full/29550;scuola primaria cavareno;https://www.vivoscuola.it/content/view/full/29556
https://www.vivoscuola.it/content/view/full/29550;scuola primaria sanzeno;https://www.vivoscuola.it/content/view/full/29557
https://www.vivoscuola.it/content/view/full/29550;scuola primaria sarnonico;https://www.vivoscuola.it/content/view/full/29558
https://www.vivoscuola.it/content/view/full/29550;"scuola secondaria di primo grado ""c.a. martini"" revo'";https://www.vivoscuola.it/content/view/full/29559
https://www.vivoscuola.it/content/view/full/29550;"scuola secondaria di primo grado ""g. b. lampi"" fondo";https://www.vivoscuola.it/content/view/full/29560
https://www.vivoscuola.it/content/view/full/29697;"scuola primaria ""a. gorfer"" trento";https://www.vivoscuola.it/content/view/full/29698
https://www.vivoscuola.it/content/view/full/29697;"scuola primaria ""f. crispi"" trento";https://www.vivoscuola.it/content/view/full/29699
https://www.vivoscuola.it/content/view/full/29697;"scuola primaria ""r. sanzio"" trento";https://www.vivoscuola.it/content/view/full/29700
https://www.vivoscuola.it/content/view/full/29697;"scuola secondaria di primo grado ""g. bresadola"" trento";https://www.vivoscuola.it/content/view/full/29702
https://www.vivoscuola.it/content/view/full/29955;scuola dell'infanzia di campodenno;https://www.vivoscuola.it/content/view/full/29956
https://www.vivoscuola.it/content/view/full/29229;istituto tecnico per il settore economico;https://www.vivoscuola.it/content/view/full/29230
https://www.vivoscuola.it/content/view/full/29229;istituto tecnico per il settore tecnologico;https://www.vivoscuola.it/content/view/full/29231
https://www.vivoscuola.it/content/view/full/29229;liceo classico arcivescovile - trento;https://www.vivoscuola.it/content/view/full/29232
https://www.vivoscuola.it/content/view/full/29229;liceo scientifico arcivescovile - trento;https://www.vivoscuola.it/content/view/full/29234
https://www.vivoscuola.it/content/view/full/29229;scuola primaria arcivescovile trento;https://www.vivoscuola.it/content/view/full/29235
https://www.vivoscuola.it/content/view/full/29229;scuola secondaria di primo grado arcivescovile trento;https://www.vivoscuola.it/content/view/full/29236
https://www.vivoscuola.it/content/view/full/29832;istituto tecnico per il settore economico;https://www.vivoscuola.it/content/view/full/29833
https://www.vivoscuola.it/content/view/full/29832;istituto tecnico per il settore economico serale;https://www.vivoscuola.it/content/view/full/29834
https://www.vivoscuola.it/content/view/full/30123;scuola dell'infanzia di s. lorenzo in banale;https://www.vivoscuola.it/content/view/full/30124
https://www.vivoscuola.it/content/view/full/29348;"scuola dell'infanzia di cimone ""mamma teresa""";https://www.vivoscuola.it/content/view/full/29349
https://www.vivoscuola.it/content/view/full/29348;"scuola dell'infanzia di trento  ""torrione""";https://www.vivoscuola.it/content/view/full/29350
https://www.vivoscuola.it/content/view/full/29348;"scuola dell'infanzia di trento  mattarello  ""il castello""";https://www.vivoscuola.it/content/view/full/29351
https://www.vivoscuola.it/content/view/full/29348;"scuola dell'infanzia di trento  ravina  ""girotondo""";https://www.vivoscuola.it/content/view/full/29352
https://www.vivoscuola.it/content/view/full/29348;"scuola dell'infanzia di trento  romagnano  ""gli gnomi del bosco""";https://www.vivoscuola.it/content/view/full/29353
https://www.vivoscuola.it/content/view/full/29348;"scuola dell'infanzia di trento s.giuseppe ""maso ginocchio - collodi""";https://www.vivoscuola.it/content/view/full/29354
https://www.vivoscuola.it/content/view/full/30065;scuola dell'infanzia di ospedaletto;https://www.vivoscuola.it/content/view/full/30066
https://www.vivoscuola.it/content/view/full/30079;scuola dell'infanzia di pieve tesino;https://www.vivoscuola.it/content/view/full/30080
https://www.vivoscuola.it/content/view/full/30061;scuola dell'infanzia di nave san rocco;https://www.vivoscuola.it/content/view/full/30062
https://www.vivoscuola.it/content/view/full/29999;scuola dell'infanzia di fiavè;https://www.vivoscuola.it/content/view/full/30000
https://www.vivoscuola.it/content/view/full/29661;"scuola primaria ""mons. a. negri"" tres";https://www.vivoscuola.it/content/view/full/29662
https://www.vivoscuola.it/content/view/full/29661;scuola primaria coredo;https://www.vivoscuola.it/content/view/full/29663
https://www.vivoscuola.it/content/view/full/29661;scuola primaria taio;https://www.vivoscuola.it/content/view/full/29664
https://www.vivoscuola.it/content/view/full/29661;"scuola secondaria di primo grado ""f. barbacovi"" coredo";https://www.vivoscuola.it/content/view/full/29665
https://www.vivoscuola.it/content/view/full/29661;"scuola secondaria di primo grado ""f. barbacovi"" taio";https://www.vivoscuola.it/content/view/full/29666
https://www.vivoscuola.it/content/view/full/29578;"scuola primaria ""c. chiesa"" caldonazzo";https://www.vivoscuola.it/content/view/full/29579
https://www.vivoscuola.it/content/view/full/29578;"scuola primaria ""g. rosanelli"" tenna";https://www.vivoscuola.it/content/view/full/29580
https://www.vivoscuola.it/content/view/full/29578;"scuola primaria ""padre b. martinelli"" calceranica al lago";https://www.vivoscuola.it/content/view/full/29581
https://www.vivoscuola.it/content/view/full/29578;scuola primaria levico terme;https://www.vivoscuola.it/content/view/full/29582
https://www.vivoscuola.it/content/view/full/29578;"scuola secondaria di primo grado ""g. b. de gasparis"" levico terme";https://www.vivoscuola.it/content/view/full/29583
https://www.vivoscuola.it/content/view/full/29667;"scuola primaria ""a. prandini"" roncone";https://www.vivoscuola.it/content/view/full/29668
https://www.vivoscuola.it/content/view/full/29667;scuola primaria bondo-breguzzo;https://www.vivoscuola.it/content/view/full/29669
https://www.vivoscuola.it/content/view/full/29667;scuola primaria ragoli;https://www.vivoscuola.it/content/view/full/29670
https://www.vivoscuola.it/content/view/full/29667;scuola primaria tione di trento;https://www.vivoscuola.it/content/view/full/29671
https://www.vivoscuola.it/content/view/full/29667;scuola primaria zuclo;https://www.vivoscuola.it/content/view/full/29672
https://www.vivoscuola.it/content/view/full/29667;"scuola secondaria di primo grado ""legione trentina"" tione di trento";https://www.vivoscuola.it/content/view/full/29673
https://www.vivoscuola.it/content/view/full/29667;scuola secondaria di primo grado roncone;https://www.vivoscuola.it/content/view/full/29674
https://www.vivoscuola.it/content/view/full/29983;scuola dell'infanzia di coredo;https://www.vivoscuola.it/content/view/full/29984
https://www.vivoscuola.it/content/view/full/29939;scuola dell'infanzia di bolognano;https://www.vivoscuola.it/content/view/full/29940
https://www.vivoscuola.it/content/view/full/30059;scuola dell'infanzia di nago;https://www.vivoscuola.it/content/view/full/30060
https://www.vivoscuola.it/content/view/full/30087;scuola dell'infanzia di ponte arche;https://www.vivoscuola.it/content/view/full/30088
https://www.vivoscuola.it/content/view/full/29691;scuola primaria clarina trento;https://www.vivoscuola.it/content/view/full/29692
https://www.vivoscuola.it/content/view/full/29691;scuola primaria localita' madonna bianca trento;https://www.vivoscuola.it/content/view/full/29693
https://www.vivoscuola.it/content/view/full/29691;scuola primaria ospedale infantile trento;https://www.vivoscuola.it/content/view/full/29694
https://www.vivoscuola.it/content/view/full/29691;"scuola secondaria di primo grado ""o. winkler"" trento";https://www.vivoscuola.it/content/view/full/29695
https://www.vivoscuola.it/content/view/full/29943;scuola dell'infanzia di borgo sacco;https://www.vivoscuola.it/content/view/full/29944
https://www.vivoscuola.it/content/view/full/29815;"liceo artistico ""depero""- rovereto";https://www.vivoscuola.it/content/view/full/29816
https://www.vivoscuola.it/content/view/full/29815;"liceo artistico ""vittoria"" - trento";https://www.vivoscuola.it/content/view/full/29817
https://www.vivoscuola.it/content/view/full/29815;liceo musicale coreutico;https://www.vivoscuola.it/content/view/full/29819
https://www.vivoscuola.it/content/view/full/29372;"scuola dell'infanzia di cavedago  ""l'albero azzurro""";https://www.vivoscuola.it/content/view/full/29373
https://www.vivoscuola.it/content/view/full/29372;"scuola dell'infanzia di cles  ""casa del sole""";https://www.vivoscuola.it/content/view/full/29374
https://www.vivoscuola.it/content/view/full/29372;scuola dell'infanzia di cunevo;https://www.vivoscuola.it/content/view/full/29375
https://www.vivoscuola.it/content/view/full/29372;scuola dell'infanzia di fai paganella;https://www.vivoscuola.it/content/view/full/29376
https://www.vivoscuola.it/content/view/full/29372;"scuola dell'infanzia di grumo ""il giardino del sole""";https://www.vivoscuola.it/content/view/full/29377
https://www.vivoscuola.it/content/view/full/29372;"scuola dell'infanzia di rallo di tassullo  ""nuovo germoglio""";https://www.vivoscuola.it/content/view/full/29378
https://www.vivoscuola.it/content/view/full/29372;"scuola dell'infanzia di revò ""i girasoli""";https://www.vivoscuola.it/content/view/full/29379
https://www.vivoscuola.it/content/view/full/29372;scuola dell'infanzia di roverè della luna;https://www.vivoscuola.it/content/view/full/29380
https://www.vivoscuola.it/content/view/full/29372;"scuola dell'infanzia di s.michele all' adige  ""il germoglio""";https://www.vivoscuola.it/content/view/full/29381
https://www.vivoscuola.it/content/view/full/29372;"scuola dell'infanzia di sporminore ""fratelli remondini""";https://www.vivoscuola.it/content/view/full/29382
https://www.vivoscuola.it/content/view/full/29372;"scuola dell'infanzia di vervò  ""il bosco degli gnomi""";https://www.vivoscuola.it/content/view/full/29383
https://www.vivoscuola.it/content/view/full/29679;"scuola primaria ""e. bernardi"" cognola";https://www.vivoscuola.it/content/view/full/29680
https://www.vivoscuola.it/content/view/full/29679;"scuola primaria ""r. belenzani"" s.vito";https://www.vivoscuola.it/content/view/full/29681
https://www.vivoscuola.it/content/view/full/29679;"scuola primaria ""r. zandonai"" martignano";https://www.vivoscuola.it/content/view/full/29682
https://www.vivoscuola.it/content/view/full/29679;scuola primaria casa serena;https://www.vivoscuola.it/content/view/full/29683
https://www.vivoscuola.it/content/view/full/29679;"scuola secondaria di primo grado ""argentario"" trento";https://www.vivoscuola.it/content/view/full/29684
https://www.vivoscuola.it/content/view/full/29898;liceo linguistico;https://www.vivoscuola.it/content/view/full/29899
https://www.vivoscuola.it/content/view/full/29953;scuola dell'infanzia di campitello di fassa;https://www.vivoscuola.it/content/view/full/29954
https://www.vivoscuola.it/content/view/full/30213;scuola dell'infanzia di vigo di fassa;https://www.vivoscuola.it/content/view/full/30214
https://www.vivoscuola.it/content/view/full/30129;scuola dell'infanzia di san martino di c.;https://www.vivoscuola.it/content/view/full/30130
https://www.vivoscuola.it/content/view/full/30199;scuola dell'infanzia di tuenno;https://www.vivoscuola.it/content/view/full/30200
https://www.vivoscuola.it/content/view/full/149207;"scuola dell'infanzia di rovereto ""clementino vannetti odv""";https://www.vivoscuola.it/content/view/full/149208
https://www.vivoscuola.it/content/view/full/30043;scuola dell'infanzia di mezzocorona;https://www.vivoscuola.it/content/view/full/30044
https://www.vivoscuola.it/content/view/full/29703;"scuola primaria ""a. degasperi"" sardagna";https://www.vivoscuola.it/content/view/full/29704
https://www.vivoscuola.it/content/view/full/29703;"scuola primaria ""a. schmid"" cristo re trento";https://www.vivoscuola.it/content/view/full/29705
https://www.vivoscuola.it/content/view/full/29703;"scuola primaria ""beato s. bellesini"" trento";https://www.vivoscuola.it/content/view/full/29706
https://www.vivoscuola.it/content/view/full/29703;"scuola primaria ""s. pertini"" sopramonte";https://www.vivoscuola.it/content/view/full/29707
https://www.vivoscuola.it/content/view/full/29703;"scuola primaria ""san vigilio"" vela";https://www.vivoscuola.it/content/view/full/29708
https://www.vivoscuola.it/content/view/full/29703;scuola primaria cadine;https://www.vivoscuola.it/content/view/full/29709
https://www.vivoscuola.it/content/view/full/29703;"scuola secondaria di primo grado ""a. manzoni"" trento";https://www.vivoscuola.it/content/view/full/29710
https://www.vivoscuola.it/content/view/full/30121;scuola dell'infanzia di s. croce bleggio;https://www.vivoscuola.it/content/view/full/30122
https://www.vivoscuola.it/content/view/full/30083;scuola dell'infanzia di pilcante;https://www.vivoscuola.it/content/view/full/30084
https://www.vivoscuola.it/content/view/full/29864;capes - settore servizi;https://www.vivoscuola.it/content/view/full/170210
https://www.vivoscuola.it/content/view/full/29864;settore industria e artigianato;https://www.vivoscuola.it/content/view/full/29865
https://www.vivoscuola.it/content/view/full/29864;settore industria e artigianato serale;https://www.vivoscuola.it/content/view/full/29866
https://www.vivoscuola.it/content/view/full/29864;settore servizi;https://www.vivoscuola.it/content/view/full/29867
https://www.vivoscuola.it/content/view/full/29864;settore servizi serale;https://www.vivoscuola.it/content/view/full/29868
https://www.vivoscuola.it/content/view/full/29482;scuola primaria capriana;https://www.vivoscuola.it/content/view/full/29483
https://www.vivoscuola.it/content/view/full/29482;scuola primaria carano;https://www.vivoscuola.it/content/view/full/29484
https://www.vivoscuola.it/content/view/full/29482;scuola primaria casatta valfloriana;https://www.vivoscuola.it/content/view/full/29485
https://www.vivoscuola.it/content/view/full/29482;scuola primaria castello di fiemme;https://www.vivoscuola.it/content/view/full/29486
https://www.vivoscuola.it/content/view/full/29482;scuola primaria cavalese;https://www.vivoscuola.it/content/view/full/29487
https://www.vivoscuola.it/content/view/full/29482;scuola primaria masi cavalese;https://www.vivoscuola.it/content/view/full/29488
https://www.vivoscuola.it/content/view/full/29482;scuola primaria molina di fiemme;https://www.vivoscuola.it/content/view/full/29489
https://www.vivoscuola.it/content/view/full/29482;scuola primaria varena;https://www.vivoscuola.it/content/view/full/29490
https://www.vivoscuola.it/content/view/full/29482;"scuola secondaria di primo grado ""g. segantini"" cavalese";https://www.vivoscuola.it/content/view/full/29491
https://www.vivoscuola.it/content/view/full/30223;scuola dell'infanzia di volano;https://www.vivoscuola.it/content/view/full/30224
https://www.vivoscuola.it/content/view/full/29760;educazione per adulti relativa al primo ciclo;https://www.vivoscuola.it/content/view/full/29761
https://www.vivoscuola.it/content/view/full/29760;istituto professionale per i servizi sanitari serale;https://www.vivoscuola.it/content/view/full/29762
https://www.vivoscuola.it/content/view/full/29760;istituto tecnico per il settore economico;https://www.vivoscuola.it/content/view/full/29763
https://www.vivoscuola.it/content/view/full/29760;istituto tecnico per il settore economico serale;https://www.vivoscuola.it/content/view/full/29764
https://www.vivoscuola.it/content/view/full/29760;istituto tecnico per il settore tecnologico;https://www.vivoscuola.it/content/view/full/29765
https://www.vivoscuola.it/content/view/full/29760;istituto tecnico per il settore tecnologico serale;https://www.vivoscuola.it/content/view/full/29766
https://www.vivoscuola.it/content/view/full/29760;liceo delle scienze umane;https://www.vivoscuola.it/content/view/full/29767
https://www.vivoscuola.it/content/view/full/29760;liceo scientifico;https://www.vivoscuola.it/content/view/full/29768
https://www.vivoscuola.it/content/view/full/29760;liceo scientifico opzione scienze applicate;https://www.vivoscuola.it/content/view/full/29769
https://www.vivoscuola.it/content/view/full/29250;capes - settore industria e artigianato;https://www.vivoscuola.it/content/view/full/170193
https://www.vivoscuola.it/content/view/full/29250;settore industria e artigianato;https://www.vivoscuola.it/content/view/full/29251
https://www.vivoscuola.it/content/view/full/29997;scuola dell'infanzia di faver;https://www.vivoscuola.it/content/view/full/29998
https://www.vivoscuola.it/content/view/full/29959;scuola dell'infanzia di carisolo;https://www.vivoscuola.it/content/view/full/29960
https://www.vivoscuola.it/content/view/full/29855;istituto tecnico per il settore tecnologico;https://www.vivoscuola.it/content/view/full/29856
https://www.vivoscuola.it/content/view/full/29855;istituto tecnico per il settore tecnologico serale;https://www.vivoscuola.it/content/view/full/29857
https://www.vivoscuola.it/content/view/full/61885;"scuola dell'infanzia di lizzana ""asilo infantile di lizzana odv""";https://www.vivoscuola.it/content/view/full/61886
https://www.vivoscuola.it/content/view/full/30197;"scuola dell'infanzia di trento san donà ""b. kofler""";https://www.vivoscuola.it/content/view/full/30198
https://www.vivoscuola.it/content/view/full/29740;"scuola primaria ""o. ferrari"" enguiso";https://www.vivoscuola.it/content/view/full/29741
https://www.vivoscuola.it/content/view/full/29740;scuola primaria molina di ledro;https://www.vivoscuola.it/content/view/full/29742
https://www.vivoscuola.it/content/view/full/29740;scuola primaria tiarno di sopra;https://www.vivoscuola.it/content/view/full/29743
https://www.vivoscuola.it/content/view/full/29740;"scuola secondaria di primo grado ""g. garibaldi"" bezzecca";https://www.vivoscuola.it/content/view/full/29744
https://www.vivoscuola.it/content/view/full/30089;scuola dell'infanzia di povo;https://www.vivoscuola.it/content/view/full/30090
https://www.vivoscuola.it/content/view/full/30161;"scuola dell'infanzia di taio ""asilo infantile di taio odv""";https://www.vivoscuola.it/content/view/full/30162
https://www.vivoscuola.it/content/view/full/29425;scuola primaria aldeno;https://www.vivoscuola.it/content/view/full/29426
https://www.vivoscuola.it/content/view/full/29425;scuola primaria cimone;https://www.vivoscuola.it/content/view/full/29427
https://www.vivoscuola.it/content/view/full/29425;scuola primaria mattarello;https://www.vivoscuola.it/content/view/full/29428
https://www.vivoscuola.it/content/view/full/29425;scuola primaria romagnano trento;https://www.vivoscuola.it/content/view/full/29429
https://www.vivoscuola.it/content/view/full/29425;"scuola secondaria di primo grado ""a. fogazzaro"" mattarello";https://www.vivoscuola.it/content/view/full/29430
https://www.vivoscuola.it/content/view/full/29425;scuola secondaria di primo grado aldeno;https://www.vivoscuola.it/content/view/full/29431
https://www.vivoscuola.it/content/view/full/30115;scuola dell'infanzia di ronzo-chienis;https://www.vivoscuola.it/content/view/full/30116
https://www.vivoscuola.it/content/view/full/29995;scuola dell'infanzia di dimaro;https://www.vivoscuola.it/content/view/full/29996
https://www.vivoscuola.it/content/view/full/29432;"scuola primaria ""e. bezzi"" ossana";https://www.vivoscuola.it/content/view/full/29433
https://www.vivoscuola.it/content/view/full/29432;scuola primaria cogolo di peio;https://www.vivoscuola.it/content/view/full/29434
https://www.vivoscuola.it/content/view/full/29432;scuola primaria commezzadura;https://www.vivoscuola.it/content/view/full/29435
https://www.vivoscuola.it/content/view/full/29432;scuola primaria passo tonale;https://www.vivoscuola.it/content/view/full/29436
https://www.vivoscuola.it/content/view/full/29432;scuola primaria vermiglio;https://www.vivoscuola.it/content/view/full/29438
https://www.vivoscuola.it/content/view/full/29432;"scuola secondaria di primo grado ""c. zanella"" fucine di ossana";https://www.vivoscuola.it/content/view/full/29439
https://www.vivoscuola.it/content/view/full/30147;scuola dell'infanzia di sopramonte;https://www.vivoscuola.it/content/view/full/30148
https://www.vivoscuola.it/content/view/full/30173;scuola dell'infanzia di torbole;https://www.vivoscuola.it/content/view/full/30174
https://www.vivoscuola.it/content/view/full/29977;scuola dell'infanzia di cles;https://www.vivoscuola.it/content/view/full/29978
https://www.vivoscuola.it/content/view/full/30195;scuola dell'infanzia di trento la clarina;https://www.vivoscuola.it/content/view/full/30196
https://www.vivoscuola.it/content/view/full/29631;"scuola primaria ""a. zadra"" rione degasperi riva del garda";https://www.vivoscuola.it/content/view/full/29632
https://www.vivoscuola.it/content/view/full/29631;"scuola primaria ""g. fedrigoni"" varone riva del garda";https://www.vivoscuola.it/content/view/full/29633
https://www.vivoscuola.it/content/view/full/29631;"scuola primaria ""o. lucchi"" tenno";https://www.vivoscuola.it/content/view/full/29634
https://www.vivoscuola.it/content/view/full/29631;"scuola secondaria di primo grado ""s. sighele"" riva del garda";https://www.vivoscuola.it/content/view/full/29635
https://www.vivoscuola.it/content/view/full/30181;"scuola dell'infanzia di trento  ""pedrotti""";https://www.vivoscuola.it/content/view/full/30182
https://www.vivoscuola.it/content/view/full/29717;"scuola primaria ""g. b. righi"" madonna di campiglio";https://www.vivoscuola.it/content/view/full/29718
https://www.vivoscuola.it/content/view/full/29717;"scuola primaria ""n. bolognini"" pinzolo";https://www.vivoscuola.it/content/view/full/29719
https://www.vivoscuola.it/content/view/full/29717;"scuola primaria ""s. massari"" spiazzo";https://www.vivoscuola.it/content/view/full/29720
https://www.vivoscuola.it/content/view/full/29717;"scuola primaria ""t. giustina"" caderzone";https://www.vivoscuola.it/content/view/full/29721
https://www.vivoscuola.it/content/view/full/29717;"scuola primaria ""v. gabriotti"" giustino";https://www.vivoscuola.it/content/view/full/29722
https://www.vivoscuola.it/content/view/full/29717;scuola primaria carisolo;https://www.vivoscuola.it/content/view/full/29723
https://www.vivoscuola.it/content/view/full/29717;scuola primaria dare';https://www.vivoscuola.it/content/view/full/29724
https://www.vivoscuola.it/content/view/full/29717;"scuola secondaria di primo grado ""b. de averaria"" spiazzo";https://www.vivoscuola.it/content/view/full/29725
https://www.vivoscuola.it/content/view/full/29717;"scuola secondaria di primo grado ""g. b. righi"" madonna di campiglio";https://www.vivoscuola.it/content/view/full/29726
https://www.vivoscuola.it/content/view/full/29717;"scuola secondaria di primo grado ""l. da vinci"" pinzolo";https://www.vivoscuola.it/content/view/full/29727
https://www.vivoscuola.it/content/view/full/30011;scuola dell'infanzia di grigno;https://www.vivoscuola.it/content/view/full/30012
https://www.vivoscuola.it/content/view/full/122609;settore servizi;https://www.vivoscuola.it/content/view/full/122610
https://www.vivoscuola.it/content/view/full/30203;scuola dell'infanzia di vermiglio;https://www.vivoscuola.it/content/view/full/30204
https://www.vivoscuola.it/content/view/full/30111;scuola dell'infanzia di roncogno di pergine;https://www.vivoscuola.it/content/view/full/30112
https://www.vivoscuola.it/content/view/full/29244;scuola primaria sacra famiglia trento;https://www.vivoscuola.it/content/view/full/29245
https://www.vivoscuola.it/content/view/full/29590;"scuola primaria ""c. darwin"" mezzolombardo";https://www.vivoscuola.it/content/view/full/29591
https://www.vivoscuola.it/content/view/full/29590;"scuola primaria ""don l. rossi"" fai della paganella";https://www.vivoscuola.it/content/view/full/29592
https://www.vivoscuola.it/content/view/full/29590;"scuola primaria ""l. nicolussi"" molveno";https://www.vivoscuola.it/content/view/full/29593
https://www.vivoscuola.it/content/view/full/29590;"scuola primaria ""san g. bosco"" spormaggiore";https://www.vivoscuola.it/content/view/full/29594
https://www.vivoscuola.it/content/view/full/29590;scuola primaria andalo;https://www.vivoscuola.it/content/view/full/29595
https://www.vivoscuola.it/content/view/full/29590;scuola primaria nave san rocco;https://www.vivoscuola.it/content/view/full/29596
https://www.vivoscuola.it/content/view/full/29590;"scuola secondaria di primo grado ""a. eccher dall'eco"" mezzolombardo";https://www.vivoscuola.it/content/view/full/29597
https://www.vivoscuola.it/content/view/full/29590;"scuola secondaria di primo grado ""c. battisti"" andalo";https://www.vivoscuola.it/content/view/full/29598
https://www.vivoscuola.it/content/view/full/29590;scuola secondaria di primo grado spormaggiore;https://www.vivoscuola.it/content/view/full/29599
https://www.vivoscuola.it/content/view/full/30095;scuola dell'infanzia di pressano;https://www.vivoscuola.it/content/view/full/30096
https://www.vivoscuola.it/content/view/full/29750;"scuola primaria ""l. vicentini"" nomi";https://www.vivoscuola.it/content/view/full/29751
https://www.vivoscuola.it/content/view/full/29750;"scuola primaria ""p. lodron"" villa lagarina";https://www.vivoscuola.it/content/view/full/29752
https://www.vivoscuola.it/content/view/full/29750;"scuola primaria ""r. galvagni"" pomarolo";https://www.vivoscuola.it/content/view/full/29753
https://www.vivoscuola.it/content/view/full/29750;scuola primaria nogaredo;https://www.vivoscuola.it/content/view/full/29754
https://www.vivoscuola.it/content/view/full/29750;"scuola secondaria di primo grado ""a. frank"" villa lagarina";https://www.vivoscuola.it/content/view/full/29755
https://www.vivoscuola.it/content/view/full/29364;"scuola dell'infanzia di giovo  ""il pellicano""";https://www.vivoscuola.it/content/view/full/29365
https://www.vivoscuola.it/content/view/full/29364;scuola dell'infanzia di grumes;https://www.vivoscuola.it/content/view/full/29366
https://www.vivoscuola.it/content/view/full/29364;"scuola dell'infanzia di trento  martignano  ""arcobaleno""";https://www.vivoscuola.it/content/view/full/29367
https://www.vivoscuola.it/content/view/full/29364;"scuola dell'infanzia di trento  meano  ""m. r. giobatta partelloni""";https://www.vivoscuola.it/content/view/full/29368
https://www.vivoscuola.it/content/view/full/29364;"scuola dell'infanzia di trento  melta di gardolo  ""il girasole""";https://www.vivoscuola.it/content/view/full/29369
https://www.vivoscuola.it/content/view/full/29364;"scuola dell'infanzia di trento  solteri  ""il quadrifoglio""";https://www.vivoscuola.it/content/view/full/29370
https://www.vivoscuola.it/content/view/full/29364;"scuola dell'infanzia di zambana ""girotondo""";https://www.vivoscuola.it/content/view/full/29371
https://www.vivoscuola.it/content/view/full/29440;"scuola primaria ""a.de valentini"" calliano";https://www.vivoscuola.it/content/view/full/29441
https://www.vivoscuola.it/content/view/full/29440;"scuola primaria ""g. tovazzi"" volano";https://www.vivoscuola.it/content/view/full/29442
https://www.vivoscuola.it/content/view/full/29440;"scuola primaria ""s. pellico"" besenello";https://www.vivoscuola.it/content/view/full/29443
https://www.vivoscuola.it/content/view/full/29440;"scuola secondaria di primo grado ""alta vallagarina"" volano";https://www.vivoscuola.it/content/view/full/29444
https://www.vivoscuola.it/content/view/full/30177;scuola dell'infanzia di transacqua;https://www.vivoscuola.it/content/view/full/30178
https://www.vivoscuola.it/content/view/full/29263;capes - settore servizi;https://www.vivoscuola.it/content/view/full/170198
https://www.vivoscuola.it/content/view/full/29263;settore servizi;https://www.vivoscuola.it/content/view/full/29264
https://www.vivoscuola.it/content/view/full/30049;scuola dell'infanzia di molina di  ledro;https://www.vivoscuola.it/content/view/full/30050
https://www.vivoscuola.it/content/view/full/30135;scuola dell'infanzia di segno;https://www.vivoscuola.it/content/view/full/30136
https://www.vivoscuola.it/content/view/full/29278;settore servizi;https://www.vivoscuola.it/content/view/full/29279
https://www.vivoscuola.it/content/view/full/29278;capes - settore servizi;https://www.vivoscuola.it/content/view/full/439664
https://www.vivoscuola.it/content/view/full/29394;"scuola dell'infanzia di anghebeni ""il sorriso di andrea""";https://www.vivoscuola.it/content/view/full/122611
https://www.vivoscuola.it/content/view/full/29394;"scuola dell'infanzia di rovereto ""c. battisti""";https://www.vivoscuola.it/content/view/full/29396
https://www.vivoscuola.it/content/view/full/29394;scuola dell'infanzia di rovereto fucine;https://www.vivoscuola.it/content/view/full/29397
https://www.vivoscuola.it/content/view/full/29394;"scuola dell'infanzia di rovereto lizzana  ""girogirotondo""";https://www.vivoscuola.it/content/view/full/29398
https://www.vivoscuola.it/content/view/full/29394;scuola dell'infanzia di rovereto noriglio;https://www.vivoscuola.it/content/view/full/29399
https://www.vivoscuola.it/content/view/full/29394;"scuola dell'infanzia di rovereto rione sud  ""il giardino incantato""";https://www.vivoscuola.it/content/view/full/29400
https://www.vivoscuola.it/content/view/full/29394;"scuola dell'infanzia di rovereto san giorgio   ""don a. rossaro""";https://www.vivoscuola.it/content/view/full/29401
https://www.vivoscuola.it/content/view/full/29394;scuola dell'infanzia di terragnolo piazza;https://www.vivoscuola.it/content/view/full/29403
https://www.vivoscuola.it/content/view/full/29394;"scuola dell'infanzia di tierno mori  ""il girasole""";https://www.vivoscuola.it/content/view/full/29404
https://www.vivoscuola.it/content/view/full/30165;scuola dell'infanzia di tenno;https://www.vivoscuola.it/content/view/full/30166
https://www.vivoscuola.it/content/view/full/29771;educazione per adulti relativa al primo ciclo;https://www.vivoscuola.it/content/view/full/29772
https://www.vivoscuola.it/content/view/full/29771;istituto tecnico per il settore economico;https://www.vivoscuola.it/content/view/full/29773
https://www.vivoscuola.it/content/view/full/29771;istituto tecnico per il settore economico serale;https://www.vivoscuola.it/content/view/full/29774
https://www.vivoscuola.it/content/view/full/29771;istituto tecnico per il settore tecnologico;https://www.vivoscuola.it/content/view/full/29775
https://www.vivoscuola.it/content/view/full/29771;istituto tecnico per il settore tecnologico serale;https://www.vivoscuola.it/content/view/full/29776
https://www.vivoscuola.it/content/view/full/29771;liceo delle scienze umane;https://www.vivoscuola.it/content/view/full/29777
https://www.vivoscuola.it/content/view/full/29771;liceo linguistico;https://www.vivoscuola.it/content/view/full/29778
https://www.vivoscuola.it/content/view/full/29771;liceo scientifico;https://www.vivoscuola.it/content/view/full/29779
https://www.vivoscuola.it/content/view/full/29771;liceo scientifico opzione scienze applicate;https://www.vivoscuola.it/content/view/full/29780
https://www.vivoscuola.it/content/view/full/29492;"scuola primaria ""don l. milani"" lases";https://www.vivoscuola.it/content/view/full/29493
https://www.vivoscuola.it/content/view/full/29492;"scuola primaria ""p. marconi"" faver";https://www.vivoscuola.it/content/view/full/29494
https://www.vivoscuola.it/content/view/full/29492;"scuola primaria ""p. sartori"" sover";https://www.vivoscuola.it/content/view/full/29495
https://www.vivoscuola.it/content/view/full/29492;scuola primaria cembra;https://www.vivoscuola.it/content/view/full/29496
https://www.vivoscuola.it/content/view/full/29492;scuola primaria stedro segonzano;https://www.vivoscuola.it/content/view/full/29497
https://www.vivoscuola.it/content/view/full/29492;scuola primaria verla giovo;https://www.vivoscuola.it/content/view/full/29498
https://www.vivoscuola.it/content/view/full/29492;"scuola secondaria di primo grado ""a. vielmetti"" cembra";https://www.vivoscuola.it/content/view/full/29499
https://www.vivoscuola.it/content/view/full/29492;scuola secondaria di primo grado stedro segonzano;https://www.vivoscuola.it/content/view/full/29500
https://www.vivoscuola.it/content/view/full/29492;scuola secondaria di primo grado verla giovo;https://www.vivoscuola.it/content/view/full/29501
https://www.vivoscuola.it/content/view/full/29781;educazione per adulti relativa al primo ciclo;https://www.vivoscuola.it/content/view/full/29782
https://www.vivoscuola.it/content/view/full/29781;istituto tecnico per il settore economico - predazzo;https://www.vivoscuola.it/content/view/full/29783
https://www.vivoscuola.it/content/view/full/29781;istituto tecnico per il settore economico serale - predazzo;https://www.vivoscuola.it/content/view/full/29784
https://www.vivoscuola.it/content/view/full/29781;istituto tecnico per il settore tecnologico;https://www.vivoscuola.it/content/view/full/29785
https://www.vivoscuola.it/content/view/full/29781;istituto tecnico per il settore tecnologico serale - predazzo;https://www.vivoscuola.it/content/view/full/29786
https://www.vivoscuola.it/content/view/full/29781;liceo delle scienze umane opzione economico sociale;https://www.vivoscuola.it/content/view/full/29787
https://www.vivoscuola.it/content/view/full/29781;liceo linguistico;https://www.vivoscuola.it/content/view/full/29788
https://www.vivoscuola.it/content/view/full/29781;liceo scientifico;https://www.vivoscuola.it/content/view/full/29789
https://www.vivoscuola.it/content/view/full/29781;liceo delle scienze umane;https://www.vivoscuola.it/content/view/full/65579
https://www.vivoscuola.it/content/view/full/29224;"liceo delle scienze umane ""scuola steiner"" trento";https://www.vivoscuola.it/content/view/full/148606
https://www.vivoscuola.it/content/view/full/29224;associazione r. steiner - primaria;https://www.vivoscuola.it/content/view/full/29225
https://www.vivoscuola.it/content/view/full/29224;associazione r. steiner - secondaria i grado;https://www.vivoscuola.it/content/view/full/29226
https://www.vivoscuola.it/content/view/full/29405;"scuola dell'infanzia di canazei ""don simone micheluzzi de ciciol""";https://www.vivoscuola.it/content/view/full/29406
https://www.vivoscuola.it/content/view/full/29405;"scuola dell'infanzia di pera di fassa ""don edy cinzol""";https://www.vivoscuola.it/content/view/full/29407
https://www.vivoscuola.it/content/view/full/29405;scuola dell'infanzia di soraga;https://www.vivoscuola.it/content/view/full/29408
https://www.vivoscuola.it/content/view/full/30097;scuola dell'infanzia di quadra - cavrasto;https://www.vivoscuola.it/content/view/full/30098
https://www.vivoscuola.it/content/view/full/29987;scuola dell'infanzia di crosano;https://www.vivoscuola.it/content/view/full/29988
https://www.vivoscuola.it/content/view/full/29933;scuola dell'infanzia di arco;https://www.vivoscuola.it/content/view/full/29934
https://www.vivoscuola.it/content/view/full/29270;capes - settore servizi;https://www.vivoscuola.it/content/view/full/170200
https://www.vivoscuola.it/content/view/full/29270;settore servizi;https://www.vivoscuola.it/content/view/full/29271
https://www.vivoscuola.it/content/view/full/30137;scuola dell'infanzia di segonzano;https://www.vivoscuola.it/content/view/full/30138
https://www.vivoscuola.it/content/view/full/30189;"scuola dell'infanzia di trento ""g. b. zanella odv""";https://www.vivoscuola.it/content/view/full/30190
https://www.vivoscuola.it/content/view/full/29647;"scuola primaria ""a. rosmini"" marco";https://www.vivoscuola.it/content/view/full/29648
https://www.vivoscuola.it/content/view/full/29647;"scuola primaria ""d. alighieri"" rovereto";https://www.vivoscuola.it/content/view/full/29649
https://www.vivoscuola.it/content/view/full/29647;"scuola primaria ""f. guella"" lizzana";https://www.vivoscuola.it/content/view/full/29650
https://www.vivoscuola.it/content/view/full/29647;"scuola secondaria di primo grado ""f. halbherr"" rovereto";https://www.vivoscuola.it/content/view/full/29651
https://www.vivoscuola.it/content/view/full/29829;scuola primaria santa croce mezzano;https://www.vivoscuola.it/content/view/full/29830
https://www.vivoscuola.it/content/view/full/29829;scuola secondaria di primo grado santa croce mezzano;https://www.vivoscuola.it/content/view/full/29831
https://www.vivoscuola.it/content/view/full/30023;scuola dell'infanzia di madonna di campiglio;https://www.vivoscuola.it/content/view/full/30024
https://www.vivoscuola.it/content/view/full/30005;scuola dell'infanzia di fornace;https://www.vivoscuola.it/content/view/full/30006
https://www.vivoscuola.it/content/view/full/30007;scuola dell'infanzia di gardolo;https://www.vivoscuola.it/content/view/full/30008
https://www.vivoscuola.it/content/view/full/30053;scuola dell'infanzia di molveno;https://www.vivoscuola.it/content/view/full/30054
https://www.vivoscuola.it/content/view/full/29276;capes - settore servizi;https://www.vivoscuola.it/content/view/full/170203
https://www.vivoscuola.it/content/view/full/29276;settore servizi;https://www.vivoscuola.it/content/view/full/29277
https://www.vivoscuola.it/content/view/full/29456;scuola primaria avio;https://www.vivoscuola.it/content/view/full/29457
https://www.vivoscuola.it/content/view/full/29456;scuola primaria sabbionara di avio;https://www.vivoscuola.it/content/view/full/29458
https://www.vivoscuola.it/content/view/full/29456;"scuola secondaria di primo grado ""d. alighieri"" avio";https://www.vivoscuola.it/content/view/full/29459
https://www.vivoscuola.it/content/view/full/30185;scuola dell'infanzia di trento  canossiane;https://www.vivoscuola.it/content/view/full/30186
https://www.vivoscuola.it/content/view/full/29285;settore industria e artigianato;https://www.vivoscuola.it/content/view/full/29286
https://www.vivoscuola.it/content/view/full/29285;settore servizi;https://www.vivoscuola.it/content/view/full/29287
https://www.vivoscuola.it/content/view/full/29477;"scuola primaria ""rita levi montalcini"" borgo valsugana";https://www.vivoscuola.it/content/view/full/29478
https://www.vivoscuola.it/content/view/full/29477;scuola primaria grigno;https://www.vivoscuola.it/content/view/full/29479
https://www.vivoscuola.it/content/view/full/29477;"scuola secondaria di primo grado ""ora e veglia"" borgo valsugana";https://www.vivoscuola.it/content/view/full/29480
https://www.vivoscuola.it/content/view/full/29477;"scuola secondaria di primo grado ""s. fante"" grigno";https://www.vivoscuola.it/content/view/full/29481
https://www.vivoscuola.it/content/view/full/29925;scuola dell'infanzia di ala;https://www.vivoscuola.it/content/view/full/29926
https://www.vivoscuola.it/content/view/full/29461;"scuola primaria ""m. pezzi"" campodenno";https://www.vivoscuola.it/content/view/full/29462
https://www.vivoscuola.it/content/view/full/29461;"scuola primaria ""mons. s. weber"" denno";https://www.vivoscuola.it/content/view/full/29463
https://www.vivoscuola.it/content/view/full/29461;"scuola primaria ""v. maistrelli"" tuenno";https://www.vivoscuola.it/content/view/full/29464
https://www.vivoscuola.it/content/view/full/29461;scuola primaria flavon;https://www.vivoscuola.it/content/view/full/29465
https://www.vivoscuola.it/content/view/full/29461;scuola primaria tassullo;https://www.vivoscuola.it/content/view/full/29466
https://www.vivoscuola.it/content/view/full/29461;scuola primaria vigo ton;https://www.vivoscuola.it/content/view/full/29467
https://www.vivoscuola.it/content/view/full/29461;"scuola secondaria di primo grado ""e. leonardi"" tuenno";https://www.vivoscuola.it/content/view/full/29468
https://www.vivoscuola.it/content/view/full/29461;"scuola secondaria di primo grado ""v. vielmetti"" denno";https://www.vivoscuola.it/content/view/full/29469
https://www.vivoscuola.it/content/view/full/30093;scuola dell'infanzia di predazzo;https://www.vivoscuola.it/content/view/full/30094
https://www.vivoscuola.it/content/view/full/29937;scuola dell'infanzia di barco di levico;https://www.vivoscuola.it/content/view/full/29938
https://www.vivoscuola.it/content/view/full/30211;scuola dell'infanzia di vigo lomaso;https://www.vivoscuola.it/content/view/full/30212
https://www.vivoscuola.it/content/view/full/29652;"scuola primaria ""a. degasperi"" pieve tesino";https://www.vivoscuola.it/content/view/full/29653
https://www.vivoscuola.it/content/view/full/29652;scuola primaria ospedaletto;https://www.vivoscuola.it/content/view/full/29654
https://www.vivoscuola.it/content/view/full/29652;scuola primaria samone;https://www.vivoscuola.it/content/view/full/29655
https://www.vivoscuola.it/content/view/full/29652;scuola primaria scurelle;https://www.vivoscuola.it/content/view/full/29656
https://www.vivoscuola.it/content/view/full/29652;scuola primaria strigno;https://www.vivoscuola.it/content/view/full/29657
https://www.vivoscuola.it/content/view/full/29652;scuola primaria villa agnedo;https://www.vivoscuola.it/content/view/full/29658
https://www.vivoscuola.it/content/view/full/29652;"scuola secondaria di primo grado ""o. brentari"" strigno";https://www.vivoscuola.it/content/view/full/29659
https://www.vivoscuola.it/content/view/full/29652;scuola secondaria di primo grado castello tesino;https://www.vivoscuola.it/content/view/full/29660
https://www.vivoscuola.it/content/view/full/29728;scuola primaria calavino;https://www.vivoscuola.it/content/view/full/29729
https://www.vivoscuola.it/content/view/full/29728;scuola primaria cavedine;https://www.vivoscuola.it/content/view/full/29730
https://www.vivoscuola.it/content/view/full/29728;scuola primaria dro;https://www.vivoscuola.it/content/view/full/29731
https://www.vivoscuola.it/content/view/full/29728;scuola primaria pietramurata;https://www.vivoscuola.it/content/view/full/29732
https://www.vivoscuola.it/content/view/full/29728;scuola primaria sarche calavino;https://www.vivoscuola.it/content/view/full/29733
https://www.vivoscuola.it/content/view/full/29728;scuola primaria terlago;https://www.vivoscuola.it/content/view/full/29734
https://www.vivoscuola.it/content/view/full/29728;scuola primaria vezzano;https://www.vivoscuola.it/content/view/full/29735
https://www.vivoscuola.it/content/view/full/29728;scuola primaria vigo cavedine;https://www.vivoscuola.it/content/view/full/29736
https://www.vivoscuola.it/content/view/full/29728;"scuola secondaria di primo grado ""c. madruzzo"" cavedine";https://www.vivoscuola.it/content/view/full/29737
https://www.vivoscuola.it/content/view/full/29728;"scuola secondaria di primo grado ""nuova europa"" dro";https://www.vivoscuola.it/content/view/full/29738
https://www.vivoscuola.it/content/view/full/29728;"scuola secondaria di primo grado ""s. bellesini"" vezzano";https://www.vivoscuola.it/content/view/full/29739
https://www.vivoscuola.it/content/view/full/29685;"scuola primaria ""a. nicolodi"" trento";https://www.vivoscuola.it/content/view/full/29686
https://www.vivoscuola.it/content/view/full/29685;"scuola primaria ""d. savio"" trento";https://www.vivoscuola.it/content/view/full/29687
https://www.vivoscuola.it/content/view/full/29685;"scuola primaria ""g. b. de gaspari"" trento";https://www.vivoscuola.it/content/view/full/29688
https://www.vivoscuola.it/content/view/full/29685;scuola primaria ravina;https://www.vivoscuola.it/content/view/full/29689
https://www.vivoscuola.it/content/view/full/29685;"scuola secondaria di primo grado ""bronzetti - segantini"" trento";https://www.vivoscuola.it/content/view/full/29690
https://www.vivoscuola.it/content/view/full/30069;scuola dell'infanzia di padergnone;https://www.vivoscuola.it/content/view/full/30070
https://www.vivoscuola.it/content/view/full/29260;capes - settore industria e artigianato;https://www.vivoscuola.it/content/view/full/170196
https://www.vivoscuola.it/content/view/full/29260;capes - settore servizi;https://www.vivoscuola.it/content/view/full/170197
https://www.vivoscuola.it/content/view/full/29260;settore industria e artigianato;https://www.vivoscuola.it/content/view/full/29261
https://www.vivoscuola.it/content/view/full/29260;settore servizi;https://www.vivoscuola.it/content/view/full/29262
https://www.vivoscuola.it/content/view/full/30179;"scuola dell'infanzia di trento ""antonio tambosi odv""";https://www.vivoscuola.it/content/view/full/30180
https://www.vivoscuola.it/content/view/full/29820;liceo scientifico opzione scienze applicate;https://www.vivoscuola.it/content/view/full/170207
https://www.vivoscuola.it/content/view/full/29820;liceo artistico;https://www.vivoscuola.it/content/view/full/29823
https://www.vivoscuola.it/content/view/full/29820;liceo delle scienze umane;https://www.vivoscuola.it/content/view/full/29824
https://www.vivoscuola.it/content/view/full/29820;scuola primaria sacro cuore trento;https://www.vivoscuola.it/content/view/full/29825
https://www.vivoscuola.it/content/view/full/29820;scuola secondaria di primo grado sacro cuore trento;https://www.vivoscuola.it/content/view/full/29826
https://www.vivoscuola.it/content/view/full/29745;"scuola primaria ""a. fogazzaro"" vattaro";https://www.vivoscuola.it/content/view/full/29746
https://www.vivoscuola.it/content/view/full/29745;"scuola primaria ""don t. segnana"" centa san nicolo'";https://www.vivoscuola.it/content/view/full/29747
https://www.vivoscuola.it/content/view/full/29745;scuola primaria vigolo vattaro;https://www.vivoscuola.it/content/view/full/29748
https://www.vivoscuola.it/content/view/full/29745;scuola secondaria di primo grado vigolo vattaro;https://www.vivoscuola.it/content/view/full/29749
https://www.vivoscuola.it/content/view/full/29957;scuola dell'infanzia di carano;https://www.vivoscuola.it/content/view/full/29958
https://www.vivoscuola.it/content/view/full/30205;scuola dell'infanzia di vezzano;https://www.vivoscuola.it/content/view/full/30206
https://www.vivoscuola.it/content/view/full/29421;"scuola primaria ""a. betta"" ala";https://www.vivoscuola.it/content/view/full/29422
https://www.vivoscuola.it/content/view/full/29421;"scuola primaria ""m.t. di calcutta"" serravalle";https://www.vivoscuola.it/content/view/full/29423
https://www.vivoscuola.it/content/view/full/29421;"scuola secondaria di primo grado ""c. battisti"" ala";https://www.vivoscuola.it/content/view/full/29424
https://www.vivoscuola.it/content/view/full/29841;istituto tecnico per il settore economico;https://www.vivoscuola.it/content/view/full/29842
https://www.vivoscuola.it/content/view/full/29841;istituto tecnico per il settore economico serale;https://www.vivoscuola.it/content/view/full/29843
https://www.vivoscuola.it/content/view/full/29841;istituto tecnico per il settore tecnologico;https://www.vivoscuola.it/content/view/full/29844
https://www.vivoscuola.it/content/view/full/29841;istituto tecnico per il settore tecnologico serale;https://www.vivoscuola.it/content/view/full/29845
https://www.vivoscuola.it/content/view/full/29790;educazione per adulti relativa al primo ciclo;https://www.vivoscuola.it/content/view/full/29791
https://www.vivoscuola.it/content/view/full/29790;istituto tecnico per il settore economico - levico;https://www.vivoscuola.it/content/view/full/29792
https://www.vivoscuola.it/content/view/full/29790;istituto tecnico per il settore economico - pergine;https://www.vivoscuola.it/content/view/full/29793
https://www.vivoscuola.it/content/view/full/29790;istituto tecnico per il settore economico serale;https://www.vivoscuola.it/content/view/full/29794
https://www.vivoscuola.it/content/view/full/29790;istituto tecnico per il settore tecnologico;https://www.vivoscuola.it/content/view/full/29795
https://www.vivoscuola.it/content/view/full/29790;istituto tecnico per il settore tecnologico serale;https://www.vivoscuola.it/content/view/full/29796
https://www.vivoscuola.it/content/view/full/29790;liceo delle scienze umane;https://www.vivoscuola.it/content/view/full/29797
https://www.vivoscuola.it/content/view/full/29790;liceo delle scienze umane opzione economico sociale;https://www.vivoscuola.it/content/view/full/29798
https://www.vivoscuola.it/content/view/full/29790;liceo linguistico;https://www.vivoscuola.it/content/view/full/29799
https://www.vivoscuola.it/content/view/full/29790;liceo scientifico;https://www.vivoscuola.it/content/view/full/29800
https://www.vivoscuola.it/content/view/full/29790;liceo del made in italy;https://www.vivoscuola.it/content/view/full/439665
https://www.vivoscuola.it/content/view/full/29949;scuola dell'infanzia di calceranica;https://www.vivoscuola.it/content/view/full/29950
https://www.vivoscuola.it/content/view/full/29927;scuola dell'infanzia di albiano;https://www.vivoscuola.it/content/view/full/29928
https://www.vivoscuola.it/content/view/full/30013;scuola dell'infanzia di ischia di pergine;https://www.vivoscuola.it/content/view/full/30014
https://www.vivoscuola.it/content/view/full/30009;scuola dell'infanzia di ghiaie di gardolo;https://www.vivoscuola.it/content/view/full/30010
https://www.vivoscuola.it/content/view/full/30191;"scuola dell'infanzia di trento ""s. antonio odv""";https://www.vivoscuola.it/content/view/full/30192
https://www.vivoscuola.it/content/view/full/63288;scuola primaria brentonico;https://www.vivoscuola.it/content/view/full/63289
https://www.vivoscuola.it/content/view/full/63288;scuola secondaria di primo grado brentonico;https://www.vivoscuola.it/content/view/full/65577
https://www.vivoscuola.it/content/view/full/29257;capes - settore servizi;https://www.vivoscuola.it/content/view/full/170195
https://www.vivoscuola.it/content/view/full/29257;settore industria e artigianato;https://www.vivoscuola.it/content/view/full/29258
https://www.vivoscuola.it/content/view/full/29257;settore servizi;https://www.vivoscuola.it/content/view/full/29259
https://www.vivoscuola.it/content/view/full/30019;scuola dell'infanzia di lodrone odv;https://www.vivoscuola.it/content/view/full/30020
https://www.vivoscuola.it/content/view/full/29835;educazione per adulti relativa al primo ciclo;https://www.vivoscuola.it/content/view/full/29836
https://www.vivoscuola.it/content/view/full/29835;istituto tecnico per il settore economico;https://www.vivoscuola.it/content/view/full/29837
https://www.vivoscuola.it/content/view/full/29835;istituto tecnico per il settore economico serale;https://www.vivoscuola.it/content/view/full/29838
https://www.vivoscuola.it/content/view/full/29835;istituto tecnico per il settore tecnologico;https://www.vivoscuola.it/content/view/full/29839
https://www.vivoscuola.it/content/view/full/29835;istituto tecnico per il settore tecnologico serale;https://www.vivoscuola.it/content/view/full/29840
https://www.vivoscuola.it/content/view/full/30131;scuola dell'infanzia di sarche;https://www.vivoscuola.it/content/view/full/30132
https://www.vivoscuola.it/content/view/full/29384;scuola dell'infanzia di bezzecca - a. cis;https://www.vivoscuola.it/content/view/full/29385
https://www.vivoscuola.it/content/view/full/29384;"scuola dell'infanzia di darzo ""l'albero delle castagne""";https://www.vivoscuola.it/content/view/full/29387
https://www.vivoscuola.it/content/view/full/29384;scuola dell'infanzia di dro;https://www.vivoscuola.it/content/view/full/29388
https://www.vivoscuola.it/content/view/full/29384;scuola dell'infanzia di preore;https://www.vivoscuola.it/content/view/full/29389
https://www.vivoscuola.it/content/view/full/29384;"scuola dell'infanzia di riva  ""rione 2 giugno""";https://www.vivoscuola.it/content/view/full/29390
https://www.vivoscuola.it/content/view/full/29384;scuola dell'infanzia di romarzollo;https://www.vivoscuola.it/content/view/full/29391
https://www.vivoscuola.it/content/view/full/29384;scuola dell'infanzia di tiarno di sopra;https://www.vivoscuola.it/content/view/full/29392
https://www.vivoscuola.it/content/view/full/29384;scuola dell'infanzia di zuclo bolbeno;https://www.vivoscuola.it/content/view/full/29393
https://www.vivoscuola.it/content/view/full/30085;scuola dell'infanzia di pinzolo;https://www.vivoscuola.it/content/view/full/30086
https://www.vivoscuola.it/content/view/full/29637;"scuola primaria ""f. cavallin"" vallarsa raossi";https://www.vivoscuola.it/content/view/full/29638
https://www.vivoscuola.it/content/view/full/29637;"scuola primaria ""n. valduga"" terragnolo";https://www.vivoscuola.it/content/view/full/29639
https://www.vivoscuola.it/content/view/full/29637;"scuola primaria ""regina elena"" rovereto";https://www.vivoscuola.it/content/view/full/29640
https://www.vivoscuola.it/content/view/full/29637;scuola primaria moscheri trambileno;https://www.vivoscuola.it/content/view/full/29641
https://www.vivoscuola.it/content/view/full/29637;"scuola secondaria di primo grado ""d. chiesa"" rovereto";https://www.vivoscuola.it/content/view/full/29642
https://www.vivoscuola.it/content/view/full/29450;"scuola primaria ""g. segantini"" arco";https://www.vivoscuola.it/content/view/full/29451
https://www.vivoscuola.it/content/view/full/29450;scuola primaria bolognano;https://www.vivoscuola.it/content/view/full/29452
https://www.vivoscuola.it/content/view/full/29450;scuola primaria massone;https://www.vivoscuola.it/content/view/full/29453
https://www.vivoscuola.it/content/view/full/29450;scuola primaria romarzollo;https://www.vivoscuola.it/content/view/full/29454
https://www.vivoscuola.it/content/view/full/29450;"scuola secondaria di primo grado ""n. d'arco"" arco";https://www.vivoscuola.it/content/view/full/29455
https://www.vivoscuola.it/content/view/full/30155;scuola dell'infanzia di storo;https://www.vivoscuola.it/content/view/full/30156
https://www.vivoscuola.it/content/view/full/30055;scuola dell'infanzia di montesover;https://www.vivoscuola.it/content/view/full/30056
https://www.vivoscuola.it/content/view/full/92009;"scuola dell'infanzia di trento ""sacro cuore odv""";https://www.vivoscuola.it/content/view/full/92010
https://www.vivoscuola.it/content/view/full/30215;scuola dell'infanzia di vigo di ton;https://www.vivoscuola.it/content/view/full/30216
https://www.vivoscuola.it/content/view/full/30075;"scuola dell'infanzia di pergine  ""g.b. chimelli""";https://www.vivoscuola.it/content/view/full/30076
https://www.vivoscuola.it/content/view/full/29900;liceo scientifico;https://www.vivoscuola.it/content/view/full/29901
https://www.vivoscuola.it/content/view/full/29900;liceo scientifico opzione scienze applicate;https://www.vivoscuola.it/content/view/full/29902
https://www.vivoscuola.it/content/view/full/29339;"scuola dell'infanzia di trento  ""crosina sartori""";https://www.vivoscuola.it/content/view/full/29340
https://www.vivoscuola.it/content/view/full/29339;"scuola dell'infanzia di trento  ""gianni rodari""";https://www.vivoscuola.it/content/view/full/29341
https://www.vivoscuola.it/content/view/full/29339;"scuola dell'infanzia di trento  povo ""m.c. conotter""";https://www.vivoscuola.it/content/view/full/29342
https://www.vivoscuola.it/content/view/full/29339;"scuola dell'infanzia di trento villazzano 3 ""l'officina degli gnomi""";https://www.vivoscuola.it/content/view/full/29343
https://www.vivoscuola.it/content/view/full/29339;"scuola dell'infanzia di trento clarina   ""piccolo mondo""";https://www.vivoscuola.it/content/view/full/29344
https://www.vivoscuola.it/content/view/full/29339;"scuola dell'infanzia di trento cristo re ""piccolo principe""";https://www.vivoscuola.it/content/view/full/29345
https://www.vivoscuola.it/content/view/full/29339;"scuola dell'infanzia di trento madonna bianca ""l'albero del sole""";https://www.vivoscuola.it/content/view/full/29346
https://www.vivoscuola.it/content/view/full/29339;scuola dell'infanzia di trento s.martino;https://www.vivoscuola.it/content/view/full/29347
https://www.vivoscuola.it/content/view/full/29511;"scuola primaria ""a. girardi"" fornace";https://www.vivoscuola.it/content/view/full/29512
https://www.vivoscuola.it/content/view/full/29511;"scuola primaria ""g. b. borsieri"" civezzano";https://www.vivoscuola.it/content/view/full/29513
https://www.vivoscuola.it/content/view/full/29511;scuola primaria albiano;https://www.vivoscuola.it/content/view/full/29514
https://www.vivoscuola.it/content/view/full/29511;scuola primaria seregnano civezzano;https://www.vivoscuola.it/content/view/full/29515
https://www.vivoscuola.it/content/view/full/29511;"scuola secondaria di primo grado ""g. alessandrini"" civezzano";https://www.vivoscuola.it/content/view/full/29516
https://www.vivoscuola.it/content/view/full/29511;scuola secondaria di primo grado albiano;https://www.vivoscuola.it/content/view/full/29517
https://www.vivoscuola.it/content/view/full/29896;liceo classico;https://www.vivoscuola.it/content/view/full/29897
https://www.vivoscuola.it/content/view/full/30145;scuola dell'infanzia di smarano;https://www.vivoscuola.it/content/view/full/30146
https://www.vivoscuola.it/content/view/full/30153;scuola dell'infanzia di stenico;https://www.vivoscuola.it/content/view/full/30154
https://www.vivoscuola.it/content/view/full/29274;capes - settore servizi;https://www.vivoscuola.it/content/view/full/170202
https://www.vivoscuola.it/content/view/full/29274;settore servizi;https://www.vivoscuola.it/content/view/full/29275
https://www.vivoscuola.it/content/view/full/30157;scuola dell'infanzia di strigno;https://www.vivoscuola.it/content/view/full/30158
https://www.vivoscuola.it/content/view/full/30207;scuola dell'infanzia di vigo cavedine;https://www.vivoscuola.it/content/view/full/30208
https://www.vivoscuola.it/content/view/full/30167;scuola dell'infanzia di tesero;https://www.vivoscuola.it/content/view/full/30168
https://www.vivoscuola.it/content/view/full/30099;"scuola dell'infanzia di ranzo ""amici scuola infanzia di ranzo odv""";https://www.vivoscuola.it/content/view/full/30100
https://www.vivoscuola.it/content/view/full/29858;settore industria e artigianato;https://www.vivoscuola.it/content/view/full/122612
https://www.vivoscuola.it/content/view/full/29858;capes - settore servizi;https://www.vivoscuola.it/content/view/full/170208
https://www.vivoscuola.it/content/view/full/29858;settore servizi;https://www.vivoscuola.it/content/view/full/29859
https://www.vivoscuola.it/content/view/full/29858;settore servizi serale;https://www.vivoscuola.it/content/view/full/76225
https://www.vivoscuola.it/content/view/full/29412;istituto tecnico per il settore tecnologico;https://www.vivoscuola.it/content/view/full/134612
https://www.vivoscuola.it/content/view/full/29412;istituto tecnico per il settore economico;https://www.vivoscuola.it/content/view/full/29413
https://www.vivoscuola.it/content/view/full/29412;liceo scientifico opzione scienze applicate;https://www.vivoscuola.it/content/view/full/29414
https://www.vivoscuola.it/content/view/full/29412;scuola primaria gardascuola arco;https://www.vivoscuola.it/content/view/full/29415
https://www.vivoscuola.it/content/view/full/29412;scuola secondaria di primo grado gardascuola arco;https://www.vivoscuola.it/content/view/full/29416
https://www.vivoscuola.it/content/view/full/30103;"scuola dell'infanzia di riva  ""degasperi""";https://www.vivoscuola.it/content/view/full/30104
https://www.vivoscuola.it/content/view/full/30119;"scuola dell'infanzia di rovereto ""rosmini""";https://www.vivoscuola.it/content/view/full/30120
https://www.vivoscuola.it/content/view/full/29523;"scuola primaria ""g. papaleoni"" condino";https://www.vivoscuola.it/content/view/full/29524
https://www.vivoscuola.it/content/view/full/29523;"scuola primaria ""padre c. gnesotti"" storo";https://www.vivoscuola.it/content/view/full/29525
https://www.vivoscuola.it/content/view/full/29523;scuola primaria pieve di bono - creto;https://www.vivoscuola.it/content/view/full/29526
https://www.vivoscuola.it/content/view/full/29523;scuola primaria storo - lodrone;https://www.vivoscuola.it/content/view/full/29527
https://www.vivoscuola.it/content/view/full/29523;"scuola secondaria di primo grado ""g. leopardi"" storo";https://www.vivoscuola.it/content/view/full/29528
https://www.vivoscuola.it/content/view/full/29523;"scuola secondaria di primo grado ""g. pascoli"" pieve di bono";https://www.vivoscuola.it/content/view/full/29529
https://www.vivoscuola.it/content/view/full/29288;scuola dell'infanzia di daiano-varena;https://www.vivoscuola.it/content/view/full/180180
https://www.vivoscuola.it/content/view/full/29288;scuola dell'infanzia di baselga di piné;https://www.vivoscuola.it/content/view/full/29289
https://www.vivoscuola.it/content/view/full/29288;"scuola dell'infanzia di capriana ""maddalena lazzeri""";https://www.vivoscuola.it/content/view/full/29290
https://www.vivoscuola.it/content/view/full/29288;scuola dell'infanzia di casatta;https://www.vivoscuola.it/content/view/full/29291
https://www.vivoscuola.it/content/view/full/29288;scuola dell'infanzia di civezzano;https://www.vivoscuola.it/content/view/full/29292
https://www.vivoscuola.it/content/view/full/29288;"scuola dell'infanzia di fierozzo ""himblring""";https://www.vivoscuola.it/content/view/full/29294
https://www.vivoscuola.it/content/view/full/29288;scuola dell'infanzia di miola di pinè;https://www.vivoscuola.it/content/view/full/29295
https://www.vivoscuola.it/content/view/full/29288;scuola dell'infanzia di molina di fiemme;https://www.vivoscuola.it/content/view/full/29296
https://www.vivoscuola.it/content/view/full/29288;scuola dell'infanzia di piazze;https://www.vivoscuola.it/content/view/full/29297
https://www.vivoscuola.it/content/view/full/29288;"scuola dell'infanzia di rizzolaga di pinè ""raggio di sole""";https://www.vivoscuola.it/content/view/full/29298
https://www.vivoscuola.it/content/view/full/29288;"scuola dell'infanzia di s. orsola ""il girotondo""";https://www.vivoscuola.it/content/view/full/29299
https://www.vivoscuola.it/content/view/full/29288;"scuola dell'infanzia di seregnano ""arcobaleno""";https://www.vivoscuola.it/content/view/full/29300
https://www.vivoscuola.it/content/view/full/30159;scuola dell'infanzia di susà;https://www.vivoscuola.it/content/view/full/30160
https://www.vivoscuola.it/content/view/full/29237;liceo linguistico arcivescovile dame inglesi - rovereto;https://www.vivoscuola.it/content/view/full/29238
https://www.vivoscuola.it/content/view/full/29237;scuola primaria arcivescovile dame inglesi rovereto;https://www.vivoscuola.it/content/view/full/29239
https://www.vivoscuola.it/content/view/full/29237;scuola secondaria di primo grado arcivescovile dame inglesi rovereto;https://www.vivoscuola.it/content/view/full/29240
https://www.vivoscuola.it/content/view/full/30169;scuola dell'infanzia di tezze valsugana;https://www.vivoscuola.it/content/view/full/30170
https://www.vivoscuola.it/content/view/full/30107;scuola dell'infanzia di roncegno;https://www.vivoscuola.it/content/view/full/30108
https://www.vivoscuola.it/content/view/full/29311;scuola dell'infanzia di castelfondo;https://www.vivoscuola.it/content/view/full/29312
https://www.vivoscuola.it/content/view/full/29311;"scuola dell'infanzia di cavareno ""peter pan""";https://www.vivoscuola.it/content/view/full/29313
https://www.vivoscuola.it/content/view/full/29311;scuola dell'infanzia di cogolo;https://www.vivoscuola.it/content/view/full/29314
https://www.vivoscuola.it/content/view/full/29311;"scuola dell'infanzia di livo ""battito d'ali""";https://www.vivoscuola.it/content/view/full/29315
https://www.vivoscuola.it/content/view/full/29311;"scuola dell'infanzia di mezzana ""a. ravelli""";https://www.vivoscuola.it/content/view/full/29316
https://www.vivoscuola.it/content/view/full/29311;scuola dell'infanzia di mione rumo;https://www.vivoscuola.it/content/view/full/29317
https://www.vivoscuola.it/content/view/full/29311;scuola dell'infanzia di monclassico;https://www.vivoscuola.it/content/view/full/29318
https://www.vivoscuola.it/content/view/full/29311;"scuola dell'infanzia di pellizzano ""antonio bontempelli""";https://www.vivoscuola.it/content/view/full/29320
https://www.vivoscuola.it/content/view/full/29311;scuola dell'infanzia di rabbi;https://www.vivoscuola.it/content/view/full/29321
https://www.vivoscuola.it/content/view/full/29311;"scuola dell'infanzia di romeno  ""città della gioia""";https://www.vivoscuola.it/content/view/full/29322
https://www.vivoscuola.it/content/view/full/29311;scuola dell'infanzia di ruffrè;https://www.vivoscuola.it/content/view/full/29323
https://www.vivoscuola.it/content/view/full/29311;"scuola dell'infanzia di sarnonico ""giardino dei sogni""";https://www.vivoscuola.it/content/view/full/29324
https://www.vivoscuola.it/content/view/full/29311;"scuola dell'infanzia di terzolas ""caterina graifenberg""";https://www.vivoscuola.it/content/view/full/29325
https://www.vivoscuola.it/content/view/full/30077;scuola dell'infanzia di pietramurata;https://www.vivoscuola.it/content/view/full/30078
https://www.vivoscuola.it/content/view/full/30073;scuola dell'infanzia di pedersano;https://www.vivoscuola.it/content/view/full/30074
https://www.vivoscuola.it/content/view/full/30031;scuola dell'infanzia di marter;https://www.vivoscuola.it/content/view/full/30032
https://www.vivoscuola.it/content/view/full/29979;scuola dell'infanzia di cloz e brez;https://www.vivoscuola.it/content/view/full/29980
https://www.vivoscuola.it/content/view/full/30139;scuola dell'infanzia di serravalle;https://www.vivoscuola.it/content/view/full/30140
https://www.vivoscuola.it/content/view/full/29881;educazione per adulti relativa al primo ciclo;https://www.vivoscuola.it/content/view/full/29882
https://www.vivoscuola.it/content/view/full/29881;liceo delle scienze umane;https://www.vivoscuola.it/content/view/full/29883
https://www.vivoscuola.it/content/view/full/29881;liceo delle scienze umane opzione economico sociale;https://www.vivoscuola.it/content/view/full/29884
https://www.vivoscuola.it/content/view/full/29881;liceo delle scienze umane opzione economico sociale serale;https://www.vivoscuola.it/content/view/full/29885
https://www.vivoscuola.it/content/view/full/29881;liceo del made in italy;https://www.vivoscuola.it/content/view/full/439667
https://www.vivoscuola.it/content/view/full/29881;cc educazione adulti alberghiero;https://www.vivoscuola.it/content/view/full/457154
https://www.vivoscuola.it/content/view/full/29881;cc educazione adulti secondo ciclo les;https://www.vivoscuola.it/content/view/full/457155
https://www.vivoscuola.it/content/view/full/29931;scuola dell'infanzia di andalo;https://www.vivoscuola.it/content/view/full/29932
https://www.vivoscuola.it/content/view/full/30187;scuola dell'infanzia di trento  s. bartolomeo;https://www.vivoscuola.it/content/view/full/30188
https://www.vivoscuola.it/content/view/full/30127;scuola dell'infanzia di sabbionara;https://www.vivoscuola.it/content/view/full/30128
https://www.vivoscuola.it/content/view/full/29876;liceo classico;https://www.vivoscuola.it/content/view/full/29877
https://www.vivoscuola.it/content/view/full/29876;liceo linguistico;https://www.vivoscuola.it/content/view/full/29878
https://www.vivoscuola.it/content/view/full/29876;liceo scientifico;https://www.vivoscuola.it/content/view/full/29879
https://www.vivoscuola.it/content/view/full/29876;liceo scientifico opzione scienze applicate;https://www.vivoscuola.it/content/view/full/29880
https://www.vivoscuola.it/content/view/full/61887;"scuola dell'infanzia di tione di trento ""don giovanni failoni""";https://www.vivoscuola.it/content/view/full/61888
https://www.vivoscuola.it/content/view/full/30051;scuola dell'infanzia di mollaro;https://www.vivoscuola.it/content/view/full/30052
https://www.vivoscuola.it/content/view/full/30041;scuola dell'infanzia di mezzano;https://www.vivoscuola.it/content/view/full/30042
https://www.vivoscuola.it/content/view/full/30149;scuola dell'infanzia di spiazzo rendena;https://www.vivoscuola.it/content/view/full/30150
https://www.vivoscuola.it/content/view/full/29600;scuola primaria mori;https://www.vivoscuola.it/content/view/full/29602
https://www.vivoscuola.it/content/view/full/29600;scuola primaria ronzo chienis;https://www.vivoscuola.it/content/view/full/29603
https://www.vivoscuola.it/content/view/full/29600;"scuola secondaria di primo grado ""b. malfatti"" mori";https://www.vivoscuola.it/content/view/full/29604
https://www.vivoscuola.it/content/view/full/29965;scuola dell'infanzia di castello di fiemme;https://www.vivoscuola.it/content/view/full/29966
https://www.vivoscuola.it/content/view/full/30029;"scuola dell'infanzia di marco-rovereto ""g. e a. rosmini-serbati odv""";https://www.vivoscuola.it/content/view/full/30030
https://www.vivoscuola.it/content/view/full/30125;scuola dell'infanzia di s. margherita di ala;https://www.vivoscuola.it/content/view/full/30126
https://www.vivoscuola.it/content/view/full/30209;scuola dell'infanzia di vigo cortesano;https://www.vivoscuola.it/content/view/full/30210
https://www.vivoscuola.it/content/view/full/30017;"scuola dell'infanzia di lizzanella ""asilo infantile di lizzanella odv""";https://www.vivoscuola.it/content/view/full/30018
https://www.vivoscuola.it/content/view/full/29993;scuola dell'infanzia di denno;https://www.vivoscuola.it/content/view/full/29994
https://www.vivoscuola.it/content/view/full/29265;capes - settore industria e artigianato;https://www.vivoscuola.it/content/view/full/170199
https://www.vivoscuola.it/content/view/full/29265;settore industria e artigianato;https://www.vivoscuola.it/content/view/full/29266
https://www.vivoscuola.it/content/view/full/29265;settore industria e artigianato serale;https://www.vivoscuola.it/content/view/full/29267
https://www.vivoscuola.it/content/view/full/29961;scuola dell'infanzia di casez;https://www.vivoscuola.it/content/view/full/29962
https://www.vivoscuola.it/content/view/full/30201;scuola dell'infanzia di varone;https://www.vivoscuola.it/content/view/full/30202
https://www.vivoscuola.it/content/view/full/29280;capes - settore servizi;https://www.vivoscuola.it/content/view/full/170204
https://www.vivoscuola.it/content/view/full/29280;settore servizi;https://www.vivoscuola.it/content/view/full/29281
https://www.vivoscuola.it/content/view/full/30033;scuola dell'infanzia di martignano;https://www.vivoscuola.it/content/view/full/30034
https://www.vivoscuola.it/content/view/full/29227;asilo colle fiorito;https://www.vivoscuola.it/content/view/full/29228
https://www.vivoscuola.it/content/view/full/29272;capes - settore industria e artigianato;https://www.vivoscuola.it/content/view/full/170201
https://www.vivoscuola.it/content/view/full/29272;settore industria e artigianato;https://www.vivoscuola.it/content/view/full/29273
https://www.vivoscuola.it/content/view/full/29606;"scuola primaria ""don l. milani"" pergine valsugana";https://www.vivoscuola.it/content/view/full/29607
https://www.vivoscuola.it/content/view/full/29606;scuola primaria canezza;https://www.vivoscuola.it/content/view/full/29608
https://www.vivoscuola.it/content/view/full/29606;scuola primaria s.felice fierozzo;https://www.vivoscuola.it/content/view/full/29609
https://www.vivoscuola.it/content/view/full/29606;scuola primaria sant'orsola;https://www.vivoscuola.it/content/view/full/29610
https://www.vivoscuola.it/content/view/full/29606;scuola primaria zivignago;https://www.vivoscuola.it/content/view/full/29611
https://www.vivoscuola.it/content/view/full/29606;"scuola secondaria di primo grado ""c. andreatta"" pergine valsugana";https://www.vivoscuola.it/content/view/full/29612
https://www.vivoscuola.it/content/view/full/30219;scuola dell'infanzia di villamontagna;https://www.vivoscuola.it/content/view/full/30220
https://www.vivoscuola.it/content/view/full/29918;istituto professionale per il settore dei servizi;https://www.vivoscuola.it/content/view/full/29919
https://www.vivoscuola.it/content/view/full/29918;istituto tecnico per il settore economico;https://www.vivoscuola.it/content/view/full/29920
https://www.vivoscuola.it/content/view/full/29918;istituto tecnico per il settore tecnologico;https://www.vivoscuola.it/content/view/full/29921
https://www.vivoscuola.it/content/view/full/29918;settore servizi;https://www.vivoscuola.it/content/view/full/29922
https://www.vivoscuola.it/content/view/full/29973;scuola dell'infanzia di cembra;https://www.vivoscuola.it/content/view/full/29974
https://www.vivoscuola.it/content/view/full/29643;"scuola primaria ""d. chiesa"" noriglio";https://www.vivoscuola.it/content/view/full/29644
https://www.vivoscuola.it/content/view/full/29643;"scuola primaria ""m. k. gandhi"" rovereto";https://www.vivoscuola.it/content/view/full/29645
https://www.vivoscuola.it/content/view/full/29643;"scuola secondaria di primo grado ""l. negrelli"" rovereto";https://www.vivoscuola.it/content/view/full/29646
https://www.vivoscuola.it/content/view/full/30193;"scuola dell'infanzia di trento cognola ""b. kofler""";https://www.vivoscuola.it/content/view/full/30194
https://www.vivoscuola.it/content/view/full/29613;"scuola primaria ""g. rodari"" pergine valsugana";https://www.vivoscuola.it/content/view/full/29614
https://www.vivoscuola.it/content/view/full/29613;scuola primaria canale;https://www.vivoscuola.it/content/view/full/29615
https://www.vivoscuola.it/content/view/full/29613;scuola primaria madrano;https://www.vivoscuola.it/content/view/full/29616
https://www.vivoscuola.it/content/view/full/29613;scuola primaria susa';https://www.vivoscuola.it/content/view/full/29617
https://www.vivoscuola.it/content/view/full/29613;"scuola secondaria di primo grado ""t. garbari"" pergine valsugana";https://www.vivoscuola.it/content/view/full/29618
https://www.vivoscuola.it/content/view/full/30001;scuola dell'infanzia di fiera di primiero;https://www.vivoscuola.it/content/view/full/30002
https://www.vivoscuola.it/content/view/full/30171;scuola dell'infanzia di tonadico;https://www.vivoscuola.it/content/view/full/30172
https://www.vivoscuola.it/content/view/full/29302;scuola dell'infanzia di besenello;https://www.vivoscuola.it/content/view/full/29303
https://www.vivoscuola.it/content/view/full/29302;"scuola dell'infanzia di calliano ""matite colorate""";https://www.vivoscuola.it/content/view/full/29304
https://www.vivoscuola.it/content/view/full/29302;scuola dell'infanzia di isera;https://www.vivoscuola.it/content/view/full/29305
https://www.vivoscuola.it/content/view/full/29302;scuola dell'infanzia di nogaredo;https://www.vivoscuola.it/content/view/full/29306
https://www.vivoscuola.it/content/view/full/29302;"scuola dell'infanzia di pomarolo  ""don rainoldi""";https://www.vivoscuola.it/content/view/full/29307
https://www.vivoscuola.it/content/view/full/29302;"scuola dell'infanzia di rovereto  s.ilario ""amici della scuola""";https://www.vivoscuola.it/content/view/full/29308
https://www.vivoscuola.it/content/view/full/29302;scuola dell'infanzia di rovereto brione;https://www.vivoscuola.it/content/view/full/29309
https://www.vivoscuola.it/content/view/full/29302;"scuola dell'infanzia di rovereto rione nord ""mille colori""";https://www.vivoscuola.it/content/view/full/29310
https://www.vivoscuola.it/content/view/full/29923;"scuola dell'infanzia di breguzzo - bondo  ""giuseppina bonazza odv""";https://www.vivoscuola.it/content/view/full/29924
https://www.vivoscuola.it/content/view/full/30109;scuola dell'infanzia di ronchi valsugana;https://www.vivoscuola.it/content/view/full/30110
https://www.vivoscuola.it/content/view/full/29711;"scuola primaria ""e. de carli"" meano";https://www.vivoscuola.it/content/view/full/29712
https://www.vivoscuola.it/content/view/full/29711;"scuola primaria ""i. calvino"" vigo meano";https://www.vivoscuola.it/content/view/full/29713
https://www.vivoscuola.it/content/view/full/29711;"scuola primaria ""pigarelli"" gardolo trento";https://www.vivoscuola.it/content/view/full/29714
https://www.vivoscuola.it/content/view/full/29711;"scuola primaria ""s. anna"" gardolo trento";https://www.vivoscuola.it/content/view/full/29715
https://www.vivoscuola.it/content/view/full/29711;"scuola secondaria di primo grado ""s. pedrolli"" gardolo trento";https://www.vivoscuola.it/content/view/full/29716
https://www.vivoscuola.it/content/view/full/29584;"scuola primaria ""a. degasperi"" mezzocorona";https://www.vivoscuola.it/content/view/full/29585
https://www.vivoscuola.it/content/view/full/29584;"scuola primaria ""f. biasi"" s.michele all'adige";https://www.vivoscuola.it/content/view/full/29586
https://www.vivoscuola.it/content/view/full/29584;"scuola primaria ""f.lli bronzetti"" rovere' della luna";https://www.vivoscuola.it/content/view/full/29587
https://www.vivoscuola.it/content/view/full/29584;scuola primaria grumo;https://www.vivoscuola.it/content/view/full/29588
https://www.vivoscuola.it/content/view/full/29584;"scuola secondaria di primo grado ""e. chini"" mezzocorona";https://www.vivoscuola.it/content/view/full/29589
https://www.vivoscuola.it/content/view/full/29904;liceo scientifico;https://www.vivoscuola.it/content/view/full/29905
https://www.vivoscuola.it/content/view/full/29904;liceo scientifico opzione scienze applicate;https://www.vivoscuola.it/content/view/full/29906
https://www.vivoscuola.it/content/view/full/92005;scuola dell'infanzia di cavalese;https://www.vivoscuola.it/content/view/full/92006
https://www.vivoscuola.it/content/view/full/30003;scuola dell'infanzia di fondo;https://www.vivoscuola.it/content/view/full/30004
https://www.vivoscuola.it/content/view/full/29846;educazione per adulti relativa al primo ciclo;https://www.vivoscuola.it/content/view/full/29847
https://www.vivoscuola.it/content/view/full/29846;istituto tecnico per il settore economico;https://www.vivoscuola.it/content/view/full/29848
https://www.vivoscuola.it/content/view/full/29846;istituto tecnico per il settore economico serale;https://www.vivoscuola.it/content/view/full/29849
https://www.vivoscuola.it/content/view/full/29846;istituto tecnico per il settore tecnologico;https://www.vivoscuola.it/content/view/full/29850
https://www.vivoscuola.it/content/view/full/29846;istituto tecnico per il settore tecnologico serale;https://www.vivoscuola.it/content/view/full/29851
https://www.vivoscuola.it/content/view/full/29253;settore industria e artigianato;https://www.vivoscuola.it/content/view/full/29254
https://www.vivoscuola.it/content/view/full/29861;capes - settore servizi;https://www.vivoscuola.it/content/view/full/170209
https://www.vivoscuola.it/content/view/full/29861;settore servizi;https://www.vivoscuola.it/content/view/full/29862
https://www.vivoscuola.it/content/view/full/29861;settore servizi serale;https://www.vivoscuola.it/content/view/full/29863
https://www.vivoscuola.it/content/view/full/29861;settore industria e artigianato;https://www.vivoscuola.it/content/view/full/92004
https://www.vivoscuola.it/content/view/full/30133;scuola dell'infanzia di scurelle;https://www.vivoscuola.it/content/view/full/30134
https://www.vivoscuola.it/content/view/full/29417;capes - settore industria e artigianato;https://www.vivoscuola.it/content/view/full/170211
https://www.vivoscuola.it/content/view/full/29417;liceo scientifico opzione scienze applicate steam;https://www.vivoscuola.it/content/view/full/29418
https://www.vivoscuola.it/content/view/full/29417;settore industria e artigianato;https://www.vivoscuola.it/content/view/full/29419
https://www.vivoscuola.it/content/view/full/29417;settore industria e artigianato serale;https://www.vivoscuola.it/content/view/full/29420
https://www.vivoscuola.it/content/view/full/30221;scuola dell'infanzia di villazzano;https://www.vivoscuola.it/content/view/full/30222
https://www.vivoscuola.it/content/view/full/29963;scuola dell'infanzia di castellano;https://www.vivoscuola.it/content/view/full/29964
https://www.vivoscuola.it/content/view/full/92007;scuola dell'infanzia di masi di cavalese;https://www.vivoscuola.it/content/view/full/92008
https://www.vivoscuola.it/content/view/full/29326;"scuola dell'infanzia di caldonazzo ""maria bambina""";https://www.vivoscuola.it/content/view/full/180181
https://www.vivoscuola.it/content/view/full/29326;scuola dell'infanzia di bieno;https://www.vivoscuola.it/content/view/full/29327
https://www.vivoscuola.it/content/view/full/29326;scuola dell'infanzia di bosentino;https://www.vivoscuola.it/content/view/full/29328
https://www.vivoscuola.it/content/view/full/29326;"scuola dell'infanzia di canal san bovo ""lausen""";https://www.vivoscuola.it/content/view/full/29329
https://www.vivoscuola.it/content/view/full/29326;scuola dell'infanzia di castello tesino;https://www.vivoscuola.it/content/view/full/29330
https://www.vivoscuola.it/content/view/full/29326;scuola dell'infanzia di centa san nicolò;https://www.vivoscuola.it/content/view/full/29331
https://www.vivoscuola.it/content/view/full/29326;scuola dell'infanzia di imer;https://www.vivoscuola.it/content/view/full/29332
https://www.vivoscuola.it/content/view/full/29326;"scuola dell'infanzia di levico terme ""taita marcos""";https://www.vivoscuola.it/content/view/full/29333
https://www.vivoscuola.it/content/view/full/29326;"scuola dell'infanzia di novaledo ""don evaristo forrer""";https://www.vivoscuola.it/content/view/full/29334
https://www.vivoscuola.it/content/view/full/29326;"scuola dell'infanzia di tenna ""il sentiero""";https://www.vivoscuola.it/content/view/full/29335
https://www.vivoscuola.it/content/view/full/29326;scuola dell'infanzia di vattaro;https://www.vivoscuola.it/content/view/full/29336
https://www.vivoscuola.it/content/view/full/29326;"scuola dell'infanzia di vigolo vattaro ""giardino dell'amicizia""";https://www.vivoscuola.it/content/view/full/29337
https://www.vivoscuola.it/content/view/full/29326;"scuola dell'infanzia di villa agnedo ""natale alpino""";https://www.vivoscuola.it/content/view/full/29338
https://www.vivoscuola.it/content/view/full/30047;scuola dell'infanzia di moena;https://www.vivoscuola.it/content/view/full/30048
https://www.vivoscuola.it/content/view/full/29907;liceo artistico;https://www.vivoscuola.it/content/view/full/29908
https://www.vivoscuola.it/content/view/full/29907;liceo ladino delle lingue;https://www.vivoscuola.it/content/view/full/29909
https://www.vivoscuola.it/content/view/full/29907;liceo scientifico;https://www.vivoscuola.it/content/view/full/29910
https://www.vivoscuola.it/content/view/full/29907;"scuola primaria ""don g. b. massar"" vigo di fassa";https://www.vivoscuola.it/content/view/full/29911
https://www.vivoscuola.it/content/view/full/29907;"scuola primaria ""don l. gross"" pozza di fassa";https://www.vivoscuola.it/content/view/full/29912
https://www.vivoscuola.it/content/view/full/29907;"scuola primaria ""g. rizzi"" canazei";https://www.vivoscuola.it/content/view/full/29913
https://www.vivoscuola.it/content/view/full/29907;"scuola primaria ""padre e. chiocchetti"" moena";https://www.vivoscuola.it/content/view/full/29914
https://www.vivoscuola.it/content/view/full/29907;"scuola secondaria di primo grado ""don g. jori"" moena";https://www.vivoscuola.it/content/view/full/29915
https://www.vivoscuola.it/content/view/full/29907;"scuola secondaria di primo grado ""t. soraruf"" campitello di fassa";https://www.vivoscuola.it/content/view/full/29916
https://www.vivoscuola.it/content/view/full/29907;scuola secondaria di primo grado pozza di fassa;https://www.vivoscuola.it/content/view/full/29917
https://www.vivoscuola.it/content/view/full/29675;"scuola primaria ""g. a. tomasi"" villazzano";https://www.vivoscuola.it/content/view/full/29676
https://www.vivoscuola.it/content/view/full/29675;"scuola primaria ""u. moggioli"" povo";https://www.vivoscuola.it/content/view/full/29677
https://www.vivoscuola.it/content/view/full/29675;"scuola secondaria di primo grado ""g. pascoli"" povo";https://www.vivoscuola.it/content/view/full/29678
https://www.vivoscuola.it/content/view/full/29518;"scuola primaria ""o.focherini m.marchesi"" mione rumo";https://www.vivoscuola.it/content/view/full/29519
https://www.vivoscuola.it/content/view/full/29518;scuola primaria cles;https://www.vivoscuola.it/content/view/full/29520
https://www.vivoscuola.it/content/view/full/29518;"scuola primaria ""chiara lubich"" livo";https://www.vivoscuola.it/content/view/full/29521
https://www.vivoscuola.it/content/view/full/29518;"scuola secondaria di primo grado ""v. inama"" cles";https://www.vivoscuola.it/content/view/full/29522
https://www.vivoscuola.it/content/view/full/30091;scuola dell'infanzia di pozza di trambileno;https://www.vivoscuola.it/content/view/full/30092
https://www.vivoscuola.it/content/view/full/29945;scuola dell'infanzia di borgo valsugana;https://www.vivoscuola.it/content/view/full/29946
https://www.vivoscuola.it/content/view/full/29561;"scuola primaria ""g. graffer"" stenico";https://www.vivoscuola.it/content/view/full/29562
https://www.vivoscuola.it/content/view/full/29561;"scuola primaria ""san g. bosco"" s.lorenzo in banale";https://www.vivoscuola.it/content/view/full/29563
https://www.vivoscuola.it/content/view/full/29561;scuola primaria campo lomaso;https://www.vivoscuola.it/content/view/full/29564
https://www.vivoscuola.it/content/view/full/29561;scuola primaria fiave';https://www.vivoscuola.it/content/view/full/29565
https://www.vivoscuola.it/content/view/full/29561;scuola primaria rango bleggio superiore;https://www.vivoscuola.it/content/view/full/29566
https://www.vivoscuola.it/content/view/full/29561;"scuola secondaria di primo grado ""g. prati"" ponte arche";https://www.vivoscuola.it/content/view/full/29567
https://www.vivoscuola.it/content/view/full/29941;scuola dell'infanzia di bondone;https://www.vivoscuola.it/content/view/full/29942
https://www.vivoscuola.it/content/view/full/30057;scuola dell'infanzia di mori;https://www.vivoscuola.it/content/view/full/30058
https://www.vivoscuola.it/content/view/full/30101;"scuola dell'infanzia di riva  ""giardino""";https://www.vivoscuola.it/content/view/full/30102
https://www.vivoscuola.it/content/view/full/30217;scuola dell'infanzia di villa lagarina;https://www.vivoscuola.it/content/view/full/30218
https://www.vivoscuola.it/content/view/full/30015;"scuola dell'infanzia di lavis  ""madre maddalena di canossa odv""";https://www.vivoscuola.it/content/view/full/30016
https://www.vivoscuola.it/content/view/full/29893;liceo delle scienze umane;https://www.vivoscuola.it/content/view/full/29894
https://www.vivoscuola.it/content/view/full/29893;liceo delle scienze umane opzione economico sociale;https://www.vivoscuola.it/content/view/full/29895
https://www.vivoscuola.it/content/view/full/29255;capes - settore servizi;https://www.vivoscuola.it/content/view/full/170194
https://www.vivoscuola.it/content/view/full/29255;settore servizi;https://www.vivoscuola.it/content/view/full/29256
https://www.vivoscuola.it/content/view/full/29445;"scuola primaria  ""abramo andreatta"" bedollo";https://www.vivoscuola.it/content/view/full/29446
https://www.vivoscuola.it/content/view/full/29445;"scuola primaria ""g. dallafior"" baselga di pine'";https://www.vivoscuola.it/content/view/full/29447
https://www.vivoscuola.it/content/view/full/29445;"scuola primaria ""g. verdi"" miola baselga di pine'";https://www.vivoscuola.it/content/view/full/29448
https://www.vivoscuola.it/content/view/full/29445;"scuola secondaria di primo grado ""don giuseppe tarter""baselga di pine'";https://www.vivoscuola.it/content/view/full/29449
https://www.vivoscuola.it/content/view/full/29991;"scuola dell'infanzia di daone ""asilo infantile di daone odv""";https://www.vivoscuola.it/content/view/full/29992
https://www.vivoscuola.it/content/view/full/29981;scuola dell'infanzia di condino;https://www.vivoscuola.it/content/view/full/29982
https://www.vivoscuola.it/content/view/full/29409;capes - settore agricoltura e ambiente;https://www.vivoscuola.it/content/view/full/170206
https://www.vivoscuola.it/content/view/full/29409;istituto tecnico per il settore tecnologico;https://www.vivoscuola.it/content/view/full/29410
https://www.vivoscuola.it/content/view/full/29409;settore agricoltura e ambiente;https://www.vivoscuola.it/content/view/full/29411
https://www.vivoscuola.it/content/view/full/29935;scuola dell'infanzia di avio;https://www.vivoscuola.it/content/view/full/29936
https://www.vivoscuola.it/content/view/full/30163;scuola dell'infanzia di telve;https://www.vivoscuola.it/content/view/full/30164
https://www.vivoscuola.it/content/view/full/30113;"scuola dell'infanzia di roncone  ""mario amistadi sciavina odv""";https://www.vivoscuola.it/content/view/full/30114
https://www.vivoscuola.it/content/view/full/29241;"scuola primaria ""la vela"" rovereto";https://www.vivoscuola.it/content/view/full/29242
https://www.vivoscuola.it/content/view/full/29241;"scuola secondaria di primo grado ""la vela"" rovereto";https://www.vivoscuola.it/content/view/full/29243
https://www.vivoscuola.it/content/view/full/29947;scuola dell'infanzia di brentonico;https://www.vivoscuola.it/content/view/full/29948
https://www.vivoscuola.it/content/view/full/29282;capes - settore servizi;https://www.vivoscuola.it/content/view/full/170205
https://www.vivoscuola.it/content/view/full/29282;settore servizi;https://www.vivoscuola.it/content/view/full/29283
https://www.vivoscuola.it/content/view/full/29282;settore servizi serale;https://www.vivoscuola.it/content/view/full/29284
https://www.vivoscuola.it/content/view/full/29502;"scuola primaria ""c. corradi"" novaledo";https://www.vivoscuola.it/content/view/full/29503
https://www.vivoscuola.it/content/view/full/29502;"scuola primaria ""p. martinelli"" roncegno terme";https://www.vivoscuola.it/content/view/full/29504
https://www.vivoscuola.it/content/view/full/29502;"scuola primaria ""t. v. gozzer"" castelnuovo";https://www.vivoscuola.it/content/view/full/29505
https://www.vivoscuola.it/content/view/full/29502;scuola primaria marter;https://www.vivoscuola.it/content/view/full/29506
https://www.vivoscuola.it/content/view/full/29502;scuola primaria telve;https://www.vivoscuola.it/content/view/full/29507
https://www.vivoscuola.it/content/view/full/29502;scuola primaria telve di sopra;https://www.vivoscuola.it/content/view/full/29508
https://www.vivoscuola.it/content/view/full/29502;"scuola secondaria di primo grado ""don l. milani"" telve";https://www.vivoscuola.it/content/view/full/29509
https://www.vivoscuola.it/content/view/full/29502;"scuola secondaria di primo grado ""m. pola"" roncegno terme";https://www.vivoscuola.it/content/view/full/29510
https://www.vivoscuola.it/content/view/full/29502;scuola primaria ronchi valsugana;https://www.vivoscuola.it/content/view/full/65578
https://www.vivoscuola.it/content/view/full/30021;scuola dell'infanzia di lona;https://www.vivoscuola.it/content/view/full/30022
https://www.vivoscuola.it/content/view/full/30063;scuola dell'infanzia di nomi;https://www.vivoscuola.it/content/view/full/30064
https://www.vivoscuola.it/content/view/full/29573;"scuola primaria ""a. frank"" zambana";https://www.vivoscuola.it/content/view/full/29574
https://www.vivoscuola.it/content/view/full/29573;"scuola primaria ""don g. grazioli"" lavis";https://www.vivoscuola.it/content/view/full/29575
https://www.vivoscuola.it/content/view/full/29573;scuola primaria pressano lavis;https://www.vivoscuola.it/content/view/full/29576
https://www.vivoscuola.it/content/view/full/29573;"scuola secondaria di primo grado ""a. stainer"" lavis";https://www.vivoscuola.it/content/view/full/29577
https://www.vivoscuola.it/content/view/full/30039;scuola dell'infanzia di mechel;https://www.vivoscuola.it/content/view/full/30040
https://www.vivoscuola.it/content/view/full/29929;scuola dell'infanzia di aldeno;https://www.vivoscuola.it/content/view/full/29930
https://www.vivoscuola.it/content/view/full/29530;istituto tecnico per il settore economico;https://www.vivoscuola.it/content/view/full/29531
https://www.vivoscuola.it/content/view/full/29530;istituto tecnico per il settore tecnologico;https://www.vivoscuola.it/content/view/full/29532
https://www.vivoscuola.it/content/view/full/29530;liceo scientifico opzione scienze applicate;https://www.vivoscuola.it/content/view/full/29534
https://www.vivoscuola.it/content/view/full/29530;"scuola primaria ""b. zanetel"" s.martino di castrozza";https://www.vivoscuola.it/content/view/full/29535
https://www.vivoscuola.it/content/view/full/29530;"scuola primaria ""card. j. bernardin"" tonadico";https://www.vivoscuola.it/content/view/full/29536
https://www.vivoscuola.it/content/view/full/29530;"scuola primaria ""f. loss"" canal san bovo";https://www.vivoscuola.it/content/view/full/29537
https://www.vivoscuola.it/content/view/full/29530;scuola primaria mezzano;https://www.vivoscuola.it/content/view/full/29538
https://www.vivoscuola.it/content/view/full/29530;"scuola secondaria di primo grado ""l. negrelli""  - fiera di primiero";https://www.vivoscuola.it/content/view/full/29539
https://www.vivoscuola.it/content/view/full/29530;scuola secondaria di primo grado canal san bovo;https://www.vivoscuola.it/content/view/full/29540
https://www.vivoscuola.it/content/view/full/141891;"scuola dell'infanzia di serso ""don ochner odv""";https://www.vivoscuola.it/content/view/full/141892
https://www.vivoscuola.it/content/view/full/30105;"scuola dell'infanzia di riva del garda  ""s. alessandro""";https://www.vivoscuola.it/content/view/full/30106
https://www.vivoscuola.it/content/view/full/30045;scuola dell'infanzia di mezzolombardo;https://www.vivoscuola.it/content/view/full/30046
https://www.vivoscuola.it/content/view/full/30175;scuola dell'infanzia di torcegno odv;https://www.vivoscuola.it/content/view/full/30176
https://www.vivoscuola.it/content/view/full/30151;scuola dell'infanzia di spormaggiore;https://www.vivoscuola.it/content/view/full/30152
https://www.vivoscuola.it/content/view/full/29801;educazione per adulti relativa al primo ciclo;https://www.vivoscuola.it/content/view/full/29802
https://www.vivoscuola.it/content/view/full/29801;istituto tecnico per il settore economico;https://www.vivoscuola.it/content/view/full/29803
https://www.vivoscuola.it/content/view/full/29801;istituto tecnico per il settore economico serale;https://www.vivoscuola.it/content/view/full/29804
https://www.vivoscuola.it/content/view/full/29801;istituto tecnico per il settore tecnologico;https://www.vivoscuola.it/content/view/full/29805
https://www.vivoscuola.it/content/view/full/29801;liceo delle scienze umane opzione economico sociale;https://www.vivoscuola.it/content/view/full/29806
https://www.vivoscuola.it/content/view/full/29801;liceo scientifico;https://www.vivoscuola.it/content/view/full/29807
https://www.vivoscuola.it/content/view/full/29801;liceo scientifico opzione scienze applicate;https://www.vivoscuola.it/content/view/full/29808
https://www.vivoscuola.it/content/view/full/29801;liceo del made in italy;https://www.vivoscuola.it/content/view/full/439666
https://www.vivoscuola.it/content/view/full/29886;liceo classico;https://www.vivoscuola.it/content/view/full/29887
https://www.vivoscuola.it/content/view/full/29886;liceo delle scienze umane;https://www.vivoscuola.it/content/view/full/29888
https://www.vivoscuola.it/content/view/full/29886;liceo delle scienze umane opzione economico sociale;https://www.vivoscuola.it/content/view/full/29889
https://www.vivoscuola.it/content/view/full/29886;liceo linguistico;https://www.vivoscuola.it/content/view/full/29890
https://www.vivoscuola.it/content/view/full/29886;liceo scientifico;https://www.vivoscuola.it/content/view/full/29891
https://www.vivoscuola.it/content/view/full/29886;liceo scientifico opzione scienze applicate;https://www.vivoscuola.it/content/view/full/29892
https://www.vivoscuola.it/content/view/full/29886;liceo del made in italy;https://www.vivoscuola.it/content/view/full/439668
https://www.vivoscuola.it/content/view/full/30027;scuola dell'infanzia di malè;https://www.vivoscuola.it/content/view/full/30028
